year,event_day,n_events,avg_daily_ret,med_daily_ret,avg_cum_ret,med_cum_ret
2016,-60,83,,,0.21529874818216713,0.021252857156115246
2016,-59,83,-0.018468098579083374,-0.01955988281698129,0.19684168706378394,-0.004301071078780971
2016,-58,83,0.000781434606366576,0.0010214738427785086,0.2049423733084527,-0.01015002399757714
2016,-57,83,0.007202699200104075,0.00903224972854888,0.21463264829743547,-0.0024211777202602924
2016,-56,83,0.002714958397407767,0.0,0.21797475100210817,0.0
2016,-55,83,-0.0014207804605401466,0.002020248336801478,0.2165704726470074,-0.0012018360340773082
2016,-54,83,0.0034847229211748447,-0.0014075453795937554,0.21618036931051854,0.003008341102241907
2016,-53,83,0.005166563994249902,0.0,0.22083481036693023,0.007220205636785826
2016,-52,83,0.006572805245288899,0.0060386242239216514,0.2245301283662244,0.0051176289373471295
2016,-51,83,-0.00028975137349106147,-0.0021246675512873736,0.22972968142380348,0.005415154227589314
2016,-50,83,-0.0075616390941197105,-0.010100952691779574,0.219954098101364,-0.0085995646746293
2016,-49,83,-0.0004101181413003812,0.00070476467806313,0.2147321785107514,0.004813392511438419
2016,-48,83,0.0004950544029606349,0.0,0.2167701665498086,0.007264000276532512
2016,-47,83,0.003929575470249155,0.0018796525793258745,0.2381136725952165,0.007264000276532512
2016,-46,83,-0.009594486483130443,-0.007211615102434177,0.20855978914404455,0.0
2016,-45,85,0.003917799554479482,0.0,0.20624417145233812,0.0024212944991981455
2016,-44,85,0.002332343423929969,0.004007954752034637,0.2035079210014335,0.0025511837063973974
2016,-43,85,-0.016097405787775205,-0.00432917044656389,0.18568667224920957,-0.00397879494207154
2016,-42,85,0.003345138964710969,0.0,0.18674757378911064,0.0
2016,-41,85,-0.012630279703451808,-0.007968119921316186,0.1709187280011947,-0.008119072241347003
2016,-40,85,0.0009173864369615458,0.0,0.17387911852958352,-0.010050241623450806
2016,-39,85,-0.003033521310544328,0.0,0.17258589314406086,-0.009487702261067765
2016,-38,85,0.01037685526216631,0.010146104147430668,0.17971925270710706,-0.005291000285156167
2016,-37,85,-0.005370263133636088,0.0,0.17066848725047704,-0.006613718819595937
2016,-36,85,-0.00466128103498999,-0.0062393922784325095,0.16307972988717487,-0.00749062934645095
2016,-35,85,0.005097488206119991,0.0027893975890793676,0.16697595554374273,-0.011450400898104007
2016,-34,85,-0.015559325195185898,-0.011363679466167786,0.1475956144518205,-0.019480523501747116
2016,-33,85,-0.009615198491054234,-0.005649717514124242,0.11317243884364608,-0.02162850806695016
2016,-32,85,0.0063544876571397235,-0.0010152516238119969,0.11429437854038962,-0.01740815304830834
2016,-31,85,0.0008637145563828735,0.004471491922650062,0.09277976763469213,-0.014884933513477527
2016,-30,85,-0.010772700181412999,-0.008893295810834756,0.07914335249704688,-0.023076961637717996
2016,-29,85,-0.0009923495158704766,-0.0005844148546267913,0.07540847995045986,-0.02713172706973821
2016,-28,85,-0.01614960953277485,0.0028091008088784175,-0.037022355489004545,-0.028368767943217854
2016,-27,85,-0.0028701724996344877,0.0,-0.040589120013553026,-0.03424228914727123
2016,-26,85,-0.008630907616186543,-0.007352934086817808,-0.04937938941860368,-0.04600488743211062
2016,-25,85,-0.0018952186524655095,-0.004651180533475685,-0.05139779545522011,-0.030769261805968173
2016,-24,85,-0.008819903265262021,-0.006839945423213756,-0.05971911855834542,-0.05569006542890331
2016,-23,85,0.006143025395482652,0.0024039012616927646,-0.05409576092256161,-0.04347824625237384
2016,-22,85,0.011354729096746018,-0.002032566814382797,-0.04497182406559111,-0.0484721153743477
2016,-21,85,-0.008988958784231851,-0.0009322181172276567,-0.05282519638255842,-0.056603722658898126
2016,-20,85,-0.0028247774802261398,-0.0011402768939405838,-0.05561843988529667,-0.056603722658898126
2016,-19,85,0.01640452900028645,0.013043448636077759,-0.04085892734117562,-0.047169768882415086
2016,-18,85,0.010612019839768136,0.007083761989470361,-0.03404440433420264,-0.03299083925919777
2016,-17,85,0.0016884226291187896,0.0,-0.03225360726562295,-0.03793474188364976
2016,-16,85,0.00648635783796314,0.0,-0.026401390710664857,-0.02980344029079751
2016,-15,85,0.008659006039905085,0.005387930857298828,-0.017873792173501237,-0.014397861073241924
2016,-14,85,0.017956639592235972,0.016145292621158935,-0.00046140125129484817,-0.0007587716327772664
2016,-13,85,-0.0038409574554656278,-0.001972431665334451,-0.004209590475604043,-0.009472218685912859
2016,-12,85,-0.0014863809601862287,-0.0019762356043001583,-0.006138229883358342,-0.009009043066040445
2016,-11,85,-0.009186724802928436,-0.0020243378068830475,-0.015514279013279376,-0.012396603059242395
2016,-10,85,0.006212832267072116,0.00802924174328612,-0.010113912506660596,-0.012178576099695193
2016,-9,85,-0.014170140181813536,-0.010619458719785979,-0.026632901648220058,-0.016666749450892193
2016,-8,85,0.005215705847436792,0.0017668249384155121,-0.022402570837014277,-0.019083981274738537
2016,-7,85,0.012295637344836664,0.0,-0.011530869662104749,-0.005813949499147264
2016,-6,85,0.001441677965086136,-0.0056401795855384185,-0.010146965360663328,-0.007060893578531124
2016,-5,85,0.010980135975826259,0.004114980843915594,9.322223200290773e-05,0.0013532109692164784
2016,-4,85,0.003556098845908999,0.0,0.0032740011601557926,0.0
2016,-3,85,-0.0017630162450709443,-0.0015048535851588385,0.0007872601686596295,0.0
2016,-2,85,-0.004207731214434177,-0.0024211777202602924,-0.003678704687173254,-0.0024211777202602924
2016,-1,85,-0.0026559500091588844,-0.005341799027191008,-0.007196775576621888,-0.005412714827564669
2016,0,85,0.0077085816997278615,0.005442171751297131,0.0,0.0
2016,1,85,0.008615166222739308,0.0020470320524359487,0.008615166222739308,0.0020470320524359487
2016,2,85,0.008424812100091775,0.0035335656299810836,0.017436590152912757,0.008877576765035311
2016,3,85,-0.0020035245003479987,-0.003489196859809307,0.015561839511671305,0.0053085804111367985
2016,4,85,0.00751588382126915,0.00268574151891543,0.02283211029898624,0.01235660584867504
2016,5,85,0.0019154885189048986,0.0,0.025286935270371,0.0063694204644377805
2016,6,85,-0.005129545537314293,-0.00542821893617218,0.020378093172674472,-0.005802748426621873
2016,7,85,0.004252414583979816,0.0,0.024425364407445204,-0.0022883818552050794
2016,8,85,-0.00038480700068506906,-0.0033500806749394707,0.024462895197548927,-0.009983430504438173
2016,9,85,5.893314107530396e-05,0.0021905261597665593,0.023722978664818338,-0.006510457715186324
2016,10,85,0.0001557851151327972,0.0,0.023326932454445132,-0.0051282001121667475
2016,11,85,0.006232819190415094,0.0030787933196949613,0.02983081366778983,-0.0013227185344397707
2016,12,85,0.0009974504246009176,0.001058225299859883,0.030609822385237455,0.006635700200733563
2016,13,85,-0.0012867135992599313,-0.002642005346497167,0.029369899929876847,0.0026954151914919677
2016,14,85,-0.009291798536442318,-0.00889674642630911,0.019886568659902442,-0.011494241848790776
2016,15,85,-0.003292546850987816,0.0,0.01641399561503457,-0.006009592817951659
2016,16,85,0.0039223345723520785,-0.001356883121543695,0.02069329135524106,-0.005412714827564669
2016,17,85,3.510353580255695e-05,0.0,0.020594450431467723,0.0
2016,18,85,0.008125911509592604,0.003804686908693178,0.0286599627691504,0.008000307945251972
2016,19,85,-0.0006044944870600014,0.0,0.02793865405947449,0.002895750496674676
2016,20,85,0.011161087626525599,0.010638429952381623,0.03944236814584645,0.011111167036458314
2016,21,85,0.0033819502235222644,0.0,0.042557727724608245,0.011111167036458314
2016,22,85,0.0004166869506328673,0.0,0.043019982446358206,0.014059740404490206
2016,23,85,0.0030298552247898704,0.0,0.046674972375863086,0.01210647249599095
2016,24,85,0.0003116480786209695,-0.002195335328547099,0.0480197172308051,0.01628988604923487
2016,25,85,0.00033862377317307263,0.0,0.049459181772380865,0.014329517204596298
2016,26,85,0.0035741456346359522,-0.0009909707729122141,0.056604812340407276,0.013630314110771868
2016,27,85,-0.006606725140816947,-0.0022599171783964644,0.047499984986239974,0.011111167036458314
2016,28,85,-0.001336192870577936,0.0,0.04633636932206689,0.0
2016,29,85,0.006953707832232894,0.007285296572601352,0.053773247253998985,0.007923960568664956
2016,30,85,0.002390647621202393,-0.0009434179124075959,0.055275833641233445,0.008573628786544107
2016,31,85,-0.0035732615357354203,0.0,0.050998765763216616,0.004975079921621495
2016,32,85,-0.0036160360108955032,-0.003853560829674585,0.04719829605590225,0.0
2016,33,85,-0.004350238909455141,-0.002341929364003348,0.041548054665665926,-0.004094259329901817
2016,34,85,-0.0006774895497873194,-0.0019028662915983041,0.0408124934039782,0.011450340231799805
2016,35,85,0.003495401453071499,0.0022685678304723567,0.04482815288387468,0.015444071689069805
2016,36,85,-0.012760479073312573,-0.007978703437103274,0.02842965022629665,0.0015174274932576726
2016,37,85,0.0030119427462445723,0.0,0.03222807153793064,0.00600966159254579
2016,38,85,-0.005598338629420285,-0.0036133661206629863,0.026688884328731257,0.00200802333903094
2016,39,85,-0.0023099023114144476,-0.0018587333751974855,0.0242657649117999,-0.0017202228054363777
2016,40,85,-0.0004953309557585681,0.0012150947069333728,0.02297401854785411,0.00401604667806188
2016,41,85,-0.011068220155294487,-0.011190199138452761,0.011392704753126934,-0.004302969685960445
2016,42,85,0.006440847210955351,0.005882394190066309,0.018068933390843273,-0.0019304312909788068
2016,43,85,0.006159606079081519,0.006000041961669922,0.02473781609557194,0.003729233099228013
2016,44,85,0.006547358299349485,0.0040322580645162365,0.03158492327115536,0.005617927362165487
2016,45,85,-0.004853423265319314,-0.004132227333881411,0.026508516124790618,0.013108556708616437
2016,46,85,-0.0027871018690880196,-0.0036101048852397177,0.023446044283826253,0.01622504857343432
2016,47,85,0.0027305889827172396,0.0,0.026611935005815174,0.00841347120988889
2016,48,85,-0.003352366037045156,-0.004115222299809096,0.024040133521498388,0.0016225358040495852
2016,49,85,0.0031947894161704717,0.002982080687858879,0.0269709094250783,0.0
2016,50,85,0.00280304450490558,0.003164629545797437,0.029378520681157212,0.007370988487393815
2016,51,85,0.0021921422505481636,0.0,0.0312961062387152,0.012722633961057772
2016,52,85,0.0031995685408597063,0.0,0.0341835537800233,0.016216157235629858
2016,53,85,0.007581289478103774,0.005093414344379266,0.041537357448316756,0.023256102950667046
2016,54,85,-0.0027480048509356727,-0.0014263515308181596,0.03932495706986184,0.023502686086339653
2016,55,85,-0.0004369788263045924,0.002533842071386072,0.0389821007760251,0.011056529594692721
2016,56,85,-0.0014230563573661246,-0.001003271804751571,0.03705034003134267,0.011628051475333523
2016,57,85,0.005526340666909664,0.003013029674755252,0.043049260406345026,0.02499997615814209
2016,58,85,0.002596496394164543,0.0,0.04550262285437377,0.020349051962573972
2016,59,85,-0.006235164263222513,-0.004504321777915377,0.037599422451011666,0.00900895714943828
2016,60,85,-0.010406408761065128,-0.0068728522336769515,0.026609449556072723,0.0036036000430956783
2017,-60,159,,,-0.01866013278249215,-0.033033002287100044
2017,-59,159,-0.005096116936195887,-0.008152165990639837,-0.026865054626029526,-0.040462457618686276
2017,-58,160,0.0043839509323614564,0.0027027000903734333,-0.02350536120591718,-0.03998176137718573
2017,-57,160,-0.0016267915309338195,-0.0021515552069544253,-0.026244234625927065,-0.04046706456327842
2017,-56,160,-0.0028403509811177493,-0.001415100738104691,-0.030010094771149513,-0.045454579615309576
2017,-55,160,-0.001474487995938286,0.0,-0.03271415044755222,-0.044185808433476526
2017,-54,160,-0.002236928230122487,0.0,-0.03751815097580789,-0.04254648619118895
2017,-53,160,0.0011866226142237494,0.0,-0.03627090255203509,-0.04602086418674134
2017,-52,160,0.003919824689871067,0.0,-0.03208623548148426,-0.039957855726783564
2017,-51,160,-0.004685764292412241,-0.0038406298004076134,-0.0376107300397098,-0.04183070298779673
2017,-50,161,0.001919434336341904,0.0,-0.03653466850959085,-0.03906249941792339
2017,-49,161,0.006065800317982237,0.0032174777606683858,-0.03382320409100726,-0.03460517546422015
2017,-48,161,-0.0033751299661496045,-0.0021322449381295794,-0.03672362207406722,-0.03629981510555358
2017,-47,161,-0.0061253107089185455,-0.004042037286461797,-0.04362164634883244,-0.039534901463708194
2017,-46,161,0.002333522593683822,0.002491337576954411,-0.042443326839354326,-0.03835619212225838
2017,-45,161,0.0002811076112212885,-0.0011049976432125908,-0.042537156873563686,-0.03846150319251662
2017,-44,162,0.0020495427402330477,0.0,-0.04119295514399298,-0.045608104298461405
2017,-43,162,-0.0042639271393351994,-0.002949396190513931,-0.04558955269398321,-0.04558403441834108
2017,-42,162,0.009619324466690836,0.005102542505980967,-0.037049050713728805,-0.03255803091829457
2017,-41,162,0.0021433597829366674,0.0,-0.035981316981842475,-0.03783288928527506
2017,-40,162,0.0008443490901158222,0.0,-0.035624483895826606,-0.041923512964738396
2017,-39,162,0.00023541431381212131,0.0,-0.035621186163819624,-0.03395784111808153
2017,-38,162,0.0018050377182208166,0.0020783757182287754,-0.03412098099629059,-0.032059156973035186
2017,-37,162,-0.0005132974484579193,-0.0005601227713432078,-0.03569442096072911,-0.031939294038840216
2017,-36,162,0.006361164357808471,0.0046724951571204265,-0.030017246410049127,-0.030851722465143228
2017,-35,162,0.0018416496193493113,0.0,-0.027895084639472087,-0.02946749883539823
2017,-34,162,-0.011146239646112176,-0.007560819900275573,-0.03860709290745118,-0.04545460949259217
2017,-33,162,8.158730196869583e-05,0.0,-0.04215195837498821,-0.04784156273017326
2017,-32,162,0.013016702052157181,0.012108640114134817,-0.030141414223798072,-0.035492507183443656
2017,-31,162,0.0013196358019150914,0.0,-0.02915387271138939,-0.03480322473633757
2017,-30,162,0.006051377138442346,0.0035585468857908253,-0.023913241060749848,-0.021213850667161194
2017,-29,162,0.001344424673824624,0.002095811546229176,-0.02306221694949014,-0.02084317892641785
2017,-28,162,-0.007058353761411962,-0.005726555071633166,-0.03106234444182074,-0.02761821527393188
2017,-27,162,-3.0379086071558793e-07,0.0,-0.031918886615516374,-0.027059788880899882
2017,-26,162,0.0017371234413024385,0.0014676634308619096,-0.030254378251011977,-0.022672409418757145
2017,-25,162,-0.0018548112281959767,-0.0029895939693566076,-0.03217976735511828,-0.025803172291341214
2017,-24,162,0.0104784336926763,0.005519741029294867,-0.022659757305193547,-0.017650126934383448
2017,-23,162,-0.0015487185361340325,-0.0017347382087703478,-0.02417293950571035,-0.009335525073564666
2017,-22,162,0.001716512846461412,0.0,-0.023409625303448426,-0.016858964182803526
2017,-21,162,0.0009653089315760715,-0.001029103266151521,-0.022576954353578454,-0.016779784525551844
2017,-20,162,-0.0012580480502119176,0.0,-0.024037025474742686,-0.017191010371551962
2017,-19,162,0.007587380805576241,0.003744082941314786,-0.017066637978755596,-0.008655903981192259
2017,-18,162,0.0008379622358448649,0.0,-0.016645012935809427,-0.01377286274391365
2017,-17,162,0.0006809155990148124,0.0,-0.016009195638394272,-0.008478272261871478
2017,-16,162,-0.006340172816011459,-0.00587481237205667,-0.022737875426231385,-0.018360240827784258
2017,-15,162,-0.01849496610517385,-0.01575430622346724,-0.040735931895583895,-0.03307701292624465
2017,-14,162,0.013583617544658724,0.008833476216892122,-0.028518692298005417,-0.020484527826014676
2017,-13,162,-0.00219484461771664,-0.0012469112607288446,-0.03117973720730985,-0.01790421801554931
2017,-12,162,0.0029383271125852646,0.0,-0.028528419568048573,-0.020115977734499968
2017,-11,162,0.006783636074672897,0.0053579962113795565,-0.022455663727004117,-0.011262755869410612
2017,-10,162,-0.003535489296426612,-0.003802368230680364,-0.02607223646965218,-0.011811031899957358
2017,-9,162,0.006176461005583088,0.0038168814193295653,-0.02090510454077863,-0.007622180561530523
2017,-8,162,0.0027089345312460607,0.0,-0.018572013571822338,-0.00887314795101346
2017,-7,162,-0.0010288316374796591,0.0,-0.01973379047716389,-0.009536249289907095
2017,-6,162,-0.005472535574146464,-0.004759446323612637,-0.025238717982546288,-0.015781933492207634
2017,-5,162,0.007201063506803642,0.005777174535078755,-0.019317616364832473,-0.009345808390621824
2017,-4,162,0.008631974335204452,0.0043820131521988825,-0.012235628464749064,-0.002773376685839879
2017,-3,162,0.0016648865128758904,0.0,-0.010908308918484303,-0.0029233065655341894
2017,-2,162,0.006813302651677787,0.003926729101128901,-0.004647828478672562,0.0
2017,-1,162,0.0011949597072474878,0.0,-0.00426952704339944,-0.0012766175533971968
2017,0,162,0.004726968652250774,0.001278250329076358,0.0,0.0
2017,1,162,-0.0012305394653302274,-0.0014997018228355974,-0.0012305394653302274,-0.0014997018228355974
2017,2,162,-0.0014824874586088315,-0.0012299622815737932,-0.0028229128096874437,-0.0021806759548805843
2017,3,162,-0.002120154827868924,-0.0019076139366567824,-0.004871329907737861,-0.002969517967210733
2017,4,162,-0.005412979984885085,-0.0051724377541924604,-0.01015870794567125,-0.009179705320919884
2017,5,162,0.0018951818595667274,-0.0005217486449454745,-0.008191796338819892,-0.009116050140247856
2017,6,162,0.006368874969820678,0.002506861316895259,-0.0015853565617231125,-0.006165134300515129
2017,7,162,-0.0019159655757350236,-0.0005387540676317637,-0.003528140358954528,-0.00887314795101346
2017,8,162,0.004426710706543871,0.0,0.001090839464941877,-0.0072959112393845005
2017,9,162,0.00040393721236647244,-0.001092696839783247,0.001622249426554545,-0.008102191656472246
2017,10,162,-0.00377933424241958,-0.0033016503806733155,-0.0018323553107774397,-0.006528826889751094
2017,11,162,0.0057767700125189465,0.004116564220010055,0.003800031588454387,-0.004620649515163833
2017,12,162,-0.0002676511372902071,-0.0027392155778234173,0.0032642472152203937,-0.0018328258293512367
2017,13,162,0.005608660931692632,0.002514452605521633,0.008507650582454255,-0.00254452679221151
2017,14,162,-0.004649875968211118,-0.0039660448425715145,0.00416886129535943,-0.007947796126182738
2017,15,162,-0.004274038078992578,-0.0030898176631483643,-1.0732565717005057e-05,-0.010064565357630562
2017,16,162,-0.01557951956017637,-0.01502351777682015,-0.01648899655305797,-0.020840832338388682
2017,17,162,0.0037607471788984235,0.0022521963774337905,-0.012858539474650894,-0.024164578604066456
2017,18,162,0.004633831769023959,0.0016387819300380801,-0.008179357975907908,-0.01969448725211087
2017,19,162,-0.002749219174878723,-0.0029180008377462374,-0.010858310449000066,-0.025695616247031927
2017,20,162,0.007146729612109712,0.004065103884549948,-0.004190727241732787,-0.018769706422359755
2017,21,162,0.010057656482639439,0.006510128441360008,0.005878977738354073,-0.011458896554304543
2017,22,162,0.0025216328637130436,0.0030305360130195025,0.008427839181142921,-0.011360268054146083
2017,23,162,0.002750874515548011,0.001063844066446551,0.011516352705049976,-0.011329225260778564
2017,24,162,0.0010750161295524276,-0.0024070540697057607,0.012461614664893582,-0.013850732573964852
2017,25,162,0.004359422083333049,0.0018013244108390225,0.0170171601622089,-0.003468701839185906
2017,26,162,-0.005890904865248498,-0.005037778534604964,0.01064649943055157,-0.011063116656742977
2017,27,162,0.003354166852026733,0.0010010759462510954,0.013933887377630771,-0.005928801049494115
2017,28,162,-0.00040187761942827796,-0.0018323945824416654,0.013478479732605993,-0.0033332594226684886
2017,29,162,-0.0048803445203611,-0.002205911770058966,0.009077017140166652,-0.009179138759962124
2017,30,162,0.0025285091335405427,0.0,0.011268254918068557,-0.009999945612906957
2017,31,162,0.0020322644364485416,0.0,0.013721113459328938,-0.0047393544863415515
2017,32,162,-0.0072280686740838155,-0.0061930084508685646,0.0054971494265384484,-0.01233038619342941
2017,33,162,0.008842009876913692,0.004615046793000399,0.01560251250868999,-0.006485058041879266
2017,34,162,0.003776928446527263,0.003269383384719826,0.01955272068669386,-0.0044944742809049365
2017,35,162,-0.0009039375036645511,-0.0017903068673237876,0.017612849641280553,0.0
2017,36,162,-0.0022713207389943287,-0.0018661245646757196,0.015699393811301487,-0.0022958087738392807
2017,37,162,0.00164677550783243,0.0,0.017607421950973787,0.0
2017,38,162,-0.0031404431159464093,-0.001677356245311734,0.013942694026056584,0.0
2017,39,162,-0.004867296927126485,-0.005109533175896519,0.008748459680067338,-0.003292994942108496
2017,40,162,-0.0039003590373015077,-0.003195545648653486,0.004643014135428065,-0.008799254809125467
2017,41,162,0.005386157279274938,0.00166023747500732,0.010604813115444423,-0.005978229271497437
2017,42,162,0.007246876202928504,0.0036800357533193218,0.017228748368498234,0.006036531413263657
2017,43,162,-0.0016287541148585895,-0.0013723033578647015,0.015437126030238094,-0.0012329563046635794
2017,44,162,-0.002097194860096973,-0.003736010118105204,0.013565689979877055,0.0
2017,45,162,0.0031143413834389382,0.0,0.01726051214265817,-0.006137635331482039
2017,46,162,0.0018369797084913067,-0.002166476394930672,0.01903108569658906,0.0016632249020858136
2017,47,162,-0.00044937846097853064,0.0,0.01848348364266475,-0.008866931491454177
2017,48,162,-0.001621468063839031,-0.0021226131435136963,0.017111400445296347,-0.009537008686400172
2017,49,162,-0.0031900636043977583,-0.003372690989696614,0.014460358192420966,-0.011083099138071872
2017,50,162,-0.004189331399748396,-0.0019264570108556978,0.010065125666332433,-0.012243559112319391
2017,51,162,-0.0011972778660274404,-0.003484317373521062,0.008650869470051928,-0.013309721926520246
2017,52,162,0.004790139032583914,0.0016582257745122453,0.014144386203854916,-0.011659561841188382
2017,53,162,-0.002565871426411772,-0.002791802587402137,0.010671054081203302,-0.010878688465961739
2017,54,162,-0.009564451556399652,-0.012057723700994338,0.0015002872712760599,-0.02239081700249168
2017,55,162,0.002833278144160645,0.0018495649383410973,0.0032221091417043626,-0.019176624338290094
2017,56,162,0.0019326982010845991,0.0014372685066434965,0.0034383095776631453,-0.021708504315690824
2017,57,162,0.0008748170635603041,0.0,0.004107891970930373,-0.021708504315690824
2017,58,162,0.0017249151381747026,0.0014401983433645071,0.00581717928769875,-0.019520874719863524
2017,59,162,-0.006916994413501476,-0.004642372238709003,-0.002044164091303461,-0.02415295765144493
2017,60,162,0.00042380485433880837,0.0,-0.001388886132150972,-0.02407286431767841
2018,-60,213,,,0.14659789412876606,0.103105578141643
2018,-59,213,-0.006364148137326753,-0.004801524315917294,0.13759677181019508,0.10285717192150301
2018,-58,213,-0.01734146341474615,-0.00914071866134103,0.11670234352599307,0.08558561332142722
2018,-57,214,-0.020848101949131323,-0.0196471435695853,0.09093658233035519,0.06501502302580198
2018,-56,214,-0.0028749705766689115,-0.0025692322671875267,0.08787230816530754,0.055383260072773166
2018,-55,214,0.0013195382516596995,0.0,0.08837536029051267,0.05672476661149284
2018,-54,214,-0.0026592773094869515,-0.0013281413222065996,0.08513798355449045,0.05224852611848807
2018,-53,214,-0.008490068729312067,-0.007764690825999676,0.07520642215566652,0.03946453646976855
2018,-52,214,-0.008702327919588216,-0.008894522154905937,0.06481676113743431,0.03642087764504964
2018,-51,214,-0.014206680746316676,-0.01140706868904462,0.04821375318154067,0.029670811251889306
2018,-50,215,0.0011829162156483566,0.000486373886928515,0.04904177923957844,0.033975035113402274
2018,-49,215,-0.0016719582564625145,-0.0013494942308494018,0.04834895802932242,0.026584850644075342
2018,-48,215,-0.00240809643814441,-0.0024691922002160194,0.04357875061363158,0.02596195984540306
2018,-47,215,-0.01047527073080509,-0.007924493753685091,0.031338047918235995,0.02050108610249346
2018,-46,215,-0.005504566042311664,-0.0032195749528308726,0.025008818604196393,0.015334913246043191
2018,-45,215,0.003144114783538867,0.0032894705884014552,0.028000700586648598,0.019607896626012256
2018,-44,215,0.015796870653092893,0.013929180353710713,0.043867856703420596,0.0240811342095566
2018,-43,215,0.0015543146119344718,0.0017730902692498773,0.04523311478224997,0.024333723680440178
2018,-42,215,-0.011720692839634379,-0.011428560529436416,0.03316870750462865,0.015081219972949755
2018,-41,215,0.018445779017727152,0.015393303097038125,0.050937522963853954,0.030120462984001728
2018,-40,215,0.006487880972698567,0.002230462245493614,0.057436262833292166,0.03785484525298566
2018,-39,215,0.004275659129383943,0.0,0.06094362619227758,0.03349290647660097
2018,-38,215,-0.0008688646361995103,-0.002409693651091449,0.059082214029668345,0.03629028769239073
2018,-37,215,0.0034815003298663575,0.0,0.06275216306251333,0.03801653087973689
2018,-36,215,-0.0014096119710458493,-0.0036036173502603797,0.060220038286797714,0.0379008377528236
2018,-35,215,0.007235409648110391,0.005847947508874407,0.06695866722443285,0.04539326871379035
2018,-34,215,0.008763241925223902,0.006249944120647832,0.07484938510043117,0.05446121214324662
2018,-33,215,0.013120385647360996,0.00985220749181659,0.08853264996791199,0.06210394716243095
2018,-32,215,-0.001692290926457934,-0.0030927267549901716,0.08673086054160896,0.06696628184800746
2018,-31,215,-0.0011301616751347,-0.0014451197646795366,0.08527189969311834,0.06395339682142587
2018,-30,215,0.0001984698060919194,0.0,0.08520754723121485,0.06735747164770811
2018,-29,215,-0.0024639871138753535,0.0,0.08200499122812377,0.06569345479222655
2018,-28,215,-0.0011092018551275356,0.0,0.08014955068920226,0.06422015252539337
2018,-27,215,-0.002081628256908719,-0.0048622705733205596,0.07793242159790237,0.06028833961304314
2018,-26,215,-0.011697492093661058,-0.013913885266477077,0.06520260626501335,0.05488291627594122
2018,-25,215,-0.007029539641699491,-0.004444475527162872,0.057549176753699714,0.04844296107811874
2018,-24,215,-0.008183216956912561,-0.006771991923863796,0.04858778785010854,0.04411765027199421
2018,-23,215,0.017037040040489768,0.01569710895972687,0.0658748058033983,0.05952381222696812
2018,-22,215,-0.007694255470404436,-0.004457683465575957,0.057562154310269294,0.05769237983348874
2018,-21,215,0.009044262239976505,0.007142850452539706,0.06617789983347884,0.05917433327691901
2018,-20,215,-0.0024511295489383165,-0.0029304002176473443,0.06316156682470103,0.0555230839340386
2018,-19,215,-0.008695129682500139,-0.009671177875642645,0.053041129494728424,0.047493381651487976
2018,-18,215,-0.002204467641494081,-0.002201049486725948,0.049925843052528514,0.04000011116847291
2018,-17,215,-0.020376355294773753,-0.019305001534071664,0.02819286348405098,0.012468755871280157
2018,-16,215,-0.015428627933788226,-0.0086956252959971,0.011795105562857202,0.002277869490782347
2018,-15,215,-0.006580066338488366,-0.0026315764707210976,0.0043277732537168115,-0.0014346249502477093
2018,-14,215,0.007665899938895374,0.006793490541980862,0.011149471172951135,0.0070921919858044635
2018,-13,215,0.00014848888122011248,0.004559302455348968,0.011227512601685346,0.0027854904081796583
2018,-12,215,-0.00045140350446637857,-0.0009680763751882537,0.010197359357578388,0.0022471567218222965
2018,-11,215,0.0053762406501159975,0.0017809507817492243,0.01485599266632526,0.007194237817389482
2018,-10,215,-0.0011584804450615479,0.0,0.012994610838949367,0.0067158781389990985
2018,-9,215,0.018830664333166994,0.016176419645858697,0.03178358600925189,0.024269704068644593
2018,-8,215,0.002410107286522998,0.0012284824600317101,0.033849084036552644,0.028878397688841817
2018,-7,215,0.0031826301037476863,0.0,0.03687935777943765,0.031011259957645754
2018,-6,215,-0.006452529565743995,-0.008620722256998503,0.029709594206368872,0.021709677982868714
2018,-5,215,0.0010566718731483062,0.0,0.030349254019963773,0.024269704068644593
2018,-4,215,-0.005624260429951516,-0.004219438712376067,0.023738831141631254,0.017426408641062263
2018,-3,215,0.0033287235023281617,0.0031894860678784998,0.026866349748087392,0.02034586071387623
2018,-2,215,-0.01601004079793864,-0.016366596145236056,0.010095645353645866,0.0061855512795989664
2018,-1,215,-0.005741730416870494,-0.004800033569335893,0.0038981109771937033,0.002915449057909525
2018,0,215,-0.0034887874207490547,-0.002906973923522793,0.0,0.0
2018,1,215,-0.014854523192637144,-0.013333320617675781,-0.014854523192637144,-0.013333320617675781
2018,2,215,-0.0011462894846013595,0.0,-0.015882898887578635,-0.013562908414907926
2018,3,215,-0.005947742384811317,-0.003412965950654212,-0.021598800834526824,-0.01821573717714442
2018,4,215,0.017686922871867215,0.013377913620550297,-0.004513975085748537,-0.004995023935224108
2018,5,215,0.007133248368202063,0.004830913423070182,0.0024570813890265777,0.0
2018,6,215,-0.003914340940343773,-0.0030674817461688875,-0.0013458893869290071,-0.004999995231628418
2018,7,215,0.010877065608117195,0.007692300168250066,0.009136545835178615,0.0068695438058008484
2018,8,215,0.007712037873058271,0.007079639146523986,0.016503047936003015,0.009732330009211365
2018,9,215,0.0023454626808479765,0.0,0.01866328715692045,0.01400003433227548
2018,10,215,0.01969797139553615,0.017587982745204123,0.03862744314170246,0.03211006013725681
2018,11,215,-0.010432422846933008,-0.009188425373490183,0.027723920254507015,0.021621600258574514
2018,12,215,0.004874606476656605,0.004104009001641984,0.03261350084062882,0.02698648070160692
2018,13,215,-0.0055651655367417235,-0.00288600020518448,0.026921238603818985,0.022189291930702293
2018,14,215,0.0022934773727464226,0.0026990528121939583,0.029303711035114338,0.025487267518653933
2018,15,215,-0.0250925735879798,-0.026011604507406583,0.003203489427157974,0.0
2018,16,215,0.0020144362611917367,0.0,0.0052047704560722954,0.0024690744626516548
2018,17,215,-0.0006571997684367866,0.0,0.004542167178410619,-0.001962659952200241
2018,18,215,-0.023972992583163762,-0.018361598282739644,-0.019500117767946124,-0.026425577324462934
2018,19,215,-0.0016152936753193652,-0.002118591629062694,-0.020764646657456424,-0.021709613283117712
2018,20,215,-0.004759586976482441,-0.005852817274327071,-0.025372206781188098,-0.023643960876096437
2018,21,215,-0.004283318420131651,-0.0023838446895403376,-0.029379096845785057,-0.026239111030974094
2018,22,215,-0.012269565647591676,-0.007042247017941761,-0.04118794422947593,-0.036423806553163685
2018,23,215,0.001488519311442422,0.0014005923065596448,-0.040250169268929235,-0.042553214424603025
2018,24,215,0.009795073198851704,0.008849535705075962,-0.030520106078194085,-0.037300183637354434
2018,25,215,0.012169169517146819,0.008849549119871458,-0.01893525925824014,-0.025617963812324396
2018,26,215,-0.009484980579966275,-0.008143276056180704,-0.028434814703658426,-0.03389827426361236
2018,27,215,0.004831495482201376,0.00224966291529749,-0.02358739602103457,-0.031435351819455115
2018,28,215,0.008108851989686859,0.0034403362445554198,-0.01620951993253895,-0.022222258851686716
2018,29,215,-0.015190764333425814,-0.012307680570162294,-0.030973508800377914,-0.03552631372560089
2018,30,215,-0.007410885099225963,-0.0040927330536756346,-0.037908038965646706,-0.03820226433571805
2018,31,215,0.0008902873903403411,0.001901093461891934,-0.036725916249027525,-0.04324961362535795
2018,32,215,0.0005268950592589335,-0.0014814802151483786,-0.03608495996298428,-0.04579024278477406
2018,33,215,-0.007326241461741952,-0.005244741836697986,-0.043103716809705504,-0.04919841802882008
2018,34,215,0.011479819316871441,0.01128348688072367,-0.03149250424714743,-0.036319673161427146
2018,35,215,0.007182369941404102,0.0017036165377852797,-0.025484300669472347,-0.02805378656067259
2018,36,215,0.0055881108141383725,0.003278763704508858,-0.020463161139027717,-0.02659576221956539
2018,37,215,0.017325137648497628,0.007462679264300887,-0.004856714141550465,-0.011429464608871509
2018,38,215,-0.0025170411147502412,-0.0045249326990771666,-0.007382103170086809,-0.014184383971608927
2018,39,215,-0.00041400722874909045,0.0,-0.008044482583724968,-0.017525118794486705
2018,40,215,0.005368931009277716,0.004651180533475685,-0.0031159589791775804,-0.010339759506439061
2018,41,215,0.0010757816809275874,0.0018518059014955845,-0.0016314887117504073,-0.010929032697641783
2018,42,215,-0.007958464849004051,-0.010416739102864003,-0.00924149861328438,-0.01719578246360698
2018,43,215,0.008039869189036427,0.007874015748031482,-0.0015153525209406346,-0.010019983204628713
2018,44,215,0.0026874142613082237,-0.0011521000610879018,0.0014014363317355236,-0.010238897851962525
2018,45,215,0.006311117664936535,0.004016060411629274,0.0075519971109730775,-0.008587088611273996
2018,46,215,-0.00040409809252835036,0.0016948732005155343,0.006400931317580658,-0.004280944421068855
2018,47,215,0.005933901815035064,0.0038387863492701513,0.01232628814551402,-0.004071676858478646
2018,48,215,0.0005683183276784556,-0.0012738537791289195,0.012969336224748704,0.0
2018,49,215,-0.015129371274206153,-0.013363016890443835,-0.0015323530501074301,-0.013353068072256224
2018,50,215,0.0023388128083559165,0.0,0.0007279795395184047,-0.01063828775385156
2018,51,215,0.00169415809610685,0.0,0.002790731561955967,-0.007417702812972271
2018,52,215,-0.0013068681211216941,0.0,0.001160144779692289,-0.014598526172921567
2018,53,215,-0.0035419410474272087,-0.001815395889543936,-0.0023566215671210217,-0.006329137991299971
2018,54,215,0.003772754507933149,0.004056791404241089,0.001816294807165918,-0.0038023199740929714
2018,55,215,0.012122620820322338,0.010101000370632551,0.013556855776078475,0.006329077632166724
2018,56,215,-0.0031264708359140347,-0.001984077801659545,0.010564091135683256,0.005464456790708727
2018,57,215,-0.004218189140979481,-0.005464475534834423,0.00637391459042462,0.0
2018,58,215,0.0007744031371385932,-0.006199533746060082,0.007044190829405108,0.0
2018,59,215,0.0025742254821602495,0.003478257552437247,0.009825873407029033,0.0
2018,60,215,-0.0067543613482597,-0.00558658697003811,0.0013667935424335647,-0.00445099910830038
2019,-60,304,,,-0.03844491130325114,-0.036747791959912735
2019,-59,305,-0.005041547892914761,-0.003685276662188708,-0.04402194779317575,-0.04150198429283303
2019,-58,305,-0.0023979153999282646,-0.0014640508098741067,-0.04641331546712315,-0.041656380320906794
2019,-57,305,0.009448790650469613,0.007547222774366924,-0.03832066496933298,-0.03063064332461507
2019,-56,305,0.018000559396371307,0.015939562010671926,-0.021027405880705008,-0.021153780906155717
2019,-55,306,0.010049440245459944,0.007418426176974302,-0.012613927473798893,-0.009856547387596726
2019,-54,306,-0.0013712216069977816,-0.0017540749803048317,-0.01408354904435631,-0.011379520088976247
2019,-53,306,-0.0056387148278589224,-0.007511081136519437,-0.01983504744997534,-0.014190129031735221
2019,-52,306,-0.0046108979287516625,-0.0033060078017335126,-0.025245427610810514,-0.024300507592020848
2019,-51,306,0.004374293964749156,0.002761954452850768,-0.021352236954014604,-0.013373094605037772
2019,-50,306,-0.003342863864321757,-0.004171808224241902,-0.024482510850408812,-0.02471140733943894
2019,-49,307,0.012559339767991028,0.013613667366696447,-0.012930731551399548,-0.001923029309897406
2019,-48,307,0.001727087926966328,0.0,-0.011009398781103458,-0.0049341666690194685
2019,-47,307,-0.004826213201989851,-0.006000041961669922,-0.016157360751619335,-0.00865932818730808
2019,-46,307,-0.0025493069844952183,-0.0029455053076400395,-0.019063782815485836,-0.01127193675217053
2019,-45,307,0.0043808058399788154,0.0011324855114951404,-0.015387538449240934,-0.010854464691218313
2019,-44,307,-0.021686911651516528,-0.022806954728744055,-0.037371931808364185,-0.03762377228599878
2019,-43,307,-0.0011339795107318965,-0.0017177604571083638,-0.038632574637726305,-0.03309570461966849
2019,-42,307,-0.00014960734543806762,-0.0023193122350355644,-0.03904709225806588,-0.03175376845793143
2019,-41,307,0.0016389439857578943,0.001623305372253192,-0.03783620525071122,-0.03571429150676808
2019,-40,307,0.0065718787801045606,0.004909939822527631,-0.03236201528556484,-0.028254262087028192
2019,-39,307,0.00816900196314486,0.00653594160147164,-0.02511673068849375,-0.01639342660450327
2019,-38,307,0.0016368071386700517,0.0,-0.023722886921871505,-0.013794061555985948
2019,-37,307,0.002693386383994035,0.0,-0.021337445278265674,-0.01426303855697797
2019,-36,307,-0.009776536365534147,-0.009125866322891918,-0.03097584592558555,-0.020771480623750338
2019,-35,307,0.00798579427566319,0.007011386921639495,-0.02351216742088291,-0.00887575439256827
2019,-34,307,-0.00922050037432356,-0.009459612552396024,-0.03295538576903647,-0.026763954135271217
2019,-33,307,0.003983486670057944,0.00434784288292267,-0.029808674667678586,-0.021739157066863357
2019,-32,307,0.006995731902369843,0.004092067868442628,-0.023965966658944828,-0.010042998262424496
2019,-31,307,0.005790198700563342,0.003344515740963949,-0.01875327547523129,-0.010152288311364943
2019,-30,307,-0.001301083274402084,-0.0013605104999219186,-0.020370555488586437,-0.01202182090308268
2019,-29,307,-0.000456292198957315,-0.0016937424419853908,-0.021438730904281778,-0.013544660861918745
2019,-28,307,0.0023213887798562835,0.0029784036443849526,-0.019228592172538663,-0.00488997070424535
2019,-27,307,-0.005827159417120786,-0.005305034755357818,-0.02581888570563942,-0.015122882195697018
2019,-26,307,-0.003792468744931723,-0.0054274033207794,-0.029732208483083517,-0.022693403945665658
2019,-25,307,-0.01517125545940521,-0.01696424853740841,-0.044990758844167575,-0.04044122513138659
2019,-24,307,-0.017185170549630247,-0.01767902987715586,-0.06206111855306217,-0.058601111136711626
2019,-23,307,-0.010709299271215668,-0.011643815322448292,-0.0724852449246678,-0.07793915633204496
2019,-22,307,-0.00021292719134255626,-0.0010373681043240879,-0.07313770656601858,-0.07161803243833398
2019,-21,307,0.007183208471486521,0.005549410595416582,-0.06676033640653582,-0.06802722577930842
2019,-20,307,-0.006306156011335463,-0.00712585193112536,-0.07294678265484067,-0.07198979355837054
2019,-19,307,0.010418751686635686,0.009877982878414127,-0.06456551409713941,-0.06366048030529725
2019,-18,307,-0.009037769702730106,-0.009191211435466529,-0.07338815957784912,-0.07142856303945877
2019,-17,307,0.005684874856449257,0.003470712640086804,-0.06861744174624693,-0.0681817902677968
2019,-16,307,0.0014906859290268425,0.0,-0.06744976301934609,-0.06662315021603438
2019,-15,307,-0.00042301728058412183,0.0,-0.06839410919916332,-0.06690134667044667
2019,-14,307,0.029164341134295262,0.02542369423494306,-0.042174622855948925,-0.04109578545342285
2019,-13,307,0.00015743975955889052,-0.0018018429798489777,-0.042419369094674066,-0.035897443003490515
2019,-12,307,0.004872394552485564,0.0020450366369892947,-0.03802093810112402,-0.033033002287100044
2019,-11,307,0.0009601662908030211,0.0,-0.037284300056948994,-0.033663380172903934
2019,-10,307,0.005325363255940923,0.0005440821185227485,-0.032611070073632425,-0.030303001841675226
2019,-9,307,-0.002229077950196328,-0.008547000709448138,-0.034913207733375515,-0.03448275652073296
2019,-8,307,0.011155258273783391,0.010859717962692805,-0.02515629778634699,-0.022641576995792834
2019,-7,307,-0.004922495706230771,-0.00530972100992122,-0.030305525092094134,-0.026438507619791274
2019,-6,307,-0.00146334598120765,-0.004069712912525447,-0.03200564256158809,-0.027152767757352758
2019,-5,307,-0.0017193244420437952,-0.0034285409109933163,-0.03408720203069573,-0.03248737422391734
2019,-4,307,0.01411584440905612,0.012195152343662974,-0.021076244129202965,-0.018867995824705996
2019,-3,307,0.002787973394720004,0.0,-0.01882724592208157,-0.01886790634044322
2019,-2,307,0.013472138640476732,0.010130271086415954,-0.0061673742050944854,-0.009462827452557554
2019,-1,307,0.00788855179461339,0.005405400180747089,0.0010648492961799778,-0.0025477683018455544
2019,0,307,-0.00017209774132239533,0.002554276005285905,0.0,0.0
2019,1,307,0.012250859723213025,0.008237184923179264,0.012250859723213025,0.008237184923179264
2019,2,307,0.0008808385730818098,0.0,0.013137178877864931,0.0072202097704794355
2019,3,307,-0.00205451760693482,-0.0022173455375444906,0.01096648667697826,0.006779654441774419
2019,4,307,0.0028359680265634267,0.0030395108143479455,0.013893602045666564,0.01176469433266436
2019,5,307,0.004240838029144469,0.0022271941986240495,0.01814688909205899,0.012704118315149948
2019,6,307,-0.008612462954443387,-0.012433474121695376,0.009220607699860493,0.0005479577469498231
2019,7,307,-0.0038766506127566134,-0.0033670001235441838,0.004923530655755776,-0.00398407888246699
2019,8,307,0.0031385427508766836,0.0015649439423370826,0.008122203910450725,0.0
2019,9,307,0.001464965047565029,0.0,0.009547738257532112,0.0
2019,10,307,-0.0049785170513407355,-0.009041625467966496,0.004617515283064878,-0.007777849833170536
2019,11,307,-0.005989127329476298,-0.005008302857679614,-0.0014060446349760383,-0.015276158747882795
2019,12,307,-0.00928954334614012,-0.00872092177056838,-0.010650759688389461,-0.02173910977784832
2019,13,307,-0.009787257720540865,-0.009090900224102638,-0.020365800456713386,-0.026315764707210976
2019,14,307,-0.0006144315260222919,0.0,-0.021089927801543635,-0.02909088134765625
2019,15,307,-0.0028202281766207,-0.004651180533475685,-0.024207112151454335,-0.03591683374045762
2019,16,307,0.004983184577451668,0.0034482724601392345,-0.019265905061926165,-0.02975725143454422
2019,17,307,0.004005811726804047,0.0027700805412327334,-0.015351542681939261,-0.03146257469029512
2019,18,307,0.011588888997454633,0.006904536537854833,-0.0036864235650808956,-0.017491445675213324
2019,19,307,0.001386878895647073,0.0008904584291551387,-0.0022434751062897903,-0.017617202837205137
2019,20,307,0.008027709182763,0.007407400212333881,0.005817346347087303,-0.01202182090308268
2019,21,307,-0.005972090057963173,-0.004047395032592771,-0.0001666493576593944,-0.015151500555948827
2019,22,307,-0.0008764768434710816,-0.002066162926976145,-0.0009173967332837111,-0.02142849519949841
2019,23,307,-0.0003103140151269237,-0.0015173626128850426,-0.0016358288041851523,-0.01745199027917943
2019,24,307,-0.00476920115747578,-0.004664196780726493,-0.006153186422199798,-0.024390284875953183
2019,25,307,-0.00382455455292158,-0.005065463762268796,-0.009906343605543294,-0.026905803706885
2019,26,307,0.0070613891142992016,0.005300390568396596,-0.0029010989908924826,-0.01807227228493835
2019,27,307,0.00013700062178938747,-0.0017605197793821858,-0.0023690834416416695,-0.02242150308907087
2019,28,307,-0.003575636167782932,-0.002645500142578139,-0.006038908022385756,-0.026905803706885
2019,29,307,0.0019664965199923563,0.0013459258563768284,-0.004623850970616994,-0.02152464443833313
2019,30,307,0.006647465231727094,0.005714280264718097,0.001523105510001801,-0.018604633970175866
2019,31,307,-0.011623528029973133,-0.010638287978706695,-0.010520611057618104,-0.031727432491402974
2019,32,307,-0.0038687451950828473,-0.003105587072796623,-0.013990066032429945,-0.032902547487040246
2019,33,307,-0.004927918111499311,-0.004838666757111865,-0.018869068082642142,-0.04125412580207588
2019,34,307,0.005962428520207744,0.006263091867905635,-0.013222548034730833,-0.030287482877433214
2019,35,307,-0.0016398523382067712,0.00196458776913655,-0.014234390336031327,-0.030687546009369626
2019,36,307,0.003424870920731572,0.0033898272208872093,-0.010949975890786189,-0.02841923996393314
2019,37,307,-0.010217363311059137,-0.010244959403925336,-0.021529029135615732,-0.039014386383018684
2019,38,307,0.0036204538062860974,0.0018921909499642897,-0.018080921056093765,-0.03351952182022866
2019,39,307,0.002469280816518034,-0.0022163310309281092,-0.015735727816199387,-0.03529877633295875
2019,40,307,-0.01334987194315296,-0.015584401107996193,-0.028673632889787935,-0.044217725139714115
2019,41,307,0.0016120442234757503,0.0021051859657481575,-0.027168379664269344,-0.04585153747711079
2019,42,307,-0.0012775950851285597,-0.0009354038482467519,-0.028256723447729126,-0.05301644844174058
2019,43,307,0.004939027888757124,0.0019305461801615298,-0.023411969962494165,-0.04842103656969576
2019,44,307,-0.012026103502078478,-0.011940287460221466,-0.035655576546585625,-0.06394318404914523
2019,45,307,0.001161406957378967,0.003164553858114205,-0.03465578753322581,-0.05484455674671862
2019,46,307,0.0011759802522916293,0.004144446261325596,-0.03353955484062711,-0.052795054280579734
2019,47,307,-0.005307785157228666,-0.00731987986710847,-0.03877461968767342,-0.05590064135337636
2019,48,307,-0.0016352219247857936,-0.0023214747093092125,-0.040379675727450624,-0.06148409250978104
2019,49,307,-0.004118445041173116,-0.0022523037731887463,-0.044123716677568654,-0.06687400308216274
2019,50,307,0.008907216029209838,0.009615452214343234,-0.03566442037280197,-0.059001479594716355
2019,51,307,0.0007822349809227929,0.0,-0.03479830118951058,-0.05576864631711176
2019,52,307,-0.000404588829514705,-0.003062704418408946,-0.035334603003444716,-0.0612648115188027
2019,53,307,-0.0016866234008037712,-0.001694954020371564,-0.03680957441737829,-0.06278031556355845
2019,54,307,0.001950304435977005,0.001949269360935979,-0.035043604908668625,-0.05998900099125448
2019,55,307,0.0017970144050595944,0.0,-0.0334691911470105,-0.06032905600796967
2019,56,307,0.002983267129077509,0.0028571401323591594,-0.030452992131737168,-0.0622083404679693
2019,57,307,-0.0008480519061101954,-0.0006012220106896837,-0.03155262924712093,-0.06342187195713023
2019,58,307,0.00396944527548138,0.003952565445193956,-0.027647548261386126,-0.05983894690828229
2019,59,307,0.00310535426773955,0.002531643216377999,-0.02431863270060982,-0.05705700395044555
2019,60,307,0.00531906113928081,0.0008425114244883236,-0.019473584160227278,-0.05146204961894851
2020,-60,255,,,-0.06347238431549557,-0.05198653842278933
2020,-59,255,-0.005980585500081823,-0.006206907075026913,-0.06966774302293967,-0.0633074658408389
2020,-58,255,-0.003405566231004591,-0.0042918415410722055,-0.07345732085136662,-0.06024101764582557
2020,-57,256,-0.005679144107613276,-0.008741209044000664,-0.07888024569383069,-0.07142858609079272
2020,-56,257,0.016347183387959416,0.010723850307905236,-0.06659817719599868,-0.06484718564406677
2020,-55,257,0.004959519155132499,0.001742778968902181,-0.061653919219425174,-0.06117646834429569
2020,-54,257,0.0038307036249407536,0.002506263268008846,-0.05834596290516059,-0.05542175335866617
2020,-53,257,0.006923561984681449,0.005509627784334947,-0.05222332402539932,-0.04889976533550211
2020,-52,258,-0.0029902714372064547,-0.0036496315432303916,-0.05554046400967031,-0.05066346437667929
2020,-51,260,0.006272719013651662,0.0012623323096868644,-0.052910815830274786,-0.052109144264943286
2020,-50,260,-0.0005558875958922836,-0.0018211643046400217,-0.05380649599896798,-0.05100672762888103
2020,-49,261,-0.0017850468013160925,-0.006110023446085522,-0.056195495773574355,-0.05217386436822857
2020,-48,262,-0.0016157533756741456,0.0,-0.0595026992081142,-0.05090353853432089
2020,-47,262,0.0030005736232077435,0.0011648046115135813,-0.057589823820549196,-0.04776829491577461
2020,-46,264,0.013268941404955435,0.011182364676957657,-0.04812151157968431,-0.030089747026587954
2020,-45,265,0.013272705762040607,0.008611432517066864,-0.03764892153724145,-0.015384589171768659
2020,-44,266,0.02676495309707766,0.020833291581288105,-0.01248048397631893,0.0076719909746809645
2020,-43,266,-0.0014061829550725538,-0.0018443885828425821,-0.015197478368355822,0.004279266979937857
2020,-42,266,0.011482807456691169,0.0061012271780896965,-0.005946999557070455,0.009400137169077949
2020,-41,266,0.016203372773136555,0.005553037761413915,0.008313891095179174,0.021500197026657952
2020,-40,266,-0.007161752080856492,-0.009079060912021542,-0.0003797374475096758,0.015772376792628107
2020,-39,266,0.015451860276339985,0.009541958273113993,0.014364698301182616,0.01933706460616813
2020,-38,266,-0.007611173865589701,-0.009029414693493276,0.005599200679884335,0.009219747417079316
2020,-37,266,-0.0005470560508382615,0.0,0.0037370500119241123,0.012396228188370717
2020,-36,266,-0.02631784207887454,-0.02082904943945424,-0.02291580467354978,-0.023168105633299185
2020,-35,266,0.005566945959091097,0.0,-0.018746915025705642,-0.016263518931977028
2020,-34,266,0.015364838312625499,0.008055021158610787,-0.00424280589621667,0.002553994066835208
2020,-33,266,0.005813780971907814,0.003072411886716142,0.0007387365361330716,0.009309067823386363
2020,-32,266,-0.0057545914142470974,-0.006015372049222867,-0.004848159351360014,0.0009934434543215076
2020,-31,266,-0.0011825767572256748,-0.0033793800365224946,-0.0069715758105617035,0.0
2020,-30,266,-0.016460195051792095,-0.015094629599859466,-0.02376446902552471,-0.01919229981353704
2020,-29,266,-0.008596387151326717,-0.008610053594039213,-0.03312153904652489,-0.029005465186276003
2020,-28,266,0.005814089055729475,0.0026428049155968747,-0.028068286315616583,-0.025622040759022968
2020,-27,266,-0.0001632303071716173,0.0019739834190043437,-0.02910086461829634,-0.01869467053479612
2020,-26,266,-0.00747289522043878,-0.007181298754457166,-0.03664796587174544,-0.023534075591430836
2020,-25,266,-0.0008189549843507375,-0.0014688058160840511,-0.03772544288731453,-0.025740385765683216
2020,-24,266,0.0033518024649407,0.006184310067757659,-0.03523635135758669,-0.02955158507351846
2020,-23,266,0.015022380419996843,0.010268255986909947,-0.021514625237633495,-0.013384392948319779
2020,-22,266,0.006448432967861788,0.0027597232080468492,-0.016047788557851852,-0.008625013027102224
2020,-21,266,0.008288951385490831,0.0024248431155692307,-0.008772602107318717,0.0005440380432033542
2020,-20,266,-0.002958904390485606,-0.004667215408447667,-0.012241180335695608,-0.007768587502338387
2020,-19,266,-0.0004523782776503598,0.0,-0.013436662834134602,-0.005295520550631205
2020,-18,266,0.001469255716601634,0.0,-0.013334769301809329,-0.0123533874522328
2020,-17,266,-0.003563369552404747,0.0,-0.017122909826637046,-0.006490224794518273
2020,-16,266,0.013892828474361596,0.0,-0.006503532309681502,0.0
2020,-15,266,0.0022391104149650093,0.002618085658728009,-0.006080163528201959,0.0016307121329289798
2020,-14,266,0.013225930000951082,0.01091113433524793,0.006498402988398978,0.01535176065487931
2020,-13,266,0.003200883787109321,0.0,0.008527492995962758,0.013047312259420907
2020,-12,266,4.944967700006051e-05,0.0,0.007872781339474387,0.011373004153185762
2020,-11,266,-0.0023067803197341246,-0.00479058641925828,0.004937362734923316,0.006779397353731231
2020,-10,266,0.0015555866765492783,0.0,0.006241470226066659,0.008049974422617234
2020,-9,266,0.0038974095757931134,0.0,0.009186913735681876,0.009999990463256836
2020,-8,266,-0.00496213098670249,-0.00510682950098218,0.0037854450052089185,0.010398088904595149
2020,-7,266,-0.004501394150240709,-0.005538861356188807,-0.00167408859654173,-0.0015504307911862192
2020,-6,266,0.0051999955393880965,0.0012091627791089854,0.0026979452375755645,0.006779666610506108
2020,-5,266,-0.0005250712951727097,0.0,0.0015936286129304106,0.005581160644049898
2020,-4,266,-0.0013973220598495525,-0.0032046412991111883,-0.0005163543429080804,0.001711723774046603
2020,-3,266,0.00804313093696707,0.002705482167788764,0.006546411210743986,0.007142850452539706
2020,-2,266,-0.0014137528332822038,0.0,0.004476483288951992,0.005093203106057986
2020,-1,266,0.004359506034583692,0.0,0.008091789330882932,0.008884166632279755
2020,0,266,-0.0074492861159518855,-0.008805931334485984,0.0,0.0
2020,1,266,-0.01849378501304362,-0.0198220560169452,-0.01849378501304362,-0.0198220560169452
2020,2,266,0.002005438060102633,0.0036429814062328703,-0.016562507069255786,-0.015441503490082387
2020,3,266,-0.006334859247145008,-0.006815327968080098,-0.02281209557078968,-0.023206961605913734
2020,4,266,-0.013870328700816415,-0.009597692097142008,-0.03636207257189351,-0.030425952720379956
2020,5,266,0.002080055943661677,0.0,-0.034213436857985446,-0.028013196951168218
2020,6,266,-0.008167996218269455,-0.0017614916117666413,-0.04107913128954585,-0.029253354246300434
2020,7,266,0.000898542618162902,0.0,-0.03995941876931618,-0.026022609487880488
2020,8,266,-0.008032872652070588,-0.003072363392864985,-0.04680680141808479,-0.0323022390296962
2020,9,266,-0.006642132098655964,-0.006779654441774419,-0.052374711431666526,-0.034191057574337436
2020,10,266,0.015324420864671439,0.010601217585355482,-0.03940494290025193,-0.034213248309815036
2020,11,266,-0.02016576226863042,-0.015656111955317298,-0.05814106887867199,-0.04852825098388314
2020,12,266,0.0016569533748623507,-0.0035873142223101784,-0.05842473154121305,-0.051285802247688195
2020,13,266,0.010528423547120653,0.005371569819121902,-0.04968838848151374,-0.04535169903651909
2020,14,266,-0.012384411364330297,-0.012843034619667959,-0.06251272713588774,-0.06373860842134121
2020,15,266,-0.0034060181623853146,-0.0034498154341071063,-0.06597020673304232,-0.06295026338949955
2020,16,266,0.00013324051600042223,0.0,-0.06540150010443335,-0.06250003363109247
2020,17,266,0.008323414132179786,0.004706494909010539,-0.05820367231597544,-0.0549447159187742
2020,18,266,0.003690456135433645,0.0025422902071968734,-0.05421690174376174,-0.052448516431109204
2020,19,266,0.012365802568723171,0.009266752225672859,-0.04206732448011069,-0.0474366126001895
2020,20,266,0.010661032040506072,0.009503772649895548,-0.03161766747975025,-0.03460966952421812
2020,21,266,0.0053269606676872435,0.001347791207934712,-0.026550928955587583,-0.03100490884800927
2020,22,266,0.002702198171407408,0.0,-0.024618221514712917,-0.03270766188645746
2020,23,266,-0.0032138042267950005,-0.001342261397598521,-0.027951612019266384,-0.03794117993837537
2020,24,266,0.009193660825521397,0.007265038359267284,-0.019260026747186364,-0.030077423625271327
2020,25,266,-0.0020563860249962125,-0.0014542434757728873,-0.02136037327885812,-0.039487235772800944
2020,26,266,-0.006019086466764854,-0.003988232270797865,-0.02728734587764958,-0.04368372692631589
2020,27,266,0.0009571332907993146,0.0,-0.026081883416569678,-0.040546569739347116
2020,28,266,-0.0011520722396624813,-0.0013813891089252683,-0.027604086182045847,-0.040556553575103405
2020,29,266,0.0037320621616764704,0.0,-0.023522276892141782,-0.039454332574813955
2020,30,266,0.0020803609660681507,0.0,-0.020620701128177828,-0.03974687787817838
2020,31,266,0.00355176855295564,-0.0003331315771121779,-0.016394673572799723,-0.04515252769121214
2020,32,266,0.0009357336002669477,0.0,-0.015761376587667207,-0.0309127861156977
2020,33,266,-0.008166894214008335,-0.009110086933752204,-0.023752340229664947,-0.050423721150471223
2020,34,266,-0.0013108149023504305,-0.0036569328487986996,-0.02438623872334748,-0.05475613213103242
2020,35,266,0.00010270727618488002,0.0,-0.024199603856180613,-0.057989107324825984
2020,36,266,-0.0010520678128984435,0.0,-0.02647754305131925,-0.055942012074265246
2020,37,266,-0.008044661710049257,-0.0046784198607849325,-0.03414448772885483,-0.05952706963087173
2020,38,266,0.008524685981648203,0.007290084936669938,-0.026380448851979564,-0.047852495303503384
2020,39,266,0.0111881654323805,0.007117515562811816,-0.014818825056146621,-0.04236792011259749
2020,40,266,0.016525885124246208,0.01154256174541013,0.0024454675367207566,-0.03351373683296982
2020,41,266,0.0018778540980589394,0.0,0.0041625388230841715,-0.03262855421907007
2020,42,266,0.0006604275285656838,0.000980377197265625,0.004333731431397057,-0.032522492557517046
2020,43,266,1.5464781035615583e-05,-0.0010187261042930995,0.005002604852424162,-0.024703350125862777
2020,44,266,-0.0026960799041717905,-0.003148546196987345,0.0039055850140312237,-0.02736009796332045
2020,45,266,0.0047868814536234,0.0,0.008771857725461123,-0.02690006878741802
2020,46,266,0.003717016005967292,0.0,0.013875783474813799,-0.02486185552887432
2020,47,266,0.0041226192775156,0.0027604339247802034,0.01991959657798027,-0.019045220737210045
2020,48,266,0.00708353982989618,0.002475396624709081,0.03270618095512787,-0.01632651504205196
2020,49,266,0.004719430451882921,0.0008006282858241676,0.03900678285545651,-0.007991301862114608
2020,50,266,0.0005669070388017587,-0.0018229513027615551,0.03918713443096372,-0.010000003182222161
2020,51,266,-0.009677037884083575,-0.007619119411502617,0.02733754264372292,-0.012940108831027697
2020,52,266,-0.0010987508169142501,-0.004045109514415446,0.024250609890056698,-0.02710615265203653
2020,53,266,0.006793480517980175,0.004938117533695774,0.03129284107149729,-0.014598540145985384
2020,54,266,-0.01103342016710792,-0.0078987021252247,0.018591229752388805,-0.01755251848243089
2020,55,266,0.002008617585836609,0.0,0.020984870454093578,-0.017177921586025102
2020,56,266,0.0006464923061050317,0.002286383084922128,0.021964617643970365,-0.0044701862371354095
2020,57,266,0.0068365703259947955,0.004555858881748698,0.02603110923003575,0.003563087406068588
2020,58,266,0.003828025997213147,0.0005025240740469394,0.026566061104655345,0.010132122019494982
2020,59,266,0.0012918664161341617,0.0,0.028904222690324517,-0.008163296446508261
2020,60,266,-0.006054031717329716,-0.007784827714752751,0.021509301439478642,-0.00820708348262661
2021,-60,292,,,0.013577268134078398,0.008756974920519744
2021,-59,292,-0.0013653354685302305,-0.002005231178380029,0.010639319698527055,0.005273086721603204
2021,-58,294,0.0021089593699047467,0.0,0.011905197756510316,0.007235594185364347
2021,-57,294,-0.002947167616016286,-0.00455066333046239,0.0075136229300727326,0.01091395848202259
2021,-56,296,0.002289446576437255,-0.0021192102906741894,0.010551180747661404,0.016779178845914178
2021,-55,299,0.005542218518134346,0.0,0.01537532095852503,0.01889169953229719
2021,-54,301,-0.00333477611714304,-0.004444461398654509,0.011290625281440462,0.01711483917180967
2021,-53,303,0.005886234490506305,0.0,0.014813930237560538,0.006453719406795511
2021,-52,303,0.0032589154944632367,0.0,0.017182439555883857,0.014724743764132908
2021,-51,303,0.0020400151530528834,0.0,0.018656180179892314,0.012111966470862878
2021,-50,303,0.005444618124445086,0.003009000217422342,0.023226196733507756,0.013333320617675781
2021,-49,303,0.005047360785412045,0.0022779565343908903,0.02881299140062114,0.01830277079668452
2021,-48,303,0.001370725198174144,0.0,0.02951699890489785,0.02148108073978472
2021,-47,303,0.0045490550062266474,0.0,0.0333953541878172,0.019047600882393878
2021,-46,307,0.0003899662933502404,-0.001612863282630106,0.03361076756814251,0.00900895714943828
2021,-45,308,0.0008153067281157354,-0.0032840846950465963,0.03189972533408969,0.015726015872278398
2021,-44,308,0.0005687861225331378,0.0,0.03094563979721474,0.015426062556391673
2021,-43,308,0.0024101658648966002,-0.0012869235599976547,0.03217881723336225,0.016845723325244588
2021,-42,308,0.0035543432880174707,0.0,0.03494925591850133,0.025940239325361603
2021,-41,308,-0.005971201742906593,-0.007150126436898607,0.027907209012690025,0.021492991875395995
2021,-40,308,-0.0011692813575483257,-0.0018666640775703014,0.025633294915406418,0.01463417115250265
2021,-39,308,0.006856175454205027,0.0,0.03114458886177316,0.01584740628469994
2021,-38,308,0.000404271019761028,0.0002768612729112663,0.02998626356965375,0.015343677238299547
2021,-37,308,0.001605404419689505,-0.005043425707504712,0.030132619284843787,0.01977802327387379
2021,-36,308,0.00933983198379098,0.005527819950643553,0.038539542958573675,0.025085571883600943
2021,-35,308,0.0031319046221785335,0.0,0.040482595514287775,0.03275206368900907
2021,-34,308,-0.0023467431374362196,-0.004540290572967676,0.03717182122722425,0.027551445177377953
2021,-33,308,-0.0077605868955020274,-0.010546545512734484,0.028385540071696917,0.021486454096101726
2021,-32,308,0.008214828725942178,0.0,0.03669290675088521,0.02532048106620255
2021,-31,308,0.0024921209288524637,0.0,0.03844267355098489,0.02929966877723511
2021,-30,308,-0.012467831390234146,-0.010285033715686065,0.023189494858413876,0.018493243835911777
2021,-29,308,-0.0249866963425514,-0.02150832903275457,-0.004519465052473279,0.0
2021,-28,308,-0.02288824088976197,-0.019319620406960503,-0.027393375080567623,-0.02771854676107599
2021,-27,308,0.009989516157478385,0.006389229100223437,-0.017891204665693383,-0.02614488327693565
2021,-26,308,0.020137334972277095,0.011261313215645719,0.0008217469458253865,-0.0121963583427378
2021,-25,308,-0.0003677374527125893,-0.004158082002570562,6.150872468441473e-05,-0.015419886861057941
2021,-24,308,0.007566219230337516,0.00765895796663163,0.006245127038161423,-0.004925610111696399
2021,-23,308,-0.0017998726472379448,-0.001464262731327215,0.004505480550936297,-0.0006666819254557144
2021,-22,308,0.007218927850746861,0.0,0.010930104049533613,0.0014756221503985367
2021,-21,308,-0.0025800191671189955,-0.004938062505120744,0.008543642153175773,-0.0027041070071615048
2021,-20,308,-0.0003420976317096832,0.0,0.008113129553323231,-0.006403871392311744
2021,-19,308,0.006270074084935321,0.005317142952152354,0.01443640886150348,-0.0028035136596847865
2021,-18,308,0.01967738105380434,0.009216797779237007,0.03354293457109143,0.010023303061486022
2021,-17,308,0.00552110937507282,0.0,0.039024508789030715,0.010863936378101902
2021,-16,308,-0.006231603215654966,-0.005810343075268454,0.028960344077525894,0.008199206613078602
2021,-15,308,0.00015063210916560236,-0.0034512372044394612,0.028711189078363904,0.006638867568227291
2021,-14,308,-0.005570117107438249,0.0,0.019914455127010917,0.007495656143046925
2021,-13,308,-0.008200127619626858,-0.00896573125948319,0.010746833516033755,0.0
2021,-12,308,-0.005451170153104229,-0.0004655593890839915,0.003399604626881238,-0.0006393764579510353
2021,-11,308,0.0018013936073467637,-0.0024184057915611623,0.004724605464037799,-0.0018983476897919127
2021,-10,308,-0.018504672097629026,-0.016129004106257838,-0.015116852598650211,-0.015269050144416041
2021,-9,308,0.015665462558758468,0.011368448937138065,-0.0002680841547023739,-0.01023733518524722
2021,-8,308,0.001902021632430721,0.0,-0.0003077353821818657,-0.004756691176055594
2021,-7,308,0.008917458575640663,0.005376330486780656,0.007759927259953724,0.007691918688906285
2021,-6,308,-0.014733264978246114,-0.011299799686397383,-0.008936612883327585,-0.0029431936322493746
2021,-5,308,-0.00248814336960279,-0.0003333536783854396,-0.012488468517533316,-0.009888920901454379
2021,-4,308,-0.009116636497913848,-0.005310124103049985,-0.02241821191945078,-0.019327712843404454
2021,-3,308,0.0022910001037861425,0.0,-0.021317444245481307,-0.014301469199275496
2021,-2,308,0.00761414204173192,0.006690016323729231,-0.015135361248895076,-0.008987873390924717
2021,-1,308,0.015603963449569469,0.009501181279820359,-0.0008549737894278534,0.0
2021,0,308,0.0017586292061521375,0.0,0.0,0.0
2021,1,308,0.0009310120662733986,0.002642005346497056,0.0009310120662733986,0.002642005346497056
2021,2,308,0.01081984373136505,0.006805821440180493,0.011738753594777369,0.012209989447491298
2021,3,308,0.004648132637166745,0.0,0.016234476806200545,0.014360166825693854
2021,4,308,-0.0015420843468636387,-0.0019167637839939689,0.014513883198997324,0.012129293686190756
2021,5,308,-0.0016983265670606445,0.0,0.012548610556360633,0.009562174744076057
2021,6,308,-0.002552676712073143,-0.0010044264942810077,0.01014796374045026,0.006005990640207015
2021,7,308,-0.018603130403129314,-0.016536409563059573,-0.008838729447455129,-0.01321243093097868
2021,8,308,-0.01604598760134576,-0.014661875955776449,-0.024559657881065546,-0.023600650268582046
2021,9,308,-0.008650189308574807,-0.009814628367431188,-0.032882322035565355,-0.030914301299562852
2021,10,308,0.009847414436430715,0.005836919157288678,-0.02393173658024465,-0.024433762262504155
2021,11,308,-0.0101189111260963,-0.012513866178759936,-0.03304740763026607,-0.03225804619532213
2021,12,308,0.007396817547989281,0.004653470895648382,-0.026353580639286268,-0.030355373486633697
2021,13,308,0.0036183230884915163,0.0,-0.023525149798324027,-0.024565834059440406
2021,14,308,0.0002492726330006565,0.0,-0.023882605499292987,-0.02394154418681732
2021,15,308,0.0018874761770480415,-0.00213382855737837,-0.021358825391562274,-0.025029717430771148
2021,16,308,-0.0006180597948379615,0.0,-0.02281302203193792,-0.02905278892456631
2021,17,308,-0.0032849485651916376,0.0,-0.026551246742770408,-0.02802216606828345
2021,18,308,-0.0027047439614315246,-0.001616328515521459,-0.029470661546240708,-0.02668155291223906
2021,19,308,-0.005171834269542324,-0.0038466352174229,-0.03418222731754583,-0.034698978784547585
2021,20,308,-0.001836435946547327,0.0,-0.03585231759194221,-0.03534001908181034
2021,21,308,-0.0021686069553023503,-0.0015095352354314584,-0.037452294334207006,-0.03293572375144288
2021,22,308,0.008213374528159989,0.0061350380997817755,-0.03048745852771647,-0.029539976144287827
2021,23,308,0.002765772090343917,0.0036166329417204324,-0.02771833206346968,-0.029563586337552072
2021,24,308,0.0049846836075028,0.0010459492435797024,-0.023096441856695144,-0.0238862899936938
2021,25,308,-0.0019034635541045298,-0.0042399621342189,-0.024999690784162785,-0.026520915726243433
2021,26,308,0.001989386232570563,0.0,-0.02372314126948826,-0.030251348580840665
2021,27,308,0.00461501996478915,0.0011904580252510844,-0.019673485186465223,-0.023588626137048263
2021,28,308,0.001974534644729103,0.0,-0.01829351527151735,-0.0237481465434366
2021,29,308,0.0019162707127300094,0.0,-0.01596022104444238,-0.021100655664875623
2021,30,308,-0.0033947913498095237,-0.004264407809080162,-0.019240739806695387,-0.021692531018910888
2021,31,308,9.359716081571474e-05,0.0,-0.019588695324372914,-0.025910626533876657
2021,32,308,-0.00805522996832495,-0.006111640870930746,-0.026930236610607255,-0.036672925782745
2021,33,308,-0.0032655491618252767,-0.002304773209200528,-0.030626241374719577,-0.040594642782439905
2021,34,308,-0.005944976040280201,-0.0015768742125683577,-0.03559226682521829,-0.04483356247864623
2021,35,308,-0.01397661133970173,-0.009667421310343205,-0.04826316079275586,-0.05432697714168938
2021,36,308,0.0010170389478111003,0.0,-0.04718503551113543,-0.04608946256460861
2021,37,308,-0.005975788151257854,-0.00452511252194715,-0.05264591424197417,-0.047032135790005536
2021,38,308,-0.005268572440151765,-0.005964232725127416,-0.0564963585169891,-0.05695952955864442
2021,39,308,-0.00553309006019584,-0.005781078013647745,-0.06176676052225143,-0.05686497924187234
2021,40,308,0.0037389683864093334,0.0,-0.058866080638249746,-0.05500335989699989
2021,41,308,-0.010303672582925319,-0.009731945054507474,-0.0679707148990286,-0.0597297522863216
2021,42,308,0.0039584891476466925,0.00451488625140084,-0.06439884037786442,-0.054056288958382326
2021,43,308,0.006009143963328161,0.0,-0.0595361756925299,-0.04961614069133241
2021,44,308,0.007958624894563442,0.004133366772872571,-0.05249279453786685,-0.04226204461749805
2021,45,308,0.00613714961400092,0.002423802280374532,-0.048497678550139096,-0.034136832396160055
2021,46,308,0.0041295569361812735,0.0,-0.04413215309674566,-0.03599072426662003
2021,47,308,-0.004908100284587381,-0.005468233729730654,-0.04780678503500973,-0.039363125729043325
2021,48,308,0.008625659971021925,0.005342554303091163,-0.04028859126086656,-0.03298911164410817
2021,49,308,0.002671212675599643,0.0013365337484504414,-0.03750996746374596,-0.03002250564969644
2021,50,308,-0.002578481448318828,-0.0029240140287862815,-0.03920900237903775,-0.03149802354706949
2021,51,308,-0.005816081052022785,-0.0027548823818641655,-0.04509557643979569,-0.037153640700574364
2021,52,308,0.001076486267334894,-0.0010457307642905422,-0.041674203029138296,-0.038075066803407
2021,53,308,-0.0021644633439956464,-0.0027625230545550994,-0.043897816041879,-0.042260982598677665
2021,54,308,-0.000399342613640587,-0.0019564307948118365,-0.04534453182293147,-0.04183063873224585
2021,55,308,0.0011770194284029963,-0.0011977149589375014,-0.044660497706874386,-0.039904634574994324
2021,56,308,-0.004974119997864744,-0.008693205249737435,-0.050106101011333656,-0.043321823605596665
2021,57,308,-0.0020013293589943963,-0.0035040888748646415,-0.051808250497900034,-0.04822358685522066
2021,58,308,-0.0027496003529905236,-0.00043591315074847925,-0.054769250347302866,-0.04708987884521493
2021,59,308,-0.0005773889730490858,-0.0015486104869255057,-0.0554214342787818,-0.04491700070186544
2021,60,308,0.0006742078486512891,0.0,-0.05393225275375824,-0.04910126189512187
2022,-60,30,,,0.006698302195230547,0.027584031885178772
2022,-59,30,-0.010036299579281208,-0.0014705867915830173,-0.004268862550959204,0.005928914245150629
2022,-58,30,-0.006123768508803818,0.014066198594255841,-0.014172954549408505,-0.01960782480441492
2022,-57,30,-0.033750796128846225,-0.004088187950402999,-0.04632298086150672,-0.02989547263763198
2022,-56,30,0.039029211739620394,0.001934206434147212,-0.01559113932360791,-0.00579907965805998
2022,-55,30,0.014894937302565192,0.007722037292863915,-0.0016166130505774867,0.0036036173502604907
2022,-54,30,-0.009704331264667606,-0.014771048103390805,-0.01023527530743773,0.003952584367008294
2022,-53,30,-0.011356629020050635,-0.011985916658585893,-0.02132578248667071,0.007905168734016588
2022,-52,30,0.020571114055036577,0.01530610755402484,-0.001190710946052953,0.011857753101024882
2022,-51,31,-0.015214573556511986,-0.029829576040024786,-0.025852205562284493,-0.01976284644576498
2022,-50,31,-0.007167502102936618,-0.007339442798700024,-0.03193165275672126,-0.03754936301338774
2022,-49,31,-0.024351341637110422,-0.02584127374213563,-0.05513982978651719,-0.0561797752808989
2022,-48,31,-0.0024791587999073513,0.0018297981944930264,-0.05846140486744745,-0.03557310852452178
2022,-47,31,0.02067108532132869,0.01063828775385156,-0.03906595508857638,-0.031620524157513485
2022,-46,31,-0.014542001588511048,-0.02140670753856222,-0.05348030651159131,-0.03557310852452178
2022,-45,32,-0.014738109672138703,-0.011577413237717438,-0.05520727829180227,-0.04940711611441262
2022,-44,32,-0.012177119071767696,-0.00826452034781,-0.07023099319698137,-0.04940711611441262
2022,-43,32,0.012681648372782215,0.002348788043812222,-0.05718859489423601,-0.05138337060327858
2022,-42,32,0.026304912997301273,0.044324307828336185,-0.03757729513784053,-0.0010341498245022285
2022,-41,32,-0.01719974062886768,-0.014618627396503325,-0.054529577012430344,-0.022779862508575
2022,-40,32,-0.021135205952222007,-0.012011943553934756,-0.07579084652747065,-0.03920321762141621
2022,-39,32,-0.03858062182832596,-0.03747537469994999,-0.11235014307035202,-0.0607459992829153
2022,-38,32,-0.010842627838687734,-0.01032758393672878,-0.12153998592641665,-0.0628853091254804
2022,-37,32,-0.0015194440480375514,-0.002825236248695129,-0.12281387530299828,-0.06554622176111635
2022,-36,32,-0.007949931252544881,0.002392399352277197,-0.12707496091119802,-0.07563024817237463
2022,-35,32,0.013199056649182007,0.011593897303709189,-0.1175060785521843,-0.07563024817237463
2022,-34,32,-0.003209206981944032,0.0,-0.1205511346280351,-0.07387384638056027
2022,-33,32,0.023372089750253455,0.010202789948194124,-0.10358372028399263,-0.07043728463551291
2022,-32,32,-0.023813541880148878,-0.012667251561350512,-0.12485888785801805,-0.10148673082065363
2022,-31,32,-0.021925469599859537,-0.019489213956925266,-0.14457728106830955,-0.13753877075622334
2022,-30,32,0.006256711340676659,0.006916143344679049,-0.13994724089115285,-0.12450591753046447
2022,-29,32,-0.04631001790046202,-0.04497042875956769,-0.17528246455531588,-0.16023010578519675
2022,-28,32,0.01905170099497464,0.02146989029351354,-0.16163982151401277,-0.155456173336331
2022,-27,32,0.027471626051304317,0.02173907873721581,-0.1400072765925644,-0.12885385370036434
2022,-26,32,-0.008347041951634934,-0.004213285616340046,-0.14750167362523514,-0.12707360617250074
2022,-25,32,-0.039612828873538,-0.03537735721741597,-0.17838587859309105,-0.15309473532690066
2022,-24,32,-0.02325117021816225,-0.01862330521639577,-0.19752377377422042,-0.18162678888602962
2022,-23,32,0.019275626590140628,0.021874799872826034,-0.18950334956215764,-0.17588928813374294
2022,-22,32,0.02067461282749104,0.023775758671758185,-0.17397415543142422,-0.16874176026622267
2022,-21,32,-0.006654957991678152,-0.005593034324462176,-0.17815889745752264,-0.18774704123476782
2022,-20,32,0.03669607640486619,0.04405057039304494,-0.15230729332685589,-0.13043475638633872
2022,-19,32,0.03192445559770696,0.028387069702148438,-0.1268988093452668,-0.10800648805524382
2022,-18,32,-0.010788565483848184,-0.006699715248343785,-0.13633030209141522,-0.13593597454229472
2022,-17,32,0.005403269904536278,-0.0003748501162550433,-0.1318943410807242,-0.14078884512876444
2022,-16,32,-0.013219017130361162,-0.015151500920837613,-0.1425369716265499,-0.14031617960922116
2022,-15,32,0.04424742046941102,0.05313777386741314,-0.11015567637548646,-0.09436771993569165
2022,-14,32,0.04401131759622877,0.03575123372917188,-0.07474921834455275,-0.07438011392388877
2022,-13,32,0.024918554055038504,0.025847884145856148,-0.05474964654644933,-0.0568812002306594
2022,-12,32,-0.004509783626176711,-0.012456867540105054,-0.062127018831926756,-0.07375372314263273
2022,-11,32,-0.02160711529071791,-0.013081416947058,-0.08218811784828586,-0.08376426196752773
2022,-10,32,-0.001168017462686577,-0.0033215228515878215,-0.08461846609588833,-0.09541849808173591
2022,-9,32,-0.003686137012969274,-0.005045018493090747,-0.0888774792770014,-0.09549473947486581
2022,-8,32,-0.003471026732784318,0.0,-0.09239666812475142,-0.0877560746090606
2022,-7,32,0.010598374402658428,0.009747960091455954,-0.0834735592802012,-0.07559069988078843
2022,-6,32,0.013050654195840235,0.014151043126324536,-0.0720943616186306,-0.05432591556826666
2022,-5,32,-0.009999377568335091,-0.006085177316494272,-0.08109920378986805,-0.061793796204323626
2022,-4,32,0.0006907995317628514,-0.001157433852368328,-0.0797288276355049,-0.06693013554584265
2022,-3,32,0.04878377875628365,0.04159441385524465,-0.03786018488912356,-0.0283535137522688
2022,-2,32,0.0415470018463244,0.028421123263334125,-0.0002435844615780794,0.0026762551019411385
2022,-1,32,-0.0011519706313874688,-0.008627033269739959,-0.002822276362788024,2.665028412246473e-05
2022,0,32,0.004252990800890172,-2.284861283380346e-05,0.0,0.0
2022,1,32,0.03429973557340977,0.011375352203658373,0.03429973557340977,0.011375352203658373
2022,2,32,-0.01057881205023559,-0.01294972428009794,0.02299893943602336,0.01079469733978311
2022,3,32,-0.004156227125243408,-0.016620642307205113,0.017214590587598954,-0.009881423222882546
2022,4,32,0.036451219162268955,0.03484847290872117,0.05738778780064854,0.027437766957019827
2022,5,32,0.020993594994904538,0.012938981939138672,0.07848454041965812,0.06126486921543739
2022,6,32,-0.011594999825516976,-0.010164133969920663,0.06407452365052152,0.023698363349599183
2022,7,32,-0.0004383826258770422,0.002905378143601478,0.061632559458059136,0.03162059954678975
2022,8,32,-0.0040680141714706415,0.0035526831306958995,0.05764303594101854,0.043478277258538256
2022,9,32,-0.005791235325873164,-0.008486987702035431,0.05121574175145585,0.037549438402664004
2022,10,32,0.012265364884555097,0.013333347865513323,0.06404811939015405,0.051383445992554844
2022,11,32,0.0013290415971053508,-0.0035484213031863887,0.06414616221952521,0.035128671655558774
2022,12,32,-0.016195662090932317,-0.010703178831271087,0.04554875544550953,0.013711630191299728
2022,13,32,-0.005071624129129877,-0.0014377668822705414,0.03952181320114456,0.029623848715414014
2022,14,32,0.023199592412183695,0.025014513393124216,0.06500865222457324,0.03501219141266765
2022,15,32,-0.015950229991219554,-0.01773049677369498,0.048162789230254334,0.008637056846442615
2022,16,32,-0.0005116099884663362,0.006359525354392215,0.04872678119579074,0.023122493141226275
2022,17,32,-0.006740782776674382,-0.00658496287132998,0.04190603110771954,0.022858243319762883
2022,18,32,0.0035681773568435743,-0.0006241982171663607,0.045413023737805244,0.025691722996277422
2022,19,32,0.02218231270365954,0.011062054389456177,0.06839065427042249,0.0488113288566685
2022,20,32,0.013388485002820843,0.0010080395128800879,0.08318911537957283,0.06466934800102264
2022,21,32,0.004627058091746156,0.0011743202059841806,0.0887751103537682,0.10250297153841414
2022,22,32,-0.014754039021903635,-0.010563353559512212,0.07215992018300803,0.07215512971458382
2022,23,32,0.025224056335579424,0.022312969205243394,0.10032171986658646,0.09310300610057698
2022,24,32,-0.0008337636108743766,-0.0018676166414043904,0.09859984914438424,0.09429164753246544
2022,25,32,0.009618037605036336,0.00837988045505722,0.10864758233989694,0.0807645274351998
2022,26,32,-0.006550283837938608,-0.005701803368933611,0.1006752329833932,0.09757033298151352
2022,27,32,0.013722693584380934,0.017596075094995278,0.11708837023392668,0.10271184131628242
2022,28,32,0.0020479435046501654,0.0008189799429017541,0.11958456635673957,0.09870331701834767
2022,29,32,-0.005363321195267758,-0.00493385749387748,0.11256002300980408,0.10670448910763153
2022,30,32,-0.015314591034317985,-0.010891920967012247,0.09564519000554131,0.0767574088872871
2022,31,32,0.004343889326173678,-0.0016920216024182144,0.1006178781338543,0.07620428671204471
2022,32,32,0.007463009498626737,0.011697967449146529,0.10970921738784514,0.09947151453965064
2022,33,32,0.03596480310099792,0.03503576232577654,0.1525585330724075,0.16477438709548697
2022,34,32,-0.0009203146641923732,-0.004347160714007592,0.15368124875647005,0.16723248922903677
2022,35,32,-0.0277382411201355,-0.03371791730434387,0.11740223273041761,0.14460999843947941
2022,36,32,-0.01568180106865347,-0.01376211753626111,0.09903614957394208,0.1284292359479452
2022,37,32,0.022009000925113667,0.01946625642889288,0.1265764789888949,0.1523861991474973
2022,38,32,-0.0003966683025229574,-0.0006359657486728065,0.12595042968484504,0.15217393271024604
2022,39,32,0.0030645468916680393,-0.004042147205867042,0.12602912195447147,0.1422925094873635
2022,40,32,-0.027766880535118547,-0.029411778293751856,0.09305192905705131,0.10869565545170756
2022,41,32,0.003362192240116583,0.005123327672082012,0.09733292131600942,0.12316614948656546
2022,42,32,-0.01178926570782238,-0.006613141037413672,0.08576631932637105,0.13025893248668308
2022,43,32,0.023819471198413825,0.020168579173661105,0.10979772926656861,0.1365270868009728
2022,44,32,-0.017815642058981743,-0.013662907170630956,0.08819673121336274,0.11988937940290034
2022,45,32,-0.004647885787598366,0.004132374840114417,0.08388728813025531,0.1061268558064613
2022,46,32,0.0014752507482956138,0.0006720263419200956,0.08584088384951824,0.1084480512158269
2022,47,32,-0.010612167281251847,-0.006674794193845646,0.0732667136155861,0.10524217165433436
2022,48,32,0.003150772096161141,0.009486826326765785,0.07678209763643279,0.13008547291117178
2022,49,32,-0.009372133305377173,-0.01732675090348834,0.06482647512059067,0.10895715486314694
2022,50,32,0.010251900053219673,0.008730634958470596,0.07809995929403223,0.12917680418603983
2022,51,32,-0.01312503110457763,-0.011897241182521223,0.06365621099750582,0.10439945998301225
2022,52,32,-0.016462718740524407,-0.012872049191398338,0.045671279802173295,0.08909333930988939
2022,53,32,0.018260338264940716,0.018094088931129182,0.06353926958388127,0.10986195557471434
2022,54,32,-0.012233103050350542,-0.018718219918131662,0.04875980020380585,0.08210406467201858
2022,55,32,-0.012993264413993604,-0.013401983447056509,0.034411307587682204,0.08113231479522054
2022,56,32,-0.010142751998124207,-0.010437598869504905,0.024720385331515268,0.06809114064928179
2022,57,32,0.03166361936431179,0.026319688514412243,0.059149115371854105,0.09718461855853333
2022,58,32,-0.022436654474551006,-0.008502876350229005,0.03675144816450019,0.09259868814076055
2022,59,32,0.004245156882049003,0.011253181320932004,0.04497534858865523,0.062179506577449195
2022,60,32,-0.01144029031379334,-0.0027371785238642365,0.03438978053850775,0.06505366095358056
2023,-60,7,,,0.3149980550728008,0.07776257450108659
2023,-59,7,-0.03924193769628426,-0.007812529685906622,0.2276987631514351,0.060709369208347796
2023,-58,7,-0.007023642647253462,-0.005787742099577997,0.21252064675074148,0.05457025693676387
2023,-57,7,0.012093316921651023,0.006906103910986783,0.23062309207386442,0.05593449254328209
2023,-56,7,0.0027124865383215202,0.0,0.23328896912895994,0.07094129238399116
2023,-55,7,-0.007010990873727585,-0.004878067388767171,0.22600763858213194,0.06957705677747295
2023,-54,7,0.016091089058517877,0.002673794234694604,0.25788586947474273,0.08458385661818202
2023,-53,7,0.029731773270439726,0.016286629773138106,0.29895671213680547,0.09618001540034338
2023,-52,7,0.01169107634820253,0.007220151975052547,0.32990342023600744,0.05388808709125237
2023,-51,7,-0.012789782188009413,-0.017600021362304652,0.33047857470796854,0.025238723016352216
2023,-50,7,0.013739246021503828,0.011477819648687992,0.34860898579367927,0.03751705164402508
2023,-49,7,-0.04228210491418259,-0.020352782389576163,0.26019850726746413,0.027967194229388426
2023,-48,7,0.024925670674292126,0.026622269770175677,0.2968069677259883,0.06957705677747295
2023,-47,7,0.006949182146131684,0.0199062870944684,0.3089614495665294,-0.012960498473184368
2023,-46,8,-0.0010356047313594882,-0.004018352241706213,0.25402608739865407,-0.030571664366816298
2023,-45,8,0.02305743806985526,0.00783276592960902,0.2759016018034281,0.03911725068703675
2023,-44,8,-0.008056636500242548,-0.0027243263044598454,0.2581410669486984,0.04127363118367722
2023,-43,8,0.019656563009845557,0.008281539134550653,0.2779893202378815,0.07998739846266834
2023,-42,8,-0.04664893240071634,-0.03982421954942583,0.2095200796873364,0.054674227932211994
2023,-41,8,-0.012562162523269693,-0.012764558680315674,0.1944958834831458,0.038520378843983294
2023,-40,8,0.006732599124602348,0.007412407842544488,0.20887922187188088,0.03418665264974685
2023,-39,8,0.01562173258245636,0.0040047291629571324,0.2348075834714288,0.05126104138387555
2023,-38,8,-0.0063289677171271125,-0.009690543509361438,0.2284609222982552,0.02975869797162589
2023,-37,8,-0.005462562328472101,-0.002346938822798794,0.2290486862092452,0.01335716897887218
2023,-36,8,0.030774884168921865,0.023407240288767173,0.26543097973883284,0.04665908985209821
2023,-35,8,0.0072431967347244,0.009791271101610599,0.27020963915298646,0.06209781915326662
2023,-34,8,-0.005606966848743761,-0.009062653151478195,0.26180332079977714,0.07231827794416879
2023,-33,8,-0.005872081478596164,-0.0051546587710736835,0.2597257355049336,0.04300966599549805
2023,-32,8,0.004737125171058135,-0.00047951016489289344,0.2746834667345385,0.05204707466789327
2023,-31,8,-0.007183944919493576,-0.0032250593929601945,0.26897096332718073,0.0319588331677122
2023,-30,8,-0.021189957520176134,-0.023900659337429908,0.24130203509496345,0.007821679375176083
2023,-29,8,-0.0034342549961143276,-0.0012774727052543566,0.22890181204401597,-0.004520293071592907
2023,-28,8,0.0038612777232208684,0.01055565162266614,0.2243980752436825,0.014113894032277974
2023,-27,8,-0.0034286944604380587,-0.0020834294404184495,0.20604713955631826,0.00019464877010705317
2023,-26,8,0.005598998094608093,-0.0002708724274351759,0.20583381323989658,0.0025599005844673672
2023,-25,8,0.028714629141556314,0.033662011684605364,0.2333959470229211,0.0464102738387101
2023,-24,8,0.005795441090185802,0.01040027746810146,0.23405336429623308,0.08076922654549834
2023,-23,8,-0.07309459604530652,-0.03534819673637907,0.09368988328115493,0.04396423248882264
2023,-22,8,-0.021165911318533515,-0.003495358579892305,0.0672793990291838,0.015414020903925296
2023,-21,8,-0.022686529705700162,-0.012740995419420531,0.041140870506177,0.004997397944455639
2023,-20,8,0.013483070530417626,0.01604736478991431,0.0536874364106496,0.020571160098122765
2023,-19,8,0.01269025397170953,0.004931612091389037,0.06618433838097694,0.05949833206582389
2023,-18,8,-0.007773864125033794,-0.005822410847066861,0.057151882451729294,0.03732644894735282
2023,-17,8,-0.007184023419173152,-0.005965050850856968,0.05022477910768726,0.0198470234010536
2023,-16,8,-0.008801662791606907,-0.013432623346862238,0.04213354727071951,0.02455710808991829
2023,-15,8,-0.02041993830960105,-0.009460014780257653,0.021122626590578536,0.005951622429031023
2023,-14,8,0.0034947722565667333,-0.00533262636639692,0.025941400992423008,0.021984282575430503
2023,-13,8,0.006129899151888885,-0.006072046778106632,0.02912822533356793,0.004691657828287399
2023,-12,8,0.006765797642979993,0.0013971811482798024,0.03595517700140852,0.020756957628873585
2023,-11,8,0.0012875030113347757,0.0007153239777742959,0.03620589751251825,0.03118928584318914
2023,-10,8,0.018737752053085005,0.01760249397604119,0.053994256150416656,0.029955305392269538
2023,-9,8,-0.00168462428527906,0.00271685346660977,0.05098754903277944,0.01438152334077758
2023,-8,8,-0.010154955778630195,-0.009591220994547678,0.04022699869006645,0.03193203451493276
2023,-7,8,-0.001053524409192902,-0.002588774134414107,0.03869886540292107,0.013661202185792365
2023,-6,8,0.007667759965324997,0.007930870432922621,0.04732095591414008,0.013846189148773613
2023,-5,8,-0.00020335498806947627,-0.0006257667291070801,0.04684514358636978,0.019771482123703277
2023,-4,8,0.012868888721139546,-0.006883987310781825,0.05624432087214916,0.013484635943292411
2023,-3,8,-0.0038187053402143206,-0.0007256714251417384,0.05246882938446157,0.017008649860579816
2023,-2,8,-0.03079209690767687,-0.020458492900510383,0.01658126222793134,0.004204062329588032
2023,-1,8,-0.003685892432384097,0.01152971490408028,0.00905232144158545,0.004670281954418765
2023,0,8,-0.00815171340661372,-0.004637046479808726,0.0,0.0
2023,1,8,-0.06003095500203527,-0.03675265693392171,-0.06003095500203527,-0.03675265693392171
2023,2,8,-0.03325420674801634,-0.021030888647182056,-0.08881587879902486,-0.04542658589541437
2023,3,8,0.040678361340591634,0.021620564062824976,-0.050113749758507284,-0.05545152861915098
2023,4,8,0.019098155424963306,-0.003937174527925247,-0.025102623230249088,-0.04541296508739956
2023,5,8,-0.005093560632199803,-0.013931416663357954,-0.023850624427309938,-0.08641844300594614
2023,6,8,-0.006508483889749811,0.0074960732042508305,-0.0310488186830377,-0.06319612697046739
2023,7,8,-0.0064236175453357275,0.0074829030781116135,-0.03838299266493046,-0.05194408980803428
2023,8,8,-0.07379295239468331,-0.01894396630356132,-0.13120156953233303,-0.10246613994560305
2023,9,8,0.04147519256706916,0.007478667308770781,-0.10892886520406778,-0.09626770744892432
2023,10,8,-0.006199131141086764,0.010174763741094717,-0.11246997529692965,-0.08457535211435868
2023,11,8,-0.05782213820555014,-0.028694797079927226,-0.15739837900923748,-0.10731994435616382
2023,12,8,-0.03070973103305842,-0.013439461922066576,-0.1746187954218315,-0.11454464233683398
2023,13,8,0.010506243018050948,-0.0022624592225123363,-0.16833053046588492,-0.12132391714066698
2023,14,8,-0.013099980525886887,0.009513716911905279,-0.175713791346569,-0.13447991305387902
2023,15,8,-0.019440140822774815,-0.015944230797457937,-0.18964189940548684,-0.14390335934810045
2023,16,8,-0.004136834866637865,0.0017487006957926932,-0.19435798095513399,-0.1395677925636682
2023,17,8,0.03308010718863015,0.03454931254154192,-0.16304919353348835,-0.10987332017636098
2023,18,8,0.0011731003286743757,0.006491855003724456,-0.15835928503892183,-0.12717364264542286
2023,19,8,-0.019577207457357207,-0.022758145111838102,-0.17788356352628526,-0.13945649536719434
2023,20,8,-0.027356290721391632,-0.01865141771914608,-0.19904246518449295,-0.1375736125616046
2023,21,8,-0.04265896864156739,-0.009944776004178812,-0.2171511160864949,-0.1259921871336387
2023,22,8,-0.04324485430506583,-0.032999500754758604,-0.24617788148469727,-0.15134937166813928
2023,23,8,-0.022975948060114992,-0.01800682951585908,-0.26094142839505924,-0.15955494822650673
2023,24,8,-0.00986656971340312,-0.007259737947866385,-0.2635493710241238,-0.1575775976915632
2023,25,8,-0.008083494364454491,0.0035657249710751016,-0.2685834611441542,-0.1683429244588316
2023,26,8,0.011201990157999761,0.016015322661492082,-0.25657881002553734,-0.12253523498522234
2023,27,8,-0.01890400489071102,-0.013517278107875397,-0.2696442928600833,-0.14259578002604245
2023,28,8,0.001596406137329573,0.0013679877621797232,-0.26894140655192156,-0.1432778978293015
2023,29,8,0.003794177923146902,0.0030043905448262076,-0.26837230756910385,-0.16830750714656367
2023,30,8,-0.03864678291044703,-0.03848141558310947,-0.2952701368532039,-0.19506669240818636
2023,31,8,0.016661776014812488,0.015371715346280679,-0.285199988192514,-0.1855001336962619
2023,32,8,-0.014197498439611309,-0.014584656680639019,-0.29584602264556176,-0.19054081671757622
2023,33,8,-0.03814569445533379,-0.0394379461772838,-0.3154977204624188,-0.21148972469877259
2023,34,8,0.03438262358375009,0.027749922105834823,-0.30037488433633897,-0.19665502779411548
2023,35,8,0.03206035337553331,0.013604605996239139,-0.2847455008464757,-0.17938228420444302
2023,36,8,-0.0017543694646916103,-0.007930297197542069,-0.2840510055882252,-0.15876455573768883
2023,37,8,-0.049799228443025284,-0.039905290211002364,-0.3170866377713227,-0.22403883505322914
2023,38,8,-0.009485820107204793,-0.0026926781545853484,-0.32199148209059636,-0.20827753373273167
2023,39,8,-0.021876778318750165,-0.02334547588573299,-0.33744576750197286,-0.22468168241146613
2023,40,8,-0.019680512959345087,-0.014165677386664133,-0.34693609924183066,-0.24150233926455367
2023,41,8,0.011920912343737586,0.013425932990180134,-0.34144372502002457,-0.23589133436852605
2023,42,8,-0.06591403522443444,-0.04442354556077882,-0.37863776676400884,-0.27020547076106344
2023,43,8,-0.027976550818309395,-0.027217396445896325,-0.3937467258711947,-0.2835400661821014
2023,44,8,0.04042738203964291,0.0643181396581588,-0.37149384784314265,-0.3020124915078867
2023,45,8,0.006719903766936097,-0.007464565100838538,-0.3701428472735947,-0.30818970638373094
2023,46,8,0.01465715094518416,0.0135397288346355,-0.36702987181608904,-0.29985326697163955
2023,47,8,-0.042042257161045996,-0.011799200302230972,-0.37863122206369815,-0.3070916513159366
2023,48,8,-0.02327128508006776,-0.008704587404751718,-0.391606148403958,-0.30390550948428385
2023,49,8,0.007312835585284616,0.008638460254298153,-0.3869454612244456,-0.3056476057722033
2023,50,8,0.07402143073405515,0.044113755261121046,-0.35822604799739843,-0.2868389536783583
2023,51,8,0.006308360214583586,-0.00364625797721857,-0.361005954627398,-0.3026918085100751
2023,52,8,0.025732035253091978,0.008185208484555506,-0.3465326589693607,-0.29699603327399354
2023,53,8,0.007722883967789543,0.0,-0.3429246031459629,-0.29709132737572985
2023,54,8,0.0273325094536946,0.021740482622364277,-0.32621764359133926,-0.27921253487306646
2023,55,8,0.008143822094473313,0.008021686551658469,-0.3187467748927451,-0.26398600509394576
2023,56,8,-0.000295072549096817,0.0027026785531713005,-0.3181879486913649,-0.27168743852684313
2023,57,8,0.037754415361318905,0.011993924330109373,-0.28189969405847637,-0.2677536044076938
2023,58,8,-0.03837729324728327,-0.04242590286752457,-0.30171441160678253,-0.3142231773183
2023,59,8,0.006992159847786769,0.0011306081658417622,-0.30112939781618164,-0.32629371665028917
2023,60,8,-0.014098592050435177,-0.0035429610876774875,-0.3109989717923237,-0.3463494316055907
2024,-60,280,,,0.2624020096890001,0.12919063842735656
2024,-59,282,-0.0014452981595242272,0.0,0.2489676162891437,0.12609425847958988
2024,-58,282,-2.1240232517758387e-05,0.0,0.2504737104276539,0.132400703209972
2024,-57,282,-0.00447909765118069,-0.005744886994937803,0.24387703354776574,0.12332219805701283
2024,-56,282,-0.004372234820996841,-0.004081129345493428,0.24010989131507338,0.11264420561145183
2024,-55,282,0.007517325526133465,0.006012363524461883,0.24831601694221558,0.11838321811154418
2024,-54,282,-0.009362363709776281,-0.007638517037547754,0.2319378482554044,0.11098792915511513
2024,-53,282,-0.0035490694492533873,-0.0048076687950111,0.22877638628371202,0.09802885878192003
2024,-52,282,-0.006190327085961132,-0.003762265124979569,0.21621119340860445,0.10283341140316449
2024,-51,282,0.0016999105328352915,0.0,0.21404853541876023,0.09616392662376361
2024,-50,282,0.00656248159403106,0.0,0.22345300379073518,0.10307408195269718
2024,-49,283,-0.009509934782898324,-0.00939847142505057,0.20794480997417003,0.0964467281528405
2024,-48,284,0.002230651100520616,0.0,0.2107947133912261,0.10072301351235657
2024,-47,286,-0.0011056610403941671,0.0,0.19712934527120052,0.10587519169714288
2024,-46,286,0.26560002200531885,0.005258746493526423,0.21859147642570653,0.11058085175416998
2024,-45,287,-0.007518099363017782,-0.0018903123094116125,0.20916187707405798,0.10615386962890616
2024,-44,287,-0.005667774743419078,-0.004854387360093471,0.19063926059141426,0.10615386962890616
2024,-43,287,0.0005161828997363608,0.0,0.19457148941694155,0.09621991860176937
2024,-42,289,0.00043051377032997807,0.0018193029888535772,0.19472369456121522,0.08855288062160604
2024,-41,289,-0.005192839907800561,-0.002525250092658138,0.19192504855648354,0.08228980779795081
2024,-40,289,0.01362651829892921,0.011037527779712342,0.2072809542732987,0.09220978190242168
2024,-39,289,0.007071034063513043,0.0045248824844552615,0.21977101574316094,0.10249996185302734
2024,-38,289,-0.009991209738333671,-0.005084781241258773,0.20697664873933452,0.09462366627880492
2024,-37,289,-0.007961358753041615,-0.006756750225933805,0.19957148537174033,0.08557847316103473
2024,-36,289,-0.005085342171170768,0.0,0.189623882539734,0.08677679371552283
2024,-35,289,0.004239983809011381,0.0,0.199458681457278,0.08163266857680296
2024,-34,289,-0.011052494187714902,-0.010570864806181857,0.18839311013694454,0.06940063826983622
2024,-33,289,-0.0038246291164468864,0.0,0.18436821339037238,0.05903397400683108
2024,-32,289,-0.009124968099879676,-0.005025135787766755,0.16924744007146228,0.05398667945097202
2024,-31,289,-0.010527731128239862,-0.008247454141833144,0.15571339984569255,0.03514373516739422
2024,-30,289,-0.011225127231792996,-0.007862694015129623,0.13358288704741575,0.02580642647268583
2024,-29,289,0.0032692858903720107,0.002932548449136041,0.1392529343452084,0.029484000122314002
2024,-28,289,-0.0010751294519115086,0.0,0.14192697365387835,0.025868469207491085
2024,-27,289,-0.006945602065933044,-0.01213174556200547,0.13450072681873165,0.021969117868326116
2024,-26,289,0.019295372850898527,0.013333320617675781,0.1537136091676363,0.04159132194345028
2024,-25,289,0.003567740193272877,0.0,0.15771771954709426,0.03584234566968614
2024,-24,289,-0.0061196886191992135,-0.006993000580457598,0.14908981881693092,0.03074133689095815
2024,-23,289,-0.017299479263855364,-0.017857125751218117,0.12497166907577517,0.010752626424140876
2024,-22,289,0.008478759830751187,0.005366678381449219,0.1362216349014205,0.01816240197964869
2024,-21,289,0.0019534687569181027,0.0,0.1343817921945984,0.01829925478923644
2024,-20,289,-0.0031488055737726147,-0.004140782865927561,0.13561508369383102,0.020694803560356023
2024,-19,289,0.0045328744479423404,0.0002462034322316953,0.13667316855884584,0.027124703949237716
2024,-18,289,-0.009175494852279472,-0.002118692525464483,0.1250748898663473,0.026315764707210976
2024,-17,289,-0.003001844988356643,-0.004830913423070071,0.12371940450689833,0.01851850012202405
2024,-16,289,0.00048434144299689926,0.0,0.12088505354611327,0.01446653176688173
2024,-15,289,-0.0016098606557772232,0.0,0.11474839838682255,0.014042907450663611
2024,-14,289,0.005858246302201436,0.0013966800411944202,0.12126401016456637,0.01724136277318622
2024,-13,289,-0.010342339527576395,-0.002003958417504448,0.10937660119053662,0.01960782480441492
2024,-12,289,-0.005649492850718109,-0.0053050397877983935,0.09923741028005387,0.010606086768613965
2024,-11,289,-0.005078648094351542,-0.005952375461590109,0.0971788934689113,0.0
2024,-10,289,0.004877937010123155,0.0,0.09969163763301733,0.004878044241882984
2024,-9,289,-0.007004895097588999,-0.00468932744492534,0.09079343157991517,-0.000993033536758614
2024,-8,289,0.005560503289393801,0.002911205423533403,0.09495050454097974,0.002932548449136041
2024,-7,289,7.240080785249516e-05,0.0,0.09255220076684148,0.0011641709783698495
2024,-6,289,-0.003531573107396249,-0.0037037001061669406,0.08863489690871859,-0.002979100610275842
2024,-5,289,0.008550984068132898,0.005675282029410145,0.09686702838480875,0.004210522300318598
2024,-4,289,0.009305054791974422,0.004437915067004861,0.10435782559508686,0.01250004768371582
2024,-3,289,-0.0036563344107150278,0.0,0.09479008235476574,0.005300407417766717
2024,-2,289,-0.006368104311742788,-0.002173859185215843,0.00224784570761415,0.003921564960883028
2024,-1,289,9.407205780518722e-05,-0.004160916733650932,-0.0007792647845884358,0.0
2024,0,289,0.0035246342627959742,0.0,0.0,0.0
2024,1,289,-0.020796499550833045,-0.014123068907333391,-0.020796499550833045,-0.014123068907333391
2024,2,289,-0.018962259122413203,-0.007004326557148666,-0.03901412713067304,-0.026168199809568193
2024,3,289,0.0009789552317696752,-0.00593471264263723,-0.03706374207004095,-0.027692295954777624
2024,4,289,0.000927138745197685,0.0,-0.035497718613354864,-0.03191486326155479
2024,5,289,0.00133727471724763,0.0,-0.03549894961436482,-0.030232540396756935
2024,6,289,0.005309131361158906,0.0,-0.03205304029893155,-0.026898745518428746
2024,7,289,0.010595957260946427,0.006896600107140438,-0.0220147755515967,-0.012048181523292234
2024,8,289,0.008791104183831954,0.005102051289342047,-0.01409057379123915,-0.010989065691980104
2024,9,289,0.005626622970994681,0.002433029615531268,-0.00895305640524752,-0.007830639830285757
2024,10,289,0.00023954671254367588,-0.0014555680074606059,-0.007191357354722243,-0.003717439170466408
2024,11,289,0.021422191433326195,0.0166666501098216,0.014350913064641405,0.01672319342125106
2024,12,289,0.006821984706016187,0.0016583336147173444,0.02049610843993753,0.016748776619024186
2024,13,289,0.042456368611360054,0.02935349882351157,0.06366341407875682,0.04477611468194209
2024,14,289,0.04887800122394236,0.03776980177753919,0.1180228609395416,0.08381392871942706
2024,15,289,0.04794251169335808,0.023809572804273094,0.17655526882082326,0.12676061422336438
2024,16,289,0.04873362644301704,0.015151552682972858,0.24681800220980032,0.1422445319761627
2024,17,289,-0.02612326368723012,-0.01980196150035629,0.20275280143875746,0.12914158035183831
2024,18,289,0.015040907969661763,0.0035336498768310243,0.2226960196099429,0.14260324530579127
2024,19,289,0.041304838944876764,0.025114076210768888,0.2800729562938998,0.1826484296646047
2024,20,289,-0.06577623329898251,-0.04219879062872289,0.16502323113606668,0.11111112449038019
2024,21,289,-0.022514607068040923,-0.016073518106727636,0.1356884127251832,0.10243593792646544
2024,22,289,0.0015419233719913227,0.0,0.13753285848423438,0.09968348425505624
2024,23,289,-0.006678038605512898,-0.0016722790718962655,0.12740485970162982,0.09283390619805232
2024,24,289,-0.014388468815453543,-0.014613814659467539,0.10766367569964866,0.0789163833164277
2024,25,289,0.0077535706683020044,0.0021052845737390413,0.11851871918659773,0.0870252688225992
2024,26,289,-0.01666352892761113,-0.010025053072035384,0.09698629093435539,0.07432433303208819
2024,27,289,0.022724516690212315,0.01404058576135947,0.12340832163457141,0.09651893039694204
2024,28,289,-0.0053832824714021114,-0.006797594723847222,0.1160624409527639,0.083860714964485
2024,29,289,0.0013048624440370829,0.0,0.11858211784492134,0.09527688124882872
2024,30,289,0.0016762710446556744,0.0,0.12364086237436898,0.10772834665145847
2024,31,289,-0.007582707876141879,-0.010126572498773356,0.11298933537694349,0.10129571655315806
2024,32,289,0.0005772995817356562,0.0,0.11588682314508683,0.09446253034497776
2024,33,289,0.0041560759080105985,0.0,0.11900543818871952,0.0885341284956438
2024,34,289,-0.0004999701012195261,-0.0016694077507136695,0.12056423845957083,0.0921569168269758
2024,35,289,0.0013490614995883992,-0.0016722790718962655,0.12206389921409139,0.08438820984859907
2024,36,289,0.0022771886379020874,0.0,0.1212396524339825,0.08468683359655271
2024,37,289,0.011915828418632816,0.008253087061479425,0.13246237564345023,0.09259250061011981
2024,38,289,0.008255071654102367,0.001781490870731428,0.13971259641215875,0.09364825710190328
2024,39,289,0.013352528021333512,0.008787295851474974,0.15774357318263377,0.10722611707163732
2024,40,289,0.005100422231485668,-0.0038387679040453593,0.1618051643946291,0.10169492381566325
2024,41,289,0.011116627444707173,0.006896600107140438,0.17412406419036638,0.10664521904560198
2024,42,289,-0.0078571257737798,-0.010152274434545583,0.1632794568624038,0.10526313725600911
2024,43,289,-0.010076179729116116,-0.0109170307495422,0.14935499208495998,0.09148263560676839
2024,44,289,-0.01364037225245664,-0.012121200736670112,0.13008106590196214,0.08141401819334781
2024,45,289,0.006183439741928701,0.0018691303574036588,0.1365587773516206,0.09585123007618757
2024,46,289,-0.0074991704568150895,-0.006633571691278095,0.1246768201816379,0.08034279724256432
2024,47,289,0.0008019538179355934,0.0,0.12496168219120103,0.07945204226736724
2024,48,289,-0.007221633145941661,-0.001991982486588051,0.11394895474949164,0.07044116285036206
2024,49,289,0.0047820433900770945,0.004329089630527694,0.12107117399455022,0.0721648775032413
2024,50,289,0.008609787973645864,0.0,0.12922508959821757,0.08017488384740568
2024,51,289,-0.0011601175235769093,-0.0015480230375826132,0.1279282555858065,0.07500004768371582
2024,52,289,-0.0171865801656541,-0.016877621850007518,0.10791291679844416,0.06382978993230615
2024,53,289,0.004409802550909631,0.0,0.11307572704337217,0.07225049077097423
2024,54,289,-0.006548109459427303,-0.00321026980181105,0.10550114445578447,0.05841447468031191
2024,55,289,0.003521476065773532,0.0032133184905003276,0.10939325375284262,0.06870231855708342
2024,56,289,-0.0031403287550176556,-0.006477366856436517,0.10628238091485503,0.07123729656752431
2024,57,289,0.0035816186679694835,0.0006807507942472313,0.11073781487393268,0.06785138488068787
2024,58,289,0.00983128304448531,0.0051282001121668586,0.1224352736933051,0.07249999046325684
2024,59,289,0.0022886860277868673,0.0,0.1235134613317979,0.07588074987746318
2024,60,289,0.0026686963451691427,0.0,0.12430790131192235,0.07954543114693746
2025,-60,102,,,-0.031145899841191236,-0.04761153100983245
2025,-59,104,0.010549572491850333,0.009607834066165832,-0.02109038792668677,-0.02873429918135373
2025,-58,104,0.01851921314433395,0.01779567254778258,-0.0064561082400072505,-0.026354294341038975
2025,-57,105,-0.014886303925426836,-0.016836430128612356,-0.027139407492454946,-0.036363602210010226
2025,-56,105,0.011523602176282654,0.0033755240983432966,-0.017973251798399256,-0.03367496656554647
2025,-55,106,0.01501872142762015,0.008928634150297876,0.0005638623176941853,-0.021291650112064853
2025,-54,106,-0.01622739165583474,-0.014160387854560197,-0.017508802818890945,-0.04196736958488578
2025,-53,106,-0.005290970771490956,-0.011108574330207621,-0.02171143915953154,-0.04330441226387788
2025,-52,106,0.0007923376267428393,-0.0038055179596924726,-0.020887833509704648,-0.04902210014884528
2025,-51,106,1.9816987856429326e-05,0.0,-0.020525234250589556,-0.04839265438567247
2025,-50,106,-0.01076753491653176,-0.011034119718451363,-0.03136042053842,-0.061493423277528714
2025,-49,106,-0.0014665019173379713,-0.005277250599032113,-0.03137721719559056,-0.0694058832669634
2025,-48,108,-0.000474151381861905,0.0,-0.0362375247759644,-0.06411270781088163
2025,-47,108,0.0047853255549406715,0.004464632225534726,-0.0341397716001578,-0.05636892479433164
2025,-46,109,0.007092383343242193,0.0,-0.03292914121816547,-0.056635268525024984
2025,-45,112,-0.004463480009050501,-0.000896847301534498,-0.05232017772641974,-0.06540381762837183
2025,-44,112,0.005485484491936085,0.0012243316861717535,-0.048937377594087894,-0.07405435551936562
2025,-43,112,-0.028600936168018665,-0.02222904701180256,-0.08103529358544599,-0.07884515117045332
2025,-42,113,-0.0009052469695284837,-0.0053788021155234955,-0.08396134298077534,-0.0999999498066132
2025,-41,113,-0.007433580429090813,-0.005485869565932333,-0.09373046500433449,-0.09531251944135843
2025,-40,113,-0.014718770949668197,0.0,-0.10885577514705587,-0.11585369509756627
2025,-39,113,-0.012902678081875162,-0.008783804403769024,-0.12141579875521319,-0.12218653297372417
2025,-38,113,0.0008692509697866889,0.0,-0.12403111471243401,-0.12660543202410468
2025,-37,113,-0.024685560534702968,-0.01976282722596967,-0.14875412955129846,-0.14385960039706314
2025,-36,113,-0.002210511456211264,0.0,-0.15020488872098145,-0.1440366742908119
2025,-35,113,0.012964586894332638,0.012658215623466695,-0.13990425312717206,-0.13341965815592616
2025,-34,113,-0.004942884565234106,-0.010101000370632551,-0.14436800636717242,-0.13292112589879568
2025,-33,113,0.011875169867556556,0.012461047158154548,-0.13442475506539406,-0.13388436265789816
2025,-32,113,0.0035145466171734316,0.0,-0.13206088417813497,-0.13028889822271084
2025,-31,113,0.017870064213213566,0.013986000461365,-0.11854720131088413,-0.10636864199057305
2025,-30,113,0.01307085432629035,0.008130073421291018,-0.10991192695306927,-0.09214095895075769
2025,-29,113,-0.00025165089612433947,-0.000854355313713584,-0.11111185147372651,-0.10305343233589426
2025,-28,113,-0.0023073916025246576,-0.0009881649204468435,-0.11256580819754923,-0.1071428571428571
2025,-27,113,0.008365631269078147,0.005368192022976226,-0.1068596300485188,-0.09999996682871948
2025,-26,113,0.006209180746030584,0.0030864168005624304,-0.10112820823437055,-0.09450171697424248
2025,-25,113,0.0005143674551803628,-0.0033388951069659445,-0.10070011316906773,-0.08333335056322089
2025,-24,113,0.0030209826400318784,0.0,-0.09769880888020123,-0.08853126537008238
2025,-23,113,0.005861749977212849,0.005272360750352201,-0.09365040055578479,-0.0851063052687262
2025,-22,113,-0.008147815641610908,-0.008059079902155153,-0.1024189083719985,-0.07727975521080954
2025,-21,113,0.017394577099013854,0.0084033529263976,-0.0893862147958184,-0.06329884008129971
2025,-20,113,0.018991484788262604,0.00757575004991895,-0.07573050868101677,-0.06910577090273107
2025,-19,113,0.015066888794663745,0.01395352892701407,-0.0630765437766929,-0.060000038146972634
2025,-18,113,-0.0067933134550771865,-0.009708728874782357,-0.07072621432982215,-0.07021275257405835
2025,-17,113,0.015693620751371862,0.01119820790398407,-0.059028832690830216,-0.045039605054624676
2025,-16,113,-0.009869728924260083,-0.007164759161794265,-0.06820199887608237,-0.047169768882415086
2025,-15,113,0.03172381582077946,0.022967034007870923,-0.04089358586751237,-0.030303090509739783
2025,-14,113,0.01280478638343098,0.0,-0.03095338815668496,-0.022784848756428056
2025,-13,113,0.004908613958678038,0.0,-0.027371262412856947,-0.019806755183611302
2025,-12,113,0.007672558271793574,0.002118692653888754,-0.0201936835603544,-0.02554346167522925
2025,-11,113,-0.00244152754588037,0.0,-0.025590936415944187,-0.023809501283202916
2025,-10,113,0.008429231991219924,0.001841662835723401,-0.019613777531140113,-0.023809501283202916
2025,-9,113,-0.012109440652097377,-0.004915709116891098,-0.03747646313082896,-0.04010027945526595
2025,-8,113,-0.00035780790681388903,-0.0068336523652807735,-0.03889231027238265,-0.03910610879026677
2025,-7,113,0.027599105412932482,0.013080445257270812,-0.015012182300637977,-0.0035087687010102453
2025,-6,113,0.01793781289066884,0.008474669590729178,0.0009680877821138034,0.0
2025,-5,113,-0.027920692440655547,-0.028213154523283324,-0.027253924060818786,-0.029824492130764435
2025,-4,113,0.005990032062695851,0.006079021628696113,-0.023196012652008165,-0.014893552694667744
2025,-3,113,-0.004113916696464647,-0.0025746259971224372,-0.02829217744606422,-0.020693861611237097
2025,-2,113,0.013956188496580346,0.00929362692084279,-0.015640279981073573,-0.0159033081967751
2025,-1,113,0.02352274088665566,0.016260146842582035,0.005109658472434979,0.003690004003555236
2025,0,113,-0.0036564000473422423,-0.003676437932864096,0.0,0.0
2025,1,113,-0.04027197370239755,-0.01828412264412438,-0.04027197370239755,-0.01828412264412438
2025,2,113,0.002479624240501254,-0.0015730875604060834,-0.038517614490301395,-0.023958384038671454
2025,3,113,-0.003933394779821793,-0.005681812794001595,-0.04218223735606783,-0.03305791719112183
2025,4,113,-0.006845166280515496,-0.009508707341304823,-0.04737471893524074,-0.03714288984026226
2025,5,113,0.003093258918048709,0.0051546341073744895,-0.04484069270776475,-0.0314167552032909
2025,6,113,0.00575395819317612,0.004529587362745557,-0.03985972261993888,-0.02604166563186383
2025,7,113,0.006244691911879323,0.0,-0.03193494123926178,-0.024231127679403497
2025,8,113,0.012454247484081877,0.002708558957032814,-0.018063700478080716,-0.023958384038671454
2025,9,113,-0.008756455746112076,-0.012514181701322458,-0.025616981148894186,-0.025316455696202556
2025,10,113,-0.014652355930967871,-0.009648580953709018,-0.041415214395457166,-0.044465440718447935
2025,11,113,0.001212957680605267,-0.001721144178095546,-0.03874763089251231,-0.04743078534232714
2025,12,113,-0.011314209553992208,-0.011904750923180218,-0.049354299230394465,-0.05555563596169755
2025,13,113,0.008576466488840905,0.006456306991962757,-0.04071106897178669,-0.04208660085956184
2025,14,113,0.0014351177979631856,-0.003496472405355555,-0.04003482696109078,-0.04566635601118363
2025,15,113,-0.01040703155554375,-0.005828963818620747,-0.049853723891176434,-0.052034060158896445
2025,16,113,-0.012237138146234332,-0.010453001269483342,-0.05880545177261459,-0.05932204531353924
2025,17,113,0.016052709115540267,0.011940358629948689,-0.04026085708072115,-0.04938274239498086
2025,18,113,0.0001455798479275069,0.0,-0.041462947348167835,-0.05749134083681162
2025,19,113,-0.01213932044533603,-0.008928520490927738,-0.05389957011248613,-0.058064462540671546
2025,20,113,-0.11428119865397031,-0.1300366361147378,-0.16084231063608645,-0.1578948544631995
2025,21,113,0.034962388743727854,0.021739109308372973,-0.1349574572267599,-0.14611007958927702
2025,22,113,0.0117566034749344,0.007407435664424256,-0.12551298382084414,-0.13978494493933435
2025,23,113,0.01763944181550409,0.014705868173635617,-0.10985316439462221,-0.1315789517713497
2025,24,113,0.016676532234136142,0.00881059061639089,-0.0977388075328946,-0.11708860759493667
2025,25,113,0.020934495080243712,0.014416730672002886,-0.07911223688294759,-0.10227269802458017
2025,26,113,0.0013107042844878716,-0.005030709486804841,-0.07486792980463279,-0.09823680153491121
2025,27,113,-0.012487644402915984,-0.015134554677932899,-0.08470796691353977,-0.11403502461065407
2025,28,113,-7.358136588584281e-05,0.0,-0.087221550151536,-0.11205269239234594
2025,29,113,0.01079782844415451,0.0022026656276050716,-0.07575608937257342,-0.09565220708432409
2025,30,113,0.021615314179655676,0.013363123090261775,-0.05665168472561655,-0.0801394105668175
2025,31,113,0.009327345133043086,0.003140703577793058,-0.045094805753549905,-0.08521001498481784
2025,32,113,-0.0017763860502342666,0.0,-0.047713893207400285,-0.07698040595147948
2025,33,113,-0.005477548018677073,-0.006666660308837891,-0.052483356810491606,-0.09340663263438043
2025,34,113,0.005474883638929258,0.0024494420637433123,-0.050456946547719525,-0.09338304958716803
2025,35,113,0.004501235634028876,0.00321026980181105,-0.046752348346241056,-0.08097822769828467
2025,36,113,0.025147170363090453,0.015384600712702756,-0.02517476448591622,-0.09022554661255466
2025,37,113,-0.000863496920120634,-0.0015723629987268728,-0.024676995690853205,-0.06892230807070698
2025,38,113,-0.014182868967976466,-0.008849509675963652,-0.03862780847973121,-0.07910444000883077
2025,39,113,-0.0034654750287338746,0.0,-0.04354942071854656,-0.07109730699020445
2025,40,113,0.0016360716621190061,0.0,-0.03951299910491687,-0.07264293747028516
2025,41,113,0.014172253204928147,0.015517184963976582,-0.027329739143402906,-0.0636856962504525
2025,42,113,0.0006160307889772026,-0.0027777752022684066,-0.025671361779912725,-0.06892230807070698
2025,43,113,0.009075996901564624,0.004830913423070182,-0.015500944219656932,-0.06940063091482651
2025,44,113,-0.003226071299565411,-0.005780341244511877,-0.017322198623635012,-0.06362379487322889
2025,45,113,-0.004912362086013255,-0.00433839053086249,-0.022372844229043485,-0.06829269533234883
2025,46,113,-0.003138580619170414,-0.003220562852759734,-0.0278701527137351,-0.0656108499654563
2025,47,113,0.013831937312656441,0.005988018395350014,-0.011447453016153925,-0.0604395665576557
2025,48,113,0.013532675202455364,0.003717557345726874,0.00040082500796419267,-0.0587325579484298
2025,49,113,0.006674893277818421,-0.005464397720770453,0.009234589720056651,-0.06400003433227541
2025,50,113,0.006085923349518798,0.005776167617517869,0.0169844237421986,-0.06504068906869076
2025,51,113,-0.008393281407622178,-0.005797123563462403,0.006057862673408683,-0.05907173957904599
2025,52,113,0.004796389690540697,0.0,0.011231470766713174,-0.04945056636528333
2025,53,113,-0.004181475816409693,-0.005139928692830087,0.006272146830541376,-0.07113820844042573
2025,54,113,0.01907685515000548,0.011481100003646105,0.025403501133483285,-0.05907173957904599
2025,55,113,-0.005289349586281849,-0.008064508376086854,0.024138591825095163,-0.0714285714285714
2025,56,113,0.006935287385065438,-0.009831417970412204,0.03295811167277234,-0.0857946725822194
2025,57,113,0.001705867858483111,0.0,0.03485954417991854,-0.07142856675002807
2025,58,113,0.009846309657756076,0.001226975142590181,0.04759741914482787,-0.05420053976413386
2025,59,113,0.001832426700491091,0.0,0.047225409920149626,-0.06469761315174538
2025,60,113,-0.007688307682132247,-0.007471973197356596,0.04266355873906182,-0.06432749231065238
2026,-60,8,,,0.007928883820899402,0.006338497339848481
2026,-59,8,-0.0037588508030647616,-0.006633016251325563,0.004077058142118409,0.0173828346152044
2026,-58,8,-0.0012833850691890414,0.001618039310104069,0.0015340705181266373,0.01635512395327332
2026,-57,8,-0.0013732740594231824,0.003952938589745658,0.00037754747891668994,-0.014443526867225054
2026,-56,8,0.019736227341228235,0.019595773107347836,0.01994529017130317,0.03351518451781288
2026,-55,8,0.0010258042998748662,-0.006976664812028743,0.020517933517410006,0.07597475010270582
2026,-54,8,0.010788325622687361,0.011588642849813646,0.031447335399997695,0.06390781212014451
2026,-53,8,-0.011205762744139897,-0.009057893819842566,0.018312886470766274,0.04317386036771487
2026,-52,8,0.0010512686177579361,0.0036302535729421104,0.018688643242079875,0.03720648122028247
2026,-51,8,-0.002985159171275842,-0.004997800549487397,0.015454631524483342,0.03072663490684724
2026,-50,8,-0.008247513932901768,-0.005747892593624904,0.006996795377102877,0.011380931156356078
2026,-49,8,0.022728198997269078,0.00998212608584359,0.030655617891380618,0.05161065901193107
2026,-48,8,-0.006860115344043433,-0.00225109610677382,0.02364142157530931,0.028799489966048974
2026,-47,8,-0.0025467114007425573,0.0014703690990230944,0.020292095523675793,0.031496623619124975
2026,-46,8,0.004946952273638713,-0.0029102869944611087,0.025522865096388472,0.07175783574340189
2026,-45,8,-0.006030499219229615,-0.003832524071295862,0.01886556332741547,0.049939785444299944
2026,-44,8,0.006183203768863221,0.0020475767303752557,0.025579831539448317,0.05903531794127226
2026,-43,8,-0.0036579591088325147,-0.006214425951134528,0.02217478467445755,0.049725970770415406
2026,-42,8,0.004079632593578061,0.0028375092782558786,0.026419795970614973,0.058565570119243515
2026,-41,8,0.0028546860912494337,-0.004722825959747157,0.02800652641494067,0.06172134789590955
2026,-40,8,0.01306286489022819,0.013336190541555326,0.042341316096499215,0.08059449521925566
2026,-39,8,-0.004338664586121213,-0.0012392475448665397,0.03751365215175706,0.06533030460948563
2026,-38,8,0.011167220713977008,0.01690365330002186,0.04946434971509468,0.06935831582351437
2026,-37,8,0.0012417194817389565,-0.004104369595079149,0.050669274870166287,0.07134595183130044
2026,-36,8,-0.002106354134983779,0.0023216498072871072,0.04731031243274607,0.07348624124282388
2026,-35,8,-0.006585022811918223,-0.001158885877601712,0.039454228380333245,0.06788286643838182
2026,-34,8,-0.007860327558844249,-0.008156824421281295,0.03048808317446447,0.052514381904020246
2026,-33,8,0.013401183421403173,0.015455326141493475,0.04461807929690133,0.07343260834481324
2026,-32,8,-0.00231108287020107,-0.005778226736866898,0.041245128671146505,0.059000778379825314
2026,-31,8,-0.0028630040635129056,-0.0037632455890906358,0.038788366688919704,0.07506674604102959
2026,-30,8,0.006867921505454011,-0.00020165394314791696,0.04506733567304318,0.08611193749003876
2026,-29,8,-0.000687813724248032,-0.004186167819964615,0.043414636592969263,0.07940669941180112
2026,-28,8,-0.00038167916741771446,-0.005346313444031192,0.039876799608177416,0.07776128540287242
2026,-27,8,0.003079075994840974,0.0031941080245661,0.043197285314642356,0.08281224634291662
2026,-26,8,-0.012829067186926876,-0.014977127370519427,0.029876170718553197,0.06735214144350288
2026,-25,8,0.0065195881591648824,-0.003845173319327211,0.036998195206451284,0.07149379023636837
2026,-24,8,0.001333679118829978,0.00462380823444386,0.037251218540784545,0.06481528300041972
2026,-23,8,0.014297401345634855,0.012167066772696633,0.051141660778355,0.07105503351273101
2026,-22,8,-0.010527567589864534,-0.018246024444137865,0.04010663056476238,0.06590727880061231
2026,-21,8,-0.003272479169506737,0.005142090647335951,0.035988448847314,0.05122140733740799
2026,-20,8,0.014914693552981903,0.011222348033068319,0.05168490571055773,0.06298742719718509
2026,-19,8,0.004989010048875017,0.0023499482424100826,0.05707447640759408,0.05533646424323835
2026,-18,8,0.00044850095182444316,0.010104739025777687,0.05553821899268056,0.06988297995851367
2026,-17,8,-0.0026501539688947584,-0.0054211238647378646,0.0521176996929224,0.06870217927747468
2026,-16,8,0.006186703713843847,0.015613452062901101,0.05899613923967317,0.07829260566418994
2026,-15,8,-0.000736281672389677,-0.0047852839451060225,0.05868601292973037,0.08042815626291722
2026,-14,8,-0.0052962351457048334,-0.001326354655842521,0.05310707484932073,0.0755527414713969
2026,-13,8,0.0007363618110482612,-0.004540735310713917,0.05290991650171635,0.07315763009448428
2026,-12,8,-0.007639406881166863,-0.005353473400215192,0.04432178358317393,0.05393656022734228
2026,-11,8,-0.008120450183502215,-0.004051628263737506,0.03594827293436789,0.04683984656252416
2026,-10,8,-0.010271632654413484,-0.01497287219078769,0.02440687147531577,0.023369404938392457
2026,-9,8,0.0027489256668511847,0.006080113925149289,0.027302064957780675,0.02335803572691908
2026,-8,8,-0.0005666421283862244,-0.010960711714658677,0.02512830063248203,0.016764904912810574
2026,-7,8,0.00933871726001971,0.006999184950132631,0.03394422618914206,0.04352124728055262
2026,-6,8,-0.019592693376760853,-0.018826870243890625,0.01274458090623716,0.026127088361654782
2026,-5,8,-0.004981597175298821,-0.001970837723190455,0.007337498475775223,0.013650245481228951
2026,-4,8,-0.00536199639629982,-0.015414026173154016,0.000721891740739472,0.013600014015609285
2026,-3,8,-0.012938863039708828,-0.009252612214333933,-0.012142234979160421,-0.001788416379121971
2026,-2,8,-0.01351938792235187,-0.017165696182124934,-0.026265916332640735,-0.017970988080546924
2026,-1,8,0.006322092601535198,0.004060419629750234,-0.020202233709751133,-0.018123133734179564
2026,0,8,0.02119627760697579,0.01845915542755272,0.0,0.0
2026,1,8,-0.010582481165891042,-0.019560525611441004,-0.010582481165891042,-0.019560525611441004
2026,2,8,0.007103823304145662,0.004568603027155782,-0.004142637346545311,-0.008850551921473715
2026,3,8,0.006484512139832019,0.00414316908479484,0.00225675966002975,-0.002069112596268463
2026,4,8,-0.01144419613382229,-0.01056487610316953,-0.009314513791821674,-0.005011904401947598
2026,5,8,-0.009534679233919832,-0.005108290090872714,-0.018871915403268463,-0.01650039230574829
2026,6,8,0.01687028692483125,0.015241850500005816,-0.002327395308417343,0.009585364098703864
2026,7,8,-0.011438022896165995,-0.011744857803807685,-0.01395474073222959,-0.016357677905889212
2026,8,8,0.008600284493321939,0.0020696540283309806,-0.005439415756158472,-0.008916296345299612
2026,9,8,-0.022583486130869065,-0.019410173071847725,-0.02784450409013141,-0.04049154461335347
