index,event_day,n_events,avg_daily_ret,med_daily_ret,avg_cum_ret,med_cum_ret
Hang Seng (China A) Corporate Sustainability Benchmark Index,-60,142,,,-0.007454040608842927,0.0029995950734854615
Hang Seng (China A) Corporate Sustainability Benchmark Index,-59,142,-0.0017730516242914578,0.0,-0.009430244877006297,0.004875690156423529
Hang Seng (China A) Corporate Sustainability Benchmark Index,-58,142,-0.00623709527904459,-0.0017684611382581816,-0.01631622873354523,-0.008506431341872678
Hang Seng (China A) Corporate Sustainability Benchmark Index,-57,142,0.006563334319426434,0.007356517874529067,-0.013184668302956988,-0.0013927563652283426
Hang Seng (China A) Corporate Sustainability Benchmark Index,-56,142,0.011741232784659496,0.013064042356849104,-0.003560834872010465,0.018267925282192232
Hang Seng (China A) Corporate Sustainability Benchmark Index,-55,142,0.008705724500168103,0.007195253680627678,0.004410169956666954,0.01699008463658036
Hang Seng (China A) Corporate Sustainability Benchmark Index,-54,142,-0.0021724482573898117,-0.0028460539311960242,0.00166008710441961,0.014953463528185384
Hang Seng (China A) Corporate Sustainability Benchmark Index,-53,142,-0.003968498790206412,-0.00824913535907984,-0.0028399566668307163,0.0027027130126953125
Hang Seng (China A) Corporate Sustainability Benchmark Index,-52,142,-0.0053174501201364655,-0.0026685198437880198,-0.00937494514592472,-0.004029622429543522
Hang Seng (China A) Corporate Sustainability Benchmark Index,-51,142,0.00550628846907253,0.0026067097756767854,-0.005163244111926648,-0.0019026020677575528
Hang Seng (China A) Corporate Sustainability Benchmark Index,-50,142,-0.0017487214788058792,-0.0024935576046923313,-0.007410243551686275,-0.0004334732992684054
Hang Seng (China A) Corporate Sustainability Benchmark Index,-49,142,0.012300293787063146,0.017083321748227243,0.0035435158075676305,0.009373394502844468
Hang Seng (China A) Corporate Sustainability Benchmark Index,-48,142,0.0018307698324421956,0.0,0.00488803643998694,0.011474730243238085
Hang Seng (China A) Corporate Sustainability Benchmark Index,-47,142,-0.004582340649746832,-0.004689978015505414,-0.0002121472231326436,0.0017982790414626804
Hang Seng (China A) Corporate Sustainability Benchmark Index,-46,142,-0.002980466950595672,-0.002368069491402669,-0.003446115900532531,0.004484215911883305
Hang Seng (China A) Corporate Sustainability Benchmark Index,-45,142,0.00447979087386794,0.0013738544435409894,0.0007114128295966016,0.01177176653070322
Hang Seng (China A) Corporate Sustainability Benchmark Index,-44,142,-0.01714298044845074,-0.020101915933131376,-0.016543315595015994,-0.01378059801156517
Hang Seng (China A) Corporate Sustainability Benchmark Index,-43,142,-0.0016680847750583602,-0.003165098333718752,-0.01875842562038418,-0.018569864598597052
Hang Seng (China A) Corporate Sustainability Benchmark Index,-42,142,-0.004988597407587078,-0.005431813422725751,-0.023526218977527522,-0.02273213394681589
Hang Seng (China A) Corporate Sustainability Benchmark Index,-41,142,-0.000390066339604954,0.0,-0.024680610138841264,-0.019149389991578447
Hang Seng (China A) Corporate Sustainability Benchmark Index,-40,142,0.004338106352449312,0.0024288288180331907,-0.02121232635949437,-0.01264970333071469
Hang Seng (China A) Corporate Sustainability Benchmark Index,-39,142,0.0058924242103942665,0.003439764326807815,-0.016253663889447125,-0.011479562805362553
Hang Seng (China A) Corporate Sustainability Benchmark Index,-38,142,0.001007733245101836,0.0,-0.015812337964546577,-0.007694055533113475
Hang Seng (China A) Corporate Sustainability Benchmark Index,-37,142,-0.0006267681302644868,-0.002314481370284227,-0.016664922386587285,-0.006557711855673554
Hang Seng (China A) Corporate Sustainability Benchmark Index,-36,142,-0.011247716985903272,-0.01037910839447348,-0.027575057911563915,-0.014890546134903648
Hang Seng (China A) Corporate Sustainability Benchmark Index,-35,142,0.009218799090518362,0.006488880012060605,-0.01909398928509849,-0.0013221955994359713
Hang Seng (China A) Corporate Sustainability Benchmark Index,-34,142,-0.008318060202008181,-0.010638239783689718,-0.027499582583713662,-0.005800104536311745
Hang Seng (China A) Corporate Sustainability Benchmark Index,-33,142,0.008196156195775716,0.007614438802974632,-0.02016065805436846,0.0021367501773620345
Hang Seng (China A) Corporate Sustainability Benchmark Index,-32,142,0.0051197250054384955,0.004012600382252485,-0.015800367940771238,0.005736288839535919
Hang Seng (China A) Corporate Sustainability Benchmark Index,-31,142,0.002577794943180845,0.0,-0.014052368828004438,0.0
Hang Seng (China A) Corporate Sustainability Benchmark Index,-30,142,-0.0011378242484048774,-0.00011627064452662816,-0.015639467902320608,0.0008606049036423702
Hang Seng (China A) Corporate Sustainability Benchmark Index,-29,142,0.001881195068015378,0.0,-0.014316086935776724,-0.0004897271716196028
Hang Seng (China A) Corporate Sustainability Benchmark Index,-28,142,0.003012375807089467,0.002952603430543266,-0.011273156911072743,0.0
Hang Seng (China A) Corporate Sustainability Benchmark Index,-27,142,-0.008554881158842868,-0.006113211776435756,-0.020358200365871975,-0.008162536612338456
Hang Seng (China A) Corporate Sustainability Benchmark Index,-26,142,-0.0026431874915132806,-0.0077588155892272526,-0.022507752996829184,-0.012589373429953032
Hang Seng (China A) Corporate Sustainability Benchmark Index,-25,142,-0.01387993777751936,-0.013895687990382044,-0.036096225717521774,-0.0334201821787965
Hang Seng (China A) Corporate Sustainability Benchmark Index,-24,142,-0.011214714607873452,-0.011826081922449772,-0.04691053467121165,-0.04369103488867826
Hang Seng (China A) Corporate Sustainability Benchmark Index,-23,142,-0.014352069731067325,-0.013389099214889011,-0.0612200812274821,-0.06317653549483954
Hang Seng (China A) Corporate Sustainability Benchmark Index,-22,142,-0.0041332798847489235,-0.0036964479932414807,-0.06519576713427909,-0.06420710699276838
Hang Seng (China A) Corporate Sustainability Benchmark Index,-21,142,0.010301352711522896,0.005637131699514519,-0.05608677227956745,-0.053858551153775414
Hang Seng (China A) Corporate Sustainability Benchmark Index,-20,142,-0.007216912793294788,-0.006256986392759845,-0.0631341426448445,-0.06342526211131277
Hang Seng (China A) Corporate Sustainability Benchmark Index,-19,142,0.011221435230368473,0.009884002161230754,-0.05382051011201914,-0.052563734057407385
Hang Seng (China A) Corporate Sustainability Benchmark Index,-18,142,-0.002743262362747933,-0.005457856610335876,-0.05646698585657084,-0.056325874275401255
Hang Seng (China A) Corporate Sustainability Benchmark Index,-17,142,0.0003782918911286123,0.0004640430661094763,-0.056667025841843764,-0.057477229001464625
Hang Seng (China A) Corporate Sustainability Benchmark Index,-16,142,0.0018413752300100873,0.0,-0.05548708822183083,-0.0532198857762301
Hang Seng (China A) Corporate Sustainability Benchmark Index,-15,142,0.0026225437457590497,0.0,-0.05375201384967558,-0.0527196629222193
Hang Seng (China A) Corporate Sustainability Benchmark Index,-14,142,0.02631005267799331,0.022669260072830655,-0.030122056320074253,-0.02802476021936323
Hang Seng (China A) Corporate Sustainability Benchmark Index,-13,142,0.0029774658335644695,0.0,-0.027533397052663527,-0.02537402830444696
Hang Seng (China A) Corporate Sustainability Benchmark Index,-12,142,0.003302299465692681,0.0,-0.02508420241490093,-0.023517595575588968
Hang Seng (China A) Corporate Sustainability Benchmark Index,-11,142,0.0005339826314877808,0.0,-0.02477430949427847,-0.026340506720642143
Hang Seng (China A) Corporate Sustainability Benchmark Index,-10,142,0.00011822425384806786,0.0,-0.02478283866613523,-0.023678504949789347
Hang Seng (China A) Corporate Sustainability Benchmark Index,-9,142,-0.0014051422049651827,-0.0037402693810800747,-0.026218462882554007,-0.026171781742019173
Hang Seng (China A) Corporate Sustainability Benchmark Index,-8,142,0.011054089709546498,0.009413117734452081,-0.01619568083942997,-0.010567892386025513
Hang Seng (China A) Corporate Sustainability Benchmark Index,-7,142,-0.0030369622699806076,-0.0025252320914586623,-0.01930587167454207,-0.018603867016117215
Hang Seng (China A) Corporate Sustainability Benchmark Index,-6,142,-0.0007273936071131863,-0.0019406566358629584,-0.020372667395853868,-0.01768946033800156
Hang Seng (China A) Corporate Sustainability Benchmark Index,-5,142,-0.006931240391655778,-0.002189045292804781,-0.027110044722109757,-0.02596900484123016
Hang Seng (China A) Corporate Sustainability Benchmark Index,-4,142,0.015126706195485267,0.013908207840779951,-0.013359671221359877,-0.011448183790597477
Hang Seng (China A) Corporate Sustainability Benchmark Index,-3,142,0.0045197491476914285,0.0005418085948232232,-0.009496555189047021,-0.00871797234975985
Hang Seng (China A) Corporate Sustainability Benchmark Index,-2,142,0.002536848152619223,0.0,-0.007405960629120666,-0.005179335496337256
Hang Seng (China A) Corporate Sustainability Benchmark Index,-1,142,0.0028777560453965454,0.00019080765729106997,-0.005017862388599162,-0.0033644743363086538
Hang Seng (China A) Corporate Sustainability Benchmark Index,0,142,0.005527370966340248,0.0033760284538700835,0.0,0.0
Hang Seng (China A) Corporate Sustainability Benchmark Index,1,142,0.01023576623968254,0.004327006858744431,0.01023576623968254,0.004327006858744431
Hang Seng (China A) Corporate Sustainability Benchmark Index,2,142,-0.003036542513786556,-0.002793380666301082,0.007140111556048417,0.0017671686376089513
Hang Seng (China A) Corporate Sustainability Benchmark Index,3,142,-0.0043804272248209875,-0.00281388186147441,0.0026043881397781643,0.0
Hang Seng (China A) Corporate Sustainability Benchmark Index,4,142,0.005673094213020184,0.004461991640948404,0.00830536199253805,0.0028830148383368615
Hang Seng (China A) Corporate Sustainability Benchmark Index,5,142,0.001451844351309395,0.0,0.009761905518312934,0.004946534708746064
Hang Seng (China A) Corporate Sustainability Benchmark Index,6,142,-0.013012589408096438,-0.01716835375876402,-0.00362497209278691,-0.008181207543117575
Hang Seng (China A) Corporate Sustainability Benchmark Index,7,142,0.0020604983016371953,0.0004696500301029083,-0.0017661354532290284,-0.005353375289251672
Hang Seng (China A) Corporate Sustainability Benchmark Index,8,142,0.008619379621549768,0.006960981853504022,0.006892913664305646,0.0022722647592825496
Hang Seng (China A) Corporate Sustainability Benchmark Index,9,142,0.0026147037380024243,0.0,0.00953873619464479,0.0031168004502809543
Hang Seng (China A) Corporate Sustainability Benchmark Index,10,142,0.00024049850792958393,-0.005615347251854197,0.009993345754407806,-0.0062533462602215595
Hang Seng (China A) Corporate Sustainability Benchmark Index,11,142,0.0037651920838725015,0.0,0.013497722684688842,-0.0013080432293270938
Hang Seng (China A) Corporate Sustainability Benchmark Index,12,142,-0.00855052782988346,-0.007570002784126617,0.00487286009415776,-0.005300214811123416
Hang Seng (China A) Corporate Sustainability Benchmark Index,13,142,-0.008915788093011164,-0.008685595102335686,-0.004013231566539444,-0.010416129318888079
Hang Seng (China A) Corporate Sustainability Benchmark Index,14,142,0.015446872899281204,0.005310793497693589,0.012233510631000321,-0.008383714229214356
Hang Seng (China A) Corporate Sustainability Benchmark Index,15,142,-0.0063401539375395445,-0.010635588267736251,0.007409948110461898,-0.021185379621573464
Hang Seng (China A) Corporate Sustainability Benchmark Index,16,142,0.013196095646235105,0.0028289530904564986,0.024631712237897285,-0.013683759338426082
Hang Seng (China A) Corporate Sustainability Benchmark Index,17,142,0.002807525789558251,0.003379413036226575,0.025946136248901863,-0.010722450868105915
Hang Seng (China A) Corporate Sustainability Benchmark Index,18,142,0.012710612245580202,0.006044653002371114,0.04213804939474344,-0.014172184431302026
Hang Seng (China A) Corporate Sustainability Benchmark Index,19,142,0.01730577878764152,0.006146508983276067,0.06080303892724114,-0.001423704857425101
Hang Seng (China A) Corporate Sustainability Benchmark Index,20,142,-0.007138513541015916,0.0062538735074034735,0.04052778649070428,0.002179964684151936
Hang Seng (China A) Corporate Sustainability Benchmark Index,21,142,-0.016891892353972354,-0.012149228902665343,0.021304847396807425,-0.0077648792898165064
Hang Seng (China A) Corporate Sustainability Benchmark Index,22,142,0.002479088672696177,-0.000979919285202191,0.024235469137028592,-0.007102185701171937
Hang Seng (China A) Corporate Sustainability Benchmark Index,23,142,-0.009233378008480356,-0.004604058935288979,0.01413284090269503,-0.01678548559174531
Hang Seng (China A) Corporate Sustainability Benchmark Index,24,142,-0.00955406885942557,-0.010703834152522629,0.003292982172168235,-0.022491638816407644
Hang Seng (China A) Corporate Sustainability Benchmark Index,25,142,0.005399846502500332,0.0015486880286310623,0.009081089620511452,-0.019366740200621013
Hang Seng (China A) Corporate Sustainability Benchmark Index,26,142,0.0016891115827668557,0.004191289229457218,0.010061503456615271,-0.015922988916391545
Hang Seng (China A) Corporate Sustainability Benchmark Index,27,142,0.013261186590868123,-0.00031546462590398283,0.02461430168987582,-0.021709259013460103
Hang Seng (China A) Corporate Sustainability Benchmark Index,28,142,-0.0017023472233990778,0.0,0.020711427914688444,-0.023453290972647145
Hang Seng (China A) Corporate Sustainability Benchmark Index,29,142,0.002937312491891097,0.0029229156552476043,0.02240375710595417,-0.015493904333081676
Hang Seng (China A) Corporate Sustainability Benchmark Index,30,142,0.008722110630456555,0.00783294425652914,0.029714341988614952,-0.011361635507978307
Hang Seng (China A) Corporate Sustainability Benchmark Index,31,142,-0.010719023995778836,-0.009467815785709988,0.018566477381432998,-0.019259134936542077
Hang Seng (China A) Corporate Sustainability Benchmark Index,32,142,-0.002524784195206576,-0.003238568899755545,0.01734208325670433,-0.022792177489242504
Hang Seng (China A) Corporate Sustainability Benchmark Index,33,142,-0.003526415356107813,-0.005360712943861812,0.013593767269864705,-0.027140347367575368
Hang Seng (China A) Corporate Sustainability Benchmark Index,34,142,0.010792590531265052,0.008849548964274367,0.02323134148730644,-0.00798944690182457
Hang Seng (China A) Corporate Sustainability Benchmark Index,35,142,0.0009532181414134918,0.0,0.023541585552084583,-0.007226591261127069
Hang Seng (China A) Corporate Sustainability Benchmark Index,36,142,0.0058994662059351395,0.0026775400089403822,0.029544021361773674,-0.0002739788734749671
Hang Seng (China A) Corporate Sustainability Benchmark Index,37,142,-0.001962970375168843,-0.004658916601954333,0.028027965247014414,-0.009234700419298247
Hang Seng (China A) Corporate Sustainability Benchmark Index,38,142,-0.0007926355372386934,0.0,0.02705656258554812,-0.0069707355199788434
Hang Seng (China A) Corporate Sustainability Benchmark Index,39,142,-0.003184012011626442,-0.0038849905067597224,0.024037540712091417,-0.006219723336687688
Hang Seng (China A) Corporate Sustainability Benchmark Index,40,142,-0.014299804133642636,-0.017877998248479354,0.009937272070754335,-0.026510099917176067
Hang Seng (China A) Corporate Sustainability Benchmark Index,41,142,0.0035254154431096064,0.0026538101137117964,0.014315573929943827,-0.025446430917599017
Hang Seng (China A) Corporate Sustainability Benchmark Index,42,142,-0.0028157542886882376,-0.005388429563257691,0.011390801647568507,-0.017738162405389946
Hang Seng (China A) Corporate Sustainability Benchmark Index,43,142,0.004693509159842497,0.0030364487218018654,0.015151623097280234,-0.019834692477690874
Hang Seng (China A) Corporate Sustainability Benchmark Index,44,142,-0.007770208844764819,-0.008142735628052178,0.006516067024935412,-0.02196722332368023
Hang Seng (China A) Corporate Sustainability Benchmark Index,45,142,0.007261206759427233,0.004727525999903892,0.013782329032030333,-0.019705261459450008
Hang Seng (China A) Corporate Sustainability Benchmark Index,46,142,0.0019583058907892323,0.005309089521010835,0.01428313818294273,-0.020270296955632205
Hang Seng (China A) Corporate Sustainability Benchmark Index,47,142,-0.004306974741276155,-0.005987480265416012,0.010201754184083608,-0.021575976344895997
Hang Seng (China A) Corporate Sustainability Benchmark Index,48,142,0.00017082534577564406,-0.0009727597067472615,0.010279104100935934,-0.026388931384791592
Hang Seng (China A) Corporate Sustainability Benchmark Index,49,142,-0.006775192492184071,-0.004926494879761989,0.0037164427350422505,-0.028329336024589757
Hang Seng (China A) Corporate Sustainability Benchmark Index,50,142,0.0015879689288839478,0.001449025441517593,0.004807129112935471,-0.021646567227605773
Hang Seng (China A) Corporate Sustainability Benchmark Index,51,142,0.00042357925031053775,-0.0006442842277221139,0.005065951541234254,-0.027525266819784677
Hang Seng (China A) Corporate Sustainability Benchmark Index,52,142,-0.001314263151184436,0.0,0.0031204229190702542,-0.017934000436229336
Hang Seng (China A) Corporate Sustainability Benchmark Index,53,142,-0.0033140388132323543,-0.0032556615157531277,-0.00027470372666665074,-0.02591565710744448
Hang Seng (China A) Corporate Sustainability Benchmark Index,54,142,0.0009327344880698982,0.0025417642424757636,0.0005863835055525835,-0.029330845473780065
Hang Seng (China A) Corporate Sustainability Benchmark Index,55,142,0.004923033169315879,0.0026807127760462013,0.005482118543172003,-0.020453814422213612
Hang Seng (China A) Corporate Sustainability Benchmark Index,56,142,0.004812437513425756,0.0026748883968211734,0.010021282853740283,-0.024363440888062915
Hang Seng (China A) Corporate Sustainability Benchmark Index,57,142,0.0008396708436118624,0.0,0.01106124497143966,-0.021312484994548575
Hang Seng (China A) Corporate Sustainability Benchmark Index,58,142,0.006116683001509486,0.004591387630322186,0.017108551645534327,-0.01907160238461192
Hang Seng (China A) Corporate Sustainability Benchmark Index,59,142,0.0032094793424277406,0.0019439779980729988,0.019499726203695156,-0.004715284129599651
Hang Seng (China A) Corporate Sustainability Benchmark Index,60,142,-0.0013634672488526927,0.0,0.018037193277008506,-0.010436972424003987
Hang Seng (China A) Corporate Sustainability Index,-60,74,,,-0.007291247941502868,0.005223509836221885
Hang Seng (China A) Corporate Sustainability Index,-59,74,-0.004608964973478655,-0.001558864140682903,-0.012090892149399428,0.008665449450456442
Hang Seng (China A) Corporate Sustainability Index,-58,74,-0.007281480277567015,-0.0036540574027482675,-0.019866541333172446,-0.012628992358183266
Hang Seng (China A) Corporate Sustainability Index,-57,74,-0.0028468116267255333,-0.001315775111031925,-0.022922500246016952,-0.014847231427040586
Hang Seng (China A) Corporate Sustainability Index,-56,74,0.007105271672938702,0.008787773690358547,-0.017504412701443806,-0.009955587775790253
Hang Seng (China A) Corporate Sustainability Index,-55,74,-0.000697597467652252,-0.0010306015676294078,-0.019239937270878554,-0.011353876906557647
Hang Seng (China A) Corporate Sustainability Index,-54,74,-0.0019879384257557625,-0.0013566238192441737,-0.021854561835706072,-0.02164384926212648
Hang Seng (China A) Corporate Sustainability Index,-53,74,-0.004127179409851138,-0.005956559802313632,-0.02691381033293664,-0.03342382536618471
Hang Seng (China A) Corporate Sustainability Index,-52,74,0.0002715690257725523,0.0,-0.027863593426647168,-0.027936092853123817
Hang Seng (China A) Corporate Sustainability Index,-51,74,-0.0015423621142350388,-0.002638792464778106,-0.030983663192567536,-0.016659879115228704
Hang Seng (China A) Corporate Sustainability Index,-50,74,0.009075992763534754,0.005695976829830696,-0.02217993783392581,-0.021416118328281553
Hang Seng (China A) Corporate Sustainability Index,-49,74,-0.002235177307797269,-0.0028672153128842526,-0.024875214893475828,-0.01782115236153292
Hang Seng (China A) Corporate Sustainability Index,-48,74,0.0008976140264108195,0.0002104693992572848,-0.024999488177261574,-0.020157605173161508
Hang Seng (China A) Corporate Sustainability Index,-47,74,0.0001304311470209794,0.0,-0.025678905398198847,-0.025414088550297698
Hang Seng (China A) Corporate Sustainability Index,-46,74,-8.598604015124755e-05,-0.003257623960247369,-0.025384648551005293,-0.025533410460722605
Hang Seng (China A) Corporate Sustainability Index,-45,74,0.0021000883207533474,0.0005477682452915689,-0.023718634823637966,-0.030272209989961385
Hang Seng (China A) Corporate Sustainability Index,-44,74,0.010460198760719245,0.006919185819328599,-0.014403309734898274,-0.012205391478355143
Hang Seng (China A) Corporate Sustainability Index,-43,74,0.0018218149438359386,0.0020767264820480413,-0.012171264356487434,-0.011503445363095277
Hang Seng (China A) Corporate Sustainability Index,-42,74,0.004411783011374492,0.001386233795822256,-0.00884275896291648,-0.007910221683312124
Hang Seng (China A) Corporate Sustainability Index,-41,74,0.014685663355651728,0.008773623983006296,0.005628616695353493,0.004940876347015233
Hang Seng (China A) Corporate Sustainability Index,-40,74,0.0011076445061787678,0.0018091046174963932,0.0056500251684204516,0.00188436670296388
Hang Seng (China A) Corporate Sustainability Index,-39,74,0.010390396522693954,0.004992127744024688,0.015279761949218512,-0.0012925348623241129
Hang Seng (China A) Corporate Sustainability Index,-38,74,-0.002452313002753568,-0.0012340869947364275,0.01134320521737311,0.0
Hang Seng (China A) Corporate Sustainability Index,-37,74,-0.009603511327674114,-0.006514928407308884,0.000760208478844042,-0.0075439407172284145
Hang Seng (China A) Corporate Sustainability Index,-36,74,-0.00889289937941426,-0.002603569200503253,-0.009085444425361225,-0.00914772191362423
Hang Seng (China A) Corporate Sustainability Index,-35,74,0.0025677877663886762,0.001363590250732849,-0.007120496698313556,-0.007692552702971145
Hang Seng (China A) Corporate Sustainability Index,-34,74,0.011602572394339306,0.0061875584860553445,0.0035078431563720655,0.004031679800604759
Hang Seng (China A) Corporate Sustainability Index,-33,74,0.001222766154962496,0.0,0.004234232936323313,0.0006722237270850862
Hang Seng (China A) Corporate Sustainability Index,-32,74,0.007575166287577829,0.0006570218145287576,0.011321823770718146,0.007393139106093627
Hang Seng (China A) Corporate Sustainability Index,-31,74,0.0003628603255174532,0.00011746148038749293,0.01064446540596665,0.012356000045101845
Hang Seng (China A) Corporate Sustainability Index,-30,74,-0.011876881268648868,-0.004846870205061415,-0.0017111602027425087,0.004882241894242245
Hang Seng (China A) Corporate Sustainability Index,-29,74,0.0001391458291953292,0.0,-0.0020176811648221554,0.005395285788439508
Hang Seng (China A) Corporate Sustainability Index,-28,74,-0.003987549861682901,0.0,-0.0059158632052514395,-0.0033701003462578427
Hang Seng (China A) Corporate Sustainability Index,-27,74,0.004253974823278927,0.00549297870646126,-0.0014303794323439457,0.000541904340758681
Hang Seng (China A) Corporate Sustainability Index,-26,74,-0.0030996040293037584,-0.007822858992082182,-0.004621771816032113,-0.004985332620282501
Hang Seng (China A) Corporate Sustainability Index,-25,74,-0.003406985552146739,-0.008745885112059426,-0.008193419734935568,-0.0036911832146675483
Hang Seng (China A) Corporate Sustainability Index,-24,74,0.007637928428645261,-0.0023058412012684215,-0.0008386149630345938,-0.003943117890388814
Hang Seng (China A) Corporate Sustainability Index,-23,74,-0.0026309234040101884,-0.005369765830091078,-0.0044502564529049745,-0.009214270891704957
Hang Seng (China A) Corporate Sustainability Index,-22,74,0.002290363022780301,-0.0019524690667250266,-0.0017824689846222736,-0.0034259226857214498
Hang Seng (China A) Corporate Sustainability Index,-21,74,0.0029703637076390417,0.003152039062887968,0.00039713347263849435,-0.0018037781695104393
Hang Seng (China A) Corporate Sustainability Index,-20,74,-0.003977114340807635,-0.006299947083153512,-0.0037426527712874943,-0.0072800161366706195
Hang Seng (China A) Corporate Sustainability Index,-19,74,0.005646954185318196,0.0036446787167019323,0.0004356073168393761,-0.004883670695552456
Hang Seng (China A) Corporate Sustainability Index,-18,74,0.0008238865646802024,0.00036419756001992987,0.0006233340521975625,-0.010415905027242878
Hang Seng (China A) Corporate Sustainability Index,-17,74,-0.005722065165606459,-0.003926853310089129,-0.005900050836466148,-0.00900249630323019
Hang Seng (China A) Corporate Sustainability Index,-16,74,0.001590573383155886,0.0,-0.005110925238668323,-0.0008143746418113884
Hang Seng (China A) Corporate Sustainability Index,-15,74,-0.001290394158704711,-0.0017474241435126436,-0.006953207549986187,-0.003766624917602379
Hang Seng (China A) Corporate Sustainability Index,-14,74,0.013674722529741667,0.014217607072948057,0.005987947573754819,0.002912795413779534
Hang Seng (China A) Corporate Sustainability Index,-13,74,-0.0044259290542911466,-0.003908219756140252,0.0012114552472335064,0.0
Hang Seng (China A) Corporate Sustainability Index,-12,74,-0.0015793282222728773,-0.0022675324400794894,-0.001029465256420479,-0.005582783315988826
Hang Seng (China A) Corporate Sustainability Index,-11,74,-0.0029879559166181477,-0.0034542383235414698,-0.004711037145692736,-0.008070938093826419
Hang Seng (China A) Corporate Sustainability Index,-10,74,0.0025820540161466386,0.001791363227153786,-0.0025283382381299565,0.002048318195118526
Hang Seng (China A) Corporate Sustainability Index,-9,74,0.00712863934956719,0.003473485707962354,0.004567127202840385,0.014407178228768913
Hang Seng (China A) Corporate Sustainability Index,-8,74,0.0033481343578921374,0.002878708657207074,0.007433245377283445,0.012261032601249222
Hang Seng (China A) Corporate Sustainability Index,-7,74,-0.004602939528295404,-0.0042056824721540265,0.0022658161464889173,-0.0006936574946938001
Hang Seng (China A) Corporate Sustainability Index,-6,74,-0.001955015927602643,-0.002632165878038717,-0.00019459566913332093,-0.0009368699773426026
Hang Seng (China A) Corporate Sustainability Index,-5,74,0.002971755622944745,0.0048623751185077335,0.0027265860596433797,0.011370339172871224
Hang Seng (China A) Corporate Sustainability Index,-4,74,-0.002281372649265021,-0.0037111074237214936,-0.00016211325096410963,-0.001207229939583554
Hang Seng (China A) Corporate Sustainability Index,-3,74,0.01002541383905275,0.007237300120568002,0.009306981180022753,0.003372572438928745
Hang Seng (China A) Corporate Sustainability Index,-2,74,-0.005740499453814062,-0.003969962234004587,0.0026633572030357426,0.004510560452736567
Hang Seng (China A) Corporate Sustainability Index,-1,74,0.00011231913545796053,-0.00218505319246709,0.0024691469965040266,0.0017859156825623668
Hang Seng (China A) Corporate Sustainability Index,0,74,-0.0020805918590493973,-0.0017827300957133918,0.0,0.0
Hang Seng (China A) Corporate Sustainability Index,1,74,-0.0012002286007887235,-0.0037498337994153474,-0.0012002286007887235,-0.0037498337994153474
Hang Seng (China A) Corporate Sustainability Index,2,74,0.0013826195409691112,0.0019178867995063298,0.00027916593926195364,-0.0030678726844187154
Hang Seng (China A) Corporate Sustainability Index,3,74,-0.007253775501787749,-0.003154483393952634,-0.006760980452291518,-0.00619837703773074
Hang Seng (China A) Corporate Sustainability Index,4,74,0.0052609341849042595,0.005397560018787773,-0.0014637302828507993,-0.003409895313893019
Hang Seng (China A) Corporate Sustainability Index,5,74,-0.0013528615552786919,0.0,-0.003336497128138944,-0.002706167163238904
Hang Seng (China A) Corporate Sustainability Index,6,74,-0.005062029016443229,-0.0057029310771603,-0.008303436678616731,-0.010524022263086796
Hang Seng (China A) Corporate Sustainability Index,7,74,0.004518130139180232,0.0026962139975366117,-0.004314997956492156,-0.007210870845487938
Hang Seng (China A) Corporate Sustainability Index,8,74,0.005637970282567871,0.003319636367662415,0.0015411940848788872,-0.003877706148428084
Hang Seng (China A) Corporate Sustainability Index,9,74,-0.0003745809233923773,-0.0016229350129186026,0.0008626037099789593,-0.0025316719868705984
Hang Seng (China A) Corporate Sustainability Index,10,74,0.015562129897339483,0.013350961868976663,0.016204507149046678,0.009665400928223766
Hang Seng (China A) Corporate Sustainability Index,11,74,0.0030412261274957984,0.0005747870423294943,0.018937734286976964,0.01561140749555745
Hang Seng (China A) Corporate Sustainability Index,12,74,0.003389516425337032,0.0007710854203152318,0.02272630915177913,0.015229504044562137
Hang Seng (China A) Corporate Sustainability Index,13,74,0.0055295773680669544,-0.000328414733375193,0.029116291844439278,0.012560900959849741
Hang Seng (China A) Corporate Sustainability Index,14,74,0.008710471160460507,0.00263957004213744,0.04003349167090958,0.0151731017042539
Hang Seng (China A) Corporate Sustainability Index,15,74,0.0012437386952807747,-0.007201699467017597,0.04414381795471078,-0.001472018361460159
Hang Seng (China A) Corporate Sustainability Index,16,74,-0.015687611814923768,-0.0014614940767400664,0.0238956836146581,-0.00801575479167771
Hang Seng (China A) Corporate Sustainability Index,17,74,0.0054515563706217345,0.004289137183754788,0.028616611222995376,-0.004327002355823506
Hang Seng (China A) Corporate Sustainability Index,18,74,-0.006093084253203501,-0.003937001937404261,0.02182680503984716,-0.01368037014439083
Hang Seng (China A) Corporate Sustainability Index,19,74,0.014851227210648531,0.011625991182220519,0.03680474945309467,-0.007215038258342632
Hang Seng (China A) Corporate Sustainability Index,20,74,-0.002247071669969533,-0.0036705097894593752,0.033537916354974315,-0.006105003493278249
Hang Seng (China A) Corporate Sustainability Index,21,74,-0.004954705039381578,-0.003580392208465011,0.027948741907028708,-0.00776732685577175
Hang Seng (China A) Corporate Sustainability Index,22,74,-0.004261701062764512,-0.00405629612228986,0.02304965350087248,-0.008803714737820656
Hang Seng (China A) Corporate Sustainability Index,23,74,0.00423337162655809,-0.00023685998561584487,0.028627972680205546,-0.005561034637255269
Hang Seng (China A) Corporate Sustainability Index,24,74,0.005097208997947633,0.000327279939338343,0.0334367136446362,-0.010069258182852314
Hang Seng (China A) Corporate Sustainability Index,25,74,0.008215288259754453,0.002893088225528251,0.04156034950842678,-0.0012854046497434157
Hang Seng (China A) Corporate Sustainability Index,26,74,-0.001194715892297696,0.00012730228439850055,0.04088679805681742,-0.00801105211051395
Hang Seng (China A) Corporate Sustainability Index,27,74,-0.004661058003176669,-0.0047099234611284735,0.035557519734805365,-0.011489742971346917
Hang Seng (China A) Corporate Sustainability Index,28,74,0.00236285477429308,0.0004659939099938004,0.038776031728950076,-0.0019215391380089097
Hang Seng (China A) Corporate Sustainability Index,29,74,0.0029515309597113234,0.0,0.0414625643951152,0.0008642752412948429
Hang Seng (China A) Corporate Sustainability Index,30,74,-0.004355160783505512,-0.00393500740862196,0.03635435089279331,-0.005233323575152826
Hang Seng (China A) Corporate Sustainability Index,31,74,-0.0049678748164933995,-0.005177345008947398,0.031181521191541172,-0.01354073213324064
Hang Seng (China A) Corporate Sustainability Index,32,74,-0.0009736548767813738,0.0,0.031046826500444772,-0.005515772847360545
Hang Seng (China A) Corporate Sustainability Index,33,74,-0.002043742808760152,-0.00332904634192277,0.029118584320059666,-0.004388462553036432
Hang Seng (China A) Corporate Sustainability Index,34,74,0.00951850535106043,0.008994621441264838,0.03900401178566155,0.009914422787112964
Hang Seng (China A) Corporate Sustainability Index,35,74,0.005328831761847824,0.0016656737092898277,0.046844939895893556,0.010784553641185912
Hang Seng (China A) Corporate Sustainability Index,36,74,0.005219270566857098,0.004465340460411804,0.05115526878183747,0.01311310373643626
Hang Seng (China A) Corporate Sustainability Index,37,74,0.0037378718107322854,-0.002310843160160614,0.05702875060727221,0.01438047080867233
Hang Seng (China A) Corporate Sustainability Index,38,74,0.0038283419892572415,0.0,0.06146261251355972,0.014308984095695143
Hang Seng (China A) Corporate Sustainability Index,39,74,0.0023382704022853625,-6.412802233363157e-05,0.06417541296919553,0.014046753508786036
Hang Seng (China A) Corporate Sustainability Index,40,74,0.0020658088829078004,0.0019800012422498403,0.06579378072383384,0.013007433975232408
Hang Seng (China A) Corporate Sustainability Index,41,74,-0.00034232953627156177,0.0,0.06505769442290653,0.013662115470575498
Hang Seng (China A) Corporate Sustainability Index,42,74,-0.004813194096511267,-0.007222195465846737,0.057318312473329434,0.01281707700320378
Hang Seng (China A) Corporate Sustainability Index,43,74,0.002091456969137598,0.0021784427169131426,0.05903657184441501,0.020992286088889034
Hang Seng (China A) Corporate Sustainability Index,44,74,-0.004321904746974495,-0.0047931295613047875,0.05530154827493897,0.013884944401381993
Hang Seng (China A) Corporate Sustainability Index,45,74,0.004285584995002992,0.005323249857595358,0.05899289382185136,0.02321334287553778
Hang Seng (China A) Corporate Sustainability Index,46,74,-0.00041383941727341693,0.0,0.05822510620156105,0.012324676667987311
Hang Seng (China A) Corporate Sustainability Index,47,74,-0.003536309763080164,-0.0033279371477306086,0.055020905919627223,0.008586849293301002
Hang Seng (China A) Corporate Sustainability Index,48,74,-0.0026553311659514712,-0.0026183378529698875,0.0502800465978267,0.009956915890708129
Hang Seng (China A) Corporate Sustainability Index,49,74,-0.0004362209278693811,-0.0007713429908075553,0.05092029597618839,-0.0007507321526863953
Hang Seng (China A) Corporate Sustainability Index,50,74,0.00533443391322562,0.003579508887335381,0.05646474465823276,0.0066511026894030545
Hang Seng (China A) Corporate Sustainability Index,51,74,0.002603677234704782,0.0,0.05960733770881939,0.003976704261059005
Hang Seng (China A) Corporate Sustainability Index,52,74,-0.0026360353374980886,-0.0033229903365760705,0.05629204594317436,0.007211981184295335
Hang Seng (China A) Corporate Sustainability Index,53,74,-0.0031211948659694913,-0.001530064528228181,0.05299296147329927,-0.004338466699418508
Hang Seng (China A) Corporate Sustainability Index,54,74,0.0030425670540029197,0.0014775842153943453,0.05693192395205587,-0.00019720428046504646
Hang Seng (China A) Corporate Sustainability Index,55,74,0.005993929542334939,0.002270922918638729,0.062469658770018345,0.010050381481818027
Hang Seng (China A) Corporate Sustainability Index,56,74,0.0031039838018223753,0.0025807979281429194,0.06532102512162828,0.013634607503317686
Hang Seng (China A) Corporate Sustainability Index,57,74,-0.0019634666920874,-0.0029405940313534384,0.06277886237500224,0.011983293356958136
Hang Seng (China A) Corporate Sustainability Index,58,74,0.0031486515692131668,0.003880066257998749,0.06613235427828601,0.008501485993000157
Hang Seng (China A) Corporate Sustainability Index,59,74,-0.001547399001656321,-0.0016793693819165956,0.06502690461652122,0.006842636832227522
Hang Seng (China A) Corporate Sustainability Index,60,74,-0.0009708477402772763,-0.0015953713993545615,0.06450350056893354,0.004566557360365486
Hang Seng Biotech Index,-60,5,,,-0.1188219947007049,-0.09696967814141588
Hang Seng Biotech Index,-59,5,-0.024827565746980952,-0.02684561181007228,-0.11688854296638714,-0.121212079614756
Hang Seng Biotech Index,-58,5,-0.0029738247727618904,0.02495833823922844,-0.12941361929006062,-0.09696967814141588
Hang Seng Biotech Index,-57,5,-0.012030275534411916,-0.034749002761329084,-0.14543921792366274,-0.036363602210010226
Hang Seng Biotech Index,-56,5,-0.0012297036234756753,-0.006289302046118661,-0.14997483024089647,-0.04242420257834523
Hang Seng Biotech Index,-55,5,0.01644393525647576,0.021428585052490234,-0.14093210864445582,-0.07272727666807577
Hang Seng Biotech Index,-54,5,0.016374923779705352,-0.01960782480441492,-0.15382478654753984,-0.09090907777308088
Hang Seng Biotech Index,-53,5,0.055364329083103625,0.01993353587031299,-0.10983128179002852,-0.0853199305193798
Hang Seng Biotech Index,-52,5,0.00917566884745058,-0.01302930381851053,-0.11389881880960233,-0.0790463807011732
Hang Seng Biotech Index,-51,5,-0.0013957494704744944,0.020408143405366452,-0.11910281673615744,-0.09090907777308088
Hang Seng Biotech Index,-50,5,-0.011897382185682547,-0.006666660308837891,-0.1234419325446449,-0.07368414272121437
Hang Seng Biotech Index,-49,5,0.029386015589419046,0.004054017916833796,-0.09664880613733191,-0.109090878878086
Hang Seng Biotech Index,-48,5,-0.019515564438492984,-0.020344335222454157,-0.11235510393283195,-0.10701748720863369
Hang Seng Biotech Index,-47,5,0.008839958187293395,0.003929269219441034,-0.09897232748499818,-0.106649928106476
Hang Seng Biotech Index,-46,5,0.027633300727806186,0.03792134624526233,-0.0777359024785295,-0.1272726799830911
Hang Seng Biotech Index,-45,5,0.020888096623968688,0.012857164655412978,-0.06068879967046938,-0.15757575407282154
Hang Seng Biotech Index,-44,5,0.017417711124077417,0.012820561935890318,-0.051232134387467744,-0.09824560728393039
Hang Seng Biotech Index,-43,5,0.0013862805149250424,-0.014388475634778741,-0.05993521576473362,-0.16969695480949165
Hang Seng Biotech Index,-42,5,0.025402536266836463,0.024856582333166566,-0.03535831180191742,-0.0999999498066132
Hang Seng Biotech Index,-41,5,-0.026478209408723852,-0.011194001701525846,-0.06812784334901997,-0.09473683858292026
Hang Seng Biotech Index,-40,5,-0.12876617446638766,-0.18490564598227444,-0.19471740041219157,-0.18181815554616165
Hang Seng Biotech Index,-39,5,0.01943101744507094,0.003984059960657982,-0.18479216711083174,-0.19393935628283177
Hang Seng Biotech Index,-38,5,0.013846761948808583,0.007518789579387564,-0.17955796603497845,-0.18787875591449676
Hang Seng Biotech Index,-37,5,0.0230326206818277,0.019193858527591257,-0.16954963875570025,-0.2181818300042272
Hang Seng Biotech Index,-36,5,0.002709747979010091,0.016949181765373078,-0.16655112210814954,-0.19999995665116677
Hang Seng Biotech Index,-35,5,0.027631925634450806,0.04347832396711104,-0.14776779379527308,-0.16562104511579634
Hang Seng Biotech Index,-34,5,0.02218174758854947,0.0,-0.1337193965424234,-0.18596490846483027
Hang Seng Biotech Index,-33,5,0.01743455882699374,0.04491017758899729,-0.11818616666533333,-0.1769134108569661
Hang Seng Biotech Index,-32,5,-0.007547439291623337,-0.005464536310010759,-0.12410966977818394,-0.16813045307727792
Hang Seng Biotech Index,-31,5,0.044188038103515306,0.049773743289577954,-0.08720352224835219,-0.12672519179832886
Hang Seng Biotech Index,-30,5,-0.00036378911314265404,-0.018080709654643146,-0.08802942940477143,-0.08421053247988963
Hang Seng Biotech Index,-29,5,0.007888797602558627,-0.036398388509575996,-0.084778299696832,-0.11754379331166431
Hang Seng Biotech Index,-28,5,0.004521260791746329,0.0,-0.0806112225065253,-0.13299874161653547
Hang Seng Biotech Index,-27,5,0.0027136388961369827,-0.007272755015980126,-0.07981817722545137,-0.09999996682871948
Hang Seng Biotech Index,-26,5,-0.02445511867553347,-0.01147226435195503,-0.10275591372215556,-0.15934755512659493
Hang Seng Biotech Index,-25,5,0.007459840833985187,-0.007633580839735754,-0.09275409397587901,-0.172826103542162
Hang Seng Biotech Index,-24,5,0.09291960650168832,0.0880421118525403,-0.0018460173785993295,-0.09999996682871948
Hang Seng Biotech Index,-23,5,-0.008876977346971727,-0.012077294240857794,-0.013702402872156138,-0.11086953204611072
Hang Seng Biotech Index,-22,5,-0.03430404029688024,-0.038461549599123734,-0.049096524997705226,-0.16666663878145183
Hang Seng Biotech Index,-21,5,-0.00781445222131003,0.022900833518668895,-0.06231091336915033,-0.14736836909807338
Hang Seng Biotech Index,-20,5,0.031987066148869946,0.023709912759417362,-0.033300954243274464,-0.0790463807011732
Hang Seng Biotech Index,-19,5,0.0058363104850511546,0.024232632682131383,-0.02686012229618868,-0.10303027850975088
Hang Seng Biotech Index,-18,5,-0.008043960713796827,-0.033783831676485354,-0.039964563759931,-0.13333335259948143
Hang Seng Biotech Index,-17,5,-0.008715811638710847,0.0015151862161113527,-0.057307846557408525,-0.10108698969301966
Hang Seng Biotech Index,-16,5,-0.0228673613898563,-0.019538211594748334,-0.08040484569753477,-0.10434780950131628
Hang Seng Biotech Index,-15,5,0.004689368257694104,0.010558023169826347,-0.07866895567019001,-0.12391306006390113
Hang Seng Biotech Index,-14,5,-0.0014269133550077306,0.003722122300711117,-0.08281530256478767,-0.10303027850975088
Hang Seng Biotech Index,-13,5,0.05135805966193034,0.022687628971760132,-0.03687022378496525,-0.045169343306668996
Hang Seng Biotech Index,-12,5,0.04867262145151052,0.02277904248842688,0.00987385911981884,0.019565250562584957
Hang Seng Biotech Index,-11,5,0.002678873809043858,0.0,0.012387116076329719,0.04210530806776713
Hang Seng Biotech Index,-10,5,0.029831163032317164,0.035389281557130836,0.04183221028451441,0.10175445964058527
Hang Seng Biotech Index,-9,5,-0.05531401411625005,-0.028089888844431754,-0.020303423112438268,-0.04848480294668034
Hang Seng Biotech Index,-8,5,-0.0019508962011693498,0.0063694204644377805,-0.021226946679706194,-0.04242420257834523
Hang Seng Biotech Index,-7,5,0.013815148109010944,-0.016198704370596784,-0.01064400030267374,-0.0035087687010102453
Hang Seng Biotech Index,-6,5,0.03302241403472572,0.026995249985784397,0.022484516363931718,0.05263161417079765
Hang Seng Biotech Index,-5,5,-0.026688603563162917,-0.0313252828207361,-0.0051133146140539985,-0.012121200736670112
Hang Seng Biotech Index,-4,5,0.036549539481301685,-0.010373443819205241,0.02455690523706928,0.03695653832477075
Hang Seng Biotech Index,-3,5,-0.014688669972492518,0.0064516069489635175,0.006908018678957561,-0.01265827572791911
Hang Seng Biotech Index,-2,5,-0.004870479913440873,-0.01068376085792866,0.0012166118640626554,-0.02320679859509689
Hang Seng Biotech Index,-1,5,-0.0019421744990658185,-0.008639259563128943,-0.002329181812847092,0.0
Hang Seng Biotech Index,0,5,0.0027532717540057704,0.0,0.0,0.0
Hang Seng Biotech Index,1,5,-0.019326345171444093,0.004347842672596913,-0.019326345171444093,0.004347842672596913
Hang Seng Biotech Index,2,5,-0.003995171198691772,-0.012048181523292234,-0.022716169014405364,-0.006060600368335001
Hang Seng Biotech Index,3,5,-0.006882076278714955,-0.011013215488880346,-0.030567268821430772,-0.030303001841675226
Hang Seng Biotech Index,4,5,0.02921634256946921,-0.006249993946403354,0.0016916200565031847,-0.036363602210010226
Hang Seng Biotech Index,5,5,-0.05275502824143004,-0.0711188582879374,-0.050431345848466626,-0.006060600368335001
Hang Seng Biotech Index,6,5,0.006176981665470293,0.012138217276183694,-0.04673304473780397,-0.030303001841675226
Hang Seng Biotech Index,7,5,-0.04281987514889107,-0.06777496140332562,-0.08907997477917062,-0.0853199305193798
Hang Seng Biotech Index,8,5,0.015751226722937717,0.026839012113218708,-0.07270469976820113,-0.07779170663493495
Hang Seng Biotech Index,9,5,-0.034024553177314475,-0.03388189638529193,-0.10398880342303447,-0.13048933365505389
Hang Seng Biotech Index,10,5,0.012288008218939406,0.024390220854836775,-0.09234607478789818,-0.14805518938542506
Hang Seng Biotech Index,11,5,0.044828774292841225,0.02760087333079153,-0.056763101578563346,-0.12672519179832886
Hang Seng Biotech Index,12,5,0.06542329221263347,0.06813524039529795,0.009012742158648446,-0.08484847740474577
Hang Seng Biotech Index,13,5,-0.011179021781889564,-0.007194226176781449,0.0030307337194091398,-0.06140349409550094
Hang Seng Biotech Index,14,5,-0.010290739316345143,0.0031847102322188903,-0.01861593300817408,-0.024242401473340114
Hang Seng Biotech Index,15,5,-0.025775229185043536,-0.023809538226368665,-0.04590713627115648,-0.01929818602773381
Hang Seng Biotech Index,16,5,0.028105687111872578,0.012345667202249944,-0.022360537572114737,-0.006060600368335001
Hang Seng Biotech Index,17,5,0.04428950727573686,0.014692364111132505,0.023401045690761936,-0.012121200736670112
Hang Seng Biotech Index,18,5,0.01175910257496542,0.006134963492337775,0.03693816561027585,-0.006060600368335001
Hang Seng Biotech Index,19,5,0.016318989579127342,-0.030487776068545913,0.058232066522020086,-0.036363602210010226
Hang Seng Biotech Index,20,5,-0.10897824032800132,-0.04867260919204719,-0.06019059475788195,-0.14767932014049034
Hang Seng Biotech Index,21,5,0.013729487355680092,0.01112880319330789,-0.04295133406826672,-0.1540084982438712
Hang Seng Biotech Index,22,5,0.003352485931973459,0.014433025368622232,-0.04555518664057956,-0.16033759586840934
Hang Seng Biotech Index,23,5,-0.005911066216823535,-0.004559229987694979,-0.05292012496969756,-0.16363635444115665
Hang Seng Biotech Index,24,5,0.029605422637439417,0.036231849629747126,-0.029323235317591866,-0.13333335259948143
Hang Seng Biotech Index,25,5,0.006780514215808919,0.005045428002495855,-0.021913981830478213,-0.13333335259948143
Hang Seng Biotech Index,26,5,0.03813282386448631,0.037037001061669184,0.02102750640017459,-0.06022585090456367
Hang Seng Biotech Index,27,5,-0.02074901507202136,-0.024973962507002456,-4.855535660737153e-05,-0.11403502461065407
Hang Seng Biotech Index,28,5,0.02534360647416851,0.03362396846105109,0.022410470884400447,-0.11403502461065407
Hang Seng Biotech Index,29,5,0.03190569435870185,0.042168604789444286,0.05527733326992128,-0.0421052244121225
Hang Seng Biotech Index,30,5,0.025109361655089167,0.004624273250525723,0.07928733627462228,0.09033874644234308
Hang Seng Biotech Index,31,5,0.019094569292238784,-0.004602987777274747,0.09315875725185015,0.0853199305193797
Hang Seng Biotech Index,32,5,0.01103149896393436,0.005290982102005959,0.10409898888768285,0.1191970277428891
Hang Seng Biotech Index,33,5,0.011542775670586324,0.028571451516975932,0.11355753688083678,0.14385968405270777
Hang Seng Biotech Index,34,5,-0.03285712984108471,-0.026624067184169542,0.07808459854604895,0.09298249606023745
Hang Seng Biotech Index,35,5,0.023370456774852767,0.014084577986089863,0.1019917665486038,0.0964912647612477
Hang Seng Biotech Index,36,5,0.02190829895947175,0.019199981689453027,0.1261068399290152,0.11754387696730895
Hang Seng Biotech Index,37,5,0.03403511441062357,0.04918029125525791,0.15424715858623744,0.1631579537360861
Hang Seng Biotech Index,38,5,-0.05733677305903331,-0.0680061502120547,0.08686417672949472,0.05964915157281814
Hang Seng Biotech Index,39,5,-0.03290017031776493,-0.02736314646862459,0.05436731467390814,0.12105264566831919
Hang Seng Biotech Index,40,5,0.0037008704261045854,0.007824756147039258,0.05909102672897422,0.129824609248667
Hang Seng Biotech Index,41,5,0.011653322797896881,0.024185019632052107,0.07067507708738205,0.03859653936675689
Hang Seng Biotech Index,42,5,0.004621351876533697,0.0,0.07163435113476235,0.11929830314563628
Hang Seng Biotech Index,43,5,0.0054406711973175705,-0.009901006719154726,0.07743098635758874,0.12923465958881564
Hang Seng Biotech Index,44,5,0.015689817550176642,0.011111153496636383,0.09826668400445267,0.14178175922522884
Hang Seng Biotech Index,45,5,-0.003998792784489469,-0.006329107716228521,0.09758309579989419,0.12923465958881564
Hang Seng Biotech Index,46,5,-0.014531957416279351,-0.00976711489214177,0.08282500868190856,0.10288584607875606
Hang Seng Biotech Index,47,5,0.0374975800048948,0.034142639573633726,0.12635207681126215,0.15432873920363166
Hang Seng Biotech Index,48,5,0.05830202058806679,0.06447892215151985,0.1996108376592038,0.13801755753949863
Hang Seng Biotech Index,49,5,0.05150690401700986,-0.004519025021459844,0.2614232660863249,0.12923465958881564
Hang Seng Biotech Index,50,5,0.008343287702606639,0.006410326948300238,0.27673213730317026,0.20577163232850726
Hang Seng Biotech Index,51,5,0.010504148734519103,0.01181588221657437,0.2940136199473364,0.18193228660893457
Hang Seng Biotech Index,52,5,-0.03516715123051182,-0.03564845212383683,0.26986043287948186,0.1317441273793023
Hang Seng Biotech Index,53,5,0.020671444021418406,0.022641487026521023,0.300843091347918,0.18946045066437422
Hang Seng Biotech Index,54,5,0.044495994723510714,0.024691334404499887,0.357579740076803,0.35508161543818084
Hang Seng Biotech Index,55,5,0.04207696047712284,0.016666606326163125,0.44146201058686696,0.3776662272625102
Hang Seng Biotech Index,56,5,0.006877426254577834,-0.014705913737964815,0.4807076889478106,0.28481807285868554
Hang Seng Biotech Index,57,5,-0.024452323757574067,-0.019444426415878624,0.4373561332620385,0.19949820216831093
Hang Seng Biotech Index,58,5,-0.028911500151547087,-0.04393306044549161,0.3895155316907581,0.146800575148192
Hang Seng Biotech Index,59,5,0.017474261413701675,0.0,0.42941521038509245,0.1618570229170817
Hang Seng Biotech Index,60,5,0.023638490155646563,0.03209374912794427,0.4845723525004484,0.2321204458385666
Hang Seng China 50 Index,-60,91,,,0.04698134865275235,0.018055571928436764
Hang Seng China 50 Index,-59,91,-0.002169662241520769,-0.005113199265527224,0.044229951864754126,0.014569490582561073
Hang Seng China 50 Index,-58,91,0.0010627254725733718,0.0,0.04532337655715986,0.0185430282051382
Hang Seng China 50 Index,-57,91,-0.002204664353642044,-0.0023256345205246998,0.04208244877591492,0.019047600882393878
Hang Seng China 50 Index,-56,91,0.0034816210653904897,0.0024510365364791564,0.04429713676798727,0.019047600882393878
Hang Seng China 50 Index,-55,91,0.004320210626857456,0.004492373119629578,0.0478597996901776,0.019047600882393878
Hang Seng China 50 Index,-54,91,-0.0012693715805706094,0.0,0.046459321117763956,0.019047600882393878
Hang Seng China 50 Index,-53,91,0.005336461222391041,0.003153139298133434,0.051737268482068555,0.028571446736653572
Hang Seng China 50 Index,-52,91,-0.0029378222722423533,-0.0036101048852397177,0.04804726609481372,0.021214604234773837
Hang Seng China 50 Index,-51,91,0.004294235368713356,0.002499961853027255,0.05270264398846781,0.020382723384364976
Hang Seng China 50 Index,-50,91,-0.002359133235780483,-0.0036690079623185046,0.04945759386312856,0.017200452755828266
Hang Seng China 50 Index,-49,91,0.0027891008923634844,0.0019467704911255712,0.053784773135719006,0.02234237258498739
Hang Seng China 50 Index,-48,91,-0.00205994985889923,0.0,0.05059072178106811,0.022569380631603853
Hang Seng China 50 Index,-47,91,-0.003603068471643987,-0.0022099952864252925,0.04713367780018543,0.0177706191433864
Hang Seng China 50 Index,-46,91,0.0038776396164748894,0.00344233754276857,0.049978022304307104,0.017031555365026874
Hang Seng China 50 Index,-45,91,0.004333182864038948,0.001763641495159396,0.05178146171183334,0.015816512615651313
Hang Seng China 50 Index,-44,91,0.0009239667704667449,0.0,0.05011778808932749,0.022569380631603853
Hang Seng China 50 Index,-43,91,-0.004248779149676115,-0.0022173455375444906,0.04557167060115192,0.017361093864397548
Hang Seng China 50 Index,-42,91,0.006754199380082097,0.006255592290056899,0.051579749331128216,0.024456563710265833
Hang Seng China 50 Index,-41,91,-0.0002749352622320242,0.0,0.04987566437948048,0.01722013934168909
Hang Seng China 50 Index,-40,91,7.982219307542851e-05,0.0,0.04943390159731603,0.014473629765147766
Hang Seng China 50 Index,-39,91,-0.0017394762402394345,0.00172113112500627,0.04576642496714568,0.021645035942719826
Hang Seng China 50 Index,-38,91,0.0022100566277035607,0.004169957941372537,0.048017104607058075,0.03131767663203355
Hang Seng China 50 Index,-37,91,-0.0011666493322745163,0.0,0.04631973454592747,0.02231567103723675
Hang Seng China 50 Index,-36,91,-0.0017262515022518552,-0.005740615541237837,0.044179753346099915,0.023659245255545525
Hang Seng China 50 Index,-35,91,0.0023466419626945166,0.00348440044620002,0.04541605351832958,0.03345284532673598
Hang Seng China 50 Index,-34,91,-0.00492102155099388,-0.007343992540562727,0.039457905143835695,0.02951381817736287
Hang Seng China 50 Index,-33,91,0.0009141340748710061,-0.0023931519598023865,0.039453112965881706,0.027777750183035854
Hang Seng China 50 Index,-32,91,0.0036225337294122973,-0.003174600050953491,0.042940452514198355,0.029469472305223787
Hang Seng China 50 Index,-31,91,-8.505077265637765e-05,-0.0015797396785469653,0.043047869756147376,0.03095972261364044
Hang Seng China 50 Index,-30,91,-0.00579020927641747,-0.0027700805412326224,0.035634012232129746,0.017398126167675887
Hang Seng China 50 Index,-29,91,-0.010035595032490694,-0.008097158176053498,0.024217873457933702,0.008827199512026596
Hang Seng China 50 Index,-28,91,-0.01355289663178592,-0.0034129172943666575,0.008942742357148127,-0.005338087148860082
Hang Seng China 50 Index,-27,91,0.003153702570315646,0.0020491294692979167,0.011933394223397389,-0.008680588324311511
Hang Seng China 50 Index,-26,91,-0.0016906805547237571,-0.004273500354724069,0.009284688404968608,-0.014207559146049764
Hang Seng China 50 Index,-25,91,-0.0012461450190336862,-0.004115222299809096,0.007611554571820296,-0.013839476820850405
Hang Seng China 50 Index,-24,91,-0.008875164076710849,-0.005270087094713549,-0.002172591162100077,-0.023465785189182076
Hang Seng China 50 Index,-23,91,0.010694864286458727,0.007339442798699913,0.008135908331455362,-0.01865227580811546
Hang Seng China 50 Index,-22,91,-0.0007198436095077272,-0.0013754817153938115,0.00642819455629835,-0.015990183293486893
Hang Seng China 50 Index,-21,91,-0.002673706797659312,0.0,0.0034146549560317343,-0.01626718544807948
Hang Seng China 50 Index,-20,91,-0.0032863286615874435,-0.0032154311255848667,0.0004338752854330776,-0.020467885994093882
Hang Seng China 50 Index,-19,91,0.0052449366494820415,0.003118475397928533,0.004215159145884445,-0.017543912239656678
Hang Seng China 50 Index,-18,91,0.009125888799167202,0.006289352186228392,0.013606198315818482,-0.005535835979788906
Hang Seng China 50 Index,-17,91,0.005912349325378991,0.0013735922742426077,0.01889570108925322,0.005847947508874407
Hang Seng China 50 Index,-16,91,-0.004215676647890805,-0.0033444784051376297,0.012453804593911542,0.0
Hang Seng China 50 Index,-15,91,-4.2874561780894525e-05,-0.0005366785820505315,0.012205725699168411,-0.011013213440709713
Hang Seng China 50 Index,-14,91,0.006436944330398314,0.007248106256146247,0.01709328340205461,-0.0008703087275292454
Hang Seng China 50 Index,-13,91,-0.007089455471866871,-0.007421143384760076,0.009235230555485583,-0.00689333030748529
Hang Seng China 50 Index,-12,91,-0.009644142637989366,-0.0035587155398179027,-0.0015801971133353819,-0.007633554760501093
Hang Seng China 50 Index,-11,91,-0.005021270985840716,-0.003875965410453319,-0.006556958065058044,-0.009210518020258962
Hang Seng China 50 Index,-10,91,-0.009182583587605373,-0.005284990217367946,-0.016785179769837573,-0.01572329986416443
Hang Seng China 50 Index,-9,91,0.011373579060226544,0.0029922587680006885,-0.005806093729388209,-0.0088444356723274
Hang Seng China 50 Index,-8,91,0.006108457567883748,0.003307683313664045,-0.0012741559070105688,-0.016666594762647535
Hang Seng China 50 Index,-7,91,0.01143010957879214,0.005415200363704464,0.009499821688266272,0.0
Hang Seng China 50 Index,-6,91,-0.010821155233577429,-0.009063435621868399,-0.0023107153838992866,0.0
Hang Seng China 50 Index,-5,91,0.003921106656931995,0.0011997417630684737,0.0011043669059823266,0.0029239737544373146
Hang Seng China 50 Index,-4,91,0.0033899472510661483,0.004098402517283439,0.0036873729022753963,0.004076128505128951
Hang Seng China 50 Index,-3,91,-0.004842924951244786,-0.00309594780911282,-0.0017342506566559745,0.0016762772761713673
Hang Seng China 50 Index,-2,91,0.002521424991270219,0.0,0.00012931431997721142,0.002686944296792726
Hang Seng China 50 Index,-1,91,0.0030520827741385955,0.0013140489396203936,0.0026584988419741913,0.0012771196707999088
Hang Seng China 50 Index,0,91,-0.0021397352230826845,-0.0012754907165158924,0.0,0.0
Hang Seng China 50 Index,1,91,-0.0016007945554131142,0.0,-0.0016007945554131142,0.0
Hang Seng China 50 Index,2,91,0.010839988615861664,0.00859598031741915,0.009222470270071175,0.007142907421607392
Hang Seng China 50 Index,3,91,-0.007098027085588586,-0.005681812794001595,0.002012654289304493,0.0014430345064284644
Hang Seng China 50 Index,4,91,0.0008505710601574598,0.0012054656204623093,0.0027761436931280723,0.007812492724042164
Hang Seng China 50 Index,5,91,0.0023051171204020986,0.0005152101473699933,0.005233445670333377,0.0029850718650552555
Hang Seng China 50 Index,6,91,0.003062479784420844,0.002994009197675007,0.008832030462645557,0.001963420122246484
Hang Seng China 50 Index,7,91,-0.005028340074995987,-0.007299320884132654,0.003334173654423375,0.0
Hang Seng China 50 Index,8,91,-0.006267112129306216,-0.0032608412600492187,-0.0025689661737291515,-0.0014429656987560158
Hang Seng China 50 Index,9,91,-0.004565209617064545,-0.003936947957715153,-0.007114318181026576,-0.0072840475884493605
Hang Seng China 50 Index,10,91,0.011285932647415448,0.006504058737032858,0.0034496092906203943,0.0
Hang Seng China 50 Index,11,91,-0.008910120261087633,-0.008064508376086854,-0.005273346223018677,-0.0016155458464287564
Hang Seng China 50 Index,12,91,0.005835388925349854,0.0037036467034270437,-8.579769743184588e-05,-0.0019530766148807555
Hang Seng China 50 Index,13,91,-0.00150101357166391,-0.0016286241469254392,-0.0018890452452183816,-0.011071596540496609
Hang Seng China 50 Index,14,91,-0.0038150855987823095,-0.00421344570974469,-0.005584880009861325,-0.018450166646666433
Hang Seng China 50 Index,15,91,-0.00567094341394415,-0.003831414124593202,-0.011498708994268372,-0.026926731959263095
Hang Seng China 50 Index,16,91,0.0006871079410330903,0.0,-0.010657075906253732,-0.029712222367442864
Hang Seng China 50 Index,17,91,0.0014818509846839028,0.0,-0.009145800935708237,-0.03136532728800012
Hang Seng China 50 Index,18,91,-0.004499310468812639,-0.0027321988603852265,-0.013636587017460209,-0.024193525128260562
Hang Seng China 50 Index,19,91,0.002319241342038131,0.0017094408623694601,-0.011216986235020671,-0.02822577931630399
Hang Seng China 50 Index,20,91,0.005467464719199692,0.002220440216364361,-0.00533909253553861,-0.017681758328068398
Hang Seng China 50 Index,21,91,0.0009222399621898624,0.0,-0.004567264512297606,-0.022700047380638244
Hang Seng China 50 Index,22,91,0.008115538067565502,0.005681767382406999,0.002780980659734686,-0.012096762564130281
Hang Seng China 50 Index,23,91,-0.0010909518181464717,0.0,0.0019103514601698382,-0.008735452879013561
Hang Seng China 50 Index,24,91,0.008589015364105765,0.0031347931924397,0.010253209335611958,-0.002427124350106835
Hang Seng China 50 Index,25,91,0.0034453936314025376,0.0,0.013098695627424682,-0.0023585444627242103
Hang Seng China 50 Index,26,91,-0.002055388816885367,-0.0017637087737699675,0.011029172825362194,0.0
Hang Seng China 50 Index,27,91,-0.0031633274691931844,-0.003802368230680364,0.007467612550715976,-0.0034723015571050952
Hang Seng China 50 Index,28,91,-0.003829800212520535,-0.0025608170388021767,0.0032404737858980587,-0.00553509398266705
Hang Seng China 50 Index,29,91,0.0008292840743600733,-0.0012836652238312762,0.0042970097812462735,-0.00927638499744643
Hang Seng China 50 Index,30,91,-0.0019445434209162617,-0.0020876309236564916,0.0019817609716698222,-0.009523845854259694
Hang Seng China 50 Index,31,91,0.0038420534121898467,0.002232108787842746,0.005642117473805517,-0.00772200061362871
Hang Seng China 50 Index,32,91,0.0012178431253562522,-0.003105587072796623,0.006872263970272549,-0.008356559773682548
Hang Seng China 50 Index,33,91,-0.003960035453978888,-0.007059240204473349,0.003188471317484145,-0.009523845854259694
Hang Seng China 50 Index,34,91,0.004301718798984378,0.005314316206860736,0.007154464072742163,-0.026698946537062618
Hang Seng China 50 Index,35,91,-0.0020923953839548266,-0.0007929639555719348,0.0051249913923085205,-0.016455710490073328
Hang Seng China 50 Index,36,91,-0.006367514431008532,-0.005524870934912274,-0.0012982339061506005,-0.017625193422053376
Hang Seng China 50 Index,37,91,-0.002633697394571552,-0.0012588501505514937,-0.00399950821281251,-0.016129016752173708
Hang Seng China 50 Index,38,91,0.002296664132133066,0.0,-0.002379332656677134,-0.01291516064133369
Hang Seng China 50 Index,39,91,-0.005750817549762209,-0.0038759346070184053,-0.00839404784729558,-0.01880139166966066
Hang Seng China 50 Index,40,91,0.003252783519829899,0.0012414430375198293,-0.00539011668375464,-0.023437478172126713
Hang Seng China 50 Index,41,91,-0.0035093291322993345,-0.005044123273932555,-0.00912153845514032,-0.01953123181010552
Hang Seng China 50 Index,42,91,0.004655415282177443,0.004081628681073202,-0.004519809925910816,-0.020793976239627865
Hang Seng China 50 Index,43,91,0.003120463086943563,0.001559397407151053,-0.0017602794193587188,-0.013232546723281335
Hang Seng China 50 Index,44,91,-0.00035755355526361784,-0.00011634110680058818,-0.0022667352343797437,-0.013888957875743513
Hang Seng China 50 Index,45,91,0.0011225499557972773,0.0,-0.001223560811232272,-0.01175092582610493
Hang Seng China 50 Index,46,91,-0.0010782115058394495,-0.0021447189810647194,-0.0023736107242279944,-0.02236844231588797
Hang Seng China 50 Index,47,91,0.002609163324537127,0.00092766503984687,-8.739318728374073e-05,-0.021052664379665798
Hang Seng China 50 Index,48,91,0.004836861943770144,0.0008634894580339392,0.0050025371312705305,-0.020380435205136882
Hang Seng China 50 Index,49,91,-0.001398383802814051,-8.754426689827621e-05,0.0036972474842614155,-0.02054791757863139
Hang Seng China 50 Index,50,91,-0.0018009432414499435,-0.001328051607330627,0.0018650368462802853,-0.023255740115731505
Hang Seng China 50 Index,51,91,-0.0025700580630158352,-0.004048579088026694,-0.0006534607059821123,-0.03006004517243921
Hang Seng China 50 Index,52,91,0.0020711795121567777,0.0,0.0016667579462529987,-0.021671805829548307
Hang Seng China 50 Index,53,91,-0.0012948529016901227,0.0,8.775559991085187e-06,-0.019976506665297933
Hang Seng China 50 Index,54,91,-0.0017224321990179116,-0.002020152006058873,-0.0020917169545713273,-0.018575833568184263
Hang Seng China 50 Index,55,91,0.003084385292275065,0.0,0.0012472518073919628,-0.013924067365379988
Hang Seng China 50 Index,56,91,-0.0020563565085149537,-0.0016501241153628055,-0.0009142311986289202,-0.016058371884979494
Hang Seng China 50 Index,57,91,-0.001661447182332551,0.0,-0.003161366126397423,-0.0228690508987488
Hang Seng China 50 Index,58,91,-0.004550710233429155,-0.004149419627867079,-0.007915654545803053,-0.027863750352276395
Hang Seng China 50 Index,59,91,-0.00248530849515534,0.0,-0.010379188806587628,-0.02903852220599723
Hang Seng China 50 Index,60,91,0.00046134737200711947,0.0,-0.010066519926611742,-0.03095972261364044
Hang Seng China A Industry Top Index,-60,104,,,0.022093301260004014,0.01745409798182629
Hang Seng China A Industry Top Index,-59,104,-0.013528687709878985,-0.010644816491276632,0.006643466446007235,0.012832699479420562
Hang Seng China A Industry Top Index,-58,104,-0.007260526177600396,-0.0022321336345614284,-0.0036426369185813237,0.003181017608221204
Hang Seng China A Industry Top Index,-57,104,-0.0005909066015168577,0.0,-0.005195633479457811,0.002628090129832672
Hang Seng China A Industry Top Index,-56,104,0.005717437679058685,0.0023168204902225265,-0.0007383424010075826,0.005809905915477809
Hang Seng China A Industry Top Index,-55,104,0.0019819430619481557,0.0008383782464336242,0.0005570501605352199,0.005080601943006302
Hang Seng China A Industry Top Index,-54,104,-0.002961172195991724,-0.0017761542885335602,-0.002642259560197234,0.007964628965074994
Hang Seng China A Industry Top Index,-53,104,0.0019057042189613987,-0.0002270940214151862,-0.0011876156759365948,-0.0011278153371562238
Hang Seng China A Industry Top Index,-52,104,0.005120131076992987,0.0020222942342476014,0.0036148104893308965,0.0015729046917180023
Hang Seng China A Industry Top Index,-51,104,-0.004543610004186788,-0.005204532020742225,-0.001321876157336276,-0.00896706186624635
Hang Seng China A Industry Top Index,-50,104,0.004189176831011124,0.004506316389278786,0.002827373485768522,-0.015197244569894519
Hang Seng China A Industry Top Index,-49,104,0.006268274080379394,0.006369729984631256,0.009255066099169047,0.0007519070074709644
Hang Seng China A Industry Top Index,-48,104,0.0028971224135793863,0.002547549721325315,0.010974695175423679,0.004904921588588795
Hang Seng China A Industry Top Index,-47,104,0.001739189239698242,0.0,0.01164263850974016,-0.00415043586651942
Hang Seng China A Industry Top Index,-46,104,-0.0010623500202232422,-0.002509757426056136,0.009777532038061467,0.004864605052232962
Hang Seng China A Industry Top Index,-45,104,0.0010836613871059826,0.0,0.010232155237591899,0.018319449766436735
Hang Seng China A Industry Top Index,-44,104,0.008540116010333913,0.0072107204339136866,0.017863102030229425,0.03429329659659053
Hang Seng China A Industry Top Index,-43,104,0.001322664482405605,0.0024673495656937217,0.01909147707555027,0.022695829023719027
Hang Seng China A Industry Top Index,-42,104,0.002033959087586088,0.0,0.02022251570270943,0.01955476504340481
Hang Seng China A Industry Top Index,-41,104,0.009572451876084825,0.003994418801219868,0.029876428441203966,0.02698251893004444
Hang Seng China A Industry Top Index,-40,104,-0.004065559935302021,-0.0018548847366631205,0.024312599030264788,0.01820196127246776
Hang Seng China A Industry Top Index,-39,104,0.008860018641701632,0.002810783395783889,0.03329254404981781,0.021623186726833166
Hang Seng China A Industry Top Index,-38,104,0.0011522189595245098,0.0014370944033029742,0.03374220104824572,0.02292370177459213
Hang Seng China A Industry Top Index,-37,104,-0.002120329674647086,-0.0015915571584083077,0.030118132090558216,0.018510477362312927
Hang Seng China A Industry Top Index,-36,104,-0.010819724052710401,-0.008482726664608808,0.019087292871274704,0.003601832174527586
Hang Seng China A Industry Top Index,-35,104,0.002710634446761961,0.0018432202721034852,0.021065178119090675,0.012228082636182802
Hang Seng China A Industry Top Index,-34,104,0.0014711800542859328,0.0,0.02184120790244126,0.004306274439095481
Hang Seng China A Industry Top Index,-33,104,-0.003530203665425721,-0.002022968674460446,0.017105670938517666,0.017967996689357224
Hang Seng China A Industry Top Index,-32,104,0.0028397080806181686,0.0,0.01900678599185749,0.014008340220727056
Hang Seng China A Industry Top Index,-31,104,0.0019959232192383494,0.0013509738039421126,0.02016048888809274,0.014698026831367006
Hang Seng China A Industry Top Index,-30,104,-0.009343181194292421,-0.004704166898902684,0.01037669919339912,-0.005676000011514193
Hang Seng China A Industry Top Index,-29,104,-0.006976125234262304,-0.007467286509241444,0.0026357908132021253,-0.003041375612091335
Hang Seng China A Industry Top Index,-28,104,-0.0027768078737973887,-0.0014252140811797376,-0.0006214087147971548,-0.004013876214307932
Hang Seng China A Industry Top Index,-27,104,-0.00047179279549050437,0.0011230327207394364,-0.0013809007173105209,-0.0024121436419971
Hang Seng China A Industry Top Index,-26,104,-0.003142760555027143,-0.0045134567346090115,-0.004483564477198146,-0.002496736879920358
Hang Seng China A Industry Top Index,-25,104,-0.007753845045857656,-0.007922260232417655,-0.012783795792247655,-0.012208539823080455
Hang Seng China A Industry Top Index,-24,104,0.0005633939013954365,-0.0053052188754040275,-0.012275886230595766,-0.014395537766265176
Hang Seng China A Industry Top Index,-23,104,0.0019177010683746544,0.0015140845326411245,-0.010826932180241692,-0.003676831908038136
Hang Seng China A Industry Top Index,-22,104,0.00044373711590009257,-0.0030617809705076326,-0.010368873695682039,-0.012025076818269587
Hang Seng China A Industry Top Index,-21,104,0.0033857228785963253,0.0022513839717319684,-0.007547114366358256,-0.006381855277425519
Hang Seng China A Industry Top Index,-20,104,-0.006436802616606747,-0.007245531984760356,-0.01460338263962634,-0.008620824763630519
Hang Seng China A Industry Top Index,-19,104,0.008797388729480472,0.010547247948207272,-0.00658782939357461,0.00043447234430921133
Hang Seng China A Industry Top Index,-18,104,-0.0018593962499001222,-0.0028963402426918083,-0.009056192338606465,-0.0018513845930941963
Hang Seng China A Industry Top Index,-17,104,-0.004964068831339833,-0.0035440076331546,-0.014899118905955558,-0.007834547927582314
Hang Seng China A Industry Top Index,-16,104,-0.002621152972208817,-0.003279451444768544,-0.017803848360572087,-0.009882030023748156
Hang Seng China A Industry Top Index,-15,104,-0.004628128199077527,-0.00047037764695084805,-0.022656843722746824,-0.018838522257909496
Hang Seng China A Industry Top Index,-14,104,0.01513934897111752,0.01417379629780291,-0.008471847269987405,-0.0058977675759441794
Hang Seng China A Industry Top Index,-13,104,-0.004031456626208388,-0.0024944960917350767,-0.012870223197718854,-0.009750816782167271
Hang Seng China A Industry Top Index,-12,104,0.0009047395748800779,-0.0019038896713779452,-0.01220985121163622,-0.010306286440573798
Hang Seng China A Industry Top Index,-11,104,0.0010157536576875066,0.0,-0.011912118041764501,-0.0037327594774286266
Hang Seng China A Industry Top Index,-10,104,-0.002779567981656139,-0.0025635667143814045,-0.014901115219111253,-0.0073547089456657555
Hang Seng China A Industry Top Index,-9,104,0.006382265273863482,0.0026939988085896704,-0.008736576828069439,-0.004750107753219712
Hang Seng China A Industry Top Index,-8,104,0.003431677296108395,0.0,-0.0058757662368802786,-0.0035286994703156993
Hang Seng China A Industry Top Index,-7,104,-0.002728971471043846,-0.004066431185516972,-0.00899690408633936,-0.0021554805189603066
Hang Seng China A Industry Top Index,-6,104,-0.003506176783806483,-0.004575161585721299,-0.012901867706760533,-0.007022860115251939
Hang Seng China A Industry Top Index,-5,104,0.007108101358786964,0.005522827418934395,-0.006297215457942752,0.0002919235095663608
Hang Seng China A Industry Top Index,-4,104,0.0008516485862213255,0.0010727939386255825,-0.006171861825134771,-0.0009375544923547752
Hang Seng China A Industry Top Index,-3,104,0.001552929738967968,0.0014679399815233918,-0.005159546918038923,-0.001253619132639494
Hang Seng China A Industry Top Index,-2,104,0.0009850677665492534,0.0006809078984482131,-0.004623796610196538,-0.00023265781131898144
Hang Seng China A Industry Top Index,-1,104,0.004257819937689095,-0.0008083512430310802,-0.00099931548800327,0.0005680516545347736
Hang Seng China A Industry Top Index,0,104,0.0013975985029492355,-0.0005676809787293902,0.0,0.0
Hang Seng China A Industry Top Index,1,104,-0.0015089530941075624,-0.0014756043195893742,-0.0015089530941075624,-0.0014756043195893742
Hang Seng China A Industry Top Index,2,104,0.005588984456617346,0.0024683522419576276,0.0040684871860413386,0.00290371079266194
Hang Seng China A Industry Top Index,3,104,-0.0014196270674451705,-0.0015570451631396476,0.0026261157469471092,0.003959947864242586
Hang Seng China A Industry Top Index,4,104,-0.0007328864235343859,-0.002177285439849408,0.001803641997432074,0.000480965597267069
Hang Seng China A Industry Top Index,5,104,0.00042381789876038496,-0.0024282466296417504,0.0022491072849454767,-0.003914579430312259
Hang Seng China A Industry Top Index,6,104,-0.004055601526519218,-0.003697960830060909,-0.0017729138359563372,-0.0074759758345961935
Hang Seng China A Industry Top Index,7,104,0.00350565979506469,0.0012074732816057532,0.0014428432101327993,-0.005974775122396081
Hang Seng China A Industry Top Index,8,104,0.0006618525455590138,-9.889536779528196e-05,0.0021432915259819783,-0.007649211899009634
Hang Seng China A Industry Top Index,9,104,0.001904682505090012,0.0,0.004062412518860137,-0.009009431363918186
Hang Seng China A Industry Top Index,10,104,0.00781992160335951,0.003033410152370686,0.011326720683245169,0.0014438178283031622
Hang Seng China A Industry Top Index,11,104,0.0029957958259063293,0.0,0.014610631616558834,0.001977088557509221
Hang Seng China A Industry Top Index,12,104,0.0020185305547511115,-0.0015789863260053938,0.016797110829867932,-0.002202350347478732
Hang Seng China A Industry Top Index,13,104,0.0009726419564932175,-0.0034319922551261373,0.018286649693287346,-0.004932352301202092
Hang Seng China A Industry Top Index,14,104,0.0052920406497601,-0.0029828474685047457,0.025487379701455596,-0.013519712960686048
Hang Seng China A Industry Top Index,15,104,0.0025614868328018067,-0.005347813628449216,0.030472982380598344,-0.016963536376703503
Hang Seng China A Industry Top Index,16,104,-0.018596092487103477,-0.00744786743072573,0.007676047049281395,-0.022995365048502747
Hang Seng China A Industry Top Index,17,104,0.005795293328886937,0.002873169636089079,0.013505539644133053,-0.02360887797080108
Hang Seng China A Industry Top Index,18,104,-0.0018880620946767645,0.002320460288513404,0.010324792323407559,-0.02002356224381413
Hang Seng China A Industry Top Index,19,104,0.0067693050235901235,0.003972392769719724,0.017289223875657317,-0.015480701251513407
Hang Seng China A Industry Top Index,20,104,-0.0011351298735318076,0.0015060076247082055,0.014877907686952175,-0.00954090071564595
Hang Seng China A Industry Top Index,21,104,-0.004898288977393751,-0.0038512959190638574,0.009687762724471395,-0.012598737004731242
Hang Seng China A Industry Top Index,22,104,-0.004226434249994151,-0.00402243993096657,0.0051815005560466275,-0.010982979715480679
Hang Seng China A Industry Top Index,23,104,0.00044759754690718555,-0.0009196588419450591,0.006494978151142811,-0.015628834145855697
Hang Seng China A Industry Top Index,24,104,-0.0005740846427967061,-0.0048748773454820316,0.005758376816735522,-0.027429718212095555
Hang Seng China A Industry Top Index,25,104,0.008563906462273568,0.0034309332626814015,0.013494635714335223,-0.01994729836508946
Hang Seng China A Industry Top Index,26,104,-0.003163411401760269,-0.0015196510411478736,0.010218756707410766,-0.02731980544024859
Hang Seng China A Industry Top Index,27,104,-0.004465877374113082,-0.004631058886886696,0.0057296566011644234,-0.028607142823083076
Hang Seng China A Industry Top Index,28,104,-0.00208008983791826,-0.001051323691351913,0.0034328509112512315,-0.026373700537479172
Hang Seng China A Industry Top Index,29,104,0.00011444045096619906,0.0009237355275076853,0.003158556138764687,-0.024151019359504255
Hang Seng China A Industry Top Index,30,104,-0.00010276412849689246,-0.0010823996208764175,0.002785379684534487,-0.01945111192656268
Hang Seng China A Industry Top Index,31,104,-0.003551473561007714,-0.0057960333882425275,-0.001197862773524798,-0.027185607271654533
Hang Seng China A Industry Top Index,32,104,-0.0020195194642427475,-0.0020388313497313737,-0.0033563927947225054,-0.02108334017983554
Hang Seng China A Industry Top Index,33,104,0.0031336249456057714,0.000561338795915467,-0.00024715022907041375,-0.023853836620370383
Hang Seng China A Industry Top Index,34,104,0.005600557887943101,0.005731114159142736,0.005473391521454031,-0.01979797906895131
Hang Seng China A Industry Top Index,35,104,0.0028258896656427166,0.0022903797907103396,0.008970122944849755,-0.015473349439807549
Hang Seng China A Industry Top Index,36,104,0.001394288095292748,0.0,0.009741013232047391,-0.013789156751449483
Hang Seng China A Industry Top Index,37,104,0.007320321204781207,0.001862202418256853,0.018289729727631907,-0.014352719641047063
Hang Seng China A Industry Top Index,38,104,-0.0014406096514717288,-0.0012882806295628213,0.0165372557886815,-0.017819052017907955
Hang Seng China A Industry Top Index,39,104,-0.004216974479133439,-0.004191662084106207,0.012276009743497676,-0.0237775505282809
Hang Seng China A Industry Top Index,40,104,0.0013068495353629407,0.000542803161907468,0.013492056197938772,-0.024395815850678126
Hang Seng China A Industry Top Index,41,104,0.0009536547439950252,0.002048431991232613,0.014705827169404127,-0.02114986398532598
Hang Seng China A Industry Top Index,42,104,0.0015132298538726814,0.000426925035239889,0.015225151216562018,-0.01213368847601165
Hang Seng China A Industry Top Index,43,104,-0.00032601944086173496,-0.0012346039470380044,0.014656103563190796,-0.0161220564018561
Hang Seng China A Industry Top Index,44,104,-0.0006839978379530182,-0.0028645806072745694,0.013950893700805746,-0.013916582543931078
Hang Seng China A Industry Top Index,45,104,0.006828518441110037,0.004829807784005213,0.021101408894759532,-0.00524340762785136
Hang Seng China A Industry Top Index,46,104,0.0015856724729847427,0.0006662059888205007,0.02239684123663578,0.0024739606128474367
Hang Seng China A Industry Top Index,47,104,-0.005919651657735219,-0.004939257567890709,0.01623303525428419,-0.00700293675365915
Hang Seng China A Industry Top Index,48,104,-0.006437483461764487,-0.004225493817575254,0.008651362528862387,-0.009817897039872625
Hang Seng China A Industry Top Index,49,104,-0.0036505443749868796,-0.004097795078076005,0.0057396880394792165,-0.0052362062787176256
Hang Seng China A Industry Top Index,50,104,0.002522322012856434,0.0010083072112588853,0.007985689154833706,-0.01084750077829777
Hang Seng China A Industry Top Index,51,104,0.00400672773217536,0.0021208537188989185,0.012871288547082502,-0.013735183898788084
Hang Seng China A Industry Top Index,52,104,-0.001078512000576994,-0.0024368733523539854,0.0115868141803394,-0.013484076800950928
Hang Seng China A Industry Top Index,53,104,-0.0013788567524542718,-0.0016934931455009905,0.010554879196917607,-0.01120547806675709
Hang Seng China A Industry Top Index,54,104,-0.00048521943683641253,0.0,0.009980611166230289,-0.021178625647483962
Hang Seng China A Industry Top Index,55,104,0.004522504533112087,0.000813320807385276,0.01362939787095008,-0.018012417705636996
Hang Seng China A Industry Top Index,56,104,-0.0009258430236841219,0.0020828997571603614,0.011631127818985156,-0.013199466157972406
Hang Seng China A Industry Top Index,57,104,0.0035784619259942615,0.00029656668208233317,0.015097917389547006,-0.008243483940969742
Hang Seng China A Industry Top Index,58,104,0.003945525871411772,0.0041603897428332814,0.019107561158721285,-0.017081064749353003
Hang Seng China A Industry Top Index,59,104,-0.0019016153342237552,-0.001812307674349145,0.016533191123728537,-0.006765297276308591
Hang Seng China A Industry Top Index,60,104,-0.0003095342776665769,-0.00154689550681264,0.016473217252814747,-0.009605750533456636
Hang Seng China A Top 100 Index,-60,77,,,0.010260278284151136,-0.003910982597797208
Hang Seng China A Top 100 Index,-59,77,-0.011746952375510987,-0.006339138227536623,-0.0027086461228234067,-0.011787807658323102
Hang Seng China A Top 100 Index,-58,77,-0.007757268626230886,-0.0023696096070714434,-0.012416064992489144,-0.01127193675217053
Hang Seng China A Top 100 Index,-57,77,-0.005364405334887117,-0.007543135343513363,-0.018957854919812927,-0.01866250214039078
Hang Seng China A Top 100 Index,-56,77,0.006118612472459961,0.005555550404536813,-0.01361835862312533,-0.014319795217220932
Hang Seng China A Top 100 Index,-55,77,0.0019321551025048398,0.0005814530257612915,-0.012279902062886816,-0.014245033867943402
Hang Seng China A Top 100 Index,-54,77,-0.0017955479395212145,0.0,-0.014385897735432859,-0.0028490067735886804
Hang Seng China A Top 100 Index,-53,77,0.0003246327865907176,-0.0029053761827777524,-0.013920023639434974,-0.0073260698951185255
Hang Seng China A Top 100 Index,-52,77,0.003056088149398431,0.0,-0.011639305723082086,-0.00722026673729903
Hang Seng China A Top 100 Index,-51,77,0.0006982336190764039,-0.0007145116712076183,-0.01162840820121484,-0.010647811389460249
Hang Seng China A Top 100 Index,-50,77,0.003737031162595278,0.0,-0.007777081458532929,-0.015353179649586712
Hang Seng China A Top 100 Index,-49,77,0.005779826500174688,0.004886027762329714,-0.0017171198934684796,-0.009933765423590035
Hang Seng China A Top 100 Index,-48,77,0.002672199985316906,0.002544619316205754,0.0002203278614650616,-0.011411062254744753
Hang Seng China A Top 100 Index,-47,77,-0.0002793312948208844,0.0009199842674443293,-0.00041814781993947277,-0.00865932818730808
Hang Seng China A Top 100 Index,-46,77,-0.003577154112849409,-0.001968455156468263,-0.004715746670148973,-0.012936229947736133
Hang Seng China A Top 100 Index,-45,77,-0.002400004655469699,0.0,-0.008719722734168192,-0.010854464691218313
Hang Seng China A Top 100 Index,-44,77,0.009532008432486647,0.006429069123859099,-0.00019269012622896925,-0.010309329662834377
Hang Seng China A Top 100 Index,-43,77,-0.0005311188977411549,0.0,-0.0015091342386279521,-0.0038834606267375005
Hang Seng China A Top 100 Index,-42,77,0.001921529199340817,0.0,0.001063653700271981,-0.004672929821157856
Hang Seng China A Top 100 Index,-41,77,0.0016846337354484103,-0.001912089645385362,0.0027118331706094644,0.002645500142578028
Hang Seng China A Top 100 Index,-40,77,-0.003572481974082947,-0.002141376599242406,-0.0024508927198307363,0.0023865756343954825
Hang Seng China A Top 100 Index,-39,77,0.010173929684202781,0.003853560829674585,0.00712142205250675,0.0023865756343954825
Hang Seng China A Top 100 Index,-38,77,0.005496744520471668,0.0005537225458225326,0.012006321986160124,0.006230523579077385
Hang Seng China A Top 100 Index,-37,77,-0.001133018097545422,-0.002617798596338705,0.010153341265319107,0.0065574231823122275
Hang Seng China A Top 100 Index,-36,77,-0.007067928450894267,-0.0058708823922705156,0.0025219329706065515,-0.005907822849000488
Hang Seng China A Top 100 Index,-35,77,0.0026509183075302868,0.0019552987797764043,0.004098873681566147,0.005692639452927528
Hang Seng China A Top 100 Index,-34,77,0.0015123322266978705,0.0,0.005744803054054132,0.004773265072407051
Hang Seng China A Top 100 Index,-33,77,-0.0012051076480470622,0.0,0.003979096242421704,0.007113790014099619
Hang Seng China A Top 100 Index,-32,77,0.003091864642287848,0.0007049468348754306,0.0066346765427497765,0.010126620908326833
Hang Seng China A Top 100 Index,-31,77,0.004054204412353087,0.0018082733571946896,0.010233593300662988,0.008522719191002448
Hang Seng China A Top 100 Index,-30,77,-0.012559533554749472,-0.01263541013418401,-0.0028227072041939675,-0.006462029318783036
Hang Seng China A Top 100 Index,-29,77,-0.002584810526554168,-0.0011173529900070367,-0.005923439756538932,-0.002061804585836491
Hang Seng China A Top 100 Index,-28,77,-0.004093156497618932,0.0,-0.01027380794817719,-0.004777540740315445
Hang Seng China A Top 100 Index,-27,77,-0.00554630079144468,-0.004381156774550199,-0.016103422288368405,-0.008522719191002448
Hang Seng China A Top 100 Index,-26,77,-0.0034551594488441816,-0.0035523944085211756,-0.019488507294561547,-0.014207559146049764
Hang Seng China A Top 100 Index,-25,77,-0.008427730200051907,-0.006212417778949986,-0.028055025874763124,-0.018158796437253266
Hang Seng China A Top 100 Index,-24,77,-0.001130810899561039,-0.002525162207878573,-0.028792357638419995,-0.02161102754750943
Hang Seng China A Top 100 Index,-23,77,0.000942972489904573,0.0,-0.02765730307255467,-0.010162640235673814
Hang Seng China A Top 100 Index,-22,77,-0.006269560291651969,-0.007933266697700558,-0.035290242981733375,-0.02045738565212607
Hang Seng China A Top 100 Index,-21,77,0.002688255714164985,0.0024039012616927646,-0.03320868345242938,-0.024730522003932776
Hang Seng China A Top 100 Index,-20,77,-0.004756448041469182,-0.003289470588401344,-0.03847037450040896,-0.027027051140835368
Hang Seng China A Top 100 Index,-19,77,0.013576705643305985,0.012138794297858357,-0.026104530709602013,-0.023923423143372258
Hang Seng China A Top 100 Index,-18,77,0.0001556787320590328,-0.0018404938605218746,-0.02578244624278813,-0.014354053886023399
Hang Seng China A Top 100 Index,-17,77,-0.0031985526236167168,-0.0024629931491653156,-0.02994060325829593,-0.028478937593218623
Hang Seng China A Top 100 Index,-16,77,-0.0019269809068606684,-0.002638519937706696,-0.032574332949460306,-0.02790948175530672
Hang Seng China A Top 100 Index,-15,77,-0.00021388279556591548,-0.0022572804587280837,-0.03305482019631809,-0.022653684926618567
Hang Seng China A Top 100 Index,-14,77,0.015512765407558063,0.01408449379940424,-0.018040701982481963,-0.012626250463290689
Hang Seng China A Top 100 Index,-13,77,-6.32555483630283e-05,0.0,-0.01833552936499901,-0.00689333030748529
Hang Seng China A Top 100 Index,-12,77,0.0007425734424729987,-0.0022936304072485036,-0.017950220041586886,-0.005235597192677299
Hang Seng China A Top 100 Index,-11,77,0.0015044790983950577,0.0,-0.016803901460998458,-0.002398136378626514
Hang Seng China A Top 100 Index,-10,77,-0.0028329311041227173,0.0,-0.01986156439335187,-0.00532390569473018
Hang Seng China A Top 100 Index,-9,77,0.0005202700043737144,-0.0027777752022684066,-0.019703818555608234,-0.004731894177652962
Hang Seng China A Top 100 Index,-8,77,0.0035203320239294475,0.0017668249384155121,-0.016691333487705788,-0.004326658988444976
Hang Seng China A Top 100 Index,-7,77,-0.0012105956369200662,-0.003984059960658093,-0.01821510351838671,-0.003984059960658093
Hang Seng China A Top 100 Index,-6,77,-0.005400493464985418,-0.005747081259150688,-0.02399667330408809,-0.010854464691218313
Hang Seng China A Top 100 Index,-5,77,0.0034373373473795448,0.0015575937579195287,-0.021022352351374594,-0.005976137434728135
Hang Seng China A Top 100 Index,-4,77,0.004184211606073999,0.001872612688940123,-0.017478743958367876,-0.004867504256461541
Hang Seng China A Top 100 Index,-3,77,0.005495999768132915,0.0015527565148800715,-0.012794158309313155,0.0
Hang Seng China A Top 100 Index,-2,77,0.009176113158139577,0.004901956201103674,-0.004207013590462546,-0.0012944663000812318
Hang Seng China A Top 100 Index,-1,77,0.002580352924019467,0.0,-0.0022660820562175744,-0.0016155458464287564
Hang Seng China A Top 100 Index,0,77,0.002850282225358847,0.0016181600581894884,0.0,0.0
Hang Seng China A Top 100 Index,1,77,0.002962880388951115,0.0,0.002962880388951115,0.0
Hang Seng China A Top 100 Index,2,77,0.00515530122931908,0.0033500806749393597,0.008042320888592422,0.005268715762575038
Hang Seng China A Top 100 Index,3,77,0.000615264390692533,0.0,0.008617451328339867,0.0021834561241091954
Hang Seng China A Top 100 Index,4,77,0.0031306368596101613,0.0012054656204623093,0.011711967126007947,0.002409723882008219
Hang Seng China A Top 100 Index,5,77,-0.0015012125292534087,-0.0033783751129669026,0.010060384283156164,0.0011325378328348457
Hang Seng China A Top 100 Index,6,77,-0.005459547520612315,-0.004161185209172413,0.00475506039687099,-0.007821967352936832
Hang Seng China A Top 100 Index,7,77,-0.0025234629834805073,-0.0024814462434759044,0.0021480028486941896,-0.00887314795101346
Hang Seng China A Top 100 Index,8,77,-0.002588805619702243,-0.0011111454023917666,-0.0006181283958587273,-0.014756021489633286
Hang Seng China A Top 100 Index,9,77,-0.0029792059297295286,-0.002183352011190909,-0.0034606150099905334,-0.009511767143338568
Hang Seng China A Top 100 Index,10,77,0.005558702062285696,0.0034883205255127336,0.0014146782738511095,-0.004065036710645509
Hang Seng China A Top 100 Index,11,77,0.004995213808551781,0.0,0.006696383789884167,-0.0051177265498622004
Hang Seng China A Top 100 Index,12,77,-0.001700238487163279,-0.0010288301036119885,0.004688271213833931,-0.006141291382337655
Hang Seng China A Top 100 Index,13,77,-0.006089791262786484,-0.0034246541787590346,-0.0017482736108998783,-0.016859820798897585
Hang Seng China A Top 100 Index,14,77,-0.004650725796920202,-0.004352553175128504,-0.006469119641856337,-0.019650688665309834
Hang Seng China A Top 100 Index,15,77,-0.0017774596331526162,-0.0034153134946931507,-0.008020210934295995,-0.02383653589413337
Hang Seng China A Top 100 Index,16,77,-0.006799921411944531,-0.00600782097151864,-0.015090103390139848,-0.033009723959737336
Hang Seng China A Top 100 Index,17,77,0.005857459333388061,0.004761831669328975,-0.009509405607414517,-0.02933988251852082
Hang Seng China A Top 100 Index,18,77,-0.0008456843177985488,0.002932618872374837,-0.010605989508752224,-0.018513070036084156
Hang Seng China A Top 100 Index,19,77,0.004810258751229332,0.004739564813847963,-0.005865664339802113,-0.022828192764847488
Hang Seng China A Top 100 Index,20,77,0.0056453509279545695,0.004842574458289839,-0.00040720473536851726,-0.01109731229636668
Hang Seng China A Top 100 Index,21,77,-0.00129954900203298,-0.002557542261826362,-0.001558285635990465,-0.015151500555948827
Hang Seng China A Top 100 Index,22,77,-0.00027965143575731604,0.0,-0.0018725848214797187,-0.01972871198340631
Hang Seng China A Top 100 Index,23,77,-0.006930493848637501,-0.002898547920302419,-0.008651466650673923,-0.020560684468429624
Hang Seng China A Top 100 Index,24,77,0.0003924719010041417,-0.0033351439539902605,-0.008434705833941993,-0.024883336187187743
Hang Seng China A Top 100 Index,25,77,0.009186292347254262,0.0034698259031447076,0.0004249489101438809,-0.019661014362917117
Hang Seng China A Top 100 Index,26,77,-0.0037162073022988153,-0.004829230450284938,-0.00360354134321418,-0.025893905080121016
Hang Seng China A Top 100 Index,27,77,-0.00018403560266577745,0.0,-0.0037757446583409943,-0.02272725117600638
Hang Seng China A Top 100 Index,28,77,-0.0024001074536885224,-0.001157433852368328,-0.006327573946723636,-0.028708107772046687
Hang Seng China A Top 100 Index,29,77,0.0029729198843591116,0.0036166329417204324,-0.003653422628749065,-0.02271498547825812
Hang Seng China A Top 100 Index,30,77,0.0021666357699077297,0.000380619404156457,-0.001553004742025865,-0.02649004112957354
Hang Seng China A Top 100 Index,31,77,-0.006089047517086283,-0.0058997695357470015,-0.007714050350893383,-0.02933988251852082
Hang Seng China A Top 100 Index,32,77,-0.003093107375077204,0.0,-0.010726685697615658,-0.028397435987245645
Hang Seng China A Top 100 Index,33,77,0.00138403911314145,-0.002141376599242406,-0.009410584761261026,-0.022325658283472993
Hang Seng China A Top 100 Index,34,77,0.002432551227308396,0.004504435616418112,-0.006764654230201048,-0.03578257311172284
Hang Seng China A Top 100 Index,35,77,0.00206373072666215,0.002666664123535112,-0.004640641046820695,-0.029275745313403267
Hang Seng China A Top 100 Index,36,77,0.004921966914348959,0.002747250048093175,-0.00029397406527907567,-0.026804147834466163
Hang Seng China A Top 100 Index,37,77,0.0007132898382699745,0.0,0.000917248874279086,-0.017114955757907557
Hang Seng China A Top 100 Index,38,77,-0.0016053959304480124,0.0,-0.0005114171945795958,-0.013867438971454149
Hang Seng China A Top 100 Index,39,77,0.0022023785894714778,-0.0015205909258038108,0.0015299410842894658,-0.01581406746302938
Hang Seng China A Top 100 Index,40,77,-0.001877174460102829,0.0005493583029712035,-0.0004405061372140251,-0.015143358037401189
Hang Seng China A Top 100 Index,41,77,0.0012563552241030606,0.0016419953684940758,0.0009823580440964875,-0.021686658712741003
Hang Seng China A Top 100 Index,42,77,0.00545054120905545,0.004098356651125901,0.006137369974048548,-0.015143358037401189
Hang Seng China A Top 100 Index,43,77,0.003221048075089144,0.0021638527109171246,0.009662245259282606,-0.009569369257348859
Hang Seng China A Top 100 Index,44,77,-0.0027068051309720184,-0.005175422189209633,0.007862288959738777,-0.004968939242891657
Hang Seng China A Top 100 Index,45,77,0.004309322267699484,0.003796507301336627,0.012194930362207243,-0.006220834046796964
Hang Seng China A Top 100 Index,46,77,-0.0016279216827949372,-0.0021882338087966247,0.009753844035721906,-0.006779686879303526
Hang Seng China A Top 100 Index,47,77,-0.005823514930057299,-0.006575388451145137,0.004275934695797787,-0.011525428901284385
Hang Seng China A Top 100 Index,48,77,-0.002550916108954871,-0.002832858511134684,0.0011830688831918766,-0.017045339116854574
Hang Seng China A Top 100 Index,49,77,-0.005617452122469076,-0.004464246117236281,-0.003912898250539367,-0.023195914931270267
Hang Seng China A Top 100 Index,50,77,0.0026410339571553924,0.002638519937706807,-0.0013723445455079578,-0.016867455584534063
Hang Seng China A Top 100 Index,51,77,0.003990926872135449,-0.0009524027506510047,0.0033243597721743373,-0.016556275705983503
Hang Seng China A Top 100 Index,52,77,0.0022747252313623303,-0.0010194151483137182,0.00553628076131942,-0.011235944019676425
Hang Seng China A Top 100 Index,53,77,-0.0036453728602287984,-0.003044137047785833,0.0022913720670914134,-0.016556275705983503
Hang Seng China A Top 100 Index,54,77,-0.0017073192268532167,-0.0010448563768427066,0.0004076067787154692,-0.02218278525692341
Hang Seng China A Top 100 Index,55,77,0.0030884191311667517,0.0,0.0036424122846742154,-0.019520874719863524
Hang Seng China A Top 100 Index,56,77,-0.0006347439419323074,0.001555245590795007,0.0014998425826579056,-0.026804147834466163
Hang Seng China A Top 100 Index,57,77,0.0006736526364162588,0.0014099050756246623,0.002039344340505222,-0.027725839001704333
Hang Seng China A Top 100 Index,58,77,-0.0002947992807303336,0.0010792525458163116,0.0006314709960833938,-0.02311242277662362
Hang Seng China A Top 100 Index,59,77,-0.0019376917054295644,-0.0017089539604608905,-0.001860120927840284,-0.024344590023638313
Hang Seng China A Top 100 Index,60,77,0.0006783942351717774,0.0,-0.0010803892164673748,-0.024844780414593592
Hang Seng China AH Index Series,-60,62,,,-0.023914630109328868,-0.03494094197173786
Hang Seng China AH Index Series,-59,62,-0.006954273508910928,-0.008494276078835017,-0.03122041640349454,-0.041179231142725425
Hang Seng China AH Index Series,-58,62,0.0019576779158096505,0.001417381861899325,-0.030220196443857997,-0.050209471856847765
Hang Seng China AH Index Series,-57,62,-0.004508810032147022,-0.0033068381340638497,-0.03499139328629202,-0.05020145889508071
Hang Seng China AH Index Series,-56,62,-0.0013226855145876152,0.0,-0.03657454598061182,-0.052893442644137534
Hang Seng China AH Index Series,-55,62,0.0020230921214474673,0.0,-0.03461850086056701,-0.05221334131964034
Hang Seng China AH Index Series,-54,62,-0.0010496803978087188,0.0,-0.03518890217012377,-0.045061323781108775
Hang Seng China AH Index Series,-53,62,0.0008799346351051904,-0.0018205490649671474,-0.03454625371146028,-0.05058160131796319
Hang Seng China AH Index Series,-52,62,0.004635231247951177,0.00021789097454760764,-0.029452061755069852,-0.038524077506555954
Hang Seng China AH Index Series,-51,62,-0.003359118818917428,-0.0030135479136027543,-0.03282709953853767,-0.03756882647345322
Hang Seng China AH Index Series,-50,62,-0.001178801434637695,-0.0016357802388862197,-0.03349009842576379,-0.03821513077965799
Hang Seng China AH Index Series,-49,62,0.0062973051750109645,0.0028595189607024674,-0.02788052539279897,-0.03446325820236523
Hang Seng China AH Index Series,-48,62,-0.003774991925835485,-0.00310804326222347,-0.03220538806908162,-0.03687063897487336
Hang Seng China AH Index Series,-47,62,-0.0015109750347818355,-0.002944542231547276,-0.03434378164967379,-0.039073513968512774
Hang Seng China AH Index Series,-46,62,0.002716046075417121,0.001986553635696109,-0.031895819379228876,-0.03311052129741482
Hang Seng China AH Index Series,-45,62,-0.0020623726813192864,-0.0015696706934283378,-0.03382565142157585,-0.03407156582763293
Hang Seng China AH Index Series,-44,62,0.0019906457119770854,0.0,-0.03353284586269899,-0.026279630038864688
Hang Seng China AH Index Series,-43,62,-0.0034947728238116775,-0.002380419834744407,-0.03726634406085678,-0.031024963218061252
Hang Seng China AH Index Series,-42,62,0.008864079469333937,0.005246311327942288,-0.028989317488262698,-0.024235697632180808
Hang Seng China AH Index Series,-41,62,-0.0032522172298868586,-0.0008463516339659582,-0.03395831870124007,-0.024675623749089548
Hang Seng China AH Index Series,-40,62,0.0036160694550589757,0.0020515374672168685,-0.03120263568108513,-0.027677130769052094
Hang Seng China AH Index Series,-39,62,0.0020608407362125276,0.0,-0.03050185487326838,-0.02910072836692157
Hang Seng China AH Index Series,-38,62,0.0025194565173622917,0.0024636879289757774,-0.027535921417058504,-0.023328334772776738
Hang Seng China AH Index Series,-37,62,-0.001963113295059346,-0.0005601227713432078,-0.030233667580657375,-0.027109884117571204
Hang Seng China AH Index Series,-36,62,0.009125432682214345,0.006006883452812528,-0.021488474477199197,-0.02009354369339933
Hang Seng China AH Index Series,-35,62,-0.0021675706683665992,-0.001367000157440068,-0.023805677573692268,-0.025245749114036875
Hang Seng China AH Index Series,-34,62,-0.012405497177653836,-0.00613849323722887,-0.03572248961767434,-0.0367890547424895
Hang Seng China AH Index Series,-33,62,0.00041225284229841564,-0.001177618179849238,-0.03616240801739926,-0.03746633557631307
Hang Seng China AH Index Series,-32,62,0.010453737207823511,0.010163670060476915,-0.0273070447735539,-0.024576328784806367
Hang Seng China AH Index Series,-31,62,0.003127026783092636,0.0,-0.024402817339237236,-0.02133167173764955
Hang Seng China AH Index Series,-30,62,0.003491124891511126,0.0041099605586764065,-0.0215172438413832,-0.016446105439573533
Hang Seng China AH Index Series,-29,62,0.006488208678009327,0.00778091170560713,-0.014993683290342367,-0.011941691995637382
Hang Seng China AH Index Series,-28,62,-0.007361782345964491,-0.007337750526183018,-0.022962631263813003,-0.022659974038532482
Hang Seng China AH Index Series,-27,62,0.00062002950402787,0.0,-0.022830603197450797,-0.02232334692136051
Hang Seng China AH Index Series,-26,62,-0.0016459582889494246,0.001500442311341832,-0.024713145097358884,-0.01856785219811713
Hang Seng China AH Index Series,-25,62,0.0007787118212736782,0.0,-0.02379231285218057,-0.025382073760401636
Hang Seng China AH Index Series,-24,62,0.011406234753551544,0.007749443879578655,-0.013167393637189223,-0.008632748300718085
Hang Seng China AH Index Series,-23,62,-0.000460901591175357,-0.0024709785277736707,-0.013800626628380152,-0.006065906501230955
Hang Seng China AH Index Series,-22,62,0.0019422004934794182,0.0,-0.012496457979385929,-0.009208308193785764
Hang Seng China AH Index Series,-21,62,0.00023394097571688421,0.0,-0.0128510598329751,-0.00720396151358671
Hang Seng China AH Index Series,-20,62,-0.0017980698426947766,0.0,-0.014593157901523131,-0.005234571287408618
Hang Seng China AH Index Series,-19,62,0.00515821436330265,0.003411101660779625,-0.010175040061165914,-0.005157819022584498
Hang Seng China AH Index Series,-18,62,0.004550033313416098,0.0003238416176688519,-0.006177036864038769,-0.005631383607312412
Hang Seng China AH Index Series,-17,62,-0.00019272739063239388,0.0,-0.006475894390271637,0.0012416765370683036
Hang Seng China AH Index Series,-16,62,-0.008974281930702804,-0.0071087138963985,-0.01604498381526298,-0.01745229818745969
Hang Seng China AH Index Series,-15,62,-0.014960137291632728,-0.008507646253067658,-0.03151796640818634,-0.02927942605583911
Hang Seng China AH Index Series,-14,62,0.012471392006896578,0.00907257122019145,-0.019771241976749763,-0.017115526424757332
Hang Seng China AH Index Series,-13,62,-0.010514963883483984,-0.005332184491567915,-0.03017499836304041,-0.02496766080227636
Hang Seng China AH Index Series,-12,62,0.004402511740591598,0.0,-0.026183255959320074,-0.021302209724417875
Hang Seng China AH Index Series,-11,62,0.005098124430217703,0.006764572298332383,-0.021735517556402927,-0.010577926883717503
Hang Seng China AH Index Series,-10,62,-0.005036773809878594,-0.0034666252518094076,-0.02666865147093666,-0.0124021722739307
Hang Seng China AH Index Series,-9,62,0.0056945225503612544,0.005848697134505421,-0.0215177089391204,-0.01057041133914266
Hang Seng China AH Index Series,-8,62,0.004343074324278862,0.0003071030429562249,-0.01741829138319029,-0.005192188675453957
Hang Seng China AH Index Series,-7,62,0.0035557211037857642,0.0,-0.01417696402174271,-0.00044366585961169713
Hang Seng China AH Index Series,-6,62,-0.004083597177728012,-0.0031703318021665816,-0.018188639119445706,-0.00744904454450751
Hang Seng China AH Index Series,-5,62,0.006092222785686079,0.003141024358021549,-0.01272171733890654,-0.0072138916057994384
Hang Seng China AH Index Series,-4,62,0.00865463288042382,0.0037393018252964705,-0.004868899856910442,-0.001088280766942451
Hang Seng China AH Index Series,-3,62,-0.0003297462998864024,-0.0019964285557728667,-0.005406226105424515,-0.00027609686760915464
Hang Seng China AH Index Series,-2,62,0.003316414800297628,0.0,-0.0025032277673974128,0.0
Hang Seng China AH Index Series,-1,62,0.00045015812301169917,0.0005959568669066106,-0.0022511946680226313,0.0
Hang Seng China AH Index Series,0,62,0.002447093818504553,0.0,0.0,0.0
Hang Seng China AH Index Series,1,62,-0.0007560918179347307,-0.001392641986813381,-0.0007560918179347307,-0.001392641986813381
Hang Seng China AH Index Series,2,62,0.0023971364291427506,-0.0008859104586383393,0.0016162133669244164,-0.00029799556357307244
Hang Seng China AH Index Series,3,62,-0.002858009439936281,-0.0027053817873821107,-0.0012996068208911075,-0.0024546296609717633
Hang Seng China AH Index Series,4,62,-0.00042684207809908886,-0.0036504096054797985,-0.0015908338921864424,-0.0055657653581725475
Hang Seng China AH Index Series,5,62,-0.0003913464735245174,-0.0016909981385287431,-0.0018781657402467597,-0.008065052015927998
Hang Seng China AH Index Series,6,62,0.009031235147709659,0.004120738239275723,0.007216593109753395,-0.0018683636619283295
Hang Seng China AH Index Series,7,62,0.0007004024192758878,0.0,0.007935636688504211,-0.005664586479679101
Hang Seng China AH Index Series,8,62,0.0011009672792161496,0.0,0.009159822132769894,-0.004026190514171191
Hang Seng China AH Index Series,9,62,-0.0018123834458452692,-0.0008150775134380672,0.00706572320348659,-0.000925947102335678
Hang Seng China AH Index Series,10,62,-0.005087425474384326,-0.003570435369768421,0.0018719024711263106,-0.0032048265814826338
Hang Seng China AH Index Series,11,62,0.0027846881567809316,0.0024813160874304074,0.004836556704090283,-0.0036989053355810375
Hang Seng China AH Index Series,12,62,-0.0007306655956774656,-0.0035094492850263337,0.004115821786944433,0.0
Hang Seng China AH Index Series,13,62,0.0006176406684983784,0.0,0.004662013578646633,-0.009894578693825595
Hang Seng China AH Index Series,14,62,0.0013563289237646524,0.0,0.006222482984237801,-0.00713560796144419
Hang Seng China AH Index Series,15,62,-0.010070410757153371,-0.0056305847391223685,-0.004237944912877733,-0.013943341610107463
Hang Seng China AH Index Series,16,62,-0.008577499044783277,-0.007401246454264432,-0.013099096796050858,-0.018322986511074613
Hang Seng China AH Index Series,17,62,0.0029056472912171905,0.0032301203209498253,-0.010506361046837111,-0.019451309434785014
Hang Seng China AH Index Series,18,62,-2.921058629928505e-05,-0.0011647272643523499,-0.010600406526524492,-0.02395949327451652
Hang Seng China AH Index Series,19,62,-0.0029069259727815284,-0.0070950513239085855,-0.013769697947923579,-0.028877368208565568
Hang Seng China AH Index Series,20,62,0.006499955711557932,0.004224218408186653,-0.007149685898074714,-0.02524627000148366
Hang Seng China AH Index Series,21,62,0.006468009339589314,0.0037997811718443186,-0.0006949141443961419,-0.019415314767972147
Hang Seng China AH Index Series,22,62,0.0020888308690156484,0.0030376169421837407,0.0013807130134248949,-0.01571094558126379
Hang Seng China AH Index Series,23,62,0.0009733937232782132,0.0011328973486465221,0.002400874382485451,-0.017067630042971738
Hang Seng China AH Index Series,24,62,0.00208892713698492,-0.00027610871554850647,0.004393627049675769,-0.019058093324385572
Hang Seng China AH Index Series,25,62,0.006189817792951182,0.003469127743740863,0.010440659847206398,-0.008915763011647204
Hang Seng China AH Index Series,26,62,-0.005163068153717628,-0.0046692591385799065,0.00505176696111893,-0.013664861664254013
Hang Seng China AH Index Series,27,62,-0.0003528099331138931,0.0,0.004573678248198507,-0.00868389170951972
Hang Seng China AH Index Series,28,62,-0.005159482454109881,-0.003796225576219725,-0.0009205115814746733,-0.007043065849604957
Hang Seng China AH Index Series,29,62,-0.006825438939651261,-0.0052738688462282135,-0.00734594066558192,-0.017245607628289972
Hang Seng China AH Index Series,30,62,-0.0036046517810591583,-0.005383297017630184,-0.011195018426044501,-0.019289930263350408
Hang Seng China AH Index Series,31,62,0.00041449367377083626,0.0,-0.010752062204757992,-0.019752620070422833
Hang Seng China AH Index Series,32,62,-0.007867880475793104,-0.005627433583715091,-0.01897488696621378,-0.033614561216928185
Hang Seng China AH Index Series,33,62,0.004555628901108397,0.0028611212594770175,-0.013750577536523138,-0.026508034876002062
Hang Seng China AH Index Series,34,62,0.0016308196382050142,0.003416308140666846,-0.012554761936547306,-0.029610454062191927
Hang Seng China AH Index Series,35,62,-0.0002681019158336267,-0.002208991355551415,-0.01277213596624373,-0.030888793388542557
Hang Seng China AH Index Series,36,62,-0.0034902112575398363,-0.002502902700163623,-0.015944530934451952,-0.02674484082594103
Hang Seng China AH Index Series,37,62,-0.0016038957700097605,-0.0037543756149934215,-0.017649558690082404,-0.021798449237128925
Hang Seng China AH Index Series,38,62,-0.0008198140171425609,-0.0005559854986031398,-0.018835376587209775,-0.01761717498127957
Hang Seng China AH Index Series,39,62,-0.004841191952376301,-0.005087710783824639,-0.02407401395251477,-0.023766237977236593
Hang Seng China AH Index Series,40,62,-0.005297212326747702,-0.001654071682274827,-0.02914612840465364,-0.029914589783661183
Hang Seng China AH Index Series,41,62,0.00326020457378496,0.0,-0.02569912061027763,-0.02474676479252369
Hang Seng China AH Index Series,42,62,0.007480933440043682,0.00565864428464069,-0.018653900965440864,-0.012870377899033891
Hang Seng China AH Index Series,43,62,-0.00253256758041152,-0.0017726025464765982,-0.021424516645269995,-0.027137787961309556
Hang Seng China AH Index Series,44,62,0.001636359261693471,-0.0017616637538173108,-0.019677371711160692,-0.030343245554873666
Hang Seng China AH Index Series,45,62,0.0010941243381381279,0.0,-0.01814681087788512,-0.02124137927051256
Hang Seng China AH Index Series,46,62,-0.00031454357948390577,-0.002816164519392761,-0.018427942387912025,-0.028005397915134234
Hang Seng China AH Index Series,47,62,0.0025890179857111775,0.0,-0.01593963765716841,-0.029114070683906534
Hang Seng China AH Index Series,48,62,0.0011094049403475277,0.0,-0.015075939844348888,-0.02961028769609808
Hang Seng China AH Index Series,49,62,-0.002220138126358732,-0.002711054977207028,-0.017166224251082836,-0.033675922515081336
Hang Seng China AH Index Series,50,62,-0.005439972605212114,-0.003946393514114799,-0.022549038550809652,-0.03605411674576531
Hang Seng China AH Index Series,51,62,-0.003963859192114177,-0.004955606750803643,-0.02725141678083106,-0.02870374205017545
Hang Seng China AH Index Series,52,62,0.003505677140815407,0.0005086586449364328,-0.023853993022883612,-0.02280712620167269
Hang Seng China AH Index Series,53,62,-0.007429229495794133,-0.0034587780879593577,-0.0315021801288853,-0.036035001591766536
Hang Seng China AH Index Series,54,62,-0.010091367027883482,-0.013578026192742287,-0.04166814009649327,-0.048311835514661894
Hang Seng China AH Index Series,55,62,0.0034515195756373456,0.0026072801401210155,-0.03840377862904624,-0.031457884596298724
Hang Seng China AH Index Series,56,62,0.005304643617611023,0.0016205668018618447,-0.03323655169822591,-0.03964870242308555
Hang Seng China AH Index Series,57,62,-0.002768925310353919,-0.0018698178674595445,-0.03648736217935049,-0.0367708489259454
Hang Seng China AH Index Series,58,62,-0.00014382914929000006,-0.0021690507408367865,-0.03672158628344614,-0.03902895443673171
Hang Seng China AH Index Series,59,62,-0.00696903926228773,-0.005050609759659652,-0.043341662529731095,-0.052736178639498865
Hang Seng China AH Index Series,60,62,0.0009540575530874854,0.0018397564435951308,-0.04274394382494649,-0.050961361586327414
Hang Seng China Enterprises Index,-60,130,,,-0.01095710222915262,-0.026038886464201272
Hang Seng China Enterprises Index,-59,130,-0.0007387430602023293,0.0015225249032267962,-0.012356545351736664,-0.021621660771727558
Hang Seng China Enterprises Index,-58,130,-0.0019416044954874375,-0.0018762112419157817,-0.01527295239128229,-0.023305084822058342
Hang Seng China Enterprises Index,-57,130,-0.0016719152462874134,-0.0021777125429530697,-0.01709610693046322,-0.023462337319526294
Hang Seng China Enterprises Index,-56,130,0.0027991245416486496,-0.0006142412300158551,-0.015101879914678467,-0.02131037516869866
Hang Seng China Enterprises Index,-55,130,0.004828313338077617,0.002800683781664537,-0.010635765819549472,-0.0169981503429954
Hang Seng China Enterprises Index,-54,130,-0.0016550184453613978,0.0,-0.013084537942781303,-0.01533926022042792
Hang Seng China Enterprises Index,-53,130,-0.004525800098512518,-0.004017310249894435,-0.017873178994037935,-0.02124329269368902
Hang Seng China Enterprises Index,-52,130,-0.004082994141181794,-0.0024339675132203364,-0.02251765375988311,-0.026681529962706674
Hang Seng China Enterprises Index,-51,130,0.006517744425099826,0.0027155507852010263,-0.01743602978279342,-0.024445937499267878
Hang Seng China Enterprises Index,-50,130,-0.005648492283893454,-0.004268319335059834,-0.02299982866494395,-0.02753492509779748
Hang Seng China Enterprises Index,-49,130,0.00198586860389628,-0.004428465462148035,-0.02164715608553362,-0.03052740254083708
Hang Seng China Enterprises Index,-48,130,0.0038655085426331517,-0.0012808124799022491,-0.01798147424070392,-0.035750609448311266
Hang Seng China Enterprises Index,-47,130,-0.000686577164132495,-0.0018826355398990913,-0.018473857393022642,-0.03581108530106486
Hang Seng China Enterprises Index,-46,130,0.006392398421966539,0.0,-0.011448768434476031,-0.0322399212496734
Hang Seng China Enterprises Index,-45,130,0.006032866173310374,0.0035119635379642355,-0.0075074299916760455,-0.028441880623615134
Hang Seng China Enterprises Index,-44,130,0.0028168530105092257,-0.0025439042912943632,-0.005680027485014442,-0.025090887682331475
Hang Seng China Enterprises Index,-43,130,0.00069030136171146,-0.0022285163912242334,-0.00511489995838836,-0.015238976101881074
Hang Seng China Enterprises Index,-42,130,0.006381636969338747,0.0030951403000717415,-0.001493034140123558,-0.012376163113736238
Hang Seng China Enterprises Index,-41,130,0.0029200535900323695,0.001902196465165762,0.0009519086797946527,-0.01608977526138672
Hang Seng China Enterprises Index,-40,130,0.001575291509362395,0.0,0.001938648961985101,-0.007310593717738734
Hang Seng China Enterprises Index,-39,130,0.0012949926580208967,0.0,0.0026903199928238215,-0.008762414311853595
Hang Seng China Enterprises Index,-38,130,-0.00760154610565562,-0.005546231991510164,-0.0054887399520467395,-0.008559465194509064
Hang Seng China Enterprises Index,-37,130,0.004155617069096858,0.0016460890983565069,-0.0010863628188948712,-0.005532599224968016
Hang Seng China Enterprises Index,-36,130,-0.005125519432395238,-0.0012285509708793718,-0.006449119386111422,-0.00974979883821736
Hang Seng China Enterprises Index,-35,130,0.000983778631871117,-0.0014044479148039857,-0.006914842564758036,-0.009574933261033425
Hang Seng China Enterprises Index,-34,130,0.0015460678572767536,-0.000806431641315053,-0.006288758750331087,-0.0075339743189781205
Hang Seng China Enterprises Index,-33,130,0.007867520146329113,0.0051309324713848525,-0.00024647523283249245,-0.004667930557130606
Hang Seng China Enterprises Index,-32,130,-0.006921350863863498,-0.004256542463732305,-0.006758043575325906,-0.0059965464609633146
Hang Seng China Enterprises Index,-31,130,-0.0003550581791998178,0.0023013003805851806,-0.007884265337428878,-0.013233374389728991
Hang Seng China Enterprises Index,-30,130,-0.0013364390974727558,0.0,-0.009413138989853858,-0.004326248458164039
Hang Seng China Enterprises Index,-29,130,-0.006690579591464222,-0.000427177656856792,-0.015311690657832753,-0.019005170889112077
Hang Seng China Enterprises Index,-28,130,-0.0029452517922913387,0.0,-0.01896835445112548,-0.017427779582651737
Hang Seng China Enterprises Index,-27,130,-0.002285111526923804,-0.003964423523043548,-0.02270522636382822,-0.01827019109446698
Hang Seng China Enterprises Index,-26,130,0.0028161151565003983,0.0009878499030742116,-0.0201753523656395,-0.01486411533050308
Hang Seng China Enterprises Index,-25,130,-0.009794108465972161,-0.009887823081891622,-0.02917733904452819,-0.025865620023378944
Hang Seng China Enterprises Index,-24,130,-0.00568896898628159,-0.0029063240123955447,-0.035223380831033255,-0.029564469191906806
Hang Seng China Enterprises Index,-23,130,0.009121816154202508,0.006182389214513084,-0.02818173987032337,-0.03164071812173597
Hang Seng China Enterprises Index,-22,130,0.0033752620413940756,0.0012704423515135232,-0.026275959395754528,-0.03008170763904322
Hang Seng China Enterprises Index,-21,130,0.009506143414030074,0.005916500802395808,-0.01706207988788265,-0.02573499516276828
Hang Seng China Enterprises Index,-20,130,0.00017454943329992662,-0.0005154413198326102,-0.018351672290008888,-0.021154131349961747
Hang Seng China Enterprises Index,-19,130,0.003699552941271833,0.0005393352057034839,-0.015393734017965567,-0.015487829366665762
Hang Seng China Enterprises Index,-18,130,0.0001482373179390851,-0.0015099749274625762,-0.015526728308513317,-0.01676578853354055
Hang Seng China Enterprises Index,-17,130,-0.0019936294306887453,-0.0022145180445767854,-0.01735795457742176,-0.015761142561518837
Hang Seng China Enterprises Index,-16,130,-0.00559577236074829,-0.005546315451261996,-0.0236050775952937,-0.015569053210424955
Hang Seng China Enterprises Index,-15,130,0.0031561466304910616,-0.0017228262276493544,-0.022365737495691734,-0.023951898669549887
Hang Seng China Enterprises Index,-14,130,0.012289302689544085,0.006842773816652881,-0.011920476377518047,-0.017953620770875756
Hang Seng China Enterprises Index,-13,130,0.002669812048529498,0.0,-0.01060729534588257,-0.015853579206975
Hang Seng China Enterprises Index,-12,130,0.0022947591138854522,0.0,-0.008642958660962026,-0.014588072125762297
Hang Seng China Enterprises Index,-11,130,-0.004615262870993002,-0.0060167076513503726,-0.01400974410713175,-0.019264317028931
Hang Seng China Enterprises Index,-10,130,-0.003101655670728622,-0.000356119927889198,-0.017520090466262267,-0.02077599509329059
Hang Seng China Enterprises Index,-9,130,0.0019528367581162285,0.003072322004963657,-0.015971431202604743,-0.014650839753894751
Hang Seng China Enterprises Index,-8,130,0.002062611326053134,0.0,-0.014290576020386178,-0.014595993477874825
Hang Seng China Enterprises Index,-7,130,0.0033755431147215165,0.004687626474435436,-0.011584570080163248,-0.011096285852604859
Hang Seng China Enterprises Index,-6,130,0.0013951667840625711,0.0,-0.011123432877333573,-0.015392180952680301
Hang Seng China Enterprises Index,-5,130,-0.000264466985252775,0.0014138751963578278,-0.011885059679686123,-0.01156738048042888
Hang Seng China Enterprises Index,-4,130,0.0014928796780455914,0.0020265794880273136,-0.010869482166870715,-0.006179378989273565
Hang Seng China Enterprises Index,-3,130,0.006712722843418545,0.0,-0.0055890441954927275,-0.005538124631735919
Hang Seng China Enterprises Index,-2,130,0.004393233197413376,0.0,-0.002361638810984731,-0.0019300974015933337
Hang Seng China Enterprises Index,-1,130,0.0030568715509475563,0.001919872542903156,4.3452046947393215e-05,0.0
Hang Seng China Enterprises Index,0,130,0.0006328399730454541,0.0,0.0,0.0
Hang Seng China Enterprises Index,1,130,-0.007917973312753224,-0.011295431091607355,-0.007917973312753224,-0.011295431091607355
Hang Seng China Enterprises Index,2,130,0.001549978125282028,0.0,-0.006677515019113654,-0.009889063373553608
Hang Seng China Enterprises Index,3,130,-0.0008142764377197912,-0.002125697579700603,-0.007504695631344578,-0.009418506500416257
Hang Seng China Enterprises Index,4,130,0.004719004353346937,0.0018556305540375906,-0.002240167040591481,-0.007738814487284418
Hang Seng China Enterprises Index,5,130,0.006466432462641643,0.0039687122244227435,0.00424137152796421,-0.003964048955378441
Hang Seng China Enterprises Index,6,130,-0.004343576763819595,-0.002638364061235854,8.51444299679444e-06,-0.0008807629184368615
Hang Seng China Enterprises Index,7,130,-0.0022557112625089517,-0.004490079228234356,-0.0025345626492467676,-0.008553170581201253
Hang Seng China Enterprises Index,8,130,-0.002608793074617887,-0.0019097498966125226,-0.004664760590660157,-0.006947148448183782
Hang Seng China Enterprises Index,9,130,-0.0015740283839755307,-0.001377502970996869,-0.006296282825019912,-0.008247344871816886
Hang Seng China Enterprises Index,10,130,0.0031671901107169615,0.0022893546404074705,-0.0036038597239547968,-0.0057384347822450055
Hang Seng China Enterprises Index,11,130,-0.006006611632413148,-0.005961765195464264,-0.0090749342180222,-0.010330454349340046
Hang Seng China Enterprises Index,12,130,0.00041546671926619215,-0.0007625959085363898,-0.009235702714103447,-0.0115243958933271
Hang Seng China Enterprises Index,13,130,0.004525612332669163,0.0028903879151912504,-0.004643939017698427,-0.012913636069271317
Hang Seng China Enterprises Index,14,130,0.0017574304381602927,-0.0018962186930925884,-0.0025027271050707283,-0.012871521506607475
Hang Seng China Enterprises Index,15,130,-0.0056747320236295515,-0.006006342762340189,-0.007644968873295438,-0.025410372030363004
Hang Seng China Enterprises Index,16,130,0.00191708920749556,0.0,-0.004784461695719287,-0.029891296733048023
Hang Seng China Enterprises Index,17,130,0.007014490166082395,0.006022558199512806,0.0009380162768356865,-0.01050958689452186
Hang Seng China Enterprises Index,18,130,0.0026098549864264297,0.0,0.004787740615179983,-0.015518512994002087
Hang Seng China Enterprises Index,19,130,0.009212493168266356,0.0032402238484114942,0.014775413828669436,-0.010261789480040528
Hang Seng China Enterprises Index,20,130,-0.004002417597850122,0.0,0.008234313018127912,-0.0017565421131657266
Hang Seng China Enterprises Index,21,130,0.0038643787541692083,0.0006756551679589773,0.011906602031884792,-0.004503817086747408
Hang Seng China Enterprises Index,22,130,0.004173145726389065,0.005390145119458012,0.016223236299292516,0.002359890200334336
Hang Seng China Enterprises Index,23,130,0.00574301919995189,0.0053069234516991415,0.021680943679783925,0.007559373805598346
Hang Seng China Enterprises Index,24,130,0.007342782799776297,0.006244037499128385,0.028435614423510152,0.011794776162812437
Hang Seng China Enterprises Index,25,130,0.005681867498659761,0.0,0.03419842667035384,0.014835268132064039
Hang Seng China Enterprises Index,26,130,-0.004740437189584659,-0.005056953922692287,0.02880381238823865,0.008457358498557221
Hang Seng China Enterprises Index,27,130,0.003978558944493103,0.0014770945368435262,0.03345512994676845,0.015292494059281347
Hang Seng China Enterprises Index,28,130,-0.003931344816861605,-0.004117647394420165,0.029528042371174356,0.013248604304648692
Hang Seng China Enterprises Index,29,130,0.0029925333251671657,0.0,0.032715331650875194,0.007594422980336191
Hang Seng China Enterprises Index,30,130,0.006745057895209519,0.0020484054364913185,0.040355886599427494,0.015273640087335116
Hang Seng China Enterprises Index,31,130,0.00037511363779309655,-0.0020843721368462576,0.0406385855047656,0.018561500276701115
Hang Seng China Enterprises Index,32,130,-0.0003317030611105246,0.0,0.0399816030830305,0.018469779736955294
Hang Seng China Enterprises Index,33,130,-0.0036729814125404632,-0.005671148525203562,0.03669303134421745,0.014855617924510511
Hang Seng China Enterprises Index,34,130,0.004096898557314503,0.0040362623580665336,0.04189407003091011,0.019334927967868842
Hang Seng China Enterprises Index,35,130,-0.008468709359534915,-0.010053221525451295,0.0329444098116251,0.011625289416421491
Hang Seng China Enterprises Index,36,130,-0.0024775773494321567,-0.0022819438152253957,0.029828821835539303,0.009220712438710366
Hang Seng China Enterprises Index,37,130,-0.001426888939564614,-0.0005642932051347915,0.029402116417215005,0.02080110154097725
Hang Seng China Enterprises Index,38,130,-0.0008321812883455101,0.00183960584468279,0.028668721813301944,0.0074562552044913355
Hang Seng China Enterprises Index,39,130,0.00638217455710448,0.003150516322210306,0.03545651940281356,0.02174498766794053
Hang Seng China Enterprises Index,40,130,0.0022800316476898064,-0.0013676622694669405,0.03870744510413141,0.018479532977875857
Hang Seng China Enterprises Index,41,130,-0.0003521811318935629,-0.0015588458943367467,0.03967198785176611,0.01942439153560105
Hang Seng China Enterprises Index,42,130,0.0029111190789725084,0.001986993611158172,0.04249432320906006,0.02004282049753392
Hang Seng China Enterprises Index,43,130,0.0019055256271790747,0.003614859399129977,0.04348629868133045,0.025841053132009795
Hang Seng China Enterprises Index,44,130,-0.005355125078273085,-0.0029948783002259893,0.03464766526046228,0.016867224858300167
Hang Seng China Enterprises Index,45,130,0.009928226218408954,0.005227282067163164,0.044841127106042926,0.013576620840805576
Hang Seng China Enterprises Index,46,130,0.0015539876604133524,0.0015375491726378199,0.04675746687590002,0.02198922825219185
Hang Seng China Enterprises Index,47,130,0.0010257379456586062,0.0026015902545460934,0.04851050464190686,0.027024601736929
Hang Seng China Enterprises Index,48,130,0.005546866858723274,0.0033282115925894473,0.05279561410563433,0.026903536405956663
Hang Seng China Enterprises Index,49,130,0.004287595194662959,0.0022197464871270833,0.05779235554537979,0.03093320665703425
Hang Seng China Enterprises Index,50,130,0.0007740185162947747,-0.002527381928506045,0.0586028109344773,0.038282160080855276
Hang Seng China Enterprises Index,51,130,-0.0023018582695096884,-0.002686898507210156,0.056132814343732934,0.03715237406974692
Hang Seng China Enterprises Index,52,130,-0.0036294425687730856,-0.005765554430740616,0.05272063386611857,0.05184649328872426
Hang Seng China Enterprises Index,53,130,-0.0018434129883345772,-0.00027175571607507276,0.050917361714978744,0.036980370635969595
Hang Seng China Enterprises Index,54,130,-0.0016328073844524384,0.0,0.048096803926539936,0.03701081856509658
Hang Seng China Enterprises Index,55,130,-0.0004089199573054442,-0.003656194074351471,0.04753979559824589,0.031060207902657955
Hang Seng China Enterprises Index,56,130,-0.008595384613234537,-0.008748230827250736,0.03768284951290815,0.01998426161703981
Hang Seng China Enterprises Index,57,130,0.006556099205689514,0.0014709034559126088,0.04422943350825856,0.016080119678129723
Hang Seng China Enterprises Index,58,130,-0.0008638666126712226,-0.0033067148134504065,0.04327291044538634,0.020736940874010124
Hang Seng China Enterprises Index,59,130,0.003889451941595119,0.003515268229293156,0.046906530164605165,0.022386436527138787
Hang Seng China Enterprises Index,60,130,-0.000777786883504982,0.0,0.0454546344325995,0.01580167137158961
Hang Seng Composite Index,-60,346,,,0.09283886964265999,0.00865422166533314
Hang Seng Composite Index,-59,349,0.00193377786783786,0.0,0.0885495123655358,0.0031796472254066455
Hang Seng Composite Index,-58,350,0.0064871726646306424,0.0025510179256709176,0.09538508717073636,0.0
Hang Seng Composite Index,-57,351,-0.006227562646251845,-0.005324156010120984,0.08637843939665696,0.0012032821543443983
Hang Seng Composite Index,-56,354,0.007627837400791878,0.0,0.09338520324444008,0.008327955172738655
Hang Seng Composite Index,-55,357,0.010759320962653003,0.006081746756046336,0.10538533120714942,0.016042733022677336
Hang Seng Composite Index,-54,359,-0.00797016339622996,-0.006802660773060132,0.09432407131975062,0.008928562875609058
Hang Seng Composite Index,-53,360,0.0017823760157421975,0.0,0.09629103292297775,0.004659748010343856
Hang Seng Composite Index,-52,361,-0.002132808353812592,-0.0005938378142056888,0.0947911781204934,0.003759394789693671
Hang Seng Composite Index,-51,363,0.0030894467459435123,0.0,0.09262302557033951,0.0
Hang Seng Composite Index,-50,363,0.0032665422695576634,0.0,0.09800634395715002,0.012820500280416924
Hang Seng Composite Index,-49,364,-0.003448735685449503,-0.003072266829567738,0.09215268024773554,0.010986656577874565
Hang Seng Composite Index,-48,368,0.0012705403245952382,0.0,0.09135888474916203,0.007330867517225337
Hang Seng Composite Index,-47,369,0.002978589448718469,0.0,0.0869901060365308,0.008849549119871458
Hang Seng Composite Index,-46,373,0.10683287806158395,0.004032273570407474,0.09525506879564904,0.01177860826450372
Hang Seng Composite Index,-45,378,0.00011926074684402951,0.0,0.09009149218335369,0.021866437614715406
Hang Seng Composite Index,-44,378,0.0027759685929036396,0.0,0.08866674368351891,0.016304353753218814
Hang Seng Composite Index,-43,378,-0.005019926058887256,-0.003006792803051661,0.08470687384431629,0.013693157658013377
Hang Seng Composite Index,-42,380,0.003125444349223911,0.0,0.088905108856849,0.007006233805678663
Hang Seng Composite Index,-41,380,-0.0013611362336272577,-0.002034717777171624,0.08798476139158819,0.007182426233280248
Hang Seng Composite Index,-40,380,0.0019636821441351006,0.0,0.09066796753742289,0.008451241286968059
Hang Seng Composite Index,-39,380,0.004212640396763044,0.001682773734454912,0.09887645886755395,0.005738673555677809
Hang Seng Composite Index,-38,380,-0.006354710725531502,-0.003555779735388287,0.08984612572572777,0.0
Hang Seng Composite Index,-37,380,-0.006107095725742824,-0.0035941727414506297,0.08422525198042893,-0.0016160310596750604
Hang Seng Composite Index,-36,380,-0.007715034116939948,-0.0016546837146117488,0.07313191547650902,-0.009270332573410367
Hang Seng Composite Index,-35,380,0.009724559219904809,0.00569308414670755,0.08592052912019209,0.004839394821043674
Hang Seng Composite Index,-34,380,-0.0007784787534616907,-0.0030661628904617433,0.08532534457141257,0.0
Hang Seng Composite Index,-33,380,0.001506484250420787,0.0,0.08642626509578533,0.003482305413008535
Hang Seng Composite Index,-32,380,-0.0023041080317569526,-0.004854833737269637,0.07990204349190183,-0.0015332528742951768
Hang Seng Composite Index,-31,380,0.0013105318359856483,0.0,0.07839481983063508,0.0
Hang Seng Composite Index,-30,380,-0.006253031048484138,-0.004412637387085361,0.0620503320931258,-0.002815812235665127
Hang Seng Composite Index,-29,380,-0.013485279190977341,-0.012307826404872713,0.04907296515073472,-0.017936037355267387
Hang Seng Composite Index,-28,380,-0.006367160797872924,-0.0024431945541086852,0.045597346279347445,-0.026233884991874734
Hang Seng Composite Index,-27,380,0.0015813790908260998,0.0,0.04579300995223537,-0.024723130616197686
Hang Seng Composite Index,-26,380,0.013746047040924742,0.008591768465555538,0.05892426005838631,-0.01558854273680138
Hang Seng Composite Index,-25,380,0.004163821983899786,0.0,0.06432815439726618,-0.021304972354905527
Hang Seng Composite Index,-24,380,0.0007098138925065541,0.0,0.06295817277244782,-0.01738685456286959
Hang Seng Composite Index,-23,380,0.0005542092578428485,0.0,0.05835072485097012,-0.01621751823127815
Hang Seng Composite Index,-22,380,0.005629735223756164,0.0013016055393191284,0.06555817506476785,-0.006839443528267375
Hang Seng Composite Index,-21,380,0.0064685539208461035,0.0016611326256391612,0.06880810875320888,-0.0036317662171623244
Hang Seng Composite Index,-20,380,0.004449137053543143,0.0,0.07529222040900761,-0.009795424035579536
Hang Seng Composite Index,-19,380,0.004873421943112684,0.0005065972136669705,0.07719237159326138,-0.007630178947567734
Hang Seng Composite Index,-18,380,0.004413302710749069,0.0,0.0790769543444121,-0.0006578784322472386
Hang Seng Composite Index,-17,380,0.0015800475307726819,0.0,0.08099187524207271,0.0
Hang Seng Composite Index,-16,380,0.0010908598494754052,-0.005592870712629483,0.07823231701085342,-0.0031279483461149615
Hang Seng Composite Index,-15,380,0.007751965677666732,0.0034394004829205738,0.08042848388849,0.0
Hang Seng Composite Index,-14,380,0.009015153914667711,0.0,0.08792839030954729,0.008814285557052659
Hang Seng Composite Index,-13,380,-0.005376582121265995,-0.004198208570735273,0.08045594644139979,0.012220086309077005
Hang Seng Composite Index,-12,380,-0.00416055312656823,-0.003362726965172813,0.07237123793365806,0.0
Hang Seng Composite Index,-11,380,0.0010389253560678226,0.0,0.07520119175902273,0.0019061652373330018
Hang Seng Composite Index,-10,380,-0.0007384641072341158,-0.002714139044343755,0.07263443103277875,0.0
Hang Seng Composite Index,-9,380,-0.002949889975007091,0.0,0.06639267656623275,-0.003818028933417761
Hang Seng Composite Index,-8,380,-0.001994387919232457,-0.003556403803863406,0.06272806233176534,-0.004635045734728227
Hang Seng Composite Index,-7,380,0.008621299882818645,0.003105287817839697,0.06790861926344818,0.0053521301528158816
Hang Seng Composite Index,-6,380,0.0001824524222895737,-0.0036667735497137866,0.0667487952106234,0.0
Hang Seng Composite Index,-5,380,-0.008175559564600173,-0.0056186815992691486,0.05819138164286524,-0.009014160682202454
Hang Seng Composite Index,-4,380,6.890819968754134e-05,0.0,0.056692998122652834,-0.011494241848790776
Hang Seng Composite Index,-3,380,-0.0015010768687306148,0.0,0.05023768241939054,-0.01069563017589259
Hang Seng Composite Index,-2,380,0.0021783864631889096,0.0019433497363563479,-0.013725674332792358,-0.007567665756792019
Hang Seng Composite Index,-1,380,0.018998784587067302,0.00901364834989593,0.0016220332374439915,0.002020171194365483
Hang Seng Composite Index,0,380,0.0010988359420358112,-0.002016098330593019,0.0,0.0
Hang Seng Composite Index,1,380,-0.02599587578781072,-0.018657837040251035,-0.02599587578781072,-0.018657837040251035
Hang Seng Composite Index,2,380,-0.009190222851785904,0.0,-0.03466574621736037,-0.02086322738186841
Hang Seng Composite Index,3,380,0.0021317333532782303,-0.0019117756862053192,-0.032366575026521544,-0.021756027325047
Hang Seng Composite Index,4,380,-0.007573180576430491,-0.0068141103566319305,-0.03900376464947621,-0.027826152477690325
Hang Seng Composite Index,5,380,-0.0013501323916570757,0.0,-0.041079489477025014,-0.032468384227540004
Hang Seng Composite Index,6,380,-0.0012721452957581024,0.0,-0.04281994325288035,-0.03585588754559221
Hang Seng Composite Index,7,380,-0.0020344331267141856,0.0,-0.04453130920479617,-0.03837490408534289
Hang Seng Composite Index,8,380,-0.005307119239272444,-0.005470723211066231,-0.048868872759165176,-0.05069006358785
Hang Seng Composite Index,9,380,-0.004597969799662766,-0.008283391099258741,-0.053275007918622684,-0.05264097740910517
Hang Seng Composite Index,10,380,0.0017748418971820477,0.0,-0.05206263034278658,-0.0579899988119853
Hang Seng Composite Index,11,380,-0.005209136287577934,-0.010269648786526253,-0.056117618128673184,-0.06183239340415503
Hang Seng Composite Index,12,380,-0.0003498585976098896,0.0,-0.05769716624395287,-0.06284110848370011
Hang Seng Composite Index,13,380,0.020888974410816687,0.011363598341045944,-0.03856641466405526,-0.0444772432796825
Hang Seng Composite Index,14,380,0.009165696737161095,0.0025328800124956308,-0.029894603691377704,-0.03317447481620239
Hang Seng Composite Index,15,380,0.011905469367920987,0.0,-0.016755466408026876,-0.03445859245059185
Hang Seng Composite Index,16,380,0.02258856864217528,0.001646351898647036,0.016477978128995183,-0.03560942621275609
Hang Seng Composite Index,17,380,-0.008920403312391245,-0.003848199484107029,0.000999563255292265,-0.036781104915784124
Hang Seng Composite Index,18,380,0.0042301442001286115,0.0,0.006513986518337818,-0.038932444304705105
Hang Seng Composite Index,19,380,0.007100866235459192,0.0,0.01871254292652182,-0.04252096853637183
Hang Seng Composite Index,20,380,-0.047189656818444316,-0.01024460395655985,-0.04226059489611025,-0.05351065770352431
Hang Seng Composite Index,21,380,0.0008569725767131483,0.0,-0.04397283031087311,-0.05194901059943641
Hang Seng Composite Index,22,380,0.00934344626269333,0.007414292971358649,-0.036021779620300544,-0.04657715932269624
Hang Seng Composite Index,23,380,0.0002504686411895408,0.0,-0.0380906557465551,-0.04988574706921728
Hang Seng Composite Index,24,380,0.005152267300599582,0.001653942106975781,-0.035922031953070366,-0.04750902872082802
Hang Seng Composite Index,25,380,0.0035032746890281703,0.0,-0.03160792374389275,-0.05802647486436813
Hang Seng Composite Index,26,380,-0.00905013059106947,-0.006657082148359694,-0.04153104353036677,-0.0500000059604645
Hang Seng Composite Index,27,380,0.00537573052007716,0.0,-0.03414072198555355,-0.05241445061579353
Hang Seng Composite Index,28,380,-0.0030204529250168256,0.0,-0.038834173935149964,-0.04978779182553367
Hang Seng Composite Index,29,380,0.004011887240031437,0.0,-0.03412689356866119,-0.05180988000244546
Hang Seng Composite Index,30,380,0.003906127096411793,0.0,-0.027927300576506713,-0.046419611624819335
Hang Seng Composite Index,31,380,0.0020195450152639418,0.0,-0.02563452904967737,-0.05120420567481704
Hang Seng Composite Index,32,380,-0.004554237740572922,-0.0014701196015095563,-0.029020439707140685,-0.056501042635987375
Hang Seng Composite Index,33,380,-0.004215137129263146,-0.0041625641547183845,-0.03320657519555634,-0.06466131767520433
Hang Seng Composite Index,34,380,0.0005528909837116435,0.0,-0.031415008807434794,-0.07641444607942727
Hang Seng Composite Index,35,380,-0.0032277446015623553,-0.001096474533632319,-0.03479288829842071,-0.07366505381066446
Hang Seng Composite Index,36,380,0.005038689905579851,0.0017090658275522586,-0.032466986514039654,-0.07973779406009812
Hang Seng Composite Index,37,380,-0.006024148341443331,-0.00453796635431386,-0.03914974114832498,-0.08108867684367793
Hang Seng Composite Index,38,380,0.002545160905780104,0.0,-0.03714605517259183,-0.07584119561106084
Hang Seng Composite Index,39,380,0.0007654702936181967,0.0,-0.03532954849084468,-0.06486677722478285
Hang Seng Composite Index,40,380,0.006243759981788648,0.0,-0.03004774202204837,-0.06235046871283473
Hang Seng Composite Index,41,380,0.0013461180709171908,0.0,-0.02963320850580277,-0.06331867652233986
Hang Seng Composite Index,42,380,-0.0008405475879306912,0.0,-0.03054263442950006,-0.06010454965583656
Hang Seng Composite Index,43,380,0.0031361071415509758,0.0,-0.028264061420632553,-0.06101697226716385
Hang Seng Composite Index,44,380,-0.005038361315509304,-0.0046312243866145075,-0.034828992513376164,-0.06521935196513623
Hang Seng Composite Index,45,380,0.00214989318881125,0.0,-0.03388730777949469,-0.06149612028184148
Hang Seng Composite Index,46,380,0.0012118799248955505,0.0,-0.03383153675365493,-0.05897597829912904
Hang Seng Composite Index,47,380,0.003230137148435151,0.0,-0.028758624317142364,-0.05449998113844129
Hang Seng Composite Index,48,380,0.002662654287900034,0.0,-0.02902148380861193,-0.048648706326013924
Hang Seng Composite Index,49,380,0.004802365632475765,0.0015495081154014434,-0.023009692179861145,-0.04953884132767289
Hang Seng Composite Index,50,380,0.005058901138005035,0.0,-0.01792417434905176,-0.05354523746224643
Hang Seng Composite Index,51,380,-0.011372402045859029,-0.008298889861336756,-0.030456160489591013,-0.05373808928236107
Hang Seng Composite Index,52,380,-0.004536128987545728,-0.004345102325675088,-0.033980623868109676,-0.05399028779742254
Hang Seng Composite Index,53,380,0.0028082488526934234,0.0,-0.031573105271633636,-0.057347726657392684
Hang Seng Composite Index,54,380,-0.0013680068757124782,0.0,-0.03412883955446748,-0.05731362181220667
Hang Seng Composite Index,55,380,-0.001963252497611924,0.0,-0.03642362536948971,-0.060570236476090555
Hang Seng Composite Index,56,380,0.001067531002025102,-0.0049290940421904406,-0.03508763609804402,-0.060233941461346585
Hang Seng Composite Index,57,380,0.005033035600635296,0.0,-0.030141765691944367,-0.06002306777706218
Hang Seng Composite Index,58,380,0.006511896741499272,0.0,-0.0226324760589142,-0.04571772544558683
Hang Seng Composite Index,59,380,0.0032370975490320403,0.0,-0.02065899601520429,-0.03527971937151725
Hang Seng Composite Index,60,380,-0.003182864792028081,-0.003268843551985201,-0.022771857964235753,-0.047662725968682595
Hang Seng Composite LargeCap & MidCap Index,-60,163,,,0.1626479988602872,0.015625047536257375
Hang Seng Composite LargeCap & MidCap Index,-59,164,-0.0035549730976564557,-0.005730653544946063,0.1524877408590791,0.007569372190731394
Hang Seng Composite LargeCap & MidCap Index,-58,165,-0.006701140272098258,-0.005376852903145435,0.14766556416227067,0.005976080328708333
Hang Seng Composite LargeCap & MidCap Index,-57,167,-0.005427879278279273,-0.002487500520428565,0.13726846063419335,-0.0024211777202602924
Hang Seng Composite LargeCap & MidCap Index,-56,167,0.001475446668634498,0.0020100962961877578,0.13896736862455433,0.0
Hang Seng Composite LargeCap & MidCap Index,-55,167,0.0017044852981629945,0.0,0.13796023055960258,0.0
Hang Seng Composite LargeCap & MidCap Index,-54,167,-0.0013265389307685106,-0.0024211777202602924,0.13216217700329297,-0.0024211777202602924
Hang Seng Composite LargeCap & MidCap Index,-53,167,-0.0006966787398074832,0.0,0.13143894791840607,0.0024212944991981455
Hang Seng Composite LargeCap & MidCap Index,-52,167,-0.0023165637345520518,0.0,0.1266302369123566,-0.0029239737544372035
Hang Seng Composite LargeCap & MidCap Index,-51,167,-0.008035425001805168,-0.004566241860654796,0.119494608924882,-0.0035377045507811733
Hang Seng Composite LargeCap & MidCap Index,-50,169,-0.002475348763214189,-0.001416395485230093,0.11379259359507829,-0.0029239737544372035
Hang Seng Composite LargeCap & MidCap Index,-49,171,-0.004906498646728816,-0.003338910815437024,0.1013934034516629,-0.006224109697076874
Hang Seng Composite LargeCap & MidCap Index,-48,171,0.0017422869948611178,0.0,0.10422506066566052,-0.005813949499147264
Hang Seng Composite LargeCap & MidCap Index,-47,171,-0.005366182109092792,-0.003649579398295577,0.10581340705102854,-0.012820501064172207
Hang Seng Composite LargeCap & MidCap Index,-46,172,-0.00030750977074300466,-0.0013020510765872073,0.09226276858243433,-0.013602148818834703
Hang Seng Composite LargeCap & MidCap Index,-45,175,0.00738514113075589,0.0011803964824994573,0.09527031880009437,-0.012820501064172207
Hang Seng Composite LargeCap & MidCap Index,-44,177,0.0023610901596518514,0.0,0.09509583927468818,-0.011627670282735925
Hang Seng Composite LargeCap & MidCap Index,-43,177,-0.007208870200281133,-0.003853560829674585,0.08688033002012115,-0.013157916751484144
Hang Seng Composite LargeCap & MidCap Index,-42,177,0.002896818600921367,0.0,0.08753076294124934,-0.012820501064172207
Hang Seng Composite LargeCap & MidCap Index,-41,177,0.006392715458719027,0.0025511837063973974,0.09228619152874264,-0.007829943860155897
Hang Seng Composite LargeCap & MidCap Index,-40,177,0.006540031242380488,0.0,0.09965719710895574,-0.010050241623450806
Hang Seng Composite LargeCap & MidCap Index,-39,177,0.0057242404713867285,0.002272783399325684,0.10674197127542057,-0.012006874307032067
Hang Seng Composite LargeCap & MidCap Index,-38,177,0.0038312588232710647,0.0011641709783698495,0.1078144901559407,-0.005291000285156167
Hang Seng Composite LargeCap & MidCap Index,-37,177,0.0031515941093756866,0.0,0.10868546947218485,-0.006444727917549242
Hang Seng Composite LargeCap & MidCap Index,-36,177,-0.003601434606664861,-0.0035608670831788203,0.10255645061527181,-0.0026954151914918567
Hang Seng Composite LargeCap & MidCap Index,-35,177,0.003691820689380219,0.0,0.10598804159041783,0.0025511837063973974
Hang Seng Composite LargeCap & MidCap Index,-34,177,-0.0036072202063684397,-0.0038961435293222157,0.1002769254528813,0.0
Hang Seng Composite LargeCap & MidCap Index,-33,177,-0.002992380224684399,0.0,0.08246850929588663,-0.0023228228672280693
Hang Seng Composite LargeCap & MidCap Index,-32,177,0.0031425784173517335,0.0,0.08284211675498991,0.0
Hang Seng Composite LargeCap & MidCap Index,-31,177,0.0033931122489103387,0.003523140540075076,0.07533006408178418,0.010152274434545472
Hang Seng Composite LargeCap & MidCap Index,-30,177,-0.0017473428001860717,0.0,0.07166091137720883,0.005847947508874407
Hang Seng Composite LargeCap & MidCap Index,-29,177,-0.004825329016242816,-0.003605737268218112,0.06429253881781108,0.0
Hang Seng Composite LargeCap & MidCap Index,-28,177,-0.008656306446362958,-0.002487500520428565,0.008606980125813382,0.0
Hang Seng Composite LargeCap & MidCap Index,-27,177,0.006536040889044158,0.002557457068699698,0.014094291459747464,0.007751930820906638
Hang Seng Composite LargeCap & MidCap Index,-26,177,-0.0013081046053221158,0.0,0.012183184167827387,0.0038070726567902557
Hang Seng Composite LargeCap & MidCap Index,-25,177,-0.006075871943602521,-0.005763759548416236,0.005382355904093055,0.005848024967809895
Hang Seng Composite LargeCap & MidCap Index,-24,177,-0.004583735735856184,-0.0028248560935074662,6.290641671335722e-05,0.0
Hang Seng Composite LargeCap & MidCap Index,-23,177,0.00401486362654184,0.0,0.004225090859477488,0.0024449270590736205
Hang Seng Composite LargeCap & MidCap Index,-22,177,0.006708125503076577,0.0,0.008593419751834735,0.001976329840893687
Hang Seng Composite LargeCap & MidCap Index,-21,177,-0.0012350023654456974,-0.0013587267256014446,0.007825469651193856,0.0029674270686739224
Hang Seng Composite LargeCap & MidCap Index,-20,177,-0.0023247432080558345,-0.0022099110303004377,0.005155869519096485,-0.0013333638509114287
Hang Seng Composite LargeCap & MidCap Index,-19,177,0.00011166506448424308,0.0,0.00371610968808902,-0.0033332594226684886
Hang Seng Composite LargeCap & MidCap Index,-18,177,-0.00597885074664828,-0.0023256345205246998,-0.0040667272101497795,-0.00593471264263723
Hang Seng Composite LargeCap & MidCap Index,-17,177,-0.004896804577706016,-0.0015174853794061027,-0.009260673601702338,-0.006802660773060132
Hang Seng Composite LargeCap & MidCap Index,-16,177,-0.006282173998204761,0.0,-0.016724604043245925,-0.010033435215412778
Hang Seng Composite LargeCap & MidCap Index,-15,177,-0.004257196378668128,-0.0025189386599652197,-0.02115091413233883,-0.021929729378639795
Hang Seng Composite LargeCap & MidCap Index,-14,177,0.01470526210563355,0.009803959150949337,-0.007978645239558066,-0.007999992370605447
Hang Seng Composite LargeCap & MidCap Index,-13,177,-0.00469189217155315,-0.002438987173685181,-0.013180090201036308,-0.014705938038939936
Hang Seng Composite LargeCap & MidCap Index,-12,177,0.002337760259906188,0.001230040435555857,-0.011030892906381864,-0.019607866469959268
Hang Seng Composite LargeCap & MidCap Index,-11,177,0.004714770064685373,0.0027397233430073165,-0.006976021268153683,-0.01141085128982966
Hang Seng Composite LargeCap & MidCap Index,-10,177,0.004062919643953196,0.001379289298222064,-0.003879751677450363,-0.0040213838933069734
Hang Seng Composite LargeCap & MidCap Index,-9,177,0.0018761786115297472,0.0,-0.0038956710871727944,-0.0028901706222559387
Hang Seng Composite LargeCap & MidCap Index,-8,177,0.0022275461961827323,0.0,-0.0024925158237792473,-0.0029069747495735765
Hang Seng Composite LargeCap & MidCap Index,-7,177,0.001057170426179737,0.0,-0.002081422537970812,0.0014792532109619838
Hang Seng Composite LargeCap & MidCap Index,-6,177,0.0008950530712367083,-0.001051548753013165,-0.0015482698029396144,0.0
Hang Seng Composite LargeCap & MidCap Index,-5,177,0.007401558877997703,0.004571441948092003,0.0043699624638086675,0.007299263086460783
Hang Seng Composite LargeCap & MidCap Index,-4,177,0.0014352597370014032,0.0,0.004366475170517976,0.0024212944991981455
Hang Seng Composite LargeCap & MidCap Index,-3,177,0.0005010420678315566,0.0,0.004316252540692275,0.0
Hang Seng Composite LargeCap & MidCap Index,-2,177,0.0007366931912245953,0.0,0.004228579811128887,0.0
Hang Seng Composite LargeCap & MidCap Index,-1,177,-0.002085425680187634,0.0,0.0009700165781156988,0.0011709869937359674
Hang Seng Composite LargeCap & MidCap Index,0,177,-0.00013674151642330823,-0.0011696173869881754,0.0,0.0
Hang Seng Composite LargeCap & MidCap Index,1,177,0.0006726751253414379,0.0,0.0006726751253414379,0.0
Hang Seng Composite LargeCap & MidCap Index,2,177,0.0028541698267084883,0.001006059286116301,0.0038831991210802716,0.0
Hang Seng Composite LargeCap & MidCap Index,3,177,-0.004249695870540479,-0.003305781867105062,-0.00019792528818012877,0.0
Hang Seng Composite LargeCap & MidCap Index,4,177,0.005138408048121819,0.001088164237045497,0.0048099417320320356,0.0
Hang Seng Composite LargeCap & MidCap Index,5,177,0.006499370645041108,0.0038860376455533974,0.011661379690820801,0.004451069855655687
Hang Seng Composite LargeCap & MidCap Index,6,177,0.0019154959094668095,0.0016694539790063079,0.013692175156714934,0.0025511837063973974
Hang Seng Composite LargeCap & MidCap Index,7,177,0.0023314397200521605,0.0,0.015343709570312673,0.005291000285156278
Hang Seng Composite LargeCap & MidCap Index,8,177,0.004741850794919569,0.0,0.020019325385311558,0.006711409395973256
Hang Seng Composite LargeCap & MidCap Index,9,177,0.0030379355137331605,0.0,0.02267570933670615,0.007633671839197387
Hang Seng Composite LargeCap & MidCap Index,10,177,0.007190473169871703,0.001555245590795007,0.030156643994783877,0.01282057748038623
Hang Seng Composite LargeCap & MidCap Index,11,177,-0.00507359158492335,-0.005917224457964498,0.024668309099774723,0.00448430061781413
Hang Seng Composite LargeCap & MidCap Index,12,177,-0.001399048640048436,0.0,0.02265430551425053,0.008196685613219845
Hang Seng Composite LargeCap & MidCap Index,13,177,0.0003526933509163126,0.0,0.022739404980062796,0.004651195456665924
Hang Seng Composite LargeCap & MidCap Index,14,177,-0.004119948347845771,-0.003984091497005848,0.018557070445370135,0.004651195456665924
Hang Seng Composite LargeCap & MidCap Index,15,177,-0.004555696967474559,-0.004784684628674429,0.013798046259471832,0.0016666715475597282
Hang Seng Composite LargeCap & MidCap Index,16,177,0.0010314001346000642,0.0,0.014199249234958864,0.0016666715475597282
Hang Seng Composite LargeCap & MidCap Index,17,177,0.002203108723597439,0.0,0.01644560695736044,0.0
Hang Seng Composite LargeCap & MidCap Index,18,177,0.004547340502663606,0.0,0.021520946015189328,0.002267625675248963
Hang Seng Composite LargeCap & MidCap Index,19,177,-0.005801377759944031,-0.002915449057909525,0.016239343604155652,0.0
Hang Seng Composite LargeCap & MidCap Index,20,177,0.0018705035718964832,0.0,0.01802713719398697,-0.004640366865901968
Hang Seng Composite LargeCap & MidCap Index,21,177,0.004563899247725711,0.0,0.02234872292282575,0.0
Hang Seng Composite LargeCap & MidCap Index,22,177,-0.00731944594214283,-0.003632044287433245,0.015109169532342108,0.0
Hang Seng Composite LargeCap & MidCap Index,23,177,0.007044701995970509,0.0010892456290967356,0.022300411260960388,0.0016666715475597282
Hang Seng Composite LargeCap & MidCap Index,24,177,0.005915080952972657,0.002531643124693339,0.02897195076397813,0.0035650589038371816
Hang Seng Composite LargeCap & MidCap Index,25,177,-0.0020568109404887043,-0.0010682986724669385,0.027871566782439655,0.0
Hang Seng Composite LargeCap & MidCap Index,26,177,-0.0015125907944380968,0.0,0.028157359653977525,-0.004999930970228106
Hang Seng Composite LargeCap & MidCap Index,27,177,0.005496916648931894,0.0026315767679185864,0.033087069605863995,0.007547162342173674
Hang Seng Composite LargeCap & MidCap Index,28,177,0.0017573592904780934,0.0,0.0346079474198798,0.0
Hang Seng Composite LargeCap & MidCap Index,29,177,-0.008207294995908153,-0.006281407155586227,0.027162028031148824,0.0
Hang Seng Composite LargeCap & MidCap Index,30,177,-0.001146577464893111,0.0,0.02563976973066233,0.0
Hang Seng Composite LargeCap & MidCap Index,31,177,-0.003057390949401845,-0.0018083595845256317,0.022600064894595137,-0.0019920774362256477
Hang Seng Composite LargeCap & MidCap Index,32,177,-0.002953109823623471,-0.003759424779028131,0.019811535992696017,0.0
Hang Seng Composite LargeCap & MidCap Index,33,177,-0.00354782983213862,0.0,0.0165106368759041,0.0
Hang Seng Composite LargeCap & MidCap Index,34,177,0.0020489484458961487,0.0,0.019110234772011868,0.0
Hang Seng Composite LargeCap & MidCap Index,35,177,0.007063884323140793,0.0,0.025562490751477734,0.0
Hang Seng Composite LargeCap & MidCap Index,36,177,-0.0028842250346221535,0.0,0.020207740467148017,0.0
Hang Seng Composite LargeCap & MidCap Index,37,177,-0.0006484799134560562,0.0,0.01800991178141833,-0.0020935313703339675
Hang Seng Composite LargeCap & MidCap Index,38,177,-0.0011945957389134748,0.0,0.016848129162209506,-0.0037936266192926116
Hang Seng Composite LargeCap & MidCap Index,39,177,0.0013152941578886584,0.0,0.01813620379227404,-0.00402681832878915
Hang Seng Composite LargeCap & MidCap Index,40,177,-0.00389150686212376,-0.001639303639510481,0.012887733237536945,-0.005434777327093299
Hang Seng Composite LargeCap & MidCap Index,41,177,-0.003408463683765977,-0.0011455344225103081,0.009673456300734714,-0.010440853107047676
Hang Seng Composite LargeCap & MidCap Index,42,177,-0.0032374956942165726,-0.0016862997186033457,0.006225852178244094,-0.013651863802616737
Hang Seng Composite LargeCap & MidCap Index,43,177,0.004136972128383381,0.0,0.010291604356354594,-0.007575738601520388
Hang Seng Composite LargeCap & MidCap Index,44,177,-0.003121189386616933,-0.003740733782186534,0.007111324288677154,-0.008120614356560196
Hang Seng Composite LargeCap & MidCap Index,45,177,0.0006862236491370118,0.0,0.00755837638594359,-0.004980079605587662
Hang Seng Composite LargeCap & MidCap Index,46,177,-0.0024907954289495843,0.0,0.004755125759911967,-0.010825429655129337
Hang Seng Composite LargeCap & MidCap Index,47,177,0.00363525364552318,0.0012701230128446817,0.008288724488100974,-0.0038167904198678215
Hang Seng Composite LargeCap & MidCap Index,48,177,0.0001764346360145862,0.0,0.008845038606261164,-0.005412714827564669
Hang Seng Composite LargeCap & MidCap Index,49,177,-0.007496200857370636,-0.004842610259641833,0.0016247525903548222,-0.012820501064172207
Hang Seng Composite LargeCap & MidCap Index,50,177,0.003984888266727049,0.002645500142578028,0.0051357731177705986,-0.011666617160466575
Hang Seng Composite LargeCap & MidCap Index,51,177,-0.0008668688630613574,0.0,0.004479694924668628,-0.01186942528527457
Hang Seng Composite LargeCap & MidCap Index,52,177,-0.00161734084155267,-0.0024570586472670852,0.002298385456931037,-0.014884933513477527
Hang Seng Composite LargeCap & MidCap Index,53,177,0.004116879906745559,0.0,0.005790019803169288,-0.006825931901308424
Hang Seng Composite LargeCap & MidCap Index,54,177,-0.0038913138322479533,-0.0014263515308181596,0.002490126029308617,-0.0038023199740929714
Hang Seng Composite LargeCap & MidCap Index,55,177,0.0025477484791577077,0.0011286940484585006,0.0042227626798921015,-0.006960494981316456
Hang Seng Composite LargeCap & MidCap Index,56,177,-0.0026842597008030424,0.0,0.0007648378206977104,-0.0008658206681120273
Hang Seng Composite LargeCap & MidCap Index,57,177,-0.002835181648591757,0.0,-0.0016309296652344811,-0.0036855411072987954
Hang Seng Composite LargeCap & MidCap Index,58,177,0.0015225091138050162,0.0,0.0006701163900373172,-0.009732330009211365
Hang Seng Composite LargeCap & MidCap Index,59,177,-0.0003646709058199185,0.0,0.00040846635466329495,-0.00593471264263723
Hang Seng Composite LargeCap & MidCap Index,60,177,-0.0068456866036061825,-0.0012499809265136275,-0.008938679669913803,-0.011111129949122334
Hang Seng Corporate Sustainability Benchmark Index,-60,114,,,0.10153338412684589,0.08542987555939696
Hang Seng Corporate Sustainability Benchmark Index,-59,114,-0.006098230441076462,-0.00667407946073334,0.09492207923201233,0.07353520604850661
Hang Seng Corporate Sustainability Benchmark Index,-58,114,-0.0021161234717699154,-0.00226701697691728,0.0916258449136751,0.06992619415442258
Hang Seng Corporate Sustainability Benchmark Index,-57,114,-0.01598277296819814,-0.010669811100304738,0.07287548518039734,0.06007386295917505
Hang Seng Corporate Sustainability Benchmark Index,-56,114,0.005845850685522944,0.0016911427689298986,0.07936370096010678,0.059768274006802735
Hang Seng Corporate Sustainability Benchmark Index,-55,114,0.002549971328467927,0.0009910226661604682,0.08230727149865846,0.06058696398713437
Hang Seng Corporate Sustainability Benchmark Index,-54,114,-0.0024086864460228026,0.0,0.0786179067765256,0.05912075045190468
Hang Seng Corporate Sustainability Benchmark Index,-53,114,-0.007001554321956761,-0.007346205812940154,0.0695569501480293,0.05069770330797285
Hang Seng Corporate Sustainability Benchmark Index,-52,114,-0.006151419617112394,-0.007353355322032351,0.062162482045258274,0.05081347503249167
Hang Seng Corporate Sustainability Benchmark Index,-51,114,-0.00797323261829828,-0.003606234403588593,0.053244493982839515,0.04840654864169447
Hang Seng Corporate Sustainability Benchmark Index,-50,114,0.00045310735486539863,0.0,0.053484543021319796,0.049415165190764165
Hang Seng Corporate Sustainability Benchmark Index,-49,114,0.004832836399804486,0.0055731183954994545,0.05791532746579984,0.044310653359592944
Hang Seng Corporate Sustainability Benchmark Index,-48,114,-0.005462896676463463,-0.005063313831458305,0.05058539404829381,0.04562031118941268
Hang Seng Corporate Sustainability Benchmark Index,-47,114,-0.007830416668257189,-0.006713464644776568,0.04123685103463245,0.0247559213490377
Hang Seng Corporate Sustainability Benchmark Index,-46,114,-0.0006627638778700904,0.0,0.039960030981479246,0.02192819245810318
Hang Seng Corporate Sustainability Benchmark Index,-45,114,0.002296510776824179,0.0,0.04250390147706074,0.022622530011616293
Hang Seng Corporate Sustainability Benchmark Index,-44,114,0.004561988970893313,0.000910767695696979,0.04640746840660675,0.030959709266791924
Hang Seng Corporate Sustainability Benchmark Index,-43,114,-0.006054709289375478,-0.003090327379870861,0.03967420754038709,0.02210919415480439
Hang Seng Corporate Sustainability Benchmark Index,-42,114,-0.0024646289879954376,-0.0026200408996346347,0.03649926199015253,0.019512838184639447
Hang Seng Corporate Sustainability Benchmark Index,-41,114,0.009861233837117593,0.005494500096186128,0.046317795778520916,0.03060007659111852
Hang Seng Corporate Sustainability Benchmark Index,-40,114,0.004119316059447113,0.0016597585179382035,0.05089468481408263,0.03037848893453876
Hang Seng Corporate Sustainability Benchmark Index,-39,114,0.00417061855726577,0.0,0.05515072886715466,0.036823794179397185
Hang Seng Corporate Sustainability Benchmark Index,-38,114,-0.001979545523470227,-0.0013043776679154684,0.05236249466804896,0.037081483144102645
Hang Seng Corporate Sustainability Benchmark Index,-37,114,-0.0003892247759650874,-0.0011435497354207458,0.052018313268509246,0.03389154347876788
Hang Seng Corporate Sustainability Benchmark Index,-36,114,0.0021259647199822615,0.0,0.053675703369250115,0.03717474970598844
Hang Seng Corporate Sustainability Benchmark Index,-35,114,0.0054378706237171,0.0029684561097111928,0.059087942582820914,0.047394652065422704
Hang Seng Corporate Sustainability Benchmark Index,-34,114,-0.005515612743495675,-0.00713674375185358,0.05260268244787284,0.042187855357564086
Hang Seng Corporate Sustainability Benchmark Index,-33,114,0.008794781481810631,0.008410937126833828,0.06186082767857027,0.0490206822381527
Hang Seng Corporate Sustainability Benchmark Index,-32,114,0.0057136994561242955,0.002978826184212413,0.06736673443254086,0.05649850528467382
Hang Seng Corporate Sustainability Benchmark Index,-31,114,-0.002766001077055613,-0.0022368869364497446,0.06364218335631176,0.05653556356920508
Hang Seng Corporate Sustainability Benchmark Index,-30,114,-0.004012424046302898,-0.003891989784893579,0.05899965455724368,0.05450247160866972
Hang Seng Corporate Sustainability Benchmark Index,-29,114,-0.0018884316557713644,0.0,0.05646488501766174,0.050073703459360464
Hang Seng Corporate Sustainability Benchmark Index,-28,114,-0.003295337005608072,-0.0012358395942838052,0.05250498245745011,0.043333223082838046
Hang Seng Corporate Sustainability Benchmark Index,-27,114,-0.006457152069661995,-0.0061233546889480905,0.04572164295445867,0.03662288630974164
Hang Seng Corporate Sustainability Benchmark Index,-26,114,-0.0012044151086767418,-0.005245625754643712,0.043623196536697766,0.03588914125061671
Hang Seng Corporate Sustainability Benchmark Index,-25,114,-0.010609864898214196,-0.00784301802622267,0.031990017988259026,0.028784322035760868
Hang Seng Corporate Sustainability Benchmark Index,-24,114,-0.0083151860464132,-0.006841665880110537,0.022350784439279035,0.02477336173388478
Hang Seng Corporate Sustainability Benchmark Index,-23,114,-0.0008445570515754127,-0.0018832304895429752,0.02161703058743499,0.023367075758986555
Hang Seng Corporate Sustainability Benchmark Index,-22,114,0.0032037065981377053,0.0,0.024569304700105366,0.02264231808507544
Hang Seng Corporate Sustainability Benchmark Index,-21,114,0.008280159113534129,0.008002040889165785,0.032911000973193806,0.026372722847899266
Hang Seng Corporate Sustainability Benchmark Index,-20,114,-0.004043288862766748,-0.005445884758111086,0.02845925414598285,0.01839952699320868
Hang Seng Corporate Sustainability Benchmark Index,-19,114,-0.0018331224310200187,-0.002854472708198552,0.02558712181140342,0.01601955716201875
Hang Seng Corporate Sustainability Benchmark Index,-18,114,-0.006794774862599172,-0.0027501696989464253,0.018014406788075966,0.014567261562159928
Hang Seng Corporate Sustainability Benchmark Index,-17,114,-0.009584069786473748,-0.007236352290046877,0.007279321478545813,-0.0013157882353605488
Hang Seng Corporate Sustainability Benchmark Index,-16,114,-0.008370673078475718,-0.00721413216771033,-0.001271010500347295,-0.001864542634683386
Hang Seng Corporate Sustainability Benchmark Index,-15,114,-0.0064498478702420346,-0.00201032942929269,-0.007797685722690335,-0.009928197566153096
Hang Seng Corporate Sustainability Benchmark Index,-14,114,0.010284535665240716,0.007172313948605957,0.0016023860198174308,0.0
Hang Seng Corporate Sustainability Benchmark Index,-13,114,0.007422942015076326,0.00481973193236751,0.009299076185222374,0.00206886278425511
Hang Seng Corporate Sustainability Benchmark Index,-12,114,0.000731553761352441,0.0,0.009725045816666063,0.000623067249669651
Hang Seng Corporate Sustainability Benchmark Index,-11,114,-6.013823439534332e-05,0.0,0.009372323707294641,0.0030464660896705187
Hang Seng Corporate Sustainability Benchmark Index,-10,114,-0.002149444953443573,-0.003344184217932422,0.006789944833493103,0.0006273908867309164
Hang Seng Corporate Sustainability Benchmark Index,-9,114,0.0014193830472679753,0.0,0.008194912128409466,0.0006720263419200956
Hang Seng Corporate Sustainability Benchmark Index,-8,114,0.007532273089189982,0.0045470102571926185,0.015197446856196449,0.010649274392409369
Hang Seng Corporate Sustainability Benchmark Index,-7,114,-0.0013893098378469628,0.0,0.013836446419630917,0.00922766759924376
Hang Seng Corporate Sustainability Benchmark Index,-6,114,-0.0043922923049822754,-0.005897057102452863,0.008894489296266706,0.004252428016785603
Hang Seng Corporate Sustainability Benchmark Index,-5,114,0.00026820414978023885,0.0,0.008490927644855576,0.00575549223938443
Hang Seng Corporate Sustainability Benchmark Index,-4,114,-0.00037300540631814903,-0.0003692424270085315,0.006773305406915065,0.005307436979470892
Hang Seng Corporate Sustainability Benchmark Index,-3,114,-0.0006123680202811321,0.0,0.005867548088500585,0.006153727170276069
Hang Seng Corporate Sustainability Benchmark Index,-2,114,0.0011551155743774013,0.0,0.0059105357400502136,0.00438846678142546
Hang Seng Corporate Sustainability Benchmark Index,-1,114,-0.006387991371961882,-0.004373545110907373,-0.0011056271162964441,0.0
Hang Seng Corporate Sustainability Benchmark Index,0,114,0.0014986993135183693,0.0,0.0,0.0
Hang Seng Corporate Sustainability Benchmark Index,1,114,-0.014904507120199575,-0.014599304227605081,-0.014904507120199575,-0.014599304227605081
Hang Seng Corporate Sustainability Benchmark Index,2,114,-0.007736139810178545,-0.003455539258823026,-0.022485617278175128,-0.016457384074404557
Hang Seng Corporate Sustainability Benchmark Index,3,114,-0.005094056426689986,-0.005973888324345533,-0.02738610374328788,-0.020866788958059213
Hang Seng Corporate Sustainability Benchmark Index,4,114,0.011865386499049578,0.009461071605086468,-0.016147159261505,-0.015977269293251162
Hang Seng Corporate Sustainability Benchmark Index,5,114,0.00920332209843698,0.008146519309552125,-0.007306092957647802,-0.008859098693362266
Hang Seng Corporate Sustainability Benchmark Index,6,114,-0.0034702377814380125,-0.0035051451007358514,-0.010769113309173402,-0.010010898049776562
Hang Seng Corporate Sustainability Benchmark Index,7,114,0.003012813711670856,0.0024009616454414573,-0.008119954641108868,-0.007544443109842647
Hang Seng Corporate Sustainability Benchmark Index,8,114,0.011150623131596607,0.009000903151719086,0.002754181828753351,-0.0038247186239256936
Hang Seng Corporate Sustainability Benchmark Index,9,114,0.004400959923798358,0.0,0.007313750251583972,-0.00479058641925828
Hang Seng Corporate Sustainability Benchmark Index,10,114,0.00553129389840103,0.0,0.012650837570020773,0.008702173894641008
Hang Seng Corporate Sustainability Benchmark Index,11,114,0.0033547926145075123,-0.0016002325687107244,0.015833244009065103,0.0095242077245693
Hang Seng Corporate Sustainability Benchmark Index,12,114,0.001525808358191633,0.0,0.017628782556488806,0.008222555743502724
Hang Seng Corporate Sustainability Benchmark Index,13,114,0.010994409084066176,0.0,0.029248027638933104,0.010548592441474103
Hang Seng Corporate Sustainability Benchmark Index,14,114,0.010440971812503566,0.0025667953211929717,0.042058563800073084,0.014848026256806035
Hang Seng Corporate Sustainability Benchmark Index,15,114,-0.00038755076011120755,-0.00668439677882493,0.04410715453768412,-0.0036503917178450362
Hang Seng Corporate Sustainability Benchmark Index,16,114,0.017058949122551688,0.000546460617418143,0.07276819837911523,-0.005454566261985039
Hang Seng Corporate Sustainability Benchmark Index,17,114,-0.008596063624620178,-0.004333949905708678,0.05607099687336775,-0.011934307230687391
Hang Seng Corporate Sustainability Benchmark Index,18,114,0.005921685778828308,0.003195987850708848,0.06371440438415196,-0.01580217133592421
Hang Seng Corporate Sustainability Benchmark Index,19,114,0.0012622184973377247,-0.005930411856525208,0.07001864091814684,-0.02417207584326747
Hang Seng Corporate Sustainability Benchmark Index,20,114,-0.01896922032861621,0.0,0.03473942828059688,-0.015443114670124714
Hang Seng Corporate Sustainability Benchmark Index,21,114,-0.0014771065736032087,0.0005452687458361583,0.030724470701579153,-0.005994302943419683
Hang Seng Corporate Sustainability Benchmark Index,22,114,-0.007555662828397568,-0.007341444517390161,0.02508992990980743,-0.012841044482910458
Hang Seng Corporate Sustainability Benchmark Index,23,114,0.01029816241464077,0.008587637528338354,0.034314550569575636,-0.00812570864603479
Hang Seng Corporate Sustainability Benchmark Index,24,114,-0.008866442308460542,-0.006318965839868129,0.022835400724006076,-0.011126160043537836
Hang Seng Corporate Sustainability Benchmark Index,25,114,0.0024269945917143364,0.0,0.026810910485243967,-0.008968232201458037
Hang Seng Corporate Sustainability Benchmark Index,26,114,-0.006510431605504465,-0.0032760420071120677,0.017448644052418222,-0.00853898535065195
Hang Seng Corporate Sustainability Benchmark Index,27,114,0.012410234511345057,0.008933613653438366,0.03130957823997232,-0.0041873810349181695
Hang Seng Corporate Sustainability Benchmark Index,28,114,0.011881874152426643,0.003785598472050622,0.043002891818325735,0.0027956654667125047
Hang Seng Corporate Sustainability Benchmark Index,29,114,-0.006475191105982586,-0.0031599699370885026,0.03767306415183855,-0.000929389281516313
Hang Seng Corporate Sustainability Benchmark Index,30,114,0.002949570164116014,0.0,0.040732266203471944,0.00369401752062426
Hang Seng Corporate Sustainability Benchmark Index,31,114,-0.008145817502085912,-0.007697880118419431,0.031487264201506555,0.008295711270153716
Hang Seng Corporate Sustainability Benchmark Index,32,114,-0.002482180366904373,-0.003168393262992786,0.029056138911446924,-0.0009689682500371721
Hang Seng Corporate Sustainability Benchmark Index,33,114,0.006639905885492849,0.002225974202428649,0.03804512604393986,-0.001715690295812311
Hang Seng Corporate Sustainability Benchmark Index,34,114,-0.004129936545981398,-0.002640957341600636,0.03324849622923922,-0.005002813794082073
Hang Seng Corporate Sustainability Benchmark Index,35,114,0.002567586281627451,0.0,0.03408445409493019,-0.0018430772782623839
Hang Seng Corporate Sustainability Benchmark Index,36,114,0.006102886185787186,0.004669617095105605,0.03964032193353852,0.005911754481742193
Hang Seng Corporate Sustainability Benchmark Index,37,114,0.01921690448338995,0.012017985203352732,0.057595083251335846,0.01747012353054489
Hang Seng Corporate Sustainability Benchmark Index,38,114,-0.00198364816746159,-0.003044137047785833,0.056780577097974023,0.01137979651211285
Hang Seng Corporate Sustainability Benchmark Index,39,114,0.011341132470472318,0.0074973050181539325,0.0711296160398355,0.015980467819301958
Hang Seng Corporate Sustainability Benchmark Index,40,114,0.002731960865706485,0.0,0.07551075867403792,0.01524949222096994
Hang Seng Corporate Sustainability Benchmark Index,41,114,0.007154350354469507,0.0042018787743310915,0.0824455375248636,0.0249427028344944
Hang Seng Corporate Sustainability Benchmark Index,42,114,-0.006011857022119338,-0.007092687207602477,0.07602492556519866,0.020458829410365476
Hang Seng Corporate Sustainability Benchmark Index,43,114,-0.000821019482584069,-0.001087536808603795,0.0727873563971524,0.017574635578901487
Hang Seng Corporate Sustainability Benchmark Index,44,114,-0.006341900078247766,-0.006875214331491131,0.0652933850933664,0.015613984312004225
Hang Seng Corporate Sustainability Benchmark Index,45,114,0.000956675582035953,0.0,0.06576472752704386,0.020730910066300234
Hang Seng Corporate Sustainability Benchmark Index,46,114,-0.0013858921769449944,-0.001626122240997785,0.061822152770155694,0.017953911728812888
Hang Seng Corporate Sustainability Benchmark Index,47,114,0.00020329411840756353,0.0,0.06199685546659207,0.02074892172627496
Hang Seng Corporate Sustainability Benchmark Index,48,114,0.003984641758623136,0.0,0.06684126100802747,0.023036490248586672
Hang Seng Corporate Sustainability Benchmark Index,49,114,-0.003364642364707859,-0.003241130956541438,0.06411063265952997,0.015642666291441842
Hang Seng Corporate Sustainability Benchmark Index,50,114,0.006693059847942823,0.0034799148575355154,0.07121091485047759,0.016083372938497043
Hang Seng Corporate Sustainability Benchmark Index,51,114,-0.0008902859778664412,-0.0017662713965886923,0.06975605981336538,0.014937010601388634
Hang Seng Corporate Sustainability Benchmark Index,52,114,-0.009452358331156634,-0.008575731095287642,0.059064373554304585,0.0014302852439168068
Hang Seng Corporate Sustainability Benchmark Index,53,114,0.0017199030232630174,0.0,0.06069654782359307,0.015004911252973874
Hang Seng Corporate Sustainability Benchmark Index,54,114,-0.0023076983423990518,-0.003139915392594339,0.05757565871437035,0.005956310104375473
Hang Seng Corporate Sustainability Benchmark Index,55,114,0.006736831912830914,0.006190308346571305,0.0647337422135395,0.01659258987391843
Hang Seng Corporate Sustainability Benchmark Index,56,114,0.0007436845427127722,-0.002093352368106205,0.06473399067114186,0.005400328253707731
Hang Seng Corporate Sustainability Benchmark Index,57,114,0.0020218778303210854,0.0,0.06745205205077869,0.01512327860024909
Hang Seng Corporate Sustainability Benchmark Index,58,114,0.016924613170140608,0.011518821685667757,0.08655440651258156,0.031551707503728155
Hang Seng Corporate Sustainability Benchmark Index,59,114,-0.0024251315183054633,0.0,0.08279918219111992,0.02740526549505362
Hang Seng Corporate Sustainability Benchmark Index,60,114,-0.004274012232349741,-0.0007961965404250648,0.07823021220809986,0.018678834518996656
Hang Seng Corporate Sustainability Index,-60,43,,,0.10470263675866426,0.09707244016317973
Hang Seng Corporate Sustainability Index,-59,43,-0.0061867223562721355,-0.006747638465534167,0.09869114014788882,0.09142323013324694
Hang Seng Corporate Sustainability Index,-58,43,-0.004120013369353074,-0.0030769543770031715,0.09362946077266279,0.07692307692307687
Hang Seng Corporate Sustainability Index,-57,43,-0.011744102888549735,-0.011315473635188589,0.07931849393112331,0.05897120147556523
Hang Seng Corporate Sustainability Index,-56,43,0.0032880265145062665,0.0,0.08317722890471999,0.05521938895819978
Hang Seng Corporate Sustainability Index,-55,43,0.007149934856276172,0.0015504231283032244,0.08980238615529171,0.05613000229121301
Hang Seng Corporate Sustainability Index,-54,43,-0.004310562569769627,-0.0019920774362256477,0.08411352193827024,0.05465286360435795
Hang Seng Corporate Sustainability Index,-53,43,-0.008632324361972216,-0.008389261959748318,0.07415363054815209,0.0395232327038173
Hang Seng Corporate Sustainability Index,-52,43,-0.007179205088109939,-0.005431465981049488,0.06600390757757206,0.03904281367071705
Hang Seng Corporate Sustainability Index,-51,43,-0.0022597250167521597,0.0013773762712701032,0.061638792535508614,0.03638646972298121
Hang Seng Corporate Sustainability Index,-50,43,-0.0005879052076622165,-0.0017152233577253373,0.061185028215833645,0.04049857268209944
Hang Seng Corporate Sustainability Index,-49,43,0.004338554179570953,0.004316577069305216,0.06554166999616595,0.040780146191174316
Hang Seng Corporate Sustainability Index,-48,43,-0.004385941768900617,-0.0023753512568226443,0.061061352146478884,0.027979242986965636
Hang Seng Corporate Sustainability Index,-47,43,-0.007359695932513138,-0.005714280264718208,0.052786575355779325,0.02619415751761367
Hang Seng Corporate Sustainability Index,-46,43,0.0025155543082877184,0.0018518235948350448,0.05474657659973799,0.033698400192412326
Hang Seng Corporate Sustainability Index,-45,43,-0.0006784613068399291,0.0012795709810444755,0.054096920024945906,0.03249627633847374
Hang Seng Corporate Sustainability Index,-44,43,0.0034084946431300295,0.003134828227006725,0.056017270538296866,0.036927621965190394
Hang Seng Corporate Sustainability Index,-43,43,-0.00475098068065378,-0.004566227543908896,0.05104060898311453,0.041254126451300444
Hang Seng Corporate Sustainability Index,-42,43,0.0022179137036418546,-0.0019841723371181175,0.05357701977830278,0.03300330116104022
Hang Seng Corporate Sustainability Index,-41,43,-0.005623390468137289,-0.004792365608860094,0.0477298887152187,0.0273972334300725
Hang Seng Corporate Sustainability Index,-40,43,0.0022406364062173105,0.0,0.0501579237872311,0.01713402408874698
Hang Seng Corporate Sustainability Index,-39,43,0.0030306090913229393,-0.002409693651091449,0.052858863485545936,0.01920238032602284
Hang Seng Corporate Sustainability Index,-38,43,-0.0025945626278080208,-0.0017007191644904385,0.0497324421058288,0.032380966913132525
Hang Seng Corporate Sustainability Index,-37,43,-0.008791891416508692,-0.007132667772947077,0.04053504639241034,0.010903581285223396
Hang Seng Corporate Sustainability Index,-36,43,-0.0009460685504594895,-0.0017683196369622234,0.03894549770911646,0.022857157389322813
Hang Seng Corporate Sustainability Index,-35,43,0.005872503198791804,0.0068492894567560025,0.044827070701680766,0.015238080705915147
Hang Seng Corporate Sustainability Index,-34,43,-0.0068198559940075764,-0.008196674537606752,0.03764709581019953,0.01904761904761898
Hang Seng Corporate Sustainability Index,-33,43,0.0064722043875084165,0.0015698946721343088,0.04403343204023177,0.026186553832377557
Hang Seng Corporate Sustainability Index,-32,43,0.0013561159197199605,0.0010965581892770082,0.04490646878944588,0.026562511525116683
Hang Seng Corporate Sustainability Index,-31,43,0.003982611848173782,0.002392399352277197,0.04846672240986764,0.034369890926038815
Hang Seng Corporate Sustainability Index,-30,43,-0.008599315545573282,-0.0068336872313402575,0.03998850557560996,0.029459873061424835
Hang Seng Corporate Sustainability Index,-29,43,-0.00402586032990984,-0.0015897857083184697,0.03547435990531261,0.016366596145235945
Hang Seng Corporate Sustainability Index,-28,43,-0.006978890494045986,-0.0031007723283626998,0.028462869950913783,0.0097799414084907
Hang Seng Corporate Sustainability Index,-27,43,-0.006728036839065144,-0.006525248224469982,0.02139304793214977,0.0
Hang Seng Corporate Sustainability Index,-26,43,0.005983901225634109,0.0,0.02685279155746863,0.01222486846756432
Hang Seng Corporate Sustainability Index,-25,43,-0.0070314193871502985,-0.007371058610079473,0.01952253860617869,0.009999990463256836
Hang Seng Corporate Sustainability Index,-24,43,-0.002971174490052415,-0.0011736910528511446,0.015415654141260735,0.01259444633651241
Hang Seng Corporate Sustainability Index,-23,43,0.004899370639063007,0.006359294450813291,0.019738647210270854,-0.001557631126151371
Hang Seng Corporate Sustainability Index,-22,43,0.003463898226035201,-0.0016155458464287564,0.022789942701423305,0.02200480987605502
Hang Seng Corporate Sustainability Index,-21,43,0.0008050374992682682,0.0,0.023796311542726233,0.024870482133460214
Hang Seng Corporate Sustainability Index,-20,43,0.0010447725730760595,-0.0016260534515062375,0.025032693371016778,0.01968913498320113
Hang Seng Corporate Sustainability Index,-19,43,-0.0077769303716760775,-0.005392888534548557,0.01601302669532835,0.004484264979760733
Hang Seng Corporate Sustainability Index,-18,43,-0.0020199708364032156,-0.002996957312050741,0.013193121345912216,-0.001254686047052589
Hang Seng Corporate Sustainability Index,-17,43,0.0031444476064466484,0.0,0.01562320867140705,-0.003809538341703833
Hang Seng Corporate Sustainability Index,-16,43,0.002545621576169252,0.0,0.017755319103381757,0.0
Hang Seng Corporate Sustainability Index,-15,43,0.0006668289786246843,0.0021412949140773296,0.015294592596460816,-0.0007563604162994508
Hang Seng Corporate Sustainability Index,-14,43,0.002650989477963647,0.004991635911596681,0.01635150940045167,0.0070921919858044635
Hang Seng Corporate Sustainability Index,-13,43,-0.0011860963571601886,0.0,0.014573008884943051,0.003963052362643271
Hang Seng Corporate Sustainability Index,-12,43,-0.006556648806887614,-0.0007491093896301315,0.0065536399177046345,0.0097799414084907
Hang Seng Corporate Sustainability Index,-11,43,-0.015771852618551595,-0.01452783077892561,-0.009411122369116162,-0.007528212008724888
Hang Seng Corporate Sustainability Index,-10,43,-0.00032218138890950816,0.0,-0.009862888474230046,-0.010854877951746666
Hang Seng Corporate Sustainability Index,-9,43,0.013017497358474345,0.010309233173954935,0.002933219054984536,0.0016366205934803535
Hang Seng Corporate Sustainability Index,-8,43,0.005768667791623653,0.006830601377668666,0.008666839844549617,0.001885057309265692
Hang Seng Corporate Sustainability Index,-7,43,0.0010536655322773856,0.0,0.009318580650928863,0.009560229584969049
Hang Seng Corporate Sustainability Index,-6,43,-0.0070212106043146165,-0.005434768712212823,0.0020641526062871534,0.005470459427272978
Hang Seng Corporate Sustainability Index,-5,43,0.004871728672152364,-0.0015382989059300467,0.006577466453594624,0.005427332221282555
Hang Seng Corporate Sustainability Index,-4,43,-0.0006985129138449544,-0.0013986333913919013,0.0055570881707726625,0.00227267086998606
Hang Seng Corporate Sustainability Index,-3,43,0.002073355552571991,0.0024690744626516548,0.00698954583849201,0.0
Hang Seng Corporate Sustainability Index,-2,43,0.0003131475259683716,0.0,0.00668240233507368,0.003782148347520442
Hang Seng Corporate Sustainability Index,-1,43,-0.001607282266842741,-0.002275364893797316,0.004732937137538578,0.0025000572204589844
Hang Seng Corporate Sustainability Index,0,43,-0.004467169896112844,-0.0024938225214576892,0.0,0.0
Hang Seng Corporate Sustainability Index,1,43,-0.004781456606105586,-0.011661796231637989,-0.004781456606105586,-0.011661796231637989
Hang Seng Corporate Sustainability Index,2,43,-0.004653007961480036,-0.002967356321318615,-0.009477715064318229,-0.012499987892806708
Hang Seng Corporate Sustainability Index,3,43,-0.002766282382752468,-0.0015014643053727905,-0.012293100951818814,-0.013636350336153957
Hang Seng Corporate Sustainability Index,4,43,0.007955498651867393,0.00291824332157109,-0.004602780123453736,-0.008746347173728575
Hang Seng Corporate Sustainability Index,5,43,0.008006965058428678,0.0069808295149189625,0.0032604336569528455,0.0
Hang Seng Corporate Sustainability Index,6,43,-0.002121669529919749,-0.00523566607598569,0.0012098013927851067,-0.0022727792420651483
Hang Seng Corporate Sustainability Index,7,43,0.001401763484718737,0.0030211452072894662,0.002484942267607878,-0.0024450436451716184
Hang Seng Corporate Sustainability Index,8,43,0.0033883225014012105,0.0014705517300281912,0.005761738901645491,-0.0011534289266247333
Hang Seng Corporate Sustainability Index,9,43,-0.00794434363369201,-0.010719780920716349,-0.0019116380489075239,-0.010204081632653073
Hang Seng Corporate Sustainability Index,10,43,0.006641307104201023,0.005733945154800635,0.004672189707928884,0.0
Hang Seng Corporate Sustainability Index,11,43,-0.013221088776037343,-0.016736385979694512,-0.008276435987501168,-0.02269289008512254
Hang Seng Corporate Sustainability Index,12,43,0.0029045851163114356,0.005581381154614817,-0.005135292943633016,-0.007610378908440629
Hang Seng Corporate Sustainability Index,13,43,0.01044739732622664,0.0,0.005538486198482559,-0.00571430751255575
Hang Seng Corporate Sustainability Index,14,43,0.0029502239975261763,-0.003627514309958557,0.01031858371060979,-0.013698653004012296
Hang Seng Corporate Sustainability Index,15,43,-0.0041137864936038404,-0.0035928509192552083,0.006693262447329678,-0.024449911814275582
Hang Seng Corporate Sustainability Index,16,43,0.013033859626255943,0.004729709109744462,0.022911013531912005,-0.0189107417376021
Hang Seng Corporate Sustainability Index,17,43,-0.011843984019064417,-0.006507637513988307,0.007953181254739136,-0.025906735751295318
Hang Seng Corporate Sustainability Index,18,43,0.011245126666237391,0.0021644691010764827,0.021556307432046718,-0.022004926462152907
Hang Seng Corporate Sustainability Index,19,43,0.0061131785223114,-0.0010298504190784374,0.03200934812431453,-0.01955988281698129
Hang Seng Corporate Sustainability Index,20,43,-0.011806145266227598,0.004166682561238533,0.009950755846685953,-0.021571628878728766
Hang Seng Corporate Sustainability Index,21,43,-0.0047634718099793414,-0.0016750801933060888,0.004463882607097072,-0.024822671950315622
Hang Seng Corporate Sustainability Index,22,43,-0.0013588885203572934,0.002512560405862674,0.0024112727150790623,-0.017616548686447575
Hang Seng Corporate Sustainability Index,23,43,0.005695813221561277,0.005369147998374624,0.006979012254668571,-0.009259219078976644
Hang Seng Corporate Sustainability Index,24,43,-0.007071784503237321,-0.003002957249614635,-0.0013640739965201834,-0.006230361102441684
Hang Seng Corporate Sustainability Index,25,43,-0.002612391687182272,-0.0013550961975636877,-0.003147522940891616,-0.020454579690270425
Hang Seng Corporate Sustainability Index,26,43,0.00012733109482048922,-0.0011890425200408172,-0.00430022295967916,-0.018181800448205276
Hang Seng Corporate Sustainability Index,27,43,0.007803049132542047,0.003656303783114545,0.004517545984016048,-0.01851853907587242
Hang Seng Corporate Sustainability Index,28,43,0.007175888430257118,0.0049422952426343425,0.011127270777773,-0.0070921919858044635
Hang Seng Corporate Sustainability Index,29,43,-0.0069801640695439345,-0.002487500520428565,0.0041518877567216185,-0.004545450112051319
Hang Seng Corporate Sustainability Index,30,43,-0.0021576537589864998,-0.001990019385494368,0.002006268898241899,-0.011363679466167786
Hang Seng Corporate Sustainability Index,31,43,-0.0018905540599385455,-0.0013003702488542102,-0.0005583858888231815,-0.015909129578219106
Hang Seng Corporate Sustainability Index,32,43,-0.0001430274603941024,-0.0035545384636731514,-0.00033478960347737473,-0.005714271182105657
Hang Seng Corporate Sustainability Index,33,43,-0.006846997237881792,-0.0037383142585097895,-0.0069294003497804915,-0.014669912112735939
Hang Seng Corporate Sustainability Index,34,43,-0.005064545367518875,-0.005412714827564669,-0.012403079834550784,-0.022004926462152907
Hang Seng Corporate Sustainability Index,35,43,0.002720752710899655,0.0023781757582108654,-0.010965587085596785,-0.022004926462152907
Hang Seng Corporate Sustainability Index,36,43,0.003186957208704198,0.0016447745077832199,-0.008304116673994635,-0.01955988281698129
Hang Seng Corporate Sustainability Index,37,43,0.009592305790043616,0.00560751595198572,0.0005571026605225623,-0.00738006665866664
Hang Seng Corporate Sustainability Index,38,43,-0.0002455259410860847,0.0,-0.00015019480679509986,-0.010075557069209928
Hang Seng Corporate Sustainability Index,39,43,0.007362377245071045,0.002932548449136041,0.008169733498697398,-0.009090900224102638
Hang Seng Corporate Sustainability Index,40,43,0.008308506515746888,0.003968193297365197,0.015974842892976737,-0.005319101716554586
Hang Seng Corporate Sustainability Index,41,43,0.0015035410122503955,0.0010319759808712359,0.018506282979598315,-0.004545450112051319
Hang Seng Corporate Sustainability Index,42,43,-0.007262321451765083,-0.00851063052687262,0.010591758534172708,-0.015963442932735883
Hang Seng Corporate Sustainability Index,43,43,0.0072674295624501044,0.001607753893755115,0.018300564681482685,-0.015963442932735883
Hang Seng Corporate Sustainability Index,44,43,0.0005670036482769102,-0.00303946739249239,0.01784207615809023,-0.005319101716554586
Hang Seng Corporate Sustainability Index,45,43,-0.0017845581104952428,-0.0016233364111005733,0.01571405816685699,-0.014669912112735939
Hang Seng Corporate Sustainability Index,46,43,-0.00014210854144014205,0.0,0.014222015092197582,-0.011816827759445037
Hang Seng Corporate Sustainability Index,47,43,0.0020458811539197544,0.0,0.016286310159753545,-0.010339759506439061
Hang Seng Corporate Sustainability Index,48,43,0.006663512896956674,0.003683237856129562,0.023030931927356047,0.0
Hang Seng Corporate Sustainability Index,49,43,-0.0019857331540593143,-0.004744976410419821,0.021182366586337615,-0.006775067470516705
Hang Seng Corporate Sustainability Index,50,43,0.0013856428223417189,0.0,0.02244014710429931,-0.002509372094105178
Hang Seng Corporate Sustainability Index,51,43,-0.0004295411654828416,0.0,0.022680045291288697,-0.0014770682530059753
Hang Seng Corporate Sustainability Index,52,43,-0.007518589710707365,-0.006067961052682369,0.014335421433836676,-0.012636900072154678
Hang Seng Corporate Sustainability Index,53,43,0.0006694186960020187,0.004206114955803697,0.015390283024959471,-0.0070921919858044635
Hang Seng Corporate Sustainability Index,54,43,-0.0026387483633760755,0.0018116356732591488,0.01208548660062378,-0.004444475527162872
Hang Seng Corporate Sustainability Index,55,43,0.006698962879395074,0.0037037413797260665,0.018741119291745774,-0.004391449027888794
Hang Seng Corporate Sustainability Index,56,43,-0.00573104423915545,-0.008684825824989861,0.013074789800534541,-0.010638287978706695
Hang Seng Corporate Sustainability Index,57,43,-0.0041104357052884006,-0.0029070431506559302,0.009217903621122297,-0.007610378908440629
Hang Seng Corporate Sustainability Index,58,43,-0.0002504858170100945,0.001390786086939766,0.009412973173401607,-0.016311110064502365
Hang Seng Corporate Sustainability Index,59,43,0.002169250961627203,0.0021459719333229987,0.01197086057311029,-0.010037584102830066
Hang Seng Corporate Sustainability Index,60,43,-0.005994070983432755,-0.00931680550624292,0.005843765497134557,-0.008782898055777477
Hang Seng ESG 50 Index,-60,48,,,0.07764157649425917,0.0870828878103409
Hang Seng ESG 50 Index,-59,48,-0.004937115165273477,-0.003455258839175246,0.07176226597834869,0.06819128260127882
Hang Seng ESG 50 Index,-58,48,-0.0009106706106305392,0.001084571773868337,0.069750683527729,0.05941339640674703
Hang Seng ESG 50 Index,-57,48,-0.015154652434989492,-0.013048122080435987,0.051687211834776654,0.05174294470955465
Hang Seng ESG 50 Index,-56,48,0.0036421076633389587,0.0,0.05502377496304616,0.055055927758901224
Hang Seng ESG 50 Index,-55,48,0.006393126892636755,0.0036175848264955457,0.06105251235730405,0.05488013920567503
Hang Seng ESG 50 Index,-54,48,-0.0008364668144930828,-0.0027900854615563464,0.058216011602302054,0.05782033297896216
Hang Seng ESG 50 Index,-53,48,-0.005408992109890459,-0.008145743836377672,0.052528174378631755,0.05051988210511693
Hang Seng ESG 50 Index,-52,48,-0.004721633418706903,-0.0030291710125476268,0.04736074098711974,0.05970844352622218
Hang Seng ESG 50 Index,-51,48,0.008124853637545266,0.004305698567611316,0.05567595835719045,0.057298035402074676
Hang Seng ESG 50 Index,-50,48,-0.001307670697526353,-0.004668269723489438,0.05433338493727799,0.061352835479515866
Hang Seng ESG 50 Index,-49,48,-0.005075227403102671,-0.005724075643322835,0.048293017732520586,0.055055927758901224
Hang Seng ESG 50 Index,-48,48,-0.006743907092921747,-0.003858615842893487,0.04127895653699507,0.0419700483281239
Hang Seng ESG 50 Index,-47,48,-0.0034335595394397824,-0.0053841286036380165,0.03760335974719081,0.043500024432551854
Hang Seng ESG 50 Index,-46,48,0.011910762725172228,0.00988974113072949,0.04985788116876607,0.041606812406316473
Hang Seng ESG 50 Index,-45,48,0.004865897726093045,0.002025202516686364,0.05366059133986686,0.04898436663317374
Hang Seng ESG 50 Index,-44,48,0.013355015267156356,0.0045846904933308785,0.06572919031592507,0.0657629693006514
Hang Seng ESG 50 Index,-43,48,-0.013679476063845864,-0.009169938989807225,0.050566074453489616,0.05787845518930812
Hang Seng ESG 50 Index,-42,48,0.005078727568193502,0.0020805703967557987,0.05548653272179462,0.060476178214663556
Hang Seng ESG 50 Index,-41,48,-0.010932981630210626,-0.011339170008987765,0.04375329780379403,0.05029156619675301
Hang Seng ESG 50 Index,-40,48,-0.0005402360076190114,-0.004543969276772364,0.04274801916937715,0.05673806964917216
Hang Seng ESG 50 Index,-39,48,0.016083603113476216,0.01105254948972767,0.05903140100779824,0.07111920707761155
Hang Seng ESG 50 Index,-38,48,-0.0016621484308262033,-0.0022321938977219458,0.056038798698266536,0.06963611330533859
Hang Seng ESG 50 Index,-37,48,-0.012392560221213737,-0.012517581619427232,0.042936553164490604,0.04864860194891041
Hang Seng ESG 50 Index,-36,48,-0.00353275614975686,0.0015825651402557872,0.03961755236729715,0.053029258131603974
Hang Seng ESG 50 Index,-35,48,0.0035018524019461822,0.002512837354150421,0.042734827006987886,0.05250923134808971
Hang Seng ESG 50 Index,-34,48,-0.010182518075582826,-0.01182128301344404,0.031925405108620915,0.05344214817250925
Hang Seng ESG 50 Index,-33,48,-0.003019889411075336,-0.001841618928064781,0.02847851235849046,0.042995467075682026
Hang Seng ESG 50 Index,-32,48,-0.004948918568949206,-0.009091824703460538,0.023353953454816497,0.03721263296788058
Hang Seng ESG 50 Index,-31,48,0.004797663511958518,0.0010193426724713905,0.026876310164670736,0.04580444441245202
Hang Seng ESG 50 Index,-30,48,-0.017814261120826163,-0.015134942445102773,0.008497971271879859,0.022779119603909326
Hang Seng ESG 50 Index,-29,48,-0.012392024656512582,-0.006684221197378881,-0.004617549871830963,0.0129072726057472
Hang Seng ESG 50 Index,-28,48,-0.00764298804035701,-0.002170893866076995,-0.011951613620474318,0.00019403826177583072
Hang Seng ESG 50 Index,-27,48,0.002002187488418431,-0.003145375043835552,-0.01129506193756029,0.0017182113691247558
Hang Seng ESG 50 Index,-26,48,0.015339274779610607,0.00909472391398436,0.0029197420455766196,0.024570747957993966
Hang Seng ESG 50 Index,-25,48,-0.009090671653889994,-0.010062709641255607,-0.00658484349846903,0.0109291606377373
Hang Seng ESG 50 Index,-24,48,0.005025417183278767,0.0035821677791235684,-0.0024740334104127715,0.014820925473110536
Hang Seng ESG 50 Index,-23,48,0.0012433677190216777,0.0007999877929687482,-0.0014421173382263587,0.013737827667667402
Hang Seng ESG 50 Index,-22,48,0.00828436826647072,0.003714353669881487,0.006578612349782065,0.03221063460461071
Hang Seng ESG 50 Index,-21,48,-0.0037498191506212483,-0.007007448169999375,0.0022910272234370013,0.02811132137773764
Hang Seng ESG 50 Index,-20,48,-0.005041110421537265,-0.004853232594315915,-0.0027093979525410947,0.019559915196608157
Hang Seng ESG 50 Index,-19,48,-0.0003523880316723428,0.0,-0.003791443336502267,0.018436826763212677
Hang Seng ESG 50 Index,-18,48,0.0008013674544951471,0.005553662195375786,-0.0034425915344652356,0.014425187187671495
Hang Seng ESG 50 Index,-17,48,0.00676272073161889,0.0025805840865572582,0.002849000751574659,0.031086020598175
Hang Seng ESG 50 Index,-16,48,0.0037686825333892587,0.0014142310675114844,0.005604155969545113,0.01673118623284442
Hang Seng ESG 50 Index,-15,48,0.004252197050347263,0.003956531173923694,0.00903263505855169,0.02186582927160452
Hang Seng ESG 50 Index,-14,48,0.003056363248025093,0.0032732830154177384,0.011867689822761656,0.015647998238640937
Hang Seng ESG 50 Index,-13,48,-0.005216045623596242,-0.002164107618525757,0.006333016552156179,-0.00031251443992330596
Hang Seng ESG 50 Index,-12,48,-0.0014910305353188884,-0.0020658444761941785,0.004248163301155049,0.008502465607886922
Hang Seng ESG 50 Index,-11,48,-0.011268451702169403,-0.011935667069358391,-0.007355934890274286,-0.006480855699613874
Hang Seng ESG 50 Index,-10,48,-0.008264075076614759,-0.004056159146907767,-0.015555323795160227,-0.011087773884474128
Hang Seng ESG 50 Index,-9,48,0.007495433478526219,0.0007320811854716336,-0.008545569827022854,-0.014980973930012409
Hang Seng ESG 50 Index,-8,48,0.010967524166924215,0.006518232426976134,0.001710458046748492,0.000561440829819182
Hang Seng ESG 50 Index,-7,48,-0.0013996074562966758,-0.0037024413537926626,-7.450097843918664e-05,0.0017021348855182916
Hang Seng ESG 50 Index,-6,48,-0.010155996807675927,-0.007946798264821309,-0.010584466165471712,0.0038064915288799073
Hang Seng ESG 50 Index,-5,48,0.004549320184334199,0.0033433534812472576,-0.006509100650801393,-0.0005686011984638029
Hang Seng ESG 50 Index,-4,48,0.006005803825889278,0.0009416411647082956,-0.0015130587391787252,0.0056596133674993165
Hang Seng ESG 50 Index,-3,48,0.004528782112516565,0.0,0.0026234675906017524,0.005846710796704624
Hang Seng ESG 50 Index,-2,48,0.0004107239422418395,-0.003026737521963363,0.0026910814912927497,0.003428604390194212
Hang Seng ESG 50 Index,-1,48,0.00029410845277798997,-0.0018795108731390897,0.002510638053232731,0.00499757816362878
Hang Seng ESG 50 Index,0,48,-0.0021266121921736333,-0.004971777496370566,0.0,0.0
Hang Seng ESG 50 Index,1,48,-0.005647126230690053,-0.007862668539245776,-0.005647126230690053,-0.007862668539245776
Hang Seng ESG 50 Index,2,48,-0.002286646164941064,-0.00165575123735201,-0.008002880272376499,-0.007248302580948329
Hang Seng ESG 50 Index,3,48,-0.008184741903316422,-0.004434802910298075,-0.016256400113268083,-0.012533681872184121
Hang Seng ESG 50 Index,4,48,-0.0003490271006836923,0.0009597148920074128,-0.016665289780229027,-0.016425191270780348
Hang Seng ESG 50 Index,5,48,0.00848721481061164,0.010128933520723193,-0.008535906805209529,-0.00884599087079535
Hang Seng ESG 50 Index,6,48,-0.0014121561061542314,0.0,-0.009842010317323575,-0.012533221350490342
Hang Seng ESG 50 Index,7,48,-0.005075695371932458,-0.0019708116707256584,-0.01491759335646385,-0.015972229904953394
Hang Seng ESG 50 Index,8,48,-0.0022529046564948954,-0.0061895801761410185,-0.016975345787159885,-0.01852388303851521
Hang Seng ESG 50 Index,9,48,-0.005653864870448978,-0.0045295937653744844,-0.02139840934378663,-0.019658935576332137
Hang Seng ESG 50 Index,10,48,-0.0017329702555400246,0.0,-0.023606533348850423,-0.020693334839289756
Hang Seng ESG 50 Index,11,48,-0.015568122658631568,-0.017728363506740563,-0.03734066590437285,-0.040158500294150634
Hang Seng ESG 50 Index,12,48,0.0027562128998453333,0.0009014515107027554,-0.035720790461212175,-0.0350191452868816
Hang Seng ESG 50 Index,13,48,0.029238064802112246,0.01970333736134111,-0.006238129576891872,-0.02890487475577075
Hang Seng ESG 50 Index,14,48,0.00574281844481523,-0.006480459247264592,0.003411187280135855,-0.036981748643509615
Hang Seng ESG 50 Index,15,48,0.005711648349005695,-0.003871112203841953,0.013547605785356335,-0.04359097181995991
Hang Seng ESG 50 Index,16,48,0.04264076582116607,0.021709523833544964,0.07259093990381243,-0.04643203442577132
Hang Seng ESG 50 Index,17,48,-0.011444276120883085,-0.0085879544669753,0.055584487499117465,-0.03969121419056748
Hang Seng ESG 50 Index,18,48,0.008376971709918359,0.007812918411480463,0.06307413290628379,-0.03842234678752515
Hang Seng ESG 50 Index,19,48,0.009718239584199257,0.00139440643738864,0.07696182013465967,-0.037889599006041164
Hang Seng ESG 50 Index,20,48,-0.02725159063126519,-0.0005945212600204086,0.02614714717300569,-0.038809138333380344
Hang Seng ESG 50 Index,21,48,-0.00906649351511613,-0.005898116749427307,0.013256975161391895,-0.033527744366096124
Hang Seng ESG 50 Index,22,48,0.01754692619164266,0.012329074342760982,0.031556602639988655,-0.02565715075877445
Hang Seng ESG 50 Index,23,48,-0.00529491122826789,-0.005907548648063254,0.02520058294486544,-0.031088425184264856
Hang Seng ESG 50 Index,24,48,-0.009117266811430927,-0.008297183681331366,0.012692328382635768,-0.021776461060856067
Hang Seng ESG 50 Index,25,48,0.005538353017583683,0.0026744358334450657,0.021359289937481263,-0.026463997456841137
Hang Seng ESG 50 Index,26,48,-0.0071174428545867086,-0.008472255193043732,0.008362974538168732,-0.026267643159270826
Hang Seng ESG 50 Index,27,48,0.01735987828959302,0.009466888207527946,0.027764467441101476,-0.01836400092015905
Hang Seng ESG 50 Index,28,48,0.0037780557696546688,0.0018529353371484758,0.030438633301295828,-0.025275674556687833
Hang Seng ESG 50 Index,29,48,0.0031612077234274283,0.00071259632246512,0.03399294587360269,-0.027436374574807465
Hang Seng ESG 50 Index,30,48,0.010195668469705611,0.006228328550193729,0.04570838771292925,-0.008399366384155782
Hang Seng ESG 50 Index,31,48,-0.001071802087548146,0.0005931107384402612,0.04290927448284004,-0.017728952517038155
Hang Seng ESG 50 Index,32,48,0.0015518421553213392,0.001346615237359905,0.04523907141522157,-0.009435676274623106
Hang Seng ESG 50 Index,33,48,-0.005103011179666206,-0.00806690978764707,0.041302358952093755,0.00272308423551626
Hang Seng ESG 50 Index,34,48,-0.008016952460506476,-0.0077128574924816284,0.031830438137744325,0.0017732444373373957
Hang Seng ESG 50 Index,35,48,-0.008300006184501248,-0.0033057899664186707,0.02274429544305727,-0.013329875314852524
Hang Seng ESG 50 Index,36,48,-0.00441343652288136,-0.0018307428963264538,0.018867892916039786,-0.028076270228052036
Hang Seng ESG 50 Index,37,48,0.0044296401330657,0.0,0.02403275920166839,-0.02119379140690364
Hang Seng ESG 50 Index,38,48,-0.0020659331072719936,-0.0022606203316848927,0.021704632921976216,-0.025201455499013037
Hang Seng ESG 50 Index,39,48,0.011366712345586292,0.0070430871582271015,0.03481790259824181,-0.024819871903499657
Hang Seng ESG 50 Index,40,48,0.006266198261558692,0.004844911291912446,0.04166578709437816,-0.017597152618968825
Hang Seng ESG 50 Index,41,48,0.006090060856382538,0.002843978045041662,0.051102716104754226,-0.008621119169118507
Hang Seng ESG 50 Index,42,48,-0.0024671700922439302,0.004292932157878293,0.04701380804041522,-0.016553164569976575
Hang Seng ESG 50 Index,43,48,-0.0010559840816303234,-0.0026371392257117376,0.043838032005763576,-0.0057158445534550295
Hang Seng ESG 50 Index,44,48,0.0034203515389977512,-0.0015315364813515697,0.0439208400240241,-0.012028200903567321
Hang Seng ESG 50 Index,45,48,0.007845137639159491,0.0,0.05018331367323838,-0.015162955379277698
Hang Seng ESG 50 Index,46,48,-0.011161899373866925,-0.009111092290079947,0.03684898599725489,-0.006005000460065968
Hang Seng ESG 50 Index,47,48,-0.002307777203858122,-0.0009746440117766597,0.034039988914146564,0.0030039536330174754
Hang Seng ESG 50 Index,48,48,0.008209898129282654,0.0061623640349920406,0.04292501188104809,0.0046760111875325805
Hang Seng ESG 50 Index,49,48,0.00437039729883628,0.0,0.04771378444670632,0.005998007536230754
Hang Seng ESG 50 Index,50,48,-0.0016333188217672323,-0.001816156366628685,0.046432546362867595,0.007551650636865803
Hang Seng ESG 50 Index,51,48,-0.0018067157146737418,-0.005102837149672579,0.044187628715814796,0.004769463112606065
Hang Seng ESG 50 Index,52,48,-0.0003290345428209607,-0.004333397132182781,0.0428204868272943,0.015643507622257302
Hang Seng ESG 50 Index,53,48,0.0036495899199490167,0.0012918456034447523,0.046536320118302534,0.009169224149085387
Hang Seng ESG 50 Index,54,48,-0.007279508486074816,-0.004462841620557267,0.0383336656834769,-0.0005470375954686468
Hang Seng ESG 50 Index,55,48,0.007600076752609136,0.004963792962195623,0.04681580057467858,0.01230641559540524
Hang Seng ESG 50 Index,56,48,-0.012490147653426846,-0.010745706994905402,0.03478717359824169,0.0027939471976253794
Hang Seng ESG 50 Index,57,48,-0.005700092283095828,-0.004915456711535038,0.029295444042202568,-0.002970906992000477
Hang Seng ESG 50 Index,58,48,-0.005680290560595935,-0.004066117805907377,0.027066078307172437,-0.009475685136611511
Hang Seng ESG 50 Index,59,48,0.0013213018909374087,0.001738107333335459,0.029376781710146793,-0.006951316049711276
Hang Seng ESG 50 Index,60,48,0.004208728635484269,-0.002988204844369513,0.03203303103349857,-0.003392162704244639
Hang Seng HKEX Stock Connect China Enterprises Index,-60,16,,,-0.03677947860239129,-0.023388591878538145
Hang Seng HKEX Stock Connect China Enterprises Index,-59,16,0.0008486672839735504,0.0014303638994834778,-0.0366053151170068,-0.027377278771919145
Hang Seng HKEX Stock Connect China Enterprises Index,-58,16,0.003732040774487251,0.003449666539192875,-0.03480484690738476,-0.016921356254066433
Hang Seng HKEX Stock Connect China Enterprises Index,-57,16,0.003695512588475454,0.004009462365475502,-0.03196238606121748,-0.01949462312760819
Hang Seng HKEX Stock Connect China Enterprises Index,-56,16,0.005572912694468371,-0.00040082937250246475,-0.026505088009257084,-0.0188883479294486
Hang Seng HKEX Stock Connect China Enterprises Index,-55,16,0.002264946860056495,-0.002653281656548545,-0.024397810075009158,-0.01393037557620902
Hang Seng HKEX Stock Connect China Enterprises Index,-54,16,0.005881684795414503,0.003345867973916561,-0.01846226937253572,-0.020966408718150142
Hang Seng HKEX Stock Connect China Enterprises Index,-53,16,-0.01022707112153217,-0.010293842224733951,-0.029188871934884987,-0.027554479096028317
Hang Seng HKEX Stock Connect China Enterprises Index,-52,16,-0.0017764228112097935,-0.004807276966287299,-0.032088313954343556,-0.030994266866591402
Hang Seng HKEX Stock Connect China Enterprises Index,-51,16,7.871426171917467e-05,-0.0006911928512736698,-0.03226990909384357,-0.0317103195199413
Hang Seng HKEX Stock Connect China Enterprises Index,-50,16,-0.006440136438645917,-0.01025562472000252,-0.038724794723215425,-0.04193032544797537
Hang Seng HKEX Stock Connect China Enterprises Index,-49,16,0.011887255837609467,0.004621121979986209,-0.026353588565388712,-0.04348850584378344
Hang Seng HKEX Stock Connect China Enterprises Index,-48,16,-0.005151251330438596,-0.00225109610677382,-0.03116674743988517,-0.045535144820481266
Hang Seng HKEX Stock Connect China Enterprises Index,-47,16,0.00010011475299623318,0.0014703690990230944,-0.03182266712206306,-0.042981667193214446
Hang Seng HKEX Stock Connect China Enterprises Index,-46,16,0.013140125551415367,0.0010884106109441127,-0.01970142608696191,-0.03820612506442783
Hang Seng HKEX Stock Connect China Enterprises Index,-45,16,0.0009557743296300034,0.0014110692602896657,-0.019495931396063995,-0.02597226012373366
Hang Seng HKEX Stock Connect China Enterprises Index,-44,16,0.007576989313085952,0.0020475767303752557,-0.011863706056925695,-0.021709540142228756
Hang Seng HKEX Stock Connect China Enterprises Index,-43,16,-0.005745345842957675,-0.007012122623227868,-0.01737626393419381,-0.03175005395149233
Hang Seng HKEX Stock Connect China Enterprises Index,-42,16,0.0010716841588929507,-0.00162530848227882,-0.01595420702508303,-0.025291835767943582
Hang Seng HKEX Stock Connect China Enterprises Index,-41,16,0.006167209522969334,-0.0016221897693906029,-0.010329508905096547,-0.00902521536333567
Hang Seng HKEX Stock Connect China Enterprises Index,-40,16,0.0037396540681230925,0.007006282784485673,-0.007501241335561695,-0.010999396618313784
Hang Seng HKEX Stock Connect China Enterprises Index,-39,16,-0.0042106136644925116,-0.001700998651720742,-0.01156835704906755,-0.009598789386921991
Hang Seng HKEX Stock Connect China Enterprises Index,-38,16,-0.0015784189373279772,0.0021614726386769423,-0.012750177347814654,-0.032135117412955994
Hang Seng HKEX Stock Connect China Enterprises Index,-37,16,-0.005023391474493405,-0.007373319268486611,-0.01738982520331333,-0.05877642524974913
Hang Seng HKEX Stock Connect China Enterprises Index,-36,16,0.0069663276729149196,0.004897296645755556,-0.01180630117729499,-0.0331001102270711
Hang Seng HKEX Stock Connect China Enterprises Index,-35,16,-0.004942773323261637,-0.005262684899304149,-0.017375886693837612,-0.03669670050234458
Hang Seng HKEX Stock Connect China Enterprises Index,-34,16,-0.009059146279399147,-0.010055099606899764,-0.02634113647185242,-0.05252158553685021
Hang Seng HKEX Stock Connect China Enterprises Index,-33,16,0.011126759759051849,0.01371556658530082,-0.015340022431199453,-0.04634838764837779
Hang Seng HKEX Stock Connect China Enterprises Index,-32,16,-0.0005094013411468812,-0.0005330612345323948,-0.016385669850953313,-0.04068823438815189
Hang Seng HKEX Stock Connect China Enterprises Index,-31,16,-0.001884796329599342,0.0029873538208572414,-0.01793965250318178,-0.03686520058441417
Hang Seng HKEX Stock Connect China Enterprises Index,-30,16,0.00887801521695391,0.005129344234020006,-0.010410459926507562,-0.026628289033238273
Hang Seng HKEX Stock Connect China Enterprises Index,-29,16,0.006402573591391833,0.004593664664638952,-0.005318126050003792,-0.028851313475140583
Hang Seng HKEX Stock Connect China Enterprises Index,-28,16,0.0011572395581671974,-0.002821484245273842,-0.006101783799249631,-0.031929977371760676
Hang Seng HKEX Stock Connect China Enterprises Index,-27,16,-0.0035585889943084356,-0.002158219632068803,-0.009088019023315144,-0.04148400174247713
Hang Seng HKEX Stock Connect China Enterprises Index,-26,16,-0.006817419934998854,-0.014772952943934048,-0.016660636689519816,-0.04858792674181306
Hang Seng HKEX Stock Connect China Enterprises Index,-25,16,0.002789227202616276,-0.003890730066447412,-0.014028771874799728,-0.04886768644710915
Hang Seng HKEX Stock Connect China Enterprises Index,-24,16,0.004481623748527563,0.004205382496787924,-0.010395085278695579,-0.026946806297792614
Hang Seng HKEX Stock Connect China Enterprises Index,-23,16,0.0049732863424735915,0.005518774951376648,-0.0055611639961732975,-0.012128831974409782
Hang Seng HKEX Stock Connect China Enterprises Index,-22,16,-0.00658046992017422,-0.010326138411152597,-0.012386302479128086,-0.032288269125749114
Hang Seng HKEX Stock Connect China Enterprises Index,-21,16,0.009673496246348626,0.006776291983799032,-0.004332015338805055,-0.026277796450699664
Hang Seng HKEX Stock Connect China Enterprises Index,-20,16,0.0042816694575164085,-0.0011397269094468587,0.0004525282480782114,-0.018058228564725554
Hang Seng HKEX Stock Connect China Enterprises Index,-19,16,0.010635840653828048,0.003936768942582214,0.01081815806689733,0.008180556952197438
Hang Seng HKEX Stock Connect China Enterprises Index,-18,16,0.003175352954945393,0.007357575107880598,0.012872774161782077,0.014288193475245903
Hang Seng HKEX Stock Connect China Enterprises Index,-17,16,0.006034733469856245,0.0035222748312159213,0.01825684720712778,0.018252478860624644
Hang Seng HKEX Stock Connect China Enterprises Index,-16,16,0.007535636212668562,0.005062022750590978,0.02595603354315852,0.02450343456140247
Hang Seng HKEX Stock Connect China Enterprises Index,-15,16,-0.006298952612316729,-0.007577424877369898,0.01988032428196694,0.011060197006035666
Hang Seng HKEX Stock Connect China Enterprises Index,-14,16,-0.007653001154252728,-0.005118196481058823,0.012193113797824666,-0.003903428820976218
Hang Seng HKEX Stock Connect China Enterprises Index,-13,16,0.0013554651076562382,-0.0032597581430584555,0.012835943027522875,0.006410130366599376
Hang Seng HKEX Stock Connect China Enterprises Index,-12,16,-0.0043926502628437725,-0.005353473400215192,0.008021978088031283,0.007884564850451803
Hang Seng HKEX Stock Connect China Enterprises Index,-11,16,-0.0020848312523445364,0.0015622806533941436,0.005860440392783661,-0.0014752743979474237
Hang Seng HKEX Stock Connect China Enterprises Index,-10,16,-0.018201019229126758,-0.01922120908338243,-0.01252185666975758,-0.021696198350025675
Hang Seng HKEX Stock Connect China Enterprises Index,-9,16,0.009086763610023162,0.005381973643632687,-0.004145148138567048,-0.0012922877429353274
Hang Seng HKEX Stock Connect China Enterprises Index,-8,16,0.00626960543462958,0.006449159946234961,0.000876613931301555,0.010359135828715837
Hang Seng HKEX Stock Connect China Enterprises Index,-7,16,0.006080549277952686,0.006193490350839825,0.0067782084813477195,0.021231737419594165
Hang Seng HKEX Stock Connect China Enterprises Index,-6,16,-0.006363868556703012,-0.0009859389131606777,-0.0005869196002946386,0.0040874896818644535
Hang Seng HKEX Stock Connect China Enterprises Index,-5,16,-0.0016330475312271997,0.0019921130050035707,-0.002591593850548496,0.004214279786962205
Hang Seng HKEX Stock Connect China Enterprises Index,-4,16,0.005120356107688191,0.0029158478184762027,0.0016008297466887783,0.013600014015609285
Hang Seng HKEX Stock Connect China Enterprises Index,-3,16,-0.0075221740701562415,-0.004456124581493082,-0.005917618658057594,-0.0009561501372701842
Hang Seng HKEX Stock Connect China Enterprises Index,-2,16,-0.006653444513387868,-0.007416233874146916,-0.013022156721486967,-0.013131579871772825
Hang Seng HKEX Stock Connect China Enterprises Index,-1,16,0.004290962339739322,0.002574424544834253,-0.009054715097038618,-0.010431995538375927
Hang Seng HKEX Stock Connect China Enterprises Index,0,16,0.009648159495845715,0.0105626190978938,0.0,0.0
Hang Seng HKEX Stock Connect China Enterprises Index,1,16,-0.012058564266683051,-0.01382093180728694,-0.012058564266683051,-0.01382093180728694
Hang Seng HKEX Stock Connect China Enterprises Index,2,16,-0.0033292570405618893,-0.003512357741709826,-0.015579152452185135,-0.008999265374196042
Hang Seng HKEX Stock Connect China Enterprises Index,3,16,0.008299108707150137,0.0062435522903656615,-0.007414805544735691,-0.009589340692599702
Hang Seng HKEX Stock Connect China Enterprises Index,4,16,-0.007623025763296043,-0.0055841397624402656,-0.015078371316005167,-0.011586840807305876
Hang Seng HKEX Stock Connect China Enterprises Index,5,16,0.003742962739700477,0.007031256185127122,-0.011587491986158174,-0.007529892030398111
Hang Seng HKEX Stock Connect China Enterprises Index,6,16,0.004330276813736468,0.0034431396249829938,-0.007118368061853508,-0.00426898111149171
Hang Seng HKEX Stock Connect China Enterprises Index,7,16,-0.010274639900593317,-0.011708124354758265,-0.017375960840402084,-0.017832279803049522
Hang Seng HKEX Stock Connect China Enterprises Index,8,16,0.0032116308064624247,-0.0018365910051332812,-0.014243773665170212,-0.018372099639341277
Hang Seng HKEX Stock Connect China Enterprises Index,9,16,-0.01092275938072857,-0.010923119242808255,-0.025087861890459563,-0.025426902826337694
Hang Seng HKEX Stock Connect China Enterprises Index,10,8,0.007349334766176982,0.0067990715636404575,-0.015186561444893512,-0.014354347012052127
Hang Seng HKEX Stock Connect China Enterprises Index,11,8,0.006307059019952627,0.0035077306150074206,-0.008911611481357315,-0.014596302113935755
Hang Seng HKEX Stock Connect China Enterprises Index,12,8,-0.0015916784072889795,-0.004000901769393772,-0.010014596984830523,-0.018577136354329116
Hang Seng HKEX Stock Connect China Enterprises Index,13,8,0.0023721574118851785,-2.2549465480248276e-05,-0.008011036723678214,-0.0199624550366721
Hang Seng HKEX Stock Connect China Enterprises Index,14,8,-0.01012489695619713,-0.014268780009999205,-0.018073203626851678,-0.014429923893368946
Hang Seng HKEX Stock Connect China Enterprises Index,15,8,-0.003653327943407711,-0.0029725554943995647,-0.02210778244784481,-0.013485511786910931
Hang Seng HKEX Stock Connect China Enterprises Index,16,8,-0.011021752687847164,-0.008848465524328775,-0.03251536130003005,-0.018647497722678208
Hang Seng HKEX Stock Connect China Enterprises Index,17,8,0.01764511044756037,0.016828296475507654,-0.01575187599516549,0.00017288036158746856
Hang Seng HKEX Stock Connect China Enterprises Index,18,8,-0.0022580283420916003,-0.0069103739674915565,-0.019368706242548897,-0.013238491526455176
Hang Seng HKEX Stock Connect China Enterprises Index,19,8,0.014297528664323864,0.00688377613383373,-0.005329921055735876,0.005190056889729566
Hang Seng HKEX Stock Connect China Enterprises Index,20,8,0.012935819540438542,0.008357324503312058,0.007457794466562931,0.017141278663651782
Hang Seng HKEX Stock Connect China Enterprises Index,21,8,-0.0024565524717847925,-0.005675913700577795,0.0052725752759255895,0.00024696372967508706
Hang Seng HKEX Stock Connect China Enterprises Index,22,8,-0.004608113017128171,0.001650150300748332,0.0004769621398879459,-0.002594836157973679
Hang Seng HKEX Stock Connect China Enterprises Index,23,8,0.010768404839485463,0.008604012378923054,0.011158046060895363,0.009851993075253862
Hang Seng HKEX Stock Connect China Enterprises Index,24,8,0.0030785551814526413,0.004844191516341856,0.014038181707861544,0.013416274506118597
Hang Seng HKEX Stock Connect China Enterprises Index,25,8,0.009538759815800504,0.002190008864852988,0.023886641689392543,0.012515523403631934
Hang Seng HKEX Stock Connect China Enterprises Index,26,8,-0.007408940284432397,-0.005885119797250815,0.016440218259919592,0.003129299488662751
Hang Seng HKEX Stock Connect China Enterprises Index,27,8,0.0006429582101664805,-0.0010893495151844124,0.017175691613532496,0.0071598964945002175
Hang Seng HKEX Stock Connect China Enterprises Index,28,8,-0.0030072567023370356,-8.711703912894775e-05,0.014912398881039332,-0.008826705522617218
Hang Seng HKEX Stock Connect China Enterprises Index,29,8,-3.5870032174978306e-05,0.0033260425336499866,0.01517780010381399,-0.003168745249306326
Hang Seng HKEX Stock Connect China Enterprises Index,30,8,0.00331563723943247,0.001661132375063712,0.018362222303310402,0.00863376887376921
Hang Seng HKEX Stock Connect China Enterprises Index,31,8,-0.005872341681621596,-0.010640064229500257,0.01252390657354649,0.0051045404726504096
Hang Seng HKEX Stock Connect China Enterprises Index,32,8,0.0030107903675160586,0.0015386632805116096,0.015215366277759365,0.00902085033453609
Hang Seng HKEX Stock Connect China Enterprises Index,33,8,-0.001929397860113674,-0.004074430199462242,0.014034884222906677,0.0039416420498729066
Hang Seng HKEX Stock Connect China Enterprises Index,34,8,0.0029892941412295038,0.003115093434183258,0.016954748585581852,0.013103227113509974
Hang Seng HKEX Stock Connect China Enterprises Index,35,8,0.013086443989389171,0.0066333322162269726,0.030456886433293764,0.022676499230327496
Hang Seng HKEX Stock Connect China Enterprises Index,36,8,-0.0002311356164992201,-0.005820980211628579,0.030981710108431898,0.020228126748546793
Hang Seng HKEX Stock Connect China Enterprises Index,37,8,-0.02310235318763662,-0.020036856633905364,0.004622177761521573,-0.002605669871652727
Hang Seng HKEX Stock Connect China Enterprises Index,38,8,-0.010539740285661056,-0.003967676887867533,-0.005767536182629665,-0.010485862379847721
Hang Seng HKEX Stock Connect China Enterprises Index,39,8,-0.0001535683618483219,-0.00046593147031592785,-0.00594101155669241,-0.015772050299795226
Hang Seng HKEX Stock Connect China Enterprises Index,40,8,0.013707862631346199,0.019104014280198922,0.007766106291527158,-0.007330565659203758
Hang Seng HKEX Stock Connect China Enterprises Index,41,8,0.01927727059373012,0.01098423617630595,0.02891561544229311,-0.006624242350335097
Hang Seng HKEX Stock Connect China Enterprises Index,42,8,-0.002661251704562967,-0.003013137328400639,0.026490431726819946,-0.012174967914093615
Hang Seng HKEX Stock Connect China Enterprises Index,43,8,0.019982558403544556,0.013628334234269457,0.04660968740055632,0.0017637160061681478
Hang Seng HKEX Stock Connect China Enterprises Index,44,8,0.012414683961897127,0.006756756756756799,0.05847124700357351,0.024409179262274372
Hang Seng HKEX Stock Connect China Enterprises Index,45,8,-0.0030057129042232733,-0.0014267366454984165,0.0551276469009889,0.023188306783344714
Hang Seng HKEX Stock Connect China Enterprises Index,46,8,-0.009611741663910614,-0.008808829111906946,0.04376656537451323,0.011159416769011388
Hang Seng HKEX Stock Connect China Enterprises Index,47,8,-0.0042484427028485205,-0.002474077296471644,0.039938510838056634,0.003454147384897688
Hang Seng HKEX Stock Connect China Enterprises Index,48,8,0.004590775732334185,0.0003789597459330496,0.043868147814701094,0.023772967998996364
Hang Seng HKEX Stock Connect China Enterprises Index,49,8,0.0009896088325152264,-0.0020770148207041594,0.044144095649079826,0.032625604653843954
Hang Seng HKEX Stock Connect China Enterprises Index,50,8,0.007219192229889829,0.0037363751121345934,0.05196188504277757,0.05049944506104331
Hang Seng HKEX Stock Connect China Enterprises Index,51,8,-0.010337104748227757,-0.010599437304297743,0.040987073590021655,0.01660027386042978
Hang Seng HKEX Stock Connect China Enterprises Index,52,8,0.007241442924348959,0.002204387211482084,0.04968850151689276,0.011750003189113234
Hang Seng HKEX Stock Connect China Enterprises Index,53,8,-0.008612765395214383,-0.008527780297584109,0.040500045370074275,0.019064449790885063
Hang Seng HKEX Stock Connect China Enterprises Index,54,8,-0.0019003253188556585,0.004142595821334583,0.03870533544966989,0.006120635472414371
Hang Seng HKEX Stock Connect China Enterprises Index,55,8,0.001976214785080699,-0.006959401878223248,0.040746810762435665,0.0189465066361324
Hang Seng HKEX Stock Connect China Enterprises Index,56,8,-0.0036414894083629384,-0.014460022691936136,0.0345996668246248,0.043555537750950224
Hang Seng HKEX Stock Connect China Enterprises Index,57,8,0.004636658309160782,0.00025801319897816866,0.04012324200645201,0.05297331072165945
Hang Seng HKEX Stock Connect China Enterprises Index,58,8,0.0011231211030647975,0.004733442166026114,0.041409090894845166,0.04247929423710839
Hang Seng HKEX Stock Connect China Enterprises Index,59,8,0.009369800794021943,0.0070992577706192606,0.05013933251677399,0.047318345681683804
Hang Seng HKEX Stock Connect China Enterprises Index,60,8,-0.007213141359418196,-0.012400386316592293,0.042078682278320706,0.06223164115308799
Hang Seng Hong Kong-Listed Biotech Index,-60,19,,,0.26616689942684896,0.024263408483255366
Hang Seng Hong Kong-Listed Biotech Index,-59,19,-0.029596392545729128,-0.0013947320467818658,0.19819700073792704,0.03968250213867153
Hang Seng Hong Kong-Listed Biotech Index,-58,19,-0.00877360229025254,-0.002083301544189453,0.1831286885451733,0.09012131414998992
Hang Seng Hong Kong-Listed Biotech Index,-57,19,0.02791782479301664,0.0028490001397227793,0.20463828680508553,0.07142859846015659
Hang Seng Hong Kong-Listed Biotech Index,-56,19,-0.0022858085161800755,-0.007949155967901356,0.19885847225288036,0.05719236131662253
Hang Seng Hong Kong-Listed Biotech Index,-55,19,0.008309954271188653,-0.007276475640015101,0.2003332805352432,0.03986135525715451
Hang Seng Hong Kong-Listed Biotech Index,-54,19,0.004165413013838805,0.0,0.20973618666489838,0.03986135525715451
Hang Seng Hong Kong-Listed Biotech Index,-53,19,0.015177492185303754,0.010940918854545734,0.2243144556032858,0.04679375768094163
Hang Seng Hong Kong-Listed Biotech Index,-52,19,0.0011130430772577156,0.0,0.22499723442552996,0.06490386687439642
Hang Seng Hong Kong-Listed Biotech Index,-51,19,0.008923248910637975,0.014410950532652178,0.23764941326841854,0.05528853692599589
Hang Seng Hong Kong-Listed Biotech Index,-50,19,0.015319265520779207,0.011267595039523348,0.2556427947045659,0.04806208198198658
Hang Seng Hong Kong-Listed Biotech Index,-49,19,0.005365892519433529,0.00644121765013117,0.24373672011575748,0.08217057759397584
Hang Seng Hong Kong-Listed Biotech Index,-48,19,0.022335310450357047,0.0036144255761199062,0.269962352711775,0.05528853692599589
Hang Seng Hong Kong-Listed Biotech Index,-47,19,0.0225845273675834,0.006507658604939515,0.29181554235436075,0.09922486236409211
Hang Seng Hong Kong-Listed Biotech Index,-46,19,0.011089525898375885,0.003252029368516318,0.30935557119359486,0.10571425301688064
Hang Seng Hong Kong-Listed Biotech Index,-45,19,-0.011840437888902117,-0.002583976940302213,0.28168520837316424,0.06976742544933323
Hang Seng Hong Kong-Listed Biotech Index,-44,19,0.01804168397999391,0.008733616270600209,0.2971763718332108,0.09936570577090897
Hang Seng Hong Kong-Listed Biotech Index,-43,19,0.026212115922493156,0.003300326916725993,0.332216889445915,0.16285719190325065
Hang Seng Hong Kong-Listed Biotech Index,-42,19,-0.04306107604316744,-0.017518231712372434,0.2548931364958397,0.12050743538327269
Hang Seng Hong Kong-Listed Biotech Index,-41,19,-0.011208304298466198,0.0,0.23471032451843288,0.07610996449529006
Hang Seng Hong Kong-Listed Biotech Index,-40,19,0.0031117985549554052,0.0,0.24061668864491403,0.07751938213730991
Hang Seng Hong Kong-Listed Biotech Index,-39,19,-0.011182236353826957,0.0043604262314216324,0.228636187871327,0.06759096495230343
Hang Seng Hong Kong-Listed Biotech Index,-38,19,-0.025751011162801773,-0.0162337511541627,0.2002074129079872,0.05025995889283541
Hang Seng Hong Kong-Listed Biotech Index,-37,19,-0.012606036732208474,-0.012626250463290689,0.18573634686379625,0.05846155606783343
Hang Seng Hong Kong-Listed Biotech Index,-36,19,-0.004846451033876422,-0.005181399721098878,0.18254781986983745,0.056923059316781766
Hang Seng Hong Kong-Listed Biotech Index,-35,19,0.02243079658581463,0.01746723254120064,0.20492199979592837,0.0753845801720252
Hang Seng Hong Kong-Listed Biotech Index,-34,19,0.003921465752417509,0.0,0.21091404191079569,0.06976748828052526
Hang Seng Hong Kong-Listed Biotech Index,-33,19,-0.007410586517910583,0.00259067117487799,0.20385382902675944,0.09612409003572941
Hang Seng Hong Kong-Listed Biotech Index,-32,19,0.00970728081087472,0.007530149358470961,0.21732208969264644,0.08682177305064154
Hang Seng Hong Kong-Listed Biotech Index,-31,19,-0.003640163747469233,-0.007800267564419872,0.21451859926149894,0.0625782245710913
Hang Seng Hong Kong-Listed Biotech Index,-30,19,0.004097463987785134,0.0,0.21153008737496504,0.03790414074318771
Hang Seng Hong Kong-Listed Biotech Index,-29,19,0.0022522357349067847,0.002036706556540313,0.21142952383121047,0.026755826529942794
Hang Seng Hong Kong-Listed Biotech Index,-28,19,0.011838330783052853,0.0021552218037907966,0.2175115971084721,0.04130161866824089
Hang Seng Hong Kong-Listed Biotech Index,-27,19,-0.013824087698574771,-0.01954398588139572,0.19237749075142832,-0.0030769201425405734
Hang Seng Hong Kong-Listed Biotech Index,-26,19,-0.0004644320015951421,0.0,0.18993323932627648,-0.0030769201425405734
Hang Seng Hong Kong-Listed Biotech Index,-25,19,0.012934779249566203,0.012685038023177109,0.1996113756589699,0.026153857891376253
Hang Seng Hong Kong-Listed Biotech Index,-24,19,-0.0023829886087026685,-0.008350722791562015,0.19244215132986836,0.050477474680792334
Hang Seng Hong Kong-Listed Biotech Index,-23,19,-0.04396005491982452,-0.027777860562003376,0.107751246821298,0.061538476210374116
Hang Seng Hong Kong-Listed Biotech Index,-22,19,-0.010697560682041704,-0.0025031265956738658,0.09549831129308127,0.021538440997783903
Hang Seng Hong Kong-Listed Biotech Index,-21,19,-0.0002852178217458248,-0.011387128200288199,0.08185234175631398,0.0012515931374597056
Hang Seng Hong Kong-Listed Biotech Index,-20,19,0.0012701246292532676,0.0,0.07885267297894029,0.041594497183479184
Hang Seng Hong Kong-Listed Biotech Index,-19,19,0.007577019439009896,0.0012453585572083092,0.08568706570567171,0.056923059316781766
Hang Seng Hong Kong-Listed Biotech Index,-18,19,-0.0254222235317589,-0.012004847825405007,0.05530817246554509,0.03174600171093722
Hang Seng Hong Kong-Listed Biotech Index,-17,19,0.01979591706980086,-0.012557146972312694,0.07455785559462473,0.02127660590285041
Hang Seng Hong Kong-Listed Biotech Index,-16,19,-0.014479046229355218,-0.01650537249205908,0.04884324486653172,-0.014285700661795464
Hang Seng Hong Kong-Listed Biotech Index,-15,19,-0.01021685766230339,-0.008438810925003759,0.03808918930010597,-0.02753439255241208
Hang Seng Hong Kong-Listed Biotech Index,-14,19,-0.01540388351743002,0.0017574871536101266,0.022221419285167084,-0.034106412360451976
Hang Seng Hong Kong-Listed Biotech Index,-13,19,-0.018722258068876747,-0.014423063697193705,0.000856894363274425,-0.04000002997262142
Hang Seng Hong Kong-Listed Biotech Index,-12,19,0.012477633179307664,0.011976108173510136,0.012550525944347779,-0.028846081544659063
Hang Seng Hong Kong-Listed Biotech Index,-11,19,-0.015466535390378532,-0.020066870430825556,-0.002324514520987849,-0.04502045390734555
Hang Seng Hong Kong-Listed Biotech Index,-10,19,0.00670750714701307,0.008749961853027344,-0.0013945841722459104,-0.030037519148085945
Hang Seng Hong Kong-Listed Biotech Index,-9,19,-0.00966198339185423,-0.0069124904962182265,-0.01248370601707919,-0.04954506650986168
Hang Seng Hong Kong-Listed Biotech Index,-8,19,0.0075543859616703625,0.0,-0.007989903554530617,-0.05239690669312436
Hang Seng Hong Kong-Listed Biotech Index,-7,19,0.0020296931568899094,0.0018796705392296609,-0.007092627904409764,-0.0064308109788868695
Hang Seng Hong Kong-Listed Biotech Index,-6,19,-0.018303243065203728,-0.014018788942859906,-0.024996189016975288,-0.019572994197248228
Hang Seng Hong Kong-Listed Biotech Index,-5,19,0.004526961589665929,0.0,-0.02029528091668421,-0.03421203588956123
Hang Seng Hong Kong-Listed Biotech Index,-4,19,0.015714489106163628,0.008333365122477288,-0.0076180971269822016,-0.010012506382695352
Hang Seng Hong Kong-Listed Biotech Index,-3,19,0.028257455887638856,0.015151552682972858,0.017458808728937056,0.0050555344110077005
Hang Seng Hong Kong-Listed Biotech Index,-2,19,-0.0028273884532832596,-0.013477075957459395,0.00873292377819552,-0.011148314213244803
Hang Seng Hong Kong-Listed Biotech Index,-1,19,-0.01089540147459112,-0.006355875912014253,-0.004075019100148017,-0.005199343138218238
Hang Seng Hong Kong-Listed Biotech Index,0,19,0.005479300885865702,0.005226517596621072,0.0,0.0
Hang Seng Hong Kong-Listed Biotech Index,1,19,0.0020052361520840802,0.002114112474493446,0.0020052361520840802,0.002114112474493446
Hang Seng Hong Kong-Listed Biotech Index,2,19,-0.005121841845110489,-0.008650519145325664,-0.003094054864475787,-0.023364573964402724
Hang Seng Hong Kong-Listed Biotech Index,3,19,0.04257435599901636,0.008086245574475681,0.04441607166890608,-0.005714280264718208
Hang Seng Hong Kong-Listed Biotech Index,4,19,0.02502320697996103,-0.0033222559783855354,0.07606775580657105,-0.005338064643913287
Hang Seng Hong Kong-Listed Biotech Index,5,19,0.011864603246667032,0.002392399297694192,0.09209984413905647,-0.010570864806181857
Hang Seng Hong Kong-Listed Biotech Index,6,19,0.012701448989233316,-0.0021366992332193524,0.09076983564315932,0.005338064643913398
Hang Seng Hong Kong-Listed Biotech Index,7,19,0.009024762123846614,0.0058055098154059515,0.09708073397957001,0.01779359406449399
Hang Seng Hong Kong-Listed Biotech Index,8,19,0.0008025674966164873,0.00577200041036896,0.08810112923958224,0.04347821926678863
Hang Seng Hong Kong-Listed Biotech Index,9,19,-0.019236658986297034,-0.011703530808609752,0.06960429866598611,0.008456651520450276
Hang Seng Hong Kong-Listed Biotech Index,10,19,-0.023919365124767427,-0.019386087956349107,0.04249496714047044,0.002114112474493446
Hang Seng Hong Kong-Listed Biotech Index,11,19,-0.020874415032962713,0.0018181540749289127,0.022728070735964157,0.002114112474493446
Hang Seng Hong Kong-Listed Biotech Index,12,19,-0.003192890396093133,0.0021097530305316248,0.02638758478941833,0.004228325760225138
Hang Seng Hong Kong-Listed Biotech Index,13,19,0.00014589434253424973,-0.004524918445024673,0.020860893525031756,0.015384600712702756
Hang Seng Hong Kong-Listed Biotech Index,14,19,0.029147095587403332,0.009881423222882546,0.05525217273955339,0.012684977280675414
Hang Seng Hong Kong-Listed Biotech Index,15,19,0.02119959783499439,-0.0024629931491653156,0.08640762932537234,0.006342539045956608
Hang Seng Hong Kong-Listed Biotech Index,16,19,0.02056368061079076,0.005586613608986157,0.14131387567062417,-0.027484167847082297
Hang Seng Hong Kong-Listed Biotech Index,17,19,-0.009611998052099698,-0.008849619138639464,0.11386701913247321,-0.027484167847082297
Hang Seng Hong Kong-Listed Biotech Index,18,19,0.0013020905129278858,0.00461541689359235,0.11006681994202151,-0.03805493184202602
Hang Seng Hong Kong-Listed Biotech Index,19,19,-0.007938262599000002,-0.0074488178807431416,0.11384467677725581,-0.019292637368455767
Hang Seng Hong Kong-Listed Biotech Index,20,19,-0.02295422675787883,-0.008743161425279311,0.06387564681122883,-0.027867120150903424
Hang Seng Hong Kong-Listed Biotech Index,21,19,-0.01728638828244656,-0.009732350499663811,0.035681534031748764,-0.04461537874661958
Hang Seng Hong Kong-Listed Biotech Index,22,19,-0.037626887753384144,-0.023904397304817637,0.002541565087281007,-0.06769231649545526
Hang Seng Hong Kong-Listed Biotech Index,23,19,-0.003225604588282144,-0.008645524824904882,0.0019019917723999663,-0.07846157367412865
Hang Seng Hong Kong-Listed Biotech Index,24,19,0.01578585127644038,0.006666713290744308,0.01719241045147914,-0.050740009933939456
Hang Seng Hong Kong-Listed Biotech Index,25,19,-0.005369130865184727,-0.007873970810807207,0.011882164414670516,-0.057571911700498024
Hang Seng Hong Kong-Listed Biotech Index,26,19,0.016694078793600194,0.011389565434062554,0.02950537917502282,-0.05421686343221066
Hang Seng Hong Kong-Listed Biotech Index,27,19,-0.01258890308701408,-0.009884669041635097,0.016334694132590283,-0.06626504466709826
Hang Seng Hong Kong-Listed Biotech Index,28,19,-0.0015454219213867184,-0.008666687011718799,0.010085559900320779,-0.05457027278728688
Hang Seng Hong Kong-Listed Biotech Index,29,19,0.011061690598244104,0.0,0.02212326430494326,-0.07610996449529006
Hang Seng Hong Kong-Listed Biotech Index,30,19,0.0010178582318290123,-0.009153309588224356,0.026084299093530897,-0.061391516227685905
Hang Seng Hong Kong-Listed Biotech Index,31,19,0.002101668923072964,0.0012255182682396892,0.021846538115238665,-0.051446896694685385
Hang Seng Hong Kong-Listed Biotech Index,32,19,-0.014367222265756,-0.014144325182700479,0.005323015944985211,-0.06966769816136087
Hang Seng Hong Kong-Listed Biotech Index,33,19,-0.0008459688735434375,0.005037778534604964,0.002070247711707449,-0.024556593480510536
Hang Seng Hong Kong-Listed Biotech Index,34,19,0.0027856235528608683,0.0,0.0006649591366465012,-0.03956343313389876
Hang Seng Hong Kong-Listed Biotech Index,35,19,0.004852253420800049,-0.0020464054520296093,0.005239675843369444,-0.030100305646238334
Hang Seng Hong Kong-Listed Biotech Index,36,19,0.03098438047950125,0.026217202712578214,0.03731412678305892,-0.0040927330536756346
Hang Seng Hong Kong-Listed Biotech Index,37,19,0.0044418799205373505,0.009478777412064598,0.04516689346991234,-0.010914041546893571
Hang Seng Hong Kong-Listed Biotech Index,38,19,0.010066010148113966,0.006944382356275369,0.05510393586924628,0.01909957270706375
Hang Seng Hong Kong-Listed Biotech Index,39,19,-0.003519279828578131,-0.009771977863882841,0.045622076197957794,-0.0011148526849652507
Hang Seng Hong Kong-Listed Biotech Index,40,19,0.03975747633540549,0.027649742244254982,0.08349344237923692,0.05892550324294721
Hang Seng Hong Kong-Listed Biotech Index,41,19,-0.007878347428409064,-0.0018348343875429496,0.07555863350733781,0.030013679306776453
Hang Seng Hong Kong-Listed Biotech Index,42,19,-0.008283622063966864,-0.013215846538256693,0.06998109571704768,0.03547070008022324
Hang Seng Hong Kong-Listed Biotech Index,43,19,-0.025749748915610538,-0.02147974923874485,0.04370034819486688,-0.014234861676160282
Hang Seng Hong Kong-Listed Biotech Index,44,19,0.03876296672285112,0.03851093609806666,0.08038248056505938,-0.010676197165001233
Hang Seng Hong Kong-Listed Biotech Index,45,19,0.02217808270318029,0.010893183493581038,0.0992331731629501,0.01500539597723205
Hang Seng Hong Kong-Listed Biotech Index,46,19,-0.00036827858097537565,0.0,0.09557424730297204,0.03812821333082983
Hang Seng Hong Kong-Listed Biotech Index,47,19,0.004306231934811786,0.0,0.10489407598564433,0.0190641479857927
Hang Seng Hong Kong-Listed Biotech Index,48,19,0.0125132961174923,0.004195766793154032,0.12242222598878738,0.002114112474493446
Hang Seng Hong Kong-Listed Biotech Index,49,19,0.0029043793687640873,0.012024132739239413,0.1265792221736267,0.014799190566406883
Hang Seng Hong Kong-Listed Biotech Index,50,19,-0.004357106778753561,0.005217427792756357,0.11625282531713149,0.007117396899492867
Hang Seng Hong Kong-Listed Biotech Index,51,19,-0.004549474569497368,-0.001730143342359436,0.1134799967867135,0.010676129287826575
Hang Seng Hong Kong-Listed Biotech Index,52,19,0.007713295494064567,0.0035026236064621408,0.12844396998629387,0.029462751621473604
Hang Seng Hong Kong-Listed Biotech Index,53,19,-0.00034936425111482307,0.0,0.12616360978248373,0.0012515931374597056
Hang Seng Hong Kong-Listed Biotech Index,54,19,-0.0004853091829845291,-0.006198390260857556,0.12177527431291597,0.016270352711502678
Hang Seng Hong Kong-Listed Biotech Index,55,19,0.0010871575966300926,0.0026007777344208005,0.12002275397179583,0.022528199040309893
Hang Seng Hong Kong-Listed Biotech Index,56,19,0.001166738368687765,0.006485109012642765,0.12107457571904805,0.03639515404526095
Hang Seng Hong Kong-Listed Biotech Index,57,19,0.006730399916152605,0.009652546793790018,0.12644157252808458,0.05256571818839584
Hang Seng Hong Kong-Listed Biotech Index,58,19,-0.00018776474555167559,-0.007042247017941761,0.1322655367999057,0.0438048049431603
Hang Seng Hong Kong-Listed Biotech Index,59,19,-0.005700438686932871,-0.005084781241258773,0.12494058220912926,0.063829817708551
Hang Seng Hong Kong-Listed Biotech Index,60,19,0.007148939173844439,-0.004040400342860351,0.11809312605532372,0.06883607089989852
Hang Seng Index,-60,61,,,-0.05270452036107392,-0.03346450819539182
Hang Seng Index,-59,61,-0.00456420633744216,-0.004665677099833565,-0.05709543215608684,-0.03323265811016907
Hang Seng Index,-58,61,-0.0014357895725017069,0.0020775835487423233,-0.05904278227249987,-0.050524916382032825
Hang Seng Index,-57,61,-0.009185025103692521,-0.004322796766714321,-0.0684440721631081,-0.06036743646125842
Hang Seng Index,-56,61,0.019375246036576123,0.012376284952223093,-0.05224721902351102,-0.04716981326079306
Hang Seng Index,-55,61,0.005397438675666087,0.005847901033519065,-0.04735102066467895,-0.034120716249990246
Hang Seng Index,-54,61,0.006481581487667934,0.0025974025974024872,-0.04183745095279178,-0.021088476894664088
Hang Seng Index,-53,61,0.0034732629642263207,0.0030959279426137076,-0.038571995494774323,-0.019713285845592954
Hang Seng Index,-52,61,-0.0012809698929643434,-0.0018904023806017856,-0.03958599781921742,-0.015151515151515138
Hang Seng Index,-51,61,-0.003007023247396141,0.0,-0.04449051334898708,-0.0381760974232388
Hang Seng Index,-50,61,-0.0015847554598904631,-0.006843481961638087,-0.046565122896577764,-0.03754936301338774
Hang Seng Index,-49,61,0.0010942812438863448,-0.0026490040293054573,-0.04472081062461888,-0.052380931620695126
Hang Seng Index,-48,61,0.004544275852283904,-0.0027624941080316434,-0.03988723742944516,-0.04644990140513505
Hang Seng Index,-47,61,-0.005835646371797634,-0.003289470588401344,-0.045674135027875956,-0.0555555460605901
Hang Seng Index,-46,61,0.006737137865408465,0.0017270659156243262,-0.03877723428268602,-0.051912568306010876
Hang Seng Index,-45,61,0.0019893676911057344,0.00254452679221151,-0.03922788863945102,-0.043193708046209034
Hang Seng Index,-44,61,0.004938555783700674,0.0,-0.03441490443555236,-0.04940711611441262
Hang Seng Index,-43,61,0.0007803725212624231,0.004048624263637279,-0.033582398532969654,-0.05439327438535291
Hang Seng Index,-42,61,-0.001990737475617772,0.0026881309696293876,-0.038947551809831164,-0.0295031275173131
Hang Seng Index,-41,61,0.0016000660568929231,-0.0017271552017776859,-0.03860180348672629,-0.04525545217695026
Hang Seng Index,-40,61,-0.003940597275479413,0.0013055129348618078,-0.04352136757310984,-0.05945303318333095
Hang Seng Index,-39,61,0.0014734720235437173,-0.0022155672562149675,-0.04347295137293359,-0.05749720805658054
Hang Seng Index,-38,61,-0.006878351200706722,-0.005134783318216152,-0.05054184406292007,-0.05138337060327858
Hang Seng Index,-37,61,0.0010370346617015163,-0.0027137016603897557,-0.04989672147186269,-0.048397607533550824
Hang Seng Index,-36,61,0.0005864855069112797,-0.006072916894909852,-0.04913162214628927,-0.0530530827908432
Hang Seng Index,-35,61,0.010031698191651388,0.0075757865844463534,-0.039076500609535374,-0.047430786236270284
Hang Seng Index,-34,61,-0.004658172422091536,-0.002024337767802975,-0.04438472287236196,-0.05597827745520545
Hang Seng Index,-33,61,-0.001258896988724304,-0.004325817288593381,-0.04615606620521609,-0.04542019191651536
Hang Seng Index,-32,61,0.0018267568483481863,0.004504500150622537,-0.04442118939979256,-0.055434766023055415
Hang Seng Index,-31,61,-0.007353047978562818,-0.004366828957883873,-0.05202804800840151,-0.06237554138579571
Hang Seng Index,-30,61,-0.004971184240980705,-0.002830921066059089,-0.05665344558583171,-0.05769225478877493
Hang Seng Index,-29,61,-0.002427159802892906,0.0,-0.05920124511711617,-0.05528841083924263
Hang Seng Index,-28,61,-0.001617687617103895,0.002227222581649535,-0.061563742096477685,-0.06796690429916386
Hang Seng Index,-27,61,0.01240993221917685,0.0026917875354763865,-0.05147953428277471,-0.0380576642077054
Hang Seng Index,-26,61,0.0005942771133830471,-0.0005417448548703518,-0.05060246402236248,-0.053763390322495774
Hang Seng Index,-25,61,-0.0009132832935899308,-0.004347822030685733,-0.05119299948100273,-0.04979538027169805
Hang Seng Index,-24,61,-0.002947891217416714,0.0,-0.05405310714419259,-0.04726371865222767
Hang Seng Index,-23,61,0.0077192092667312286,0.00980385445693499,-0.04793136403038054,-0.05597827745520545
Hang Seng Index,-22,61,0.002501072656698218,0.0014992892553180592,-0.046435979744224185,-0.06087936514319259
Hang Seng Index,-21,61,0.0014768248042448652,0.0007644559816026852,-0.04521901686587926,-0.05749720805658054
Hang Seng Index,-20,61,0.0016944040341195224,-0.004319670977000034,-0.04416083094880066,-0.06445117149234181
Hang Seng Index,-19,61,0.005974397922352826,0.005405400180747089,-0.03852055996946764,-0.05862356903474353
Hang Seng Index,-18,61,0.0046906389229894214,0.002541293674376277,-0.035548421231692655,-0.053664902431563744
Hang Seng Index,-17,61,0.0014038872534002452,0.0013298684517826231,-0.034575730620057116,-0.036269372189749016
Hang Seng Index,-16,61,0.003573668307759241,0.0,-0.03295188072536473,-0.02549754991108999
Hang Seng Index,-15,61,0.002356391819173135,-0.0033898272208872093,-0.03077948721217007,-0.026160890514541513
Hang Seng Index,-14,61,0.010148044822312198,0.009402345283148428,-0.02300014091213298,-0.02229844346608767
Hang Seng Index,-13,61,0.007540009571583528,0.005707096846481408,-0.016902819469143567,-0.01995560402730545
Hang Seng Index,-12,61,0.005439416031472078,0.004160850598122989,-0.01199078741667571,-0.01808318288962696
Hang Seng Index,-11,61,-0.0024443000387565283,-0.005925920274522545,-0.015820370563939503,-0.011772320894841704
Hang Seng Index,-10,61,-0.003866525733783565,-0.0014684064076608827,-0.02010845332201541,-0.01968210434054196
Hang Seng Index,-9,61,0.018223973384609654,0.015100694872411502,-0.002447000560344387,-0.009523768003295019
Hang Seng Index,-8,61,0.004946540945806477,0.0062971931407276305,0.0020054845286044515,0.0007452019805498367
Hang Seng Index,-7,61,0.007884687811674663,0.00228304835237525,0.008703478904515317,0.012939016315763885
Hang Seng Index,-6,61,0.003993587972648777,0.005675368997275054,0.011478037714792659,0.01639342660450316
Hang Seng Index,-5,61,-0.00015328886914174223,-0.0006667073567708792,0.010501725016101825,0.010948905109489093
Hang Seng Index,-4,61,-0.0004774051634500258,0.002392399352277197,0.009519328618115592,0.015015014785674685
Hang Seng Index,-3,61,0.0043329770696730425,0.001028869410035771,0.013298396793518682,0.007863688319739603
Hang Seng Index,-2,61,-0.0029932340478170064,-0.003618785658532797,0.009901656535809532,0.005732183922714906
Hang Seng Index,-1,61,-0.007856172047571464,-0.007199424362431928,0.0013582168618318285,0.0019763298781423355
Hang Seng Index,0,61,-0.0006488666981582072,-0.001972431702436217,0.0,0.0
Hang Seng Index,1,61,-0.008402664102440243,-0.008767390416472898,-0.008402664102440243,-0.008767390416472898
Hang Seng Index,2,61,0.0013110047014442616,-0.0007153512255546612,-0.007078924003655749,-0.0052492639436201305
Hang Seng Index,3,61,-0.005877755821033668,-0.006507637513988307,-0.012816245298344015,-0.010638316100610945
Hang Seng Index,4,61,0.002852911756377094,0.0017964254596276596,-0.010048297674941184,-0.013303736018203671
Hang Seng Index,5,61,0.002819015493718417,0.004555855105687012,-0.00731945302703133,-0.014141438802083295
Hang Seng Index,6,61,-0.004273865131508691,0.0,-0.011359918817328209,-0.014141438802083295
Hang Seng Index,7,61,-0.0028743364998048706,-0.0010395248441580351,-0.014619752138671593,-0.015027340291637992
Hang Seng Index,8,61,-0.005601026431802921,-0.005996995711468167,-0.0199928049496253,-0.017716516117947667
Hang Seng Index,9,61,-0.005784851085142875,-0.005344041870851912,-0.025266946890020847,-0.029726516591665475
Hang Seng Index,10,61,-0.00023026627466517485,0.003218916969754959,-0.02582942607487606,-0.027152004860245937
Hang Seng Index,11,61,-0.008948888695715928,-0.012035579327646762,-0.0345025478838283,-0.03534307689298066
Hang Seng Index,12,61,0.007920975552632773,0.005305035258601487,-0.026805426095579878,-0.03353351774727731
Hang Seng Index,13,61,-0.0005760426320119762,-0.0018247896991477885,-0.02727397156141765,-0.025547445255474477
Hang Seng Index,14,61,-0.0037731833557746626,-0.0029762206614594167,-0.030176078118952634,-0.033475062916661136
Hang Seng Index,15,61,-0.006610236975594535,-0.004658432370335586,-0.03632998419932539,-0.04325031700608761
Hang Seng Index,16,61,0.005787754770457028,0.005218545569680932,-0.03027420918253704,-0.03868615366246575
Hang Seng Index,17,61,0.00175565733258402,0.0,-0.02870116233768679,-0.0292044454859417
Hang Seng Index,18,61,-0.001318163021430187,-0.0014368144866416799,-0.031068469986700584,-0.031459468987828365
Hang Seng Index,19,61,0.004324395659599985,0.0027284524343009764,-0.02621964958830084,-0.041366910331028794
Hang Seng Index,20,61,0.003924238857580574,0.0,-0.022637145666698468,-0.02772643331436564
Hang Seng Index,21,61,-0.004845439874692973,-0.00142250762210272,-0.026477129262627276,-0.03260869565217395
Hang Seng Index,22,61,-0.008147216113315245,-0.006451612903225823,-0.03402805896098435,-0.029347792915675908
Hang Seng Index,23,61,0.005488918025854553,0.0031585596358865153,-0.028510075277078915,-0.03323265811016907
Hang Seng Index,24,61,0.0034551943991490337,-0.001117925964591815,-0.024995155268875316,-0.040898144337869535
Hang Seng Index,25,61,0.0015684444725047987,-0.001081064585092939,-0.02375408645402263,-0.043149162106549066
Hang Seng Index,26,61,-7.693516275013141e-05,-0.0023067699571152067,-0.025572341251805193,-0.048561148148418165
Hang Seng Index,27,61,0.008687602828167223,0.00561797752808979,-0.017682310683927505,-0.030942292481805578
Hang Seng Index,28,61,-0.0002670495872623554,-0.0015505125942019138,-0.019057662798192713,-0.036057601930823746
Hang Seng Index,29,61,-0.002875043779780181,-0.0010695023970170858,-0.02110839970432814,-0.036057601930823746
Hang Seng Index,30,61,-0.0076418779735282875,-0.006980796111671794,-0.027588386100460466,-0.044917204384178455
Hang Seng Index,31,61,0.0038057908157134498,-0.0006662631542243558,-0.023945234030376752,-0.050236407525468985
Hang Seng Index,32,61,-0.0029098781822338277,-0.004938266662867674,-0.0261447723339875,-0.049054392443616646
Hang Seng Index,33,61,0.0034651259893602147,0.0019646065053702255,-0.02256181342781476,-0.04404405864537542
Hang Seng Index,34,61,-0.003163738969079279,-0.0031413932121237,-0.02579954191970574,-0.04704709215063618
Hang Seng Index,35,61,-0.01280781734086821,-0.010006197034393649,-0.03888925765390517,-0.0794824280654548
Hang Seng Index,36,61,-0.0013439848232645478,-0.007978703437103274,-0.041890858575511114,-0.0713436284802309
Hang Seng Index,37,61,0.0040091903056410205,0.003937022951637115,-0.03753801062134722,-0.04621842476398963
Hang Seng Index,38,61,-0.009620431444124644,-0.0075853279313489175,-0.04622684443180836,-0.05312010375032561
Hang Seng Index,39,61,0.005485828188944595,-0.002114213285731581,-0.04038546021765798,-0.044868474585341045
Hang Seng Index,40,61,0.006639565639972715,0.004662000257425358,-0.03322692000517959,-0.057553988301194736
Hang Seng Index,41,61,0.0017745462360423548,0.0,-0.030950504166048734,-0.06064206436360553
Hang Seng Index,42,61,-0.005552572988023043,-0.003405169438809974,-0.035623570530247506,-0.06420927130209086
Hang Seng Index,43,61,0.004121548117007034,0.007042325410881345,-0.03263539289754816,-0.0647482261185841
Hang Seng Index,44,61,0.0021863045769126227,0.0,-0.03288310767661756,-0.0508646983191583
Hang Seng Index,45,61,-0.0003310383725782181,0.0018691303574036588,-0.03425894785547375,-0.046762545813030965
Hang Seng Index,46,61,0.004992352862073573,0.003465003391723176,-0.02848629867011476,-0.03915059068322824
Hang Seng Index,47,61,-0.0012821877825866697,0.0,-0.02952036729464682,-0.0400400394284659
Hang Seng Index,48,61,-0.002215357312479706,0.0010893079607492417,-0.029878225845165772,-0.04254254189274509
Hang Seng Index,49,61,0.001122214631834322,0.0008006282858241676,-0.030064593701119743,-0.041804931515171506
Hang Seng Index,50,61,0.0007204900624525921,-0.0031546162695816893,-0.030459744924689787,-0.03042802517897014
Hang Seng Index,51,61,-6.697560483222447e-05,0.0011013047440548984,-0.029694993284363116,-0.03185138121407105
Hang Seng Index,52,61,0.001349002066262053,-0.0011000932061879798,-0.029868379192758802,-0.03330816769096534
Hang Seng Index,53,61,-0.0006473327601262047,0.0016920861489049255,-0.03125062260751307,-0.03516923131443783
Hang Seng Index,54,61,-0.001896739793684807,-0.0020920980006059464,-0.03487802026360433,-0.03203886458017291
Hang Seng Index,55,61,0.002966775598491685,0.0006844000037597997,-0.032277716090581506,-0.045454545454545414
Hang Seng Index,56,61,-0.00580979056891129,-0.002597400184666032,-0.03743126900073668,-0.04570267345214374
Hang Seng Index,57,61,0.005936413274432846,0.0,-0.031045902378858528,-0.048561148148418165
Hang Seng Index,58,61,0.0016458684322472402,0.001226975142590181,-0.02920623355347391,-0.03686081707097466
Hang Seng Index,59,61,0.0018713125450020428,0.0022612163316835243,-0.025193583043088063,-0.01725275977025753
Hang Seng Index,60,61,-0.004591248428913953,-0.0038240881173183805,-0.030846692406507076,-0.025000023119377324
Hang Seng Stock Connect China AH Index Series,-60,61,,,-0.04998083140542487,-0.07345569235325122
Hang Seng Stock Connect China AH Index Series,-59,61,-0.013343597594372023,-0.012779616232937885,-0.06329319373306597,-0.08159561562272466
Hang Seng Stock Connect China AH Index Series,-58,61,-0.0044817501975639345,-0.0018451163743240517,-0.06865352607151066,-0.0867051875747814
Hang Seng Stock Connect China AH Index Series,-57,61,0.001021609998455069,0.0,-0.06804522413004577,-0.0875850906971829
Hang Seng Stock Connect China AH Index Series,-56,61,0.01490221581898188,0.013071969927467064,-0.05424538483843903,-0.06698004187201667
Hang Seng Stock Connect China AH Index Series,-55,62,0.009669946578002984,0.005524922645682384,-0.04782927862879937,-0.06116911379849527
Hang Seng Stock Connect China AH Index Series,-54,62,0.002088152997219464,0.0007204723747407105,-0.046014124246119566,-0.0490862992626559
Hang Seng Stock Connect China AH Index Series,-53,62,-0.009670052612181786,-0.009855128869693364,-0.055359226571095516,-0.07747890887156317
Hang Seng Stock Connect China AH Index Series,-52,62,-0.007321023131098192,-0.004092046214895673,-0.06293823758347325,-0.07588096061328137
Hang Seng Stock Connect China AH Index Series,-51,62,-0.007541140621482453,-0.005536191681204283,-0.07035130264244407,-0.07518984671050111
Hang Seng Stock Connect China AH Index Series,-50,62,-0.003851174223006128,-0.005508947452045276,-0.07359090269040339,-0.08359621921300803
Hang Seng Stock Connect China AH Index Series,-49,62,-0.0021671090900729157,-0.004838294388582909,-0.07482479524288997,-0.09076659304897228
Hang Seng Stock Connect China AH Index Series,-48,62,0.0006702688367835643,-0.001604678007372684,-0.07349500366910007,-0.09469310725466662
Hang Seng Stock Connect China AH Index Series,-47,62,-0.0033763288788173414,-0.00361463323370681,-0.07782318771809385,-0.10336322802654818
Hang Seng Stock Connect China AH Index Series,-46,62,-0.007290437343201783,-0.005857379945202856,-0.08484104778408831,-0.10749862121412135
Hang Seng Stock Connect China AH Index Series,-45,62,0.0006269179866558477,-0.0004065133754840855,-0.08441030236160713,-0.09497042919531634
Hang Seng Stock Connect China AH Index Series,-44,62,-0.013077585084075811,-0.012479394972050528,-0.09678941523272848,-0.10745864739095357
Hang Seng Stock Connect China AH Index Series,-43,62,0.0020249752415499025,0.0016391455495824436,-0.09489226810828076,-0.10455639953900103
Hang Seng Stock Connect China AH Index Series,-42,62,0.00021750253188149428,-0.002300663259535818,-0.09485827828112949,-0.10298113828670669
Hang Seng Stock Connect China AH Index Series,-41,62,0.00448516728667899,0.003234333038165227,-0.09100078952606522,-0.10644324587847681
Hang Seng Stock Connect China AH Index Series,-40,62,0.009502545173384643,0.007063881127238103,-0.08404789085561945,-0.09832835470452006
Hang Seng Stock Connect China AH Index Series,-39,62,0.00957571340073588,0.009189142179520271,-0.0760722772347721,-0.08500312728388804
Hang Seng Stock Connect China AH Index Series,-38,62,-0.00016674562592798546,0.0,-0.0762514157406523,-0.08659381370155672
Hang Seng Stock Connect China AH Index Series,-37,62,0.001366805924115103,0.0,-0.07582155513860156,-0.07650670883735317
Hang Seng Stock Connect China AH Index Series,-36,62,-0.005522233976259401,-0.007221864595797878,-0.08132645400884618,-0.08968261585460374
Hang Seng Stock Connect China AH Index Series,-35,62,0.008365859070675618,0.008430288083491777,-0.07378686817916576,-0.06690134930928188
Hang Seng Stock Connect China AH Index Series,-34,62,-0.008090507874158657,-0.006297947702083917,-0.08152804088703973,-0.08262412173949635
Hang Seng Stock Connect China AH Index Series,-33,62,0.005445210305745273,0.005548079134439998,-0.0766102932283808,-0.08260484531212725
Hang Seng Stock Connect China AH Index Series,-32,62,0.005422371536403999,0.004525147296233545,-0.0722375630312931,-0.0721321668470647
Hang Seng Stock Connect China AH Index Series,-31,62,0.0020121552235592547,-0.0010315632724929857,-0.070685887610161,-0.07069511131616146
Hang Seng Stock Connect China AH Index Series,-30,62,0.00036559167713280167,-0.0013797224639448546,-0.07082997166300986,-0.07603648213942193
Hang Seng Stock Connect China AH Index Series,-29,62,-0.0017062111424147024,-0.002252938798595394,-0.07282147699959379,-0.07682016981048462
Hang Seng Stock Connect China AH Index Series,-28,62,0.0017779150389346915,0.002931564797444608,-0.07076771116663143,-0.07504679758696342
Hang Seng Stock Connect China AH Index Series,-27,62,-0.0009085158199716107,-0.002532469045225194,-0.07202324492090106,-0.06956034595033972
Hang Seng Stock Connect China AH Index Series,-26,62,-0.003767279914421889,-0.004285267304910689,-0.0767098024216168,-0.07012787650911373
Hang Seng Stock Connect China AH Index Series,-25,62,-0.011367770326051312,-0.008083889318057702,-0.08824679826698979,-0.08213963843785665
Hang Seng Stock Connect China AH Index Series,-24,62,-0.011726619252961491,-0.011000234354112126,-0.10003500458609918,-0.09834308583820844
Hang Seng Stock Connect China AH Index Series,-23,62,-0.002158139817331509,-0.005729432450804095,-0.10243977372437595,-0.09977875209394277
Hang Seng Stock Connect China AH Index Series,-22,62,0.005140339169719519,0.002010106061982375,-0.09767129011535879,-0.09353506774084391
Hang Seng Stock Connect China AH Index Series,-21,62,0.004547781184331589,0.0022431278803921595,-0.09364188811521754,-0.09590878421456006
Hang Seng Stock Connect China AH Index Series,-20,62,0.001377541357639402,0.0015036146482995116,-0.09306172149322788,-0.0937438687286774
Hang Seng Stock Connect China AH Index Series,-19,62,0.014320706368314748,0.011854269641967119,-0.08091450517216257,-0.07727371117346499
Hang Seng Stock Connect China AH Index Series,-18,62,-0.00428617396867195,-0.003993195097747815,-0.08499209872018064,-0.07907260783954956
Hang Seng Stock Connect China AH Index Series,-17,62,0.00800760920525472,0.004676863715714186,-0.07879834994451015,-0.08034252924020446
Hang Seng Stock Connect China AH Index Series,-16,62,-0.0003064954589115985,-0.0018793247545838554,-0.07910130751157628,-0.07599336059723139
Hang Seng Stock Connect China AH Index Series,-15,62,-0.006701877446875004,-0.006356017719937934,-0.08524181523019032,-0.0825355168513156
Hang Seng Stock Connect China AH Index Series,-14,62,0.03288952127571037,0.02887207905786593,-0.056224317089236815,-0.04623100478184278
Hang Seng Stock Connect China AH Index Series,-13,62,0.004470792572632983,0.0,-0.05245160940896558,-0.05490881599385666
Hang Seng Stock Connect China AH Index Series,-12,62,0.004113761248068194,0.0022375839855761637,-0.048622530303318964,-0.05118411071378742
Hang Seng Stock Connect China AH Index Series,-11,62,0.000990224715484267,-0.0021969290142044295,-0.04787519289431577,-0.03982512610700284
Hang Seng Stock Connect China AH Index Series,-10,62,0.016648008971967953,0.010054138190303208,-0.03326359802286789,-0.03063821188061272
Hang Seng Stock Connect China AH Index Series,-9,62,0.01723674845590586,0.011106789279873963,-0.016348312756234266,-0.015447076776559598
Hang Seng Stock Connect China AH Index Series,-8,62,0.006902199754701126,0.0059857370859606185,-0.011930800018630942,-0.010453828941037469
Hang Seng Stock Connect China AH Index Series,-7,62,-0.0042353159644133035,-0.005571068687287406,-0.01678275029041275,-0.0039032782980998326
Hang Seng Stock Connect China AH Index Series,-6,62,-0.009238735244641996,-0.008962783193419033,-0.02620678343445806,-0.008517690136286171
Hang Seng Stock Connect China AH Index Series,-5,62,0.0045646957640110555,0.0012076041180889563,-0.022553558114952448,-0.0039032782980998326
Hang Seng Stock Connect China AH Index Series,-4,62,0.014830658870276368,0.011921524968925956,-0.008829333326180746,0.0014792884799814665
Hang Seng Stock Connect China AH Index Series,-3,62,0.005429894452267793,0.004071535535994375,-0.004352696346327189,0.00835682721436104
Hang Seng Stock Connect China AH Index Series,-2,62,0.01671431772339127,0.009390928500583873,0.011247747574281475,0.01367043779788879
Hang Seng Stock Connect China AH Index Series,-1,62,0.011230497487165918,0.008211885318807233,0.021791099813793187,0.012863376351605615
Hang Seng Stock Connect China AH Index Series,0,62,-0.01993627857241812,-0.012699990326188237,0.0,0.0
Hang Seng Stock Connect China AH Index Series,1,62,0.013739798461080286,0.010844843199982579,0.013739798461080286,0.010844843199982579
Hang Seng Stock Connect China AH Index Series,2,62,0.0032440538489146927,0.004436031759103454,0.017016041775425657,0.021789089316049615
Hang Seng Stock Connect China AH Index Series,3,62,-0.007607412222852577,-0.010560637280417229,0.009358873079982831,0.010006877411019799
Hang Seng Stock Connect China AH Index Series,4,62,-0.005695934084810579,-0.003493220421698251,0.0037471890898938005,0.009437860671572706
Hang Seng Stock Connect China AH Index Series,5,62,0.008185065819765724,0.007221732265065617,0.01179846062620253,0.01381190441110991
Hang Seng Stock Connect China AH Index Series,6,62,0.003111761288274549,0.0,0.01474919127845285,0.015210100730767673
Hang Seng Stock Connect China AH Index Series,7,62,-0.0012640467289934218,-0.002876917297096049,0.013460281244418736,0.010036891327557584
Hang Seng Stock Connect China AH Index Series,8,62,-0.001991438449116919,-0.0027849948803770896,0.011254402814534124,0.006363864937347974
Hang Seng Stock Connect China AH Index Series,9,62,0.0023128226968837434,0.0027630389786500453,0.013667362052110445,0.007347337910298624
Hang Seng Stock Connect China AH Index Series,10,62,0.0025080689827256066,0.0,0.016057768573406305,0.008950677172124832
Hang Seng Stock Connect China AH Index Series,11,62,-0.013626067918364787,-0.01608724382695753,0.0028178513750887076,-0.0012886892508863768
Hang Seng Stock Connect China AH Index Series,12,62,-0.01049018182111152,-0.013361472421395737,-0.006991185589042693,-0.014350093375390338
Hang Seng Stock Connect China AH Index Series,13,62,-0.003496805576508161,-0.003713053543105471,-0.010695020718979355,-0.0208969417312293
Hang Seng Stock Connect China AH Index Series,14,62,-0.007288753069702191,-0.003758306404150369,-0.018406380472082286,-0.02932008086568022
Hang Seng Stock Connect China AH Index Series,15,62,0.004488366629395693,0.003010906927227164,-0.014992231301225784,-0.02351917954277266
Hang Seng Stock Connect China AH Index Series,16,62,0.013080473046767354,0.01134491680916394,-0.0015778240555511982,-0.011768243604791007
Hang Seng Stock Connect China AH Index Series,17,62,0.0009124241981005713,-0.003002831762505931,-0.0009604274037080708,-0.006648612717190583
Hang Seng Stock Connect China AH Index Series,18,62,0.009669411377867514,0.006774524247312952,0.009648443470038256,0.005769331142050804
Hang Seng Stock Connect China AH Index Series,19,62,0.00044542169543704626,0.0008928563065674355,0.010266428507111545,-0.0011456093535617828
Hang Seng Stock Connect China AH Index Series,20,62,0.005231627902868428,0.0024220900551067404,0.016134016371268607,0.013040149013289537
Hang Seng Stock Connect China AH Index Series,21,62,-0.0023273375023613705,-0.0028659150085151297,0.013616930690149597,0.006117899951556649
Hang Seng Stock Connect China AH Index Series,22,62,-0.002720563787120215,-0.003235107919236313,0.011353044056257446,-0.009998255771291875
Hang Seng Stock Connect China AH Index Series,23,62,-0.00811038894883556,-0.009141101085922476,0.002619097971023749,-0.01817938984017442
Hang Seng Stock Connect China AH Index Series,24,62,-0.0020397136695976857,0.0,0.0011544551199373831,-0.019034593488627516
Hang Seng Stock Connect China AH Index Series,25,62,-0.00923110646706883,-0.007233486906214115,-0.008898739215783323,-0.023792215431912955
Hang Seng Stock Connect China AH Index Series,26,62,0.006317131782282181,0.008539016974606906,-0.0023849676873802022,-0.023356628684383318
Hang Seng Stock Connect China AH Index Series,27,62,0.0010790072725077307,0.0,-0.0010108739767039237,-0.021672635627937697
Hang Seng Stock Connect China AH Index Series,28,62,-0.004196788629423996,-0.00610445581600666,-0.005753966135393763,-0.030258169622154774
Hang Seng Stock Connect China AH Index Series,29,62,-0.0035440019286813265,0.0,-0.010092818618283183,-0.027628155890069672
Hang Seng Stock Connect China AH Index Series,30,62,-0.001750859431866545,0.0,-0.011904152372354128,-0.03149652162430766
Hang Seng Stock Connect China AH Index Series,31,62,-0.012970634654840937,-0.012465421919848951,-0.02533340598886817,-0.04614264593040052
Hang Seng Stock Connect China AH Index Series,32,62,-0.0011373390798816558,-0.001257299090032693,-0.025911659497549804,-0.046584145778761354
Hang Seng Stock Connect China AH Index Series,33,62,-0.009889502818464069,-0.0037611870712360163,-0.035747932229709685,-0.05409002413377817
Hang Seng Stock Connect China AH Index Series,34,62,0.001742629064572839,0.004566253329680081,-0.03436137437018988,-0.05139417553191211
Hang Seng Stock Connect China AH Index Series,35,62,-0.026025384220906497,-0.006019018665220588,-0.05913416588011806,-0.06735697247609806
Hang Seng Stock Connect China AH Index Series,36,62,0.005621565646067161,0.004213417539386977,-0.05378410770742422,-0.06341561223281289
Hang Seng Stock Connect China AH Index Series,37,62,-0.013661491111595502,-0.011889214338583587,-0.0672000481620641,-0.07971124278435937
Hang Seng Stock Connect China AH Index Series,38,62,0.00010403624362268744,-0.0010277237939498862,-0.06709014717786146,-0.08022159690937453
Hang Seng Stock Connect China AH Index Series,39,62,0.011257454183723797,0.0035750001466002823,-0.056064424648525464,-0.0702367292123085
Hang Seng Stock Connect China AH Index Series,40,62,-0.008843933993968548,-0.014919723826095133,-0.06418221133111617,-0.07073053440147414
Hang Seng Stock Connect China AH Index Series,41,62,0.00536081958617943,0.0032247438270142093,-0.059440773603211254,-0.07795156755019833
Hang Seng Stock Connect China AH Index Series,42,62,-0.0007335239404077779,0.002381349340362493,-0.05975485244830321,-0.07323086160037295
Hang Seng Stock Connect China AH Index Series,43,62,0.003722539374398388,0.0013024892324868809,-0.05632131832041365,-0.06754545572410853
Hang Seng Stock Connect China AH Index Series,44,62,-0.010289563797387278,-0.011974174157722284,-0.06725346568330644,-0.0745009476929182
Hang Seng Stock Connect China AH Index Series,45,62,-0.0055081225081845915,-0.003369829477395392,-0.0726221652150449,-0.07388174061977953
Hang Seng Stock Connect China AH Index Series,46,62,-0.00202774453402457,0.0005604384516766925,-0.0743503806997679,-0.08360167861892243
Hang Seng Stock Connect China AH Index Series,47,62,-0.0003179444910868899,-0.0011792172100577036,-0.07483544900618318,-0.08962983261117718
Hang Seng Stock Connect China AH Index Series,48,62,-0.006285790856223296,-0.005650118136212079,-0.0803102364017993,-0.09117308563040843
Hang Seng Stock Connect China AH Index Series,49,62,-0.007018348603858018,-0.0032586085828352207,-0.08637166187621298,-0.10565912233180497
Hang Seng Stock Connect China AH Index Series,50,62,0.013570031430869895,0.010254226312360282,-0.07320394712520802,-0.08561676399799012
Hang Seng Stock Connect China AH Index Series,51,62,0.0028063891805803396,0.0033508420754768675,-0.07033555163061124,-0.09481044058152333
Hang Seng Stock Connect China AH Index Series,52,62,0.002256360288586997,-0.000537662966940855,-0.06907331287866143,-0.09263488638810602
Hang Seng Stock Connect China AH Index Series,53,62,-0.0023064139926895415,-0.003390816699423871,-0.07064361712647156,-0.10075131991725217
Hang Seng Stock Connect China AH Index Series,54,62,0.0025859164550645327,0.002485354007492502,-0.0684100561291128,-0.10571440978444585
Hang Seng Stock Connect China AH Index Series,55,62,0.005037426299052446,0.002255573751166251,-0.06334679366270803,-0.084578892542295
Hang Seng Stock Connect China AH Index Series,56,62,0.0003366825872216695,-0.0019230338243033662,-0.062765982947429,-0.09002509357610716
Hang Seng Stock Connect China AH Index Series,57,62,-0.003721905628651314,-0.0024190607456921476,-0.06706448605664996,-0.09392298170533026
Hang Seng Stock Connect China AH Index Series,58,62,-0.00033474804926166403,0.0,-0.06657655591449516,-0.09123948857618591
Hang Seng Stock Connect China AH Index Series,59,62,-0.000500572710041182,-0.0019803002562563954,-0.06730908272699265,-0.0886231767980662
Hang Seng Stock Connect China AH Index Series,60,62,0.012540356265521935,0.007285991711687423,-0.05631464899904645,-0.07522061103232941
Hang Seng Stock Connect China Enterprises Index,-60,24,,,0.01659725207469648,-3.572449378197451e-05
Hang Seng Stock Connect China Enterprises Index,-59,24,0.0017462497278793825,-0.0025699090290378646,0.01914296380060862,-0.008164074819717204
Hang Seng Stock Connect China Enterprises Index,-58,24,0.002232527054644079,0.000869585120159666,0.020814785314102222,-0.006172866701628421
Hang Seng Stock Connect China Enterprises Index,-57,24,0.0031808741793339875,0.0009459519407262751,0.02397437074800074,-0.020151663687660026
Hang Seng Stock Connect China Enterprises Index,-56,24,-0.005421631004457274,-0.005522815567027939,0.017981792179713938,-0.022753653109081173
Hang Seng Stock Connect China Enterprises Index,-55,24,0.007086545274779467,0.0053799781085113185,0.024602367433715685,-0.020556618543216665
Hang Seng Stock Connect China Enterprises Index,-54,24,-0.017488773252039763,-0.016244981041951434,0.006106000013017578,-0.018520217050977505
Hang Seng Stock Connect China Enterprises Index,-53,24,-0.008652526289629986,-0.009712704475437872,-0.0014762848692156199,-0.03512382779200446
Hang Seng Stock Connect China Enterprises Index,-52,24,0.0016471432453270634,0.0015988308089329717,-0.0012196215260505266,-0.038125009212573835
Hang Seng Stock Connect China Enterprises Index,-51,24,-0.009929251386300034,-0.0062504922809309416,-0.011518657647705688,-0.04033011953529908
Hang Seng Stock Connect China Enterprises Index,-50,24,-0.008512291532930613,-0.012078339717494113,-0.01918875988207067,-0.04711482418410362
Hang Seng Stock Connect China Enterprises Index,-49,24,-0.007343742374949294,-0.006324407562281198,-0.02630515963751287,-0.05363258216248279
Hang Seng Stock Connect China Enterprises Index,-48,24,-0.006257620797250743,-0.010795620041592069,-0.034045182337851754,-0.050373540531715
Hang Seng Stock Connect China Enterprises Index,-47,24,0.008956171062243492,0.007298345618459545,-0.025576745448858042,-0.0518462981147928
Hang Seng Stock Connect China Enterprises Index,-46,24,0.0032851323593769965,-0.001746723254120064,-0.021185873351350557,-0.061569051543659936
Hang Seng Stock Connect China Enterprises Index,-45,24,0.0022909842791751047,0.00043822213039312885,-0.01792338221651103,-0.05116753671552188
Hang Seng Stock Connect China Enterprises Index,-44,24,-0.004601687299894117,0.0022876602694460457,-0.0266953340278847,-0.043618923625445005
Hang Seng Stock Connect China Enterprises Index,-43,24,0.003360744159636428,0.001599998474121067,-0.02290590824290208,-0.043707864148451236
Hang Seng Stock Connect China Enterprises Index,-42,24,0.01777887017101926,0.00309376466296285,-0.009095966778623907,-0.02086316884020184
Hang Seng Stock Connect China Enterprises Index,-41,24,-8.734692921919899e-06,-0.0021620281017847853,-0.008249154785825196,-0.025359980234608448
Hang Seng Stock Connect China Enterprises Index,-40,24,-0.009605330046277985,-0.008805467004068479,-0.01845464536394337,-0.021864157306435206
Hang Seng Stock Connect China Enterprises Index,-39,24,-0.0030827658719900877,-0.005148482249600128,-0.021946461280820586,-0.03690246363076821
Hang Seng Stock Connect China Enterprises Index,-38,24,-0.008908616967846783,-0.008813258820203507,-0.03134519819198353,-0.042732980548939314
Hang Seng Stock Connect China Enterprises Index,-37,24,-0.005371096060593411,-0.003762416107276789,-0.03714596689796556,-0.03696877778407598
Hang Seng Stock Connect China Enterprises Index,-36,24,-0.0005616207178842832,0.004680953035029134,-0.03707784608616871,-0.01670541810191678
Hang Seng Stock Connect China Enterprises Index,-35,24,0.00310124363360934,-0.0021428721291678055,-0.036505750254467395,-0.024976784579238076
Hang Seng Stock Connect China Enterprises Index,-34,24,0.000739511085477614,0.0009670939939179224,-0.03625163805369252,-0.014268770583022228
Hang Seng Stock Connect China Enterprises Index,-33,24,0.016286033025969624,0.007543299369539902,-0.023711582696197983,0.003010985998410154
Hang Seng Stock Connect China Enterprises Index,-32,24,-0.019184237596126683,-0.008212999878810523,-0.0430161947802048,-0.02693951214055018
Hang Seng Stock Connect China Enterprises Index,-31,24,-0.012500670294371768,-0.014380896831365952,-0.05623120803367404,-0.03409478416856965
Hang Seng Stock Connect China Enterprises Index,-30,24,6.758024912367766e-05,0.002855986626915441,-0.05646349434177658,-0.029194097457450496
Hang Seng Stock Connect China Enterprises Index,-29,24,-0.01943561517389318,-0.003514080440314038,-0.0717538830803169,-0.02338226151435685
Hang Seng Stock Connect China Enterprises Index,-28,24,0.0064440974670837104,0.0017482219927875686,-0.06728389448552684,-0.029851240041398386
Hang Seng Stock Connect China Enterprises Index,-27,24,0.010183831581320912,0.0037936266192926116,-0.05881355860987397,-0.03589420042082869
Hang Seng Stock Connect China Enterprises Index,-26,24,0.0019837898361664877,-0.0018905205138949888,-0.05782467064671837,-0.023638046574811167
Hang Seng Stock Connect China Enterprises Index,-25,24,-0.011653906507265763,-0.004632186624024703,-0.06596155986257736,-0.025112591971973075
Hang Seng Stock Connect China Enterprises Index,-24,24,-0.011295837837223535,-0.006333704413973074,-0.07521211282170968,-0.027265076048551162
Hang Seng Stock Connect China Enterprises Index,-23,24,0.00514482561154291,0.005868235314383519,-0.07490498246428935,-0.0557284859630261
Hang Seng Stock Connect China Enterprises Index,-22,24,0.02088641395394243,0.015709098333141602,-0.05821629243141494,-0.03978113318212839
Hang Seng Stock Connect China Enterprises Index,-21,24,-0.006057573136572246,-0.003874874419507901,-0.06425237772984728,-0.039187590466911726
Hang Seng Stock Connect China Enterprises Index,-20,24,0.022160799311743386,0.010426839291493906,-0.04597025045071048,-0.04616233521986579
Hang Seng Stock Connect China Enterprises Index,-19,24,0.016677101246639233,0.016622076880856262,-0.03131808764861759,-0.02674566643494264
Hang Seng Stock Connect China Enterprises Index,-18,24,0.0007203514153738358,0.00228932659973502,-0.029972034994980922,-0.02736975174398898
Hang Seng Stock Connect China Enterprises Index,-17,24,-0.01034668310239086,-0.010752436322655712,-0.04001049579398933,-0.03816999829667139
Hang Seng Stock Connect China Enterprises Index,-16,24,-0.003715616345047056,-0.0005620058802092154,-0.04225455199059022,-0.05058710977980152
Hang Seng Stock Connect China Enterprises Index,-15,24,0.024422185057658353,0.01661001937372364,-0.023307400808393542,-0.02694041399250502
Hang Seng Stock Connect China Enterprises Index,-14,24,0.02526749979937558,0.0023005137848743917,-0.0028242233008603838,-0.023671683954195222
Hang Seng Stock Connect China Enterprises Index,-13,24,0.011961245151593067,0.0044856633883529895,0.0061618529692668384,-0.0009881272444329792
Hang Seng Stock Connect China Enterprises Index,-12,24,-0.0030765757524954113,-0.0018556928218674273,0.0025101287726342395,-0.02673584979718807
Hang Seng Stock Connect China Enterprises Index,-11,24,-0.013021693066373996,-0.010929248243087386,-0.01061624252669765,-0.024234150396878096
Hang Seng Stock Connect China Enterprises Index,-10,24,-0.0030521493777303324,-0.003369537071830575,-0.01522610678567613,-0.025367701704794687
Hang Seng Stock Connect China Enterprises Index,-9,24,-0.007383898776575082,-0.005045018493090747,-0.022262484977610172,-0.027837442922639732
Hang Seng Stock Connect China Enterprises Index,-8,24,-0.0032789656614179846,-0.004562333125533946,-0.02557738471205177,-0.022167006271290035
Hang Seng Stock Connect China Enterprises Index,-7,24,0.0069805070772880244,0.008685260729473177,-0.01912379272516544,-0.00791745104548136
Hang Seng Stock Connect China Enterprises Index,-6,24,0.0014298353122818158,0.0015765903014315907,-0.018542250955374626,-0.018922693753254505
Hang Seng Stock Connect China Enterprises Index,-5,24,-0.006100211233126558,-0.010045382661380164,-0.02472652336466404,-0.018532292045573162
Hang Seng Stock Connect China Enterprises Index,-4,24,-0.004539830772100452,-0.00038618267230960956,-0.02869763701830973,-0.02075967958495417
Hang Seng Stock Connect China Enterprises Index,-3,24,0.01994263078000003,0.009182357094424609,-0.012543875874000765,-0.009382559255586065
Hang Seng Stock Connect China Enterprises Index,-2,24,0.012269132128825638,0.0018622323742749636,-0.001495001724168545,0.0039770658538917925
Hang Seng Stock Connect China Enterprises Index,-1,24,0.000618288686474446,-0.0054295537552275785,-0.0018838089156728948,-0.003019854118424037
Hang Seng Stock Connect China Enterprises Index,0,24,0.003074844313616177,0.0030290204814172883,0.0,0.0
Hang Seng Stock Connect China Enterprises Index,1,24,0.007712500815436378,0.0016055468010793827,0.007712500815436378,0.0016055468010793827
Hang Seng Stock Connect China Enterprises Index,2,24,-0.008690658453659378,-0.008585622159834605,-0.0013671598141693497,-0.0021149078264039445
Hang Seng Stock Connect China Enterprises Index,3,24,-0.012208768206222395,-0.016620642307205113,-0.013560526578848833,-0.016402396676712838
Hang Seng Stock Connect China Enterprises Index,4,24,0.018796922268349264,0.009738423135757235,0.006255552830829643,-0.012064532981237497
Hang Seng Stock Connect China Enterprises Index,5,24,0.008766120912993442,0.003700393861547302,0.014806913112474682,-0.015293025920074477
Hang Seng Stock Connect China Enterprises Index,6,24,-0.004408554987613865,-0.0029852332458815134,0.009181700820560565,-0.001774818136668077
Hang Seng Stock Connect China Enterprises Index,7,24,0.003937687986902065,0.0013698996666440255,0.012425579776866,-0.0001708153924058764
Hang Seng Stock Connect China Enterprises Index,8,24,0.00027501869660613576,0.002375556956954239,0.011958772505186599,-0.0019735358127568325
Hang Seng Stock Connect China Enterprises Index,9,24,-0.0027371856483872268,-0.009689995677018781,0.00834535404651888,-0.003080920196906256
Hang Seng Stock Connect China Enterprises Index,10,24,0.0031212766118133006,0.0027833778125029296,0.011908484016196352,-0.006291148611861752
Hang Seng Stock Connect China Enterprises Index,11,24,0.0034406985095111566,0.002357249444987497,0.014447496430520656,-0.007800473081718606
Hang Seng Stock Connect China Enterprises Index,12,24,-0.00038471824381220804,-0.004335796336681519,0.014800477462459627,-0.019251431135316743
Hang Seng Stock Connect China Enterprises Index,13,24,0.016736319070250607,0.0027762642350469546,0.03411110852122843,-0.017832297281790588
Hang Seng Stock Connect China Enterprises Index,14,24,0.03758821263071276,0.029387580617318387,0.07732810732569972,0.005207351260220261
Hang Seng Stock Connect China Enterprises Index,15,24,0.009591615093463573,-0.002395226373641701,0.0954501085314758,-0.007955197323656404
Hang Seng Stock Connect China Enterprises Index,16,24,-0.00507656090622675,-0.0021156706038574224,0.08615415664900421,0.004157010163550634
Hang Seng Stock Connect China Enterprises Index,17,24,-0.008655465624346242,-0.002789539330256552,0.07439663433851865,-0.006543424776766227
Hang Seng Stock Connect China Enterprises Index,18,24,0.004444814559634631,-0.0011416902557963016,0.08230777523756155,0.0019047600882393656
Hang Seng Stock Connect China Enterprises Index,19,24,0.016940472303928766,0.0056227405797362184,0.10298672546863367,0.006106436832042594
Hang Seng Stock Connect China Enterprises Index,20,24,-0.010510700054212554,0.0,0.07845826040497973,0.0200591242372109
Hang Seng Stock Connect China Enterprises Index,21,24,0.005600898024684757,0.0024088331143499175,0.0823214889978382,0.014972762783569182
Hang Seng Stock Connect China Enterprises Index,22,24,-0.005546856364717402,-0.0036003479722662712,0.07634001793648697,0.020040808722451953
Hang Seng Stock Connect China Enterprises Index,23,24,0.019936404960381408,0.02189179381662887,0.09815673014451846,0.028933211238338252
Hang Seng Stock Connect China Enterprises Index,24,24,-0.003097284085488506,-0.0037818142427838985,0.09361564492070572,0.03580188668611206
Hang Seng Stock Connect China Enterprises Index,25,24,0.012735757900544556,0.011290271243715733,0.10790004148469053,0.0544324814801177
Hang Seng Stock Connect China Enterprises Index,26,24,-0.008023251999901235,-0.005922182365065476,0.09909099703999148,0.054282157753310134
Hang Seng Stock Connect China Enterprises Index,27,24,0.008693697678069823,0.0005980998153263251,0.11051500463093643,0.050728232593735934
Hang Seng Stock Connect China Enterprises Index,28,24,-0.00528547447657537,-0.0038682252438596576,0.1057754950421161,0.04312140128876096
Hang Seng Stock Connect China Enterprises Index,29,24,-0.0013754810191482965,0.0,0.10440128641813122,0.044770041821974194
Hang Seng Stock Connect China Enterprises Index,30,24,-0.004092142497593478,-0.00884567478034104,0.101234617901732,0.04349612545303794
Hang Seng Stock Connect China Enterprises Index,31,24,-0.004248343884992914,-0.005141479758489775,0.09603247977786633,0.047853923311722335
Hang Seng Stock Connect China Enterprises Index,32,24,0.0036820949752949714,0.007346347858158797,0.10140449169398895,0.03883026060420125
Hang Seng Stock Connect China Enterprises Index,33,24,0.012156114637729929,0.0028071096561834707,0.11575504869349817,0.0581298772301273
Hang Seng Stock Connect China Enterprises Index,34,24,0.0030379751913209205,0.001191884500606144,0.11917820977782141,0.0587417763188014
Hang Seng Stock Connect China Enterprises Index,35,24,-0.009746646722365337,-0.009342102528500928,0.10726808496610002,0.061830286628142606
Hang Seng Stock Connect China Enterprises Index,36,24,-0.004288797499108756,-0.006067854846394438,0.10110996831258941,0.04903365411451954
Hang Seng Stock Connect China Enterprises Index,37,24,0.021247518022763607,0.013899025720497504,0.12729640462976463,0.06432610770936575
Hang Seng Stock Connect China Enterprises Index,38,24,-0.0055815183837668965,-0.005413473215461706,0.12112860902268813,0.06094842647472409
Hang Seng Stock Connect China Enterprises Index,39,24,-0.0042572967501553855,-0.0028255546203713733,0.11702313253626451,0.04427904440609487
Hang Seng Stock Connect China Enterprises Index,40,24,-0.013057689108855986,-0.014376914836496502,0.10245088954485045,0.044933110525740116
Hang Seng Stock Connect China Enterprises Index,41,24,0.0065770272016673625,0.007779020130463832,0.11030266286801715,0.052487480323295754
Hang Seng Stock Connect China Enterprises Index,42,24,-0.001449899402955317,0.0014533786613046829,0.10757268910981643,0.04674637151075778
Hang Seng Stock Connect China Enterprises Index,43,24,0.0016553383895498014,0.0016026008411285098,0.10821877276443488,0.04905829366474723
Hang Seng Stock Connect China Enterprises Index,44,24,-0.012783636047688904,-0.007531021421813555,0.09158171961871031,0.04034838465153079
Hang Seng Stock Connect China Enterprises Index,45,24,0.0024958632528986843,0.0023025663880019698,0.09628472505786666,0.0370989784665835
Hang Seng Stock Connect China Enterprises Index,46,24,0.0001378873654692229,0.0034574699282674537,0.0948796188854154,0.04637595729703703
Hang Seng Stock Connect China Enterprises Index,47,24,-0.010479920926036385,-0.008083021040943328,0.08186211092840245,0.04645988250142519
Hang Seng Stock Connect China Enterprises Index,48,24,0.0002950314057655658,0.004046737683733981,0.08035638799704975,0.03958259479803006
Hang Seng Stock Connect China Enterprises Index,49,24,-0.003627814606461948,-0.0019166690952889254,0.0750255758162481,0.04032223286929426
Hang Seng Stock Connect China Enterprises Index,50,24,0.010487131122703108,0.010216541561436698,0.087105608189193,0.04032901850569637
Hang Seng Stock Connect China Enterprises Index,51,24,-0.006792356245776218,-0.004282938371984291,0.0799169172604356,0.03426912468619414
Hang Seng Stock Connect China Enterprises Index,52,24,-0.013773817139046527,-0.011112765091281895,0.06353845435358434,0.028412280223587216
Hang Seng Stock Connect China Enterprises Index,53,24,0.008987348191908745,0.002376400222531716,0.07310780545063966,0.019351660307406204
Hang Seng Stock Connect China Enterprises Index,54,24,-0.010577224483824707,-0.005643547529064041,0.06092364840384575,0.025639017183855195
Hang Seng Stock Connect China Enterprises Index,55,24,-0.0005890489745846161,-0.002306671506568325,0.06020636725158418,0.017635994234860397
Hang Seng Stock Connect China Enterprises Index,56,24,-0.007898334803755519,-0.010638505491319616,0.0521140877701583,0.0270818984075335
Hang Seng Stock Connect China Enterprises Index,57,24,0.015896087535652137,0.007161064056117272,0.0691916336761259,0.027546522927828776
Hang Seng Stock Connect China Enterprises Index,58,24,0.0008933339396806905,0.0020229813721989176,0.07035859732003175,0.0260872780193091
Hang Seng Stock Connect China Enterprises Index,59,24,0.008040079705268372,0.006606273762372772,0.07965274522580625,0.03435260314196931
Hang Seng Stock Connect China Enterprises Index,60,24,-0.0027852723413106517,0.0014232541655559983,0.07750459120233406,0.032056848918921244
Hang Seng Stock Connect Greater Bay Area Composite Index,-60,125,,,0.11991940462833364,0.06451606618171479
Hang Seng Stock Connect Greater Bay Area Composite Index,-59,126,-0.00344513763306516,-0.004901979575474669,0.10653871233723454,0.05544390968687418
Hang Seng Stock Connect Greater Bay Area Composite Index,-58,127,0.0006094451027382759,0.003158087803980414,0.10511814092689944,0.05949892240778576
Hang Seng Stock Connect Greater Bay Area Composite Index,-57,127,-0.0026334868099715096,-0.006485109012642765,0.10364504069486301,0.06070281528913535
Hang Seng Stock Connect Greater Bay Area Composite Index,-56,127,0.000786357056163083,0.0,0.1020358337641128,0.06051874248285816
Hang Seng Stock Connect Greater Bay Area Composite Index,-55,127,0.00451340340332798,0.0031847102322188903,0.1046570714324769,0.05431304525870018
Hang Seng Stock Connect Greater Bay Area Composite Index,-54,127,-0.007783322749928491,-0.006126562388317325,0.08993914090342646,0.04606750771458268
Hang Seng Stock Connect Greater Bay Area Composite Index,-53,127,0.002628033728005866,0.0013227816081384791,0.09021244471956395,0.0528090210307699
Hang Seng Stock Connect Greater Bay Area Composite Index,-52,127,0.004461488909627938,0.002383731021569302,0.07889341688615,0.05693069832802489
Hang Seng Stock Connect Greater Bay Area Composite Index,-51,128,-0.00177845456700329,-0.0007336925016779849,0.07317941026683679,0.047978770996447095
Hang Seng Stock Connect Greater Bay Area Composite Index,-50,128,0.002670696532458044,0.0,0.0745121233042899,0.05587445415501724
Hang Seng Stock Connect Greater Bay Area Composite Index,-49,128,-0.0042807626674551055,-0.000648523270580903,0.06715834861658011,0.06371960480702443
Hang Seng Stock Connect Greater Bay Area Composite Index,-48,128,-0.0069484123129729125,-0.0029605671243405074,0.058639164984963243,0.05712588401135277
Hang Seng Stock Connect Greater Bay Area Composite Index,-47,128,0.00034138305936273414,-0.0017966943335989694,0.059065483368063214,0.04128390336065835
Hang Seng Stock Connect Greater Bay Area Composite Index,-46,130,0.001137946196547497,0.0013806448754497547,0.06014785105238291,0.036159713053886766
Hang Seng Stock Connect Greater Bay Area Composite Index,-45,130,-0.0015667281506776833,-0.0043408722184825055,0.05550160554156529,0.026200188424957083
Hang Seng Stock Connect Greater Bay Area Composite Index,-44,130,-0.0010563966124804754,0.002429300947689894,0.03322094417358008,0.04495155261871919
Hang Seng Stock Connect Greater Bay Area Composite Index,-43,130,0.0005321148837233037,-0.004980162659567078,0.030575293241388676,0.04393969508951767
Hang Seng Stock Connect Greater Bay Area Composite Index,-42,131,0.005317477571890943,0.002469320763630156,0.0340207113148473,0.040345782516223005
Hang Seng Stock Connect Greater Bay Area Composite Index,-41,131,-0.001045337549708989,0.0,0.03195989534435933,0.038674063350848
Hang Seng Stock Connect Greater Bay Area Composite Index,-40,131,0.00589622070047128,0.00232023875048748,0.03714683861001761,0.03278685320900654
Hang Seng Stock Connect Greater Bay Area Composite Index,-39,131,0.00881349110276246,0.003458883589720907,0.04493586655479775,0.04411762918430462
Hang Seng Stock Connect Greater Bay Area Composite Index,-38,131,0.0007852914579225702,-0.0023201918984526726,0.043438560526747695,0.034482817419476675
Hang Seng Stock Connect Greater Bay Area Composite Index,-37,131,-1.5702436830469557e-06,-0.0028288515475118903,0.041325838050271,0.04098356651125812
Hang Seng Stock Connect Greater Bay Area Composite Index,-36,131,-0.0063818286645956745,-0.003937004178520276,0.034005112608835104,0.03426389596042689
Hang Seng Stock Connect Greater Bay Area Composite Index,-35,131,0.005975159087246151,0.0014024897453261964,0.03889609059344113,0.04387573257053323
Hang Seng Stock Connect Greater Bay Area Composite Index,-34,131,-0.0020041361084708383,-0.0011613560518280996,0.0357348320637168,0.03960392300071258
Hang Seng Stock Connect Greater Bay Area Composite Index,-33,131,-0.0027178912356928243,-0.0048076878990646055,0.03152444880001169,0.030948789380315755
Hang Seng Stock Connect Greater Bay Area Composite Index,-32,131,-0.0006719900031605022,-0.002173879872197637,0.0294631180971107,0.029032308179557154
Hang Seng Stock Connect Greater Bay Area Composite Index,-31,131,-0.004039639059291735,-0.004901956201103785,0.024344973132463546,0.03697911751353278
Hang Seng Stock Connect Greater Bay Area Composite Index,-30,131,-0.014417857716595189,-0.012135853224889193,0.008760104874452324,0.019851098069621154
Hang Seng Stock Connect Greater Bay Area Composite Index,-29,131,-0.008107648272676843,-0.008654805004021382,-0.00019790425626259618,-0.005736086763577619
Hang Seng Stock Connect Greater Bay Area Composite Index,-28,131,-0.0032539839690567496,-0.0019617721313524017,-0.003685639606765547,-0.004166662527455345
Hang Seng Stock Connect Greater Bay Area Composite Index,-27,131,-0.0011925204887933804,-0.0036900333293332643,-0.004122326623374336,-0.008438810925003759
Hang Seng Stock Connect Greater Bay Area Composite Index,-26,131,0.006624666129622096,0.0,0.0018510280405608865,0.007131549398100789
Hang Seng Stock Connect Greater Bay Area Composite Index,-25,131,0.000883008680973884,-0.004175381139213563,0.0009797090048733895,-0.0028248560935074662
Hang Seng Stock Connect Greater Bay Area Composite Index,-24,131,-0.006599523159892469,-0.0011402768939405838,-0.00662925635162552,-0.005484412088092694
Hang Seng Stock Connect Greater Bay Area Composite Index,-23,131,-0.004969879182719012,-0.004255348793859026,-0.011251912177418923,-0.005076137217272736
Hang Seng Stock Connect Greater Bay Area Composite Index,-22,131,0.007386319770233676,0.0035087687010102453,-0.004846548036241362,0.0012330738970627309
Hang Seng Stock Connect Greater Bay Area Composite Index,-21,131,0.001255668687750081,-0.001872701984285463,-0.00422810434585647,-0.003044093721948582
Hang Seng Stock Connect Greater Bay Area Composite Index,-20,131,-0.00025959991962702477,-0.002380893452094579,-0.005580217793733963,0.0
Hang Seng Stock Connect Greater Bay Area Composite Index,-19,131,0.008332812570796641,0.0028169659831074334,0.0017087050880479353,0.006756750225933805
Hang Seng Stock Connect Greater Bay Area Composite Index,-18,131,0.0020119934987177296,0.0,0.0021283917969230526,0.0010415911260608368
Hang Seng Stock Connect Greater Bay Area Composite Index,-17,131,0.0038259091308263677,0.0,0.006438942621904258,0.005780341244511877
Hang Seng Stock Connect Greater Bay Area Composite Index,-16,131,0.0017165555194453867,-0.0046620222803209765,0.005472774448213686,0.0013262903093407274
Hang Seng Stock Connect Greater Bay Area Composite Index,-15,131,0.0005097279011782157,-0.002114132679366776,0.005774724757260336,0.0
Hang Seng Stock Connect Greater Bay Area Composite Index,-14,131,0.0011516950765989372,0.0,0.005662925570900679,0.011922066143901233
Hang Seng Stock Connect Greater Bay Area Composite Index,-13,131,-0.010560490111428952,-0.011111100809073515,-0.005045867648102127,0.0015174130217205928
Hang Seng Stock Connect Greater Bay Area Composite Index,-12,131,-0.002736995168428747,-0.001694954020371564,-0.01029418217951,-0.0020293764605103792
Hang Seng Stock Connect Greater Bay Area Composite Index,-11,131,0.007509704547207884,0.001159312436404214,-0.004010113188484102,-0.00012989787312300827
Hang Seng Stock Connect Greater Bay Area Composite Index,-10,131,-0.0011670369880845514,0.0,-0.00794823431858595,0.0024753042020448923
Hang Seng Stock Connect Greater Bay Area Composite Index,-9,131,0.005320284975633205,0.006257058166277307,-0.0035882027538869875,0.004962774165082395
Hang Seng Stock Connect Greater Bay Area Composite Index,-8,131,-0.001284470709172472,-0.0049504903750891005,-0.00628668079146347,0.002481327921606491
Hang Seng Stock Connect Greater Bay Area Composite Index,-7,131,0.001342382308942435,0.0011547608612054727,-0.005211368137160784,0.0
Hang Seng Stock Connect Greater Bay Area Composite Index,-6,131,-0.003355334329642018,-0.0006413781182887934,-0.010460561929308162,0.0016948732005155343
Hang Seng Stock Connect Greater Bay Area Composite Index,-5,131,0.004922031344616228,0.003309877162242847,-0.006950139467123507,0.0
Hang Seng Stock Connect Greater Bay Area Composite Index,-4,131,-0.0009270463517685872,-0.0032382926437427573,-0.009230177053747547,0.0
Hang Seng Stock Connect Greater Bay Area Composite Index,-3,131,0.003222878315732439,0.0,-0.007128728671487548,0.0
Hang Seng Stock Connect Greater Bay Area Composite Index,-2,131,-0.0005301127506540583,0.0,-0.00892499907380521,0.0
Hang Seng Stock Connect Greater Bay Area Composite Index,-1,131,0.010510762096611944,0.002906973923522793,0.00044538108253681073,0.0013324119776410015
Hang Seng Stock Connect Greater Bay Area Composite Index,0,131,0.0002400178596936275,-0.001330639018275126,0.0,0.0
Hang Seng Stock Connect Greater Bay Area Composite Index,1,131,-0.015199210429393777,-0.008438810925003759,-0.015199210429393777,-0.008438810925003759
Hang Seng Stock Connect Greater Bay Area Composite Index,2,131,0.005485379570429653,0.003636331269235349,-0.010209370666305144,-0.007352875865728303
Hang Seng Stock Connect Greater Bay Area Composite Index,3,131,0.005579569482652493,-0.0013519912538740853,-0.003916160611384966,-0.009508707341304823
Hang Seng Stock Connect Greater Bay Area Composite Index,4,131,-0.010557389386140488,-0.0059457490586679596,-0.014449591980063707,-0.016877621850007518
Hang Seng Stock Connect Greater Bay Area Composite Index,5,131,0.00022680570149270147,0.0,-0.015546414229282504,-0.013657078983912885
Hang Seng Stock Connect Greater Bay Area Composite Index,6,131,-0.0044545163978675,0.0,-0.01957136015930674,-0.015151590409901994
Hang Seng Stock Connect Greater Bay Area Composite Index,7,131,0.0013722493534186553,0.0,-0.01810778414967717,-0.013324437456056937
Hang Seng Stock Connect Greater Bay Area Composite Index,8,131,-0.00752095969355895,-0.01099142628162797,-0.02585427197637105,-0.026420116455347586
Hang Seng Stock Connect Greater Bay Area Composite Index,9,131,-0.0012080446631486507,-0.004728127857288822,-0.02735659698853953,-0.02702704328151928
Hang Seng Stock Connect Greater Bay Area Composite Index,10,131,0.01200062004723697,0.007537606846473421,-0.01476805860731421,-0.015614794691847456
Hang Seng Stock Connect Greater Bay Area Composite Index,11,131,0.0021969089059623802,0.0,-0.01033880897515299,-0.01630430670000793
Hang Seng Stock Connect Greater Bay Area Composite Index,12,131,0.008921709762639044,0.002898547920302308,-0.0038064325055814983,-0.014656912969627456
Hang Seng Stock Connect Greater Bay Area Composite Index,13,131,0.022138867047047497,0.010631269790801534,0.01827263647048869,-0.008064508376086854
Hang Seng Stock Connect Greater Bay Area Composite Index,14,131,0.013918774859357065,0.0,0.034134051494639515,-0.00855926072148927
Hang Seng Stock Connect Greater Bay Area Composite Index,15,131,0.021151466182909518,0.0026773736932059755,0.06254265167616899,-0.018226073498573303
Hang Seng Stock Connect Greater Bay Area Composite Index,16,131,-0.004543188956254644,-0.010011140698471532,0.05514735668122597,-0.025925954182942745
Hang Seng Stock Connect Greater Bay Area Composite Index,17,131,-0.005632026590975639,0.0,0.04471491293826652,-0.020819759347944333
Hang Seng Stock Connect Greater Bay Area Composite Index,18,131,-0.004965667609638204,-0.0037807147581732092,0.040221772446635544,-0.02555915629380845
Hang Seng Stock Connect Greater Bay Area Composite Index,19,131,0.022465991296360257,0.0107449583180792,0.07123452312181959,-0.01862468474097112
Hang Seng Stock Connect Greater Bay Area Composite Index,20,131,-0.01767439770542142,-0.007843129921765946,0.04299599560385232,-0.023284321173206446
Hang Seng Stock Connect Greater Bay Area Composite Index,21,131,-0.0033771946905112966,0.0,0.036816745843917656,-0.01669197738503958
Hang Seng Stock Connect Greater Bay Area Composite Index,22,131,0.0017334895567536325,0.0006639624786792808,0.03653426510845526,-0.021470417158622856
Hang Seng Stock Connect Greater Bay Area Composite Index,23,131,-0.003990956427713076,0.0,0.030789194178548227,-0.02222220161814692
Hang Seng Stock Connect Greater Bay Area Composite Index,24,131,-0.004590282707524177,-0.005917200945284917,0.02485300091728372,-0.015174564363318988
Hang Seng Stock Connect Greater Bay Area Composite Index,25,131,0.0012595377233186845,0.0,0.025990784867138118,-0.023984050956832093
Hang Seng Stock Connect Greater Bay Area Composite Index,26,131,-0.004095661923460867,-0.003095972261364044,0.0207905291458313,-0.02522528621827247
Hang Seng Stock Connect Greater Bay Area Composite Index,27,131,0.005773793296799066,0.0,0.02709205145368152,-0.026024724004041322
Hang Seng Stock Connect Greater Bay Area Composite Index,28,131,0.001288424004211874,0.0,0.02854146567600673,-0.02731415796782577
Hang Seng Stock Connect Greater Bay Area Composite Index,29,131,0.0001775489297902018,-0.002114132679366776,0.029851162087412803,-0.02702704328151928
Hang Seng Stock Connect Greater Bay Area Composite Index,30,131,-0.0035369525586518213,-0.004374980926513672,0.02687884650777383,-0.031312475673681006
Hang Seng Stock Connect Greater Bay Area Composite Index,31,131,9.375910880036384e-05,-0.00315206022712633,0.024892521022963507,-0.039287984102384654
Hang Seng Stock Connect Greater Bay Area Composite Index,32,131,-0.0024791027232051698,-0.004347822030685733,0.022481884085104837,-0.04787235830152892
Hang Seng Stock Connect Greater Bay Area Composite Index,33,131,-0.003595647694079381,-0.006543058823216152,0.017194573491476774,-0.05128207044053168
Hang Seng Stock Connect Greater Bay Area Composite Index,34,131,0.0005167919767220022,0.0,0.019700432169630442,-0.04972383841421002
Hang Seng Stock Connect Greater Bay Area Composite Index,35,131,0.0022365649808124264,0.0,0.022757114398380407,-0.0531915021784547
Hang Seng Stock Connect Greater Bay Area Composite Index,36,131,0.0013204305221032277,0.0,0.02324230183882094,-0.03793626619292645
Hang Seng Stock Connect Greater Bay Area Composite Index,37,131,0.0017698872179289643,0.00032851335553374383,0.02684018727554417,-0.03793626619292645
Hang Seng Stock Connect Greater Bay Area Composite Index,38,131,0.012481128033456483,0.007048485037513874,0.039262647131006224,-0.031128375791477758
Hang Seng Stock Connect Greater Bay Area Composite Index,39,131,0.007166355423746125,0.0019568985877502776,0.04835439865263556,-0.022727272727272707
Hang Seng Stock Connect Greater Bay Area Composite Index,40,131,0.008498081175320256,0.0023613292189246238,0.056591736025717966,-0.018181801105005113
Hang Seng Stock Connect Greater Bay Area Composite Index,41,131,0.00469077238901456,0.002067521192141486,0.06351227125619124,-0.015151500920837613
Hang Seng Stock Connect Greater Bay Area Composite Index,42,131,-0.0041087639903422376,0.0,0.05804630173465503,-0.015564187895738879
Hang Seng Stock Connect Greater Bay Area Composite Index,43,131,-0.002510860347216533,-0.0039269690937471236,0.05435173285169782,-0.010409830035750467
Hang Seng Stock Connect Greater Bay Area Composite Index,44,131,-0.007687221768952021,-0.002832818024996131,0.04295979918343158,-0.006906038049498853
Hang Seng Stock Connect Greater Bay Area Composite Index,45,131,0.0029221281467512687,0.002197768662002053,0.0468874246590721,-0.004143609657401681
Hang Seng Stock Connect Greater Bay Area Composite Index,46,131,0.002385286894805757,0.0,0.04619859098053688,-0.007122534312067663
Hang Seng Stock Connect Greater Bay Area Composite Index,47,131,-3.318485349447646e-05,0.0,0.046313437857352195,-0.0012329563046635794
Hang Seng Stock Connect Greater Bay Area Composite Index,48,131,0.0003622376790362494,0.0,0.045190755927947836,0.012801044708930398
Hang Seng Stock Connect Greater Bay Area Composite Index,49,131,0.0019597059146369256,0.0008230641313424769,0.04790983039915985,0.009980453090686847
Hang Seng Stock Connect Greater Bay Area Composite Index,50,131,0.005397922309795085,0.0,0.053086992941108475,0.01359856445961638
Hang Seng Stock Connect Greater Bay Area Composite Index,51,131,-0.003988283418412219,-0.006868230200993586,0.04958214057008315,0.0208333760189523
Hang Seng Stock Connect Greater Bay Area Composite Index,52,131,-0.000915021759664813,-0.0033898272208872093,0.047849465824810804,0.024813896251401957
Hang Seng Stock Connect Greater Bay Area Composite Index,53,131,0.010251960300101845,0.0033481844691369833,0.0580115293029959,0.033497553238048594
Hang Seng Stock Connect Greater Bay Area Composite Index,54,131,-0.0036631177085433455,-0.0038960693135464686,0.054417947548119745,0.022712100636145927
Hang Seng Stock Connect Greater Bay Area Composite Index,55,131,0.002499477338992202,0.0,0.05946727973024181,0.019726803428480766
Hang Seng Stock Connect Greater Bay Area Composite Index,56,131,0.002732395781775863,-0.0008058202260108338,0.06360529535685532,0.0208333760189523
Hang Seng Stock Connect Greater Bay Area Composite Index,57,131,0.0035230503237953493,0.0031545710481331035,0.06738596727100907,0.0208333760189523
Hang Seng Stock Connect Greater Bay Area Composite Index,58,131,0.0004786648403327094,-0.001214978829124247,0.06787395710282525,0.01375356794412741
Hang Seng Stock Connect Greater Bay Area Composite Index,59,131,-0.0019196295207537966,-0.0037950808357501975,0.06405337442782778,0.0075853279313489175
Hang Seng Stock Connect Greater Bay Area Composite Index,60,131,0.003825001574776957,-0.0015037937952515623,0.06758304513960314,0.00409189011167399
Hang Seng TECH Index,-60,28,,,0.02465942671885361,0.011030858139166377
Hang Seng TECH Index,-59,28,-0.007070678181791611,-0.006912608446198509,0.018399855002075187,-0.011402326087292802
Hang Seng TECH Index,-58,28,0.00792234308154501,0.008986315056444538,0.02529530723713719,0.01882982323605431
Hang Seng TECH Index,-57,28,-0.017105104504900333,-0.013747811251097974,0.006500057673747585,-0.011549787088688979
Hang Seng TECH Index,-56,28,0.03444236355076542,0.0031249788072373885,0.03336811766665501,0.03921429243124075
Hang Seng TECH Index,-55,29,0.013878539627277852,0.014061817902329965,0.05554572901271357,0.04522329155466975
Hang Seng TECH Index,-54,29,-0.001022680780623581,-0.0005183953829707155,0.05452882003150944,0.03699277586024996
Hang Seng TECH Index,-53,30,0.01044775918785625,0.009081751157785645,0.05472021173323543,0.032129941820810415
Hang Seng TECH Index,-52,30,-0.0026457288809420515,-0.0026345758293412347,0.05231847428272498,0.035866134566442165
Hang Seng TECH Index,-51,30,0.006263850105290092,0.004511428434247122,0.057579641790588575,0.04778241956396756
Hang Seng TECH Index,-50,30,0.004696230209631484,0.006903165461503713,0.059883450941547046,0.013470850232831566
Hang Seng TECH Index,-49,30,0.004817193648341618,-0.002394608582479918,0.06522116584808595,0.05730909612510826
Hang Seng TECH Index,-48,30,0.0021398862999774597,0.0026361803751761004,0.0657817955983143,0.028870302007606985
Hang Seng TECH Index,-47,31,0.022074274718088607,0.01203801517109615,0.04846125093661139,0.07307443416409853
Hang Seng TECH Index,-46,32,1.1698246026104588,-0.003638513444113367,0.06853249935221369,0.07290487282196156
Hang Seng TECH Index,-45,33,-0.008409895628842042,-0.007458302844639331,0.0557763938218855,0.0868993596933696
Hang Seng TECH Index,-44,33,0.0005483489943847242,-0.004366828957883873,0.057517476631187656,0.08142495738070643
Hang Seng TECH Index,-43,33,0.00853127896643991,0.004880743953704636,0.06735568494217291,0.10243907401232222
Hang Seng TECH Index,-42,33,-0.003346154020747762,0.00643783393951014,0.06002689579206916,0.0902439520611027
Hang Seng TECH Index,-41,33,-0.0008619863711451632,-0.0018182234330610392,0.05514173492154638,0.060036385688295946
Hang Seng TECH Index,-40,33,-0.003847749461344124,-0.0014555680074606059,0.05160664560346549,0.050119340162081416
Hang Seng TECH Index,-39,33,-0.004575284884321953,-0.010018270245376049,0.04662246430030452,0.030927835051546282
Hang Seng TECH Index,-38,33,-0.007315689707568398,-0.008032120823258437,0.036355728653112714,0.022764252453315592
Hang Seng TECH Index,-37,33,-0.0008164953827487901,-0.003694581280788145,0.03497438577207677,0.03937946529826153
Hang Seng TECH Index,-36,33,0.009213737744399271,0.0007968005906062725,0.043144152199602645,0.04007755055300044
Hang Seng TECH Index,-35,33,0.0075087433093621175,0.0,0.04839907588503218,0.04057281001726731
Hang Seng TECH Index,-34,33,-0.008165609448870376,-0.007079639146523986,0.03896693500068755,0.04682038198793337
Hang Seng TECH Index,-33,33,-0.002547495048108893,0.0,0.036074151557091504,0.04072397832066721
Hang Seng TECH Index,-32,33,0.01091032181803019,0.006047312481723521,0.048317355622934384,0.04081628681073313
Hang Seng TECH Index,-31,33,-0.022316117034197475,-0.01960782480441492,0.021849706245716822,0.023851112560158594
Hang Seng TECH Index,-30,33,-0.012463403698944527,-0.001157433852368328,0.001966259683553482,0.018950384121517505
Hang Seng TECH Index,-29,33,-0.016065341080869756,-0.0012706165425778737,-0.016457061908672015,0.010204036947789152
Hang Seng TECH Index,-28,33,0.0016140286912276168,0.007130117807674585,-0.01279548146472924,-0.014888338032699733
Hang Seng TECH Index,-27,33,0.012230861963432031,0.007142838977632016,-0.0033887869574176456,-0.036443147978763135
Hang Seng TECH Index,-26,33,0.02416088831452029,0.017456378792413352,0.018719003314046925,-0.014492739601511984
Hang Seng TECH Index,-25,33,0.005965584071937739,-0.0015906680805938267,0.024033647267920802,-0.013126450498215148
Hang Seng TECH Index,-24,33,-0.0047377457515148085,-0.005298008058610915,0.017236925046651915,0.008746347173728575
Hang Seng TECH Index,-23,33,-0.011432261398500947,-0.013374497003039276,0.007233827310218198,-0.008353185425808207
Hang Seng TECH Index,-22,33,0.001873087927581603,0.001042776717697702,0.009176744278907521,-0.007288657399667997
Hang Seng TECH Index,-21,33,0.00829199655829213,0.003642103112102335,0.01770638480762393,-0.02096435969282806
Hang Seng TECH Index,-20,33,0.0006177998616977331,-0.004739336492891044,0.01906651340478266,-0.007883565797452974
Hang Seng TECH Index,-19,33,0.008803673104192196,0.008055310918144709,0.026662395566753438,0.002795205306944659
Hang Seng TECH Index,-18,33,0.005181760781111019,0.0,0.036067849083181724,-0.014285700661795464
Hang Seng TECH Index,-17,33,-0.003901576482936508,-0.006938447793437552,0.030251794400268144,-0.008571420397077256
Hang Seng TECH Index,-16,33,0.0008007765690426393,0.0,0.02211644229045612,-0.012857164655412978
Hang Seng TECH Index,-15,33,0.004426597075671252,-0.00845068273409988,0.023966321519825706,-0.008905813763757986
Hang Seng TECH Index,-14,33,-0.007986787560511844,-0.0009212203713473421,0.00971321946022049,0.0
Hang Seng TECH Index,-13,33,0.005639878515318092,0.004171007426129414,0.014830003360882664,-0.011352856980968329
Hang Seng TECH Index,-12,33,-0.004807639773764457,-0.003113600696567298,0.006842760620095394,-0.018575804591124068
Hang Seng TECH Index,-11,33,-0.011763674444832162,-0.009512476237520051,-0.005628275460473256,-0.024621198027367952
Hang Seng TECH Index,-10,33,-0.0012114874515281576,0.0,-0.010408877194023745,-0.020012128562765352
Hang Seng TECH Index,-9,33,0.005100514408956677,0.01400003433227548,-0.007741400558980844,-0.026076409945421486
Hang Seng TECH Index,-8,33,-0.0019529598811995526,-0.0030518548529022693,-0.012682675600098947,-0.021671791706659005
Hang Seng TECH Index,-7,33,0.01653359417387307,0.014000040690104187,0.0032172824530295936,-0.013574683413935307
Hang Seng TECH Index,-6,33,-0.007890501988641647,-0.005903210054136521,-0.006611217928527476,0.0
Hang Seng TECH Index,-5,33,-0.013698981554891587,0.0,-0.020790861683571495,-0.025310129219987765
Hang Seng TECH Index,-4,33,-0.0016566091865784119,0.003861043288813093,-0.023862969510893832,-0.02668445739072045
Hang Seng TECH Index,-3,33,0.014007318844228183,0.01446759259259256,-0.010500083305619622,-0.008695643760907257
Hang Seng TECH Index,-2,33,0.010690903064362453,0.013978931673804817,-0.0010776342362184782,0.003148025969162749
Hang Seng TECH Index,-1,33,0.015177018093547054,0.0013569349749886772,0.012862741752765855,0.012857164655412978
Hang Seng TECH Index,0,33,-0.011599679570650993,-0.012693956368257653,0.0,0.0
Hang Seng TECH Index,1,33,-0.0036750504752471173,-0.0006892219111575004,-0.0036750504752471173,-0.0006892219111575004
Hang Seng TECH Index,2,33,0.005777443275891328,0.0051369731031190025,0.0023880466436149664,0.0024390492012831277
Hang Seng TECH Index,3,33,0.0034470374385453494,-0.001658412692186917,0.005408135748133665,-0.007739938263315871
Hang Seng TECH Index,4,33,-0.003922303042357963,-0.0020876309236564916,0.0010022490254253593,0.0031806616393550424
Hang Seng TECH Index,5,33,0.005650438528876743,0.007246369925949514,0.006145732915063343,0.007728005000968041
Hang Seng TECH Index,6,33,-0.001429515366152101,-0.0019108474634255135,0.0050711406750128885,-0.011594191681209676
Hang Seng TECH Index,7,33,-0.011615974269358493,-0.01451615364320813,-0.007537234284726302,-0.026239111030974094
Hang Seng TECH Index,8,33,0.0006351687454546483,-0.0048485033439867875,-0.007757922518744685,-0.03000000544956749
Hang Seng TECH Index,9,33,0.002442576592970344,0.006521722544794439,-0.004172592433922042,-0.00477326507240694
Hang Seng TECH Index,10,33,0.005716900109695708,0.007968119669025553,0.0006502108500630514,0.0043731388319701026
Hang Seng TECH Index,11,33,-0.00825450668941586,-0.007407435664424145,-0.007042988839784596,-0.007241546339206373
Hang Seng TECH Index,12,33,-0.0020094536531026705,-0.0028819102772229543,-0.00969518285465446,-0.018547123562662082
Hang Seng TECH Index,13,33,0.00867777828457083,0.014128752622417196,-0.002332423320598845,-0.005107271800785518
Hang Seng TECH Index,14,33,0.020074263501750303,0.017344938021218947,0.01750324252054805,0.020408143405366452
Hang Seng TECH Index,15,33,0.0036700565098804097,0.0,0.022924694236541452,0.013278867716799425
Hang Seng TECH Index,16,33,0.0007792719425249206,0.0,0.026052621396888763,0.025773195538429716
Hang Seng TECH Index,17,33,-0.006854713203774119,-0.0023641202923744276,0.017001060286752644,0.021671850757701616
Hang Seng TECH Index,18,33,-0.01678600143663108,-0.0027700409514637148,-8.402691114252978e-05,0.01374569117823743
Hang Seng TECH Index,19,33,0.009288924152287967,-0.0034404456108726444,0.009701919170766671,-0.003831414124593202
Hang Seng TECH Index,20,33,-0.028846766002476237,-0.009444444444444478,-0.019341433658584487,0.0014576897740605776
Hang Seng TECH Index,21,33,0.007638006412757651,-0.005633824308153623,-0.015415174005256025,0.0
Hang Seng TECH Index,22,33,-0.003497979001925577,0.0,-0.020446956216633394,0.0023095217224107234
Hang Seng TECH Index,23,33,0.003003316175038556,0.005626985045466881,-0.018465775780853726,0.011547344314317032
Hang Seng TECH Index,24,33,0.01374319340126617,0.005020907733230828,-0.007174370300448587,0.007246335247339308
Hang Seng TECH Index,25,33,0.0025832121710935045,0.0,-0.0045091179168914855,0.017391287521814514
Hang Seng TECH Index,26,33,-0.0009746295007526259,0.0,-0.00591321874235175,0.0030165883229702484
Hang Seng TECH Index,27,33,0.0028011619829259207,0.0040000406901041785,-0.0014877849950503423,0.007159840706802312
Hang Seng TECH Index,28,33,0.0025442995565809184,-0.0007746405792997679,0.0005689306129653008,0.0019305461801615298
Hang Seng TECH Index,29,33,0.0033221462799803507,0.0036496315432303916,0.006176607393071098,0.02625301480004638
Hang Seng TECH Index,30,33,0.0029560851487591133,-0.001662903564957352,0.006922249209823562,0.025856022295105197
Hang Seng TECH Index,31,33,0.0142178564612001,0.0027247540066013265,0.023607460225855248,0.026819990220270373
Hang Seng TECH Index,32,33,-0.007531342366902961,-0.006718993090827352,0.015301022479641383,0.022988576095677393
Hang Seng TECH Index,33,33,-0.013145428295016704,-0.004509514207962972,0.0012878741172172262,-0.015151500920837613
Hang Seng TECH Index,34,33,-0.0032264656991473914,-0.005177492337593459,-0.0013376840392472643,-0.0015479640322461075
Hang Seng TECH Index,35,33,-0.015339341682682268,-0.011363636363636354,-0.016266182741604136,0.007662919597304585
Hang Seng TECH Index,36,33,0.003922106750034467,0.0,-0.015304495113221883,0.013574700355154068
Hang Seng TECH Index,37,33,-0.0038761913463733325,-0.00532385528277024,-0.02196299719130501,-0.02298848474755899
Hang Seng TECH Index,38,33,-0.005547060602284412,-0.004324320200327247,-0.025966454304410785,-0.01702784055887796
Hang Seng TECH Index,39,33,0.017360730869586352,0.011757789113675088,-0.005058343481903677,-0.013931853443343023
Hang Seng TECH Index,40,33,-0.0008706065130996967,-0.004819295492516917,-0.003057010999576058,-0.031884096230160086
Hang Seng TECH Index,41,33,0.004130500798109538,0.005422153369480931,0.00255506058297521,-0.034482727121338486
Hang Seng TECH Index,42,33,-0.0017654700782326657,-0.0014588781774396153,0.0009556817975241405,-0.03141357817462265
Hang Seng TECH Index,43,33,0.01874046607357359,0.011347506601658175,0.024575780119490995,-0.0032520449258447437
Hang Seng TECH Index,44,33,0.015726338399139124,-0.008250825290260111,0.05951638099738004,-0.02357724817787732
Hang Seng TECH Index,45,33,0.013618076435336112,0.0014858472535419498,0.07042339354806798,-0.00928790229556209
Hang Seng TECH Index,46,33,0.006326607746011385,0.0030722670095948423,0.08587820692934281,0.0015479640322462185
Hang Seng TECH Index,47,33,0.004927451140379338,-0.0028708426005532584,0.10268649636169039,-0.011382126226657796
Hang Seng TECH Index,48,33,0.015297939181177743,-0.005284010692994334,0.1610313799746551,-0.003095928064492215
Hang Seng TECH Index,49,33,0.010973659633595251,0.002020248336801478,0.18821323374440518,0.004524867240148556
Hang Seng TECH Index,50,33,0.010050539988868606,-0.0006644923821635951,0.198166118868946,-0.02829267920517342
Hang Seng TECH Index,51,33,-0.009274395190622947,-0.011857696335581758,0.16452654001013758,-0.02096435969282806
Hang Seng TECH Index,52,33,-0.0016012259319530828,-0.010695227528323081,0.145976344905983,-0.03707318189667497
Hang Seng TECH Index,53,33,-0.0035839019326143412,-0.004518032164821384,0.1507360301230837,-0.0420289793978017
Hang Seng TECH Index,54,33,-0.0029071888226623204,-0.004166629689710155,0.14046076362855228,-0.05362317107901127
Hang Seng TECH Index,55,33,0.002260279470980377,0.0011286940484585006,0.14217696746482147,-0.033333335636894446
Hang Seng TECH Index,56,33,-0.006028985944427394,-0.009831417970412204,0.13891758574515434,-0.056521718999313686
Hang Seng TECH Index,57,33,0.0016386622466835535,0.00461541689359235,0.13079197593493705,-0.06130262599349068
Hang Seng TECH Index,58,33,-0.011605724327830988,-0.0046583930646749705,0.09150265149718192,-0.06130262599349068
Hang Seng TECH Index,59,33,0.0035233971074254645,0.0011641709783698495,0.10510291828681724,-0.05946992326910139
Hang Seng TECH Index,60,33,-0.016142393591839596,-0.014198721645630075,0.08176723687416915,-0.09130436314977619
