date,index,change_type,ticker,ticker_normalized,company,source_row_id,change_type_raw,index_raw,index_normalization_status,symbol_rank_within_row,is_primary_symbol,symbol_token_raw,ticker_yf_normalized,ticker_parse_status,ticker_yf,y_enter_stock_connect,asof_date,fundamentals_available,revenue_ttm_asof,net_income_ttm_asof,ocf_ttm_asof,roe_asof,roa_asof,rev_ttm_qoq_trend,ni_ttm_qoq_trend,ocf_ttm_qoq_trend,fundamental_staleness_days
2016-03-14,Hang Seng China 50 Index,Inclusion,1776 / 000776,1776.HK / 000776.SZ,"GF Securities Co., Ltd.",4,Inclusion,Hang Seng China 50 Index,unchanged,2,0,000776.SZ,000776.SZ,parse_ok,000776.SZ,1,2015-12-15,0,,,,,,,,,
2016-03-14,Hang Seng Composite LargeCap & MidCap Index,Inclusion,10,0010.HK,Hang Lung Group Ltd.,12,Inclusion,Hang Seng Composite LargeCap & MidCap Index,unchanged,1,1,0010.HK,0010.HK,parse_ok,0010.HK,1,2015-12-15,0,,,,,,,,,
2016-03-14,Hang Seng China 50 Index,Exclusion,1211 / 002594,1211.HK / 002594.SZ,BYD Co. Ltd.,0,Exclusion,Hang Seng China 50 Index,unchanged,2,0,002594.SZ,002594.SZ,parse_ok,002594.SZ,0,2015-12-15,0,,,,,,,,,
2016-03-14,Hang Seng Composite LargeCap & MidCap Index,Exclusion,54,0054.HK,Hopewell Holdings Ltd.,7,Exclusion,Hang Seng Composite LargeCap & MidCap Index,unchanged,1,1,0054.HK,0054.HK,parse_ok,0054.HK,0,2015-12-15,0,,,,,,,,,
2016-03-14,Hang Seng Composite LargeCap & MidCap Index,Inclusion,109,0109.HK,Good Resources Holdings Ltd.,13,Inclusion,Hang Seng Composite LargeCap & MidCap Index,unchanged,1,1,0109.HK,0109.HK,parse_ok,0109.HK,1,2015-12-15,0,,,,,,,,,
2016-03-14,Hang Seng Composite LargeCap & MidCap Index,Inclusion,136,0136.HK,HengTen Networks Group Ltd.,14,Inclusion,Hang Seng Composite LargeCap & MidCap Index,unchanged,1,1,0136.HK,0136.HK,parse_ok,0136.HK,1,2015-12-15,0,,,,,,,,,
2016-03-14,Hang Seng Index,Exclusion,291,0291.HK,China Resources Beer,36,Exclusion,Hang Seng Index,unchanged,1,1,0291.HK,0291.HK,parse_ok,0291.HK,0,2015-12-15,0,,,,,,,,,
2016-03-14,Hang Seng China AH Index Series,Inclusion,317 / 600685,0317.HK / 600685.SH,CSSC Offshore & Marine Engineering (Group) Co.,6,Inclusion,Hang Seng China AH Index Series,unchanged,1,1,0317.HK,0317.HK,parse_ok,0317.HK,1,2015-12-15,0,,,,,,,,,
2016-03-14,Hang Seng Composite LargeCap & MidCap Index,Inclusion,400,0400.HK,Cogobuy Group,15,Inclusion,Hang Seng Composite LargeCap & MidCap Index,unchanged,1,1,0400.HK,0400.HK,parse_ok,0400.HK,1,2015-12-15,0,,,,,,,,,
2016-03-14,Hang Seng Composite LargeCap & MidCap Index,Inclusion,405,0405.HK,Yuexiu Real Estate Investment Trust,16,Inclusion,Hang Seng Composite LargeCap & MidCap Index,unchanged,1,1,0405.HK,0405.HK,parse_ok,0405.HK,1,2015-12-15,0,,,,,,,,,
2016-03-14,Hang Seng Composite LargeCap & MidCap Index,Inclusion,607,0607.HK,Fullshare Holdings Ltd.,17,Inclusion,Hang Seng Composite LargeCap & MidCap Index,unchanged,1,1,0607.HK,0607.HK,parse_ok,0607.HK,1,2015-12-15,0,,,,,,,,,
2016-03-14,Hang Seng Composite LargeCap & MidCap Index,Inclusion,715,0715.HK,China Oceanwide Holdings Ltd.,18,Inclusion,Hang Seng Composite LargeCap & MidCap Index,unchanged,1,1,0715.HK,0715.HK,parse_ok,0715.HK,1,2015-12-15,0,,,,,,,,,
2016-03-14,Hang Seng Composite LargeCap & MidCap Index,Exclusion,829,0829.HK,Shenguan Holdings (Group) Ltd.,8,Exclusion,Hang Seng Composite LargeCap & MidCap Index,unchanged,1,1,0829.HK,0829.HK,parse_ok,0829.HK,0,2015-12-15,0,,,,,,,,,
2016-03-14,Hang Seng Composite LargeCap & MidCap Index,Inclusion,911,0911.HK,Hang Fat Ginseng Holdings Co. Ltd.,19,Inclusion,Hang Seng Composite LargeCap & MidCap Index,unchanged,1,1,0911.HK,0911.HK,parse_ok,0911.HK,1,2015-12-15,0,,,,,,,,,
2016-03-14,Hang Seng Composite LargeCap & MidCap Index,Inclusion,958,0958.HK,Huaneng Renewables Corporation Ltd. - H Shares,20,Inclusion,Hang Seng Composite LargeCap & MidCap Index,unchanged,1,1,0958.HK,0958.HK,parse_ok,0958.HK,1,2015-12-15,0,,,,,,,,,
2016-03-14,Hang Seng Index,Inclusion,1038,1038.HK,Cheung Kong Infrastructure,37,Inclusion,Hang Seng Index,unchanged,1,1,1038.HK,1038.HK,parse_ok,1038.HK,1,2015-12-15,0,,,,,,,,,
2016-03-14,Hang Seng Composite LargeCap & MidCap Index,Inclusion,1071,1071.HK,Huadian Power International Corporation Ltd. - H Shares,21,Inclusion,Hang Seng Composite LargeCap & MidCap Index,unchanged,1,1,1071.HK,1071.HK,parse_ok,1071.HK,1,2015-12-15,0,,,,,,,,,
2016-03-14,Hang Seng Composite LargeCap & MidCap Index,Exclusion,1157,1157.HK,"Zoomlion Heavy Industry Science and Technology Co., Ltd-H Sh",9,Exclusion,Hang Seng Composite LargeCap & MidCap Index,unchanged,1,1,1157.HK,1157.HK,parse_ok,1157.HK,0,2015-12-15,0,,,,,,,,,
2016-03-14,Hang Seng China 50 Index,Inclusion,1186 / 601186,1186.HK / 601186.SH,China Railway Construction Corporation Ltd.,3,Inclusion,Hang Seng China 50 Index,unchanged,1,1,1186.HK,1186.HK,parse_ok,1186.HK,1,2015-12-15,0,,,,,,,,,
2016-03-14,Hang Seng China 50 Index,Exclusion,1211 / 002594,1211.HK / 002594.SZ,BYD Co. Ltd.,0,Exclusion,Hang Seng China 50 Index,unchanged,1,1,1211.HK,1211.HK,parse_ok,1211.HK,0,2015-12-15,0,,,,,,,,,
2016-03-14,Hang Seng Composite LargeCap & MidCap Index,Inclusion,1282,1282.HK,China Goldjoy Group Ltd.,22,Inclusion,Hang Seng Composite LargeCap & MidCap Index,unchanged,1,1,1282.HK,1282.HK,parse_ok,1282.HK,1,2015-12-15,0,,,,,,,,,
2016-03-14,Hang Seng Composite LargeCap & MidCap Index,Inclusion,1308,1308.HK,SITC International Holdings Co. Ltd.,23,Inclusion,Hang Seng Composite LargeCap & MidCap Index,unchanged,1,1,1308.HK,1308.HK,parse_ok,1308.HK,1,2015-12-15,0,,,,,,,,,
2016-03-14,Hang Seng China 50 Index,Exclusion,1359,1359.HK,"China Cinda Asset Management Co., Ltd.",1,Exclusion,Hang Seng China 50 Index,unchanged,1,1,1359.HK,1359.HK,parse_ok,1359.HK,0,2015-12-15,0,,,,,,,,,
2016-03-14,Hang Seng Composite LargeCap & MidCap Index,Inclusion,1363,1363.HK,CT Environmental Group Ltd.,24,Inclusion,Hang Seng Composite LargeCap & MidCap Index,unchanged,1,1,1363.HK,1363.HK,parse_ok,1363.HK,1,2015-12-15,0,,,,,,,,,
2016-03-14,Hang Seng Composite LargeCap & MidCap Index,Inclusion,1432,1432.HK,China Shengmu Organic Milk Ltd.,25,Inclusion,Hang Seng Composite LargeCap & MidCap Index,unchanged,1,1,1432.HK,1432.HK,parse_ok,1432.HK,1,2015-12-15,0,,,,,,,,,
2016-03-14,Hang Seng Composite LargeCap & MidCap Index,Inclusion,1508,1508.HK,China Reinsurance (Group) Corporation - H Shares,26,Inclusion,Hang Seng Composite LargeCap & MidCap Index,unchanged,1,1,1508.HK,1508.HK,parse_ok,1508.HK,1,2015-12-15,0,,,,,,,,,
2016-03-14,Hang Seng Composite LargeCap & MidCap Index,Exclusion,1528,1528.HK,Red Star Macalline Group Corporation Ltd. - H Shares,10,Exclusion,Hang Seng Composite LargeCap & MidCap Index,unchanged,1,1,1528.HK,1528.HK,parse_ok,1528.HK,0,2015-12-15,0,,,,,,,,,
2016-03-14,Hang Seng China 50 Index,Inclusion,1776 / 000776,1776.HK / 000776.SZ,"GF Securities Co., Ltd.",4,Inclusion,Hang Seng China 50 Index,unchanged,1,1,1776.HK,1776.HK,parse_ok,1776.HK,1,2015-12-15,0,,,,,,,,,
2016-03-14,Hang Seng Composite LargeCap & MidCap Index,Inclusion,1970,1970.HK,"IMAX China Holding, Inc.",27,Inclusion,Hang Seng Composite LargeCap & MidCap Index,unchanged,1,1,1970.HK,1970.HK,parse_ok,1970.HK,1,2015-12-15,0,,,,,,,,,
2016-03-14,Hang Seng Composite LargeCap & MidCap Index,Inclusion,2066,2066.HK,"Shengjing Bank Co., Ltd. - H Shares",28,Inclusion,Hang Seng Composite LargeCap & MidCap Index,unchanged,1,1,2066.HK,2066.HK,parse_ok,2066.HK,1,2015-12-15,0,,,,,,,,,
2016-03-14,Hang Seng Composite LargeCap & MidCap Index,Inclusion,2098,2098.HK,Zall Development Group Ltd.,29,Inclusion,Hang Seng Composite LargeCap & MidCap Index,unchanged,1,1,2098.HK,2098.HK,parse_ok,2098.HK,1,2015-12-15,0,,,,,,,,,
2016-03-14,Hang Seng Composite LargeCap & MidCap Index,Inclusion,2298,2298.HK,Cosmo Lady (China) Holdings Co. Ltd.,30,Inclusion,Hang Seng Composite LargeCap & MidCap Index,unchanged,1,1,2298.HK,2298.HK,parse_ok,2298.HK,1,2015-12-15,0,,,,,,,,,
2016-03-14,Hang Seng China 50 Index,Exclusion,2333 / 601633,2333.HK / 601633.SH,Great Wall Motor Co. Ltd.,2,Exclusion,Hang Seng China 50 Index,unchanged,1,1,2333.HK,2333.HK,parse_ok,2333.HK,0,2015-12-15,0,,,,,,,,,
2016-03-14,Hang Seng Composite LargeCap & MidCap Index,Inclusion,3698,3698.HK,Huishang Bank Corporation Ltd. - H shares,31,Inclusion,Hang Seng Composite LargeCap & MidCap Index,unchanged,1,1,3698.HK,3698.HK,parse_ok,3698.HK,1,2015-12-15,0,,,,,,,,,
2016-03-14,Hang Seng Composite LargeCap & MidCap Index,Inclusion,3823,3823.HK,Tech Pro Technology Development Ltd.,32,Inclusion,Hang Seng Composite LargeCap & MidCap Index,unchanged,1,1,3823.HK,3823.HK,parse_ok,3823.HK,1,2015-12-15,0,,,,,,,,,
2016-03-14,Hang Seng Composite LargeCap & MidCap Index,Inclusion,3886,3886.HK,Town Health International Medical Group Ltd.,33,Inclusion,Hang Seng Composite LargeCap & MidCap Index,unchanged,1,1,3886.HK,3886.HK,parse_ok,3886.HK,1,2015-12-15,0,,,,,,,,,
2016-03-14,Hang Seng Composite LargeCap & MidCap Index,Inclusion,3908,3908.HK,China International Capital Corporation Ltd. - H Shares,34,Inclusion,Hang Seng Composite LargeCap & MidCap Index,unchanged,1,1,3908.HK,3908.HK,parse_ok,3908.HK,1,2015-12-15,0,,,,,,,,,
2016-03-14,Hang Seng Composite LargeCap & MidCap Index,Inclusion,3996,3996.HK,China Energy Engineering Corporation Ltd. - H Shares,35,Inclusion,Hang Seng Composite LargeCap & MidCap Index,unchanged,1,1,3996.HK,3996.HK,parse_ok,3996.HK,1,2015-12-15,0,,,,,,,,,
2016-03-14,Hang Seng China AH Index Series,Inclusion,317 / 600685,0317.HK / 600685.SH,CSSC Offshore & Marine Engineering (Group) Co.,6,Inclusion,Hang Seng China AH Index Series,unchanged,2,0,600685.SH,600685.SS,parse_ok,600685.SS,1,2015-12-15,0,,,,,,,,,
2016-03-14,Hang Seng China 50 Index,Inclusion,1186 / 601186,1186.HK / 601186.SH,China Railway Construction Corporation Ltd.,3,Inclusion,Hang Seng China 50 Index,unchanged,2,0,601186.SH,601186.SS,parse_ok,601186.SS,1,2015-12-15,0,,,,,,,,,
2016-03-14,Hang Seng China 50 Index,Inclusion,601211,601211.SH,Guotai Junan Securities Co. Ltd.,5,Inclusion,Hang Seng China 50 Index,unchanged,1,1,601211.SH,601211.SS,parse_ok,601211.SS,1,2015-12-15,0,,,,,,,,,
2016-03-14,Hang Seng China 50 Index,Exclusion,2333 / 601633,2333.HK / 601633.SH,Great Wall Motor Co. Ltd.,2,Exclusion,Hang Seng China 50 Index,unchanged,2,0,601633.SH,601633.SS,parse_ok,601633.SS,0,2015-12-15,0,,,,,,,,,
2016-06-06,Hang Seng Composite LargeCap & MidCap Index,Inclusion,1578,1578.HK,"Bank of Tianjin Co., Ltd. – H Shares MidCap Financials",38,Inclusion,Hang Seng Composite LargeCap & MidCap Index,unchanged,1,1,1578.HK,1578.HK,parse_ok,1578.HK,1,2016-03-08,0,,,,,,,,,
2016-06-06,Hang Seng Composite LargeCap & MidCap Index,Inclusion,2016,2016.HK,"China Zheshang Bank Co., Ltd. – H Shares MidCap Financials",39,Inclusion,Hang Seng Composite LargeCap & MidCap Index,unchanged,1,1,2016.HK,2016.HK,parse_ok,2016.HK,1,2016-03-08,0,,,,,,,,,
2016-09-05,Hang Seng China A Top 100 Index,Exclusion,000157,000157.SZ,"Zoomlion Heavy Industry Science and Technology Co., Ltd.",53,Exclusion,Hang Seng China A Top 100 Index,unchanged,1,1,000157.SZ,000157.SZ,parse_ok,000157.SZ,0,2016-06-07,0,,,,,,,,,
2016-09-05,Hang Seng China A Industry Top Index,Exclusion,000839,000839.SZ,"CITIC Guoan Information Industry Co.,Ltd",42,Exclusion,Hang Seng China A Industry Top Index,unchanged,1,1,000839.SZ,000839.SZ,parse_ok,000839.SZ,0,2016-06-07,0,,,,,,,,,
2016-09-05,Hang Seng China A Top 100 Index,Inclusion,001979,001979.SZ,"China Merchants Shekou Industrial Zone Holdings Co.,Ltd",59,Inclusion,Hang Seng China A Top 100 Index,unchanged,1,1,001979.SZ,001979.SZ,parse_ok,001979.SZ,1,2016-06-07,0,,,,,,,,,
2016-09-05,Hang Seng China A Industry Top Index,Exclusion,002241,002241.SZ,Goertek Inc.,43,Exclusion,Hang Seng China A Industry Top Index,unchanged,1,1,002241.SZ,002241.SZ,parse_ok,002241.SZ,0,2016-06-07,0,,,,,,,,,
2016-09-05,Hang Seng Composite LargeCap & MidCap Index,Exclusion,81,0081.HK,China Overseas Grand Oceans Group Ltd.,67,Exclusion,Hang Seng Composite LargeCap & MidCap Index,unchanged,1,1,0081.HK,0081.HK,parse_ok,0081.HK,0,2016-06-07,0,,,,,,,,,
2016-09-05,Hang Seng Composite LargeCap & MidCap Index,Exclusion,207,0207.HK,Joy City Property Ltd.,68,Exclusion,Hang Seng Composite LargeCap & MidCap Index,unchanged,1,1,0207.HK,0207.HK,parse_ok,0207.HK,0,2016-06-07,0,,,,,,,,,
2016-09-05,Hang Seng Composite LargeCap & MidCap Index,Inclusion,245,0245.HK,China Minsheng Financial Holding Corporation Ltd.,77,Inclusion,Hang Seng Composite LargeCap & MidCap Index,unchanged,1,1,0245.HK,0245.HK,parse_ok,0245.HK,1,2016-06-07,0,,,,,,,,,
2016-09-05,Hang Seng Composite LargeCap & MidCap Index,Exclusion,283,0283.HK,Goldin Properties Holdings Ltd.,69,Exclusion,Hang Seng Composite LargeCap & MidCap Index,unchanged,1,1,0283.HK,0283.HK,parse_ok,0283.HK,0,2016-06-07,0,,,,,,,,,
2016-09-05,Hang Seng Index,Exclusion,322,0322.HK,Tingyi (Cayman Islands),90,Exclusion,Hang Seng Index,unchanged,1,1,0322.HK,0322.HK,parse_ok,0322.HK,0,2016-06-07,0,,,,,,,,,
2016-09-05,Hang Seng Composite LargeCap & MidCap Index,Inclusion,338,0338.HK,Sinopec Shanghai Petrochemical Co. Ltd. - H Shares,78,Inclusion,Hang Seng Composite LargeCap & MidCap Index,unchanged,1,1,0338.HK,0338.HK,parse_ok,0338.HK,1,2016-06-07,0,,,,,,,,,
2016-09-05,Hang Seng Composite LargeCap & MidCap Index,Inclusion,345,0345.HK,Vitasoy International Holdings Ltd.,79,Inclusion,Hang Seng Composite LargeCap & MidCap Index,unchanged,1,1,0345.HK,0345.HK,parse_ok,0345.HK,1,2016-06-07,0,,,,,,,,,
2016-09-05,Hang Seng Composite LargeCap & MidCap Index,Inclusion,412,0412.HK,China Innovative Finance Group Ltd.,80,Inclusion,Hang Seng Composite LargeCap & MidCap Index,unchanged,1,1,0412.HK,0412.HK,parse_ok,0412.HK,1,2016-06-07,0,,,,,,,,,
2016-09-05,Hang Seng Composite LargeCap & MidCap Index,Inclusion,460,0460.HK,Sihuan Pharmaceutical Holdings Group Ltd.,81,Inclusion,Hang Seng Composite LargeCap & MidCap Index,unchanged,1,1,0460.HK,0460.HK,parse_ok,0460.HK,1,2016-06-07,0,,,,,,,,,
2016-09-05,Hang Seng Composite LargeCap & MidCap Index,Exclusion,530,0530.HK,Goldin Financial Holdings Ltd.,70,Exclusion,Hang Seng Composite LargeCap & MidCap Index,unchanged,1,1,0530.HK,0530.HK,parse_ok,0530.HK,0,2016-06-07,0,,,,,,,,,
2016-09-05,Hang Seng Composite LargeCap & MidCap Index,Exclusion,639,0639.HK,Shougang Fushan Resources Group Ltd.,71,Exclusion,Hang Seng Composite LargeCap & MidCap Index,unchanged,1,1,0639.HK,0639.HK,parse_ok,0639.HK,0,2016-06-07,0,,,,,,,,,
2016-09-05,Hang Seng Composite LargeCap & MidCap Index,Inclusion,680,0680.HK,Nan Hai Corporation Ltd.,82,Inclusion,Hang Seng Composite LargeCap & MidCap Index,unchanged,1,1,0680.HK,0680.HK,parse_ok,0680.HK,1,2016-06-07,0,,,,,,,,,
2016-09-05,Hang Seng Composite LargeCap & MidCap Index,Inclusion,696,0696.HK,TravelSky Technology Ltd. - H Shares,83,Inclusion,Hang Seng Composite LargeCap & MidCap Index,unchanged,1,1,0696.HK,0696.HK,parse_ok,0696.HK,1,2016-06-07,0,,,,,,,,,
2016-09-05,Hang Seng Composite LargeCap & MidCap Index,Exclusion,754,0754.HK,Hopson Development Holdings Ltd.,72,Exclusion,Hang Seng Composite LargeCap & MidCap Index,unchanged,1,1,0754.HK,0754.HK,parse_ok,0754.HK,0,2016-06-07,0,,,,,,,,,
2016-09-05,Hang Seng Composite LargeCap & MidCap Index,Inclusion,884,0884.HK,CIFI Holdings (Group) Co. Ltd.,84,Inclusion,Hang Seng Composite LargeCap & MidCap Index,unchanged,1,1,0884.HK,0884.HK,parse_ok,0884.HK,1,2016-06-07,0,,,,,,,,,
2016-09-05,Hang Seng Composite LargeCap & MidCap Index,Exclusion,1076,1076.HK,Imperial Pacific International Holdings Ltd.,73,Exclusion,Hang Seng Composite LargeCap & MidCap Index,unchanged,1,1,1076.HK,1076.HK,parse_ok,1076.HK,0,2016-06-07,0,,,,,,,,,
2016-09-05,Hang Seng Composite LargeCap & MidCap Index,Exclusion,1111,1111.HK,Chong Hing Bank Ltd.,74,Exclusion,Hang Seng Composite LargeCap & MidCap Index,unchanged,1,1,1111.HK,1111.HK,parse_ok,1111.HK,0,2016-06-07,0,,,,,,,,,
2016-09-05,Hang Seng Composite LargeCap & MidCap Index,Exclusion,1165,1165.HK,Shunfeng International Clean Energy Ltd.,75,Exclusion,Hang Seng Composite LargeCap & MidCap Index,unchanged,1,1,1165.HK,1165.HK,parse_ok,1165.HK,0,2016-06-07,0,,,,,,,,,
2016-09-05,Hang Seng Composite LargeCap & MidCap Index,Exclusion,1212,1212.HK,Lifestyle International Holdings Ltd.,76,Exclusion,Hang Seng Composite LargeCap & MidCap Index,unchanged,1,1,1212.HK,1212.HK,parse_ok,1212.HK,0,2016-06-07,0,,,,,,,,,
2016-09-05,Hang Seng Composite LargeCap & MidCap Index,Inclusion,1958,1958.HK,BAIC Motor Corporation Ltd. - H Shares,85,Inclusion,Hang Seng Composite LargeCap & MidCap Index,unchanged,1,1,1958.HK,1958.HK,parse_ok,1958.HK,1,2016-06-07,0,,,,,,,,,
2016-09-05,Hang Seng Index,Inclusion,2018,2018.HK,AAC Technologies Holdings,91,Inclusion,Hang Seng Index,unchanged,1,1,2018.HK,2018.HK,parse_ok,2018.HK,1,2016-06-07,0,,,,,,,,,
2016-09-05,Hang Seng Composite LargeCap & MidCap Index,Inclusion,2199,2199.HK,Regina Miracle International (Holdings) Ltd.,86,Inclusion,Hang Seng Composite LargeCap & MidCap Index,unchanged,1,1,2199.HK,2199.HK,parse_ok,2199.HK,1,2016-06-07,0,,,,,,,,,
2016-09-05,Hang Seng Composite LargeCap & MidCap Index,Inclusion,2326,2326.HK,BEP International Holdings Ltd.,87,Inclusion,Hang Seng Composite LargeCap & MidCap Index,unchanged,1,1,2326.HK,2326.HK,parse_ok,2326.HK,1,2016-06-07,0,,,,,,,,,
2016-09-05,Hang Seng Composite LargeCap & MidCap Index,Inclusion,2588,2588.HK,BOC Aviation Ltd.,88,Inclusion,Hang Seng Composite LargeCap & MidCap Index,unchanged,1,1,2588.HK,2588.HK,parse_ok,2588.HK,1,2016-06-07,0,,,,,,,,,
2016-09-05,Hang Seng Composite LargeCap & MidCap Index,Inclusion,2888,2888.HK,Standard Chartered PLC,89,Inclusion,Hang Seng Composite LargeCap & MidCap Index,unchanged,1,1,2888.HK,2888.HK,parse_ok,2888.HK,1,2016-06-07,0,,,,,,,,,
2016-09-05,Hang Seng China Enterprises Index,Exclusion,3323,3323.HK,China National Building Material Co. Ltd. - H Shares,65,Exclusion,Hang Seng China Enterprises Index,unchanged,1,1,3323.HK,3323.HK,parse_ok,3323.HK,0,2016-06-07,0,,,,,,,,,
2016-09-05,Hang Seng China Enterprises Index,Inclusion,3898,3898.HK,"Zhuzhou CRRC Times Electric Co., Ltd. - H Shares",66,Inclusion,Hang Seng China Enterprises Index,unchanged,1,1,3898.HK,3898.HK,parse_ok,3898.HK,1,2016-06-07,0,,,,,,,,,
2016-09-05,Hang Seng China A Industry Top Index,Inclusion,600027,600027.SH,Huadian Power International Corporation Limited,45,Inclusion,Hang Seng China A Industry Top Index,unchanged,1,1,600027.SH,600027.SS,parse_ok,600027.SS,1,2016-06-07,0,,,,,,,,,
2016-09-05,Hang Seng China A Top 100 Index,Exclusion,600031,600031.SH,"Sany Heavy Industry Co.,Ltd.",54,Exclusion,Hang Seng China A Top 100 Index,unchanged,1,1,600031.SH,600031.SS,parse_ok,600031.SS,0,2016-06-07,0,,,,,,,,,
2016-09-05,Hang Seng China A Industry Top Index,Exclusion,600111,600111.SH,"China Northern Rare Earth (Group) High-Tech Co.,Ltd",44,Exclusion,Hang Seng China A Industry Top Index,unchanged,1,1,600111.SH,600111.SS,parse_ok,600111.SS,0,2016-06-07,0,,,,,,,,,
2016-09-05,Hang Seng China A Industry Top Index,Inclusion,600271,600271.SH,Aisino Corporation,46,Inclusion,Hang Seng China A Industry Top Index,unchanged,1,1,600271.SH,600271.SS,parse_ok,600271.SS,1,2016-06-07,0,,,,,,,,,
2016-09-05,Hang Seng China 50 Index,Inclusion,600606,600606.SH,Greenland Holdings Corporation Limited,41,Inclusion,Hang Seng China 50 Index,unchanged,1,1,600606.SH,600606.SS,parse_ok,600606.SS,1,2016-06-07,0,,,,,,,,,
2016-09-05,Hang Seng China A Top 100 Index,Inclusion,600606,600606.SH,Greenland Holdings Corporation Limited,60,Inclusion,Hang Seng China A Top 100 Index,unchanged,1,1,600606.SH,600606.SS,parse_ok,600606.SS,1,2016-06-07,0,,,,,,,,,
2016-09-05,Hang Seng China A Industry Top Index,Inclusion,600688,600688.SH,Sinopec Shanghai Petrochemical Company Limited,47,Inclusion,Hang Seng China A Industry Top Index,unchanged,1,1,600688.SH,600688.SS,parse_ok,600688.SS,1,2016-06-07,0,,,,,,,,,
2016-09-05,Hang Seng China A Industry Top Index,Inclusion,600704,600704.SH,"Materials Industry Zhongda Group Co., Ltd.",48,Inclusion,Hang Seng China A Industry Top Index,unchanged,1,1,600704.SH,600704.SS,parse_ok,600704.SS,1,2016-06-07,0,,,,,,,,,
2016-09-05,Hang Seng China A Top 100 Index,Exclusion,600875,600875.SH,Dongfang Electric Corporation Limited,55,Exclusion,Hang Seng China A Top 100 Index,unchanged,1,1,600875.SH,600875.SS,parse_ok,600875.SS,0,2016-06-07,0,,,,,,,,,
2016-09-05,Hang Seng China 50 Index,Exclusion,600958,600958.SH,Orient Securities Company Limited,40,Exclusion,Hang Seng China 50 Index,unchanged,1,1,600958.SH,600958.SS,parse_ok,600958.SS,0,2016-06-07,0,,,,,,,,,
2016-09-05,Hang Seng China A Top 100 Index,Inclusion,600958,600958.SH,Orient Securities Company Limited,61,Inclusion,Hang Seng China A Top 100 Index,unchanged,1,1,600958.SH,600958.SS,parse_ok,600958.SS,1,2016-06-07,0,,,,,,,,,
2016-09-05,Hang Seng China A Top 100 Index,Inclusion,601009,601009.SH,"Bank of Nanjing Co.,Ltd.",62,Inclusion,Hang Seng China A Top 100 Index,unchanged,1,1,601009.SH,601009.SS,parse_ok,601009.SS,1,2016-06-07,0,,,,,,,,,
2016-09-05,Hang Seng China A Industry Top Index,Inclusion,601018,601018.SH,Ningbo Port Company Limited,49,Inclusion,Hang Seng China A Industry Top Index,unchanged,1,1,601018.SH,601018.SS,parse_ok,601018.SS,1,2016-06-07,0,,,,,,,,,
2016-09-05,Hang Seng China A Top 100 Index,Inclusion,601018,601018.SH,Ningbo Port Company Limited,63,Inclusion,Hang Seng China A Top 100 Index,unchanged,1,1,601018.SH,601018.SS,parse_ok,601018.SS,1,2016-06-07,0,,,,,,,,,
2016-09-05,Hang Seng China A Industry Top Index,Inclusion,601186,601186.SH,China Railway Construction Corporation Limited,50,Inclusion,Hang Seng China A Industry Top Index,unchanged,1,1,601186.SH,601186.SS,parse_ok,601186.SS,1,2016-06-07,0,,,,,,,,,
2016-09-05,Hang Seng China A Top 100 Index,Inclusion,601211,601211.SH,"Guotai Junan Securities Co., Ltd.",64,Inclusion,Hang Seng China A Top 100 Index,unchanged,1,1,601211.SH,601211.SS,parse_ok,601211.SS,1,2016-06-07,0,,,,,,,,,
2016-09-05,Hang Seng China A Top 100 Index,Exclusion,601225,601225.SH,Shaanxi Coal Industry Company Limited,56,Exclusion,Hang Seng China A Top 100 Index,unchanged,1,1,601225.SH,601225.SS,parse_ok,601225.SS,0,2016-06-07,0,,,,,,,,,
2016-09-05,Hang Seng China A Industry Top Index,Inclusion,601318,601318.SH,"Ping An Insurance (Group) Company of China, Ltd.",51,Inclusion,Hang Seng China A Industry Top Index,unchanged,1,1,601318.SH,601318.SS,parse_ok,601318.SS,1,2016-06-07,0,,,,,,,,,
2016-09-05,Hang Seng China A Top 100 Index,Exclusion,601898,601898.SH,China Coal Energy Company Limited,57,Exclusion,Hang Seng China A Top 100 Index,unchanged,1,1,601898.SH,601898.SS,parse_ok,601898.SS,0,2016-06-07,0,,,,,,,,,
2016-09-05,Hang Seng China A Top 100 Index,Exclusion,601989,601989.SH,China Shipbuilding Industry Company Limited,58,Exclusion,Hang Seng China A Top 100 Index,unchanged,1,1,601989.SH,601989.SS,parse_ok,601989.SS,0,2016-06-07,0,,,,,,,,,
2016-09-05,Hang Seng China A Industry Top Index,Inclusion,603993,603993.SH,"China Molybdenum Co.,Ltd.",52,Inclusion,Hang Seng China A Industry Top Index,unchanged,1,1,603993.SH,603993.SS,parse_ok,603993.SS,1,2016-06-07,0,,,,,,,,,
2016-12-05,Hang Seng China Enterprises Index,Inclusion,1186,1186.HK,China Railway Construction Corporation Ltd. - H Shares,93,Inclusion,Hang Seng China Enterprises Index,unchanged,1,1,1186.HK,1186.HK,parse_ok,1186.HK,1,2016-09-06,0,,,,,,,,,
2016-12-05,Hang Seng China Enterprises Index,Exclusion,2883,2883.HK,China Oilfield Services Ltd. - H Shares,92,Exclusion,Hang Seng China Enterprises Index,unchanged,1,1,2883.HK,2883.HK,parse_ok,2883.HK,0,2016-09-06,0,,,,,,,,,
2017-03-06,Hang Seng China AH Index Series,Exclusion,2039 / 000039,2039.HK / 000039.SZ,"China Int'l Marine Containers (Group) Co., Ltd.",103,Exclusion,Hang Seng China AH Index Series,unchanged,2,0,000039.SZ,000039.SZ,parse_ok,000039.SZ,0,2016-12-06,0,,,,,,,,,
2017-03-06,Hang Seng China 50 Index,Inclusion,000333,000333.SZ,"Midea Group Co., Ltd.",97,Inclusion,Hang Seng China 50 Index,unchanged,1,1,000333.SZ,000333.SZ,parse_ok,000333.SZ,1,2016-12-06,0,,,,,,,,,
2017-03-06,Hang Seng Composite LargeCap & MidCap Index,Exclusion,86,0086.HK,Sun Hung Kai & Co. Ltd.,111,Exclusion,Hang Seng Composite LargeCap & MidCap Index,unchanged,1,1,0086.HK,0086.HK,parse_ok,0086.HK,0,2016-12-06,0,,,,,,,,,
2017-03-06,Hang Seng Composite LargeCap & MidCap Index,Exclusion,109,0109.HK,Good Resources Holdings Ltd.,112,Exclusion,Hang Seng Composite LargeCap & MidCap Index,unchanged,1,1,0109.HK,0109.HK,parse_ok,0109.HK,0,2016-12-06,0,,,,,,,,,
2017-03-06,Hang Seng Composite LargeCap & MidCap Index,Exclusion,136,0136.HK,HengTen Networks Group Ltd.,113,Exclusion,Hang Seng Composite LargeCap & MidCap Index,unchanged,1,1,0136.HK,0136.HK,parse_ok,0136.HK,0,2016-12-06,0,,,,,,,,,
2017-03-06,Hang Seng China AH Index Series,Exclusion,168 / 600600,0168.HK / 600600.SH,Tsingtao Brewery Co. Ltd.,100,Exclusion,Hang Seng China AH Index Series,unchanged,1,1,0168.HK,0168.HK,parse_ok,0168.HK,0,2016-12-06,0,,,,,,,,,
2017-03-06,Hang Seng China Enterprises Index,Exclusion,168,0168.HK,Tsingtao Brewery Co. Ltd. - H Shares,109,Exclusion,Hang Seng China Enterprises Index,unchanged,1,1,0168.HK,0168.HK,parse_ok,0168.HK,0,2016-12-06,0,,,,,,,,,
2017-03-06,Hang Seng Index,Inclusion,175,0175.HK,Geely Automobile Holdings Ltd.,131,Inclusion,Hang Seng Index,unchanged,1,1,0175.HK,0175.HK,parse_ok,0175.HK,1,2016-12-06,0,,,,,,,,,
2017-03-06,Hang Seng Composite LargeCap & MidCap Index,Exclusion,412,0412.HK,China Innovative Finance Group Ltd.,114,Exclusion,Hang Seng Composite LargeCap & MidCap Index,unchanged,1,1,0412.HK,0412.HK,parse_ok,0412.HK,0,2016-12-06,0,,,,,,,,,
2017-03-06,Hang Seng Index,Exclusion,494,0494.HK,Li & Fung Ltd.,130,Exclusion,Hang Seng Index,unchanged,1,1,0494.HK,0494.HK,parse_ok,0494.HK,0,2016-12-06,0,,,,,,,,,
2017-03-06,Hang Seng Composite LargeCap & MidCap Index,Inclusion,658,0658.HK,"China High Speed Transmission Equipment Group Co., Ltd.",122,Inclusion,Hang Seng Composite LargeCap & MidCap Index,unchanged,1,1,0658.HK,0658.HK,parse_ok,0658.HK,1,2016-12-06,0,,,,,,,,,
2017-03-06,Hang Seng Composite LargeCap & MidCap Index,Exclusion,715,0715.HK,China Oceanwide Holdings Ltd.,115,Exclusion,Hang Seng Composite LargeCap & MidCap Index,unchanged,1,1,0715.HK,0715.HK,parse_ok,0715.HK,0,2016-12-06,0,,,,,,,,,
2017-03-06,Hang Seng Composite LargeCap & MidCap Index,Inclusion,777,0777.HK,NetDragon Websoft Holdings Ltd.,123,Inclusion,Hang Seng Composite LargeCap & MidCap Index,unchanged,1,1,0777.HK,0777.HK,parse_ok,0777.HK,1,2016-12-06,0,,,,,,,,,
2017-03-06,Hang Seng China 50 Index,Exclusion,902 / 600011,0902.HK / 600011.SH,"Huaneng Power International, Inc.",94,Exclusion,Hang Seng China 50 Index,unchanged,1,1,0902.HK,0902.HK,parse_ok,0902.HK,0,2016-12-06,0,,,,,,,,,
2017-03-06,Hang Seng Composite LargeCap & MidCap Index,Exclusion,911,0911.HK,Qianhai Health Holdings Ltd.,116,Exclusion,Hang Seng Composite LargeCap & MidCap Index,unchanged,1,1,0911.HK,0911.HK,parse_ok,0911.HK,0,2016-12-06,0,,,,,,,,,
2017-03-06,Hang Seng China AH Index Series,Exclusion,991 / 601991,0991.HK / 601991.SH,"Datang International Power Generation Co., Ltd.",101,Exclusion,Hang Seng China AH Index Series,unchanged,1,1,0991.HK,0991.HK,parse_ok,0991.HK,0,2016-12-06,0,,,,,,,,,
2017-03-06,Hang Seng Composite LargeCap & MidCap Index,Exclusion,1071,1071.HK,Huadian Power International Corporation Ltd. - H Shares,117,Exclusion,Hang Seng Composite LargeCap & MidCap Index,unchanged,1,1,1071.HK,1071.HK,parse_ok,1071.HK,0,2016-12-06,0,,,,,,,,,
2017-03-06,Hang Seng China AH Index Series,Exclusion,1072 / 600875,1072.HK / 600875.SH,Dongfang Electric Corporation Ltd.,102,Exclusion,Hang Seng China AH Index Series,unchanged,1,1,1072.HK,1072.HK,parse_ok,1072.HK,0,2016-12-06,0,,,,,,,,,
2017-03-06,Hang Seng Composite LargeCap & MidCap Index,Exclusion,1205,1205.HK,CITIC Resources Holdings Ltd.,118,Exclusion,Hang Seng Composite LargeCap & MidCap Index,unchanged,1,1,1205.HK,1205.HK,parse_ok,1205.HK,0,2016-12-06,0,,,,,,,,,
2017-03-06,Hang Seng Composite LargeCap & MidCap Index,Inclusion,1315,1315.HK,Vision Fame International Holding Ltd.,124,Inclusion,Hang Seng Composite LargeCap & MidCap Index,unchanged,1,1,1315.HK,1315.HK,parse_ok,1315.HK,1,2016-12-06,0,,,,,,,,,
2017-03-06,Hang Seng Composite LargeCap & MidCap Index,Inclusion,1357,1357.HK,"Meitu, Inc.",125,Inclusion,Hang Seng Composite LargeCap & MidCap Index,unchanged,1,1,1357.HK,1357.HK,parse_ok,1357.HK,1,2016-12-06,0,,,,,,,,,
2017-03-06,Hang Seng Composite LargeCap & MidCap Index,Inclusion,1458,1458.HK,Zhou Hei Ya International Holdings Co. Ltd.,126,Inclusion,Hang Seng Composite LargeCap & MidCap Index,unchanged,1,1,1458.HK,1458.HK,parse_ok,1458.HK,1,2016-12-06,0,,,,,,,,,
2017-03-06,Hang Seng China 50 Index,Inclusion,1658,1658.HK,"Postal Savings Bank of China Co., Ltd.",98,Inclusion,Hang Seng China 50 Index,unchanged,1,1,1658.HK,1658.HK,parse_ok,1658.HK,1,2016-12-06,0,,,,,,,,,
2017-03-06,Hang Seng China Enterprises Index,Inclusion,1658,1658.HK,"Postal Savings Bank of China Co., Ltd. - H Shares",110,Inclusion,Hang Seng China Enterprises Index,unchanged,1,1,1658.HK,1658.HK,parse_ok,1658.HK,1,2016-12-06,0,,,,,,,,,
2017-03-06,Hang Seng Composite LargeCap & MidCap Index,Exclusion,1728,1728.HK,China ZhengTong Auto Services Holdings Ltd.,119,Exclusion,Hang Seng Composite LargeCap & MidCap Index,unchanged,1,1,1728.HK,1728.HK,parse_ok,1728.HK,0,2016-12-06,0,,,,,,,,,
2017-03-06,Hang Seng China AH Index Series,Exclusion,2039 / 000039,2039.HK / 000039.SZ,"China Int'l Marine Containers (Group) Co., Ltd.",103,Exclusion,Hang Seng China AH Index Series,unchanged,1,1,2039.HK,2039.HK,parse_ok,2039.HK,0,2016-12-06,0,,,,,,,,,
2017-03-06,Hang Seng Composite LargeCap & MidCap Index,Exclusion,2066,2066.HK,"Shengjing Bank Co., Ltd. - H Shares",120,Exclusion,Hang Seng Composite LargeCap & MidCap Index,unchanged,1,1,2066.HK,2066.HK,parse_ok,2066.HK,0,2016-12-06,0,,,,,,,,,
2017-03-06,Hang Seng China AH Index Series,Exclusion,2238 / 601238,2238.HK / 601238.SH,"Guangzhou Automobile Group Co., Ltd.",104,Exclusion,Hang Seng China AH Index Series,unchanged,1,1,2238.HK,2238.HK,parse_ok,2238.HK,0,2016-12-06,0,,,,,,,,,
2017-03-06,Hang Seng Composite LargeCap & MidCap Index,Exclusion,2326,2326.HK,BEP International Holdings Ltd.,121,Exclusion,Hang Seng Composite LargeCap & MidCap Index,unchanged,1,1,2326.HK,2326.HK,parse_ok,2326.HK,0,2016-12-06,0,,,,,,,,,
2017-03-06,Hang Seng China AH Index Series,Exclusion,2883 / 601808,2883.HK / 601808.SH,China Oilfield Services Ltd.,105,Exclusion,Hang Seng China AH Index Series,unchanged,1,1,2883.HK,2883.HK,parse_ok,2883.HK,0,2016-12-06,0,,,,,,,,,
2017-03-06,Hang Seng Composite LargeCap & MidCap Index,Inclusion,3320,3320.HK,China Resources Pharmaceutical Group Ltd.,127,Inclusion,Hang Seng Composite LargeCap & MidCap Index,unchanged,1,1,3320.HK,3320.HK,parse_ok,3320.HK,1,2016-12-06,0,,,,,,,,,
2017-03-06,Hang Seng China AH Index Series,Inclusion,3958 / 600958,3958.HK / 600958.SH,DFZQ,106,Inclusion,Hang Seng China AH Index Series,unchanged,1,1,3958.HK,3958.HK,parse_ok,3958.HK,1,2016-12-06,0,,,,,,,,,
2017-03-06,Hang Seng China 50 Index,Exclusion,902 / 600011,0902.HK / 600011.SH,"Huaneng Power International, Inc.",94,Exclusion,Hang Seng China 50 Index,unchanged,2,0,600011.SH,600011.SS,parse_ok,600011.SS,0,2016-12-06,0,,,,,,,,,
2017-03-06,Hang Seng China AH Index Series,Exclusion,168 / 600600,0168.HK / 600600.SH,Tsingtao Brewery Co. Ltd.,100,Exclusion,Hang Seng China AH Index Series,unchanged,2,0,600600.SH,600600.SS,parse_ok,600600.SS,0,2016-12-06,0,,,,,,,,,
2017-03-06,Hang Seng China AH Index Series,Exclusion,1072 / 600875,1072.HK / 600875.SH,Dongfang Electric Corporation Ltd.,102,Exclusion,Hang Seng China AH Index Series,unchanged,2,0,600875.SH,600875.SS,parse_ok,600875.SS,0,2016-12-06,0,,,,,,,,,
2017-03-06,Hang Seng China AH Index Series,Inclusion,3958 / 600958,3958.HK / 600958.SH,DFZQ,106,Inclusion,Hang Seng China AH Index Series,unchanged,2,0,600958.SH,600958.SS,parse_ok,600958.SS,1,2016-12-06,0,,,,,,,,,
2017-03-06,Hang Seng China AH Index Series,Inclusion,6099 / 600999,6099.HK / 600999.SH,"China Merchants Securities Co., Ltd.",107,Inclusion,Hang Seng China AH Index Series,unchanged,2,0,600999.SH,600999.SS,parse_ok,600999.SS,1,2016-12-06,0,,,,,,,,,
2017-03-06,Hang Seng China 50 Index,Exclusion,601006,601006.SH,"Daqin Railway Co., Ltd.",95,Exclusion,Hang Seng China 50 Index,unchanged,1,1,601006.SH,601006.SS,parse_ok,601006.SS,0,2016-12-06,0,,,,,,,,,
2017-03-06,Hang Seng China 50 Index,Inclusion,601229,601229.SH,"Bank of Shanghai Co., Ltd.",99,Inclusion,Hang Seng China 50 Index,unchanged,1,1,601229.SH,601229.SS,parse_ok,601229.SS,1,2016-12-06,0,,,,,,,,,
2017-03-06,Hang Seng China AH Index Series,Exclusion,2238 / 601238,2238.HK / 601238.SH,"Guangzhou Automobile Group Co., Ltd.",104,Exclusion,Hang Seng China AH Index Series,unchanged,2,0,601238.SH,601238.SS,parse_ok,601238.SS,0,2016-12-06,0,,,,,,,,,
2017-03-06,Hang Seng China AH Index Series,Inclusion,6178 / 601788,6178.HK / 601788.SH,Everbright Securities Co. Ltd.,108,Inclusion,Hang Seng China AH Index Series,unchanged,2,0,601788.SH,601788.SS,parse_ok,601788.SS,1,2016-12-06,0,,,,,,,,,
2017-03-06,Hang Seng China AH Index Series,Exclusion,2883 / 601808,2883.HK / 601808.SH,China Oilfield Services Ltd.,105,Exclusion,Hang Seng China AH Index Series,unchanged,2,0,601808.SH,601808.SS,parse_ok,601808.SS,0,2016-12-06,0,,,,,,,,,
2017-03-06,Hang Seng China 50 Index,Exclusion,601985,601985.SH,"China National Nuclear Power Co., Ltd.",96,Exclusion,Hang Seng China 50 Index,unchanged,1,1,601985.SH,601985.SS,parse_ok,601985.SS,0,2016-12-06,0,,,,,,,,,
2017-03-06,Hang Seng China AH Index Series,Exclusion,991 / 601991,0991.HK / 601991.SH,"Datang International Power Generation Co., Ltd.",101,Exclusion,Hang Seng China AH Index Series,unchanged,2,0,601991.SH,601991.SS,parse_ok,601991.SS,0,2016-12-06,0,,,,,,,,,
2017-03-06,Hang Seng China AH Index Series,Inclusion,6099 / 600999,6099.HK / 600999.SH,"China Merchants Securities Co., Ltd.",107,Inclusion,Hang Seng China AH Index Series,unchanged,1,1,6099.HK,6099.HK,parse_ok,6099.HK,1,2016-12-06,0,,,,,,,,,
2017-03-06,Hang Seng Composite LargeCap & MidCap Index,Inclusion,6099,6099.HK,"China Merchants Securities Co., Ltd. - H Shares",128,Inclusion,Hang Seng Composite LargeCap & MidCap Index,unchanged,1,1,6099.HK,6099.HK,parse_ok,6099.HK,1,2016-12-06,0,,,,,,,,,
2017-03-06,Hang Seng China AH Index Series,Inclusion,6178 / 601788,6178.HK / 601788.SH,Everbright Securities Co. Ltd.,108,Inclusion,Hang Seng China AH Index Series,unchanged,1,1,6178.HK,6178.HK,parse_ok,6178.HK,1,2016-12-06,0,,,,,,,,,
2017-09-04,Hang Seng China A Industry Top Index,Exclusion,000009,000009.SZ,"China Baoan Group Co., Ltd.",134,Exclusion,Hang Seng China A Industry Top Index,unchanged,1,1,000009.SZ,000009.SZ,parse_ok,000009.SZ,0,2017-06-06,0,,,,,,,,,
2017-09-04,Hang Seng China A Top 100 Index,Exclusion,000039,000039.SZ,"China International Marine Containers (Group) Co., Ltd.",149,Exclusion,Hang Seng China A Top 100 Index,unchanged,1,1,000039.SZ,000039.SZ,parse_ok,000039.SZ,0,2017-06-06,0,,,,,,,,,
2017-09-04,Hang Seng China AH Index Series,Inclusion,2039 / 000039,2039.HK / 000039.SZ,"China Int'l Marine Containers (Group) Co., Ltd.",175,Inclusion,Hang Seng China AH Index Series,unchanged,2,0,000039.SZ,000039.SZ,parse_ok,000039.SZ,1,2017-06-06,0,,,,,,,,,
2017-09-04,Hang Seng Corporate Sustainability Benchmark Index,Exclusion,000039,000039.SZ,"China International Marine Containers (Group) Co., Ltd.",200,Exclusion,Hang Seng Corporate Sustainability Benchmark Index,unchanged,1,1,000039.SZ,000039.SZ,parse_ok,000039.SZ,0,2017-06-06,0,,,,,,,,,
2017-09-04,Hang Seng China A Industry Top Index,Exclusion,000063,000063.SZ,ZTE Corporation,135,Exclusion,Hang Seng China A Industry Top Index,unchanged,1,1,000063.SZ,000063.SZ,parse_ok,000063.SZ,0,2017-06-06,0,,,,,,,,,
2017-09-04,Hang Seng China A Top 100 Index,Exclusion,000063,000063.SZ,ZTE Corporation,150,Exclusion,Hang Seng China A Top 100 Index,unchanged,1,1,000063.SZ,000063.SZ,parse_ok,000063.SZ,0,2017-06-06,0,,,,,,,,,
2017-09-04,Hang Seng China A Industry Top Index,Exclusion,000069,000069.SZ,"Shenzhen Overseas Chinese Town Co., Ltd.",136,Exclusion,Hang Seng China A Industry Top Index,unchanged,1,1,000069.SZ,000069.SZ,parse_ok,000069.SZ,0,2017-06-06,0,,,,,,,,,
2017-09-04,Hang Seng China AH Index Series,Inclusion,1812 / 000488,1812.HK / 000488.SZ,Shandong Chenming Paper Holdings Ltd.,174,Inclusion,Hang Seng China AH Index Series,unchanged,2,0,000488.SZ,000488.SZ,parse_ok,000488.SZ,1,2017-06-06,0,,,,,,,,,
2017-09-04,Hang Seng Corporate Sustainability Benchmark Index,Exclusion,000825,000825.SZ,"Shanxi Taigang Stainless Steel Co., Ltd.",201,Exclusion,Hang Seng Corporate Sustainability Benchmark Index,unchanged,1,1,000825.SZ,000825.SZ,parse_ok,000825.SZ,0,2017-06-06,0,,,,,,,,,
2017-09-04,Hang Seng China 50 Index,Inclusion,000858,000858.SZ,"Wuliangye Yibin Co., Ltd.",133,Inclusion,Hang Seng China 50 Index,unchanged,1,1,000858.SZ,000858.SZ,parse_ok,000858.SZ,1,2017-06-06,0,,,,,,,,,
2017-09-04,Hang Seng China AH Index Series,Inclusion,921 / 000921,0921.HK / 000921.SZ,Hisense Kelon Electrical Holdings Co. Ltd.,170,Inclusion,Hang Seng China AH Index Series,unchanged,2,0,000921.SZ,000921.SZ,parse_ok,000921.SZ,1,2017-06-06,0,,,,,,,,,
2017-09-04,Hang Seng Corporate Sustainability Benchmark Index,Inclusion,20,0020.HK,Wheelock and Co. Ltd.,215,Inclusion,Hang Seng Corporate Sustainability Benchmark Index,unchanged,1,1,0020.HK,0020.HK,parse_ok,0020.HK,1,2017-06-06,0,,,,,,,,,
2017-09-04,Hang Seng China A Industry Top Index,Inclusion,002027,002027.SZ,"Focus Media Information Technology Co., Ltd.",142,Inclusion,Hang Seng China A Industry Top Index,unchanged,1,1,002027.SZ,002027.SZ,parse_ok,002027.SZ,1,2017-06-06,0,,,,,,,,,
2017-09-04,Hang Seng Corporate Sustainability Benchmark Index,Inclusion,002202,002202.SZ,"Xinjiang Goldwind Science & Technology Co., Ltd.",216,Inclusion,Hang Seng Corporate Sustainability Benchmark Index,unchanged,1,1,002202.SZ,002202.SZ,parse_ok,002202.SZ,1,2017-06-06,0,,,,,,,,,
2017-09-04,Hang Seng China A Industry Top Index,Inclusion,002241,002241.SZ,Goertek Inc.,143,Inclusion,Hang Seng China A Industry Top Index,unchanged,1,1,002241.SZ,002241.SZ,parse_ok,002241.SZ,1,2017-06-06,0,,,,,,,,,
2017-09-04,Hang Seng China A Industry Top Index,Inclusion,002352,002352.SZ,"S.F. Holding Co., Ltd.",144,Inclusion,Hang Seng China A Industry Top Index,unchanged,1,1,002352.SZ,002352.SZ,parse_ok,002352.SZ,1,2017-06-06,0,,,,,,,,,
2017-09-04,Hang Seng China A Top 100 Index,Inclusion,002352,002352.SZ,"S.F. Holding Co., Ltd.",156,Inclusion,Hang Seng China A Top 100 Index,unchanged,1,1,002352.SZ,002352.SZ,parse_ok,002352.SZ,1,2017-06-06,0,,,,,,,,,
2017-09-04,Hang Seng Composite LargeCap & MidCap Index,Inclusion,43,0043.HK,C. P. Pokphand Co. Ltd.,190,Inclusion,Hang Seng Composite LargeCap & MidCap Index,unchanged,1,1,0043.HK,0043.HK,parse_ok,0043.HK,1,2017-06-06,0,,,,,,,,,
2017-09-04,Hang Seng Corporate Sustainability Index,Exclusion,69,0069.HK,Shangri-La Asia Ltd.,232,Exclusion,Hang Seng Corporate Sustainability Index,unchanged,1,1,0069.HK,0069.HK,parse_ok,0069.HK,0,2017-06-06,0,,,,,,,,,
2017-09-04,Hang Seng Composite LargeCap & MidCap Index,Inclusion,136,0136.HK,HengTen Networks Group Ltd.,191,Inclusion,Hang Seng Composite LargeCap & MidCap Index,unchanged,1,1,0136.HK,0136.HK,parse_ok,0136.HK,1,2017-06-06,0,,,,,,,,,
2017-09-04,Hang Seng China AH Index Series,Inclusion,168 / 600600,0168.HK / 600600.SH,Tsingtao Brewery Co. Ltd.,166,Inclusion,Hang Seng China AH Index Series,unchanged,1,1,0168.HK,0168.HK,parse_ok,0168.HK,1,2017-06-06,0,,,,,,,,,
2017-09-04,Hang Seng China AH Index Series,Inclusion,177 / 600377,0177.HK / 600377.SH,Jiangsu Expressway Co. Ltd.,167,Inclusion,Hang Seng China AH Index Series,unchanged,1,1,0177.HK,0177.HK,parse_ok,0177.HK,1,2017-06-06,0,,,,,,,,,
2017-09-04,Hang Seng Composite LargeCap & MidCap Index,Exclusion,245,0245.HK,China Minsheng Financial Holding Corporation Ltd.,180,Exclusion,Hang Seng Composite LargeCap & MidCap Index,unchanged,1,1,0245.HK,0245.HK,parse_ok,0245.HK,0,2017-06-06,0,,,,,,,,,
2017-09-04,Hang Seng Index,Inclusion,288,0288.HK,WH Group Ltd. 65 Commerce & Industry,234,Inclusion,Hang Seng Index,unchanged,1,1,0288.HK,0288.HK,parse_ok,0288.HK,1,2017-06-06,0,,,,,,,,,
2017-09-04,Hang Seng Composite LargeCap & MidCap Index,Exclusion,297,0297.HK,Sinofert Holdings Ltd.,181,Exclusion,Hang Seng Composite LargeCap & MidCap Index,unchanged,1,1,0297.HK,0297.HK,parse_ok,0297.HK,0,2017-06-06,0,,,,,,,,,
2017-09-04,Hang Seng China AH Index Series,Inclusion,323 / 600808,0323.HK / 600808.SH,Maanshan Iron & Steel Co. Ltd.,168,Inclusion,Hang Seng China AH Index Series,unchanged,1,1,0323.HK,0323.HK,parse_ok,0323.HK,1,2017-06-06,0,,,,,,,,,
2017-09-04,Hang Seng Corporate Sustainability Benchmark Index,Inclusion,323,0323.HK,Maanshan Iron & Steel Co. Ltd. - H Shares,217,Inclusion,Hang Seng Corporate Sustainability Benchmark Index,unchanged,1,1,0323.HK,0323.HK,parse_ok,0323.HK,1,2017-06-06,0,,,,,,,,,
2017-09-04,Hang Seng Corporate Sustainability Benchmark Index,Inclusion,347,0347.HK,Angang Steel Co. Ltd. - H Shares,218,Inclusion,Hang Seng Corporate Sustainability Benchmark Index,unchanged,1,1,0347.HK,0347.HK,parse_ok,0347.HK,1,2017-06-06,0,,,,,,,,,
2017-09-04,Hang Seng Corporate Sustainability Benchmark Index,Exclusion,363,0363.HK,Shanghai Industrial Holdings Ltd.,202,Exclusion,Hang Seng Corporate Sustainability Benchmark Index,unchanged,1,1,0363.HK,0363.HK,parse_ok,0363.HK,0,2017-06-06,0,,,,,,,,,
2017-09-04,Hang Seng Corporate Sustainability Index,Inclusion,390,0390.HK,China Railway Group Ltd. - H Shares,233,Inclusion,Hang Seng Corporate Sustainability Index,unchanged,1,1,0390.HK,0390.HK,parse_ok,0390.HK,1,2017-06-06,0,,,,,,,,,
2017-09-04,Hang Seng Corporate Sustainability Benchmark Index,Inclusion,480,0480.HK,HKR International Ltd.,219,Inclusion,Hang Seng Corporate Sustainability Benchmark Index,unchanged,1,1,0480.HK,0480.HK,parse_ok,0480.HK,1,2017-06-06,0,,,,,,,,,
2017-09-04,Hang Seng Corporate Sustainability Benchmark Index,Inclusion,506,0506.HK,China Foods Ltd.,220,Inclusion,Hang Seng Corporate Sustainability Benchmark Index,unchanged,1,1,0506.HK,0506.HK,parse_ok,0506.HK,1,2017-06-06,0,,,,,,,,,
2017-09-04,Hang Seng China AH Index Series,Inclusion,548 / 600548,0548.HK / 600548.SH,Shenzhen Expressway Co. Ltd.,169,Inclusion,Hang Seng China AH Index Series,unchanged,1,1,0548.HK,0548.HK,parse_ok,0548.HK,1,2017-06-06,0,,,,,,,,,
2017-09-04,Hang Seng Corporate Sustainability Benchmark Index,Exclusion,552,0552.HK,China Communications Services Corporation Ltd. - H Shares,203,Exclusion,Hang Seng Corporate Sustainability Benchmark Index,unchanged,1,1,0552.HK,0552.HK,parse_ok,0552.HK,0,2017-06-06,0,,,,,,,,,
2017-09-04,Hang Seng Corporate Sustainability Benchmark Index,Exclusion,670,0670.HK,China Eastern Airlines Corporation Ltd. - H Shares,204,Exclusion,Hang Seng Corporate Sustainability Benchmark Index,unchanged,1,1,0670.HK,0670.HK,parse_ok,0670.HK,0,2017-06-06,0,,,,,,,,,
2017-09-04,Hang Seng Composite LargeCap & MidCap Index,Inclusion,698,0698.HK,Tongda Group Holdings Ltd.,192,Inclusion,Hang Seng Composite LargeCap & MidCap Index,unchanged,1,1,0698.HK,0698.HK,parse_ok,0698.HK,1,2017-06-06,0,,,,,,,,,
2017-09-04,Hang Seng Corporate Sustainability Benchmark Index,Inclusion,778,0778.HK,Fortune Real Estate Investment Trust,221,Inclusion,Hang Seng Corporate Sustainability Benchmark Index,unchanged,1,1,0778.HK,0778.HK,parse_ok,0778.HK,1,2017-06-06,0,,,,,,,,,
2017-09-04,Hang Seng China AH Index Series,Inclusion,921 / 000921,0921.HK / 000921.SZ,Hisense Kelon Electrical Holdings Co. Ltd.,170,Inclusion,Hang Seng China AH Index Series,unchanged,1,1,0921.HK,0921.HK,parse_ok,0921.HK,1,2017-06-06,0,,,,,,,,,
2017-09-04,Hang Seng Composite LargeCap & MidCap Index,Exclusion,933,0933.HK,Brightoil Petroleum (Holdings) Ltd.,182,Exclusion,Hang Seng Composite LargeCap & MidCap Index,unchanged,1,1,0933.HK,0933.HK,parse_ok,0933.HK,0,2017-06-06,0,,,,,,,,,
2017-09-04,Hang Seng China AH Index Series,Inclusion,991 / 601991,0991.HK / 601991.SH,"Datang International Power Generation Co., Ltd.",171,Inclusion,Hang Seng China AH Index Series,unchanged,1,1,0991.HK,0991.HK,parse_ok,0991.HK,1,2017-06-06,0,,,,,,,,,
2017-09-04,Hang Seng Composite LargeCap & MidCap Index,Exclusion,991,0991.HK,"Datang International Power Generation Co., Ltd. - H Shares",183,Exclusion,Hang Seng Composite LargeCap & MidCap Index,unchanged,1,1,0991.HK,0991.HK,parse_ok,0991.HK,0,2017-06-06,0,,,,,,,,,
2017-09-04,Hang Seng Corporate Sustainability Benchmark Index,Inclusion,991,0991.HK,"Datang International Power Generation Co., Ltd. - H Shares",222,Inclusion,Hang Seng Corporate Sustainability Benchmark Index,unchanged,1,1,0991.HK,0991.HK,parse_ok,0991.HK,1,2017-06-06,0,,,,,,,,,
2017-09-04,Hang Seng Corporate Sustainability Benchmark Index,Exclusion,998,0998.HK,China CITIC Bank Corporation Ltd. - H Shares,205,Exclusion,Hang Seng Corporate Sustainability Benchmark Index,unchanged,1,1,0998.HK,0998.HK,parse_ok,0998.HK,0,2017-06-06,0,,,,,,,,,
2017-09-04,Hang Seng Composite LargeCap & MidCap Index,Inclusion,1031,1031.HK,Kingston Financial Group Ltd.,193,Inclusion,Hang Seng Composite LargeCap & MidCap Index,unchanged,1,1,1031.HK,1031.HK,parse_ok,1031.HK,1,2017-06-06,0,,,,,,,,,
2017-09-04,Hang Seng China AH Index Series,Exclusion,1033 / 600871,1033.HK / 600871.SH,Sinopec Oilfield Service Corporation,163,Exclusion,Hang Seng China AH Index Series,unchanged,1,1,1033.HK,1033.HK,parse_ok,1033.HK,0,2017-06-06,0,,,,,,,,,
2017-09-04,Hang Seng China AH Index Series,Inclusion,1065 / 600874,1065.HK / 600874.SH,Tianjin Capital Environmental Protection Group Co. Ltd.,172,Inclusion,Hang Seng China AH Index Series,unchanged,1,1,1065.HK,1065.HK,parse_ok,1065.HK,1,2017-06-06,0,,,,,,,,,
2017-09-04,Hang Seng Corporate Sustainability Benchmark Index,Inclusion,1109,1109.HK,China Resources Land Ltd.,223,Inclusion,Hang Seng Corporate Sustainability Benchmark Index,unchanged,1,1,1109.HK,1109.HK,parse_ok,1109.HK,1,2017-06-06,0,,,,,,,,,
2017-09-04,Hang Seng Corporate Sustainability Benchmark Index,Exclusion,1113,1113.HK,Cheung Kong Property Holdings Ltd.,206,Exclusion,Hang Seng Corporate Sustainability Benchmark Index,unchanged,1,1,1113.HK,1113.HK,parse_ok,1113.HK,0,2017-06-06,0,,,,,,,,,
2017-09-04,Hang Seng China AH Index Series,Inclusion,1138 / 600026,1138.HK / 600026.SH,"COSCO SHIPPING Energy Transportation Co., Ltd.",173,Inclusion,Hang Seng China AH Index Series,unchanged,1,1,1138.HK,1138.HK,parse_ok,1138.HK,1,2017-06-06,0,,,,,,,,,
2017-09-04,Hang Seng Composite LargeCap & MidCap Index,Inclusion,1212,1212.HK,Lifestyle International Holdings Ltd.,194,Inclusion,Hang Seng Composite LargeCap & MidCap Index,unchanged,1,1,1212.HK,1212.HK,parse_ok,1212.HK,1,2017-06-06,0,,,,,,,,,
2017-09-04,Hang Seng Composite LargeCap & MidCap Index,Exclusion,1230,1230.HK,Yashili International Holdings Ltd.,184,Exclusion,Hang Seng Composite LargeCap & MidCap Index,unchanged,1,1,1230.HK,1230.HK,parse_ok,1230.HK,0,2017-06-06,0,,,,,,,,,
2017-09-04,Hang Seng Corporate Sustainability Benchmark Index,Inclusion,1316,1316.HK,Nexteer Automotive Group Ltd.,224,Inclusion,Hang Seng Corporate Sustainability Benchmark Index,unchanged,1,1,1316.HK,1316.HK,parse_ok,1316.HK,1,2017-06-06,0,,,,,,,,,
2017-09-04,Hang Seng Corporate Sustainability Benchmark Index,Exclusion,1333,1333.HK,China Zhongwang Holdings Ltd.,207,Exclusion,Hang Seng Corporate Sustainability Benchmark Index,unchanged,1,1,1333.HK,1333.HK,parse_ok,1333.HK,0,2017-06-06,0,,,,,,,,,
2017-09-04,Hang Seng Corporate Sustainability Benchmark Index,Exclusion,1339,1339.HK,The People's Insurance Co. (Group) of China Ltd. - H Shares,208,Exclusion,Hang Seng Corporate Sustainability Benchmark Index,unchanged,1,1,1339.HK,1339.HK,parse_ok,1339.HK,0,2017-06-06,0,,,,,,,,,
2017-09-04,Hang Seng Corporate Sustainability Benchmark Index,Inclusion,1347,1347.HK,Hua Hong Semiconductor Ltd.,225,Inclusion,Hang Seng Corporate Sustainability Benchmark Index,unchanged,1,1,1347.HK,1347.HK,parse_ok,1347.HK,1,2017-06-06,0,,,,,,,,,
2017-09-04,Hang Seng Composite LargeCap & MidCap Index,Exclusion,1387,1387.HK,Renhe Commercial Holdings Co. Ltd.,185,Exclusion,Hang Seng Composite LargeCap & MidCap Index,unchanged,1,1,1387.HK,1387.HK,parse_ok,1387.HK,0,2017-06-06,0,,,,,,,,,
2017-09-04,Hang Seng Composite LargeCap & MidCap Index,Inclusion,1515,1515.HK,China Resources Phoenix Healthcare Holdings Co. Ltd.,195,Inclusion,Hang Seng Composite LargeCap & MidCap Index,unchanged,1,1,1515.HK,1515.HK,parse_ok,1515.HK,1,2017-06-06,0,,,,,,,,,
2017-09-04,Hang Seng China AH Index Series,Inclusion,1812 / 000488,1812.HK / 000488.SZ,Shandong Chenming Paper Holdings Ltd.,174,Inclusion,Hang Seng China AH Index Series,unchanged,1,1,1812.HK,1812.HK,parse_ok,1812.HK,1,2017-06-06,0,,,,,,,,,
2017-09-04,Hang Seng Corporate Sustainability Benchmark Index,Exclusion,1963,1963.HK,"Bank of Chongqing Co., Ltd. - H Shares",209,Exclusion,Hang Seng Corporate Sustainability Benchmark Index,unchanged,1,1,1963.HK,1963.HK,parse_ok,1963.HK,0,2017-06-06,0,,,,,,,,,
2017-09-04,Hang Seng Corporate Sustainability Benchmark Index,Exclusion,1999,1999.HK,Man Wah Holdings Ltd.,210,Exclusion,Hang Seng Corporate Sustainability Benchmark Index,unchanged,1,1,1999.HK,1999.HK,parse_ok,1999.HK,0,2017-06-06,0,,,,,,,,,
2017-09-04,Hang Seng China AH Index Series,Inclusion,2039 / 000039,2039.HK / 000039.SZ,"China Int'l Marine Containers (Group) Co., Ltd.",175,Inclusion,Hang Seng China AH Index Series,unchanged,1,1,2039.HK,2039.HK,parse_ok,2039.HK,1,2017-06-06,0,,,,,,,,,
2017-09-04,Hang Seng Corporate Sustainability Benchmark Index,Inclusion,2208,2208.HK,"Xinjiang Goldwind Science & Technology Co., Ltd. - H Shares",226,Inclusion,Hang Seng Corporate Sustainability Benchmark Index,unchanged,1,1,2208.HK,2208.HK,parse_ok,2208.HK,1,2017-06-06,0,,,,,,,,,
2017-09-04,Hang Seng China AH Index Series,Inclusion,2238 / 601238,2238.HK / 601238.SH,"Guangzhou Automobile Group Co., Ltd.",176,Inclusion,Hang Seng China AH Index Series,unchanged,1,1,2238.HK,2238.HK,parse_ok,2238.HK,1,2017-06-06,0,,,,,,,,,
2017-09-04,Hang Seng Corporate Sustainability Benchmark Index,Inclusion,2238,2238.HK,"Guangzhou Automobile Group Co., Ltd. - H Shares",227,Inclusion,Hang Seng Corporate Sustainability Benchmark Index,unchanged,1,1,2238.HK,2238.HK,parse_ok,2238.HK,1,2017-06-06,0,,,,,,,,,
2017-09-04,Hang Seng Composite LargeCap & MidCap Index,Inclusion,2269,2269.HK,WuXi Biologics (Cayman) Inc.,196,Inclusion,Hang Seng Composite LargeCap & MidCap Index,unchanged,1,1,2269.HK,2269.HK,parse_ok,2269.HK,1,2017-06-06,0,,,,,,,,,
2017-09-04,Hang Seng Composite LargeCap & MidCap Index,Exclusion,2298,2298.HK,Cosmo Lady (China) Holdings Co. Ltd.,186,Exclusion,Hang Seng Composite LargeCap & MidCap Index,unchanged,1,1,2298.HK,2298.HK,parse_ok,2298.HK,0,2017-06-06,0,,,,,,,,,
2017-09-04,Hang Seng China AH Index Series,Inclusion,2611 / 601211,2611.HK / 601211.SH,"Guotai Junan Securities Co., Ltd.",177,Inclusion,Hang Seng China AH Index Series,unchanged,1,1,2611.HK,2611.HK,parse_ok,2611.HK,1,2017-06-06,0,,,,,,,,,
2017-09-04,Hang Seng Composite LargeCap & MidCap Index,Inclusion,2611,2611.HK,"Guotai Junan Securities Co., Ltd. - H Shares",197,Inclusion,Hang Seng Composite LargeCap & MidCap Index,unchanged,1,1,2611.HK,2611.HK,parse_ok,2611.HK,1,2017-06-06,0,,,,,,,,,
2017-09-04,Hang Seng Composite LargeCap & MidCap Index,Inclusion,2799,2799.HK,"China Huarong Asset Management Co., Ltd. - H Shares",198,Inclusion,Hang Seng Composite LargeCap & MidCap Index,unchanged,1,1,2799.HK,2799.HK,parse_ok,2799.HK,1,2017-06-06,0,,,,,,,,,
2017-09-04,Hang Seng Composite LargeCap & MidCap Index,Exclusion,2877,2877.HK,China Shineway Pharmaceutical Group Ltd.,187,Exclusion,Hang Seng Composite LargeCap & MidCap Index,unchanged,1,1,2877.HK,2877.HK,parse_ok,2877.HK,0,2017-06-06,0,,,,,,,,,
2017-09-04,Hang Seng China AH Index Series,Inclusion,2883 / 601808,2883.HK / 601808.SH,China Oilfield Services Ltd.,178,Inclusion,Hang Seng China AH Index Series,unchanged,1,1,2883.HK,2883.HK,parse_ok,2883.HK,1,2017-06-06,0,,,,,,,,,
2017-09-04,Hang Seng Composite LargeCap & MidCap Index,Exclusion,3308,3308.HK,Golden Eagle Retail Group Ltd.,188,Exclusion,Hang Seng Composite LargeCap & MidCap Index,unchanged,1,1,3308.HK,3308.HK,parse_ok,3308.HK,0,2017-06-06,0,,,,,,,,,
2017-09-04,Hang Seng Corporate Sustainability Benchmark Index,Inclusion,3377,3377.HK,Sino-Ocean Group Holding Ltd.,228,Inclusion,Hang Seng Corporate Sustainability Benchmark Index,unchanged,1,1,3377.HK,3377.HK,parse_ok,3377.HK,1,2017-06-06,0,,,,,,,,,
2017-09-04,Hang Seng Composite LargeCap & MidCap Index,Inclusion,3606,3606.HK,"Fuyao Glass Industry Group Co., Ltd. - H Shares",199,Inclusion,Hang Seng Composite LargeCap & MidCap Index,unchanged,1,1,3606.HK,3606.HK,parse_ok,3606.HK,1,2017-06-06,0,,,,,,,,,
2017-09-04,Hang Seng Corporate Sustainability Benchmark Index,Inclusion,3800,3800.HK,GCL-Poly Energy Holdings Ltd.,229,Inclusion,Hang Seng Corporate Sustainability Benchmark Index,unchanged,1,1,3800.HK,3800.HK,parse_ok,3800.HK,1,2017-06-06,0,,,,,,,,,
2017-09-04,Hang Seng Composite LargeCap & MidCap Index,Exclusion,3823,3823.HK,Tech Pro Technology Development Ltd.,189,Exclusion,Hang Seng Composite LargeCap & MidCap Index,unchanged,1,1,3823.HK,3823.HK,parse_ok,3823.HK,0,2017-06-06,0,,,,,,,,,
2017-09-04,Hang Seng Corporate Sustainability Benchmark Index,Exclusion,3898,3898.HK,"Zhuzhou CRRC Times Electric Co., Ltd. - H Shares",211,Exclusion,Hang Seng Corporate Sustainability Benchmark Index,unchanged,1,1,3898.HK,3898.HK,parse_ok,3898.HK,0,2017-06-06,0,,,,,,,,,
2017-09-04,Hang Seng China AH Index Series,Exclusion,3958 / 600958,3958.HK / 600958.SH,DFZQ,164,Exclusion,Hang Seng China AH Index Series,unchanged,1,1,3958.HK,3958.HK,parse_ok,3958.HK,0,2017-06-06,0,,,,,,,,,
2017-09-04,Hang Seng China AH Index Series,Inclusion,1138 / 600026,1138.HK / 600026.SH,"COSCO SHIPPING Energy Transportation Co., Ltd.",173,Inclusion,Hang Seng China AH Index Series,unchanged,2,0,600026.SH,600026.SS,parse_ok,600026.SS,1,2017-06-06,0,,,,,,,,,
2017-09-04,Hang Seng China A Top 100 Index,Inclusion,600068,600068.SH,China Gezhouba Group Company Limited,157,Inclusion,Hang Seng China A Top 100 Index,unchanged,1,1,600068.SH,600068.SS,parse_ok,600068.SS,1,2017-06-06,0,,,,,,,,,
2017-09-04,Hang Seng China A Industry Top Index,Exclusion,600271,600271.SH,Aisino Corporation,137,Exclusion,Hang Seng China A Industry Top Index,unchanged,1,1,600271.SH,600271.SS,parse_ok,600271.SS,0,2017-06-06,0,,,,,,,,,
2017-09-04,Hang Seng China A Top 100 Index,Inclusion,600297,600297.SH,"China Grand Automotive Services Co., Ltd.",158,Inclusion,Hang Seng China A Top 100 Index,unchanged,1,1,600297.SH,600297.SS,parse_ok,600297.SS,1,2017-06-06,0,,,,,,,,,
2017-09-04,Hang Seng China A Industry Top Index,Inclusion,600309,600309.SH,"Wanhua Chemical Group Co., Ltd.",145,Inclusion,Hang Seng China A Industry Top Index,unchanged,1,1,600309.SH,600309.SS,parse_ok,600309.SS,1,2017-06-06,0,,,,,,,,,
2017-09-04,Hang Seng China A Industry Top Index,Exclusion,600362,600362.SH,Jiangxi Copper Company Limited,138,Exclusion,Hang Seng China A Industry Top Index,unchanged,1,1,600362.SH,600362.SS,parse_ok,600362.SS,0,2017-06-06,0,,,,,,,,,
2017-09-04,Hang Seng China AH Index Series,Inclusion,177 / 600377,0177.HK / 600377.SH,Jiangsu Expressway Co. Ltd.,167,Inclusion,Hang Seng China AH Index Series,unchanged,2,0,600377.SH,600377.SS,parse_ok,600377.SS,1,2017-06-06,0,,,,,,,,,
2017-09-04,Hang Seng China A Industry Top Index,Inclusion,600547,600547.SH,"Shandong Gold Mining Co., Ltd.",146,Inclusion,Hang Seng China A Industry Top Index,unchanged,1,1,600547.SH,600547.SS,parse_ok,600547.SS,1,2017-06-06,0,,,,,,,,,
2017-09-04,Hang Seng China AH Index Series,Inclusion,548 / 600548,0548.HK / 600548.SH,Shenzhen Expressway Co. Ltd.,169,Inclusion,Hang Seng China AH Index Series,unchanged,2,0,600548.SH,600548.SS,parse_ok,600548.SS,1,2017-06-06,0,,,,,,,,,
2017-09-04,Hang Seng China A Top 100 Index,Exclusion,600583,600583.SH,"Offshore Oil Engineering Co., Ltd.",151,Exclusion,Hang Seng China A Top 100 Index,unchanged,1,1,600583.SH,600583.SS,parse_ok,600583.SS,0,2017-06-06,0,,,,,,,,,
2017-09-04,Hang Seng China A Top 100 Index,Exclusion,600600,600600.SH,Tsingtao Brewery Co. Ltd.,152,Exclusion,Hang Seng China A Top 100 Index,unchanged,1,1,600600.SH,600600.SS,parse_ok,600600.SS,0,2017-06-06,0,,,,,,,,,
2017-09-04,Hang Seng China AH Index Series,Inclusion,168 / 600600,0168.HK / 600600.SH,Tsingtao Brewery Co. Ltd.,166,Inclusion,Hang Seng China AH Index Series,unchanged,2,0,600600.SH,600600.SS,parse_ok,600600.SS,1,2017-06-06,0,,,,,,,,,
2017-09-04,Hang Seng Corporate Sustainability Benchmark Index,Exclusion,600600,600600.SH,Tsingtao Brewery Co. Ltd.,212,Exclusion,Hang Seng Corporate Sustainability Benchmark Index,unchanged,1,1,600600.SH,600600.SS,parse_ok,600600.SS,0,2017-06-06,0,,,,,,,,,
2017-09-04,Hang Seng China 50 Index,Exclusion,600606,600606.SH,Greenland Holdings Corporation Limited,132,Exclusion,Hang Seng China 50 Index,unchanged,1,1,600606.SH,600606.SS,parse_ok,600606.SS,0,2017-06-06,0,,,,,,,,,
2017-09-04,Hang Seng China A Industry Top Index,Inclusion,600637,600637.SH,"Shanghai Oriental Pearl Media Co., Ltd.",147,Inclusion,Hang Seng China A Industry Top Index,unchanged,1,1,600637.SH,600637.SS,parse_ok,600637.SS,1,2017-06-06,0,,,,,,,,,
2017-09-04,Hang Seng China A Top 100 Index,Inclusion,600688,600688.SH,Sinopec Shanghai Petrochemical Company Limited,159,Inclusion,Hang Seng China A Top 100 Index,unchanged,1,1,600688.SH,600688.SS,parse_ok,600688.SS,1,2017-06-06,0,,,,,,,,,
2017-09-04,Hang Seng China AH Index Series,Inclusion,323 / 600808,0323.HK / 600808.SH,Maanshan Iron & Steel Co. Ltd.,168,Inclusion,Hang Seng China AH Index Series,unchanged,2,0,600808.SH,600808.SS,parse_ok,600808.SS,1,2017-06-06,0,,,,,,,,,
2017-09-04,Hang Seng China AH Index Series,Exclusion,1033 / 600871,1033.HK / 600871.SH,Sinopec Oilfield Service Corporation,163,Exclusion,Hang Seng China AH Index Series,unchanged,2,0,600871.SH,600871.SS,parse_ok,600871.SS,0,2017-06-06,0,,,,,,,,,
2017-09-04,Hang Seng China AH Index Series,Inclusion,1065 / 600874,1065.HK / 600874.SH,Tianjin Capital Environmental Protection Group Co. Ltd.,172,Inclusion,Hang Seng China AH Index Series,unchanged,2,0,600874.SH,600874.SS,parse_ok,600874.SS,1,2017-06-06,0,,,,,,,,,
2017-09-04,Hang Seng China A Top 100 Index,Inclusion,600919,600919.SH,"Bank of Jiangsu Co., Ltd.",160,Inclusion,Hang Seng China A Top 100 Index,unchanged,1,1,600919.SH,600919.SS,parse_ok,600919.SS,1,2017-06-06,0,,,,,,,,,
2017-09-04,Hang Seng China AH Index Series,Exclusion,3958 / 600958,3958.HK / 600958.SH,DFZQ,164,Exclusion,Hang Seng China AH Index Series,unchanged,2,0,600958.SH,600958.SS,parse_ok,600958.SS,0,2017-06-06,0,,,,,,,,,
2017-09-04,Hang Seng China AH Index Series,Inclusion,2611 / 601211,2611.HK / 601211.SH,"Guotai Junan Securities Co., Ltd.",177,Inclusion,Hang Seng China AH Index Series,unchanged,2,0,601211.SH,601211.SS,parse_ok,601211.SS,1,2017-06-06,0,,,,,,,,,
2017-09-04,Hang Seng China A Industry Top Index,Inclusion,601225,601225.SH,Shaanxi Coal Industry Company Limited,148,Inclusion,Hang Seng China A Industry Top Index,unchanged,1,1,601225.SH,601225.SS,parse_ok,601225.SS,1,2017-06-06,0,,,,,,,,,
2017-09-04,Hang Seng China A Top 100 Index,Inclusion,601229,601229.SH,"Bank of Shanghai Co., Ltd.",161,Inclusion,Hang Seng China A Top 100 Index,unchanged,1,1,601229.SH,601229.SS,parse_ok,601229.SS,1,2017-06-06,0,,,,,,,,,
2017-09-04,Hang Seng China AH Index Series,Inclusion,2238 / 601238,2238.HK / 601238.SH,"Guangzhou Automobile Group Co., Ltd.",176,Inclusion,Hang Seng China AH Index Series,unchanged,2,0,601238.SH,601238.SS,parse_ok,601238.SS,1,2017-06-06,0,,,,,,,,,
2017-09-04,Hang Seng Corporate Sustainability Benchmark Index,Inclusion,601238,601238.SH,"Guangzhou Automobile Group Co., Ltd.",230,Inclusion,Hang Seng Corporate Sustainability Benchmark Index,unchanged,1,1,601238.SH,601238.SS,parse_ok,601238.SS,1,2017-06-06,0,,,,,,,,,
2017-09-04,Hang Seng China A Industry Top Index,Exclusion,601727,601727.SH,Shanghai Electric Group Company Limited,139,Exclusion,Hang Seng China A Industry Top Index,unchanged,1,1,601727.SH,601727.SS,parse_ok,601727.SS,0,2017-06-06,0,,,,,,,,,
2017-09-04,Hang Seng China A Top 100 Index,Exclusion,601727,601727.SH,Shanghai Electric Group Company Limited,153,Exclusion,Hang Seng China A Top 100 Index,unchanged,1,1,601727.SH,601727.SS,parse_ok,601727.SS,0,2017-06-06,0,,,,,,,,,
2017-09-04,Hang Seng China AH Index Series,Exclusion,6178 / 601788,6178.HK / 601788.SH,Everbright Securities Co. Ltd.,165,Exclusion,Hang Seng China AH Index Series,unchanged,2,0,601788.SH,601788.SS,parse_ok,601788.SS,0,2017-06-06,0,,,,,,,,,
2017-09-04,Hang Seng China A Industry Top Index,Exclusion,601808,601808.SH,China Oilfield Services Limited,140,Exclusion,Hang Seng China A Industry Top Index,unchanged,1,1,601808.SH,601808.SS,parse_ok,601808.SS,0,2017-06-06,0,,,,,,,,,
2017-09-04,Hang Seng China A Top 100 Index,Exclusion,601808,601808.SH,China Oilfield Services Limited,154,Exclusion,Hang Seng China A Top 100 Index,unchanged,1,1,601808.SH,601808.SS,parse_ok,601808.SS,0,2017-06-06,0,,,,,,,,,
2017-09-04,Hang Seng China AH Index Series,Inclusion,2883 / 601808,2883.HK / 601808.SH,China Oilfield Services Ltd.,178,Inclusion,Hang Seng China AH Index Series,unchanged,2,0,601808.SH,601808.SS,parse_ok,601808.SS,1,2017-06-06,0,,,,,,,,,
2017-09-04,Hang Seng Corporate Sustainability Benchmark Index,Exclusion,601818,601818.SH,China Everbright Bank Company Limited,213,Exclusion,Hang Seng Corporate Sustainability Benchmark Index,unchanged,1,1,601818.SH,601818.SS,parse_ok,601818.SS,0,2017-06-06,0,,,,,,,,,
2017-09-04,Hang Seng China A Top 100 Index,Inclusion,601881,601881.SH,"China Galaxy Securities Co., Ltd.",162,Inclusion,Hang Seng China A Top 100 Index,unchanged,1,1,601881.SH,601881.SS,parse_ok,601881.SS,1,2017-06-06,0,,,,,,,,,
2017-09-04,Hang Seng China AH Index Series,Inclusion,6881 / 601881,6881.HK / 601881.SH,"China Galaxy Securities Co., Ltd.",179,Inclusion,Hang Seng China AH Index Series,unchanged,2,0,601881.SH,601881.SS,parse_ok,601881.SS,1,2017-06-06,0,,,,,,,,,
2017-09-04,Hang Seng China A Top 100 Index,Exclusion,601991,601991.SH,"Datang International Power Generation Co., Ltd.",155,Exclusion,Hang Seng China A Top 100 Index,unchanged,1,1,601991.SH,601991.SS,parse_ok,601991.SS,0,2017-06-06,0,,,,,,,,,
2017-09-04,Hang Seng China AH Index Series,Inclusion,991 / 601991,0991.HK / 601991.SH,"Datang International Power Generation Co., Ltd.",171,Inclusion,Hang Seng China AH Index Series,unchanged,2,0,601991.SH,601991.SS,parse_ok,601991.SS,1,2017-06-06,0,,,,,,,,,
2017-09-04,Hang Seng Corporate Sustainability Benchmark Index,Inclusion,601991,601991.SH,"Datang International Power Generation Co., Ltd.",231,Inclusion,Hang Seng Corporate Sustainability Benchmark Index,unchanged,1,1,601991.SH,601991.SS,parse_ok,601991.SS,1,2017-06-06,0,,,,,,,,,
2017-09-04,Hang Seng China A Industry Top Index,Exclusion,603993,603993.SH,"China Molybdenum Co., Ltd.",141,Exclusion,Hang Seng China A Industry Top Index,unchanged,1,1,603993.SH,603993.SS,parse_ok,603993.SS,0,2017-06-06,0,,,,,,,,,
2017-09-04,Hang Seng China AH Index Series,Exclusion,6178 / 601788,6178.HK / 601788.SH,Everbright Securities Co. Ltd.,165,Exclusion,Hang Seng China AH Index Series,unchanged,1,1,6178.HK,6178.HK,parse_ok,6178.HK,0,2017-06-06,0,,,,,,,,,
2017-09-04,Hang Seng Corporate Sustainability Benchmark Index,Exclusion,6818,6818.HK,China Everbright Bank Co. Ltd. - H Shares,214,Exclusion,Hang Seng Corporate Sustainability Benchmark Index,unchanged,1,1,6818.HK,6818.HK,parse_ok,6818.HK,0,2017-06-06,0,,,,,,,,,
2017-09-04,Hang Seng China AH Index Series,Inclusion,6881 / 601881,6881.HK / 601881.SH,"China Galaxy Securities Co., Ltd.",179,Inclusion,Hang Seng China AH Index Series,unchanged,1,1,6881.HK,6881.HK,parse_ok,6881.HK,1,2017-06-06,0,,,,,,,,,
2017-12-04,Hang Seng Index,Exclusion,135,0135.HK,Kunlun Energy Co. Ltd.,239,Exclusion,Hang Seng Index,unchanged,1,1,0135.HK,0135.HK,parse_ok,0135.HK,0,2017-09-05,0,,,,,,,,,
2017-12-04,Hang Seng Index,Exclusion,293,0293.HK,Cathay Pacific Airways Ltd.,240,Exclusion,Hang Seng Index,unchanged,1,1,0293.HK,0293.HK,parse_ok,0293.HK,0,2017-09-05,0,,,,,,,,,
2017-12-04,Hang Seng China Enterprises Index,Exclusion,916,0916.HK,China Longyuan Power Group Corporation Ltd. - H Shares,235,Exclusion,Hang Seng China Enterprises Index,unchanged,1,1,0916.HK,0916.HK,parse_ok,0916.HK,0,2017-09-05,0,,,,,,,,,
2017-12-04,Hang Seng Index,Inclusion,2007,2007.HK,Country Garden Holdings Co. Ltd.,241,Inclusion,Hang Seng Index,unchanged,1,1,2007.HK,2007.HK,parse_ok,2007.HK,1,2017-09-05,0,,,,,,,,,
2017-12-04,Hang Seng China Enterprises Index,Inclusion,2238,2238.HK,"Guangzhou Automobile Group Co., Ltd. - H Shares",236,Inclusion,Hang Seng China Enterprises Index,unchanged,1,1,2238.HK,2238.HK,parse_ok,2238.HK,1,2017-09-05,0,,,,,,,,,
2017-12-04,Hang Seng Index,Inclusion,2382,2382.HK,Sunny Optical Technology (Group) Co. Ltd.,242,Inclusion,Hang Seng Index,unchanged,1,1,2382.HK,2382.HK,parse_ok,2382.HK,1,2017-09-05,0,,,,,,,,,
2017-12-04,Hang Seng Composite LargeCap & MidCap Index,Inclusion,6060,6060.HK,ZhongAn Online P & C Insurance,237,Inclusion,Hang Seng Composite LargeCap & MidCap Index,unchanged,1,1,6060.HK,6060.HK,parse_ok,6060.HK,1,2017-09-05,0,,,,,,,,,
2017-12-04,Hang Seng Composite LargeCap & MidCap Index,Inclusion,6088,6088.HK,FIT Hong Teng Ltd. MidCap Information Technology,238,Inclusion,Hang Seng Composite LargeCap & MidCap Index,unchanged,1,1,6088.HK,6088.HK,parse_ok,6088.HK,1,2017-09-05,0,,,,,,,,,
2018-03-05,Hang Seng China 50 Index,Exclusion,000166,000166.SZ,"Shenwan Hongyuan Group Co., Ltd.",243,Exclusion,Hang Seng China 50 Index,unchanged,1,1,000166.SZ,000166.SZ,parse_ok,000166.SZ,0,2017-12-05,0,,,,,,,,,
2018-03-05,Hang Seng Index,Exclusion,4,0004.HK,The Wharf (Holdings) Ltd.,296,Exclusion,Hang Seng Index,unchanged,1,1,0004.HK,0004.HK,parse_ok,0004.HK,0,2017-12-05,0,,,,,,,,,
2018-03-05,Hang Seng China AH Index Series,Inclusion,1513 / 000513,1513.HK / 000513.SZ,Livzon Pharmaceutical Group Inc.,256,Inclusion,Hang Seng China AH Index Series,unchanged,2,0,000513.SZ,000513.SZ,parse_ok,000513.SZ,1,2017-12-05,0,,,,,,,,,
2018-03-05,Hang Seng China 50 Index,Exclusion,1776 / 000776,1776.HK / 000776.SZ,"GF Securities Co., Ltd.",246,Exclusion,Hang Seng China 50 Index,unchanged,2,0,000776.SZ,000776.SZ,parse_ok,000776.SZ,0,2017-12-05,0,,,,,,,,,
2018-03-05,Hang Seng China 50 Index,Inclusion,002352,002352.SZ,"S.F. Holding Co., Ltd.",248,Inclusion,Hang Seng China 50 Index,unchanged,1,1,002352.SZ,002352.SZ,parse_ok,002352.SZ,1,2017-12-05,0,,,,,,,,,
2018-03-05,Hang Seng China 50 Index,Exclusion,002736,002736.SZ,"Guosen Securities Co., Ltd.",244,Exclusion,Hang Seng China 50 Index,unchanged,1,1,002736.SZ,002736.SZ,parse_ok,002736.SZ,0,2017-12-05,0,,,,,,,,,
2018-03-05,Hang Seng Composite LargeCap & MidCap Index,Exclusion,41,0041.HK,Great Eagle Holdings Ltd.,270,Exclusion,Hang Seng Composite LargeCap & MidCap Index,unchanged,1,1,0041.HK,0041.HK,parse_ok,0041.HK,0,2017-12-05,0,,,,,,,,,
2018-03-05,Hang Seng Composite LargeCap & MidCap Index,Inclusion,45,0045.HK,"The Hongkong and Shanghai Hotels, Ltd.",280,Inclusion,Hang Seng Composite LargeCap & MidCap Index,unchanged,1,1,0045.HK,0045.HK,parse_ok,0045.HK,1,2017-12-05,0,,,,,,,,,
2018-03-05,Hang Seng Composite LargeCap & MidCap Index,Inclusion,87,0087.HK,Swire Pacific Ltd. 'B',281,Inclusion,Hang Seng Composite LargeCap & MidCap Index,unchanged,1,1,0087.HK,0087.HK,parse_ok,0087.HK,1,2017-12-05,0,,,,,,,,,
2018-03-05,Hang Seng Composite LargeCap & MidCap Index,Inclusion,127,0127.HK,Chinese Estates Holdings Ltd.,282,Inclusion,Hang Seng Composite LargeCap & MidCap Index,unchanged,1,1,0127.HK,0127.HK,parse_ok,0127.HK,1,2017-12-05,0,,,,,,,,,
2018-03-05,Hang Seng China Enterprises Index,Inclusion,267,0267.HK,CITIC Ltd.,259,Inclusion,Hang Seng China Enterprises Index,unchanged,1,1,0267.HK,0267.HK,parse_ok,0267.HK,1,2017-12-05,0,,,,,,,,,
2018-03-05,Hang Seng China Enterprises Index,Inclusion,270,0270.HK,Guangdong Investment Ltd.,260,Inclusion,Hang Seng China Enterprises Index,unchanged,1,1,0270.HK,0270.HK,parse_ok,0270.HK,1,2017-12-05,0,,,,,,,,,
2018-03-05,Hang Seng China Enterprises Index,Inclusion,384,0384.HK,China Gas Holdings Ltd.,261,Inclusion,Hang Seng China Enterprises Index,unchanged,1,1,0384.HK,0384.HK,parse_ok,0384.HK,1,2017-12-05,0,,,,,,,,,
2018-03-05,Hang Seng China AH Index Series,Exclusion,548 / 600548,0548.HK / 600548.SH,Shenzhen Expressway Co. Ltd.,254,Exclusion,Hang Seng China AH Index Series,unchanged,1,1,0548.HK,0548.HK,parse_ok,0548.HK,0,2017-12-05,0,,,,,,,,,
2018-03-05,Hang Seng Composite LargeCap & MidCap Index,Inclusion,582,0582.HK,Landing International Development Ltd.,283,Inclusion,Hang Seng Composite LargeCap & MidCap Index,unchanged,1,1,0582.HK,0582.HK,parse_ok,0582.HK,1,2017-12-05,0,,,,,,,,,
2018-03-05,Hang Seng China Enterprises Index,Inclusion,700,0700.HK,Tencent Holdings Ltd.,262,Inclusion,Hang Seng China Enterprises Index,unchanged,1,1,0700.HK,0700.HK,parse_ok,0700.HK,1,2017-12-05,0,,,,,,,,,
2018-03-05,Hang Seng Composite LargeCap & MidCap Index,Inclusion,754,0754.HK,Hopson Development Holdings Ltd.,284,Inclusion,Hang Seng Composite LargeCap & MidCap Index,unchanged,1,1,0754.HK,0754.HK,parse_ok,0754.HK,1,2017-12-05,0,,,,,,,,,
2018-03-05,Hang Seng Composite LargeCap & MidCap Index,Inclusion,772,0772.HK,China Literature Ltd.,285,Inclusion,Hang Seng Composite LargeCap & MidCap Index,unchanged,1,1,0772.HK,0772.HK,parse_ok,0772.HK,1,2017-12-05,0,,,,,,,,,
2018-03-05,Hang Seng Composite LargeCap & MidCap Index,Exclusion,787,0787.HK,Global Brands Group Holding Ltd.,271,Exclusion,Hang Seng Composite LargeCap & MidCap Index,unchanged,1,1,0787.HK,0787.HK,parse_ok,0787.HK,0,2017-12-05,0,,,,,,,,,
2018-03-05,Hang Seng Composite LargeCap & MidCap Index,Exclusion,861,0861.HK,Digital China Holdings Ltd.,272,Exclusion,Hang Seng Composite LargeCap & MidCap Index,unchanged,1,1,0861.HK,0861.HK,parse_ok,0861.HK,0,2017-12-05,0,,,,,,,,,
2018-03-05,Hang Seng China Enterprises Index,Inclusion,883,0883.HK,CNOOC Ltd.,263,Inclusion,Hang Seng China Enterprises Index,unchanged,1,1,0883.HK,0883.HK,parse_ok,0883.HK,1,2017-12-05,0,,,,,,,,,
2018-03-05,Hang Seng China Enterprises Index,Inclusion,941,0941.HK,China Mobile Ltd.,264,Inclusion,Hang Seng China Enterprises Index,unchanged,1,1,0941.HK,0941.HK,parse_ok,0941.HK,1,2017-12-05,0,,,,,,,,,
2018-03-05,Hang Seng Composite LargeCap & MidCap Index,Inclusion,1030,1030.HK,Future Land Development Holdings Ltd.,286,Inclusion,Hang Seng Composite LargeCap & MidCap Index,unchanged,1,1,1030.HK,1030.HK,parse_ok,1030.HK,1,2017-12-05,0,,,,,,,,,
2018-03-05,Hang Seng Composite LargeCap & MidCap Index,Exclusion,1031,1031.HK,Kingston Financial Group Ltd.,273,Exclusion,Hang Seng Composite LargeCap & MidCap Index,unchanged,1,1,1031.HK,1031.HK,parse_ok,1031.HK,0,2017-12-05,0,,,,,,,,,
2018-03-05,Hang Seng China Enterprises Index,Inclusion,1044,1044.HK,Hengan International Group Co. Ltd.,265,Inclusion,Hang Seng China Enterprises Index,unchanged,1,1,1044.HK,1044.HK,parse_ok,1044.HK,1,2017-12-05,0,,,,,,,,,
2018-03-05,Hang Seng China AH Index Series,Exclusion,1065 / 600874,1065.HK / 600874.SH,Tianjin Capital Environmental Protection Group Co. Ltd.,255,Exclusion,Hang Seng China AH Index Series,unchanged,1,1,1065.HK,1065.HK,parse_ok,1065.HK,0,2017-12-05,0,,,,,,,,,
2018-03-05,Hang Seng China Enterprises Index,Inclusion,1093,1093.HK,CSPC Pharmaceutical Group Ltd.,266,Inclusion,Hang Seng China Enterprises Index,unchanged,1,1,1093.HK,1093.HK,parse_ok,1093.HK,1,2017-12-05,0,,,,,,,,,
2018-03-05,Hang Seng China Enterprises Index,Inclusion,1109,1109.HK,China Resources Land Ltd.,267,Inclusion,Hang Seng China Enterprises Index,unchanged,1,1,1109.HK,1109.HK,parse_ok,1109.HK,1,2017-12-05,0,,,,,,,,,
2018-03-05,Hang Seng Composite LargeCap & MidCap Index,Inclusion,1141,1141.HK,CMBC Capital Holdings Ltd.,287,Inclusion,Hang Seng Composite LargeCap & MidCap Index,unchanged,1,1,1141.HK,1141.HK,parse_ok,1141.HK,1,2017-12-05,0,,,,,,,,,
2018-03-05,Hang Seng China Enterprises Index,Exclusion,1186,1186.HK,China Railway Construction Corporation Ltd. - H Shares,258,Exclusion,Hang Seng China Enterprises Index,unchanged,1,1,1186.HK,1186.HK,parse_ok,1186.HK,0,2017-12-05,0,,,,,,,,,
2018-03-05,Hang Seng Composite LargeCap & MidCap Index,Inclusion,1269,1269.HK,China First Capital Group Ltd.,288,Inclusion,Hang Seng Composite LargeCap & MidCap Index,unchanged,1,1,1269.HK,1269.HK,parse_ok,1269.HK,1,2017-12-05,0,,,,,,,,,
2018-03-05,Hang Seng Composite LargeCap & MidCap Index,Exclusion,1315,1315.HK,Vision Fame International Holding Ltd.,274,Exclusion,Hang Seng Composite LargeCap & MidCap Index,unchanged,1,1,1315.HK,1315.HK,parse_ok,1315.HK,0,2017-12-05,0,,,,,,,,,
2018-03-05,Hang Seng China 50 Index,Inclusion,1336 / 601336,1336.HK / 601336.SH,New China Life Insurance Co. Ltd.,249,Inclusion,Hang Seng China 50 Index,unchanged,1,1,1336.HK,1336.HK,parse_ok,1336.HK,1,2017-12-05,0,,,,,,,,,
2018-03-05,Hang Seng China 50 Index,Exclusion,1339,1339.HK,The People's Insurance Co. (Group) of China Ltd.,245,Exclusion,Hang Seng China 50 Index,unchanged,1,1,1339.HK,1339.HK,parse_ok,1339.HK,0,2017-12-05,0,,,,,,,,,
2018-03-05,Hang Seng Composite LargeCap & MidCap Index,Inclusion,1378,1378.HK,China Hongqiao Group Ltd.,289,Inclusion,Hang Seng Composite LargeCap & MidCap Index,unchanged,1,1,1378.HK,1378.HK,parse_ok,1378.HK,1,2017-12-05,0,,,,,,,,,
2018-03-05,Hang Seng China AH Index Series,Inclusion,1513 / 000513,1513.HK / 000513.SZ,Livzon Pharmaceutical Group Inc.,256,Inclusion,Hang Seng China AH Index Series,unchanged,1,1,1513.HK,1513.HK,parse_ok,1513.HK,1,2017-12-05,0,,,,,,,,,
2018-03-05,Hang Seng Composite LargeCap & MidCap Index,Inclusion,1628,1628.HK,Yuzhou Properties Co. Ltd.,290,Inclusion,Hang Seng Composite LargeCap & MidCap Index,unchanged,1,1,1628.HK,1628.HK,parse_ok,1628.HK,1,2017-12-05,0,,,,,,,,,
2018-03-05,Hang Seng Composite LargeCap & MidCap Index,Inclusion,1638,1638.HK,Kaisa Group Holdings Ltd.,291,Inclusion,Hang Seng Composite LargeCap & MidCap Index,unchanged,1,1,1638.HK,1638.HK,parse_ok,1638.HK,1,2017-12-05,0,,,,,,,,,
2018-03-05,Hang Seng China 50 Index,Exclusion,1776 / 000776,1776.HK / 000776.SZ,"GF Securities Co., Ltd.",246,Exclusion,Hang Seng China 50 Index,unchanged,1,1,1776.HK,1776.HK,parse_ok,1776.HK,0,2017-12-05,0,,,,,,,,,
2018-03-05,Hang Seng China 50 Index,Inclusion,2007,2007.HK,Country Garden Holdings Co. Ltd.,250,Inclusion,Hang Seng China 50 Index,unchanged,1,1,2007.HK,2007.HK,parse_ok,2007.HK,1,2017-12-05,0,,,,,,,,,
2018-03-05,Hang Seng Composite LargeCap & MidCap Index,Inclusion,2196,2196.HK,"Shanghai Fosun Pharmaceutical (Group) Co., Ltd. - H Shares",292,Inclusion,Hang Seng Composite LargeCap & MidCap Index,unchanged,1,1,2196.HK,2196.HK,parse_ok,2196.HK,1,2017-12-05,0,,,,,,,,,
2018-03-05,Hang Seng Composite LargeCap & MidCap Index,Exclusion,2199,2199.HK,Regina Miracle International (Holdings) Ltd.,275,Exclusion,Hang Seng Composite LargeCap & MidCap Index,unchanged,1,1,2199.HK,2199.HK,parse_ok,2199.HK,0,2017-12-05,0,,,,,,,,,
2018-03-05,Hang Seng Composite LargeCap & MidCap Index,Inclusion,2232,2232.HK,Crystal International Group Ltd.,293,Inclusion,Hang Seng Composite LargeCap & MidCap Index,unchanged,1,1,2232.HK,2232.HK,parse_ok,2232.HK,1,2017-12-05,0,,,,,,,,,
2018-03-05,Hang Seng China Enterprises Index,Inclusion,2313,2313.HK,Shenzhou International Group Holdings Ltd.,268,Inclusion,Hang Seng China Enterprises Index,unchanged,1,1,2313.HK,2313.HK,parse_ok,2313.HK,1,2017-12-05,0,,,,,,,,,
2018-03-05,Hang Seng Composite LargeCap & MidCap Index,Exclusion,2329,2329.HK,Guorui Properties Ltd.,276,Exclusion,Hang Seng Composite LargeCap & MidCap Index,unchanged,1,1,2329.HK,2329.HK,parse_ok,2329.HK,0,2017-12-05,0,,,,,,,,,
2018-03-05,Hang Seng Composite LargeCap & MidCap Index,Inclusion,2858,2858.HK,Yixin Group Ltd.,294,Inclusion,Hang Seng Composite LargeCap & MidCap Index,unchanged,1,1,2858.HK,2858.HK,parse_ok,2858.HK,1,2017-12-05,0,,,,,,,,,
2018-03-05,Hang Seng Composite LargeCap & MidCap Index,Exclusion,2888,2888.HK,Standard Chartered PLC,277,Exclusion,Hang Seng Composite LargeCap & MidCap Index,unchanged,1,1,2888.HK,2888.HK,parse_ok,2888.HK,0,2017-12-05,0,,,,,,,,,
2018-03-05,Hang Seng Composite LargeCap & MidCap Index,Exclusion,3331,3331.HK,Vinda International Holdings Ltd.,278,Exclusion,Hang Seng Composite LargeCap & MidCap Index,unchanged,1,1,3331.HK,3331.HK,parse_ok,3331.HK,0,2017-12-05,0,,,,,,,,,
2018-03-05,Hang Seng China 50 Index,Inclusion,3333,3333.HK,China Evergrande Group,251,Inclusion,Hang Seng China 50 Index,unchanged,1,1,3333.HK,3333.HK,parse_ok,3333.HK,1,2017-12-05,0,,,,,,,,,
2018-03-05,Hang Seng Composite LargeCap & MidCap Index,Exclusion,3698,3698.HK,Huishang Bank Corporation Ltd. - H shares,279,Exclusion,Hang Seng Composite LargeCap & MidCap Index,unchanged,1,1,3698.HK,3698.HK,parse_ok,3698.HK,0,2017-12-05,0,,,,,,,,,
2018-03-05,Hang Seng China AH Index Series,Inclusion,3958 / 600958,3958.HK / 600958.SH,Orient Securities Company Limited,257,Inclusion,Hang Seng China AH Index Series,unchanged,1,1,3958.HK,3958.HK,parse_ok,3958.HK,1,2017-12-05,0,,,,,,,,,
2018-03-05,Hang Seng Composite LargeCap & MidCap Index,Inclusion,3993,3993.HK,"China Molybdenum Co., Ltd. - H Shares",295,Inclusion,Hang Seng Composite LargeCap & MidCap Index,unchanged,1,1,3993.HK,3993.HK,parse_ok,3993.HK,1,2017-12-05,0,,,,,,,,,
2018-03-05,Hang Seng China 50 Index,Inclusion,600019,600019.SH,"Baoshan Iron & Steel Co., Ltd.",252,Inclusion,Hang Seng China 50 Index,unchanged,1,1,600019.SH,600019.SS,parse_ok,600019.SS,1,2017-12-05,0,,,,,,,,,
2018-03-05,Hang Seng China 50 Index,Inclusion,600050,600050.SH,China United Network Communications Limited,253,Inclusion,Hang Seng China 50 Index,unchanged,1,1,600050.SH,600050.SS,parse_ok,600050.SS,1,2017-12-05,0,,,,,,,,,
2018-03-05,Hang Seng China AH Index Series,Exclusion,548 / 600548,0548.HK / 600548.SH,Shenzhen Expressway Co. Ltd.,254,Exclusion,Hang Seng China AH Index Series,unchanged,2,0,600548.SH,600548.SS,parse_ok,600548.SS,0,2017-12-05,0,,,,,,,,,
2018-03-05,Hang Seng China AH Index Series,Exclusion,1065 / 600874,1065.HK / 600874.SH,Tianjin Capital Environmental Protection Group Co. Ltd.,255,Exclusion,Hang Seng China AH Index Series,unchanged,2,0,600874.SH,600874.SS,parse_ok,600874.SS,0,2017-12-05,0,,,,,,,,,
2018-03-05,Hang Seng China AH Index Series,Inclusion,3958 / 600958,3958.HK / 600958.SH,Orient Securities Company Limited,257,Inclusion,Hang Seng China AH Index Series,unchanged,2,0,600958.SH,600958.SS,parse_ok,600958.SS,1,2017-12-05,0,,,,,,,,,
2018-03-05,Hang Seng China 50 Index,Inclusion,1336 / 601336,1336.HK / 601336.SH,New China Life Insurance Co. Ltd.,249,Inclusion,Hang Seng China 50 Index,unchanged,2,0,601336.SH,601336.SS,parse_ok,601336.SS,1,2017-12-05,0,,,,,,,,,
2018-03-05,Hang Seng China 50 Index,Exclusion,601989,601989.SH,China Shipbuilding Industry Company Limited,247,Exclusion,Hang Seng China 50 Index,unchanged,1,1,601989.SH,601989.SS,parse_ok,601989.SS,0,2017-12-05,0,,,,,,,,,
2018-03-05,Hang Seng China Enterprises Index,Inclusion,6060,6060.HK,"ZhongAn Online P & C Insurance Co., Ltd. - H Shares",269,Inclusion,Hang Seng China Enterprises Index,unchanged,1,1,6060.HK,6060.HK,parse_ok,6060.HK,1,2017-12-05,0,,,,,,,,,
2018-06-04,Hang Seng Index,Exclusion,992,0992.HK,Lenovo Group Ltd.,300,Exclusion,Hang Seng Index,unchanged,1,1,0992.HK,0992.HK,parse_ok,0992.HK,0,2018-03-06,0,,,,,,,,,
2018-06-04,Hang Seng Index,Inclusion,1093,1093.HK,CSPC Pharmaceutical Group Ltd.,301,Inclusion,Hang Seng Index,unchanged,1,1,1093.HK,1093.HK,parse_ok,1093.HK,1,2018-03-06,0,,,,,,,,,
2018-06-04,Hang Seng China Enterprises Index,Inclusion,2799,2799.HK,"China Huarong Asset Management Co., Ltd. - H Shares",298,Inclusion,Hang Seng China Enterprises Index,unchanged,1,1,2799.HK,2799.HK,parse_ok,2799.HK,1,2018-03-06,0,,,,,,,,,
2018-06-04,Hang Seng China Enterprises Index,Exclusion,3898,3898.HK,"Zhuzhou CRRC Times Electric Co., Ltd. - H Shares",297,Exclusion,Hang Seng China Enterprises Index,unchanged,1,1,3898.HK,3898.HK,parse_ok,3898.HK,0,2018-03-06,0,,,,,,,,,
2018-06-04,Hang Seng Composite LargeCap & MidCap Index,Inclusion,6158,6158.HK,Zhenro Properties Group Limited MidCap Properties & Construction,299,Inclusion,Hang Seng Composite LargeCap & MidCap Index,unchanged,1,1,6158.HK,6158.HK,parse_ok,6158.HK,1,2018-03-06,0,,,,,,,,,
2018-09-10,Hang Seng (China A) Corporate Sustainability Benchmark Index,Exclusion,000001,000001.SZ,"Ping An Bank Co., Ltd.",302,Exclusion,Hang Seng (China A) Corporate Sustainability Benchmark Index,unchanged,1,1,000001.SZ,000001.SZ,parse_ok,000001.SZ,0,2018-06-12,0,,,,,,,,,
2018-09-10,Hang Seng (China A) Corporate Sustainability Index,Exclusion,000001,000001.SZ,"Ping An Bank Co., Ltd.",324,Exclusion,Hang Seng (China A) Corporate Sustainability Index,unchanged,1,1,000001.SZ,000001.SZ,parse_ok,000001.SZ,0,2018-06-12,0,,,,,,,,,
2018-09-10,Hang Seng (China A) Corporate Sustainability Index,Inclusion,000002,000002.SZ,"China Vanke Co., Ltd.",330,Inclusion,Hang Seng (China A) Corporate Sustainability Index,unchanged,1,1,000002.SZ,000002.SZ,parse_ok,000002.SZ,1,2018-06-12,0,,,,,,,,,
2018-09-10,Hang Seng (China A) Corporate Sustainability Benchmark Index,Exclusion,000063,000063.SZ,ZTE Corporation,303,Exclusion,Hang Seng (China A) Corporate Sustainability Benchmark Index,unchanged,1,1,000063.SZ,000063.SZ,parse_ok,000063.SZ,0,2018-06-12,0,,,,,,,,,
2018-09-10,Hang Seng (China A) Corporate Sustainability Index,Exclusion,000063,000063.SZ,ZTE Corporation,325,Exclusion,Hang Seng (China A) Corporate Sustainability Index,unchanged,1,1,000063.SZ,000063.SZ,parse_ok,000063.SZ,0,2018-06-12,0,,,,,,,,,
2018-09-10,Hang Seng China A Industry Top Index,Inclusion,000063,000063.SZ,ZTE Corporation,348,Inclusion,Hang Seng China A Industry Top Index,unchanged,1,1,000063.SZ,000063.SZ,parse_ok,000063.SZ,1,2018-06-12,0,,,,,,,,,
2018-09-10,Hang Seng China A Top 100 Index,Inclusion,000063,000063.SZ,ZTE Corporation,358,Inclusion,Hang Seng China A Top 100 Index,unchanged,1,1,000063.SZ,000063.SZ,parse_ok,000063.SZ,1,2018-06-12,0,,,,,,,,,
2018-09-10,Hang Seng China A Industry Top Index,Inclusion,000858,000858.SZ,"Wuliangye Yibin Co.,Ltd",349,Inclusion,Hang Seng China A Industry Top Index,unchanged,1,1,000858.SZ,000858.SZ,parse_ok,000858.SZ,1,2018-06-12,0,,,,,,,,,
2018-09-10,Hang Seng China A Top 100 Index,Exclusion,000876,000876.SZ,"New Hope Liuhe Co., Ltd",353,Exclusion,Hang Seng China A Top 100 Index,unchanged,1,1,000876.SZ,000876.SZ,parse_ok,000876.SZ,0,2018-06-12,0,,,,,,,,,
2018-09-10,Hang Seng (China A) Corporate Sustainability Benchmark Index,Inclusion,000898,000898.SZ,Angang Steel Co. Ltd.,313,Inclusion,Hang Seng (China A) Corporate Sustainability Benchmark Index,unchanged,1,1,000898.SZ,000898.SZ,parse_ok,000898.SZ,1,2018-06-12,0,,,,,,,,,
2018-09-10,Hang Seng Corporate Sustainability Benchmark Index,Inclusion,10,0010.HK,Hang Lung Group Ltd.,420,Inclusion,Hang Seng Corporate Sustainability Benchmark Index,unchanged,1,1,0010.HK,0010.HK,parse_ok,0010.HK,1,2018-06-12,0,,,,,,,,,
2018-09-10,Hang Seng Corporate Sustainability Benchmark Index,Exclusion,20,0020.HK,Wheelock and Co. Ltd.,395,Exclusion,Hang Seng Corporate Sustainability Benchmark Index,unchanged,1,1,0020.HK,0020.HK,parse_ok,0020.HK,0,2018-06-12,0,,,,,,,,,
2018-09-10,Hang Seng (China A) Corporate Sustainability Benchmark Index,Exclusion,002024,002024.SZ,"Suning.com Co., Ltd.",304,Exclusion,Hang Seng (China A) Corporate Sustainability Benchmark Index,unchanged,1,1,002024.SZ,002024.SZ,parse_ok,002024.SZ,0,2018-06-12,0,,,,,,,,,
2018-09-10,Hang Seng China A Industry Top Index,Exclusion,002241,002241.SZ,Goertek Inc.,342,Exclusion,Hang Seng China A Industry Top Index,unchanged,1,1,002241.SZ,002241.SZ,parse_ok,002241.SZ,0,2018-06-12,0,,,,,,,,,
2018-09-10,Hang Seng Index,Exclusion,23,0023.HK,"The Bank of East Asia, Ltd.",454,Exclusion,Hang Seng Index,unchanged,1,1,0023.HK,0023.HK,parse_ok,0023.HK,0,2018-06-12,0,,,,,,,,,
2018-09-10,Hang Seng (China A) Corporate Sustainability Benchmark Index,Inclusion,002594,002594.SZ,BYD Co. Ltd.,314,Inclusion,Hang Seng (China A) Corporate Sustainability Benchmark Index,unchanged,1,1,002594.SZ,002594.SZ,parse_ok,002594.SZ,1,2018-06-12,0,,,,,,,,,
2018-09-10,Hang Seng Corporate Sustainability Benchmark Index,Exclusion,41,0041.HK,Great Eagle Holdings Ltd.,396,Exclusion,Hang Seng Corporate Sustainability Benchmark Index,unchanged,1,1,0041.HK,0041.HK,parse_ok,0041.HK,0,2018-06-12,0,,,,,,,,,
2018-09-10,Hang Seng Composite LargeCap & MidCap Index,Exclusion,43,0043.HK,C. P. Pokphand Co. Ltd.,363,Exclusion,Hang Seng Composite LargeCap & MidCap Index,unchanged,1,1,0043.HK,0043.HK,parse_ok,0043.HK,0,2018-06-12,0,,,,,,,,,
2018-09-10,Hang Seng Corporate Sustainability Benchmark Index,Inclusion,45,0045.HK,"The Hongkong and Shanghai Hotels, Ltd.",421,Inclusion,Hang Seng Corporate Sustainability Benchmark Index,unchanged,1,1,0045.HK,0045.HK,parse_ok,0045.HK,1,2018-06-12,0,,,,,,,,,
2018-09-10,Hang Seng Composite LargeCap & MidCap Index,Inclusion,54,0054.HK,Hopewell Holdings Ltd.,377,Inclusion,Hang Seng Composite LargeCap & MidCap Index,unchanged,1,1,0054.HK,0054.HK,parse_ok,0054.HK,1,2018-06-12,0,,,,,,,,,
2018-09-10,Hang Seng Corporate Sustainability Benchmark Index,Inclusion,54,0054.HK,Hopewell Holdings Ltd.,422,Inclusion,Hang Seng Corporate Sustainability Benchmark Index,unchanged,1,1,0054.HK,0054.HK,parse_ok,0054.HK,1,2018-06-12,0,,,,,,,,,
2018-09-10,Hang Seng Corporate Sustainability Benchmark Index,Exclusion,66,0066.HK,MTR Corporation Ltd.,397,Exclusion,Hang Seng Corporate Sustainability Benchmark Index,unchanged,1,1,0066.HK,0066.HK,parse_ok,0066.HK,0,2018-06-12,0,,,,,,,,,
2018-09-10,Hang Seng Corporate Sustainability Index,Exclusion,66,0066.HK,MTR Corporation Ltd.,442,Exclusion,Hang Seng Corporate Sustainability Index,unchanged,1,1,0066.HK,0066.HK,parse_ok,0066.HK,0,2018-06-12,0,,,,,,,,,
2018-09-10,Hang Seng Corporate Sustainability Index,Inclusion,69,0069.HK,Shangri-La Asia Ltd.,448,Inclusion,Hang Seng Corporate Sustainability Index,unchanged,1,1,0069.HK,0069.HK,parse_ok,0069.HK,1,2018-06-12,0,,,,,,,,,
2018-09-10,Hang Seng Corporate Sustainability Benchmark Index,Inclusion,78,0078.HK,Regal Hotels International Holdings Ltd.,423,Inclusion,Hang Seng Corporate Sustainability Benchmark Index,unchanged,1,1,0078.HK,0078.HK,parse_ok,0078.HK,1,2018-06-12,0,,,,,,,,,
2018-09-10,Hang Seng Corporate Sustainability Benchmark Index,Inclusion,87,0087.HK,Swire Pacific Ltd. 'B',424,Inclusion,Hang Seng Corporate Sustainability Benchmark Index,unchanged,1,1,0087.HK,0087.HK,parse_ok,0087.HK,1,2018-06-12,0,,,,,,,,,
2018-09-10,Hang Seng Corporate Sustainability Index,Inclusion,87,0087.HK,Swire Pacific Ltd. 'B',449,Inclusion,Hang Seng Corporate Sustainability Index,unchanged,1,1,0087.HK,0087.HK,parse_ok,0087.HK,1,2018-06-12,0,,,,,,,,,
2018-09-10,Hang Seng Corporate Sustainability Benchmark Index,Inclusion,142,0142.HK,First Pacific Co. Ltd.,425,Inclusion,Hang Seng Corporate Sustainability Benchmark Index,unchanged,1,1,0142.HK,0142.HK,parse_ok,0142.HK,1,2018-06-12,0,,,,,,,,,
2018-09-10,Hang Seng Index,Exclusion,144,0144.HK,China Merchants Port Holdings Co. Ltd.,455,Exclusion,Hang Seng Index,unchanged,1,1,0144.HK,0144.HK,parse_ok,0144.HK,0,2018-06-12,0,,,,,,,,,
2018-09-10,Hang Seng Corporate Sustainability Benchmark Index,Inclusion,163,0163.HK,Emperor International Holdings Ltd.,426,Inclusion,Hang Seng Corporate Sustainability Benchmark Index,unchanged,1,1,0163.HK,0163.HK,parse_ok,0163.HK,1,2018-06-12,0,,,,,,,,,
2018-09-10,Hang Seng Corporate Sustainability Benchmark Index,Inclusion,173,0173.HK,K. Wah International Holdings Ltd.,427,Inclusion,Hang Seng Corporate Sustainability Benchmark Index,unchanged,1,1,0173.HK,0173.HK,parse_ok,0173.HK,1,2018-06-12,0,,,,,,,,,
2018-09-10,Hang Seng Corporate Sustainability Benchmark Index,Inclusion,175,0175.HK,Geely Automobile Holdings Ltd.,428,Inclusion,Hang Seng Corporate Sustainability Benchmark Index,unchanged,1,1,0175.HK,0175.HK,parse_ok,0175.HK,1,2018-06-12,0,,,,,,,,,
2018-09-10,Hang Seng Corporate Sustainability Benchmark Index,Inclusion,179,0179.HK,Johnson Electric Holdings Ltd.,429,Inclusion,Hang Seng Corporate Sustainability Benchmark Index,unchanged,1,1,0179.HK,0179.HK,parse_ok,0179.HK,1,2018-06-12,0,,,,,,,,,
2018-09-10,Hang Seng Corporate Sustainability Benchmark Index,Exclusion,200,0200.HK,Melco International Development Ltd.,398,Exclusion,Hang Seng Corporate Sustainability Benchmark Index,unchanged,1,1,0200.HK,0200.HK,parse_ok,0200.HK,0,2018-06-12,0,,,,,,,,,
2018-09-10,Hang Seng Corporate Sustainability Benchmark Index,Inclusion,288,0288.HK,WH Group Ltd.,430,Inclusion,Hang Seng Corporate Sustainability Benchmark Index,unchanged,1,1,0288.HK,0288.HK,parse_ok,0288.HK,1,2018-06-12,0,,,,,,,,,
2018-09-10,Hang Seng Corporate Sustainability Benchmark Index,Exclusion,297,0297.HK,Sinofert Holdings Ltd.,399,Exclusion,Hang Seng Corporate Sustainability Benchmark Index,unchanged,1,1,0297.HK,0297.HK,parse_ok,0297.HK,0,2018-06-12,0,,,,,,,,,
2018-09-10,Hang Seng Corporate Sustainability Index,Inclusion,316,0316.HK,Orient Overseas (International) Ltd.,450,Inclusion,Hang Seng Corporate Sustainability Index,unchanged,1,1,0316.HK,0316.HK,parse_ok,0316.HK,1,2018-06-12,0,,,,,,,,,
2018-09-10,Hang Seng Composite LargeCap & MidCap Index,Exclusion,317,0317.HK,CSSC Offshore & Marine Engineering (Group) Co. Ltd. - H Shares,364,Exclusion,Hang Seng Composite LargeCap & MidCap Index,unchanged,1,1,0317.HK,0317.HK,parse_ok,0317.HK,0,2018-06-12,0,,,,,,,,,
2018-09-10,Hang Seng Stock Connect China AH Index Series,Exclusion,317 / 600685,0317.HK / 600685.SH,CSSC Offshore & Marine Engineering (Group) Co. Ltd.,458,Exclusion,Hang Seng Stock Connect China AH Index Series,unchanged,1,1,0317.HK,0317.HK,parse_ok,0317.HK,0,2018-06-12,0,,,,,,,,,
2018-09-10,Hang Seng Corporate Sustainability Benchmark Index,Exclusion,323,0323.HK,Maanshan Iron & Steel Co. Ltd. - H Shares,400,Exclusion,Hang Seng Corporate Sustainability Benchmark Index,unchanged,1,1,0323.HK,0323.HK,parse_ok,0323.HK,0,2018-06-12,0,,,,,,,,,
2018-09-10,Hang Seng Composite LargeCap & MidCap Index,Exclusion,330,0330.HK,Esprit Holdings Ltd.,365,Exclusion,Hang Seng Composite LargeCap & MidCap Index,unchanged,1,1,0330.HK,0330.HK,parse_ok,0330.HK,0,2018-06-12,0,,,,,,,,,
2018-09-10,Hang Seng Corporate Sustainability Benchmark Index,Inclusion,345,0345.HK,Vitasoy International Holdings Ltd.,431,Inclusion,Hang Seng Corporate Sustainability Benchmark Index,unchanged,1,1,0345.HK,0345.HK,parse_ok,0345.HK,1,2018-06-12,0,,,,,,,,,
2018-09-10,Hang Seng Corporate Sustainability Benchmark Index,Exclusion,347,0347.HK,Angang Steel Co. Ltd. - H Shares,401,Exclusion,Hang Seng Corporate Sustainability Benchmark Index,unchanged,1,1,0347.HK,0347.HK,parse_ok,0347.HK,0,2018-06-12,0,,,,,,,,,
2018-09-10,Hang Seng Corporate Sustainability Index,Exclusion,390,0390.HK,China Railway Group Ltd. - H Shares,443,Exclusion,Hang Seng Corporate Sustainability Index,unchanged,1,1,0390.HK,0390.HK,parse_ok,0390.HK,0,2018-06-12,0,,,,,,,,,
2018-09-10,Hang Seng Composite LargeCap & MidCap Index,Exclusion,400,0400.HK,Cogobuy Group,366,Exclusion,Hang Seng Composite LargeCap & MidCap Index,unchanged,1,1,0400.HK,0400.HK,parse_ok,0400.HK,0,2018-06-12,0,,,,,,,,,
2018-09-10,Hang Seng Corporate Sustainability Benchmark Index,Exclusion,405,0405.HK,Yuexiu Real Estate Investment Trust,402,Exclusion,Hang Seng Corporate Sustainability Benchmark Index,unchanged,1,1,0405.HK,0405.HK,parse_ok,0405.HK,0,2018-06-12,0,,,,,,,,,
2018-09-10,Hang Seng Corporate Sustainability Benchmark Index,Exclusion,480,0480.HK,HKR International Ltd.,403,Exclusion,Hang Seng Corporate Sustainability Benchmark Index,unchanged,1,1,0480.HK,0480.HK,parse_ok,0480.HK,0,2018-06-12,0,,,,,,,,,
2018-09-10,Hang Seng Composite LargeCap & MidCap Index,Inclusion,486,0486.HK,United Company RUSAL Plc - F,378,Inclusion,Hang Seng Composite LargeCap & MidCap Index,unchanged,1,1,0486.HK,0486.HK,parse_ok,0486.HK,1,2018-06-12,0,,,,,,,,,
2018-09-10,Hang Seng Corporate Sustainability Index,Exclusion,494,0494.HK,Li & Fung Ltd.,444,Exclusion,Hang Seng Corporate Sustainability Index,unchanged,1,1,0494.HK,0494.HK,parse_ok,0494.HK,0,2018-06-12,0,,,,,,,,,
2018-09-10,Hang Seng Corporate Sustainability Benchmark Index,Inclusion,517,0517.HK,"COSCO SHIPPING International (Hong Kong) Co., Ltd.",432,Inclusion,Hang Seng Corporate Sustainability Benchmark Index,unchanged,1,1,0517.HK,0517.HK,parse_ok,0517.HK,1,2018-06-12,0,,,,,,,,,
2018-09-10,Hang Seng Composite LargeCap & MidCap Index,Inclusion,581,0581.HK,China Oriental Group Co. Ltd.,379,Inclusion,Hang Seng Composite LargeCap & MidCap Index,unchanged,1,1,0581.HK,0581.HK,parse_ok,0581.HK,1,2018-06-12,0,,,,,,,,,
2018-09-10,Hang Seng Corporate Sustainability Benchmark Index,Exclusion,606,0606.HK,China Agri-Industries Holdings Ltd.,404,Exclusion,Hang Seng Corporate Sustainability Benchmark Index,unchanged,1,1,0606.HK,0606.HK,parse_ok,0606.HK,0,2018-06-12,0,,,,,,,,,
2018-09-10,Hang Seng Composite LargeCap & MidCap Index,Exclusion,680,0680.HK,Nan Hai Corporation Ltd.,367,Exclusion,Hang Seng Composite LargeCap & MidCap Index,unchanged,1,1,0680.HK,0680.HK,parse_ok,0680.HK,0,2018-06-12,0,,,,,,,,,
2018-09-10,Hang Seng Corporate Sustainability Index,Inclusion,683,0683.HK,Kerry Properties Ltd.,451,Inclusion,Hang Seng Corporate Sustainability Index,unchanged,1,1,0683.HK,0683.HK,parse_ok,0683.HK,1,2018-06-12,0,,,,,,,,,
2018-09-10,Hang Seng Composite LargeCap & MidCap Index,Exclusion,732,0732.HK,Truly International Holdings Ltd.,368,Exclusion,Hang Seng Composite LargeCap & MidCap Index,unchanged,1,1,0732.HK,0732.HK,parse_ok,0732.HK,0,2018-06-12,0,,,,,,,,,
2018-09-10,Hang Seng Corporate Sustainability Benchmark Index,Exclusion,763,0763.HK,ZTE Corporation - H Shares,405,Exclusion,Hang Seng Corporate Sustainability Benchmark Index,unchanged,1,1,0763.HK,0763.HK,parse_ok,0763.HK,0,2018-06-12,0,,,,,,,,,
2018-09-10,Hang Seng Corporate Sustainability Benchmark Index,Exclusion,819,0819.HK,Tianneng Power International Ltd.,406,Exclusion,Hang Seng Corporate Sustainability Benchmark Index,unchanged,1,1,0819.HK,0819.HK,parse_ok,0819.HK,0,2018-06-12,0,,,,,,,,,
2018-09-10,Hang Seng Composite LargeCap & MidCap Index,Inclusion,839,0839.HK,China Education Group Holdings Ltd.,380,Inclusion,Hang Seng Composite LargeCap & MidCap Index,unchanged,1,1,0839.HK,0839.HK,parse_ok,0839.HK,1,2018-06-12,0,,,,,,,,,
2018-09-10,Hang Seng Composite LargeCap & MidCap Index,Exclusion,931,0931.HK,China LNG Group Ltd.,369,Exclusion,Hang Seng Composite LargeCap & MidCap Index,unchanged,1,1,0931.HK,0931.HK,parse_ok,0931.HK,0,2018-06-12,0,,,,,,,,,
2018-09-10,Hang Seng Corporate Sustainability Benchmark Index,Exclusion,939,0939.HK,China Construction Bank Corporation - H Shares,407,Exclusion,Hang Seng Corporate Sustainability Benchmark Index,unchanged,1,1,0939.HK,0939.HK,parse_ok,0939.HK,0,2018-06-12,0,,,,,,,,,
2018-09-10,Hang Seng Corporate Sustainability Benchmark Index,Inclusion,968,0968.HK,Xinyi Solar Holdings Ltd.,433,Inclusion,Hang Seng Corporate Sustainability Benchmark Index,unchanged,1,1,0968.HK,0968.HK,parse_ok,0968.HK,1,2018-06-12,0,,,,,,,,,
2018-09-10,Hang Seng Composite LargeCap & MidCap Index,Inclusion,973,0973.HK,L'Occitane International S.A. - F,381,Inclusion,Hang Seng Composite LargeCap & MidCap Index,unchanged,1,1,0973.HK,0973.HK,parse_ok,0973.HK,1,2018-06-12,0,,,,,,,,,
2018-09-10,Hang Seng Corporate Sustainability Index,Inclusion,981,0981.HK,Semiconductor Manufacturing International Corporation,452,Inclusion,Hang Seng Corporate Sustainability Index,unchanged,1,1,0981.HK,0981.HK,parse_ok,0981.HK,1,2018-06-12,0,,,,,,,,,
2018-09-10,Hang Seng Composite LargeCap & MidCap Index,Exclusion,996,0996.HK,Carnival Group International Holdings Ltd.,370,Exclusion,Hang Seng Composite LargeCap & MidCap Index,unchanged,1,1,0996.HK,0996.HK,parse_ok,0996.HK,0,2018-06-12,0,,,,,,,,,
2018-09-10,Hang Seng Corporate Sustainability Benchmark Index,Exclusion,1088,1088.HK,China Shenhua Energy Co. Ltd. - H Shares,408,Exclusion,Hang Seng Corporate Sustainability Benchmark Index,unchanged,1,1,1088.HK,1088.HK,parse_ok,1088.HK,0,2018-06-12,0,,,,,,,,,
2018-09-10,Hang Seng Corporate Sustainability Index,Inclusion,1109,1109.HK,China Resources Land Ltd.,453,Inclusion,Hang Seng Corporate Sustainability Index,unchanged,1,1,1109.HK,1109.HK,parse_ok,1109.HK,1,2018-06-12,0,,,,,,,,,
2018-09-10,Hang Seng Corporate Sustainability Benchmark Index,Inclusion,1112,1112.HK,Health and Happiness (H&H) International Holdings Ltd.,434,Inclusion,Hang Seng Corporate Sustainability Benchmark Index,unchanged,1,1,1112.HK,1112.HK,parse_ok,1112.HK,1,2018-06-12,0,,,,,,,,,
2018-09-10,Hang Seng Composite LargeCap & MidCap Index,Exclusion,1117,1117.HK,China Modern Dairy Holdings Ltd.,371,Exclusion,Hang Seng Composite LargeCap & MidCap Index,unchanged,1,1,1117.HK,1117.HK,parse_ok,1117.HK,0,2018-06-12,0,,,,,,,,,
2018-09-10,Hang Seng Corporate Sustainability Benchmark Index,Inclusion,1138,1138.HK,"COSCO SHIPPING Energy Transportation Co., Ltd. - H Shares",435,Inclusion,Hang Seng Corporate Sustainability Benchmark Index,unchanged,1,1,1138.HK,1138.HK,parse_ok,1138.HK,1,2018-06-12,0,,,,,,,,,
2018-09-10,Hang Seng Index,Inclusion,1177,1177.HK,Sino Biopharmaceutical Ltd.,456,Inclusion,Hang Seng Index,unchanged,1,1,1177.HK,1177.HK,parse_ok,1177.HK,1,2018-06-12,0,,,,,,,,,
2018-09-10,Hang Seng China 50 Index,Exclusion,1186 / 601186,1186.HK / 601186.SH,China Railway Construction Corporation Ltd.,336,Exclusion,Hang Seng China 50 Index,unchanged,1,1,1186.HK,1186.HK,parse_ok,1186.HK,0,2018-06-12,0,,,,,,,,,
2018-09-10,Hang Seng Composite LargeCap & MidCap Index,Inclusion,1233,1233.HK,Times China Holdings Ltd.,382,Inclusion,Hang Seng Composite LargeCap & MidCap Index,unchanged,1,1,1233.HK,1233.HK,parse_ok,1233.HK,1,2018-06-12,0,,,,,,,,,
2018-09-10,Hang Seng Corporate Sustainability Benchmark Index,Inclusion,1257,1257.HK,China Everbright Greentech Ltd.,436,Inclusion,Hang Seng Corporate Sustainability Benchmark Index,unchanged,1,1,1257.HK,1257.HK,parse_ok,1257.HK,1,2018-06-12,0,,,,,,,,,
2018-09-10,Hang Seng Corporate Sustainability Benchmark Index,Inclusion,1299,1299.HK,AIA Group Ltd.,437,Inclusion,Hang Seng Corporate Sustainability Benchmark Index,unchanged,1,1,1299.HK,1299.HK,parse_ok,1299.HK,1,2018-06-12,0,,,,,,,,,
2018-09-10,Hang Seng Corporate Sustainability Benchmark Index,Exclusion,1308,1308.HK,SITC International Holdings Co. Ltd.,409,Exclusion,Hang Seng Corporate Sustainability Benchmark Index,unchanged,1,1,1308.HK,1308.HK,parse_ok,1308.HK,0,2018-06-12,0,,,,,,,,,
2018-09-10,Hang Seng Composite LargeCap & MidCap Index,Inclusion,1337,1337.HK,Razer Inc. - F,383,Inclusion,Hang Seng Composite LargeCap & MidCap Index,unchanged,1,1,1337.HK,1337.HK,parse_ok,1337.HK,1,2018-06-12,0,,,,,,,,,
2018-09-10,Hang Seng Composite LargeCap & MidCap Index,Exclusion,1363,1363.HK,CT Environmental Group Ltd.,372,Exclusion,Hang Seng Composite LargeCap & MidCap Index,unchanged,1,1,1363.HK,1363.HK,parse_ok,1363.HK,0,2018-06-12,0,,,,,,,,,
2018-09-10,Hang Seng Corporate Sustainability Index,Exclusion,1398,1398.HK,Industrial and Commercial Bank of China Ltd. - H Shares,445,Exclusion,Hang Seng Corporate Sustainability Index,unchanged,1,1,1398.HK,1398.HK,parse_ok,1398.HK,0,2018-06-12,0,,,,,,,,,
2018-09-10,Hang Seng Composite LargeCap & MidCap Index,Exclusion,1432,1432.HK,China Shengmu Organic Milk Ltd.,373,Exclusion,Hang Seng Composite LargeCap & MidCap Index,unchanged,1,1,1432.HK,1432.HK,parse_ok,1432.HK,0,2018-06-12,0,,,,,,,,,
2018-09-10,Hang Seng Stock Connect China AH Index Series,Inclusion,1528 / 601828,1528.HK / 601828.SH,Red Star Macalline Group Corporation Ltd.,459,Inclusion,Hang Seng Stock Connect China AH Index Series,unchanged,1,1,1528.HK,1528.HK,parse_ok,1528.HK,1,2018-06-12,0,,,,,,,,,
2018-09-10,Hang Seng Composite LargeCap & MidCap Index,Inclusion,1548,1548.HK,Genscript Biotech Corporation,384,Inclusion,Hang Seng Composite LargeCap & MidCap Index,unchanged,1,1,1548.HK,1548.HK,parse_ok,1548.HK,1,2018-06-12,0,,,,,,,,,
2018-09-10,Hang Seng Corporate Sustainability Benchmark Index,Inclusion,1658,1658.HK,"Postal Savings Bank of China Co., Ltd. - H Shares",438,Inclusion,Hang Seng Corporate Sustainability Benchmark Index,unchanged,1,1,1658.HK,1658.HK,parse_ok,1658.HK,1,2018-06-12,0,,,,,,,,,
2018-09-10,Hang Seng Composite LargeCap & MidCap Index,Exclusion,1680,1680.HK,Macau Legend Development Ltd.,374,Exclusion,Hang Seng Composite LargeCap & MidCap Index,unchanged,1,1,1680.HK,1680.HK,parse_ok,1680.HK,0,2018-06-12,0,,,,,,,,,
2018-09-10,Hang Seng Corporate Sustainability Benchmark Index,Inclusion,1686,1686.HK,SUNeVision Holdings Ltd.,439,Inclusion,Hang Seng Corporate Sustainability Benchmark Index,unchanged,1,1,1686.HK,1686.HK,parse_ok,1686.HK,1,2018-06-12,0,,,,,,,,,
2018-09-10,Hang Seng Composite LargeCap & MidCap Index,Inclusion,1728,1728.HK,China ZhengTong Auto Services Holdings Ltd.,385,Inclusion,Hang Seng Composite LargeCap & MidCap Index,unchanged,1,1,1728.HK,1728.HK,parse_ok,1728.HK,1,2018-06-12,0,,,,,,,,,
2018-09-10,Hang Seng Composite LargeCap & MidCap Index,Inclusion,1833,1833.HK,Ping An Healthcare and Technology Co. Ltd.,386,Inclusion,Hang Seng Composite LargeCap & MidCap Index,unchanged,1,1,1833.HK,1833.HK,parse_ok,1833.HK,1,2018-06-12,0,,,,,,,,,
2018-09-10,Hang Seng Composite LargeCap & MidCap Index,Inclusion,1910,1910.HK,Samsonite International S.A. - F,387,Inclusion,Hang Seng Composite LargeCap & MidCap Index,unchanged,1,1,1910.HK,1910.HK,parse_ok,1910.HK,1,2018-06-12,0,,,,,,,,,
2018-09-10,Hang Seng Composite LargeCap & MidCap Index,Inclusion,1913,1913.HK,Prada S.P.A. - F,388,Inclusion,Hang Seng Composite LargeCap & MidCap Index,unchanged,1,1,1913.HK,1913.HK,parse_ok,1913.HK,1,2018-06-12,0,,,,,,,,,
2018-09-10,Hang Seng Composite LargeCap & MidCap Index,Exclusion,1970,1970.HK,"IMAX China Holding, Inc.",375,Exclusion,Hang Seng Composite LargeCap & MidCap Index,unchanged,1,1,1970.HK,1970.HK,parse_ok,1970.HK,0,2018-06-12,0,,,,,,,,,
2018-09-10,Hang Seng Corporate Sustainability Benchmark Index,Exclusion,2039,2039.HK,"China Int'l Marine Containers (Group) Co., Ltd. - H Shares",410,Exclusion,Hang Seng Corporate Sustainability Benchmark Index,unchanged,1,1,2039.HK,2039.HK,parse_ok,2039.HK,0,2018-06-12,0,,,,,,,,,
2018-09-10,Hang Seng Corporate Sustainability Benchmark Index,Exclusion,2196,2196.HK,"Shanghai Fosun Pharmaceutical (Group) Co., Ltd. - H Shares",411,Exclusion,Hang Seng Corporate Sustainability Benchmark Index,unchanged,1,1,2196.HK,2196.HK,parse_ok,2196.HK,0,2018-06-12,0,,,,,,,,,
2018-09-10,Hang Seng Corporate Sustainability Benchmark Index,Exclusion,2282,2282.HK,MGM China Holdings Ltd.,412,Exclusion,Hang Seng Corporate Sustainability Benchmark Index,unchanged,1,1,2282.HK,2282.HK,parse_ok,2282.HK,0,2018-06-12,0,,,,,,,,,
2018-09-10,Hang Seng Index,Inclusion,2313,2313.HK,Shenzhou International Group Holdings Ltd.,457,Inclusion,Hang Seng Index,unchanged,1,1,2313.HK,2313.HK,parse_ok,2313.HK,1,2018-06-12,0,,,,,,,,,
2018-09-10,Hang Seng Corporate Sustainability Benchmark Index,Exclusion,2331,2331.HK,Li Ning Co. Ltd.,413,Exclusion,Hang Seng Corporate Sustainability Benchmark Index,unchanged,1,1,2331.HK,2331.HK,parse_ok,2331.HK,0,2018-06-12,0,,,,,,,,,
2018-09-10,Hang Seng Corporate Sustainability Benchmark Index,Exclusion,2342,2342.HK,Comba Telecom Systems Holdings Ltd.,414,Exclusion,Hang Seng Corporate Sustainability Benchmark Index,unchanged,1,1,2342.HK,2342.HK,parse_ok,2342.HK,0,2018-06-12,0,,,,,,,,,
2018-09-10,Hang Seng Corporate Sustainability Benchmark Index,Exclusion,2628,2628.HK,China Life Insurance Co. Ltd. - H Shares,415,Exclusion,Hang Seng Corporate Sustainability Benchmark Index,unchanged,1,1,2628.HK,2628.HK,parse_ok,2628.HK,0,2018-06-12,0,,,,,,,,,
2018-09-10,Hang Seng Composite LargeCap & MidCap Index,Inclusion,2638,2638.HK,HK Electric Investments and HK Electric Investments Ltd. - SS,389,Inclusion,Hang Seng Composite LargeCap & MidCap Index,unchanged,1,1,2638.HK,2638.HK,parse_ok,2638.HK,1,2018-06-12,0,,,,,,,,,
2018-09-10,Hang Seng Composite LargeCap & MidCap Index,Exclusion,2727,2727.HK,Shanghai Electric Group Co. Ltd. - H Shares,376,Exclusion,Hang Seng Composite LargeCap & MidCap Index,unchanged,1,1,2727.HK,2727.HK,parse_ok,2727.HK,0,2018-06-12,0,,,,,,,,,
2018-09-10,Hang Seng Composite LargeCap & MidCap Index,Inclusion,2768,2768.HK,Jiayuan International Group Ltd.,390,Inclusion,Hang Seng Composite LargeCap & MidCap Index,unchanged,1,1,2768.HK,2768.HK,parse_ok,2768.HK,1,2018-06-12,0,,,,,,,,,
2018-09-10,Hang Seng Corporate Sustainability Benchmark Index,Inclusion,3320,3320.HK,China Resources Pharmaceutical Group Ltd.,440,Inclusion,Hang Seng Corporate Sustainability Benchmark Index,unchanged,1,1,3320.HK,3320.HK,parse_ok,3320.HK,1,2018-06-12,0,,,,,,,,,
2018-09-10,Hang Seng Corporate Sustainability Benchmark Index,Exclusion,3328,3328.HK,"Bank of Communications Co., Ltd. - H Shares",416,Exclusion,Hang Seng Corporate Sustainability Benchmark Index,unchanged,1,1,3328.HK,3328.HK,parse_ok,3328.HK,0,2018-06-12,0,,,,,,,,,
2018-09-10,Hang Seng Corporate Sustainability Benchmark Index,Exclusion,3331,3331.HK,Vinda International Holdings Ltd.,417,Exclusion,Hang Seng Corporate Sustainability Benchmark Index,unchanged,1,1,3331.HK,3331.HK,parse_ok,3331.HK,0,2018-06-12,0,,,,,,,,,
2018-09-10,Hang Seng Corporate Sustainability Benchmark Index,Inclusion,3618,3618.HK,"Chongqing Rural Commercial Bank Co., Ltd. - H Shares",441,Inclusion,Hang Seng Corporate Sustainability Benchmark Index,unchanged,1,1,3618.HK,3618.HK,parse_ok,3618.HK,1,2018-06-12,0,,,,,,,,,
2018-09-10,Hang Seng Composite LargeCap & MidCap Index,Inclusion,3669,3669.HK,China Yongda Automobiles Services Holdings Ltd.,391,Inclusion,Hang Seng Composite LargeCap & MidCap Index,unchanged,1,1,3669.HK,3669.HK,parse_ok,3669.HK,1,2018-06-12,0,,,,,,,,,
2018-09-10,Hang Seng Composite LargeCap & MidCap Index,Inclusion,3918,3918.HK,NagaCorp Ltd. - F,392,Inclusion,Hang Seng Composite LargeCap & MidCap Index,unchanged,1,1,3918.HK,3918.HK,parse_ok,3918.HK,1,2018-06-12,0,,,,,,,,,
2018-09-10,Hang Seng Corporate Sustainability Benchmark Index,Exclusion,3968,3968.HK,"China Merchants Bank Co., Ltd. - H Shares",418,Exclusion,Hang Seng Corporate Sustainability Benchmark Index,unchanged,1,1,3968.HK,3968.HK,parse_ok,3968.HK,0,2018-06-12,0,,,,,,,,,
2018-09-10,Hang Seng Corporate Sustainability Index,Exclusion,3968,3968.HK,"China Merchants Bank Co., Ltd. - H Shares",446,Exclusion,Hang Seng Corporate Sustainability Index,unchanged,1,1,3968.HK,3968.HK,parse_ok,3968.HK,0,2018-06-12,0,,,,,,,,,
2018-09-10,Hang Seng Corporate Sustainability Benchmark Index,Exclusion,3988,3988.HK,Bank of China Ltd. - H Shares,419,Exclusion,Hang Seng Corporate Sustainability Benchmark Index,unchanged,1,1,3988.HK,3988.HK,parse_ok,3988.HK,0,2018-06-12,0,,,,,,,,,
2018-09-10,Hang Seng Corporate Sustainability Index,Exclusion,3988,3988.HK,Bank of China Ltd. - H Shares,447,Exclusion,Hang Seng Corporate Sustainability Index,unchanged,1,1,3988.HK,3988.HK,parse_ok,3988.HK,0,2018-06-12,0,,,,,,,,,
2018-09-10,Hang Seng (China A) Corporate Sustainability Benchmark Index,Exclusion,600000,600000.SH,"Shanghai Pudong Development Bank Co., Ltd.",305,Exclusion,Hang Seng (China A) Corporate Sustainability Benchmark Index,unchanged,1,1,600000.SH,600000.SS,parse_ok,600000.SS,0,2018-06-12,0,,,,,,,,,
2018-09-10,Hang Seng (China A) Corporate Sustainability Index,Exclusion,600000,600000.SH,"Shanghai Pudong Development Bank Co., Ltd.",326,Exclusion,Hang Seng (China A) Corporate Sustainability Index,unchanged,1,1,600000.SH,600000.SS,parse_ok,600000.SS,0,2018-06-12,0,,,,,,,,,
2018-09-10,Hang Seng (China A) Corporate Sustainability Index,Inclusion,600019,600019.SH,"Baoshan Iron & Steel Co., Ltd.",331,Inclusion,Hang Seng (China A) Corporate Sustainability Index,unchanged,1,1,600019.SH,600019.SS,parse_ok,600019.SS,1,2018-06-12,0,,,,,,,,,
2018-09-10,Hang Seng (China A) Corporate Sustainability Benchmark Index,Inclusion,600027,600027.SH,Huadian Power International Corporation Ltd.,315,Inclusion,Hang Seng (China A) Corporate Sustainability Benchmark Index,unchanged,1,1,600027.SH,600027.SS,parse_ok,600027.SS,1,2018-06-12,0,,,,,,,,,
2018-09-10,Hang Seng China A Industry Top Index,Exclusion,600027,600027.SH,Huadian Power International Corporation Ltd.,343,Exclusion,Hang Seng China A Industry Top Index,unchanged,1,1,600027.SH,600027.SS,parse_ok,600027.SS,0,2018-06-12,0,,,,,,,,,
2018-09-10,Hang Seng China A Top 100 Index,Exclusion,600027,600027.SH,Huadian Power International Corporation Ltd.,354,Exclusion,Hang Seng China A Top 100 Index,unchanged,1,1,600027.SH,600027.SS,parse_ok,600027.SS,0,2018-06-12,0,,,,,,,,,
2018-09-10,Hang Seng (China A) Corporate Sustainability Benchmark Index,Exclusion,600036,600036.SH,"China Merchants Bank Co., Ltd.",306,Exclusion,Hang Seng (China A) Corporate Sustainability Benchmark Index,unchanged,1,1,600036.SH,600036.SS,parse_ok,600036.SS,0,2018-06-12,0,,,,,,,,,
2018-09-10,Hang Seng (China A) Corporate Sustainability Index,Exclusion,600036,600036.SH,"China Merchants Bank Co., Ltd.",327,Exclusion,Hang Seng (China A) Corporate Sustainability Index,unchanged,1,1,600036.SH,600036.SS,parse_ok,600036.SS,0,2018-06-12,0,,,,,,,,,
2018-09-10,Hang Seng (China A) Corporate Sustainability Benchmark Index,Exclusion,600098,600098.SH,Guangzhou Development Group Incorporated,307,Exclusion,Hang Seng (China A) Corporate Sustainability Benchmark Index,unchanged,1,1,600098.SH,600098.SS,parse_ok,600098.SS,0,2018-06-12,0,,,,,,,,,
2018-09-10,Hang Seng (China A) Corporate Sustainability Benchmark Index,Inclusion,600115,600115.SH,China Eastern Airlines Corporation Ltd.,316,Inclusion,Hang Seng (China A) Corporate Sustainability Benchmark Index,unchanged,1,1,600115.SH,600115.SS,parse_ok,600115.SS,1,2018-06-12,0,,,,,,,,,
2018-09-10,Hang Seng China A Top 100 Index,Exclusion,600170,600170.SH,"Shanghai Construction Group Co., Ltd.",355,Exclusion,Hang Seng China A Top 100 Index,unchanged,1,1,600170.SH,600170.SS,parse_ok,600170.SS,0,2018-06-12,0,,,,,,,,,
2018-09-10,Hang Seng (China A) Corporate Sustainability Index,Inclusion,600196,600196.SH,"Shanghai Fosun Pharmaceutical (Group) Co., Ltd.",332,Inclusion,Hang Seng (China A) Corporate Sustainability Index,unchanged,1,1,600196.SH,600196.SS,parse_ok,600196.SS,1,2018-06-12,0,,,,,,,,,
2018-09-10,Hang Seng China 50 Index,Inclusion,600276,600276.SH,"Jiangsu Hengrui Medicine Co., Ltd.",339,Inclusion,Hang Seng China 50 Index,unchanged,1,1,600276.SH,600276.SS,parse_ok,600276.SS,1,2018-06-12,0,,,,,,,,,
2018-09-10,Hang Seng China A Industry Top Index,Exclusion,600547,600547.SH,"Shandong Gold Mining Co., Ltd.",344,Exclusion,Hang Seng China A Industry Top Index,unchanged,1,1,600547.SH,600547.SS,parse_ok,600547.SS,0,2018-06-12,0,,,,,,,,,
2018-09-10,Hang Seng China A Industry Top Index,Exclusion,600637,600637.SH,"Shanghai Oriental Pearl Group Co., Ltd.",345,Exclusion,Hang Seng China A Industry Top Index,unchanged,1,1,600637.SH,600637.SS,parse_ok,600637.SS,0,2018-06-12,0,,,,,,,,,
2018-09-10,Hang Seng Stock Connect China AH Index Series,Exclusion,317 / 600685,0317.HK / 600685.SH,CSSC Offshore & Marine Engineering (Group) Co. Ltd.,458,Exclusion,Hang Seng Stock Connect China AH Index Series,unchanged,2,0,600685.SH,600685.SS,parse_ok,600685.SS,0,2018-06-12,0,,,,,,,,,
2018-09-10,Hang Seng China A Industry Top Index,Exclusion,600704,600704.SH,"Wuchan Zhongda Group Co., Ltd.",346,Exclusion,Hang Seng China A Industry Top Index,unchanged,1,1,600704.SH,600704.SS,parse_ok,600704.SS,0,2018-06-12,0,,,,,,,,,
2018-09-10,Hang Seng China 50 Index,Exclusion,6837 / 600837,6837.HK / 600837.SH,"Haitong Securities Co., Ltd.",338,Exclusion,Hang Seng China 50 Index,unchanged,2,0,600837.SH,600837.SS,parse_ok,600837.SS,0,2018-06-12,0,,,,,,,,,
2018-09-10,Hang Seng China 50 Index,Inclusion,600887,600887.SH,"Inner Mongolia Yili Industrial Group Co., Ltd.",340,Inclusion,Hang Seng China 50 Index,unchanged,1,1,600887.SH,600887.SS,parse_ok,600887.SS,1,2018-06-12,0,,,,,,,,,
2018-09-10,Hang Seng China A Top 100 Index,Exclusion,600958,600958.SH,Orient Securities Company Limited,356,Exclusion,Hang Seng China A Top 100 Index,unchanged,1,1,600958.SH,600958.SS,parse_ok,600958.SS,0,2018-06-12,0,,,,,,,,,
2018-09-10,Hang Seng (China A) Corporate Sustainability Benchmark Index,Exclusion,600999,600999.SH,"China Merchants Securities Co., Ltd.",308,Exclusion,Hang Seng (China A) Corporate Sustainability Benchmark Index,unchanged,1,1,600999.SH,600999.SS,parse_ok,600999.SS,0,2018-06-12,0,,,,,,,,,
2018-09-10,Hang Seng (China A) Corporate Sustainability Benchmark Index,Exclusion,601088,601088.SH,China Shenhua Energy Co. Ltd.,309,Exclusion,Hang Seng (China A) Corporate Sustainability Benchmark Index,unchanged,1,1,601088.SH,601088.SS,parse_ok,601088.SS,0,2018-06-12,0,,,,,,,,,
2018-09-10,Hang Seng China A Top 100 Index,Exclusion,601117,601117.SH,"China National Chemical Engineering Co., Ltd.",357,Exclusion,Hang Seng China A Top 100 Index,unchanged,1,1,601117.SH,601117.SS,parse_ok,601117.SS,0,2018-06-12,0,,,,,,,,,
2018-09-10,Hang Seng China 50 Index,Inclusion,601138,601138.SH,"Foxconn Industrial Internet Co., Ltd.",341,Inclusion,Hang Seng China 50 Index,unchanged,1,1,601138.SH,601138.SS,parse_ok,601138.SS,1,2018-06-12,0,,,,,,,,,
2018-09-10,Hang Seng China A Industry Top Index,Inclusion,601138,601138.SH,"Foxconn Industrial Internet Co., Ltd.",350,Inclusion,Hang Seng China A Industry Top Index,unchanged,1,1,601138.SH,601138.SS,parse_ok,601138.SS,1,2018-06-12,0,,,,,,,,,
2018-09-10,Hang Seng China A Top 100 Index,Inclusion,601138,601138.SH,"Foxconn Industrial Internet Co., Ltd.",359,Inclusion,Hang Seng China A Top 100 Index,unchanged,1,1,601138.SH,601138.SS,parse_ok,601138.SS,1,2018-06-12,0,,,,,,,,,
2018-09-10,Hang Seng (China A) Corporate Sustainability Benchmark Index,Exclusion,601166,601166.SH,"Industrial Bank Co., Ltd.",310,Exclusion,Hang Seng (China A) Corporate Sustainability Benchmark Index,unchanged,1,1,601166.SH,601166.SS,parse_ok,601166.SS,0,2018-06-12,0,,,,,,,,,
2018-09-10,Hang Seng China 50 Index,Exclusion,1186 / 601186,1186.HK / 601186.SH,China Railway Construction Corporation Ltd.,336,Exclusion,Hang Seng China 50 Index,unchanged,2,0,601186.SH,601186.SS,parse_ok,601186.SS,0,2018-06-12,0,,,,,,,,,
2018-09-10,Hang Seng China A Top 100 Index,Inclusion,601225,601225.SH,Shaanxi Coal Industry Company Limited,360,Inclusion,Hang Seng China A Top 100 Index,unchanged,1,1,601225.SH,601225.SS,parse_ok,601225.SS,1,2018-06-12,0,,,,,,,,,
2018-09-10,Hang Seng China 50 Index,Exclusion,601229,601229.SH,"Bank of Shanghai Co., Ltd.",337,Exclusion,Hang Seng China 50 Index,unchanged,1,1,601229.SH,601229.SS,parse_ok,601229.SS,0,2018-06-12,0,,,,,,,,,
2018-09-10,Hang Seng (China A) Corporate Sustainability Index,Inclusion,601238,601238.SH,"Guangzhou Automobile Group Co., Ltd.",333,Inclusion,Hang Seng (China A) Corporate Sustainability Index,unchanged,1,1,601238.SH,601238.SS,parse_ok,601238.SS,1,2018-06-12,0,,,,,,,,,
2018-09-10,Hang Seng (China A) Corporate Sustainability Benchmark Index,Inclusion,601288,601288.SH,Agricultural Bank of China Ltd.,317,Inclusion,Hang Seng (China A) Corporate Sustainability Benchmark Index,unchanged,1,1,601288.SH,601288.SS,parse_ok,601288.SS,1,2018-06-12,0,,,,,,,,,
2018-09-10,Hang Seng (China A) Corporate Sustainability Benchmark Index,Inclusion,601336,601336.SH,New China Life Insurance Co. Ltd.,318,Inclusion,Hang Seng (China A) Corporate Sustainability Benchmark Index,unchanged,1,1,601336.SH,601336.SS,parse_ok,601336.SS,1,2018-06-12,0,,,,,,,,,
2018-09-10,Hang Seng China A Industry Top Index,Inclusion,601600,601600.SH,Aluminum Corporation of China Ltd.,351,Inclusion,Hang Seng China A Industry Top Index,unchanged,1,1,601600.SH,601600.SS,parse_ok,601600.SS,1,2018-06-12,0,,,,,,,,,
2018-09-10,Hang Seng (China A) Corporate Sustainability Benchmark Index,Inclusion,601601,601601.SH,"China Pacific Insurance (Group) Co., Ltd.",319,Inclusion,Hang Seng (China A) Corporate Sustainability Benchmark Index,unchanged,1,1,601601.SH,601601.SS,parse_ok,601601.SS,1,2018-06-12,0,,,,,,,,,
2018-09-10,Hang Seng (China A) Corporate Sustainability Benchmark Index,Inclusion,601618,601618.SH,Metallurgical Corporation of China Ltd.,320,Inclusion,Hang Seng (China A) Corporate Sustainability Benchmark Index,unchanged,1,1,601618.SH,601618.SS,parse_ok,601618.SS,1,2018-06-12,0,,,,,,,,,
2018-09-10,Hang Seng (China A) Corporate Sustainability Benchmark Index,Exclusion,601628,601628.SH,China Life Insurance Co. Ltd.,311,Exclusion,Hang Seng (China A) Corporate Sustainability Benchmark Index,unchanged,1,1,601628.SH,601628.SS,parse_ok,601628.SS,0,2018-06-12,0,,,,,,,,,
2018-09-10,Hang Seng (China A) Corporate Sustainability Index,Exclusion,601628,601628.SH,China Life Insurance Co. Ltd.,328,Exclusion,Hang Seng (China A) Corporate Sustainability Index,unchanged,1,1,601628.SH,601628.SS,parse_ok,601628.SS,0,2018-06-12,0,,,,,,,,,
2018-09-10,Hang Seng China A Industry Top Index,Exclusion,601633,601633.SH,Great Wall Motor Co. Ltd.,347,Exclusion,Hang Seng China A Industry Top Index,unchanged,1,1,601633.SH,601633.SS,parse_ok,601633.SS,0,2018-06-12,0,,,,,,,,,
2018-09-10,Hang Seng China A Top 100 Index,Inclusion,601727,601727.SH,Shanghai Electric Group Co. Ltd.,361,Inclusion,Hang Seng China A Top 100 Index,unchanged,1,1,601727.SH,601727.SS,parse_ok,601727.SS,1,2018-06-12,0,,,,,,,,,
2018-09-10,Hang Seng (China A) Corporate Sustainability Benchmark Index,Inclusion,601766,601766.SH,CRRC Corporation Ltd.,321,Inclusion,Hang Seng (China A) Corporate Sustainability Benchmark Index,unchanged,1,1,601766.SH,601766.SS,parse_ok,601766.SS,1,2018-06-12,0,,,,,,,,,
2018-09-10,Hang Seng (China A) Corporate Sustainability Benchmark Index,Inclusion,601800,601800.SH,China Communications Construction Co. Ltd.,322,Inclusion,Hang Seng (China A) Corporate Sustainability Benchmark Index,unchanged,1,1,601800.SH,601800.SS,parse_ok,601800.SS,1,2018-06-12,0,,,,,,,,,
2018-09-10,Hang Seng Stock Connect China AH Index Series,Inclusion,1528 / 601828,1528.HK / 601828.SH,Red Star Macalline Group Corporation Ltd.,459,Inclusion,Hang Seng Stock Connect China AH Index Series,unchanged,2,0,601828.SH,601828.SS,parse_ok,601828.SS,1,2018-06-12,0,,,,,,,,,
2018-09-10,Hang Seng (China A) Corporate Sustainability Benchmark Index,Inclusion,601877,601877.SH,"Zhejiang CHINT Electrics Co.,Ltd",323,Inclusion,Hang Seng (China A) Corporate Sustainability Benchmark Index,unchanged,1,1,601877.SH,601877.SS,parse_ok,601877.SS,1,2018-06-12,0,,,,,,,,,
2018-09-10,Hang Seng (China A) Corporate Sustainability Index,Inclusion,601877,601877.SH,"Zhejiang CHINT Electrics Co., Ltd",334,Inclusion,Hang Seng (China A) Corporate Sustainability Index,unchanged,1,1,601877.SH,601877.SS,parse_ok,601877.SS,1,2018-06-12,0,,,,,,,,,
2018-09-10,Hang Seng China A Top 100 Index,Inclusion,601898,601898.SH,China Coal Energy Co. Ltd.,362,Inclusion,Hang Seng China A Top 100 Index,unchanged,1,1,601898.SH,601898.SS,parse_ok,601898.SS,1,2018-06-12,0,,,,,,,,,
2018-09-10,Hang Seng (China A) Corporate Sustainability Index,Inclusion,601919,601919.SH,"COSCO Shipping Holdings Co., Ltd.",335,Inclusion,Hang Seng (China A) Corporate Sustainability Index,unchanged,1,1,601919.SH,601919.SS,parse_ok,601919.SS,1,2018-06-12,0,,,,,,,,,
2018-09-10,Hang Seng (China A) Corporate Sustainability Benchmark Index,Exclusion,601939,601939.SH,China Construction Bank Corporation,312,Exclusion,Hang Seng (China A) Corporate Sustainability Benchmark Index,unchanged,1,1,601939.SH,601939.SS,parse_ok,601939.SS,0,2018-06-12,0,,,,,,,,,
2018-09-10,Hang Seng (China A) Corporate Sustainability Index,Exclusion,601939,601939.SH,China Construction Bank Corporation,329,Exclusion,Hang Seng (China A) Corporate Sustainability Index,unchanged,1,1,601939.SH,601939.SS,parse_ok,601939.SS,0,2018-06-12,0,,,,,,,,,
2018-09-10,Hang Seng China A Industry Top Index,Inclusion,601985,601985.SH,"China National Nuclear Power Co., Ltd.",352,Inclusion,Hang Seng China A Industry Top Index,unchanged,1,1,601985.SH,601985.SS,parse_ok,601985.SS,1,2018-06-12,0,,,,,,,,,
2018-09-10,Hang Seng Composite LargeCap & MidCap Index,Inclusion,6098,6098.HK,Country Garden Services Holdings Co. Ltd.,393,Inclusion,Hang Seng Composite LargeCap & MidCap Index,unchanged,1,1,6098.HK,6098.HK,parse_ok,6098.HK,1,2018-06-12,0,,,,,,,,,
2018-09-10,Hang Seng Composite LargeCap & MidCap Index,Inclusion,6823,6823.HK,HKT Trust and HKT Ltd. - SS,394,Inclusion,Hang Seng Composite LargeCap & MidCap Index,unchanged,1,1,6823.HK,6823.HK,parse_ok,6823.HK,1,2018-06-12,0,,,,,,,,,
2018-09-10,Hang Seng China 50 Index,Exclusion,6837 / 600837,6837.HK / 600837.SH,"Haitong Securities Co., Ltd.",338,Exclusion,Hang Seng China 50 Index,unchanged,1,1,6837.HK,6837.HK,parse_ok,6837.HK,0,2018-06-12,0,,,,,,,,,
2018-12-10,Hang Seng China Enterprises Index,Inclusion,788,0788.HK,China Tower Corporation Ltd. - H Shares,461,Inclusion,Hang Seng China Enterprises Index,unchanged,1,1,0788.HK,0788.HK,parse_ok,0788.HK,1,2018-09-11,0,,,,,,,,,
2018-12-10,Hang Seng Composite LargeCap & MidCap Index,Inclusion,788,0788.HK,China Tower Corporation Ltd. - H Shares MidCap Telecommunications,462,Inclusion,Hang Seng Composite LargeCap & MidCap Index,unchanged,1,1,0788.HK,0788.HK,parse_ok,0788.HK,1,2018-09-11,0,,,,,,,,,
2018-12-10,Hang Seng Composite LargeCap & MidCap Index,Inclusion,2048,2048.HK,E-House (China) Enterprise Holdings Ltd. MidCap Properties & Construction,463,Inclusion,Hang Seng Composite LargeCap & MidCap Index,unchanged,1,1,2048.HK,2048.HK,parse_ok,2048.HK,1,2018-09-11,0,,,,,,,,,
2018-12-10,Hang Seng Composite LargeCap & MidCap Index,Inclusion,6862,6862.HK,Haidilao International Holding Ltd. LargeCap Consumer Services,464,Inclusion,Hang Seng Composite LargeCap & MidCap Index,unchanged,1,1,6862.HK,6862.HK,parse_ok,6862.HK,1,2018-09-11,0,,,,,,,,,
2018-12-10,Hang Seng China Enterprises Index,Exclusion,6881,6881.HK,"China Galaxy Securities Co., Ltd. - H Shares",460,Exclusion,Hang Seng China Enterprises Index,unchanged,1,1,6881.HK,6881.HK,parse_ok,6881.HK,0,2018-09-11,0,,,,,,,,,
2019-03-11,Hang Seng Stock Connect China AH Index Series,Exclusion,1157 / 000157,1157.HK / 000157.SZ,"Zoomlion Heavy Industry Science and Technology Co., Ltd",499,Exclusion,Hang Seng Stock Connect China AH Index Series,unchanged,2,0,000157.SZ,000157.SZ,parse_ok,000157.SZ,0,2018-12-11,0,,,,,,,,,
2019-03-11,Hang Seng Stock Connect China AH Index Series,Exclusion,1812 / 000488,1812.HK / 000488.SZ,Shandong Chenming Paper Holdings Ltd.,502,Exclusion,Hang Seng Stock Connect China AH Index Series,unchanged,2,0,000488.SZ,000488.SZ,parse_ok,000488.SZ,0,2018-12-11,0,,,,,,,,,
2019-03-11,Hang Seng Stock Connect China AH Index Series,Exclusion,921 / 000921,0921.HK / 000921.SZ,"Hisense Home Appliances Group Co., Ltd.",497,Exclusion,Hang Seng Stock Connect China AH Index Series,unchanged,2,0,000921.SZ,000921.SZ,parse_ok,000921.SZ,0,2018-12-11,0,,,,,,,,,
2019-03-11,Hang Seng Stock Connect China AH Index Series,Inclusion,1772 / 002460,1772.HK / 002460.SZ,"Ganfeng Lithium Co., Ltd.",509,Inclusion,Hang Seng Stock Connect China AH Index Series,unchanged,2,0,002460.SZ,002460.SZ,parse_ok,002460.SZ,1,2018-12-11,0,,,,,,,,,
2019-03-11,Hang Seng Composite LargeCap & MidCap Index,Exclusion,54,0054.HK,Hopewell Holdings Ltd.,469,Exclusion,Hang Seng Composite LargeCap & MidCap Index,unchanged,1,1,0054.HK,0054.HK,parse_ok,0054.HK,0,2018-12-11,0,,,,,,,,,
2019-03-11,Hang Seng Composite LargeCap & MidCap Index,Exclusion,242,0242.HK,Shun Tak Holdings Ltd.,470,Exclusion,Hang Seng Composite LargeCap & MidCap Index,unchanged,1,1,0242.HK,0242.HK,parse_ok,0242.HK,0,2018-12-11,0,,,,,,,,,
2019-03-11,Hang Seng Composite LargeCap & MidCap Index,Inclusion,268,0268.HK,Kingdee International Software Group Co. Ltd.,483,Inclusion,Hang Seng Composite LargeCap & MidCap Index,unchanged,1,1,0268.HK,0268.HK,parse_ok,0268.HK,1,2018-12-11,0,,,,,,,,,
2019-03-11,Hang Seng Composite LargeCap & MidCap Index,Exclusion,315,0315.HK,SmarTone Telecommunications Holdings Ltd.,471,Exclusion,Hang Seng Composite LargeCap & MidCap Index,unchanged,1,1,0315.HK,0315.HK,parse_ok,0315.HK,0,2018-12-11,0,,,,,,,,,
2019-03-11,Hang Seng Composite LargeCap & MidCap Index,Exclusion,316,0316.HK,Orient Overseas (International) Ltd.,472,Exclusion,Hang Seng Composite LargeCap & MidCap Index,unchanged,1,1,0316.HK,0316.HK,parse_ok,0316.HK,0,2018-12-11,0,,,,,,,,,
2019-03-11,Hang Seng Composite LargeCap & MidCap Index,Exclusion,439,0439.HK,KuangChi Science Ltd.,473,Exclusion,Hang Seng Composite LargeCap & MidCap Index,unchanged,1,1,0439.HK,0439.HK,parse_ok,0439.HK,0,2018-12-11,0,,,,,,,,,
2019-03-11,Hang Seng Composite LargeCap & MidCap Index,Inclusion,467,0467.HK,United Energy Group Ltd.,484,Inclusion,Hang Seng Composite LargeCap & MidCap Index,unchanged,1,1,0467.HK,0467.HK,parse_ok,0467.HK,1,2018-12-11,0,,,,,,,,,
2019-03-11,Hang Seng Stock Connect China AH Index Series,Exclusion,525 / 601333,0525.HK / 601333.SH,Guangshen Railway Co. Ltd.,496,Exclusion,Hang Seng Stock Connect China AH Index Series,unchanged,1,1,0525.HK,0525.HK,parse_ok,0525.HK,0,2018-12-11,0,,,,,,,,,
2019-03-11,Hang Seng Composite LargeCap & MidCap Index,Inclusion,612,0612.HK,China Ding Yi Feng Holdings Ltd.,485,Inclusion,Hang Seng Composite LargeCap & MidCap Index,unchanged,1,1,0612.HK,0612.HK,parse_ok,0612.HK,1,2018-12-11,0,,,,,,,,,
2019-03-11,Hang Seng Index,Inclusion,669,0669.HK,Techtronic Industries Co. Ltd.,495,Inclusion,Hang Seng Index,unchanged,1,1,0669.HK,0669.HK,parse_ok,0669.HK,1,2018-12-11,0,,,,,,,,,
2019-03-11,Hang Seng Composite LargeCap & MidCap Index,Inclusion,691,0691.HK,China Shanshui Cement Group Ltd.,486,Inclusion,Hang Seng Composite LargeCap & MidCap Index,unchanged,1,1,0691.HK,0691.HK,parse_ok,0691.HK,1,2018-12-11,0,,,,,,,,,
2019-03-11,Hang Seng Composite LargeCap & MidCap Index,Exclusion,698,0698.HK,Tongda Group Holdings Ltd.,474,Exclusion,Hang Seng Composite LargeCap & MidCap Index,unchanged,1,1,0698.HK,0698.HK,parse_ok,0698.HK,0,2018-12-11,0,,,,,,,,,
2019-03-11,Hang Seng Composite LargeCap & MidCap Index,Exclusion,737,0737.HK,Hopewell Highway Infrastructure Ltd.,475,Exclusion,Hang Seng Composite LargeCap & MidCap Index,unchanged,1,1,0737.HK,0737.HK,parse_ok,0737.HK,0,2018-12-11,0,,,,,,,,,
2019-03-11,Hang Seng Composite LargeCap & MidCap Index,Exclusion,751,0751.HK,Skyworth Digital Holdings Ltd.,476,Exclusion,Hang Seng Composite LargeCap & MidCap Index,unchanged,1,1,0751.HK,0751.HK,parse_ok,0751.HK,0,2018-12-11,0,,,,,,,,,
2019-03-11,Hang Seng Composite LargeCap & MidCap Index,Exclusion,777,0777.HK,NetDragon Websoft Holdings Ltd.,477,Exclusion,Hang Seng Composite LargeCap & MidCap Index,unchanged,1,1,0777.HK,0777.HK,parse_ok,0777.HK,0,2018-12-11,0,,,,,,,,,
2019-03-11,Hang Seng Composite LargeCap & MidCap Index,Inclusion,780,0780.HK,Tongcheng-Elong Holdings Ltd.,487,Inclusion,Hang Seng Composite LargeCap & MidCap Index,unchanged,1,1,0780.HK,0780.HK,parse_ok,0780.HK,1,2018-12-11,0,,,,,,,,,
2019-03-11,Hang Seng Index,Exclusion,836,0836.HK,China Resources Power Holdings Co. Ltd.,494,Exclusion,Hang Seng Index,unchanged,1,1,0836.HK,0836.HK,parse_ok,0836.HK,0,2018-12-11,0,,,,,,,,,
2019-03-11,Hang Seng Stock Connect China AH Index Series,Exclusion,921 / 000921,0921.HK / 000921.SZ,"Hisense Home Appliances Group Co., Ltd.",497,Exclusion,Hang Seng Stock Connect China AH Index Series,unchanged,1,1,0921.HK,0921.HK,parse_ok,0921.HK,0,2018-12-11,0,,,,,,,,,
2019-03-11,Hang Seng Composite LargeCap & MidCap Index,Exclusion,934,0934.HK,Sinopec Kantons Holdings Ltd.,478,Exclusion,Hang Seng Composite LargeCap & MidCap Index,unchanged,1,1,0934.HK,0934.HK,parse_ok,0934.HK,0,2018-12-11,0,,,,,,,,,
2019-03-11,Hang Seng Stock Connect China AH Index Series,Exclusion,991 / 601991,0991.HK / 601991.SH,"Datang International Power Generation Co., Ltd.",498,Exclusion,Hang Seng Stock Connect China AH Index Series,unchanged,1,1,0991.HK,0991.HK,parse_ok,0991.HK,0,2018-12-11,0,,,,,,,,,
2019-03-11,Hang Seng Stock Connect China AH Index Series,Exclusion,1157 / 000157,1157.HK / 000157.SZ,"Zoomlion Heavy Industry Science and Technology Co., Ltd",499,Exclusion,Hang Seng Stock Connect China AH Index Series,unchanged,1,1,1157.HK,1157.HK,parse_ok,1157.HK,0,2018-12-11,0,,,,,,,,,
2019-03-11,Hang Seng Composite LargeCap & MidCap Index,Exclusion,1282,1282.HK,China Goldjoy Group Ltd.,479,Exclusion,Hang Seng Composite LargeCap & MidCap Index,unchanged,1,1,1282.HK,1282.HK,parse_ok,1282.HK,0,2018-12-11,0,,,,,,,,,
2019-03-11,Hang Seng Composite LargeCap & MidCap Index,Exclusion,1293,1293.HK,Grand Baoxin Auto Group Ltd.,480,Exclusion,Hang Seng Composite LargeCap & MidCap Index,unchanged,1,1,1293.HK,1293.HK,parse_ok,1293.HK,0,2018-12-11,0,,,,,,,,,
2019-03-11,Hang Seng China 50 Index,Exclusion,1336 / 601336,1336.HK / 601336.SH,"New China Life Insurance Co., Ltd.",465,Exclusion,Hang Seng China 50 Index,unchanged,1,1,1336.HK,1336.HK,parse_ok,1336.HK,0,2018-12-11,0,,,,,,,,,
2019-03-11,Hang Seng Stock Connect China AH Index Series,Inclusion,1339 / 601319,1339.HK / 601319.SH,The People's Insurance Co. (Group) of China Ltd.,508,Inclusion,Hang Seng Stock Connect China AH Index Series,unchanged,1,1,1339.HK,1339.HK,parse_ok,1339.HK,1,2018-12-11,0,,,,,,,,,
2019-03-11,Hang Seng Stock Connect China AH Index Series,Exclusion,1528 / 601828,1528.HK / 601828.SH,Red Star Macalline Group Corporation Ltd.,500,Exclusion,Hang Seng Stock Connect China AH Index Series,unchanged,1,1,1528.HK,1528.HK,parse_ok,1528.HK,0,2018-12-11,0,,,,,,,,,
2019-03-11,Hang Seng Stock Connect China AH Index Series,Exclusion,1618 / 601618,1618.HK / 601618.SH,Metallurgical Corporation of China Ltd.,501,Exclusion,Hang Seng Stock Connect China AH Index Series,unchanged,1,1,1618.HK,1618.HK,parse_ok,1618.HK,0,2018-12-11,0,,,,,,,,,
2019-03-11,Hang Seng Stock Connect China AH Index Series,Inclusion,1772 / 002460,1772.HK / 002460.SZ,"Ganfeng Lithium Co., Ltd.",509,Inclusion,Hang Seng Stock Connect China AH Index Series,unchanged,1,1,1772.HK,1772.HK,parse_ok,1772.HK,1,2018-12-11,0,,,,,,,,,
2019-03-11,Hang Seng Stock Connect China AH Index Series,Inclusion,1787 / 600547,1787.HK / 600547.SH,"Shandong Gold Mining Co., Ltd.",510,Inclusion,Hang Seng Stock Connect China AH Index Series,unchanged,1,1,1787.HK,1787.HK,parse_ok,1787.HK,1,2018-12-11,0,,,,,,,,,
2019-03-11,Hang Seng Stock Connect China AH Index Series,Exclusion,1812 / 000488,1812.HK / 000488.SZ,Shandong Chenming Paper Holdings Ltd.,502,Exclusion,Hang Seng Stock Connect China AH Index Series,unchanged,1,1,1812.HK,1812.HK,parse_ok,1812.HK,0,2018-12-11,0,,,,,,,,,
2019-03-11,Hang Seng Composite LargeCap & MidCap Index,Exclusion,1919,1919.HK,"COSCO SHIPPING Holdings Co., Ltd. - H Shares",481,Exclusion,Hang Seng Composite LargeCap & MidCap Index,unchanged,1,1,1919.HK,1919.HK,parse_ok,1919.HK,0,2018-12-11,0,,,,,,,,,
2019-03-11,Hang Seng Composite LargeCap & MidCap Index,Inclusion,1992,1992.HK,Fosun Tourism Group,488,Inclusion,Hang Seng Composite LargeCap & MidCap Index,unchanged,1,1,1992.HK,1992.HK,parse_ok,1992.HK,1,2018-12-11,0,,,,,,,,,
2019-03-11,Hang Seng Composite LargeCap & MidCap Index,Inclusion,2005,2005.HK,SSY Group Ltd.,489,Inclusion,Hang Seng Composite LargeCap & MidCap Index,unchanged,1,1,2005.HK,2005.HK,parse_ok,2005.HK,1,2018-12-11,0,,,,,,,,,
2019-03-11,Hang Seng Composite LargeCap & MidCap Index,Exclusion,2048,2048.HK,E-House (China) Enterprise Holdings Ltd.,482,Exclusion,Hang Seng Composite LargeCap & MidCap Index,unchanged,1,1,2048.HK,2048.HK,parse_ok,2048.HK,0,2018-12-11,0,,,,,,,,,
2019-03-11,Hang Seng Composite LargeCap & MidCap Index,Inclusion,2331,2331.HK,Li Ning Co. Ltd.,490,Inclusion,Hang Seng Composite LargeCap & MidCap Index,unchanged,1,1,2331.HK,2331.HK,parse_ok,2331.HK,1,2018-12-11,0,,,,,,,,,
2019-03-11,Hang Seng Stock Connect China AH Index Series,Inclusion,2359 / 603259,2359.HK / 603259.SH,"WuXi AppTec Co., Ltd.",511,Inclusion,Hang Seng Stock Connect China AH Index Series,unchanged,1,1,2359.HK,2359.HK,parse_ok,2359.HK,1,2018-12-11,0,,,,,,,,,
2019-03-11,Hang Seng Stock Connect China AH Index Series,Exclusion,2611 / 601211,2611.HK / 601211.SH,"Guotai Junan Securities Co., Ltd.",503,Exclusion,Hang Seng Stock Connect China AH Index Series,unchanged,1,1,2611.HK,2611.HK,parse_ok,2611.HK,0,2018-12-11,0,,,,,,,,,
2019-03-11,Hang Seng Stock Connect China AH Index Series,Exclusion,2727 / 601727,2727.HK / 601727.SH,Shanghai Electric Group Co. Ltd.,504,Exclusion,Hang Seng Stock Connect China AH Index Series,unchanged,1,1,2727.HK,2727.HK,parse_ok,2727.HK,0,2018-12-11,0,,,,,,,,,
2019-03-11,Hang Seng Stock Connect China AH Index Series,Exclusion,2866 / 601866,2866.HK / 601866.SH,"COSCO SHIPPING Development Co., Ltd.",505,Exclusion,Hang Seng Stock Connect China AH Index Series,unchanged,1,1,2866.HK,2866.HK,parse_ok,2866.HK,0,2018-12-11,0,,,,,,,,,
2019-03-11,Hang Seng Composite LargeCap & MidCap Index,Inclusion,2869,2869.HK,Greentown Service Group Co. Ltd.,491,Inclusion,Hang Seng Composite LargeCap & MidCap Index,unchanged,1,1,2869.HK,2869.HK,parse_ok,2869.HK,1,2018-12-11,0,,,,,,,,,
2019-03-11,Hang Seng Composite LargeCap & MidCap Index,Inclusion,2888,2888.HK,Standard Chartered PLC,492,Inclusion,Hang Seng Composite LargeCap & MidCap Index,unchanged,1,1,2888.HK,2888.HK,parse_ok,2888.HK,1,2018-12-11,0,,,,,,,,,
2019-03-11,Hang Seng China Enterprises Index,Inclusion,3323,3323.HK,China National Building Material Co. Ltd. - H Shares,468,Inclusion,Hang Seng China Enterprises Index,unchanged,1,1,3323.HK,3323.HK,parse_ok,3323.HK,1,2018-12-11,0,,,,,,,,,
2019-03-11,Hang Seng Composite LargeCap & MidCap Index,Inclusion,3633,3633.HK,Zhongyu Gas Holdings Ltd.,493,Inclusion,Hang Seng Composite LargeCap & MidCap Index,unchanged,1,1,3633.HK,3633.HK,parse_ok,3633.HK,1,2018-12-11,0,,,,,,,,,
2019-03-11,Hang Seng Stock Connect China AH Index Series,Exclusion,3958 / 600958,3958.HK / 600958.SH,Orient Securities Co. Ltd.,506,Exclusion,Hang Seng Stock Connect China AH Index Series,unchanged,1,1,3958.HK,3958.HK,parse_ok,3958.HK,0,2018-12-11,0,,,,,,,,,
2019-03-11,Hang Seng Stock Connect China AH Index Series,Inclusion,1787 / 600547,1787.HK / 600547.SH,"Shandong Gold Mining Co., Ltd.",510,Inclusion,Hang Seng Stock Connect China AH Index Series,unchanged,2,0,600547.SH,600547.SS,parse_ok,600547.SS,1,2018-12-11,0,,,,,,,,,
2019-03-11,Hang Seng Stock Connect China AH Index Series,Exclusion,3958 / 600958,3958.HK / 600958.SH,Orient Securities Co. Ltd.,506,Exclusion,Hang Seng Stock Connect China AH Index Series,unchanged,2,0,600958.SH,600958.SS,parse_ok,600958.SS,0,2018-12-11,0,,,,,,,,,
2019-03-11,Hang Seng Stock Connect China AH Index Series,Exclusion,6099 / 600999,6099.HK / 600999.SH,"China Merchants Securities Co., Ltd.",507,Exclusion,Hang Seng Stock Connect China AH Index Series,unchanged,2,0,600999.SH,600999.SS,parse_ok,600999.SS,0,2018-12-11,0,,,,,,,,,
2019-03-11,Hang Seng Stock Connect China AH Index Series,Exclusion,2611 / 601211,2611.HK / 601211.SH,"Guotai Junan Securities Co., Ltd.",503,Exclusion,Hang Seng Stock Connect China AH Index Series,unchanged,2,0,601211.SH,601211.SS,parse_ok,601211.SS,0,2018-12-11,0,,,,,,,,,
2019-03-11,Hang Seng Stock Connect China AH Index Series,Inclusion,1339 / 601319,1339.HK / 601319.SH,The People's Insurance Co. (Group) of China Ltd.,508,Inclusion,Hang Seng Stock Connect China AH Index Series,unchanged,2,0,601319.SH,601319.SS,parse_ok,601319.SS,1,2018-12-11,0,,,,,,,,,
2019-03-11,Hang Seng Stock Connect China AH Index Series,Exclusion,525 / 601333,0525.HK / 601333.SH,Guangshen Railway Co. Ltd.,496,Exclusion,Hang Seng Stock Connect China AH Index Series,unchanged,2,0,601333.SH,601333.SS,parse_ok,601333.SS,0,2018-12-11,0,,,,,,,,,
2019-03-11,Hang Seng China 50 Index,Exclusion,1336 / 601336,1336.HK / 601336.SH,"New China Life Insurance Co., Ltd.",465,Exclusion,Hang Seng China 50 Index,unchanged,2,0,601336.SH,601336.SS,parse_ok,601336.SS,0,2018-12-11,0,,,,,,,,,
2019-03-11,Hang Seng China 50 Index,Inclusion,601360,601360.SH,"360 Security Technology, Inc.",466,Inclusion,Hang Seng China 50 Index,unchanged,1,1,601360.SH,601360.SS,parse_ok,601360.SS,1,2018-12-11,0,,,,,,,,,
2019-03-11,Hang Seng Stock Connect China AH Index Series,Exclusion,1618 / 601618,1618.HK / 601618.SH,Metallurgical Corporation of China Ltd.,501,Exclusion,Hang Seng Stock Connect China AH Index Series,unchanged,2,0,601618.SH,601618.SS,parse_ok,601618.SS,0,2018-12-11,0,,,,,,,,,
2019-03-11,Hang Seng Stock Connect China AH Index Series,Exclusion,2727 / 601727,2727.HK / 601727.SH,Shanghai Electric Group Co. Ltd.,504,Exclusion,Hang Seng Stock Connect China AH Index Series,unchanged,2,0,601727.SH,601727.SS,parse_ok,601727.SS,0,2018-12-11,0,,,,,,,,,
2019-03-11,Hang Seng Stock Connect China AH Index Series,Exclusion,1528 / 601828,1528.HK / 601828.SH,Red Star Macalline Group Corporation Ltd.,500,Exclusion,Hang Seng Stock Connect China AH Index Series,unchanged,2,0,601828.SH,601828.SS,parse_ok,601828.SS,0,2018-12-11,0,,,,,,,,,
2019-03-11,Hang Seng Stock Connect China AH Index Series,Exclusion,2866 / 601866,2866.HK / 601866.SH,"COSCO SHIPPING Development Co., Ltd.",505,Exclusion,Hang Seng Stock Connect China AH Index Series,unchanged,2,0,601866.SH,601866.SS,parse_ok,601866.SS,0,2018-12-11,0,,,,,,,,,
2019-03-11,Hang Seng Stock Connect China AH Index Series,Inclusion,6869 / 601869,6869.HK / 601869.SH,Yangtze Optical Fibre and Cable Joint Stock Ltd. Co.,512,Inclusion,Hang Seng Stock Connect China AH Index Series,unchanged,2,0,601869.SH,601869.SS,parse_ok,601869.SS,1,2018-12-11,0,,,,,,,,,
2019-03-11,Hang Seng Stock Connect China AH Index Series,Exclusion,991 / 601991,0991.HK / 601991.SH,"Datang International Power Generation Co., Ltd.",498,Exclusion,Hang Seng Stock Connect China AH Index Series,unchanged,2,0,601991.SH,601991.SS,parse_ok,601991.SS,0,2018-12-11,0,,,,,,,,,
2019-03-11,Hang Seng Stock Connect China AH Index Series,Inclusion,2359 / 603259,2359.HK / 603259.SH,"WuXi AppTec Co., Ltd.",511,Inclusion,Hang Seng Stock Connect China AH Index Series,unchanged,2,0,603259.SH,603259.SS,parse_ok,603259.SS,1,2018-12-11,0,,,,,,,,,
2019-03-11,Hang Seng China Enterprises Index,Exclusion,6060,6060.HK,"ZhongAn Online P & C Insurance Co., Ltd. - H Shares",467,Exclusion,Hang Seng China Enterprises Index,unchanged,1,1,6060.HK,6060.HK,parse_ok,6060.HK,0,2018-12-11,0,,,,,,,,,
2019-03-11,Hang Seng Stock Connect China AH Index Series,Exclusion,6099 / 600999,6099.HK / 600999.SH,"China Merchants Securities Co., Ltd.",507,Exclusion,Hang Seng Stock Connect China AH Index Series,unchanged,1,1,6099.HK,6099.HK,parse_ok,6099.HK,0,2018-12-11,0,,,,,,,,,
2019-03-11,Hang Seng Stock Connect China AH Index Series,Inclusion,6869 / 601869,6869.HK / 601869.SH,Yangtze Optical Fibre and Cable Joint Stock Ltd. Co.,512,Inclusion,Hang Seng Stock Connect China AH Index Series,unchanged,1,1,6869.HK,6869.HK,parse_ok,6869.HK,1,2018-12-11,0,,,,,,,,,
2019-06-17,Hang Seng China Enterprises Index,Inclusion,291,0291.HK,China Resources Beer (Holdings) Co. Ltd.,518,Inclusion,Hang Seng China Enterprises Index,unchanged,1,1,0291.HK,0291.HK,parse_ok,0291.HK,1,2019-03-19,0,,,,,,,,,
2019-06-17,Hang Seng China Enterprises Index,Exclusion,753,0753.HK,Air China Ltd. - H Shares,513,Exclusion,Hang Seng China Enterprises Index,unchanged,1,1,0753.HK,0753.HK,parse_ok,0753.HK,0,2019-03-19,0,,,,,,,,,
2019-06-17,Hang Seng China Enterprises Index,Exclusion,902,0902.HK,"Huaneng Power International, Inc. - H Shares",514,Exclusion,Hang Seng China Enterprises Index,unchanged,1,1,0902.HK,0902.HK,parse_ok,0902.HK,0,2019-03-19,0,,,,,,,,,
2019-06-17,Hang Seng China Enterprises Index,Inclusion,960,0960.HK,Longfor Group Holdings Ltd.,519,Inclusion,Hang Seng China Enterprises Index,unchanged,1,1,0960.HK,0960.HK,parse_ok,0960.HK,1,2019-03-19,0,,,,,,,,,
2019-06-17,Hang Seng China Enterprises Index,Exclusion,1776,1776.HK,"GF Securities Co., Ltd. - H Shares",515,Exclusion,Hang Seng China Enterprises Index,unchanged,1,1,1776.HK,1776.HK,parse_ok,1776.HK,0,2019-03-19,0,,,,,,,,,
2019-06-17,Hang Seng China Enterprises Index,Exclusion,1816,1816.HK,"CGN Power Co., Ltd. - H Shares",516,Exclusion,Hang Seng China Enterprises Index,unchanged,1,1,1816.HK,1816.HK,parse_ok,1816.HK,0,2019-03-19,0,,,,,,,,,
2019-06-17,Hang Seng Composite LargeCap & MidCap Index,Inclusion,1896,1896.HK,Maoyan Entertainment MidCap Consumer Services,523,Inclusion,Hang Seng Composite LargeCap & MidCap Index,unchanged,1,1,1896.HK,1896.HK,parse_ok,1896.HK,1,2019-03-19,0,,,,,,,,,
2019-06-17,Hang Seng China Enterprises Index,Inclusion,2007,2007.HK,Country Garden Holdings Co. Ltd.,520,Inclusion,Hang Seng China Enterprises Index,unchanged,1,1,2007.HK,2007.HK,parse_ok,2007.HK,1,2019-03-19,0,,,,,,,,,
2019-06-17,Hang Seng China Enterprises Index,Inclusion,2020,2020.HK,ANTA Sports Products Ltd.,521,Inclusion,Hang Seng China Enterprises Index,unchanged,1,1,2020.HK,2020.HK,parse_ok,2020.HK,1,2019-03-19,0,,,,,,,,,
2019-06-17,Hang Seng China Enterprises Index,Exclusion,2333,2333.HK,Great Wall Motor Co. Ltd. - H Shares,517,Exclusion,Hang Seng China Enterprises Index,unchanged,1,1,2333.HK,2333.HK,parse_ok,2333.HK,0,2019-03-19,0,,,,,,,,,
2019-06-17,Hang Seng China Enterprises Index,Inclusion,2688,2688.HK,ENN Energy Holdings Ltd.,522,Inclusion,Hang Seng China Enterprises Index,unchanged,1,1,2688.HK,2688.HK,parse_ok,2688.HK,1,2019-03-19,0,,,,,,,,,
2019-09-09,Hang Seng (China A) Corporate Sustainability Benchmark Index,Inclusion,000001,000001.SZ,PAB,524,Inclusion,Hang Seng (China A) Corporate Sustainability Benchmark Index,unchanged,1,1,000001.SZ,000001.SZ,parse_ok,000001.SZ,1,2019-06-11,0,,,,,,,,,
2019-09-09,Hang Seng (China A) Corporate Sustainability Benchmark Index,Inclusion,000021,000021.SZ,KAIFA,525,Inclusion,Hang Seng (China A) Corporate Sustainability Benchmark Index,unchanged,1,1,000021.SZ,000021.SZ,parse_ok,000021.SZ,1,2019-06-11,0,,,,,,,,,
2019-09-09,Hang Seng (China A) Corporate Sustainability Benchmark Index,Inclusion,000035,000035.SZ,CHINA TIANYING,526,Inclusion,Hang Seng (China A) Corporate Sustainability Benchmark Index,unchanged,1,1,000035.SZ,000035.SZ,parse_ok,000035.SZ,1,2019-06-11,0,,,,,,,,,
2019-09-09,Hang Seng (China A) Corporate Sustainability Benchmark Index,Inclusion,000039,000039.SZ,CIMC,527,Inclusion,Hang Seng (China A) Corporate Sustainability Benchmark Index,unchanged,1,1,000039.SZ,000039.SZ,parse_ok,000039.SZ,1,2019-06-11,0,,,,,,,,,
2019-09-09,Hang Seng (China A) Corporate Sustainability Benchmark Index,Inclusion,000046,000046.SZ,OCEANWIDE HOLDINGS,528,Inclusion,Hang Seng (China A) Corporate Sustainability Benchmark Index,unchanged,1,1,000046.SZ,000046.SZ,parse_ok,000046.SZ,1,2019-06-11,0,,,,,,,,,
2019-09-09,Hang Seng (China A) Corporate Sustainability Benchmark Index,Inclusion,000050,000050.SZ,TIANMA,529,Inclusion,Hang Seng (China A) Corporate Sustainability Benchmark Index,unchanged,1,1,000050.SZ,000050.SZ,parse_ok,000050.SZ,1,2019-06-11,0,,,,,,,,,
2019-09-09,Hang Seng (China A) Corporate Sustainability Benchmark Index,Inclusion,000063,000063.SZ,ZTE,530,Inclusion,Hang Seng (China A) Corporate Sustainability Benchmark Index,unchanged,1,1,000063.SZ,000063.SZ,parse_ok,000063.SZ,1,2019-06-11,0,,,,,,,,,
2019-09-09,Hang Seng (China A) Corporate Sustainability Index,Inclusion,000063,000063.SZ,ZTE Corporation,621,Inclusion,Hang Seng (China A) Corporate Sustainability Index,unchanged,1,1,000063.SZ,000063.SZ,parse_ok,000063.SZ,1,2019-06-11,0,,,,,,,,,
2019-09-09,Hang Seng China A Industry Top Index,Exclusion,000063,000063.SZ,ZTE Corporation,642,Exclusion,Hang Seng China A Industry Top Index,unchanged,1,1,000063.SZ,000063.SZ,parse_ok,000063.SZ,0,2019-06-11,0,,,,,,,,,
2019-09-09,Hang Seng China A Top 100 Index,Exclusion,000063,000063.SZ,ZTE Corporation,659,Exclusion,Hang Seng China A Top 100 Index,unchanged,1,1,000063.SZ,000063.SZ,parse_ok,000063.SZ,0,2019-06-11,0,,,,,,,,,
2019-09-09,Hang Seng (China A) Corporate Sustainability Benchmark Index,Inclusion,000066,000066.SZ,CGT GROUP,531,Inclusion,Hang Seng (China A) Corporate Sustainability Benchmark Index,unchanged,1,1,000066.SZ,000066.SZ,parse_ok,000066.SZ,1,2019-06-11,0,,,,,,,,,
2019-09-09,Hang Seng (China A) Corporate Sustainability Benchmark Index,Inclusion,000100,000100.SZ,TCL,532,Inclusion,Hang Seng (China A) Corporate Sustainability Benchmark Index,unchanged,1,1,000100.SZ,000100.SZ,parse_ok,000100.SZ,1,2019-06-11,0,,,,,,,,,
2019-09-09,Hang Seng (China A) Corporate Sustainability Index,Inclusion,000100,000100.SZ,TCL Corporation,622,Inclusion,Hang Seng (China A) Corporate Sustainability Index,unchanged,1,1,000100.SZ,000100.SZ,parse_ok,000100.SZ,1,2019-06-11,0,,,,,,,,,
2019-09-09,Hang Seng Stock Connect China AH Index Series,Inclusion,1157 / 000157,1157.HK / 000157.SZ,Zoomlion Heavy Industry Science and Technology Co.,737,Inclusion,Hang Seng Stock Connect China AH Index Series,unchanged,2,0,000157.SZ,000157.SZ,parse_ok,000157.SZ,1,2019-06-11,0,,,,,,,,,
2019-09-09,Hang Seng Stock Connect China AH Index Series,Inclusion,6806 / 000166,6806.HK / 000166.SZ,"Shenwan Hongyuan Group Co., Ltd.",743,Inclusion,Hang Seng Stock Connect China AH Index Series,unchanged,2,0,000166.SZ,000166.SZ,parse_ok,000166.SZ,1,2019-06-11,0,,,,,,,,,
2019-09-09,Hang Seng China A Industry Top Index,Inclusion,000338,000338.SZ,"Weichai Power Co., Ltd.",648,Inclusion,Hang Seng China A Industry Top Index,unchanged,1,1,000338.SZ,000338.SZ,parse_ok,000338.SZ,1,2019-06-11,0,,,,,,,,,
2019-09-09,Hang Seng (China A) Corporate Sustainability Benchmark Index,Inclusion,000513,000513.SZ,LIVZON GROUP,533,Inclusion,Hang Seng (China A) Corporate Sustainability Benchmark Index,unchanged,1,1,000513.SZ,000513.SZ,parse_ok,000513.SZ,1,2019-06-11,0,,,,,,,,,
2019-09-09,Hang Seng (China A) Corporate Sustainability Benchmark Index,Inclusion,000528,000528.SZ,LIUGONG,534,Inclusion,Hang Seng (China A) Corporate Sustainability Benchmark Index,unchanged,1,1,000528.SZ,000528.SZ,parse_ok,000528.SZ,1,2019-06-11,0,,,,,,,,,
2019-09-09,Hang Seng China A Industry Top Index,Inclusion,000538,000538.SZ,"Yunnan Baiyao Group Co., Ltd.",649,Inclusion,Hang Seng China A Industry Top Index,unchanged,1,1,000538.SZ,000538.SZ,parse_ok,000538.SZ,1,2019-06-11,0,,,,,,,,,
2019-09-09,Hang Seng (China A) Corporate Sustainability Benchmark Index,Inclusion,000540,000540.SZ,ZHONGTIAN,535,Inclusion,Hang Seng (China A) Corporate Sustainability Benchmark Index,unchanged,1,1,000540.SZ,000540.SZ,parse_ok,000540.SZ,1,2019-06-11,0,,,,,,,,,
2019-09-09,Hang Seng (China A) Corporate Sustainability Benchmark Index,Inclusion,000546,000546.SZ,JYC,536,Inclusion,Hang Seng (China A) Corporate Sustainability Benchmark Index,unchanged,1,1,000546.SZ,000546.SZ,parse_ok,000546.SZ,1,2019-06-11,0,,,,,,,,,
2019-09-09,Hang Seng China A Top 100 Index,Exclusion,000625,000625.SZ,Chongqing Changan Automobile Company Limited,660,Exclusion,Hang Seng China A Top 100 Index,unchanged,1,1,000625.SZ,000625.SZ,parse_ok,000625.SZ,0,2019-06-11,0,,,,,,,,,
2019-09-09,Hang Seng (China A) Corporate Sustainability Benchmark Index,Inclusion,000825,000825.SZ,STSS,537,Inclusion,Hang Seng (China A) Corporate Sustainability Benchmark Index,unchanged,1,1,000825.SZ,000825.SZ,parse_ok,000825.SZ,1,2019-06-11,0,,,,,,,,,
2019-09-09,Hang Seng (China A) Corporate Sustainability Index,Inclusion,000825,000825.SZ,"Shanxi Taigang Stainless Steel Co., Ltd",623,Inclusion,Hang Seng (China A) Corporate Sustainability Index,unchanged,1,1,000825.SZ,000825.SZ,parse_ok,000825.SZ,1,2019-06-11,0,,,,,,,,,
2019-09-09,Hang Seng Stock Connect China AH Index Series,Inclusion,921 / 000921,0921.HK / 000921.SZ,"Hisense Home Appliances Group Co., Ltd.",736,Inclusion,Hang Seng Stock Connect China AH Index Series,unchanged,2,0,000921.SZ,000921.SZ,parse_ok,000921.SZ,1,2019-06-11,0,,,,,,,,,
2019-09-09,Hang Seng (China A) Corporate Sustainability Benchmark Index,Inclusion,000997,000997.SZ,NEWLAND,538,Inclusion,Hang Seng (China A) Corporate Sustainability Benchmark Index,unchanged,1,1,000997.SZ,000997.SZ,parse_ok,000997.SZ,1,2019-06-11,0,,,,,,,,,
2019-09-09,Hang Seng (China A) Corporate Sustainability Benchmark Index,Inclusion,001979,001979.SZ,CMSK,539,Inclusion,Hang Seng (China A) Corporate Sustainability Benchmark Index,unchanged,1,1,001979.SZ,001979.SZ,parse_ok,001979.SZ,1,2019-06-11,0,,,,,,,,,
2019-09-09,Hang Seng Corporate Sustainability Benchmark Index,Inclusion,20,0020.HK,WHEELOCK,718,Inclusion,Hang Seng Corporate Sustainability Benchmark Index,unchanged,1,1,0020.HK,0020.HK,parse_ok,0020.HK,1,2019-06-11,0,,,,,,,,,
2019-09-09,Hang Seng China A Industry Top Index,Exclusion,002027,002027.SZ,"Focus Media Information Technology Co., Ltd.",643,Exclusion,Hang Seng China A Industry Top Index,unchanged,1,1,002027.SZ,002027.SZ,parse_ok,002027.SZ,0,2019-06-11,0,,,,,,,,,
2019-09-09,Hang Seng (China A) Corporate Sustainability Benchmark Index,Inclusion,002078,002078.SZ,SUN PAPER,540,Inclusion,Hang Seng (China A) Corporate Sustainability Benchmark Index,unchanged,1,1,002078.SZ,002078.SZ,parse_ok,002078.SZ,1,2019-06-11,0,,,,,,,,,
2019-09-09,Hang Seng (China A) Corporate Sustainability Benchmark Index,Inclusion,002179,002179.SZ,JONHON,541,Inclusion,Hang Seng (China A) Corporate Sustainability Benchmark Index,unchanged,1,1,002179.SZ,002179.SZ,parse_ok,002179.SZ,1,2019-06-11,0,,,,,,,,,
2019-09-09,Hang Seng (China A) Corporate Sustainability Index,Inclusion,002202,002202.SZ,"Xinjiang Goldwind Science & Technology Co., Ltd",624,Inclusion,Hang Seng (China A) Corporate Sustainability Index,unchanged,1,1,002202.SZ,002202.SZ,parse_ok,002202.SZ,1,2019-06-11,0,,,,,,,,,
2019-09-09,Hang Seng (China A) Corporate Sustainability Benchmark Index,Inclusion,002249,002249.SZ,DYDJ,542,Inclusion,Hang Seng (China A) Corporate Sustainability Benchmark Index,unchanged,1,1,002249.SZ,002249.SZ,parse_ok,002249.SZ,1,2019-06-11,0,,,,,,,,,
2019-09-09,Hang Seng China A Industry Top Index,Inclusion,002304,002304.SZ,"Jiangsu Yanghe Brewery Joint-Stock Co., Ltd.",650,Inclusion,Hang Seng China A Industry Top Index,unchanged,1,1,002304.SZ,002304.SZ,parse_ok,002304.SZ,1,2019-06-11,0,,,,,,,,,
2019-09-09,Hang Seng (China A) Corporate Sustainability Benchmark Index,Inclusion,002371,002371.SZ,SEVENSTAR,543,Inclusion,Hang Seng (China A) Corporate Sustainability Benchmark Index,unchanged,1,1,002371.SZ,002371.SZ,parse_ok,002371.SZ,1,2019-06-11,0,,,,,,,,,
2019-09-09,Hang Seng (China A) Corporate Sustainability Benchmark Index,Inclusion,002407,002407.SZ,DFD,544,Inclusion,Hang Seng (China A) Corporate Sustainability Benchmark Index,unchanged,1,1,002407.SZ,002407.SZ,parse_ok,002407.SZ,1,2019-06-11,0,,,,,,,,,
2019-09-09,Hang Seng (China A) Corporate Sustainability Benchmark Index,Inclusion,002415,002415.SZ,HIKVISION,545,Inclusion,Hang Seng (China A) Corporate Sustainability Benchmark Index,unchanged,1,1,002415.SZ,002415.SZ,parse_ok,002415.SZ,1,2019-06-11,0,,,,,,,,,
2019-09-09,Hang Seng (China A) Corporate Sustainability Index,Inclusion,002415,002415.SZ,"Hangzhou Hikvision Digital Technology Co., Ltd.",625,Inclusion,Hang Seng (China A) Corporate Sustainability Index,unchanged,1,1,002415.SZ,002415.SZ,parse_ok,002415.SZ,1,2019-06-11,0,,,,,,,,,
2019-09-09,Hang Seng Stock Connect China AH Index Series,Exclusion,1772 / 002460,1772.HK / 002460.SZ,"Ganfeng Lithium Co., Ltd.",733,Exclusion,Hang Seng Stock Connect China AH Index Series,unchanged,2,0,002460.SZ,002460.SZ,parse_ok,002460.SZ,0,2019-06-11,0,,,,,,,,,
2019-09-09,Hang Seng (China A) Corporate Sustainability Benchmark Index,Inclusion,002601,002601.SZ,BLL,546,Inclusion,Hang Seng (China A) Corporate Sustainability Benchmark Index,unchanged,1,1,002601.SZ,002601.SZ,parse_ok,002601.SZ,1,2019-06-11,0,,,,,,,,,
2019-09-09,Hang Seng (China A) Corporate Sustainability Benchmark Index,Inclusion,002815,002815.SZ,SUNTAK,547,Inclusion,Hang Seng (China A) Corporate Sustainability Benchmark Index,unchanged,1,1,002815.SZ,002815.SZ,parse_ok,002815.SZ,1,2019-06-11,0,,,,,,,,,
2019-09-09,Hang Seng (China A) Corporate Sustainability Benchmark Index,Inclusion,002916,002916.SZ,SCC,548,Inclusion,Hang Seng (China A) Corporate Sustainability Benchmark Index,unchanged,1,1,002916.SZ,002916.SZ,parse_ok,002916.SZ,1,2019-06-11,0,,,,,,,,,
2019-09-09,Hang Seng (China A) Corporate Sustainability Index,Inclusion,002916,002916.SZ,"Shennan Circuits Co., Ltd.",626,Inclusion,Hang Seng (China A) Corporate Sustainability Index,unchanged,1,1,002916.SZ,002916.SZ,parse_ok,002916.SZ,1,2019-06-11,0,,,,,,,,,
2019-09-09,Hang Seng Composite LargeCap & MidCap Index,Exclusion,45,0045.HK,"The Hongkong and Shanghai Hotels, Ltd.",685,Exclusion,Hang Seng Composite LargeCap & MidCap Index,unchanged,1,1,0045.HK,0045.HK,parse_ok,0045.HK,0,2019-06-11,0,,,,,,,,,
2019-09-09,Hang Seng Corporate Sustainability Benchmark Index,Exclusion,45,0045.HK,HK&S HOTELS,706,Exclusion,Hang Seng Corporate Sustainability Benchmark Index,unchanged,1,1,0045.HK,0045.HK,parse_ok,0045.HK,0,2019-06-11,0,,,,,,,,,
2019-09-09,Hang Seng Corporate Sustainability Benchmark Index,Inclusion,52,0052.HK,FAIRWOOD HOLD,719,Inclusion,Hang Seng Corporate Sustainability Benchmark Index,unchanged,1,1,0052.HK,0052.HK,parse_ok,0052.HK,1,2019-06-11,0,,,,,,,,,
2019-09-09,Hang Seng Corporate Sustainability Benchmark Index,Inclusion,123,0123.HK,YUEXIU PROPERTY,720,Inclusion,Hang Seng Corporate Sustainability Benchmark Index,unchanged,1,1,0123.HK,0123.HK,parse_ok,0123.HK,1,2019-06-11,0,,,,,,,,,
2019-09-09,Hang Seng Composite LargeCap & MidCap Index,Exclusion,127,0127.HK,Chinese Estates Holdings Ltd.,686,Exclusion,Hang Seng Composite LargeCap & MidCap Index,unchanged,1,1,0127.HK,0127.HK,parse_ok,0127.HK,0,2019-06-11,0,,,,,,,,,
2019-09-09,Hang Seng China Enterprises Index,Inclusion,151,0151.HK,Want Want China Holdings Ltd.,680,Inclusion,Hang Seng China Enterprises Index,unchanged,1,1,0151.HK,0151.HK,parse_ok,0151.HK,1,2019-06-11,0,,,,,,,,,
2019-09-09,Hang Seng Corporate Sustainability Benchmark Index,Exclusion,163,0163.HK,EMPEROR INT'L,707,Exclusion,Hang Seng Corporate Sustainability Benchmark Index,unchanged,1,1,0163.HK,0163.HK,parse_ok,0163.HK,0,2019-06-11,0,,,,,,,,,
2019-09-09,Hang Seng Corporate Sustainability Benchmark Index,Exclusion,168,0168.HK,TSINGTAO BREW,708,Exclusion,Hang Seng Corporate Sustainability Benchmark Index,unchanged,1,1,0168.HK,0168.HK,parse_ok,0168.HK,0,2019-06-11,0,,,,,,,,,
2019-09-09,Hang Seng China Enterprises Index,Inclusion,175,0175.HK,Geely Automobile Holdings Ltd.,681,Inclusion,Hang Seng China Enterprises Index,unchanged,1,1,0175.HK,0175.HK,parse_ok,0175.HK,1,2019-06-11,0,,,,,,,,,
2019-09-09,Hang Seng Corporate Sustainability Benchmark Index,Exclusion,215,0215.HK,HUTCHTEL HK,709,Exclusion,Hang Seng Corporate Sustainability Benchmark Index,unchanged,1,1,0215.HK,0215.HK,parse_ok,0215.HK,0,2019-06-11,0,,,,,,,,,
2019-09-09,Hang Seng Corporate Sustainability Benchmark Index,Exclusion,288,0288.HK,WH GROUP,710,Exclusion,Hang Seng Corporate Sustainability Benchmark Index,unchanged,1,1,0288.HK,0288.HK,parse_ok,0288.HK,0,2019-06-11,0,,,,,,,,,
2019-09-09,Hang Seng Corporate Sustainability Benchmark Index,Exclusion,316,0316.HK,OOIL,711,Exclusion,Hang Seng Corporate Sustainability Benchmark Index,unchanged,1,1,0316.HK,0316.HK,parse_ok,0316.HK,0,2019-06-11,0,,,,,,,,,
2019-09-09,Hang Seng Corporate Sustainability Index,Exclusion,316,0316.HK,Orient Overseas (International) Ltd.,729,Exclusion,Hang Seng Corporate Sustainability Index,unchanged,1,1,0316.HK,0316.HK,parse_ok,0316.HK,0,2019-06-11,0,,,,,,,,,
2019-09-09,Hang Seng Corporate Sustainability Benchmark Index,Exclusion,330,0330.HK,ESPRIT HOLDINGS,712,Exclusion,Hang Seng Corporate Sustainability Benchmark Index,unchanged,1,1,0330.HK,0330.HK,parse_ok,0330.HK,0,2019-06-11,0,,,,,,,,,
2019-09-09,Hang Seng Corporate Sustainability Index,Inclusion,345,0345.HK,Vitasoy International Holdings Ltd.,731,Inclusion,Hang Seng Corporate Sustainability Index,unchanged,1,1,0345.HK,0345.HK,parse_ok,0345.HK,1,2019-06-11,0,,,,,,,,,
2019-09-09,Hang Seng China Enterprises Index,Exclusion,489,0489.HK,Dongfeng Motor Group Co. Ltd. - H Shares,675,Exclusion,Hang Seng China Enterprises Index,unchanged,1,1,0489.HK,0489.HK,parse_ok,0489.HK,0,2019-06-11,0,,,,,,,,,
2019-09-09,Hang Seng Composite LargeCap & MidCap Index,Exclusion,511,0511.HK,Television Broadcasts Ltd.,687,Exclusion,Hang Seng Composite LargeCap & MidCap Index,unchanged,1,1,0511.HK,0511.HK,parse_ok,0511.HK,0,2019-06-11,0,,,,,,,,,
2019-09-09,Hang Seng Corporate Sustainability Benchmark Index,Exclusion,517,0517.HK,COSCO SHIP INTL,713,Exclusion,Hang Seng Corporate Sustainability Benchmark Index,unchanged,1,1,0517.HK,0517.HK,parse_ok,0517.HK,0,2019-06-11,0,,,,,,,,,
2019-09-09,Hang Seng Stock Connect China AH Index Series,Inclusion,548 / 600548,0548.HK / 600548.SH,Shenzhen Expressway Co. Ltd.,734,Inclusion,Hang Seng Stock Connect China AH Index Series,unchanged,1,1,0548.HK,0548.HK,parse_ok,0548.HK,1,2019-06-11,0,,,,,,,,,
2019-09-09,Hang Seng Composite LargeCap & MidCap Index,Exclusion,582,0582.HK,Landing International Development Ltd.,688,Exclusion,Hang Seng Composite LargeCap & MidCap Index,unchanged,1,1,0582.HK,0582.HK,parse_ok,0582.HK,0,2019-06-11,0,,,,,,,,,
2019-09-09,Hang Seng Corporate Sustainability Benchmark Index,Inclusion,586,0586.HK,CONCH VENTURE,721,Inclusion,Hang Seng Corporate Sustainability Benchmark Index,unchanged,1,1,0586.HK,0586.HK,parse_ok,0586.HK,1,2019-06-11,0,,,,,,,,,
2019-09-09,Hang Seng Stock Connect China AH Index Series,Inclusion,598 / 601598,0598.HK / 601598.SH,Sinotrans Ltd.,735,Inclusion,Hang Seng Stock Connect China AH Index Series,unchanged,1,1,0598.HK,0598.HK,parse_ok,0598.HK,1,2019-06-11,0,,,,,,,,,
2019-09-09,Hang Seng China Enterprises Index,Inclusion,656,0656.HK,Fosun International Ltd.,682,Inclusion,Hang Seng China Enterprises Index,unchanged,1,1,0656.HK,0656.HK,parse_ok,0656.HK,1,2019-06-11,0,,,,,,,,,
2019-09-09,Hang Seng Composite LargeCap & MidCap Index,Inclusion,667,0667.HK,China East Education Holdings Ltd.,697,Inclusion,Hang Seng Composite LargeCap & MidCap Index,unchanged,1,1,0667.HK,0667.HK,parse_ok,0667.HK,1,2019-06-11,0,,,,,,,,,
2019-09-09,Hang Seng Composite LargeCap & MidCap Index,Exclusion,691,0691.HK,China Shanshui Cement Group Ltd.,689,Exclusion,Hang Seng Composite LargeCap & MidCap Index,unchanged,1,1,0691.HK,0691.HK,parse_ok,0691.HK,0,2019-06-11,0,,,,,,,,,
2019-09-09,Hang Seng Corporate Sustainability Benchmark Index,Exclusion,737,0737.HK,BAY AREA DEV,714,Exclusion,Hang Seng Corporate Sustainability Benchmark Index,unchanged,1,1,0737.HK,0737.HK,parse_ok,0737.HK,0,2019-06-11,0,,,,,,,,,
2019-09-09,Hang Seng Corporate Sustainability Benchmark Index,Exclusion,787,0787.HK,GLOBAL BRANDS,715,Exclusion,Hang Seng Corporate Sustainability Benchmark Index,unchanged,1,1,0787.HK,0787.HK,parse_ok,0787.HK,0,2019-06-11,0,,,,,,,,,
2019-09-09,Hang Seng China 50 Index,Inclusion,788,0788.HK,China Tower Corporation Ltd.,640,Inclusion,Hang Seng China 50 Index,unchanged,1,1,0788.HK,0788.HK,parse_ok,0788.HK,1,2019-06-11,0,,,,,,,,,
2019-09-09,Hang Seng Corporate Sustainability Benchmark Index,Inclusion,808,0808.HK,PROSPERITY REIT,722,Inclusion,Hang Seng Corporate Sustainability Benchmark Index,unchanged,1,1,0808.HK,0808.HK,parse_ok,0808.HK,1,2019-06-11,0,,,,,,,,,
2019-09-09,Hang Seng Stock Connect China AH Index Series,Inclusion,921 / 000921,0921.HK / 000921.SZ,"Hisense Home Appliances Group Co., Ltd.",736,Inclusion,Hang Seng Stock Connect China AH Index Series,unchanged,1,1,0921.HK,0921.HK,parse_ok,0921.HK,1,2019-06-11,0,,,,,,,,,
2019-09-09,Hang Seng Corporate Sustainability Index,Exclusion,941,0941.HK,China Mobile Ltd.,730,Exclusion,Hang Seng Corporate Sustainability Index,unchanged,1,1,0941.HK,0941.HK,parse_ok,0941.HK,0,2019-06-11,0,,,,,,,,,
2019-09-09,Hang Seng China Enterprises Index,Inclusion,966,0966.HK,China Taiping Insurance Holdings Co. Ltd.,683,Inclusion,Hang Seng China Enterprises Index,unchanged,1,1,0966.HK,0966.HK,parse_ok,0966.HK,1,2019-06-11,0,,,,,,,,,
2019-09-09,Hang Seng Corporate Sustainability Benchmark Index,Inclusion,1070,1070.HK,TCL ELECTRONICS,723,Inclusion,Hang Seng Corporate Sustainability Benchmark Index,unchanged,1,1,1070.HK,1070.HK,parse_ok,1070.HK,1,2019-06-11,0,,,,,,,,,
2019-09-09,Hang Seng Corporate Sustainability Benchmark Index,Inclusion,1099,1099.HK,SINOPHARM,724,Inclusion,Hang Seng Corporate Sustainability Benchmark Index,unchanged,1,1,1099.HK,1099.HK,parse_ok,1099.HK,1,2019-06-11,0,,,,,,,,,
2019-09-09,Hang Seng Composite LargeCap & MidCap Index,Exclusion,1141,1141.HK,CMBC Capital Holdings Ltd.,690,Exclusion,Hang Seng Composite LargeCap & MidCap Index,unchanged,1,1,1141.HK,1141.HK,parse_ok,1141.HK,0,2019-06-11,0,,,,,,,,,
2019-09-09,Hang Seng Stock Connect China AH Index Series,Inclusion,1157 / 000157,1157.HK / 000157.SZ,Zoomlion Heavy Industry Science and Technology Co.,737,Inclusion,Hang Seng Stock Connect China AH Index Series,unchanged,1,1,1157.HK,1157.HK,parse_ok,1157.HK,1,2019-06-11,0,,,,,,,,,
2019-09-09,Hang Seng Corporate Sustainability Benchmark Index,Exclusion,1199,1199.HK,COSCO SHIP PORT,716,Exclusion,Hang Seng Corporate Sustainability Benchmark Index,unchanged,1,1,1199.HK,1199.HK,parse_ok,1199.HK,0,2019-06-11,0,,,,,,,,,
2019-09-09,Hang Seng Corporate Sustainability Benchmark Index,Exclusion,1208,1208.HK,MMG,717,Exclusion,Hang Seng Corporate Sustainability Benchmark Index,unchanged,1,1,1208.HK,1208.HK,parse_ok,1208.HK,0,2019-06-11,0,,,,,,,,,
2019-09-09,Hang Seng Corporate Sustainability Index,Inclusion,1299,1299.HK,AIA Group Ltd.,732,Inclusion,Hang Seng Corporate Sustainability Index,unchanged,1,1,1299.HK,1299.HK,parse_ok,1299.HK,1,2019-06-11,0,,,,,,,,,
2019-09-09,Hang Seng Corporate Sustainability Benchmark Index,Inclusion,1333,1333.HK,CHINA ZHONGWANG,725,Inclusion,Hang Seng Corporate Sustainability Benchmark Index,unchanged,1,1,1333.HK,1333.HK,parse_ok,1333.HK,1,2019-06-11,0,,,,,,,,,
2019-09-09,Hang Seng China 50 Index,Inclusion,1339 / 601319,1339.HK / 601319.SH,The People's Insurance Co. (Group) of China Ltd.,641,Inclusion,Hang Seng China 50 Index,unchanged,1,1,1339.HK,1339.HK,parse_ok,1339.HK,1,2019-06-11,0,,,,,,,,,
2019-09-09,Hang Seng China Enterprises Index,Exclusion,1359,1359.HK,"China Cinda Asset Management Co., Ltd. - H Shares",676,Exclusion,Hang Seng China Enterprises Index,unchanged,1,1,1359.HK,1359.HK,parse_ok,1359.HK,0,2019-06-11,0,,,,,,,,,
2019-09-09,Hang Seng Composite LargeCap & MidCap Index,Exclusion,1515,1515.HK,China Resources Medical Holdings Co. Ltd.,691,Exclusion,Hang Seng Composite LargeCap & MidCap Index,unchanged,1,1,1515.HK,1515.HK,parse_ok,1515.HK,0,2019-06-11,0,,,,,,,,,
2019-09-09,Hang Seng Stock Connect China AH Index Series,Inclusion,1528 / 601828,1528.HK / 601828.SH,Red Star Macalline Group Corporation Ltd.,738,Inclusion,Hang Seng Stock Connect China AH Index Series,unchanged,1,1,1528.HK,1528.HK,parse_ok,1528.HK,1,2019-06-11,0,,,,,,,,,
2019-09-09,Hang Seng Composite LargeCap & MidCap Index,Inclusion,1579,1579.HK,Yihai International Holding Ltd.,698,Inclusion,Hang Seng Composite LargeCap & MidCap Index,unchanged,1,1,1579.HK,1579.HK,parse_ok,1579.HK,1,2019-06-11,0,,,,,,,,,
2019-09-09,Hang Seng Composite LargeCap & MidCap Index,Inclusion,1717,1717.HK,Ausnutria Dairy Corporation Ltd.,699,Inclusion,Hang Seng Composite LargeCap & MidCap Index,unchanged,1,1,1717.HK,1717.HK,parse_ok,1717.HK,1,2019-06-11,0,,,,,,,,,
2019-09-09,Hang Seng Stock Connect China AH Index Series,Exclusion,1772 / 002460,1772.HK / 002460.SZ,"Ganfeng Lithium Co., Ltd.",733,Exclusion,Hang Seng Stock Connect China AH Index Series,unchanged,1,1,1772.HK,1772.HK,parse_ok,1772.HK,0,2019-06-11,0,,,,,,,,,
2019-09-09,Hang Seng China Enterprises Index,Inclusion,1918,1918.HK,Sunac China Holdings Ltd.,684,Inclusion,Hang Seng China Enterprises Index,unchanged,1,1,1918.HK,1918.HK,parse_ok,1918.HK,1,2019-06-11,0,,,,,,,,,
2019-09-09,Hang Seng Composite LargeCap & MidCap Index,Inclusion,1951,1951.HK,Jinxin Fertility Group Ltd.,700,Inclusion,Hang Seng Composite LargeCap & MidCap Index,unchanged,1,1,1951.HK,1951.HK,parse_ok,1951.HK,1,2019-06-11,0,,,,,,,,,
2019-09-09,Hang Seng Composite LargeCap & MidCap Index,Exclusion,1992,1992.HK,Fosun Tourism Group,692,Exclusion,Hang Seng Composite LargeCap & MidCap Index,unchanged,1,1,1992.HK,1992.HK,parse_ok,1992.HK,0,2019-06-11,0,,,,,,,,,
2019-09-09,Hang Seng Composite LargeCap & MidCap Index,Exclusion,2038,2038.HK,FIH Mobile Ltd.,693,Exclusion,Hang Seng Composite LargeCap & MidCap Index,unchanged,1,1,2038.HK,2038.HK,parse_ok,2038.HK,0,2019-06-11,0,,,,,,,,,
2019-09-09,Hang Seng China Enterprises Index,Exclusion,2238,2238.HK,"Guangzhou Automobile Group Co., Ltd. - H Shares",677,Exclusion,Hang Seng China Enterprises Index,unchanged,1,1,2238.HK,2238.HK,parse_ok,2238.HK,0,2019-06-11,0,,,,,,,,,
2019-09-09,Hang Seng Composite LargeCap & MidCap Index,Exclusion,2356,2356.HK,Dah Sing Banking Group Ltd.,694,Exclusion,Hang Seng Composite LargeCap & MidCap Index,unchanged,1,1,2356.HK,2356.HK,parse_ok,2356.HK,0,2019-06-11,0,,,,,,,,,
2019-09-09,Hang Seng China 50 Index,Exclusion,2611 / 601211,2611.HK / 601211.SH,"Guotai Junan Securities Co., Ltd.",638,Exclusion,Hang Seng China 50 Index,unchanged,1,1,2611.HK,2611.HK,parse_ok,2611.HK,0,2019-06-11,0,,,,,,,,,
2019-09-09,Hang Seng Stock Connect China AH Index Series,Inclusion,2611 / 601211,2611.HK / 601211.SH,"Guotai Junan Securities Co., Ltd.",739,Inclusion,Hang Seng Stock Connect China AH Index Series,unchanged,1,1,2611.HK,2611.HK,parse_ok,2611.HK,1,2019-06-11,0,,,,,,,,,
2019-09-09,Hang Seng China Enterprises Index,Exclusion,2799,2799.HK,"China Huarong Asset Management Co., Ltd. - H Shares",678,Exclusion,Hang Seng China Enterprises Index,unchanged,1,1,2799.HK,2799.HK,parse_ok,2799.HK,0,2019-06-11,0,,,,,,,,,
2019-09-09,Hang Seng Composite LargeCap & MidCap Index,Exclusion,2888,2888.HK,Standard Chartered PLC,695,Exclusion,Hang Seng Composite LargeCap & MidCap Index,unchanged,1,1,2888.HK,2888.HK,parse_ok,2888.HK,0,2019-06-11,0,,,,,,,,,
2019-09-09,Hang Seng (China A) Corporate Sustainability Benchmark Index,Inclusion,300124,300124.SZ,INOVANCE,549,Inclusion,Hang Seng (China A) Corporate Sustainability Benchmark Index,unchanged,1,1,300124.SZ,300124.SZ,parse_ok,300124.SZ,1,2019-06-11,0,,,,,,,,,
2019-09-09,Hang Seng (China A) Corporate Sustainability Benchmark Index,Inclusion,300274,300274.SZ,SUNGROW POWER,550,Inclusion,Hang Seng (China A) Corporate Sustainability Benchmark Index,unchanged,1,1,300274.SZ,300274.SZ,parse_ok,300274.SZ,1,2019-06-11,0,,,,,,,,,
2019-09-09,Hang Seng (China A) Corporate Sustainability Benchmark Index,Inclusion,300398,300398.SZ,PHICHEM,551,Inclusion,Hang Seng (China A) Corporate Sustainability Benchmark Index,unchanged,1,1,300398.SZ,300398.SZ,parse_ok,300398.SZ,1,2019-06-11,0,,,,,,,,,
2019-09-09,Hang Seng China A Industry Top Index,Inclusion,300498,300498.SZ,"Wens Foodstuff Group Co., Ltd.",651,Inclusion,Hang Seng China A Industry Top Index,unchanged,1,1,300498.SZ,300498.SZ,parse_ok,300498.SZ,1,2019-06-11,0,,,,,,,,,
2019-09-09,Hang Seng China A Top 100 Index,Inclusion,300498,300498.SZ,"Wens Foodstuff Group Co., Ltd.",667,Inclusion,Hang Seng China A Top 100 Index,unchanged,1,1,300498.SZ,300498.SZ,parse_ok,300498.SZ,1,2019-06-11,0,,,,,,,,,
2019-09-09,Hang Seng (China A) Corporate Sustainability Benchmark Index,Inclusion,300750,300750.SZ,CATL,552,Inclusion,Hang Seng (China A) Corporate Sustainability Benchmark Index,unchanged,1,1,300750.SZ,300750.SZ,parse_ok,300750.SZ,1,2019-06-11,0,,,,,,,,,
2019-09-09,Hang Seng (China A) Corporate Sustainability Index,Inclusion,300750,300750.SZ,"Contemporary Amperex Technology Co., Limited",627,Inclusion,Hang Seng (China A) Corporate Sustainability Index,unchanged,1,1,300750.SZ,300750.SZ,parse_ok,300750.SZ,1,2019-06-11,0,,,,,,,,,
2019-09-09,Hang Seng China A Top 100 Index,Inclusion,300750,300750.SZ,"Contemporary Amperex Technology Co., Limited",668,Inclusion,Hang Seng China A Top 100 Index,unchanged,1,1,300750.SZ,300750.SZ,parse_ok,300750.SZ,1,2019-06-11,0,,,,,,,,,
2019-09-09,Hang Seng China A Industry Top Index,Inclusion,300760,300760.SZ,"Shenzhen Mindray Bio-Medical Electronics Co., Ltd.",652,Inclusion,Hang Seng China A Industry Top Index,unchanged,1,1,300760.SZ,300760.SZ,parse_ok,300760.SZ,1,2019-06-11,0,,,,,,,,,
2019-09-09,Hang Seng Composite LargeCap & MidCap Index,Inclusion,3301,3301.HK,Ronshine China Holdings Ltd.,701,Inclusion,Hang Seng Composite LargeCap & MidCap Index,unchanged,1,1,3301.HK,3301.HK,parse_ok,3301.HK,1,2019-06-11,0,,,,,,,,,
2019-09-09,Hang Seng Corporate Sustainability Benchmark Index,Inclusion,3396,3396.HK,LEGENDHOLDING,726,Inclusion,Hang Seng Corporate Sustainability Benchmark Index,unchanged,1,1,3396.HK,3396.HK,parse_ok,3396.HK,1,2019-06-11,0,,,,,,,,,
2019-09-09,Hang Seng Composite LargeCap & MidCap Index,Inclusion,3692,3692.HK,Hansoh Pharmaceutical Group Co. Ltd.,702,Inclusion,Hang Seng Composite LargeCap & MidCap Index,unchanged,1,1,3692.HK,3692.HK,parse_ok,3692.HK,1,2019-06-11,0,,,,,,,,,
2019-09-09,Hang Seng Composite LargeCap & MidCap Index,Inclusion,3883,3883.HK,China Aoyuan Group Ltd.,703,Inclusion,Hang Seng Composite LargeCap & MidCap Index,unchanged,1,1,3883.HK,3883.HK,parse_ok,3883.HK,1,2019-06-11,0,,,,,,,,,
2019-09-09,Hang Seng Corporate Sustainability Benchmark Index,Inclusion,3883,3883.HK,CHINA AOYUAN,727,Inclusion,Hang Seng Corporate Sustainability Benchmark Index,unchanged,1,1,3883.HK,3883.HK,parse_ok,3883.HK,1,2019-06-11,0,,,,,,,,,
2019-09-09,Hang Seng Stock Connect China AH Index Series,Inclusion,3958 / 600958,3958.HK / 600958.SH,Orient Securities Company Limited,740,Inclusion,Hang Seng Stock Connect China AH Index Series,unchanged,1,1,3958.HK,3958.HK,parse_ok,3958.HK,1,2019-06-11,0,,,,,,,,,
2019-09-09,Hang Seng Corporate Sustainability Benchmark Index,Inclusion,3988,3988.HK,BANK OF CHINA,728,Inclusion,Hang Seng Corporate Sustainability Benchmark Index,unchanged,1,1,3988.HK,3988.HK,parse_ok,3988.HK,1,2019-06-11,0,,,,,,,,,
2019-09-09,Hang Seng Composite LargeCap & MidCap Index,Inclusion,3990,3990.HK,Midea Real Estate Holding Ltd.,704,Inclusion,Hang Seng Composite LargeCap & MidCap Index,unchanged,1,1,3990.HK,3990.HK,parse_ok,3990.HK,1,2019-06-11,0,,,,,,,,,
2019-09-09,Hang Seng Composite LargeCap & MidCap Index,Inclusion,3998,3998.HK,Bosideng International Holdings Ltd.,705,Inclusion,Hang Seng Composite LargeCap & MidCap Index,unchanged,1,1,3998.HK,3998.HK,parse_ok,3998.HK,1,2019-06-11,0,,,,,,,,,
2019-09-09,Hang Seng (China A) Corporate Sustainability Benchmark Index,Inclusion,600011,600011.SH,HPI,553,Inclusion,Hang Seng (China A) Corporate Sustainability Benchmark Index,unchanged,1,1,600011.SH,600011.SS,parse_ok,600011.SS,1,2019-06-11,0,,,,,,,,,
2019-09-09,Hang Seng (China A) Corporate Sustainability Benchmark Index,Inclusion,600012,600012.SH,ANHUI EXPRESSWAY,554,Inclusion,Hang Seng (China A) Corporate Sustainability Benchmark Index,unchanged,1,1,600012.SH,600012.SS,parse_ok,600012.SS,1,2019-06-11,0,,,,,,,,,
2019-09-09,Hang Seng (China A) Corporate Sustainability Benchmark Index,Inclusion,600018,600018.SH,SIPG,555,Inclusion,Hang Seng (China A) Corporate Sustainability Benchmark Index,unchanged,1,1,600018.SH,600018.SS,parse_ok,600018.SS,1,2019-06-11,0,,,,,,,,,
2019-09-09,Hang Seng China 50 Index,Exclusion,600018,600018.SH,"Shanghai International Port (Group) Co., Ltd",639,Exclusion,Hang Seng China 50 Index,unchanged,1,1,600018.SH,600018.SS,parse_ok,600018.SS,0,2019-06-11,0,,,,,,,,,
2019-09-09,Hang Seng (China A) Corporate Sustainability Benchmark Index,Inclusion,600020,600020.SH,ZHONGYUAN EXPRESSWAY,556,Inclusion,Hang Seng (China A) Corporate Sustainability Benchmark Index,unchanged,1,1,600020.SH,600020.SS,parse_ok,600020.SS,1,2019-06-11,0,,,,,,,,,
2019-09-09,Hang Seng (China A) Corporate Sustainability Benchmark Index,Inclusion,600025,600025.SH,HUANENG HYDROPOWER,557,Inclusion,Hang Seng (China A) Corporate Sustainability Benchmark Index,unchanged,1,1,600025.SH,600025.SS,parse_ok,600025.SS,1,2019-06-11,0,,,,,,,,,
2019-09-09,Hang Seng (China A) Corporate Sustainability Benchmark Index,Inclusion,600026,600026.SH,CSET,558,Inclusion,Hang Seng (China A) Corporate Sustainability Benchmark Index,unchanged,1,1,600026.SH,600026.SS,parse_ok,600026.SS,1,2019-06-11,0,,,,,,,,,
2019-09-09,Hang Seng China A Industry Top Index,Exclusion,600029,600029.SH,China Southern Airlines Company Limited,644,Exclusion,Hang Seng China A Industry Top Index,unchanged,1,1,600029.SH,600029.SS,parse_ok,600029.SS,0,2019-06-11,0,,,,,,,,,
2019-09-09,Hang Seng China A Top 100 Index,Inclusion,600031,600031.SH,"Sany Heavy Industry Co., Ltd.",669,Inclusion,Hang Seng China A Top 100 Index,unchanged,1,1,600031.SH,600031.SS,parse_ok,600031.SS,1,2019-06-11,0,,,,,,,,,
2019-09-09,Hang Seng China A Top 100 Index,Exclusion,600068,600068.SH,China Gezhouba Group Company Limited,661,Exclusion,Hang Seng China A Top 100 Index,unchanged,1,1,600068.SH,600068.SS,parse_ok,600068.SS,0,2019-06-11,0,,,,,,,,,
2019-09-09,Hang Seng (China A) Corporate Sustainability Index,Inclusion,600089,600089.SH,"TBEA Co., Ltd.",628,Inclusion,Hang Seng (China A) Corporate Sustainability Index,unchanged,1,1,600089.SH,600089.SS,parse_ok,600089.SS,1,2019-06-11,0,,,,,,,,,
2019-09-09,Hang Seng (China A) Corporate Sustainability Benchmark Index,Inclusion,600114,600114.SH,NBTM,559,Inclusion,Hang Seng (China A) Corporate Sustainability Benchmark Index,unchanged,1,1,600114.SH,600114.SS,parse_ok,600114.SS,1,2019-06-11,0,,,,,,,,,
2019-09-09,Hang Seng (China A) Corporate Sustainability Index,Inclusion,600115,600115.SH,China Eastern Airlines Corporation Limited,629,Inclusion,Hang Seng (China A) Corporate Sustainability Index,unchanged,1,1,600115.SH,600115.SS,parse_ok,600115.SS,1,2019-06-11,0,,,,,,,,,
2019-09-09,Hang Seng China A Industry Top Index,Exclusion,600115,600115.SH,China Eastern Airlines Corporation Limited,645,Exclusion,Hang Seng China A Industry Top Index,unchanged,1,1,600115.SH,600115.SS,parse_ok,600115.SS,0,2019-06-11,0,,,,,,,,,
2019-09-09,Hang Seng (China A) Corporate Sustainability Benchmark Index,Inclusion,600171,600171.SH,BELLING,560,Inclusion,Hang Seng (China A) Corporate Sustainability Benchmark Index,unchanged,1,1,600171.SH,600171.SS,parse_ok,600171.SS,1,2019-06-11,0,,,,,,,,,
2019-09-09,Hang Seng (China A) Corporate Sustainability Benchmark Index,Inclusion,600183,600183.SH,SYTECH,561,Inclusion,Hang Seng (China A) Corporate Sustainability Benchmark Index,unchanged,1,1,600183.SH,600183.SS,parse_ok,600183.SS,1,2019-06-11,0,,,,,,,,,
2019-09-09,Hang Seng (China A) Corporate Sustainability Benchmark Index,Inclusion,600188,600188.SH,YANZHOUCOAL,562,Inclusion,Hang Seng (China A) Corporate Sustainability Benchmark Index,unchanged,1,1,600188.SH,600188.SS,parse_ok,600188.SS,1,2019-06-11,0,,,,,,,,,
2019-09-09,Hang Seng China A Industry Top Index,Inclusion,600196,600196.SH,"Shanghai Fosun Pharmaceutical (Group) Co., Ltd.",653,Inclusion,Hang Seng China A Industry Top Index,unchanged,1,1,600196.SH,600196.SS,parse_ok,600196.SS,1,2019-06-11,0,,,,,,,,,
2019-09-09,Hang Seng (China A) Corporate Sustainability Benchmark Index,Inclusion,600216,600216.SH,ZMC,563,Inclusion,Hang Seng (China A) Corporate Sustainability Benchmark Index,unchanged,1,1,600216.SH,600216.SS,parse_ok,600216.SS,1,2019-06-11,0,,,,,,,,,
2019-09-09,Hang Seng China A Top 100 Index,Exclusion,600221,600221.SH,"Hainan Airlines Holding Co., Ltd.",662,Exclusion,Hang Seng China A Top 100 Index,unchanged,1,1,600221.SH,600221.SS,parse_ok,600221.SS,0,2019-06-11,0,,,,,,,,,
2019-09-09,Hang Seng (China A) Corporate Sustainability Benchmark Index,Inclusion,600271,600271.SH,AISINO CORPORATION,564,Inclusion,Hang Seng (China A) Corporate Sustainability Benchmark Index,unchanged,1,1,600271.SH,600271.SS,parse_ok,600271.SS,1,2019-06-11,0,,,,,,,,,
2019-09-09,Hang Seng China A Industry Top Index,Inclusion,600276,600276.SH,"Jiangsu Hengrui Medicine Co., Ltd.",654,Inclusion,Hang Seng China A Industry Top Index,unchanged,1,1,600276.SH,600276.SS,parse_ok,600276.SS,1,2019-06-11,0,,,,,,,,,
2019-09-09,Hang Seng (China A) Corporate Sustainability Benchmark Index,Inclusion,600282,600282.SH,NISCO,565,Inclusion,Hang Seng (China A) Corporate Sustainability Benchmark Index,unchanged,1,1,600282.SH,600282.SS,parse_ok,600282.SS,1,2019-06-11,0,,,,,,,,,
2019-09-09,Hang Seng (China A) Corporate Sustainability Benchmark Index,Inclusion,600323,600323.SH,GRANDBLUE ENV,566,Inclusion,Hang Seng (China A) Corporate Sustainability Benchmark Index,unchanged,1,1,600323.SH,600323.SS,parse_ok,600323.SS,1,2019-06-11,0,,,,,,,,,
2019-09-09,Hang Seng (China A) Corporate Sustainability Benchmark Index,Inclusion,600332,600332.SH,GYBYS,567,Inclusion,Hang Seng (China A) Corporate Sustainability Benchmark Index,unchanged,1,1,600332.SH,600332.SS,parse_ok,600332.SS,1,2019-06-11,0,,,,,,,,,
2019-09-09,Hang Seng (China A) Corporate Sustainability Benchmark Index,Inclusion,600337,600337.SH,MIHF,568,Inclusion,Hang Seng (China A) Corporate Sustainability Benchmark Index,unchanged,1,1,600337.SH,600337.SS,parse_ok,600337.SS,1,2019-06-11,0,,,,,,,,,
2019-09-09,Hang Seng China A Top 100 Index,Inclusion,600346,600346.SH,"Hengli Petrochemical Co., Ltd.",670,Inclusion,Hang Seng China A Top 100 Index,unchanged,1,1,600346.SH,600346.SS,parse_ok,600346.SS,1,2019-06-11,0,,,,,,,,,
2019-09-09,Hang Seng (China A) Corporate Sustainability Benchmark Index,Inclusion,600377,600377.SH,JIANGSU EXPRESS,569,Inclusion,Hang Seng (China A) Corporate Sustainability Benchmark Index,unchanged,1,1,600377.SH,600377.SS,parse_ok,600377.SS,1,2019-06-11,0,,,,,,,,,
2019-09-09,Hang Seng (China A) Corporate Sustainability Index,Inclusion,600377,600377.SH,Jiangsu Expressway Company Limited,630,Inclusion,Hang Seng (China A) Corporate Sustainability Index,unchanged,1,1,600377.SH,600377.SS,parse_ok,600377.SS,1,2019-06-11,0,,,,,,,,,
2019-09-09,Hang Seng (China A) Corporate Sustainability Benchmark Index,Inclusion,600380,600380.SH,JOINCARE,570,Inclusion,Hang Seng (China A) Corporate Sustainability Benchmark Index,unchanged,1,1,600380.SH,600380.SS,parse_ok,600380.SS,1,2019-06-11,0,,,,,,,,,
2019-09-09,Hang Seng China A Top 100 Index,Inclusion,600406,600406.SH,"NARI Technology Co., Ltd.",671,Inclusion,Hang Seng China A Top 100 Index,unchanged,1,1,600406.SH,600406.SS,parse_ok,600406.SS,1,2019-06-11,0,,,,,,,,,
2019-09-09,Hang Seng (China A) Corporate Sustainability Benchmark Index,Inclusion,600525,600525.SH,CYG,571,Inclusion,Hang Seng (China A) Corporate Sustainability Benchmark Index,unchanged,1,1,600525.SH,600525.SS,parse_ok,600525.SS,1,2019-06-11,0,,,,,,,,,
2019-09-09,Hang Seng Stock Connect China AH Index Series,Inclusion,548 / 600548,0548.HK / 600548.SH,Shenzhen Expressway Co. Ltd.,734,Inclusion,Hang Seng Stock Connect China AH Index Series,unchanged,2,0,600548.SH,600548.SS,parse_ok,600548.SS,1,2019-06-11,0,,,,,,,,,
2019-09-09,Hang Seng (China A) Corporate Sustainability Benchmark Index,Inclusion,600565,600565.SH,DIMA,572,Inclusion,Hang Seng (China A) Corporate Sustainability Benchmark Index,unchanged,1,1,600565.SH,600565.SS,parse_ok,600565.SS,1,2019-06-11,0,,,,,,,,,
2019-09-09,Hang Seng (China A) Corporate Sustainability Benchmark Index,Inclusion,600580,600580.SH,WOLONG ELECTRIC,573,Inclusion,Hang Seng (China A) Corporate Sustainability Benchmark Index,unchanged,1,1,600580.SH,600580.SS,parse_ok,600580.SS,1,2019-06-11,0,,,,,,,,,
2019-09-09,Hang Seng (China A) Corporate Sustainability Benchmark Index,Inclusion,600588,600588.SH,YONYOU,574,Inclusion,Hang Seng (China A) Corporate Sustainability Benchmark Index,unchanged,1,1,600588.SH,600588.SS,parse_ok,600588.SS,1,2019-06-11,0,,,,,,,,,
2019-09-09,Hang Seng (China A) Corporate Sustainability Benchmark Index,Inclusion,600600,600600.SH,TSINGTAO BREWERY,575,Inclusion,Hang Seng (China A) Corporate Sustainability Benchmark Index,unchanged,1,1,600600.SH,600600.SS,parse_ok,600600.SS,1,2019-06-11,0,,,,,,,,,
2019-09-09,Hang Seng (China A) Corporate Sustainability Index,Inclusion,600600,600600.SH,Tsingtao Brewery Company Limited,631,Inclusion,Hang Seng (China A) Corporate Sustainability Index,unchanged,1,1,600600.SH,600600.SS,parse_ok,600600.SS,1,2019-06-11,0,,,,,,,,,
2019-09-09,Hang Seng (China A) Corporate Sustainability Benchmark Index,Inclusion,600648,600648.SH,WGQ,576,Inclusion,Hang Seng (China A) Corporate Sustainability Benchmark Index,unchanged,1,1,600648.SH,600648.SS,parse_ok,600648.SS,1,2019-06-11,0,,,,,,,,,
2019-09-09,Hang Seng (China A) Corporate Sustainability Benchmark Index,Inclusion,600750,600750.SH,JZYY,577,Inclusion,Hang Seng (China A) Corporate Sustainability Benchmark Index,unchanged,1,1,600750.SH,600750.SS,parse_ok,600750.SS,1,2019-06-11,0,,,,,,,,,
2019-09-09,Hang Seng (China A) Corporate Sustainability Benchmark Index,Inclusion,600775,600775.SH,NPEC,578,Inclusion,Hang Seng (China A) Corporate Sustainability Benchmark Index,unchanged,1,1,600775.SH,600775.SS,parse_ok,600775.SS,1,2019-06-11,0,,,,,,,,,
2019-09-09,Hang Seng (China A) Corporate Sustainability Benchmark Index,Inclusion,600808,600808.SH,MAS C.L.,579,Inclusion,Hang Seng (China A) Corporate Sustainability Benchmark Index,unchanged,1,1,600808.SH,600808.SS,parse_ok,600808.SS,1,2019-06-11,0,,,,,,,,,
2019-09-09,Hang Seng (China A) Corporate Sustainability Benchmark Index,Inclusion,600860,600860.SH,JINGCHENG MAC,580,Inclusion,Hang Seng (China A) Corporate Sustainability Benchmark Index,unchanged,1,1,600860.SH,600860.SS,parse_ok,600860.SS,1,2019-06-11,0,,,,,,,,,
2019-09-09,Hang Seng (China A) Corporate Sustainability Benchmark Index,Inclusion,600871,600871.SH,SSC,581,Inclusion,Hang Seng (China A) Corporate Sustainability Benchmark Index,unchanged,1,1,600871.SH,600871.SS,parse_ok,600871.SS,1,2019-06-11,0,,,,,,,,,
2019-09-09,Hang Seng (China A) Corporate Sustainability Benchmark Index,Inclusion,600874,600874.SH,TCEPC,582,Inclusion,Hang Seng (China A) Corporate Sustainability Benchmark Index,unchanged,1,1,600874.SH,600874.SS,parse_ok,600874.SS,1,2019-06-11,0,,,,,,,,,
2019-09-09,Hang Seng (China A) Corporate Sustainability Benchmark Index,Inclusion,600875,600875.SH,DEC,583,Inclusion,Hang Seng (China A) Corporate Sustainability Benchmark Index,unchanged,1,1,600875.SH,600875.SS,parse_ok,600875.SS,1,2019-06-11,0,,,,,,,,,
2019-09-09,Hang Seng China A Industry Top Index,Inclusion,600887,600887.SH,"Inner Mongolia Yili Industrial Group Co., Ltd.",655,Inclusion,Hang Seng China A Industry Top Index,unchanged,1,1,600887.SH,600887.SS,parse_ok,600887.SS,1,2019-06-11,0,,,,,,,,,
2019-09-09,Hang Seng (China A) Corporate Sustainability Benchmark Index,Inclusion,600958,600958.SH,ORIENT SECURITIES,584,Inclusion,Hang Seng (China A) Corporate Sustainability Benchmark Index,unchanged,1,1,600958.SH,600958.SS,parse_ok,600958.SS,1,2019-06-11,0,,,,,,,,,
2019-09-09,Hang Seng Stock Connect China AH Index Series,Inclusion,3958 / 600958,3958.HK / 600958.SH,Orient Securities Company Limited,740,Inclusion,Hang Seng Stock Connect China AH Index Series,unchanged,2,0,600958.SH,600958.SS,parse_ok,600958.SS,1,2019-06-11,0,,,,,,,,,
2019-09-09,Hang Seng (China A) Corporate Sustainability Benchmark Index,Inclusion,601012,601012.SH,LONGI,585,Inclusion,Hang Seng (China A) Corporate Sustainability Benchmark Index,unchanged,1,1,601012.SH,601012.SS,parse_ok,601012.SS,1,2019-06-11,0,,,,,,,,,
2019-09-09,Hang Seng China A Industry Top Index,Exclusion,601018,601018.SH,Ningbo Zhoushan Port Company Limited,646,Exclusion,Hang Seng China A Industry Top Index,unchanged,1,1,601018.SH,601018.SS,parse_ok,601018.SS,0,2019-06-11,0,,,,,,,,,
2019-09-09,Hang Seng China A Top 100 Index,Exclusion,601018,601018.SH,Ningbo Zhoushan Port Company Limited,663,Exclusion,Hang Seng China A Top 100 Index,unchanged,1,1,601018.SH,601018.SS,parse_ok,601018.SS,0,2019-06-11,0,,,,,,,,,
2019-09-09,Hang Seng (China A) Corporate Sustainability Benchmark Index,Inclusion,601066,601066.SH,CHINA SECURITIES,586,Inclusion,Hang Seng (China A) Corporate Sustainability Benchmark Index,unchanged,1,1,601066.SH,601066.SS,parse_ok,601066.SS,1,2019-06-11,0,,,,,,,,,
2019-09-09,Hang Seng Stock Connect China AH Index Series,Inclusion,6066 / 601066,6066.HK / 601066.SH,"CSC Financial Co., Ltd.",741,Inclusion,Hang Seng Stock Connect China AH Index Series,unchanged,2,0,601066.SH,601066.SS,parse_ok,601066.SS,1,2019-06-11,0,,,,,,,,,
2019-09-09,Hang Seng (China A) Corporate Sustainability Benchmark Index,Inclusion,601088,601088.SH,CHINA SHENHUA,587,Inclusion,Hang Seng (China A) Corporate Sustainability Benchmark Index,unchanged,1,1,601088.SH,601088.SS,parse_ok,601088.SS,1,2019-06-11,0,,,,,,,,,
2019-09-09,Hang Seng (China A) Corporate Sustainability Benchmark Index,Inclusion,601138,601138.SH,FOXCONN INDUSTRIAL,588,Inclusion,Hang Seng (China A) Corporate Sustainability Benchmark Index,unchanged,1,1,601138.SH,601138.SS,parse_ok,601138.SS,1,2019-06-11,0,,,,,,,,,
2019-09-09,Hang Seng (China A) Corporate Sustainability Index,Inclusion,601138,601138.SH,"Foxconn Industrial Internet Co., Ltd.",632,Inclusion,Hang Seng (China A) Corporate Sustainability Index,unchanged,1,1,601138.SH,601138.SS,parse_ok,601138.SS,1,2019-06-11,0,,,,,,,,,
2019-09-09,Hang Seng China A Top 100 Index,Inclusion,601155,601155.SH,"Seazen Holdings Co., Ltd",672,Inclusion,Hang Seng China A Top 100 Index,unchanged,1,1,601155.SH,601155.SS,parse_ok,601155.SS,1,2019-06-11,0,,,,,,,,,
2019-09-09,Hang Seng (China A) Corporate Sustainability Benchmark Index,Inclusion,601166,601166.SH,INDUSTRIAL BANK,589,Inclusion,Hang Seng (China A) Corporate Sustainability Benchmark Index,unchanged,1,1,601166.SH,601166.SS,parse_ok,601166.SS,1,2019-06-11,0,,,,,,,,,
2019-09-09,Hang Seng (China A) Corporate Sustainability Benchmark Index,Inclusion,601186,601186.SH,CRCC,590,Inclusion,Hang Seng (China A) Corporate Sustainability Benchmark Index,unchanged,1,1,601186.SH,601186.SS,parse_ok,601186.SS,1,2019-06-11,0,,,,,,,,,
2019-09-09,Hang Seng (China A) Corporate Sustainability Benchmark Index,Inclusion,601200,601200.SH,SHANGHAI ENVIRONMENT,591,Inclusion,Hang Seng (China A) Corporate Sustainability Benchmark Index,unchanged,1,1,601200.SH,601200.SS,parse_ok,601200.SS,1,2019-06-11,0,,,,,,,,,
2019-09-09,Hang Seng (China A) Corporate Sustainability Benchmark Index,Inclusion,601211,601211.SH,GTJA,592,Inclusion,Hang Seng (China A) Corporate Sustainability Benchmark Index,unchanged,1,1,601211.SH,601211.SS,parse_ok,601211.SS,1,2019-06-11,0,,,,,,,,,
2019-09-09,Hang Seng China 50 Index,Exclusion,2611 / 601211,2611.HK / 601211.SH,"Guotai Junan Securities Co., Ltd.",638,Exclusion,Hang Seng China 50 Index,unchanged,2,0,601211.SH,601211.SS,parse_ok,601211.SS,0,2019-06-11,0,,,,,,,,,
2019-09-09,Hang Seng Stock Connect China AH Index Series,Inclusion,2611 / 601211,2611.HK / 601211.SH,"Guotai Junan Securities Co., Ltd.",739,Inclusion,Hang Seng Stock Connect China AH Index Series,unchanged,2,0,601211.SH,601211.SS,parse_ok,601211.SS,1,2019-06-11,0,,,,,,,,,
2019-09-09,Hang Seng (China A) Corporate Sustainability Benchmark Index,Inclusion,601231,601231.SH,USISH,593,Inclusion,Hang Seng (China A) Corporate Sustainability Benchmark Index,unchanged,1,1,601231.SH,601231.SS,parse_ok,601231.SS,1,2019-06-11,0,,,,,,,,,
2019-09-09,Hang Seng China 50 Index,Inclusion,1339 / 601319,1339.HK / 601319.SH,The People's Insurance Co. (Group) of China Ltd.,641,Inclusion,Hang Seng China 50 Index,unchanged,2,0,601319.SH,601319.SS,parse_ok,601319.SS,1,2019-06-11,0,,,,,,,,,
2019-09-09,Hang Seng China A Top 100 Index,Inclusion,601319,601319.SH,The People's Insurance Company (Group) of China Limited,673,Inclusion,Hang Seng China A Top 100 Index,unchanged,1,1,601319.SH,601319.SS,parse_ok,601319.SS,1,2019-06-11,0,,,,,,,,,
2019-09-09,Hang Seng (China A) Corporate Sustainability Benchmark Index,Inclusion,601326,601326.SH,QINHUANGDAO PORT,594,Inclusion,Hang Seng (China A) Corporate Sustainability Benchmark Index,unchanged,1,1,601326.SH,601326.SS,parse_ok,601326.SS,1,2019-06-11,0,,,,,,,,,
2019-09-09,Hang Seng (China A) Corporate Sustainability Index,Exclusion,601328,601328.SH,"Bank of Communications Co., Ltd.",619,Exclusion,Hang Seng (China A) Corporate Sustainability Index,unchanged,1,1,601328.SH,601328.SS,parse_ok,601328.SS,0,2019-06-11,0,,,,,,,,,
2019-09-09,Hang Seng (China A) Corporate Sustainability Benchmark Index,Inclusion,601330,601330.SH,DYNAGREEN,595,Inclusion,Hang Seng (China A) Corporate Sustainability Benchmark Index,unchanged,1,1,601330.SH,601330.SS,parse_ok,601330.SS,1,2019-06-11,0,,,,,,,,,
2019-09-09,Hang Seng China A Industry Top Index,Inclusion,601360,601360.SH,360 Security Technology Inc.,656,Inclusion,Hang Seng China A Industry Top Index,unchanged,1,1,601360.SH,601360.SS,parse_ok,601360.SS,1,2019-06-11,0,,,,,,,,,
2019-09-09,Hang Seng (China A) Corporate Sustainability Index,Exclusion,601398,601398.SH,Industrial and Commercial Bank of China Limited,620,Exclusion,Hang Seng (China A) Corporate Sustainability Index,unchanged,1,1,601398.SH,601398.SS,parse_ok,601398.SS,0,2019-06-11,0,,,,,,,,,
2019-09-09,Hang Seng Stock Connect China AH Index Series,Inclusion,598 / 601598,0598.HK / 601598.SH,Sinotrans Ltd.,735,Inclusion,Hang Seng Stock Connect China AH Index Series,unchanged,2,0,601598.SH,601598.SS,parse_ok,601598.SS,1,2019-06-11,0,,,,,,,,,
2019-09-09,Hang Seng (China A) Corporate Sustainability Benchmark Index,Inclusion,601600,601600.SH,CHALCO,596,Inclusion,Hang Seng (China A) Corporate Sustainability Benchmark Index,unchanged,1,1,601600.SH,601600.SS,parse_ok,601600.SS,1,2019-06-11,0,,,,,,,,,
2019-09-09,Hang Seng China A Industry Top Index,Exclusion,601600,601600.SH,Aluminum Corporation of China Limited,647,Exclusion,Hang Seng China A Industry Top Index,unchanged,1,1,601600.SH,601600.SS,parse_ok,601600.SS,0,2019-06-11,0,,,,,,,,,
2019-09-09,Hang Seng China A Top 100 Index,Exclusion,601600,601600.SH,Aluminum Corporation of China Limited,664,Exclusion,Hang Seng China A Top 100 Index,unchanged,1,1,601600.SH,601600.SS,parse_ok,601600.SS,0,2019-06-11,0,,,,,,,,,
2019-09-09,Hang Seng (China A) Corporate Sustainability Index,Inclusion,601601,601601.SH,"China Pacific Insurance (Group) Co., Ltd.",633,Inclusion,Hang Seng (China A) Corporate Sustainability Index,unchanged,1,1,601601.SH,601601.SS,parse_ok,601601.SS,1,2019-06-11,0,,,,,,,,,
2019-09-09,Hang Seng (China A) Corporate Sustainability Benchmark Index,Inclusion,601607,601607.SH,SHANGHAI PHARMA,597,Inclusion,Hang Seng (China A) Corporate Sustainability Benchmark Index,unchanged,1,1,601607.SH,601607.SS,parse_ok,601607.SS,1,2019-06-11,0,,,,,,,,,
2019-09-09,Hang Seng (China A) Corporate Sustainability Index,Inclusion,601607,601607.SH,"Shanghai Pharmaceuticals Holding Co., Ltd",634,Inclusion,Hang Seng (China A) Corporate Sustainability Index,unchanged,1,1,601607.SH,601607.SS,parse_ok,601607.SS,1,2019-06-11,0,,,,,,,,,
2019-09-09,Hang Seng China A Industry Top Index,Inclusion,601607,601607.SH,"Shanghai Pharmaceuticals Holding Co., Ltd",657,Inclusion,Hang Seng China A Industry Top Index,unchanged,1,1,601607.SH,601607.SS,parse_ok,601607.SS,1,2019-06-11,0,,,,,,,,,
2019-09-09,Hang Seng (China A) Corporate Sustainability Index,Inclusion,601618,601618.SH,Metallurgical Corporation of China Ltd.,635,Inclusion,Hang Seng (China A) Corporate Sustainability Index,unchanged,1,1,601618.SH,601618.SS,parse_ok,601618.SS,1,2019-06-11,0,,,,,,,,,
2019-09-09,Hang Seng (China A) Corporate Sustainability Benchmark Index,Inclusion,601688,601688.SH,HTSC,598,Inclusion,Hang Seng (China A) Corporate Sustainability Benchmark Index,unchanged,1,1,601688.SH,601688.SS,parse_ok,601688.SS,1,2019-06-11,0,,,,,,,,,
2019-09-09,Hang Seng (China A) Corporate Sustainability Benchmark Index,Inclusion,601717,601717.SH,ZMJ,599,Inclusion,Hang Seng (China A) Corporate Sustainability Benchmark Index,unchanged,1,1,601717.SH,601717.SS,parse_ok,601717.SS,1,2019-06-11,0,,,,,,,,,
2019-09-09,Hang Seng (China A) Corporate Sustainability Benchmark Index,Inclusion,601788,601788.SH,EBSCN,600,Inclusion,Hang Seng (China A) Corporate Sustainability Benchmark Index,unchanged,1,1,601788.SH,601788.SS,parse_ok,601788.SS,1,2019-06-11,0,,,,,,,,,
2019-09-09,Hang Seng Stock Connect China AH Index Series,Inclusion,6178 / 601788,6178.HK / 601788.SH,Everbright Securities Co. Ltd.,742,Inclusion,Hang Seng Stock Connect China AH Index Series,unchanged,2,0,601788.SH,601788.SS,parse_ok,601788.SS,1,2019-06-11,0,,,,,,,,,
2019-09-09,Hang Seng (China A) Corporate Sustainability Index,Inclusion,601808,601808.SH,China Oilfield Services Limited,636,Inclusion,Hang Seng (China A) Corporate Sustainability Index,unchanged,1,1,601808.SH,601808.SS,parse_ok,601808.SS,1,2019-06-11,0,,,,,,,,,
2019-09-09,Hang Seng (China A) Corporate Sustainability Benchmark Index,Inclusion,601811,601811.SH,XINHUA WINSHARE,601,Inclusion,Hang Seng (China A) Corporate Sustainability Benchmark Index,unchanged,1,1,601811.SH,601811.SS,parse_ok,601811.SS,1,2019-06-11,0,,,,,,,,,
2019-09-09,Hang Seng (China A) Corporate Sustainability Benchmark Index,Inclusion,601818,601818.SH,CEB BANK,602,Inclusion,Hang Seng (China A) Corporate Sustainability Benchmark Index,unchanged,1,1,601818.SH,601818.SS,parse_ok,601818.SS,1,2019-06-11,0,,,,,,,,,
2019-09-09,Hang Seng (China A) Corporate Sustainability Benchmark Index,Inclusion,601828,601828.SH,MACALLINE,603,Inclusion,Hang Seng (China A) Corporate Sustainability Benchmark Index,unchanged,1,1,601828.SH,601828.SS,parse_ok,601828.SS,1,2019-06-11,0,,,,,,,,,
2019-09-09,Hang Seng Stock Connect China AH Index Series,Inclusion,1528 / 601828,1528.HK / 601828.SH,Red Star Macalline Group Corporation Ltd.,738,Inclusion,Hang Seng Stock Connect China AH Index Series,unchanged,2,0,601828.SH,601828.SS,parse_ok,601828.SS,1,2019-06-11,0,,,,,,,,,
2019-09-09,Hang Seng Stock Connect China AH Index Series,Inclusion,6865 / 601865,6865.HK / 601865.SH,"Flat Glass Group Co., Ltd.",744,Inclusion,Hang Seng Stock Connect China AH Index Series,unchanged,2,0,601865.SH,601865.SS,parse_ok,601865.SS,1,2019-06-11,0,,,,,,,,,
2019-09-09,Hang Seng (China A) Corporate Sustainability Benchmark Index,Inclusion,601866,601866.SH,COSCO SHIP DEV,604,Inclusion,Hang Seng (China A) Corporate Sustainability Benchmark Index,unchanged,1,1,601866.SH,601866.SS,parse_ok,601866.SS,1,2019-06-11,0,,,,,,,,,
2019-09-09,Hang Seng (China A) Corporate Sustainability Benchmark Index,Inclusion,601881,601881.SH,CHINA GALAXY,605,Inclusion,Hang Seng (China A) Corporate Sustainability Benchmark Index,unchanged,1,1,601881.SH,601881.SS,parse_ok,601881.SS,1,2019-06-11,0,,,,,,,,,
2019-09-09,Hang Seng China A Top 100 Index,Exclusion,601881,601881.SH,"China Galaxy Securities Co.,Ltd.",665,Exclusion,Hang Seng China A Top 100 Index,unchanged,1,1,601881.SH,601881.SS,parse_ok,601881.SS,0,2019-06-11,0,,,,,,,,,
2019-09-09,Hang Seng (China A) Corporate Sustainability Benchmark Index,Inclusion,601888,601888.SH,CITS,606,Inclusion,Hang Seng (China A) Corporate Sustainability Benchmark Index,unchanged,1,1,601888.SH,601888.SS,parse_ok,601888.SS,1,2019-06-11,0,,,,,,,,,
2019-09-09,Hang Seng China A Top 100 Index,Inclusion,601888,601888.SH,China International Travel Service Corporation Limited,674,Inclusion,Hang Seng China A Top 100 Index,unchanged,1,1,601888.SH,601888.SS,parse_ok,601888.SS,1,2019-06-11,0,,,,,,,,,
2019-09-09,Hang Seng (China A) Corporate Sustainability Benchmark Index,Inclusion,601899,601899.SH,ZIJIN MINING,607,Inclusion,Hang Seng (China A) Corporate Sustainability Benchmark Index,unchanged,1,1,601899.SH,601899.SS,parse_ok,601899.SS,1,2019-06-11,0,,,,,,,,,
2019-09-09,Hang Seng (China A) Corporate Sustainability Benchmark Index,Inclusion,601939,601939.SH,CCB,608,Inclusion,Hang Seng (China A) Corporate Sustainability Benchmark Index,unchanged,1,1,601939.SH,601939.SS,parse_ok,601939.SS,1,2019-06-11,0,,,,,,,,,
2019-09-09,Hang Seng (China A) Corporate Sustainability Index,Inclusion,601991,601991.SH,"Datang International Power Generation Co., Ltd.",637,Inclusion,Hang Seng (China A) Corporate Sustainability Index,unchanged,1,1,601991.SH,601991.SS,parse_ok,601991.SS,1,2019-06-11,0,,,,,,,,,
2019-09-09,Hang Seng (China A) Corporate Sustainability Benchmark Index,Inclusion,601992,601992.SH,BBMG,609,Inclusion,Hang Seng (China A) Corporate Sustainability Benchmark Index,unchanged,1,1,601992.SH,601992.SS,parse_ok,601992.SS,1,2019-06-11,0,,,,,,,,,
2019-09-09,Hang Seng China A Top 100 Index,Exclusion,601992,601992.SH,BBMG Corporation,666,Exclusion,Hang Seng China A Top 100 Index,unchanged,1,1,601992.SH,601992.SS,parse_ok,601992.SS,0,2019-06-11,0,,,,,,,,,
2019-09-09,Hang Seng (China A) Corporate Sustainability Benchmark Index,Inclusion,603019,603019.SH,SUGON,610,Inclusion,Hang Seng (China A) Corporate Sustainability Benchmark Index,unchanged,1,1,603019.SH,603019.SS,parse_ok,603019.SS,1,2019-06-11,0,,,,,,,,,
2019-09-09,Hang Seng (China A) Corporate Sustainability Benchmark Index,Inclusion,603337,603337.SH,JACK,611,Inclusion,Hang Seng (China A) Corporate Sustainability Benchmark Index,unchanged,1,1,603337.SH,603337.SS,parse_ok,603337.SS,1,2019-06-11,0,,,,,,,,,
2019-09-09,Hang Seng (China A) Corporate Sustainability Benchmark Index,Inclusion,603588,603588.SH,BGE,612,Inclusion,Hang Seng (China A) Corporate Sustainability Benchmark Index,unchanged,1,1,603588.SH,603588.SS,parse_ok,603588.SS,1,2019-06-11,0,,,,,,,,,
2019-09-09,Hang Seng (China A) Corporate Sustainability Benchmark Index,Inclusion,603595,603595.SH,TONY ELECTRONIC,613,Inclusion,Hang Seng (China A) Corporate Sustainability Benchmark Index,unchanged,1,1,603595.SH,603595.SS,parse_ok,603595.SS,1,2019-06-11,0,,,,,,,,,
2019-09-09,Hang Seng (China A) Corporate Sustainability Benchmark Index,Inclusion,603659,603659.SH,PUTAILAI,614,Inclusion,Hang Seng (China A) Corporate Sustainability Benchmark Index,unchanged,1,1,603659.SH,603659.SS,parse_ok,603659.SS,1,2019-06-11,0,,,,,,,,,
2019-09-09,Hang Seng (China A) Corporate Sustainability Benchmark Index,Inclusion,603680,603680.SH,KTK GROUP,615,Inclusion,Hang Seng (China A) Corporate Sustainability Benchmark Index,unchanged,1,1,603680.SH,603680.SS,parse_ok,603680.SS,1,2019-06-11,0,,,,,,,,,
2019-09-09,Hang Seng (China A) Corporate Sustainability Benchmark Index,Inclusion,603737,603737.SH,SKSHU,616,Inclusion,Hang Seng (China A) Corporate Sustainability Benchmark Index,unchanged,1,1,603737.SH,603737.SS,parse_ok,603737.SS,1,2019-06-11,0,,,,,,,,,
2019-09-09,Hang Seng (China A) Corporate Sustainability Benchmark Index,Inclusion,603773,603773.SH,WG TECH,617,Inclusion,Hang Seng (China A) Corporate Sustainability Benchmark Index,unchanged,1,1,603773.SH,603773.SS,parse_ok,603773.SS,1,2019-06-11,0,,,,,,,,,
2019-09-09,Hang Seng (China A) Corporate Sustainability Benchmark Index,Inclusion,603993,603993.SH,CMOC,618,Inclusion,Hang Seng (China A) Corporate Sustainability Benchmark Index,unchanged,1,1,603993.SH,603993.SS,parse_ok,603993.SS,1,2019-06-11,0,,,,,,,,,
2019-09-09,Hang Seng China A Industry Top Index,Inclusion,603993,603993.SH,"China Molybdenum Co., Ltd.",658,Inclusion,Hang Seng China A Industry Top Index,unchanged,1,1,603993.SH,603993.SS,parse_ok,603993.SS,1,2019-06-11,0,,,,,,,,,
2019-09-09,Hang Seng Stock Connect China AH Index Series,Inclusion,6066 / 601066,6066.HK / 601066.SH,"CSC Financial Co., Ltd.",741,Inclusion,Hang Seng Stock Connect China AH Index Series,unchanged,1,1,6066.HK,6066.HK,parse_ok,6066.HK,1,2019-06-11,0,,,,,,,,,
2019-09-09,Hang Seng Composite LargeCap & MidCap Index,Exclusion,6099,6099.HK,"China Merchants Securities Co., Ltd. - H Shares",696,Exclusion,Hang Seng Composite LargeCap & MidCap Index,unchanged,1,1,6099.HK,6099.HK,parse_ok,6099.HK,0,2019-06-11,0,,,,,,,,,
2019-09-09,Hang Seng Stock Connect China AH Index Series,Inclusion,6178 / 601788,6178.HK / 601788.SH,Everbright Securities Co. Ltd.,742,Inclusion,Hang Seng Stock Connect China AH Index Series,unchanged,1,1,6178.HK,6178.HK,parse_ok,6178.HK,1,2019-06-11,0,,,,,,,,,
2019-09-09,Hang Seng Stock Connect China AH Index Series,Inclusion,6806 / 000166,6806.HK / 000166.SZ,"Shenwan Hongyuan Group Co., Ltd.",743,Inclusion,Hang Seng Stock Connect China AH Index Series,unchanged,1,1,6806.HK,6806.HK,parse_ok,6806.HK,1,2019-06-11,0,,,,,,,,,
2019-09-09,Hang Seng Stock Connect China AH Index Series,Inclusion,6865 / 601865,6865.HK / 601865.SH,"Flat Glass Group Co., Ltd.",744,Inclusion,Hang Seng Stock Connect China AH Index Series,unchanged,1,1,6865.HK,6865.HK,parse_ok,6865.HK,1,2019-06-11,0,,,,,,,,,
2019-09-09,Hang Seng China Enterprises Index,Exclusion,6886,6886.HK,"Huatai Securities Co., Ltd. - H Shares",679,Exclusion,Hang Seng China Enterprises Index,unchanged,1,1,6886.HK,6886.HK,parse_ok,6886.HK,0,2019-06-11,0,,,,,,,,,
2019-12-09,Hang Seng China Enterprises Index,Exclusion,390,0390.HK,China Railway Group Ltd. - H Shares,745,Exclusion,Hang Seng China Enterprises Index,unchanged,1,1,0390.HK,0390.HK,parse_ok,0390.HK,0,2019-09-10,0,,,,,,,,,
2019-12-09,Hang Seng China Enterprises Index,Inclusion,1177,1177.HK,Sino Biopharmaceutical Ltd.,747,Inclusion,Hang Seng China Enterprises Index,unchanged,1,1,1177.HK,1177.HK,parse_ok,1177.HK,1,2019-09-10,0,,,,,,,,,
2019-12-09,Hang Seng China Enterprises Index,Inclusion,1193,1193.HK,China Resources Gas Group Ltd.,748,Inclusion,Hang Seng China Enterprises Index,unchanged,1,1,1193.HK,1193.HK,parse_ok,1193.HK,1,2019-09-10,0,,,,,,,,,
2019-12-09,Hang Seng Composite LargeCap & MidCap Index,Inclusion,2772,2772.HK,Zhongliang Holdings Group Co. Ltd. MidCap Properties & Construction,749,Inclusion,Hang Seng Composite LargeCap & MidCap Index,unchanged,1,1,2772.HK,2772.HK,parse_ok,2772.HK,1,2019-09-10,0,,,,,,,,,
2019-12-09,Hang Seng China Enterprises Index,Exclusion,3323,3323.HK,China National Building Material Co. Ltd. - H Shares,746,Exclusion,Hang Seng China Enterprises Index,unchanged,1,1,3323.HK,3323.HK,parse_ok,3323.HK,0,2019-09-10,0,,,,,,,,,
2020-03-09,Hang Seng Stock Connect Greater Bay Area Composite Index,Removal,8,000008.SZ,"China High Speed Railway Technology Co., Ltd.",817,Removal,Hang Seng Stock Connect Greater Bay Area Composite Index,unchanged,1,1,000008.SZ,000008.SZ,parse_ok,000008.SZ,0,2019-12-10,0,,,,,,,,,
2020-03-09,Hang Seng Stock Connect Greater Bay Area Composite Index,Removal,36,000036.SZ,China Union Holdings Ltd.,818,Removal,Hang Seng Stock Connect Greater Bay Area Composite Index,unchanged,1,1,000036.SZ,000036.SZ,parse_ok,000036.SZ,0,2019-12-10,0,,,,,,,,,
2020-03-09,Hang Seng Stock Connect Greater Bay Area Composite Index,Inclusion,555,000555.SZ,Digital China Information Service Company Ltd.,808,Inclusion,Hang Seng Stock Connect Greater Bay Area Composite Index,unchanged,1,1,000555.SZ,000555.SZ,parse_ok,000555.SZ,1,2019-12-10,0,,,,,,,,,
2020-03-09,Hang Seng Stock Connect Greater Bay Area Composite Index,Inclusion,967,000967.SZ,Infore Environment Technology Group Co. Ltd.,809,Inclusion,Hang Seng Stock Connect Greater Bay Area Composite Index,unchanged,1,1,000967.SZ,000967.SZ,parse_ok,000967.SZ,1,2019-12-10,0,,,,,,,,,
2020-03-09,Hang Seng Stock Connect Greater Bay Area Composite Index,Removal,2016,002016.SZ,"Guangdong Shirongzhaoye Co., Ltd.",819,Removal,Hang Seng Stock Connect Greater Bay Area Composite Index,unchanged,1,1,002016.SZ,002016.SZ,parse_ok,002016.SZ,0,2019-12-10,0,,,,,,,,,
2020-03-09,Hang Seng Composite Index,Removal,52,0052.HK,Fairwood Holdings Ltd.,782,Removal,Hang Seng Composite Index,unchanged,1,1,0052.HK,0052.HK,parse_ok,0052.HK,0,2019-12-10,0,,,,,,,,,
2020-03-09,Hang Seng Composite Index,Inclusion,116,0116.HK,Chow Sang Sang Holdings International Ltd.,760,Inclusion,Hang Seng Composite Index,unchanged,1,1,0116.HK,0116.HK,parse_ok,0116.HK,1,2019-12-10,0,,,,,,,,,
2020-03-09,Hang Seng Composite Index,Inclusion,120,0120.HK,Cosmopolitan International Holdings Ltd.,761,Inclusion,Hang Seng Composite Index,unchanged,1,1,0120.HK,0120.HK,parse_ok,0120.HK,1,2019-12-10,0,,,,,,,,,
2020-03-09,Hang Seng Stock Connect Greater Bay Area Composite Index,Removal,178,0178.HK,Sa Sa International Holdings Ltd.,820,Removal,Hang Seng Stock Connect Greater Bay Area Composite Index,unchanged,1,1,0178.HK,0178.HK,parse_ok,0178.HK,0,2019-12-10,0,,,,,,,,,
2020-03-09,Hang Seng Composite Index,Inclusion,302,0302.HK,CMGE Technology Group Ltd.,762,Inclusion,Hang Seng Composite Index,unchanged,1,1,0302.HK,0302.HK,parse_ok,0302.HK,1,2019-12-10,0,,,,,,,,,
2020-03-09,Hang Seng Composite Index,Removal,321,0321.HK,Texwinca Holdings Ltd.,783,Removal,Hang Seng Composite Index,unchanged,1,1,0321.HK,0321.HK,parse_ok,0321.HK,0,2019-12-10,0,,,,,,,,,
2020-03-09,Hang Seng Composite Index,Removal,400,0400.HK,Cogobuy Group,784,Removal,Hang Seng Composite Index,unchanged,1,1,0400.HK,0400.HK,parse_ok,0400.HK,0,2019-12-10,0,,,,,,,,,
2020-03-09,Hang Seng Composite Index,Removal,439,0439.HK,KuangChi Science Ltd.,785,Removal,Hang Seng Composite Index,unchanged,1,1,0439.HK,0439.HK,parse_ok,0439.HK,0,2019-12-10,0,,,,,,,,,
2020-03-09,Hang Seng Composite Index,Removal,508,0508.HK,Dingyi Group Investment Ltd.,786,Removal,Hang Seng Composite Index,unchanged,1,1,0508.HK,0508.HK,parse_ok,0508.HK,0,2019-12-10,0,,,,,,,,,
2020-03-09,Hang Seng Composite Index,Removal,511,0511.HK,Television Broadcasts Ltd.,787,Removal,Hang Seng Composite Index,unchanged,1,1,0511.HK,0511.HK,parse_ok,0511.HK,0,2019-12-10,0,,,,,,,,,
2020-03-09,Hang Seng Stock Connect Greater Bay Area Composite Index,Removal,511,0511.HK,Television Broadcasts Ltd.,821,Removal,Hang Seng Stock Connect Greater Bay Area Composite Index,unchanged,1,1,0511.HK,0511.HK,parse_ok,0511.HK,0,2019-12-10,0,,,,,,,,,
2020-03-09,Hang Seng Composite Index,Removal,512,0512.HK,China Grand Pharmaceutical and Healthcare Holdings Ltd.,788,Removal,Hang Seng Composite Index,unchanged,1,1,0512.HK,0512.HK,parse_ok,0512.HK,0,2019-12-10,0,,,,,,,,,
2020-03-09,Hang Seng Composite Index,Removal,579,0579.HK,"Beijing Jingneng Clean Energy Co., Ltd. - H Shares",789,Removal,Hang Seng Composite Index,unchanged,1,1,0579.HK,0579.HK,parse_ok,0579.HK,0,2019-12-10,0,,,,,,,,,
2020-03-09,Hang Seng China Enterprises Index,Inclusion,586,0586.HK,China Conch Venture Holdings Ltd.,756,Inclusion,Hang Seng China Enterprises Index,unchanged,1,1,0586.HK,0586.HK,parse_ok,0586.HK,1,2019-12-10,0,,,,,,,,,
2020-03-09,Hang Seng Composite Index,Inclusion,697,0697.HK,Shougang Concord International Enterprises Co. Ltd.,763,Inclusion,Hang Seng Composite Index,unchanged,1,1,0697.HK,0697.HK,parse_ok,0697.HK,1,2019-12-10,0,,,,,,,,,
2020-03-09,Hang Seng Composite Index,Removal,699,0699.HK,CAR Inc.,790,Removal,Hang Seng Composite Index,unchanged,1,1,0699.HK,0699.HK,parse_ok,0699.HK,0,2019-12-10,0,,,,,,,,,
2020-03-09,Hang Seng Stock Connect Greater Bay Area Composite Index,Removal,751,0751.HK,Skyworth Group Ltd.,822,Removal,Hang Seng Stock Connect Greater Bay Area Composite Index,unchanged,1,1,0751.HK,0751.HK,parse_ok,0751.HK,0,2019-12-10,0,,,,,,,,,
2020-03-09,Hang Seng Composite Index,Inclusion,826,0826.HK,Tiangong International Co. Ltd.,764,Inclusion,Hang Seng Composite Index,unchanged,1,1,0826.HK,0826.HK,parse_ok,0826.HK,1,2019-12-10,0,,,,,,,,,
2020-03-09,Hang Seng Composite Index,Removal,860,0860.HK,WE Solutions Ltd.,791,Removal,Hang Seng Composite Index,unchanged,1,1,0860.HK,0860.HK,parse_ok,0860.HK,0,2019-12-10,0,,,,,,,,,
2020-03-09,Hang Seng China 50 Index,Inclusion,914,0914.HK,Anhui Conch Cement Co. Ltd.,750,Inclusion,Hang Seng China 50 Index,unchanged,1,1,0914.HK,0914.HK,parse_ok,0914.HK,1,2019-12-10,0,,,,,,,,,
2020-03-09,Hang Seng Composite Index,Removal,931,0931.HK,China LNG Group Ltd.,792,Removal,Hang Seng Composite Index,unchanged,1,1,0931.HK,0931.HK,parse_ok,0931.HK,0,2019-12-10,0,,,,,,,,,
2020-03-09,Hang Seng Composite Index,Removal,950,0950.HK,Lee's Pharmaceutical Holdings Ltd.,793,Removal,Hang Seng Composite Index,unchanged,1,1,0950.HK,0950.HK,parse_ok,0950.HK,0,2019-12-10,0,,,,,,,,,
2020-03-09,Hang Seng Composite Index,Removal,951,0951.HK,Chaowei Power Holdings Ltd.,794,Removal,Hang Seng Composite Index,unchanged,1,1,0951.HK,0951.HK,parse_ok,0951.HK,0,2019-12-10,0,,,,,,,,,
2020-03-09,Hang Seng Composite Index,Removal,1086,1086.HK,Goodbaby International Holdings Ltd.,795,Removal,Hang Seng Composite Index,unchanged,1,1,1086.HK,1086.HK,parse_ok,1086.HK,0,2019-12-10,0,,,,,,,,,
2020-03-09,Hang Seng China 50 Index,Inclusion,1109,1109.HK,China Resources Land Ltd.,751,Inclusion,Hang Seng China 50 Index,unchanged,1,1,1109.HK,1109.HK,parse_ok,1109.HK,1,2019-12-10,0,,,,,,,,,
2020-03-09,Hang Seng Composite Index,Inclusion,1268,1268.HK,China MeiDong Auto Holdings Ltd.,765,Inclusion,Hang Seng Composite Index,unchanged,1,1,1268.HK,1268.HK,parse_ok,1268.HK,1,2019-12-10,0,,,,,,,,,
2020-03-09,Hang Seng Composite Index,Inclusion,1282,1282.HK,Glory Sun Financial Group Ltd.,766,Inclusion,Hang Seng Composite Index,unchanged,1,1,1282.HK,1282.HK,parse_ok,1282.HK,1,2019-12-10,0,,,,,,,,,
2020-03-09,Hang Seng Composite Index,Inclusion,1286,1286.HK,Impro Precision Industries Ltd.,767,Inclusion,Hang Seng Composite Index,unchanged,1,1,1286.HK,1286.HK,parse_ok,1286.HK,1,2019-12-10,0,,,,,,,,,
2020-03-09,Hang Seng China Enterprises Index,Removal,1339,1339.HK,The People's Insurance Co. (Group) of China Ltd. - H Shares,758,Removal,Hang Seng China Enterprises Index,unchanged,1,1,1339.HK,1339.HK,parse_ok,1339.HK,0,2019-12-10,0,,,,,,,,,
2020-03-09,Hang Seng Composite Index,Removal,1361,1361.HK,361 Degrees International Ltd.,796,Removal,Hang Seng Composite Index,unchanged,1,1,1361.HK,1361.HK,parse_ok,1361.HK,0,2019-12-10,0,,,,,,,,,
2020-03-09,Hang Seng Composite Index,Removal,1680,1680.HK,Macau Legend Development Ltd.,797,Removal,Hang Seng Composite Index,unchanged,1,1,1680.HK,1680.HK,parse_ok,1680.HK,0,2019-12-10,0,,,,,,,,,
2020-03-09,Hang Seng Composite Index,Inclusion,1691,1691.HK,JS Global Lifestyle Co. Ltd.,768,Inclusion,Hang Seng Composite Index,unchanged,1,1,1691.HK,1691.HK,parse_ok,1691.HK,1,2019-12-10,0,,,,,,,,,
2020-03-09,Hang Seng China Enterprises Index,Removal,1766,1766.HK,CRRC Corporation Ltd. - H Shares,759,Removal,Hang Seng China Enterprises Index,unchanged,1,1,1766.HK,1766.HK,parse_ok,1766.HK,0,2019-12-10,0,,,,,,,,,
2020-03-09,Hang Seng Composite Index,Inclusion,1789,1789.HK,AK Medical Holdings Ltd.,769,Inclusion,Hang Seng Composite Index,unchanged,1,1,1789.HK,1789.HK,parse_ok,1789.HK,1,2019-12-10,0,,,,,,,,,
2020-03-09,Hang Seng Composite Index,Inclusion,1836,1836.HK,Stella International Holdings Ltd.,770,Inclusion,Hang Seng Composite Index,unchanged,1,1,1836.HK,1836.HK,parse_ok,1836.HK,1,2019-12-10,0,,,,,,,,,
2020-03-09,Hang Seng Composite Index,Inclusion,1873,1873.HK,Viva Biotech Holdings,771,Inclusion,Hang Seng Composite Index,unchanged,1,1,1873.HK,1873.HK,parse_ok,1873.HK,1,2019-12-10,0,,,,,,,,,
2020-03-09,Hang Seng Composite Index,Inclusion,1881,1881.HK,Regal Real Estate Investment Trust,772,Inclusion,Hang Seng Composite Index,unchanged,1,1,1881.HK,1881.HK,parse_ok,1881.HK,1,2019-12-10,0,,,,,,,,,
2020-03-09,Hang Seng Composite Index,Removal,1916,1916.HK,"Jiangxi Bank Co., Ltd. - H Shares",798,Removal,Hang Seng Composite Index,unchanged,1,1,1916.HK,1916.HK,parse_ok,1916.HK,0,2019-12-10,0,,,,,,,,,
2020-03-09,Hang Seng Composite Index,Removal,1980,1980.HK,Tian Ge Interactive Holdings Ltd.,799,Removal,Hang Seng Composite Index,unchanged,1,1,1980.HK,1980.HK,parse_ok,1980.HK,0,2019-12-10,0,,,,,,,,,
2020-03-09,Hang Seng Composite Index,Inclusion,2048,2048.HK,E-House (China) Enterprise Holdings Ltd.,773,Inclusion,Hang Seng Composite Index,unchanged,1,1,2048.HK,2048.HK,parse_ok,2048.HK,1,2019-12-10,0,,,,,,,,,
2020-03-09,Hang Seng Composite Index,Removal,2099,2099.HK,China Gold International Resources Corp. Ltd.,800,Removal,Hang Seng Composite Index,unchanged,1,1,2099.HK,2099.HK,parse_ok,2099.HK,0,2019-12-10,0,,,,,,,,,
2020-03-09,Hang Seng Composite Index,Inclusion,2103,2103.HK,Sinic Holdings (Group) Co. Ltd.,774,Inclusion,Hang Seng Composite Index,unchanged,1,1,2103.HK,2103.HK,parse_ok,2103.HK,1,2019-12-10,0,,,,,,,,,
2020-03-09,Hang Seng Composite Index,Removal,2232,2232.HK,Crystal International Group Ltd.,801,Removal,Hang Seng Composite Index,unchanged,1,1,2232.HK,2232.HK,parse_ok,2232.HK,0,2019-12-10,0,,,,,,,,,
2020-03-09,Hang Seng China Enterprises Index,Inclusion,2382,2382.HK,Sunny Optical Technology (Group) Co. Ltd.,757,Inclusion,Hang Seng China Enterprises Index,unchanged,1,1,2382.HK,2382.HK,parse_ok,2382.HK,1,2019-12-10,0,,,,,,,,,
2020-03-09,Hang Seng Composite Index,Inclusion,2400,2400.HK,XD Inc.,775,Inclusion,Hang Seng Composite Index,unchanged,1,1,2400.HK,2400.HK,parse_ok,2400.HK,1,2019-12-10,0,,,,,,,,,
2020-03-09,Hang Seng Composite Index,Removal,2866,2866.HK,"COSCO SHIPPING Development Co., Ltd. - H Shares",802,Removal,Hang Seng Composite Index,unchanged,1,1,2866.HK,2866.HK,parse_ok,2866.HK,0,2019-12-10,0,,,,,,,,,
2020-03-09,Hang Seng Stock Connect Greater Bay Area Composite Index,Inclusion,300602,300602.SZ,"Shenzhen FRD Science & Technology Co., Ltd",810,Inclusion,Hang Seng Stock Connect Greater Bay Area Composite Index,unchanged,1,1,300602.SZ,300602.SZ,parse_ok,300602.SZ,1,2019-12-10,0,,,,,,,,,
2020-03-09,Hang Seng Stock Connect Greater Bay Area Composite Index,Inclusion,300770,300770.SZ,"Guangdong South New Media Co., Ltd",811,Inclusion,Hang Seng Stock Connect Greater Bay Area Composite Index,unchanged,1,1,300770.SZ,300770.SZ,parse_ok,300770.SZ,1,2019-12-10,0,,,,,,,,,
2020-03-09,Hang Seng Composite Index,Inclusion,3319,3319.HK,"A-Living Services Co., Ltd. - H Shares",776,Inclusion,Hang Seng Composite Index,unchanged,1,1,3319.HK,3319.HK,parse_ok,3319.HK,1,2019-12-10,0,,,,,,,,,
2020-03-09,Hang Seng Stock Connect Greater Bay Area Composite Index,Inclusion,3319,3319.HK,"A-Living Services Co., Ltd.",812,Inclusion,Hang Seng Stock Connect Greater Bay Area Composite Index,unchanged,1,1,3319.HK,3319.HK,parse_ok,3319.HK,1,2019-12-10,0,,,,,,,,,
2020-03-09,Hang Seng Composite Index,Removal,3329,3329.HK,BOCOM International Holdings Co. Ltd.,803,Removal,Hang Seng Composite Index,unchanged,1,1,3329.HK,3329.HK,parse_ok,3329.HK,0,2019-12-10,0,,,,,,,,,
2020-03-09,Hang Seng Composite Index,Inclusion,3331,3331.HK,Vinda International Holdings Ltd.,777,Inclusion,Hang Seng Composite Index,unchanged,1,1,3331.HK,3331.HK,parse_ok,3331.HK,1,2019-12-10,0,,,,,,,,,
2020-03-09,Hang Seng Stock Connect Greater Bay Area Composite Index,Inclusion,3331,3331.HK,Vinda International Holdings Ltd.,813,Inclusion,Hang Seng Stock Connect Greater Bay Area Composite Index,unchanged,1,1,3331.HK,3331.HK,parse_ok,3331.HK,1,2019-12-10,0,,,,,,,,,
2020-03-09,Hang Seng Stock Connect Greater Bay Area Composite Index,Removal,3933,3933.HK,The United Laboratories International Holdings Ltd.,823,Removal,Hang Seng Stock Connect Greater Bay Area Composite Index,unchanged,1,1,3933.HK,3933.HK,parse_ok,3933.HK,0,2019-12-10,0,,,,,,,,,
2020-03-09,Hang Seng China 50 Index,Removal,600010,600010.SH,"Baoshan Iron & Steel Co., Ltd.",753,Removal,Hang Seng China 50 Index,unchanged,1,1,600010.SH,600010.SS,parse_ok,600010.SS,0,2019-12-10,0,,,,,,,,,
2020-03-09,Hang Seng Stock Connect Greater Bay Area Composite Index,Removal,600499,600499.SH,"Keda Clean Energy Co., Ltd.",824,Removal,Hang Seng Stock Connect Greater Bay Area Composite Index,unchanged,1,1,600499.SH,600499.SS,parse_ok,600499.SS,0,2019-12-10,0,,,,,,,,,
2020-03-09,Hang Seng China 50 Index,Removal,601360,601360.SH,360 Security Technology Inc.,754,Removal,Hang Seng China 50 Index,unchanged,1,1,601360.SH,601360.SS,parse_ok,601360.SS,0,2019-12-10,0,,,,,,,,,
2020-03-09,Hang Seng China 50 Index,Removal,601390,601390.SH,China Railway Group Ltd.,755,Removal,Hang Seng China 50 Index,unchanged,1,1,601390.SH,601390.SS,parse_ok,601390.SS,0,2019-12-10,0,,,,,,,,,
2020-03-09,Hang Seng China 50 Index,Inclusion,603288,603288.SH,Foshan Haitian Flavouring and Food Company Ltd.,752,Inclusion,Hang Seng China 50 Index,unchanged,1,1,603288.SH,603288.SS,parse_ok,603288.SS,1,2019-12-10,0,,,,,,,,,
2020-03-09,Hang Seng Stock Connect Greater Bay Area Composite Index,Removal,603898,603898.SH,"Guangzhou Holike Creative Home Co., Ltd",825,Removal,Hang Seng Stock Connect Greater Bay Area Composite Index,unchanged,1,1,603898.SH,603898.SS,parse_ok,603898.SS,0,2019-12-10,0,,,,,,,,,
2020-03-09,Hang Seng Stock Connect Greater Bay Area Composite Index,Inclusion,603983,603983.SH,"Guangdong Marubi Biotechnology Co., Ltd",814,Inclusion,Hang Seng Stock Connect Greater Bay Area Composite Index,unchanged,1,1,603983.SH,603983.SS,parse_ok,603983.SS,1,2019-12-10,0,,,,,,,,,
2020-03-09,Hang Seng Composite Index,Inclusion,6049,6049.HK,"Poly Property Development Co., Ltd. - H Shares",778,Inclusion,Hang Seng Composite Index,unchanged,1,1,6049.HK,6049.HK,parse_ok,6049.HK,1,2019-12-10,0,,,,,,,,,
2020-03-09,Hang Seng Stock Connect Greater Bay Area Composite Index,Inclusion,6049,6049.HK,"Poly Property Development Co., Ltd.",815,Inclusion,Hang Seng Stock Connect Greater Bay Area Composite Index,unchanged,1,1,6049.HK,6049.HK,parse_ok,6049.HK,1,2019-12-10,0,,,,,,,,,
2020-03-09,Hang Seng Stock Connect Greater Bay Area Composite Index,Inclusion,6055,6055.HK,China Tobacco International (HK) Co. Ltd.,816,Inclusion,Hang Seng Stock Connect Greater Bay Area Composite Index,unchanged,1,1,6055.HK,6055.HK,parse_ok,6055.HK,1,2019-12-10,0,,,,,,,,,
2020-03-09,Hang Seng Composite Index,Inclusion,6069,6069.HK,Sheng Ye Capital Ltd.,779,Inclusion,Hang Seng Composite Index,unchanged,1,1,6069.HK,6069.HK,parse_ok,6069.HK,1,2019-12-10,0,,,,,,,,,
2020-03-09,Hang Seng Composite Index,Removal,6100,6100.HK,"Wise Talent Information Technology Co., Ltd.",804,Removal,Hang Seng Composite Index,unchanged,1,1,6100.HK,6100.HK,parse_ok,6100.HK,0,2019-12-10,0,,,,,,,,,
2020-03-09,Hang Seng Composite Index,Inclusion,6110,6110.HK,Topsports International Holdings Ltd.,780,Inclusion,Hang Seng Composite Index,unchanged,1,1,6110.HK,6110.HK,parse_ok,6110.HK,1,2019-12-10,0,,,,,,,,,
2020-03-09,Hang Seng Composite Index,Inclusion,6186,6186.HK,China Feihe Ltd.,781,Inclusion,Hang Seng Composite Index,unchanged,1,1,6186.HK,6186.HK,parse_ok,6186.HK,1,2019-12-10,0,,,,,,,,,
2020-03-09,Hang Seng Composite Index,Removal,6828,6828.HK,Beijing Gas Blue Sky Holdings Ltd.,805,Removal,Hang Seng Composite Index,unchanged,1,1,6828.HK,6828.HK,parse_ok,6828.HK,0,2019-12-10,0,,,,,,,,,
2020-03-09,Hang Seng Composite Index,Removal,6889,6889.HK,"DYNAM JAPAN HOLDINGS Co., Ltd.",806,Removal,Hang Seng Composite Index,unchanged,1,1,6889.HK,6889.HK,parse_ok,6889.HK,0,2019-12-10,0,,,,,,,,,
2020-03-09,Hang Seng Composite Index,Removal,87001,87001.HK,Hui Xian Real Estate Investment Trust,807,Removal,Hang Seng Composite Index,unchanged,1,1,87001.HK,87001.HK,parse_ok,87001.HK,0,2019-12-10,0,,,,,,,,,
2020-06-08,Hang Seng China Enterprises Index,Inclusion,762,0762.HK,China Unicom (Hong Kong) Ltd.,826,Inclusion,Hang Seng China Enterprises Index,unchanged,1,1,0762.HK,0762.HK,parse_ok,0762.HK,1,2020-03-10,0,,,,,,,,,
2020-06-08,Hang Seng China Enterprises Index,Inclusion,813,0813.HK,Shimao Property Holdings Ltd.,827,Inclusion,Hang Seng China Enterprises Index,unchanged,1,1,0813.HK,0813.HK,parse_ok,0813.HK,1,2020-03-10,0,,,,,,,,,
2020-06-08,Hang Seng China Enterprises Index,Removal,1336,1336.HK,New China Life Insurance Co Ltd. - H Shares,829,Removal,Hang Seng China Enterprises Index,unchanged,1,1,1336.HK,1336.HK,parse_ok,1336.HK,0,2020-03-10,0,,,,,,,,,
2020-06-08,Hang Seng China Enterprises Index,Removal,1800,1800.HK,China Communications Construction Co Ltd. - H Shares,830,Removal,Hang Seng China Enterprises Index,unchanged,1,1,1800.HK,1800.HK,parse_ok,1800.HK,0,2020-03-10,0,,,,,,,,,
2020-06-08,Hang Seng China Enterprises Index,Inclusion,2319,2319.HK,China Mengniu Dairy Co Ltd.,828,Inclusion,Hang Seng China Enterprises Index,unchanged,1,1,2319.HK,2319.HK,parse_ok,2319.HK,1,2020-03-10,0,,,,,,,,,
2020-06-08,Hang Seng China Enterprises Index,Removal,6837,6837.HK,Haitong Securities Co Ltd. - H Shares,831,Removal,Hang Seng China Enterprises Index,unchanged,1,1,6837.HK,6837.HK,parse_ok,6837.HK,0,2020-03-10,0,,,,,,,,,
2020-09-07,Hang Seng China A Industry Top Index,Removal,338,000338.SZ,"Weichai Power Co.,Ltd.",866,Removal,Hang Seng China A Industry Top Index,unchanged,1,1,000338.SZ,000338.SZ,parse_ok,000338.SZ,0,2020-06-09,0,,,,,,,,,
2020-09-07,Hang Seng Corporate Sustainability Index,Inclusion,8,0008.HK,PCCW Ltd.,949,Inclusion,Hang Seng Corporate Sustainability Index,unchanged,1,1,0008.HK,0008.HK,parse_ok,0008.HK,1,2020-06-09,0,,,,,,,,,
2020-09-07,Hang Seng (China A) Corporate Sustainability Index,Removal,825,000825.SZ,"Shanxi Taigang Stainless Steel Co.,Ltd",840,Removal,Hang Seng (China A) Corporate Sustainability Index,unchanged,1,1,000825.SZ,000825.SZ,parse_ok,000825.SZ,0,2020-06-09,0,,,,,,,,,
2020-09-07,Hang Seng Corporate Sustainability Index,Removal,14,0014.HK,Hysan Development Co. Ltd.,952,Removal,Hang Seng Corporate Sustainability Index,unchanged,1,1,0014.HK,0014.HK,parse_ok,0014.HK,0,2020-06-09,0,,,,,,,,,
2020-09-07,Hang Seng Stock Connect Greater Bay Area Composite Index,Removal,2168,002168.SZ,"Shenzhen Hifuture Information Technology Co., Ltd.",984,Removal,Hang Seng Stock Connect Greater Bay Area Composite Index,unchanged,1,1,002168.SZ,002168.SZ,parse_ok,002168.SZ,0,2020-06-09,0,,,,,,,,,
2020-09-07,Hang Seng Stock Connect Greater Bay Area Composite Index,Inclusion,2243,002243.SZ,"Shenzhen Beauty Star Co.,Ltd",975,Inclusion,Hang Seng Stock Connect Greater Bay Area Composite Index,unchanged,1,1,002243.SZ,002243.SZ,parse_ok,002243.SZ,1,2020-06-09,0,,,,,,,,,
2020-09-07,Hang Seng (China A) Corporate Sustainability Index,Inclusion,2371,002371.SZ,"NAURA Technology Group Co.,Ltd.",832,Inclusion,Hang Seng (China A) Corporate Sustainability Index,unchanged,1,1,002371.SZ,002371.SZ,parse_ok,002371.SZ,1,2020-06-09,0,,,,,,,,,
2020-09-07,Hang Seng (China A) Corporate Sustainability Index,Removal,2415,002415.SZ,"Hangzhou Hikvision Digital Technology Co.,Ltd.",841,Removal,Hang Seng (China A) Corporate Sustainability Index,unchanged,1,1,002415.SZ,002415.SZ,parse_ok,002415.SZ,0,2020-06-09,0,,,,,,,,,
2020-09-07,Hang Seng China A Top 100 Index,Inclusion,2475,002475.SZ,"Luxshare Precision Industry Co., Ltd.",874,Inclusion,Hang Seng China A Top 100 Index,unchanged,1,1,002475.SZ,002475.SZ,parse_ok,002475.SZ,1,2020-06-09,0,,,,,,,,,
2020-09-07,Hang Seng Stock Connect Greater Bay Area Composite Index,Removal,2475,002475.SZ,"Luxshare Precision Industry Co., Ltd.",985,Removal,Hang Seng Stock Connect Greater Bay Area Composite Index,unchanged,1,1,002475.SZ,002475.SZ,parse_ok,002475.SZ,0,2020-06-09,0,,,,,,,,,
2020-09-07,Hang Seng Stock Connect Greater Bay Area Composite Index,Removal,2482,002482.SZ,"Shenzhen Grandland Group Co.,Ltd.",986,Removal,Hang Seng Stock Connect Greater Bay Area Composite Index,unchanged,1,1,002482.SZ,002482.SZ,parse_ok,002482.SZ,0,2020-06-09,0,,,,,,,,,
2020-09-07,Hang Seng (China A) Corporate Sustainability Index,Inclusion,2594,002594.SZ,BYD Company Limited,833,Inclusion,Hang Seng (China A) Corporate Sustainability Index,unchanged,1,1,002594.SZ,002594.SZ,parse_ok,002594.SZ,1,2020-06-09,0,,,,,,,,,
2020-09-07,Hang Seng Stock Connect Greater Bay Area Composite Index,Inclusion,2791,002791.SZ,"Guangdong Kinlong Hardware Products Co.,Ltd.",976,Inclusion,Hang Seng Stock Connect Greater Bay Area Composite Index,unchanged,1,1,002791.SZ,002791.SZ,parse_ok,002791.SZ,1,2020-06-09,0,,,,,,,,,
2020-09-07,Hang Seng Stock Connect Greater Bay Area Composite Index,Removal,2815,002815.SZ,"Suntak Technology Co., Ltd.",987,Removal,Hang Seng Stock Connect Greater Bay Area Composite Index,unchanged,1,1,002815.SZ,002815.SZ,parse_ok,002815.SZ,0,2020-06-09,0,,,,,,,,,
2020-09-07,Hang Seng (China A) Corporate Sustainability Index,Removal,2916,002916.SZ,"Shennan Circuits Co., Ltd.",842,Removal,Hang Seng (China A) Corporate Sustainability Index,unchanged,1,1,002916.SZ,002916.SZ,parse_ok,002916.SZ,0,2020-06-09,0,,,,,,,,,
2020-09-07,Hang Seng Composite Index,Inclusion,35,0035.HK,Far East Consortium International Ltd.,894,Inclusion,Hang Seng Composite Index,unchanged,1,1,0035.HK,0035.HK,parse_ok,0035.HK,1,2020-06-09,0,,,,,,,,,
2020-09-07,Hang Seng China A Industry Top Index,Inclusion,3816,003816.SZ,"CGN Power Co.,Ltd.",857,Inclusion,Hang Seng China A Industry Top Index,unchanged,1,1,003816.SZ,003816.SZ,parse_ok,003816.SZ,1,2020-06-09,0,,,,,,,,,
2020-09-07,Hang Seng China A Top 100 Index,Inclusion,3816,003816.SZ,"CGN Power Co.,Ltd.",875,Inclusion,Hang Seng China A Top 100 Index,unchanged,1,1,003816.SZ,003816.SZ,parse_ok,003816.SZ,1,2020-06-09,0,,,,,,,,,
2020-09-07,Hang Seng Composite Index,Inclusion,41,0041.HK,Great Eagle Holdings Ltd.,895,Inclusion,Hang Seng Composite Index,unchanged,1,1,0041.HK,0041.HK,parse_ok,0041.HK,1,2020-06-09,0,,,,,,,,,
2020-09-07,Hang Seng Stock Connect Greater Bay Area Composite Index,Inclusion,41,0041.HK,Great Eagle Holdings Ltd.,977,Inclusion,Hang Seng Stock Connect Greater Bay Area Composite Index,unchanged,1,1,0041.HK,0041.HK,parse_ok,0041.HK,1,2020-06-09,0,,,,,,,,,
2020-09-07,Hang Seng Corporate Sustainability Index,Removal,69,0069.HK,Shangri-La Asia Ltd.,953,Removal,Hang Seng Corporate Sustainability Index,unchanged,1,1,0069.HK,0069.HK,parse_ok,0069.HK,0,2020-06-09,0,,,,,,,,,
2020-09-07,Hang Seng Composite Index,Removal,78,0078.HK,Regal Hotels International Holdings Ltd.,926,Removal,Hang Seng Composite Index,unchanged,1,1,0078.HK,0078.HK,parse_ok,0078.HK,0,2020-06-09,0,,,,,,,,,
2020-09-07,Hang Seng Index,Removal,83,0083.HK,Sino Land Co. Ltd.,972,Removal,Hang Seng Index,unchanged,1,1,0083.HK,0083.HK,parse_ok,0083.HK,0,2020-06-09,0,,,,,,,,,
2020-09-07,Hang Seng ESG 50 Index,Inclusion,148,0148.HK,Kingboard Holdings Ltd.,955,Inclusion,Hang Seng ESG 50 Index,unchanged,1,1,0148.HK,0148.HK,parse_ok,0148.HK,1,2020-06-09,0,,,,,,,,,
2020-09-07,Hang Seng Index,Removal,151,0151.HK,Want Want China Holdings Ltd.,973,Removal,Hang Seng Index,unchanged,1,1,0151.HK,0151.HK,parse_ok,0151.HK,0,2020-06-09,0,,,,,,,,,
2020-09-07,Hang Seng ESG 50 Index,Removal,175,0175.HK,Geely Automobile Holdings Ltd.,962,Removal,Hang Seng ESG 50 Index,unchanged,1,1,0175.HK,0175.HK,parse_ok,0175.HK,0,2020-06-09,0,,,,,,,,,
2020-09-07,Hang Seng Stock Connect Greater Bay Area Composite Index,Removal,215,0215.HK,Hutchison Telecommunications Hong Kong Holdings Ltd.,988,Removal,Hang Seng Stock Connect Greater Bay Area Composite Index,unchanged,1,1,0215.HK,0215.HK,parse_ok,0215.HK,0,2020-06-09,0,,,,,,,,,
2020-09-07,Hang Seng ESG 50 Index,Inclusion,288,0288.HK,WH Group Ltd.,956,Inclusion,Hang Seng ESG 50 Index,unchanged,1,1,0288.HK,0288.HK,parse_ok,0288.HK,1,2020-06-09,0,,,,,,,,,
2020-09-07,Hang Seng Stock Connect Greater Bay Area Composite Index,Removal,308,0308.HK,China Travel International Investment Hong Kong Ltd.,989,Removal,Hang Seng Stock Connect Greater Bay Area Composite Index,unchanged,1,1,0308.HK,0308.HK,parse_ok,0308.HK,0,2020-06-09,0,,,,,,,,,
2020-09-07,Hang Seng Stock Connect Greater Bay Area Composite Index,Removal,315,0315.HK,SmarTone Telecommunications Holdings Ltd.,990,Removal,Hang Seng Stock Connect Greater Bay Area Composite Index,unchanged,1,1,0315.HK,0315.HK,parse_ok,0315.HK,0,2020-06-09,0,,,,,,,,,
2020-09-07,Hang Seng Composite Index,Removal,317,0317.HK,CSSC Offshore & Marine Engineering (Group) Co. Ltd. - H Shs,927,Removal,Hang Seng Composite Index,unchanged,1,1,0317.HK,0317.HK,parse_ok,0317.HK,0,2020-06-09,0,,,,,,,,,
2020-09-07,Hang Seng ESG 50 Index,Inclusion,384,0384.HK,China Gas Holdings Ltd.,957,Inclusion,Hang Seng ESG 50 Index,unchanged,1,1,0384.HK,0384.HK,parse_ok,0384.HK,1,2020-06-09,0,,,,,,,,,
2020-09-07,Hang Seng ESG 50 Index,Removal,390,0390.HK,China Railway Group Ltd. - H Shares,963,Removal,Hang Seng ESG 50 Index,unchanged,1,1,0390.HK,0390.HK,parse_ok,0390.HK,0,2020-06-09,0,,,,,,,,,
2020-09-07,Hang Seng Composite Index,Removal,451,0451.HK,GCL New Energy Holdings Ltd.,928,Removal,Hang Seng Composite Index,unchanged,1,1,0451.HK,0451.HK,parse_ok,0451.HK,0,2020-06-09,0,,,,,,,,,
2020-09-07,Hang Seng Composite Index,Removal,525,0525.HK,Guangshen Railway Co. Ltd. - H Shares,929,Removal,Hang Seng Composite Index,unchanged,1,1,0525.HK,0525.HK,parse_ok,0525.HK,0,2020-06-09,0,,,,,,,,,
2020-09-07,Hang Seng Composite Index,Removal,582,0582.HK,Landing International Development Ltd.,930,Removal,Hang Seng Composite Index,unchanged,1,1,0582.HK,0582.HK,parse_ok,0582.HK,0,2020-06-09,0,,,,,,,,,
2020-09-07,Hang Seng Composite Index,Removal,607,0607.HK,Fullshare Holdings Ltd.,931,Removal,Hang Seng Composite Index,unchanged,1,1,0607.HK,0607.HK,parse_ok,0607.HK,0,2020-06-09,0,,,,,,,,,
2020-09-07,Hang Seng Corporate Sustainability Index,Inclusion,659,0659.HK,NWS Holdings Ltd.,950,Inclusion,Hang Seng Corporate Sustainability Index,unchanged,1,1,0659.HK,0659.HK,parse_ok,0659.HK,1,2020-06-09,0,,,,,,,,,
2020-09-07,Hang Seng ESG 50 Index,Inclusion,659,0659.HK,NWS Holdings Ltd.,958,Inclusion,Hang Seng ESG 50 Index,unchanged,1,1,0659.HK,0659.HK,parse_ok,0659.HK,1,2020-06-09,0,,,,,,,,,
2020-09-07,Hang Seng Composite Index,Removal,687,0687.HK,Tysan Holdings Ltd.,932,Removal,Hang Seng Composite Index,unchanged,1,1,0687.HK,0687.HK,parse_ok,0687.HK,0,2020-06-09,0,,,,,,,,,
2020-09-07,Hang Seng Composite Index,Inclusion,699,0699.HK,CAR Inc.,896,Inclusion,Hang Seng Composite Index,unchanged,1,1,0699.HK,0699.HK,parse_ok,0699.HK,1,2020-06-09,0,,,,,,,,,
2020-09-07,Hang Seng Composite Index,Removal,709,0709.HK,Giordano International Ltd.,933,Removal,Hang Seng Composite Index,unchanged,1,1,0709.HK,0709.HK,parse_ok,0709.HK,0,2020-06-09,0,,,,,,,,,
2020-09-07,Hang Seng Composite Index,Removal,732,0732.HK,Truly International Holdings Ltd.,934,Removal,Hang Seng Composite Index,unchanged,1,1,0732.HK,0732.HK,parse_ok,0732.HK,0,2020-06-09,0,,,,,,,,,
2020-09-07,Hang Seng China 50 Index,Removal,762,0762.HK,China Unicom (Hong Kong) Ltd.,852,Removal,Hang Seng China 50 Index,unchanged,1,1,0762.HK,0762.HK,parse_ok,0762.HK,0,2020-06-09,0,,,,,,,,,
2020-09-07,Hang Seng ESG 50 Index,Inclusion,836,0836.HK,China Resources Power Holdings Co. Ltd.,959,Inclusion,Hang Seng ESG 50 Index,unchanged,1,1,0836.HK,0836.HK,parse_ok,0836.HK,1,2020-06-09,0,,,,,,,,,
2020-09-07,Hang Seng Composite Index,Removal,906,0906.HK,CPMC Holdings Ltd.,935,Removal,Hang Seng Composite Index,unchanged,1,1,0906.HK,0906.HK,parse_ok,0906.HK,0,2020-06-09,0,,,,,,,,,
2020-09-07,Hang Seng Index,Removal,1088,1088.HK,China Shenhua Energy Co. Ltd. - H Shares,974,Removal,Hang Seng Index,unchanged,1,1,1088.HK,1088.HK,parse_ok,1088.HK,0,2020-06-09,0,,,,,,,,,
2020-09-07,Hang Seng China Enterprises Index,Removal,1099,1099.HK,Sinopharm Group Co. Ltd. - H Shares,891,Removal,Hang Seng China Enterprises Index,unchanged,1,1,1099.HK,1099.HK,parse_ok,1099.HK,0,2020-06-09,0,,,,,,,,,
2020-09-07,Hang Seng Corporate Sustainability Index,Removal,1109,1109.HK,China Resources Land Ltd.,954,Removal,Hang Seng Corporate Sustainability Index,unchanged,1,1,1109.HK,1109.HK,parse_ok,1109.HK,0,2020-06-09,0,,,,,,,,,
2020-09-07,Hang Seng ESG 50 Index,Removal,1112,1112.HK,Health and Happiness (H&H) International Holdings Ltd.,964,Removal,Hang Seng ESG 50 Index,unchanged,1,1,1112.HK,1112.HK,parse_ok,1112.HK,0,2020-06-09,0,,,,,,,,,
2020-09-07,Hang Seng Composite Index,Removal,1131,1131.HK,Agritrade Resources Ltd.,936,Removal,Hang Seng Composite Index,unchanged,1,1,1131.HK,1131.HK,parse_ok,1131.HK,0,2020-06-09,0,,,,,,,,,
2020-09-07,Hang Seng Composite Index,Inclusion,1141,1141.HK,CMBC Capital Holdings Ltd.,897,Inclusion,Hang Seng Composite Index,unchanged,1,1,1141.HK,1141.HK,parse_ok,1141.HK,1,2020-06-09,0,,,,,,,,,
2020-09-07,Hang Seng Composite Index,Removal,1205,1205.HK,CITIC Resources Holdings Ltd.,937,Removal,Hang Seng Composite Index,unchanged,1,1,1205.HK,1205.HK,parse_ok,1205.HK,0,2020-06-09,0,,,,,,,,,
2020-09-07,Hang Seng China Enterprises Index,Removal,1211,1211.HK,BYD Co. Ltd. - H Shares,892,Removal,Hang Seng China Enterprises Index,unchanged,1,1,1211.HK,1211.HK,parse_ok,1211.HK,0,2020-06-09,0,,,,,,,,,
2020-09-07,Hang Seng Stock Connect Greater Bay Area Composite Index,Inclusion,1268,1268.HK,China MeiDong Auto Holdings Ltd.,978,Inclusion,Hang Seng Stock Connect Greater Bay Area Composite Index,unchanged,1,1,1268.HK,1268.HK,parse_ok,1268.HK,1,2020-06-09,0,,,,,,,,,
2020-09-07,Hang Seng Composite Index,Removal,1286,1286.HK,Impro Precision Industries Ltd.,938,Removal,Hang Seng Composite Index,unchanged,1,1,1286.HK,1286.HK,parse_ok,1286.HK,0,2020-06-09,0,,,,,,,,,
2020-09-07,Hang Seng ESG 50 Index,Removal,1316,1316.HK,Nexteer Automotive Group Ltd.,965,Removal,Hang Seng ESG 50 Index,unchanged,1,1,1316.HK,1316.HK,parse_ok,1316.HK,0,2020-06-09,0,,,,,,,,,
2020-09-07,Hang Seng Composite Index,Inclusion,1475,1475.HK,Nissin Foods Co. Ltd.,898,Inclusion,Hang Seng Composite Index,unchanged,1,1,1475.HK,1475.HK,parse_ok,1475.HK,1,2020-06-09,0,,,,,,,,,
2020-09-07,Hang Seng ESG 50 Index,Removal,1658,1658.HK,"Postal Savings Bank of China Co., Ltd. - H Shares",966,Removal,Hang Seng ESG 50 Index,unchanged,1,1,1658.HK,1658.HK,parse_ok,1658.HK,0,2020-06-09,0,,,,,,,,,
2020-09-07,Hang Seng Composite Index,Inclusion,1675,1675.HK,AsiaInfo Technologies Ltd.,899,Inclusion,Hang Seng Composite Index,unchanged,1,1,1675.HK,1675.HK,parse_ok,1675.HK,1,2020-06-09,0,,,,,,,,,
2020-09-07,Hang Seng Composite Index,Removal,1681,1681.HK,Consun Pharmaceutical Group Ltd.,939,Removal,Hang Seng Composite Index,unchanged,1,1,1681.HK,1681.HK,parse_ok,1681.HK,0,2020-06-09,0,,,,,,,,,
2020-09-07,Hang Seng Composite Index,Inclusion,1773,1773.HK,Tianli Education International Holdings Ltd.,900,Inclusion,Hang Seng Composite Index,unchanged,1,1,1773.HK,1773.HK,parse_ok,1773.HK,1,2020-06-09,0,,,,,,,,,
2020-09-07,Hang Seng China 50 Index,Removal,1800,1800.HK,China Communications Construction Company Limited,853,Removal,Hang Seng China 50 Index,unchanged,1,1,1800.HK,1800.HK,parse_ok,1800.HK,0,2020-06-09,0,,,,,,,,,
2020-09-07,Hang Seng Composite Index,Inclusion,1801,1801.HK,"Innovent Biologics, Inc.",901,Inclusion,Hang Seng Composite Index,unchanged,1,1,1801.HK,1801.HK,parse_ok,1801.HK,1,2020-06-09,0,,,,,,,,,
2020-09-07,Hang Seng Composite Index,Removal,1806,1806.HK,Huifu Payment Ltd.,940,Removal,Hang Seng Composite Index,unchanged,1,1,1806.HK,1806.HK,parse_ok,1806.HK,0,2020-06-09,0,,,,,,,,,
2020-09-07,Hang Seng China Enterprises Index,Inclusion,1810,1810.HK,Xiaomi Corporation - W,888,Inclusion,Hang Seng China Enterprises Index,unchanged,1,1,1810.HK,1810.HK,parse_ok,1810.HK,1,2020-06-09,0,,,,,,,,,
2020-09-07,Hang Seng Index,Inclusion,1810,1810.HK,Xiaomi Corporation - W,969,Inclusion,Hang Seng Index,unchanged,1,1,1810.HK,1810.HK,parse_ok,1810.HK,1,2020-06-09,0,,,,,,,,,
2020-09-07,Hang Seng Composite Index,Inclusion,1817,1817.HK,Mulsanne Group Holding Ltd.,902,Inclusion,Hang Seng Composite Index,unchanged,1,1,1817.HK,1817.HK,parse_ok,1817.HK,1,2020-06-09,0,,,,,,,,,
2020-09-07,Hang Seng Composite Index,Removal,1905,1905.HK,"Haitong UniTrust International Leasing Co., Ltd. - H Shares",941,Removal,Hang Seng Composite Index,unchanged,1,1,1905.HK,1905.HK,parse_ok,1905.HK,0,2020-06-09,0,,,,,,,,,
2020-09-07,Hang Seng Composite Index,Inclusion,1995,1995.HK,Ever Sunshine Lifestyle Services Group Ltd.,903,Inclusion,Hang Seng Composite Index,unchanged,1,1,1995.HK,1995.HK,parse_ok,1995.HK,1,2020-06-09,0,,,,,,,,,
2020-09-07,Hang Seng Composite Index,Removal,2003,2003.HK,VCREDIT Holdings Ltd.,942,Removal,Hang Seng Composite Index,unchanged,1,1,2003.HK,2003.HK,parse_ok,2003.HK,0,2020-06-09,0,,,,,,,,,
2020-09-07,Hang Seng Stock Connect Greater Bay Area Composite Index,Inclusion,2039,2039.HK,"China Int'l Marine Containers (Group) Co., Ltd.",979,Inclusion,Hang Seng Stock Connect Greater Bay Area Composite Index,unchanged,1,1,2039.HK,2039.HK,parse_ok,2039.HK,1,2020-06-09,0,,,,,,,,,
2020-09-07,Hang Seng Composite Index,Removal,2051,2051.HK,51 Credit Card Inc.,943,Removal,Hang Seng Composite Index,unchanged,1,1,2051.HK,2051.HK,parse_ok,2051.HK,0,2020-06-09,0,,,,,,,,,
2020-09-07,Hang Seng Composite Index,Removal,2255,2255.HK,Haichang Ocean Park Holdings Ltd.,944,Removal,Hang Seng Composite Index,unchanged,1,1,2255.HK,2255.HK,parse_ok,2255.HK,0,2020-06-09,0,,,,,,,,,
2020-09-07,Hang Seng Index,Inclusion,2269,2269.HK,WuXi Biologics (Cayman) Inc.,970,Inclusion,Hang Seng Index,unchanged,1,1,2269.HK,2269.HK,parse_ok,2269.HK,1,2020-06-09,0,,,,,,,,,
2020-09-07,Hang Seng Composite Index,Removal,2280,2280.HK,HC Group Inc.,945,Removal,Hang Seng Composite Index,unchanged,1,1,2280.HK,2280.HK,parse_ok,2280.HK,0,2020-06-09,0,,,,,,,,,
2020-09-07,Hang Seng Corporate Sustainability Index,Inclusion,2319,2319.HK,China Mengniu Dairy Co. Ltd.,951,Inclusion,Hang Seng Corporate Sustainability Index,unchanged,1,1,2319.HK,2319.HK,parse_ok,2319.HK,1,2020-06-09,0,,,,,,,,,
2020-09-07,Hang Seng ESG 50 Index,Inclusion,2319,2319.HK,China Mengniu Dairy Co. Ltd.,960,Inclusion,Hang Seng ESG 50 Index,unchanged,1,1,2319.HK,2319.HK,parse_ok,2319.HK,1,2020-06-09,0,,,,,,,,,
2020-09-07,Hang Seng China 50 Index,Removal,2328,2328.HK,PICC Property and Casualty Co. Ltd. - H Shares,854,Removal,Hang Seng China 50 Index,unchanged,1,1,2328.HK,2328.HK,parse_ok,2328.HK,0,2020-06-09,0,,,,,,,,,
2020-09-07,Hang Seng Composite Index,Inclusion,2342,2342.HK,Comba Telecom Systems Holdings Ltd.,904,Inclusion,Hang Seng Composite Index,unchanged,1,1,2342.HK,2342.HK,parse_ok,2342.HK,1,2020-06-09,0,,,,,,,,,
2020-09-07,Hang Seng Composite Index,Inclusion,2356,2356.HK,Dah Sing Banking Group Ltd.,905,Inclusion,Hang Seng Composite Index,unchanged,1,1,2356.HK,2356.HK,parse_ok,2356.HK,1,2020-06-09,0,,,,,,,,,
2020-09-07,Hang Seng Stock Connect Greater Bay Area Composite Index,Inclusion,2356,2356.HK,Dah Sing Banking Group Ltd.,980,Inclusion,Hang Seng Stock Connect Greater Bay Area Composite Index,unchanged,1,1,2356.HK,2356.HK,parse_ok,2356.HK,1,2020-06-09,0,,,,,,,,,
2020-09-07,Hang Seng Composite Index,Removal,2362,2362.HK,Jinchuan Group International Resources Co. Ltd.,946,Removal,Hang Seng Composite Index,unchanged,1,1,2362.HK,2362.HK,parse_ok,2362.HK,0,2020-06-09,0,,,,,,,,,
2020-09-07,Hang Seng Composite Index,Inclusion,2500,2500.HK,Venus Medtech (Hangzhou) Inc. - B - H Shares,906,Inclusion,Hang Seng Composite Index,unchanged,1,1,2500.HK,2500.HK,parse_ok,2500.HK,1,2020-06-09,0,,,,,,,,,
2020-09-07,Hang Seng ESG 50 Index,Inclusion,2688,2688.HK,ENN Energy Holdings Ltd.,961,Inclusion,Hang Seng ESG 50 Index,unchanged,1,1,2688.HK,2688.HK,parse_ok,2688.HK,1,2020-06-09,0,,,,,,,,,
2020-09-07,Hang Seng (China A) Corporate Sustainability Index,Inclusion,300124,300124.SZ,"Shenzhen Inovance Technology Co., Ltd",834,Inclusion,Hang Seng (China A) Corporate Sustainability Index,unchanged,1,1,300124.SZ,300124.SZ,parse_ok,300124.SZ,1,2020-06-09,0,,,,,,,,,
2020-09-07,Hang Seng Stock Connect Greater Bay Area Composite Index,Removal,300297,300297.SZ,"Bluedon Information Security Technologies Co.,Ltd.",991,Removal,Hang Seng Stock Connect Greater Bay Area Composite Index,unchanged,1,1,300297.SZ,300297.SZ,parse_ok,300297.SZ,0,2020-06-09,0,,,,,,,,,
2020-09-07,Hang Seng Stock Connect Greater Bay Area Composite Index,Removal,300633,300633.SZ,Sonoscape Medical Corp.,992,Removal,Hang Seng Stock Connect Greater Bay Area Composite Index,unchanged,1,1,300633.SZ,300633.SZ,parse_ok,300633.SZ,0,2020-06-09,0,,,,,,,,,
2020-09-07,Hang Seng China 50 Index,Inclusion,300760,300760.SZ,"Shenzhen Mindray Bio-Medical Electronics Co., Ltd.",848,Inclusion,Hang Seng China 50 Index,unchanged,1,1,300760.SZ,300760.SZ,parse_ok,300760.SZ,1,2020-06-09,0,,,,,,,,,
2020-09-07,Hang Seng ESG 50 Index,Removal,3377,3377.HK,Sino-Ocean Group Holding Ltd.,967,Removal,Hang Seng ESG 50 Index,unchanged,1,1,3377.HK,3377.HK,parse_ok,3377.HK,0,2020-06-09,0,,,,,,,,,
2020-09-07,Hang Seng Composite Index,Removal,3382,3382.HK,Tianjin Port Development Holdings Ltd.,947,Removal,Hang Seng Composite Index,unchanged,1,1,3382.HK,3382.HK,parse_ok,3382.HK,0,2020-06-09,0,,,,,,,,,
2020-09-07,Hang Seng China 50 Index,Inclusion,3690,3690.HK,Meituan Dianping - W,849,Inclusion,Hang Seng China 50 Index,unchanged,1,1,3690.HK,3690.HK,parse_ok,3690.HK,1,2020-06-09,0,,,,,,,,,
2020-09-07,Hang Seng China Enterprises Index,Inclusion,3690,3690.HK,Meituan Dianping - W,889,Inclusion,Hang Seng China Enterprises Index,unchanged,1,1,3690.HK,3690.HK,parse_ok,3690.HK,1,2020-06-09,0,,,,,,,,,
2020-09-07,Hang Seng Composite Index,Inclusion,3759,3759.HK,"Pharmaron Beijing Co., Ltd. - H Shares",907,Inclusion,Hang Seng Composite Index,unchanged,1,1,3759.HK,3759.HK,parse_ok,3759.HK,1,2020-06-09,0,,,,,,,,,
2020-09-07,Hang Seng Composite Index,Inclusion,3813,3813.HK,Pou Sheng International (Holdings) Ltd.,908,Inclusion,Hang Seng Composite Index,unchanged,1,1,3813.HK,3813.HK,parse_ok,3813.HK,1,2020-06-09,0,,,,,,,,,
2020-09-07,Hang Seng Composite Index,Removal,3983,3983.HK,China BlueChemical Ltd. - H Shares,948,Removal,Hang Seng Composite Index,unchanged,1,1,3983.HK,3983.HK,parse_ok,3983.HK,0,2020-06-09,0,,,,,,,,,
2020-09-07,Hang Seng ESG 50 Index,Removal,3988,3988.HK,Bank of China Ltd. - H Shares,968,Removal,Hang Seng ESG 50 Index,unchanged,1,1,3988.HK,3988.HK,parse_ok,3988.HK,0,2020-06-09,0,,,,,,,,,
2020-09-07,Hang Seng China A Top 100 Index,Removal,600011,600011.SH,"Huaneng Power International,Inc.",881,Removal,Hang Seng China A Top 100 Index,unchanged,1,1,600011.SH,600011.SS,parse_ok,600011.SS,0,2020-06-09,0,,,,,,,,,
2020-09-07,Hang Seng China A Industry Top Index,Removal,600023,600023.SH,"Zhejiang Zheneng Electric Power Co.,Ltd.",867,Removal,Hang Seng China A Industry Top Index,unchanged,1,1,600023.SH,600023.SS,parse_ok,600023.SS,0,2020-06-09,0,,,,,,,,,
2020-09-07,Hang Seng China A Top 100 Index,Removal,600023,600023.SH,"Zhejiang Zheneng Electric Power Co.,Ltd.",882,Removal,Hang Seng China A Top 100 Index,unchanged,1,1,600023.SH,600023.SS,parse_ok,600023.SS,0,2020-06-09,0,,,,,,,,,
2020-09-07,Hang Seng (China A) Corporate Sustainability Index,Inclusion,600028,600028.SH,China Petroleum & Chemical Corporation,835,Inclusion,Hang Seng (China A) Corporate Sustainability Index,unchanged,1,1,600028.SH,600028.SS,parse_ok,600028.SS,1,2020-06-09,0,,,,,,,,,
2020-09-07,Hang Seng China A Industry Top Index,Inclusion,600031,600031.SH,"Sany Heavy Industry Co.,Ltd.",858,Inclusion,Hang Seng China A Industry Top Index,unchanged,1,1,600031.SH,600031.SS,parse_ok,600031.SS,1,2020-06-09,0,,,,,,,,,
2020-09-07,Hang Seng China 50 Index,Removal,600050,600050.SH,China United Network Communications Limited,855,Removal,Hang Seng China 50 Index,unchanged,1,1,600050.SH,600050.SS,parse_ok,600050.SS,0,2020-06-09,0,,,,,,,,,
2020-09-07,Hang Seng (China A) Corporate Sustainability Index,Removal,600089,600089.SH,"TBEA Co.,Ltd.",843,Removal,Hang Seng (China A) Corporate Sustainability Index,unchanged,1,1,600089.SH,600089.SS,parse_ok,600089.SS,0,2020-06-09,0,,,,,,,,,
2020-09-07,Hang Seng China A Industry Top Index,Removal,600118,600118.SH,"China Spacesat Co.,Ltd.",868,Removal,Hang Seng China A Industry Top Index,unchanged,1,1,600118.SH,600118.SS,parse_ok,600118.SS,0,2020-06-09,0,,,,,,,,,
2020-09-07,Hang Seng Stock Connect Greater Bay Area Composite Index,Inclusion,600143,600143.SH,"Kingfa Sci.&Tech. Co.,Ltd.",981,Inclusion,Hang Seng Stock Connect Greater Bay Area Composite Index,unchanged,1,1,600143.SH,600143.SS,parse_ok,600143.SS,1,2020-06-09,0,,,,,,,,,
2020-09-07,Hang Seng (China A) Corporate Sustainability Index,Inclusion,600183,600183.SH,"Shengyi Technology Co.,Ltd.",836,Inclusion,Hang Seng (China A) Corporate Sustainability Index,unchanged,1,1,600183.SH,600183.SS,parse_ok,600183.SS,1,2020-06-09,0,,,,,,,,,
2020-09-07,Hang Seng China A Industry Top Index,Inclusion,600188,600188.SH,Yanzhou Coal Mining Company Limited,859,Inclusion,Hang Seng China A Industry Top Index,unchanged,1,1,600188.SH,600188.SS,parse_ok,600188.SS,1,2020-06-09,0,,,,,,,,,
2020-09-07,Hang Seng China A Top 100 Index,Inclusion,600276,600276.SH,"Jiangsu Hengrui Medicine Co.,Ltd.",876,Inclusion,Hang Seng China A Top 100 Index,unchanged,1,1,600276.SH,600276.SS,parse_ok,600276.SS,1,2020-06-09,0,,,,,,,,,
2020-09-07,Hang Seng China A Top 100 Index,Removal,600297,600297.SH,"China Grand Automotive Services Group Co., Ltd.",883,Removal,Hang Seng China A Top 100 Index,unchanged,1,1,600297.SH,600297.SS,parse_ok,600297.SS,0,2020-06-09,0,,,,,,,,,
2020-09-07,Hang Seng China A Industry Top Index,Inclusion,600346,600346.SH,"Hengli Petrochemical Co.,Ltd.",860,Inclusion,Hang Seng China A Industry Top Index,unchanged,1,1,600346.SH,600346.SS,parse_ok,600346.SS,1,2020-06-09,0,,,,,,,,,
2020-09-07,Hang Seng China A Top 100 Index,Removal,600362,600362.SH,Jiangxi Copper Company Limited,884,Removal,Hang Seng China A Top 100 Index,unchanged,1,1,600362.SH,600362.SS,parse_ok,600362.SS,0,2020-06-09,0,,,,,,,,,
2020-09-07,Hang Seng China A Industry Top Index,Inclusion,600585,600585.SH,Anhui Conch Cement Company Limited,861,Inclusion,Hang Seng China A Industry Top Index,unchanged,1,1,600585.SH,600585.SS,parse_ok,600585.SS,1,2020-06-09,0,,,,,,,,,
2020-09-07,Hang Seng China A Industry Top Index,Inclusion,600606,600606.SH,Greenland Holdings Corporation Limited,862,Inclusion,Hang Seng China A Industry Top Index,unchanged,1,1,600606.SH,600606.SS,parse_ok,600606.SS,1,2020-06-09,0,,,,,,,,,
2020-09-07,Hang Seng China A Industry Top Index,Removal,600688,600688.SH,Sinopec Shanghai Petrochemical Company Limited,869,Removal,Hang Seng China A Industry Top Index,unchanged,1,1,600688.SH,600688.SS,parse_ok,600688.SS,0,2020-06-09,0,,,,,,,,,
2020-09-07,Hang Seng China A Top 100 Index,Removal,600688,600688.SH,Sinopec Shanghai Petrochemical Company Limited,885,Removal,Hang Seng China A Top 100 Index,unchanged,1,1,600688.SH,600688.SS,parse_ok,600688.SS,0,2020-06-09,0,,,,,,,,,
2020-09-07,Hang Seng China A Top 100 Index,Removal,600795,600795.SH,"GD Power Development Co.,Ltd.",886,Removal,Hang Seng China A Top 100 Index,unchanged,1,1,600795.SH,600795.SS,parse_ok,600795.SS,0,2020-06-09,0,,,,,,,,,
2020-09-07,Hang Seng China 50 Index,Removal,600887,600887.SH,"Inner Mongolia Yili Industrial Group Co.,Ltd.",856,Removal,Hang Seng China 50 Index,unchanged,1,1,600887.SH,600887.SS,parse_ok,600887.SS,0,2020-06-09,0,,,,,,,,,
2020-09-07,Hang Seng China A Industry Top Index,Removal,601111,601111.SH,Air China Limited,870,Removal,Hang Seng China A Industry Top Index,unchanged,1,1,601111.SH,601111.SS,parse_ok,601111.SS,0,2020-06-09,0,,,,,,,,,
2020-09-07,Hang Seng China A Industry Top Index,Removal,601186,601186.SH,China Railway Construction Corporation Limited,871,Removal,Hang Seng China A Industry Top Index,unchanged,1,1,601186.SH,601186.SS,parse_ok,601186.SS,0,2020-06-09,0,,,,,,,,,
2020-09-07,Hang Seng (China A) Corporate Sustainability Index,Inclusion,601231,601231.SH,"Universal Scientific Industrial(Shanghai)Co., Ltd.",837,Inclusion,Hang Seng (China A) Corporate Sustainability Index,unchanged,1,1,601231.SH,601231.SS,parse_ok,601231.SS,1,2020-06-09,0,,,,,,,,,
2020-09-07,Hang Seng (China A) Corporate Sustainability Index,Removal,601601,601601.SH,"China Pacific Insurance (Group) Co., Ltd.",844,Removal,Hang Seng (China A) Corporate Sustainability Index,unchanged,1,1,601601.SH,601601.SS,parse_ok,601601.SS,0,2020-06-09,0,,,,,,,,,
2020-09-07,Hang Seng (China A) Corporate Sustainability Index,Removal,601607,601607.SH,"Shanghai Pharmaceuticals Holding Co.,Ltd",845,Removal,Hang Seng (China A) Corporate Sustainability Index,unchanged,1,1,601607.SH,601607.SS,parse_ok,601607.SS,0,2020-06-09,0,,,,,,,,,
2020-09-07,Hang Seng China A Industry Top Index,Removal,601607,601607.SH,"Shanghai Pharmaceuticals Holding Co.,Ltd",872,Removal,Hang Seng China A Industry Top Index,unchanged,1,1,601607.SH,601607.SS,parse_ok,601607.SS,0,2020-06-09,0,,,,,,,,,
2020-09-07,Hang Seng (China A) Corporate Sustainability Index,Removal,601618,601618.SH,Metallurgical Corporation of China Ltd.,846,Removal,Hang Seng (China A) Corporate Sustainability Index,unchanged,1,1,601618.SH,601618.SS,parse_ok,601618.SS,0,2020-06-09,0,,,,,,,,,
2020-09-07,Hang Seng China A Top 100 Index,Inclusion,601658,601658.SH,"Postal Savings Bank of China Co.,Ltd.",877,Inclusion,Hang Seng China A Top 100 Index,unchanged,1,1,601658.SH,601658.SS,parse_ok,601658.SS,1,2020-06-09,0,,,,,,,,,
2020-09-07,Hang Seng China A Industry Top Index,Inclusion,601698,601698.SH,"China Satellite Communications Co.,Ltd.",863,Inclusion,Hang Seng China A Industry Top Index,unchanged,1,1,601698.SH,601698.SS,parse_ok,601698.SS,1,2020-06-09,0,,,,,,,,,
2020-09-07,Hang Seng (China A) Corporate Sustainability Index,Inclusion,601727,601727.SH,Shanghai Electric Group Company Limited,838,Inclusion,Hang Seng (China A) Corporate Sustainability Index,unchanged,1,1,601727.SH,601727.SS,parse_ok,601727.SS,1,2020-06-09,0,,,,,,,,,
2020-09-07,Hang Seng China 50 Index,Inclusion,601816,601816.SH,"Beijing-Shanghai High Speed Railway Co.,Ltd.",850,Inclusion,Hang Seng China 50 Index,unchanged,1,1,601816.SH,601816.SS,parse_ok,601816.SS,1,2020-06-09,0,,,,,,,,,
2020-09-07,Hang Seng China A Industry Top Index,Inclusion,601816,601816.SH,"Beijing-Shanghai High Speed Railway Co.,Ltd.",864,Inclusion,Hang Seng China A Industry Top Index,unchanged,1,1,601816.SH,601816.SS,parse_ok,601816.SS,1,2020-06-09,0,,,,,,,,,
2020-09-07,Hang Seng China A Top 100 Index,Inclusion,601816,601816.SH,"Beijing-Shanghai High Speed Railway Co.,Ltd.",878,Inclusion,Hang Seng China A Top 100 Index,unchanged,1,1,601816.SH,601816.SS,parse_ok,601816.SS,1,2020-06-09,0,,,,,,,,,
2020-09-07,Hang Seng China A Industry Top Index,Removal,601898,601898.SH,China Coal Energy Company Limited,873,Removal,Hang Seng China A Industry Top Index,unchanged,1,1,601898.SH,601898.SS,parse_ok,601898.SS,0,2020-06-09,0,,,,,,,,,
2020-09-07,Hang Seng China A Top 100 Index,Removal,601898,601898.SH,China Coal Energy Company Limited,887,Removal,Hang Seng China A Top 100 Index,unchanged,1,1,601898.SH,601898.SS,parse_ok,601898.SS,0,2020-06-09,0,,,,,,,,,
2020-09-07,Hang Seng China A Top 100 Index,Inclusion,601916,601916.SH,"China Zheshang Bank Co.,Ltd.",879,Inclusion,Hang Seng China A Top 100 Index,unchanged,1,1,601916.SH,601916.SS,parse_ok,601916.SS,1,2020-06-09,0,,,,,,,,,
2020-09-07,Hang Seng (China A) Corporate Sustainability Index,Removal,601991,601991.SH,"Datang International Power Generation Co.,Ltd.",847,Removal,Hang Seng (China A) Corporate Sustainability Index,unchanged,1,1,601991.SH,601991.SS,parse_ok,601991.SS,0,2020-06-09,0,,,,,,,,,
2020-09-07,Hang Seng China Enterprises Index,Removal,6030,6030.HK,CITIC Securities Co. Ltd. - H Shares,893,Removal,Hang Seng China Enterprises Index,unchanged,1,1,6030.HK,6030.HK,parse_ok,6030.HK,0,2020-06-09,0,,,,,,,,,
2020-09-07,Hang Seng (China A) Corporate Sustainability Index,Inclusion,603019,603019.SH,"Dawning Information Industry Co.,Ltd",839,Inclusion,Hang Seng (China A) Corporate Sustainability Index,unchanged,1,1,603019.SH,603019.SS,parse_ok,603019.SS,1,2020-06-09,0,,,,,,,,,
2020-09-07,Hang Seng China A Industry Top Index,Inclusion,603259,603259.SH,"WuXi Apptec Co.,Ltd.",865,Inclusion,Hang Seng China A Industry Top Index,unchanged,1,1,603259.SH,603259.SS,parse_ok,603259.SS,1,2020-06-09,0,,,,,,,,,
2020-09-07,Hang Seng China A Top 100 Index,Inclusion,603288,603288.SH,Foshan Haitian Flavouring and Food Company Ltd.,880,Inclusion,Hang Seng China A Top 100 Index,unchanged,1,1,603288.SH,603288.SS,parse_ok,603288.SS,1,2020-06-09,0,,,,,,,,,
2020-09-07,Hang Seng Composite Index,Inclusion,6078,6078.HK,"Hygeia Healthcare Holdings Co., Ltd.",909,Inclusion,Hang Seng Composite Index,unchanged,1,1,6078.HK,6078.HK,parse_ok,6078.HK,1,2020-06-09,0,,,,,,,,,
2020-09-07,Hang Seng Composite Index,Inclusion,6099,6099.HK,"China Merchants Securities Co., Ltd. - H Shares",910,Inclusion,Hang Seng Composite Index,unchanged,1,1,6099.HK,6099.HK,parse_ok,6099.HK,1,2020-06-09,0,,,,,,,,,
2020-09-07,Hang Seng Composite Index,Inclusion,6160,6160.HK,"BeiGene, Ltd.",911,Inclusion,Hang Seng Composite Index,unchanged,1,1,6160.HK,6160.HK,parse_ok,6160.HK,1,2020-06-09,0,,,,,,,,,
2020-09-07,Hang Seng Composite Index,Inclusion,6185,6185.HK,CanSino Biologics Inc. - B - H Shares,912,Inclusion,Hang Seng Composite Index,unchanged,1,1,6185.HK,6185.HK,parse_ok,6185.HK,1,2020-06-09,0,,,,,,,,,
2020-09-07,Hang Seng Composite Index,Inclusion,6855,6855.HK,Ascentage Pharma Group International - B,913,Inclusion,Hang Seng Composite Index,unchanged,1,1,6855.HK,6855.HK,parse_ok,6855.HK,1,2020-06-09,0,,,,,,,,,
2020-09-07,Hang Seng Composite Index,Inclusion,6889,6889.HK,"Dynam Japan Holdings Co., Ltd. - F",914,Inclusion,Hang Seng Composite Index,unchanged,1,1,6889.HK,6889.HK,parse_ok,6889.HK,1,2020-06-09,0,,,,,,,,,
2020-09-07,Hang Seng Composite Index,Inclusion,9909,9909.HK,Powerlong Commercial Management Holdings Ltd.,915,Inclusion,Hang Seng Composite Index,unchanged,1,1,9909.HK,9909.HK,parse_ok,9909.HK,1,2020-06-09,0,,,,,,,,,
2020-09-07,Hang Seng Composite Index,Inclusion,9922,9922.HK,Jiumaojiu International Holdings Ltd.,916,Inclusion,Hang Seng Composite Index,unchanged,1,1,9922.HK,9922.HK,parse_ok,9922.HK,1,2020-06-09,0,,,,,,,,,
2020-09-07,Hang Seng Stock Connect Greater Bay Area Composite Index,Inclusion,9922,9922.HK,Jiumaojiu International Holdings Ltd.,982,Inclusion,Hang Seng Stock Connect Greater Bay Area Composite Index,unchanged,1,1,9922.HK,9922.HK,parse_ok,9922.HK,1,2020-06-09,0,,,,,,,,,
2020-09-07,Hang Seng Composite Index,Inclusion,9923,9923.HK,Yeahka Ltd.,917,Inclusion,Hang Seng Composite Index,unchanged,1,1,9923.HK,9923.HK,parse_ok,9923.HK,1,2020-06-09,0,,,,,,,,,
2020-09-07,Hang Seng Composite Index,Inclusion,9926,9926.HK,"Akeso, Inc. - B",918,Inclusion,Hang Seng Composite Index,unchanged,1,1,9926.HK,9926.HK,parse_ok,9926.HK,1,2020-06-09,0,,,,,,,,,
2020-09-07,Hang Seng Stock Connect Greater Bay Area Composite Index,Inclusion,9926,9926.HK,"Akeso, Inc. - B",983,Inclusion,Hang Seng Stock Connect Greater Bay Area Composite Index,unchanged,1,1,9926.HK,9926.HK,parse_ok,9926.HK,1,2020-06-09,0,,,,,,,,,
2020-09-07,Hang Seng Composite Index,Inclusion,9928,9928.HK,Times Neighborhood Holdings Ltd.,919,Inclusion,Hang Seng Composite Index,unchanged,1,1,9928.HK,9928.HK,parse_ok,9928.HK,1,2020-06-09,0,,,,,,,,,
2020-09-07,Hang Seng Composite Index,Inclusion,9966,9966.HK,Alphamab Oncology - B,920,Inclusion,Hang Seng Composite Index,unchanged,1,1,9966.HK,9966.HK,parse_ok,9966.HK,1,2020-06-09,0,,,,,,,,,
2020-09-07,Hang Seng Composite Index,Inclusion,9968,9968.HK,Huijing Holdings Co. Ltd.,921,Inclusion,Hang Seng Composite Index,unchanged,1,1,9968.HK,9968.HK,parse_ok,9968.HK,1,2020-06-09,0,,,,,,,,,
2020-09-07,Hang Seng Composite Index,Inclusion,9969,9969.HK,InnoCare Pharma Ltd. - B,922,Inclusion,Hang Seng Composite Index,unchanged,1,1,9969.HK,9969.HK,parse_ok,9969.HK,1,2020-06-09,0,,,,,,,,,
2020-09-07,Hang Seng Composite Index,Inclusion,9983,9983.HK,Central China New Life Ltd.,923,Inclusion,Hang Seng Composite Index,unchanged,1,1,9983.HK,9983.HK,parse_ok,9983.HK,1,2020-06-09,0,,,,,,,,,
2020-09-07,Hang Seng China 50 Index,Inclusion,9988,9988.HK,Alibaba Group Holding Ltd. - SW,851,Inclusion,Hang Seng China 50 Index,unchanged,1,1,9988.HK,9988.HK,parse_ok,9988.HK,1,2020-06-09,0,,,,,,,,,
2020-09-07,Hang Seng China Enterprises Index,Inclusion,9988,9988.HK,Alibaba Group Holding Ltd. - SW,890,Inclusion,Hang Seng China Enterprises Index,unchanged,1,1,9988.HK,9988.HK,parse_ok,9988.HK,1,2020-06-09,0,,,,,,,,,
2020-09-07,Hang Seng Index,Inclusion,9988,9988.HK,Alibaba Group Holding Ltd. - SW,971,Inclusion,Hang Seng Index,unchanged,1,1,9988.HK,9988.HK,parse_ok,9988.HK,1,2020-06-09,0,,,,,,,,,
2020-09-07,Hang Seng Composite Index,Inclusion,9996,9996.HK,Peijia Medical Ltd. - B,924,Inclusion,Hang Seng Composite Index,unchanged,1,1,9996.HK,9996.HK,parse_ok,9996.HK,1,2020-06-09,0,,,,,,,,,
2020-09-07,Hang Seng Composite Index,Inclusion,9997,9997.HK,Kangji Medical Holdings Ltd.,925,Inclusion,Hang Seng Composite Index,unchanged,1,1,9997.HK,9997.HK,parse_ok,9997.HK,1,2020-06-09,0,,,,,,,,,
2020-12-07,Hang Seng Index,Removal,19,0019.HK,Swire Pacific Ltd. 'A',1021,Removal,Hang Seng Index,unchanged,1,1,0019.HK,0019.HK,parse_ok,0019.HK,0,2020-09-08,0,,,,,,,,,
2020-12-07,Hang Seng TECH Index,Removal,136,0136.HK,HengTen Networks Group Ltd.,1024,Removal,Hang Seng TECH Index,unchanged,1,1,0136.HK,0136.HK,parse_ok,0136.HK,0,2020-09-08,0,,,,,,,,,
2020-12-07,Hang Seng China Enterprises Index,Removal,151,0151.HK,Want Want China Holdings Ltd.,1002,Removal,Hang Seng China Enterprises Index,unchanged,1,1,0151.HK,0151.HK,parse_ok,0151.HK,0,2020-09-08,0,,,,,,,,,
2020-12-07,Hang Seng China Enterprises Index,Inclusion,241,0241.HK,Alibaba Health Information Technology Ltd.,993,Inclusion,Hang Seng China Enterprises Index,unchanged,1,1,0241.HK,0241.HK,parse_ok,0241.HK,1,2020-09-08,0,,,,,,,,,
2020-12-07,Hang Seng China Enterprises Index,Removal,656,0656.HK,Fosun International Ltd.,1003,Removal,Hang Seng China Enterprises Index,unchanged,1,1,0656.HK,0656.HK,parse_ok,0656.HK,0,2020-09-08,0,,,,,,,,,
2020-12-07,Hang Seng China Enterprises Index,Inclusion,688,0688.HK,China Overseas Land & Investment Ltd.,994,Inclusion,Hang Seng China Enterprises Index,unchanged,1,1,0688.HK,0688.HK,parse_ok,0688.HK,1,2020-09-08,0,,,,,,,,,
2020-12-07,Hang Seng China Enterprises Index,Removal,728,0728.HK,China Telecom Corporation Ltd. - H Shares,1004,Removal,Hang Seng China Enterprises Index,unchanged,1,1,0728.HK,0728.HK,parse_ok,0728.HK,0,2020-09-08,0,,,,,,,,,
2020-12-07,Hang Seng TECH Index,Removal,777,0777.HK,NetDragon Websoft Holdings Ltd.,1025,Removal,Hang Seng TECH Index,unchanged,1,1,0777.HK,0777.HK,parse_ok,0777.HK,0,2020-09-08,0,,,,,,,,,
2020-12-07,Hang Seng Composite LargeCap & MidCap Index,Inclusion,909,0909.HK,Ming Yuan Cloud Group Holdings Ltd. MidCap Information Technology,1011,Inclusion,Hang Seng Composite LargeCap & MidCap Index,unchanged,1,1,0909.HK,0909.HK,parse_ok,0909.HK,1,2020-09-08,0,,,,,,,,,
2020-12-07,Hang Seng TECH Index,Inclusion,909,0909.HK,Ming Yuan Cloud Group Holdings Ltd.,1022,Inclusion,Hang Seng TECH Index,unchanged,1,1,0909.HK,0909.HK,parse_ok,0909.HK,1,2020-09-08,0,,,,,,,,,
2020-12-07,Hang Seng China Enterprises Index,Removal,966,0966.HK,China Taiping Insurance Holdings Co. Ltd.,1005,Removal,Hang Seng China Enterprises Index,unchanged,1,1,0966.HK,0966.HK,parse_ok,0966.HK,0,2020-09-08,0,,,,,,,,,
2020-12-07,Hang Seng China Enterprises Index,Inclusion,981,0981.HK,Semiconductor Manufacturing International Corporation,995,Inclusion,Hang Seng China Enterprises Index,unchanged,1,1,0981.HK,0981.HK,parse_ok,0981.HK,1,2020-09-08,0,,,,,,,,,
2020-12-07,Hang Seng China Enterprises Index,Removal,998,0998.HK,China CITIC Bank Corporation Ltd. - H Shares,1006,Removal,Hang Seng China Enterprises Index,unchanged,1,1,0998.HK,0998.HK,parse_ok,0998.HK,0,2020-09-08,0,,,,,,,,,
2020-12-07,Hang Seng China Enterprises Index,Removal,1088,1088.HK,China Shenhua Energy Co. Ltd. - H Shares,1007,Removal,Hang Seng China Enterprises Index,unchanged,1,1,1088.HK,1088.HK,parse_ok,1088.HK,0,2020-09-08,0,,,,,,,,,
2020-12-07,Hang Seng Composite LargeCap & MidCap Index,Inclusion,1179,1179.HK,Huazhu Group Ltd. - S MidCap Consumer Discretionary,1012,Inclusion,Hang Seng Composite LargeCap & MidCap Index,unchanged,1,1,1179.HK,1179.HK,parse_ok,1179.HK,1,2020-09-08,0,,,,,,,,,
2020-12-07,Hang Seng Index,Inclusion,1876,1876.HK,Budweiser Brewing Co. APAC Ltd.,1018,Inclusion,Hang Seng Index,unchanged,1,1,1876.HK,1876.HK,parse_ok,1876.HK,1,2020-09-08,0,,,,,,,,,
2020-12-07,Hang Seng China Enterprises Index,Removal,1988,1988.HK,"China Minsheng Banking Corp., Ltd. - H Shares",1008,Removal,Hang Seng China Enterprises Index,unchanged,1,1,1988.HK,1988.HK,parse_ok,1988.HK,0,2020-09-08,0,,,,,,,,,
2020-12-07,Hang Seng Index,Inclusion,2020,2020.HK,ANTA Sports Products Ltd.,1019,Inclusion,Hang Seng Index,unchanged,1,1,2020.HK,2020.HK,parse_ok,2020.HK,1,2020-09-08,0,,,,,,,,,
2020-12-07,Hang Seng Composite LargeCap & MidCap Index,Inclusion,2057,2057.HK,ZTO Express (Cayman) Inc. - SW LargeCap Industrials,1013,Inclusion,Hang Seng Composite LargeCap & MidCap Index,unchanged,1,1,2057.HK,2057.HK,parse_ok,2057.HK,1,2020-09-08,0,,,,,,,,,
2020-12-07,Hang Seng China Enterprises Index,Removal,2202,2202.HK,"China Vanke Co., Ltd. - H Shares",1009,Removal,Hang Seng China Enterprises Index,unchanged,1,1,2202.HK,2202.HK,parse_ok,2202.HK,0,2020-09-08,0,,,,,,,,,
2020-12-07,Hang Seng China Enterprises Index,Removal,2328,2328.HK,PICC Property and Casualty Co. Ltd. - H Shares,1010,Removal,Hang Seng China Enterprises Index,unchanged,1,1,2328.HK,2328.HK,parse_ok,2328.HK,0,2020-09-08,0,,,,,,,,,
2020-12-07,Hang Seng China Enterprises Index,Inclusion,3333,3333.HK,China Evergrande Group,996,Inclusion,Hang Seng China Enterprises Index,unchanged,1,1,3333.HK,3333.HK,parse_ok,3333.HK,1,2020-09-08,0,,,,,,,,,
2020-12-07,Hang Seng Index,Inclusion,3690,3690.HK,Meituan - W,1020,Inclusion,Hang Seng Index,unchanged,1,1,3690.HK,3690.HK,parse_ok,3690.HK,1,2020-09-08,0,,,,,,,,,
2020-12-07,Hang Seng China Enterprises Index,Inclusion,3692,3692.HK,Hansoh Pharmaceutical Group Co. Ltd.,997,Inclusion,Hang Seng China Enterprises Index,unchanged,1,1,3692.HK,3692.HK,parse_ok,3692.HK,1,2020-09-08,0,,,,,,,,,
2020-12-07,Hang Seng China Enterprises Index,Inclusion,6186,6186.HK,China Feihe Ltd.,998,Inclusion,Hang Seng China Enterprises Index,unchanged,1,1,6186.HK,6186.HK,parse_ok,6186.HK,1,2020-09-08,0,,,,,,,,,
2020-12-07,Hang Seng China Enterprises Index,Inclusion,6862,6862.HK,Haidilao International Holding Ltd.,999,Inclusion,Hang Seng China Enterprises Index,unchanged,1,1,6862.HK,6862.HK,parse_ok,6862.HK,1,2020-09-08,0,,,,,,,,,
2020-12-07,Hang Seng China Enterprises Index,Inclusion,9618,9618.HK,"JD.com, Inc. - SW",1000,Inclusion,Hang Seng China Enterprises Index,unchanged,1,1,9618.HK,9618.HK,parse_ok,9618.HK,1,2020-09-08,0,,,,,,,,,
2020-12-07,Hang Seng Composite LargeCap & MidCap Index,Inclusion,9668,9668.HK,"China Bohai Bank Co., Ltd. - H Shares MidCap Financial",1014,Inclusion,Hang Seng Composite LargeCap & MidCap Index,unchanged,1,1,9668.HK,9668.HK,parse_ok,9668.HK,1,2020-09-08,0,,,,,,,,,
2020-12-07,Hang Seng Composite LargeCap & MidCap Index,Inclusion,9688,9688.HK,Zai Lab Ltd. - SB MidCap Healthcare,1015,Inclusion,Hang Seng Composite LargeCap & MidCap Index,unchanged,1,1,9688.HK,9688.HK,parse_ok,9688.HK,1,2020-09-08,0,,,,,,,,,
2020-12-07,Hang Seng Composite LargeCap & MidCap Index,Inclusion,9987,9987.HK,"Yum China Holdings, Inc. - S MidCap Consumer Discretionary",1016,Inclusion,Hang Seng Composite LargeCap & MidCap Index,unchanged,1,1,9987.HK,9987.HK,parse_ok,9987.HK,1,2020-09-08,0,,,,,,,,,
2020-12-07,Hang Seng Composite LargeCap & MidCap Index,Inclusion,9990,9990.HK,Archosaur Games Inc. MidCap Information Technology,1017,Inclusion,Hang Seng Composite LargeCap & MidCap Index,unchanged,1,1,9990.HK,9990.HK,parse_ok,9990.HK,1,2020-09-08,0,,,,,,,,,
2020-12-07,Hang Seng TECH Index,Inclusion,9990,9990.HK,Archosaur Games Inc.,1023,Inclusion,Hang Seng TECH Index,unchanged,1,1,9990.HK,9990.HK,parse_ok,9990.HK,1,2020-09-08,0,,,,,,,,,
2020-12-07,Hang Seng China Enterprises Index,Inclusion,9999,9999.HK,"NetEase, Inc. - S",1001,Inclusion,Hang Seng China Enterprises Index,unchanged,1,1,9999.HK,9999.HK,parse_ok,9999.HK,1,2020-09-08,0,,,,,,,,,
2021-03-15,Hang Seng Stock Connect Greater Bay Area Composite Index,Removal,2047,002047.SZ,"Shenzhen Bauing Construction Group Co.,Ltd.",1127,Removal,Hang Seng Stock Connect Greater Bay Area Composite Index,unchanged,1,1,002047.SZ,002047.SZ,parse_ok,002047.SZ,0,2020-12-15,0,,,,,,,,,
2021-03-15,Hang Seng Stock Connect Greater Bay Area Composite Index,Removal,2303,002303.SZ,"Mys Group Co., Ltd.",1128,Removal,Hang Seng Stock Connect Greater Bay Area Composite Index,unchanged,1,1,002303.SZ,002303.SZ,parse_ok,002303.SZ,0,2020-12-15,0,,,,,,,,,
2021-03-15,Hang Seng Stock Connect Greater Bay Area Composite Index,Inclusion,2351,002351.SZ,"Edifier Technology Co.,Ltd.",1116,Inclusion,Hang Seng Stock Connect Greater Bay Area Composite Index,unchanged,1,1,002351.SZ,002351.SZ,parse_ok,002351.SZ,1,2020-12-15,0,,,,,,,,,
2021-03-15,Hang Seng China 50 Index,Inclusion,2475,002475.SZ,"Luxshare Precision Industry Co., Ltd.",1026,Inclusion,Hang Seng China 50 Index,unchanged,1,1,002475.SZ,002475.SZ,parse_ok,002475.SZ,1,2020-12-15,0,,,,,,,,,
2021-03-15,Hang Seng Stock Connect Greater Bay Area Composite Index,Removal,2611,002611.SZ,"Guangdong Dongfang Precision Science &
Technology Co.,Ltd.",1129,Removal,Hang Seng Stock Connect Greater Bay Area Composite Index,unchanged,1,1,002611.SZ,002611.SZ,parse_ok,002611.SZ,0,2020-12-15,0,,,,,,,,,
2021-03-15,Hang Seng Stock Connect Greater Bay Area Composite Index,Removal,2717,002717.SZ,"Lingnan Eco&Culture-Tourism Co., Ltd.",1130,Removal,Hang Seng Stock Connect Greater Bay Area Composite Index,unchanged,1,1,002717.SZ,002717.SZ,parse_ok,002717.SZ,0,2020-12-15,0,,,,,,,,,
2021-03-15,Hang Seng Stock Connect Greater Bay Area Composite Index,Inclusion,2850,002850.SZ,"Shenzhen Kedali Industry Co.,Ltd",1117,Inclusion,Hang Seng Stock Connect Greater Bay Area Composite Index,unchanged,1,1,002850.SZ,002850.SZ,parse_ok,002850.SZ,1,2020-12-15,0,,,,,,,,,
2021-03-15,Hang Seng Stock Connect Greater Bay Area Composite Index,Inclusion,2967,002967.SZ,"Guangzhou Grg Metrology & Test Co.,Ltd.",1118,Inclusion,Hang Seng Stock Connect Greater Bay Area Composite Index,unchanged,1,1,002967.SZ,002967.SZ,parse_ok,002967.SZ,1,2020-12-15,0,,,,,,,,,
2021-03-15,Hang Seng Composite Index,Removal,35,0035.HK,Far East Consortium International Ltd.,1084,Removal,Hang Seng Composite Index,unchanged,1,1,0035.HK,0035.HK,parse_ok,0035.HK,0,2020-12-15,0,,,,,,,,,
2021-03-15,Hang Seng Composite Index,Removal,41,0041.HK,Great Eagle Holdings Ltd.,1085,Removal,Hang Seng Composite Index,unchanged,1,1,0041.HK,0041.HK,parse_ok,0041.HK,0,2020-12-15,0,,,,,,,,,
2021-03-15,Hang Seng Stock Connect Greater Bay Area Composite Index,Removal,41,0041.HK,Great Eagle Holdings Ltd.,1131,Removal,Hang Seng Stock Connect Greater Bay Area Composite Index,unchanged,1,1,0041.HK,0041.HK,parse_ok,0041.HK,0,2020-12-15,0,,,,,,,,,
2021-03-15,Hang Seng Stock Connect Greater Bay Area Composite Index,Removal,59,0059.HK,Skyfame Realty (Holdings) Ltd.,1132,Removal,Hang Seng Stock Connect Greater Bay Area Composite Index,unchanged,1,1,0059.HK,0059.HK,parse_ok,0059.HK,0,2020-12-15,0,,,,,,,,,
2021-03-15,Hang Seng Composite Index,Removal,120,0120.HK,Cosmopolitan International Holdings Ltd.,1086,Removal,Hang Seng Composite Index,unchanged,1,1,0120.HK,0120.HK,parse_ok,0120.HK,0,2020-12-15,0,,,,,,,,,
2021-03-15,Hang Seng Composite Index,Removal,178,0178.HK,Sa Sa International Holdings Ltd.,1087,Removal,Hang Seng Composite Index,unchanged,1,1,0178.HK,0178.HK,parse_ok,0178.HK,0,2020-12-15,0,,,,,,,,,
2021-03-15,Hang Seng Index,Inclusion,241,0241.HK,Alibaba Health Information Technology Ltd.,1113,Inclusion,Hang Seng Index,unchanged,1,1,0241.HK,0241.HK,parse_ok,0241.HK,1,2020-12-15,0,,,,,,,,,
2021-03-15,Hang Seng China 50 Index,Removal,267,0267.HK,CITIC Ltd.,1034,Removal,Hang Seng China 50 Index,unchanged,1,1,0267.HK,0267.HK,parse_ok,0267.HK,0,2020-12-15,0,,,,,,,,,
2021-03-15,Hang Seng Composite Index,Removal,323,0323.HK,Maanshan Iron & Steel Co. Ltd. - H Shares,1088,Removal,Hang Seng Composite Index,unchanged,1,1,0323.HK,0323.HK,parse_ok,0323.HK,0,2020-12-15,0,,,,,,,,,
2021-03-15,Hang Seng Composite Index,Removal,327,0327.HK,PAX Global Technology Ltd.,1089,Removal,Hang Seng Composite Index,unchanged,1,1,0327.HK,0327.HK,parse_ok,0327.HK,0,2020-12-15,0,,,,,,,,,
2021-03-15,Hang Seng Composite Index,Removal,347,0347.HK,Angang Steel Co. Ltd. - H Shares,1090,Removal,Hang Seng Composite Index,unchanged,1,1,0347.HK,0347.HK,parse_ok,0347.HK,0,2020-12-15,0,,,,,,,,,
2021-03-15,Hang Seng Stock Connect Greater Bay Area Composite Index,Removal,440,0440.HK,Dah Sing Financial Holdings Ltd.,1133,Removal,Hang Seng Stock Connect Greater Bay Area Composite Index,unchanged,1,1,0440.HK,0440.HK,parse_ok,0440.HK,0,2020-12-15,0,,,,,,,,,
2021-03-15,Hang Seng Composite Index,Removal,467,0467.HK,United Energy Group Ltd.,1091,Removal,Hang Seng Composite Index,unchanged,1,1,0467.HK,0467.HK,parse_ok,0467.HK,0,2020-12-15,0,,,,,,,,,
2021-03-15,Hang Seng Composite Index,Removal,468,0468.HK,Greatview Aseptic Packaging Co. Ltd.,1092,Removal,Hang Seng Composite Index,unchanged,1,1,0468.HK,0468.HK,parse_ok,0468.HK,0,2020-12-15,0,,,,,,,,,
2021-03-15,Hang Seng Composite Index,Removal,496,0496.HK,Kasen International Holdings Ltd.,1093,Removal,Hang Seng Composite Index,unchanged,1,1,0496.HK,0496.HK,parse_ok,0496.HK,0,2020-12-15,0,,,,,,,,,
2021-03-15,Hang Seng Composite Index,Removal,563,0563.HK,Shanghai Industrial Urban Development Group Ltd.,1094,Removal,Hang Seng Composite Index,unchanged,1,1,0563.HK,0563.HK,parse_ok,0563.HK,0,2020-12-15,0,,,,,,,,,
2021-03-15,Hang Seng China Enterprises Index,Removal,586,0586.HK,China Conch Venture Holdings Ltd.,1044,Removal,Hang Seng China Enterprises Index,unchanged,1,1,0586.HK,0586.HK,parse_ok,0586.HK,0,2020-12-15,0,,,,,,,,,
2021-03-15,Hang Seng Composite Index,Removal,598,0598.HK,Sinotrans Ltd. - H Shares,1095,Removal,Hang Seng Composite Index,unchanged,1,1,0598.HK,0598.HK,parse_ok,0598.HK,0,2020-12-15,0,,,,,,,,,
2021-03-15,Hang Seng Composite Index,Removal,686,0686.HK,"Beijing Energy International Holding Co., Ltd.",1096,Removal,Hang Seng Composite Index,unchanged,1,1,0686.HK,0686.HK,parse_ok,0686.HK,0,2020-12-15,0,,,,,,,,,
2021-03-15,Hang Seng Composite Index,Removal,698,0698.HK,Tongda Group Holdings Ltd.,1097,Removal,Hang Seng Composite Index,unchanged,1,1,0698.HK,0698.HK,parse_ok,0698.HK,0,2020-12-15,0,,,,,,,,,
2021-03-15,Hang Seng China 50 Index,Removal,728,0728.HK,China Telecom Corporation Ltd. - H Shares,1035,Removal,Hang Seng China 50 Index,unchanged,1,1,0728.HK,0728.HK,parse_ok,0728.HK,0,2020-12-15,0,,,,,,,,,
2021-03-15,Hang Seng Composite Index,Inclusion,775,0775.HK,"CK Life Sciences Int'l., (Holdings) Inc.",1048,Inclusion,Hang Seng Composite Index,unchanged,1,1,0775.HK,0775.HK,parse_ok,0775.HK,1,2020-12-15,0,,,,,,,,,
2021-03-15,Hang Seng Stock Connect Greater Bay Area Composite Index,Removal,806,0806.HK,Value Partners Group Ltd.,1134,Removal,Hang Seng Stock Connect Greater Bay Area Composite Index,unchanged,1,1,0806.HK,0806.HK,parse_ok,0806.HK,0,2020-12-15,0,,,,,,,,,
2021-03-15,Hang Seng Composite Index,Removal,808,0808.HK,Prosperity Real Estate Investment Trust,1098,Removal,Hang Seng Composite Index,unchanged,1,1,0808.HK,0808.HK,parse_ok,0808.HK,0,2020-12-15,0,,,,,,,,,
2021-03-15,Hang Seng China Enterprises Index,Removal,857,0857.HK,PetroChina Co. Ltd. - H Shares,1045,Removal,Hang Seng China Enterprises Index,unchanged,1,1,0857.HK,0857.HK,parse_ok,0857.HK,0,2020-12-15,0,,,,,,,,,
2021-03-15,Hang Seng Composite Index,Inclusion,873,0873.HK,Shimao Services Holdings Ltd.,1049,Inclusion,Hang Seng Composite Index,unchanged,1,1,0873.HK,0873.HK,parse_ok,0873.HK,1,2020-12-15,0,,,,,,,,,
2021-03-15,Hang Seng Stock Connect Greater Bay Area Composite Index,Inclusion,909,0909.HK,Ming Yuan Cloud Group Holdings Ltd.,1119,Inclusion,Hang Seng Stock Connect Greater Bay Area Composite Index,unchanged,1,1,0909.HK,0909.HK,parse_ok,0909.HK,1,2020-12-15,0,,,,,,,,,
2021-03-15,Hang Seng Index,Inclusion,960,0960.HK,Longfor Group Holdings Ltd.,1114,Inclusion,Hang Seng Index,unchanged,1,1,0960.HK,0960.HK,parse_ok,0960.HK,1,2020-12-15,0,,,,,,,,,
2021-03-15,Hang Seng Composite Index,Removal,973,0973.HK,L'Occitane International S.A.,1099,Removal,Hang Seng Composite Index,unchanged,1,1,0973.HK,0973.HK,parse_ok,0973.HK,0,2020-12-15,0,,,,,,,,,
2021-03-15,Hang Seng China Enterprises Index,Removal,1044,1044.HK,Hengan International Group Co. Ltd.,1046,Removal,Hang Seng China Enterprises Index,unchanged,1,1,1044.HK,1044.HK,parse_ok,1044.HK,0,2020-12-15,0,,,,,,,,,
2021-03-15,Hang Seng Composite Index,Removal,1071,1071.HK,Huadian Power International Corporation Ltd. - H Shares,1100,Removal,Hang Seng Composite Index,unchanged,1,1,1071.HK,1071.HK,parse_ok,1071.HK,0,2020-12-15,0,,,,,,,,,
2021-03-15,Hang Seng China 50 Index,Removal,1109,1109.HK,China Resources Land Ltd.,1036,Removal,Hang Seng China 50 Index,unchanged,1,1,1109.HK,1109.HK,parse_ok,1109.HK,0,2020-12-15,0,,,,,,,,,
2021-03-15,Hang Seng Composite Index,Inclusion,1167,1167.HK,"Jacobio Pharmaceuticals Group Co., Ltd. - B",1050,Inclusion,Hang Seng Composite Index,unchanged,1,1,1167.HK,1167.HK,parse_ok,1167.HK,1,2020-12-15,0,,,,,,,,,
2021-03-15,Hang Seng China Enterprises Index,Removal,1193,1193.HK,China Resources Gas Group Ltd.,1047,Removal,Hang Seng China Enterprises Index,unchanged,1,1,1193.HK,1193.HK,parse_ok,1193.HK,0,2020-12-15,0,,,,,,,,,
2021-03-15,Hang Seng Composite Index,Inclusion,1209,1209.HK,China Resources Mixc Lifestyle Services Ltd.,1051,Inclusion,Hang Seng Composite Index,unchanged,1,1,1209.HK,1209.HK,parse_ok,1209.HK,1,2020-12-15,0,,,,,,,,,
2021-03-15,Hang Seng Stock Connect Greater Bay Area Composite Index,Inclusion,1209,1209.HK,China Resources Mixc Lifestyle Services Ltd.,1120,Inclusion,Hang Seng Stock Connect Greater Bay Area Composite Index,unchanged,1,1,1209.HK,1209.HK,parse_ok,1209.HK,1,2020-12-15,0,,,,,,,,,
2021-03-15,Hang Seng Composite Index,Removal,1269,1269.HK,China First Capital Group Ltd.,1101,Removal,Hang Seng Composite Index,unchanged,1,1,1269.HK,1269.HK,parse_ok,1269.HK,0,2020-12-15,0,,,,,,,,,
2021-03-15,Hang Seng Composite Index,Removal,1293,1293.HK,Grand Baoxin Auto Group Ltd.,1102,Removal,Hang Seng Composite Index,unchanged,1,1,1293.HK,1293.HK,parse_ok,1293.HK,0,2020-12-15,0,,,,,,,,,
2021-03-15,Hang Seng Stock Connect Greater Bay Area Composite Index,Removal,1383,1383.HK,Suncity Group Holdings Ltd.,1135,Removal,Hang Seng Stock Connect Greater Bay Area Composite Index,unchanged,1,1,1383.HK,1383.HK,parse_ok,1383.HK,0,2020-12-15,0,,,,,,,,,
2021-03-15,Hang Seng Composite Index,Inclusion,1477,1477.HK,Ocumension Therapeutics - B,1052,Inclusion,Hang Seng Composite Index,unchanged,1,1,1477.HK,1477.HK,parse_ok,1477.HK,1,2020-12-15,0,,,,,,,,,
2021-03-15,Hang Seng TECH Index,Removal,1478,1478.HK,Q Technology (Group) Co. Ltd.,1139,Removal,Hang Seng TECH Index,unchanged,1,1,1478.HK,1478.HK,parse_ok,1478.HK,0,2020-12-15,0,,,,,,,,,
2021-03-15,Hang Seng Composite Index,Inclusion,1516,1516.HK,Sunac Services Holdings Ltd.,1053,Inclusion,Hang Seng Composite Index,unchanged,1,1,1516.HK,1516.HK,parse_ok,1516.HK,1,2020-12-15,0,,,,,,,,,
2021-03-15,Hang Seng Composite Index,Removal,1528,1528.HK,Red Star Macalline Group Corporation Ltd. - H Shares,1103,Removal,Hang Seng Composite Index,unchanged,1,1,1528.HK,1528.HK,parse_ok,1528.HK,0,2020-12-15,0,,,,,,,,,
2021-03-15,Hang Seng Composite Index,Removal,1618,1618.HK,Metallurgical Corporation of China Ltd. - H Shares,1104,Removal,Hang Seng Composite Index,unchanged,1,1,1618.HK,1618.HK,parse_ok,1618.HK,0,2020-12-15,0,,,,,,,,,
2021-03-15,Hang Seng Composite Index,Removal,1666,1666.HK,Tong Ren Tang Technologies Co. Ltd. - H Shares,1105,Removal,Hang Seng Composite Index,unchanged,1,1,1666.HK,1666.HK,parse_ok,1666.HK,0,2020-12-15,0,,,,,,,,,
2021-03-15,Hang Seng Stock Connect Greater Bay Area Composite Index,Removal,1668,1668.HK,China South City Holdings Ltd.,1136,Removal,Hang Seng Stock Connect Greater Bay Area Composite Index,unchanged,1,1,1668.HK,1668.HK,parse_ok,1668.HK,0,2020-12-15,0,,,,,,,,,
2021-03-15,Hang Seng Composite Index,Removal,1728,1728.HK,China ZhengTong Auto Services Holdings Ltd.,1106,Removal,Hang Seng Composite Index,unchanged,1,1,1728.HK,1728.HK,parse_ok,1728.HK,0,2020-12-15,0,,,,,,,,,
2021-03-15,Hang Seng Composite Index,Inclusion,1755,1755.HK,"S-Enjoy Service Group Co., Ltd.",1054,Inclusion,Hang Seng Composite Index,unchanged,1,1,1755.HK,1755.HK,parse_ok,1755.HK,1,2020-12-15,0,,,,,,,,,
2021-03-15,Hang Seng China 50 Index,Removal,1766,1766.HK,CRRC Corporation Ltd.,1037,Removal,Hang Seng China 50 Index,unchanged,1,1,1766.HK,1766.HK,parse_ok,1766.HK,0,2020-12-15,0,,,,,,,,,
2021-03-15,Hang Seng Composite Index,Inclusion,1769,1769.HK,Scholar Education Group,1055,Inclusion,Hang Seng Composite Index,unchanged,1,1,1769.HK,1769.HK,parse_ok,1769.HK,1,2020-12-15,0,,,,,,,,,
2021-03-15,Hang Seng Composite Index,Inclusion,1772,1772.HK,"Ganfeng Lithium Co., Ltd. - H Shares",1056,Inclusion,Hang Seng Composite Index,unchanged,1,1,1772.HK,1772.HK,parse_ok,1772.HK,1,2020-12-15,0,,,,,,,,,
2021-03-15,Hang Seng China 50 Index,Inclusion,1810,1810.HK,Xiaomi Corporation - W,1027,Inclusion,Hang Seng China 50 Index,unchanged,1,1,1810.HK,1810.HK,parse_ok,1810.HK,1,2020-12-15,0,,,,,,,,,
2021-03-15,Hang Seng Composite Index,Inclusion,1821,1821.HK,ESR Cayman Ltd.,1057,Inclusion,Hang Seng Composite Index,unchanged,1,1,1821.HK,1821.HK,parse_ok,1821.HK,1,2020-12-15,0,,,,,,,,,
2021-03-15,Hang Seng Composite Index,Inclusion,1877,1877.HK,"Shanghai Junshi Biosciences Co., Ltd. - H Shares",1058,Inclusion,Hang Seng Composite Index,unchanged,1,1,1877.HK,1877.HK,parse_ok,1877.HK,1,2020-12-15,0,,,,,,,,,
2021-03-15,Hang Seng Composite Index,Removal,1881,1881.HK,Regal Real Estate Investment Trust,1107,Removal,Hang Seng Composite Index,unchanged,1,1,1881.HK,1881.HK,parse_ok,1881.HK,0,2020-12-15,0,,,,,,,,,
2021-03-15,Hang Seng TECH Index,Removal,1896,1896.HK,Maoyan Entertainment,1140,Removal,Hang Seng TECH Index,unchanged,1,1,1896.HK,1896.HK,parse_ok,1896.HK,0,2020-12-15,0,,,,,,,,,
2021-03-15,Hang Seng Composite Index,Inclusion,1952,1952.HK,Everest Medicines Ltd. - B,1059,Inclusion,Hang Seng Composite Index,unchanged,1,1,1952.HK,1952.HK,parse_ok,1952.HK,1,2020-12-15,0,,,,,,,,,
2021-03-15,Hang Seng Composite Index,Removal,1970,1970.HK,"IMAX China Holding, Inc.",1108,Removal,Hang Seng Composite Index,unchanged,1,1,1970.HK,1970.HK,parse_ok,1970.HK,0,2020-12-15,0,,,,,,,,,
2021-03-15,Hang Seng Composite Index,Inclusion,1981,1981.HK,Cathay Media and Education Group Inc.,1060,Inclusion,Hang Seng Composite Index,unchanged,1,1,1981.HK,1981.HK,parse_ok,1981.HK,1,2020-12-15,0,,,,,,,,,
2021-03-15,Hang Seng Composite Index,Inclusion,1992,1992.HK,Fosun Tourism Group,1061,Inclusion,Hang Seng Composite Index,unchanged,1,1,1992.HK,1992.HK,parse_ok,1992.HK,1,2020-12-15,0,,,,,,,,,
2021-03-15,Hang Seng Stock Connect Greater Bay Area Composite Index,Inclusion,1999,1999.HK,Man Wah Holdings Ltd.,1121,Inclusion,Hang Seng Stock Connect Greater Bay Area Composite Index,unchanged,1,1,1999.HK,1999.HK,parse_ok,1999.HK,1,2020-12-15,0,,,,,,,,,
2021-03-15,Hang Seng China 50 Index,Removal,2007,2007.HK,Country Garden Holdings Co. Ltd.,1038,Removal,Hang Seng China 50 Index,unchanged,1,1,2007.HK,2007.HK,parse_ok,2007.HK,0,2020-12-15,0,,,,,,,,,
2021-03-15,Hang Seng Composite Index,Removal,2009,2009.HK,BBMG Corporation - H Shares,1109,Removal,Hang Seng Composite Index,unchanged,1,1,2009.HK,2009.HK,parse_ok,2009.HK,0,2020-12-15,0,,,,,,,,,
2021-03-15,Hang Seng Composite Index,Inclusion,2096,2096.HK,Simcere Pharmaceutical Group Ltd.,1062,Inclusion,Hang Seng Composite Index,unchanged,1,1,2096.HK,2096.HK,parse_ok,2096.HK,1,2020-12-15,0,,,,,,,,,
2021-03-15,Hang Seng Composite Index,Inclusion,2126,2126.HK,JW (Cayman) Therapeutics Co. Ltd - B,1063,Inclusion,Hang Seng Composite Index,unchanged,1,1,2126.HK,2126.HK,parse_ok,2126.HK,1,2020-12-15,0,,,,,,,,,
2021-03-15,Hang Seng Composite Index,Inclusion,2142,2142.HK,HBM Holdings Ltd. - B,1064,Inclusion,Hang Seng Composite Index,unchanged,1,1,2142.HK,2142.HK,parse_ok,2142.HK,1,2020-12-15,0,,,,,,,,,
2021-03-15,Hang Seng Composite Index,Inclusion,2148,2148.HK,"Vesync Co., Ltd",1065,Inclusion,Hang Seng Composite Index,unchanged,1,1,2148.HK,2148.HK,parse_ok,2148.HK,1,2020-12-15,0,,,,,,,,,
2021-03-15,Hang Seng TECH Index,Removal,2400,2400.HK,XD Inc.,1141,Removal,Hang Seng TECH Index,unchanged,1,1,2400.HK,2400.HK,parse_ok,2400.HK,0,2020-12-15,0,,,,,,,,,
2021-03-15,Hang Seng Composite Index,Inclusion,2599,2599.HK,"Shinsun Holdings (Group) Co., Ltd.",1066,Inclusion,Hang Seng Composite Index,unchanged,1,1,2599.HK,2599.HK,parse_ok,2599.HK,1,2020-12-15,0,,,,,,,,,
2021-03-15,Hang Seng Composite Index,Inclusion,2798,2798.HK,Perennial Energy Holdings Ltd.,1067,Inclusion,Hang Seng Composite Index,unchanged,1,1,2798.HK,2798.HK,parse_ok,2798.HK,1,2020-12-15,0,,,,,,,,,
2021-03-15,Hang Seng TECH Index,Removal,2858,2858.HK,Yixin Group Ltd.,1142,Removal,Hang Seng TECH Index,unchanged,1,1,2858.HK,2858.HK,parse_ok,2858.HK,0,2020-12-15,0,,,,,,,,,
2021-03-15,Hang Seng Stock Connect Greater Bay Area Composite Index,Inclusion,300348,300348.SZ,"Shenzhen Sunline Tech Co., Ltd.",1122,Inclusion,Hang Seng Stock Connect Greater Bay Area Composite Index,unchanged,1,1,300348.SZ,300348.SZ,parse_ok,300348.SZ,1,2020-12-15,0,,,,,,,,,
2021-03-15,Hang Seng Stock Connect Greater Bay Area Composite Index,Inclusion,300737,300737.SZ,"Keshun Waterproof Technologies Co., Ltd.",1123,Inclusion,Hang Seng Stock Connect Greater Bay Area Composite Index,unchanged,1,1,300737.SZ,300737.SZ,parse_ok,300737.SZ,1,2020-12-15,0,,,,,,,,,
2021-03-15,Hang Seng China 50 Index,Inclusion,300750,300750.SZ,"Contemporary Amperex Technology Co., Limited",1028,Inclusion,Hang Seng China 50 Index,unchanged,1,1,300750.SZ,300750.SZ,parse_ok,300750.SZ,1,2020-12-15,0,,,,,,,,,
2021-03-15,Hang Seng China 50 Index,Inclusion,300999,300999.SZ,"Yihai Kerry Arawana Holdings Co.,Ltd",1029,Inclusion,Hang Seng China 50 Index,unchanged,1,1,300999.SZ,300999.SZ,parse_ok,300999.SZ,1,2020-12-15,0,,,,,,,,,
2021-03-15,Hang Seng Composite Index,Removal,3306,3306.HK,JNBY Design Ltd.,1110,Removal,Hang Seng Composite Index,unchanged,1,1,3306.HK,3306.HK,parse_ok,3306.HK,0,2020-12-15,0,,,,,,,,,
2021-03-15,Hang Seng China 50 Index,Removal,3333,3333.HK,China Evergrande Group,1039,Removal,Hang Seng China 50 Index,unchanged,1,1,3333.HK,3333.HK,parse_ok,3333.HK,0,2020-12-15,0,,,,,,,,,
2021-03-15,Hang Seng Composite Index,Inclusion,3347,3347.HK,"Hangzhou Tigermed Consulting Co., Ltd. - H Shares",1068,Inclusion,Hang Seng Composite Index,unchanged,1,1,3347.HK,3347.HK,parse_ok,3347.HK,1,2020-12-15,0,,,,,,,,,
2021-03-15,Hang Seng Composite Index,Inclusion,3913,3913.HK,KWG Living Group Holdings Ltd.,1069,Inclusion,Hang Seng Composite Index,unchanged,1,1,3913.HK,3913.HK,parse_ok,3913.HK,1,2020-12-15,0,,,,,,,,,
2021-03-15,Hang Seng China 50 Index,Removal,601668,601668.SH,China State Construction Engineering Corporation Ltd.,1040,Removal,Hang Seng China 50 Index,unchanged,1,1,601668.SH,601668.SS,parse_ok,601668.SS,0,2020-12-15,0,,,,,,,,,
2021-03-15,Hang Seng China 50 Index,Inclusion,601888,601888.SH,China Tourism Group Duty Free Corporation Limited,1030,Inclusion,Hang Seng China 50 Index,unchanged,1,1,601888.SH,601888.SS,parse_ok,601888.SS,1,2020-12-15,0,,,,,,,,,
2021-03-15,Hang Seng China Enterprises Index,Inclusion,6098,6098.HK,Country Garden Services Holdings Co. Ltd.,1042,Inclusion,Hang Seng China Enterprises Index,unchanged,1,1,6098.HK,6098.HK,parse_ok,6098.HK,1,2020-12-15,0,,,,,,,,,
2021-03-15,Hang Seng Composite Index,Inclusion,6100,6100.HK,Tongdao Liepin Group,1070,Inclusion,Hang Seng Composite Index,unchanged,1,1,6100.HK,6100.HK,parse_ok,6100.HK,1,2020-12-15,0,,,,,,,,,
2021-03-15,Hang Seng Composite Index,Inclusion,6666,6666.HK,Evergrande Property Services Group Ltd.,1071,Inclusion,Hang Seng Composite Index,unchanged,1,1,6666.HK,6666.HK,parse_ok,6666.HK,1,2020-12-15,0,,,,,,,,,
2021-03-15,Hang Seng Stock Connect Greater Bay Area Composite Index,Inclusion,6666,6666.HK,Evergrande Property Services Group Ltd.,1124,Inclusion,Hang Seng Stock Connect Greater Bay Area Composite Index,unchanged,1,1,6666.HK,6666.HK,parse_ok,6666.HK,1,2020-12-15,0,,,,,,,,,
2021-03-15,Hang Seng Composite Index,Inclusion,6690,6690.HK,"Haier Smart Home Co., Ltd. - H Shares",1072,Inclusion,Hang Seng Composite Index,unchanged,1,1,6690.HK,6690.HK,parse_ok,6690.HK,1,2020-12-15,0,,,,,,,,,
2021-03-15,Hang Seng TECH Index,Inclusion,6690,6690.HK,"Haier Smart Home Co., Ltd. - H Shares",1137,Inclusion,Hang Seng TECH Index,unchanged,1,1,6690.HK,6690.HK,parse_ok,6690.HK,1,2020-12-15,0,,,,,,,,,
2021-03-15,Hang Seng China 50 Index,Removal,6818,6818.HK,China Everbright Bank Co. Ltd.,1041,Removal,Hang Seng China 50 Index,unchanged,1,1,6818.HK,6818.HK,parse_ok,6818.HK,0,2020-12-15,0,,,,,,,,,
2021-03-15,Hang Seng Index,Inclusion,6862,6862.HK,Haidilao International Holding Ltd.,1115,Inclusion,Hang Seng Index,unchanged,1,1,6862.HK,6862.HK,parse_ok,6862.HK,1,2020-12-15,0,,,,,,,,,
2021-03-15,Hang Seng Composite Index,Removal,6889,6889.HK,"DYNAM JAPAN HOLDINGS Co., Ltd.",1111,Removal,Hang Seng Composite Index,unchanged,1,1,6889.HK,6889.HK,parse_ok,6889.HK,0,2020-12-15,0,,,,,,,,,
2021-03-15,Hang Seng Composite Index,Inclusion,6988,6988.HK,Joy Spreader Interactive Technology. Ltd,1073,Inclusion,Hang Seng Composite Index,unchanged,1,1,6988.HK,6988.HK,parse_ok,6988.HK,1,2020-12-15,0,,,,,,,,,
2021-03-15,Hang Seng Composite Index,Inclusion,6989,6989.HK,Excellence Commercial Property & Facilities Mgt Group Ltd.,1074,Inclusion,Hang Seng Composite Index,unchanged,1,1,6989.HK,6989.HK,parse_ok,6989.HK,1,2020-12-15,0,,,,,,,,,
2021-03-15,Hang Seng Composite Index,Inclusion,6993,6993.HK,Blue Moon Group Holdings Ltd.,1075,Inclusion,Hang Seng Composite Index,unchanged,1,1,6993.HK,6993.HK,parse_ok,6993.HK,1,2020-12-15,0,,,,,,,,,
2021-03-15,Hang Seng Stock Connect Greater Bay Area Composite Index,Inclusion,6993,6993.HK,Blue Moon Group Holdings Ltd.,1125,Inclusion,Hang Seng Stock Connect Greater Bay Area Composite Index,unchanged,1,1,6993.HK,6993.HK,parse_ok,6993.HK,1,2020-12-15,0,,,,,,,,,
2021-03-15,Hang Seng Composite Index,Inclusion,6996,6996.HK,Antengene Corporation Ltd. - B,1076,Inclusion,Hang Seng Composite Index,unchanged,1,1,6996.HK,6996.HK,parse_ok,6996.HK,1,2020-12-15,0,,,,,,,,,
2021-03-15,Hang Seng Composite Index,Inclusion,6998,6998.HK,JHBP (CY) Holdings Ltd. - B,1077,Inclusion,Hang Seng Composite Index,unchanged,1,1,6998.HK,6998.HK,parse_ok,6998.HK,1,2020-12-15,0,,,,,,,,,
2021-03-15,Hang Seng China 50 Index,Inclusion,9618,9618.HK,"JD.com, Inc. - SW",1031,Inclusion,Hang Seng China 50 Index,unchanged,1,1,9618.HK,9618.HK,parse_ok,9618.HK,1,2020-12-15,0,,,,,,,,,
2021-03-15,Hang Seng China 50 Index,Inclusion,9633,9633.HK,"Nongfu Spring Co., Ltd. - H Shares",1032,Inclusion,Hang Seng China 50 Index,unchanged,1,1,9633.HK,9633.HK,parse_ok,9633.HK,1,2020-12-15,0,,,,,,,,,
2021-03-15,Hang Seng China Enterprises Index,Inclusion,9633,9633.HK,"Nongfu Spring Co., Ltd. - H Shares",1043,Inclusion,Hang Seng China Enterprises Index,unchanged,1,1,9633.HK,9633.HK,parse_ok,9633.HK,1,2020-12-15,0,,,,,,,,,
2021-03-15,Hang Seng Composite Index,Inclusion,9666,9666.HK,"Jinke Smart Services Group Co., Ltd. - H Shares",1078,Inclusion,Hang Seng Composite Index,unchanged,1,1,9666.HK,9666.HK,parse_ok,9666.HK,1,2020-12-15,0,,,,,,,,,
2021-03-15,Hang Seng Composite Index,Removal,9668,9668.HK,"China Bohai Bank Co., Ltd. - H Shares",1112,Removal,Hang Seng Composite Index,unchanged,1,1,9668.HK,9668.HK,parse_ok,9668.HK,0,2020-12-15,0,,,,,,,,,
2021-03-15,Hang Seng Composite Index,Inclusion,9698,9698.HK,GDS Holdings Ltd. - SW,1079,Inclusion,Hang Seng Composite Index,unchanged,1,1,9698.HK,9698.HK,parse_ok,9698.HK,1,2020-12-15,0,,,,,,,,,
2021-03-15,Hang Seng TECH Index,Inclusion,9698,9698.HK,GDS Holdings Ltd. - SW,1138,Inclusion,Hang Seng TECH Index,unchanged,1,1,9698.HK,9698.HK,parse_ok,9698.HK,1,2020-12-15,0,,,,,,,,,
2021-03-15,Hang Seng Stock Connect Greater Bay Area Composite Index,Inclusion,9923,9923.HK,Yeahka Ltd.,1126,Inclusion,Hang Seng Stock Connect Greater Bay Area Composite Index,unchanged,1,1,9923.HK,9923.HK,parse_ok,9923.HK,1,2020-12-15,0,,,,,,,,,
2021-03-15,Hang Seng Composite Index,Inclusion,9991,9991.HK,Baozun Inc. - SW,1080,Inclusion,Hang Seng Composite Index,unchanged,1,1,9991.HK,9991.HK,parse_ok,9991.HK,1,2020-12-15,0,,,,,,,,,
2021-03-15,Hang Seng Composite Index,Inclusion,9992,9992.HK,Pop Mart International Group Ltd.,1081,Inclusion,Hang Seng Composite Index,unchanged,1,1,9992.HK,9992.HK,parse_ok,9992.HK,1,2020-12-15,0,,,,,,,,,
2021-03-15,Hang Seng Composite Index,Inclusion,9993,9993.HK,Radiance Holdings (Group) Co. Ltd.,1082,Inclusion,Hang Seng Composite Index,unchanged,1,1,9993.HK,9993.HK,parse_ok,9993.HK,1,2020-12-15,0,,,,,,,,,
2021-03-15,Hang Seng Composite Index,Inclusion,9995,9995.HK,"RemeGen Co., Ltd. - B - H Shares",1083,Inclusion,Hang Seng Composite Index,unchanged,1,1,9995.HK,9995.HK,parse_ok,9995.HK,1,2020-12-15,0,,,,,,,,,
2021-03-15,Hang Seng China 50 Index,Inclusion,9999,9999.HK,"NetEase, Inc. - S",1033,Inclusion,Hang Seng China 50 Index,unchanged,1,1,9999.HK,9999.HK,parse_ok,9999.HK,1,2020-12-15,0,,,,,,,,,
2021-06-07,Hang Seng China Enterprises Index,Removal,270,0270.HK,Guangdong Investment Limited,1145,Removal,Hang Seng China Enterprises Index,unchanged,1,1,0270.HK,0270.HK,parse_ok,0270.HK,0,2021-03-09,0,,,,,,,,,
2021-06-07,Hang Seng China Enterprises Index,Removal,762,0762.HK,China Unicom (Hong Kong) Limited,1146,Removal,Hang Seng China Enterprises Index,unchanged,1,1,0762.HK,0762.HK,parse_ok,0762.HK,0,2021-03-09,0,,,,,,,,,
2021-06-07,Hang Seng TECH Index,Removal,763,0763.HK,ZTE Corporation - H shares,1157,Removal,Hang Seng TECH Index,unchanged,1,1,0763.HK,0763.HK,parse_ok,0763.HK,0,2021-03-09,0,,,,,,,,,
2021-06-07,Hang Seng China Enterprises Index,Removal,788,0788.HK,China Tower Corporation Limited - H shares,1147,Removal,Hang Seng China Enterprises Index,unchanged,1,1,0788.HK,0788.HK,parse_ok,0788.HK,0,2021-03-09,0,,,,,,,,,
2021-06-07,Hang Seng Index,Inclusion,968,0968.HK,Xinyi Solar Holdings Limited,1152,Inclusion,Hang Seng Index,unchanged,1,1,0968.HK,0968.HK,parse_ok,0968.HK,1,2021-03-09,0,,,,,,,,,
2021-06-07,Hang Seng China Enterprises Index,Inclusion,1211,1211.HK,BYD Company Limited - H shares,1143,Inclusion,Hang Seng China Enterprises Index,unchanged,1,1,1211.HK,1211.HK,parse_ok,1211.HK,1,2021-03-09,0,,,,,,,,,
2021-06-07,Hang Seng Index,Inclusion,1211,1211.HK,BYD Company Limited - H shares,1153,Inclusion,Hang Seng Index,unchanged,1,1,1211.HK,1211.HK,parse_ok,1211.HK,1,2021-03-09,0,,,,,,,,,
2021-06-07,Hang Seng Composite Index,Inclusion,2158,2158.HK,Yidu Tech Inc.,1148,Inclusion,Hang Seng Composite Index,unchanged,1,1,2158.HK,2158.HK,parse_ok,2158.HK,1,2021-03-09,0,,,,,,,,,
2021-06-07,Hang Seng Composite Index,Inclusion,2160,2160.HK,Microport Cardioflow Medtech Corporation - B,1149,Inclusion,Hang Seng Composite Index,unchanged,1,1,2160.HK,2160.HK,parse_ok,2160.HK,1,2021-03-09,0,,,,,,,,,
2021-06-07,Hang Seng Composite Index,Inclusion,2518,2518.HK,Autohome Inc. - S,1150,Inclusion,Hang Seng Composite Index,unchanged,1,1,2518.HK,2518.HK,parse_ok,2518.HK,1,2021-03-09,0,,,,,,,,,
2021-06-07,Hang Seng TECH Index,Inclusion,2518,2518.HK,Autohome Inc. - S,1155,Inclusion,Hang Seng TECH Index,unchanged,1,1,2518.HK,2518.HK,parse_ok,2518.HK,1,2021-03-09,0,,,,,,,,,
2021-06-07,Hang Seng TECH Index,Removal,6088,6088.HK,Fit Hon Teng Limited,1158,Removal,Hang Seng TECH Index,unchanged,1,1,6088.HK,6088.HK,parse_ok,6088.HK,0,2021-03-09,0,,,,,,,,,
2021-06-07,Hang Seng Index,Inclusion,6098,6098.HK,Country Garden Services Holdings Company Limited,1154,Inclusion,Hang Seng Index,unchanged,1,1,6098.HK,6098.HK,parse_ok,6098.HK,1,2021-03-09,0,,,,,,,,,
2021-06-07,Hang Seng Composite Index,Inclusion,6606,6606.HK,New Horizon Health Limited - B,1151,Inclusion,Hang Seng Composite Index,unchanged,1,1,6606.HK,6606.HK,parse_ok,6606.HK,1,2021-03-09,0,,,,,,,,,
2021-06-07,Hang Seng China Enterprises Index,Inclusion,6666,6666.HK,Evergrande Property Services Group Limited,1144,Inclusion,Hang Seng China Enterprises Index,unchanged,1,1,6666.HK,6666.HK,parse_ok,6666.HK,1,2021-03-09,0,,,,,,,,,
2021-06-07,Hang Seng TECH Index,Inclusion,9626,9626.HK,Bilibili Inc. - SW,1156,Inclusion,Hang Seng TECH Index,unchanged,1,1,9626.HK,9626.HK,parse_ok,9626.HK,1,2021-03-09,0,,,,,,,,,
2021-06-07,Hang Seng TECH Index,Removal,9990,9990.HK,Archosaur Games Inc.,1159,Removal,Hang Seng TECH Index,unchanged,1,1,9990.HK,9990.HK,parse_ok,9990.HK,0,2021-03-09,0,,,,,,,,,
2021-09-06,Hang Seng Stock Connect Greater Bay Area Composite Index,Removal,25,000025.SZ,"Shenzhen Tellus Holding Co., Ltd.",1322,Removal,Hang Seng Stock Connect Greater Bay Area Composite Index,unchanged,1,1,000025.SZ,000025.SZ,parse_ok,000025.SZ,0,2021-06-08,0,,,,,,,,,
2021-09-06,Hang Seng China A Industry Top Index,Inclusion,63,000063.SZ,ZTE Corporation,1188,Inclusion,Hang Seng China A Industry Top Index,unchanged,1,1,000063.SZ,000063.SZ,parse_ok,000063.SZ,1,2021-06-08,0,,,,,,,,,
2021-09-06,Hang Seng China A Top 100 Index,Inclusion,63,000063.SZ,ZTE Corporation,1209,Inclusion,Hang Seng China A Top 100 Index,unchanged,1,1,000063.SZ,000063.SZ,parse_ok,000063.SZ,1,2021-06-08,0,,,,,,,,,
2021-09-06,Hang Seng Stock Connect Greater Bay Area Composite Index,Removal,70,000070.SZ,"Shenzhen SDG Information Co., Ltd.",1323,Removal,Hang Seng Stock Connect Greater Bay Area Composite Index,unchanged,1,1,000070.SZ,000070.SZ,parse_ok,000070.SZ,0,2021-06-08,0,,,,,,,,,
2021-09-06,Hang Seng Stock Connect Greater Bay Area Composite Index,Inclusion,2,0002.HK,CLP Holdings Ltd.,1308,Inclusion,Hang Seng Stock Connect Greater Bay Area Composite Index,unchanged,1,1,0002.HK,0002.HK,parse_ok,0002.HK,1,2021-06-08,0,,,,,,,,,
2021-09-06,Hang Seng Stock Connect Greater Bay Area Composite Index,Inclusion,539,000539.SZ,"Guangdong Electric Power Development Co., Ltd",1309,Inclusion,Hang Seng Stock Connect Greater Bay Area Composite Index,unchanged,1,1,000539.SZ,000539.SZ,parse_ok,000539.SZ,1,2021-06-08,0,,,,,,,,,
2021-09-06,Hang Seng China A Industry Top Index,Removal,725,000725.SZ,"BOE Technology Group Co., Ltd.",1198,Removal,Hang Seng China A Industry Top Index,unchanged,1,1,000725.SZ,000725.SZ,parse_ok,000725.SZ,0,2021-06-08,0,,,,,,,,,
2021-09-06,Hang Seng Corporate Sustainability Index,Removal,8,0008.HK,PCCW Ltd.*,1275,Removal,Hang Seng Corporate Sustainability Index,unchanged,1,1,0008.HK,0008.HK,parse_ok,0008.HK,0,2021-06-08,0,,,,,,,,,
2021-09-06,Hang Seng ESG 50 Index,Removal,10,0010.HK,Hang Lung Group Ltd.*,1293,Removal,Hang Seng ESG 50 Index,unchanged,1,1,0010.HK,0010.HK,parse_ok,0010.HK,0,2021-06-08,0,,,,,,,,,
2021-09-06,Hang Seng Composite Index,Inclusion,13,0013.HK,HUTCHMED (China) Ltd.,1229,Inclusion,Hang Seng Composite Index,unchanged,1,1,0013.HK,0013.HK,parse_ok,0013.HK,1,2021-06-08,0,,,,,,,,,
2021-09-06,Hang Seng Stock Connect Greater Bay Area Composite Index,Inclusion,13,0013.HK,HUTCHMED (China) Ltd.,1310,Inclusion,Hang Seng Stock Connect Greater Bay Area Composite Index,unchanged,1,1,0013.HK,0013.HK,parse_ok,0013.HK,1,2021-06-08,0,,,,,,,,,
2021-09-06,Hang Seng ESG 50 Index,Removal,14,0014.HK,"Hysan Development Co., Ltd.*",1294,Removal,Hang Seng ESG 50 Index,unchanged,1,1,0014.HK,0014.HK,parse_ok,0014.HK,0,2021-06-08,0,,,,,,,,,
2021-09-06,Hang Seng Corporate Sustainability Index,Removal,19,0019.HK,Swire Pacific Ltd.*,1276,Removal,Hang Seng Corporate Sustainability Index,unchanged,1,1,0019.HK,0019.HK,parse_ok,0019.HK,0,2021-06-08,0,,,,,,,,,
2021-09-06,Hang Seng (China A) Corporate Sustainability Index,Inclusion,1979,001979.SZ,"China Merchants Shekou Industrial Zone Holdings Co., Ltd.",1160,Inclusion,Hang Seng (China A) Corporate Sustainability Index,unchanged,1,1,001979.SZ,001979.SZ,parse_ok,001979.SZ,1,2021-06-08,0,,,,,,,,,
2021-09-06,Hang Seng China A Industry Top Index,Removal,2024,002024.SZ,"Suning.Com Co., Ltd.",1199,Removal,Hang Seng China A Industry Top Index,unchanged,1,1,002024.SZ,002024.SZ,parse_ok,002024.SZ,0,2021-06-08,0,,,,,,,,,
2021-09-06,Hang Seng Stock Connect Greater Bay Area Composite Index,Inclusion,2163,002163.SZ,"Hainan Development Holdings Nanhai Co., Ltd.",1311,Inclusion,Hang Seng Stock Connect Greater Bay Area Composite Index,unchanged,1,1,002163.SZ,002163.SZ,parse_ok,002163.SZ,1,2021-06-08,0,,,,,,,,,
2021-09-06,Hang Seng Stock Connect Greater Bay Area Composite Index,Inclusion,2240,002240.SZ,"Shenzhen Chengxin Lithium Group Co., Ltd.",1312,Inclusion,Hang Seng Stock Connect Greater Bay Area Composite Index,unchanged,1,1,002240.SZ,002240.SZ,parse_ok,002240.SZ,1,2021-06-08,0,,,,,,,,,
2021-09-06,Hang Seng Stock Connect Greater Bay Area Composite Index,Removal,2292,002292.SZ,Alpha Group,1324,Removal,Hang Seng Stock Connect Greater Bay Area Composite Index,unchanged,1,1,002292.SZ,002292.SZ,parse_ok,002292.SZ,0,2021-06-08,0,,,,,,,,,
2021-09-06,Hang Seng China A Industry Top Index,Removal,2304,002304.SZ,"Jiangsu Yanghe Brewery Joint-Stock Co., Ltd.",1200,Removal,Hang Seng China A Industry Top Index,unchanged,1,1,002304.SZ,002304.SZ,parse_ok,002304.SZ,0,2021-06-08,0,,,,,,,,,
2021-09-06,Hang Seng Stock Connect Greater Bay Area Composite Index,Removal,2421,002421.SZ,"Shenzhen Das Intellitech Co., Ltd.",1325,Removal,Hang Seng Stock Connect Greater Bay Area Composite Index,unchanged,1,1,002421.SZ,002421.SZ,parse_ok,002421.SZ,0,2021-06-08,0,,,,,,,,,
2021-09-06,Hang Seng (China A) Corporate Sustainability Index,Inclusion,2460,002460.SZ,"Ganfeng Lithium Co., Ltd.",1161,Inclusion,Hang Seng (China A) Corporate Sustainability Index,unchanged,1,1,002460.SZ,002460.SZ,parse_ok,002460.SZ,1,2021-06-08,0,,,,,,,,,
2021-09-06,Hang Seng China A Industry Top Index,Inclusion,2475,002475.SZ,"Luxshare Precision Industry Co., Ltd.",1189,Inclusion,Hang Seng China A Industry Top Index,unchanged,1,1,002475.SZ,002475.SZ,parse_ok,002475.SZ,1,2021-06-08,0,,,,,,,,,
2021-09-06,Hang Seng China A Top 100 Index,Inclusion,2493,002493.SZ,"Rongsheng Petrochemical Co., Ltd.",1210,Inclusion,Hang Seng China A Top 100 Index,unchanged,1,1,002493.SZ,002493.SZ,parse_ok,002493.SZ,1,2021-06-08,0,,,,,,,,,
2021-09-06,Hang Seng Stock Connect Greater Bay Area Composite Index,Removal,2503,002503.SZ,"Souyute Group Co., Ltd.",1326,Removal,Hang Seng Stock Connect Greater Bay Area Composite Index,unchanged,1,1,002503.SZ,002503.SZ,parse_ok,002503.SZ,0,2021-06-08,0,,,,,,,,,
2021-09-06,Hang Seng Stock Connect Greater Bay Area Composite Index,Removal,2600,002600.SZ,"Lingyi Itech (Guangdong) Co.,",1327,Removal,Hang Seng Stock Connect Greater Bay Area Composite Index,unchanged,1,1,002600.SZ,002600.SZ,parse_ok,002600.SZ,0,2021-06-08,0,,,,,,,,,
2021-09-06,Hang Seng (China A) Corporate Sustainability Index,Inclusion,2601,002601.SZ,"LB Group Co., Ltd.",1162,Inclusion,Hang Seng (China A) Corporate Sustainability Index,unchanged,1,1,002601.SZ,002601.SZ,parse_ok,002601.SZ,1,2021-06-08,0,,,,,,,,,
2021-09-06,Hang Seng China 50 Index,Inclusion,2714,002714.SZ,"Muyuan Foods Co., Ltd.",1176,Inclusion,Hang Seng China 50 Index,unchanged,1,1,002714.SZ,002714.SZ,parse_ok,002714.SZ,1,2021-06-08,0,,,,,,,,,
2021-09-06,Hang Seng China A Top 100 Index,Inclusion,2714,002714.SZ,"Muyuan Foods Co., Ltd.",1211,Inclusion,Hang Seng China A Top 100 Index,unchanged,1,1,002714.SZ,002714.SZ,parse_ok,002714.SZ,1,2021-06-08,0,,,,,,,,,
2021-09-06,Hang Seng Stock Connect Greater Bay Area Composite Index,Inclusion,3012,003012.SZ,"Guangdong Dongpeng Holdings Co., Ltd.",1313,Inclusion,Hang Seng Stock Connect Greater Bay Area Composite Index,unchanged,1,1,003012.SZ,003012.SZ,parse_ok,003012.SZ,1,2021-06-08,0,,,,,,,,,
2021-09-06,Hang Seng Composite Index,Inclusion,43,0043.HK,"C. P. Pokphand Co., Ltd.",1230,Inclusion,Hang Seng Composite Index,unchanged,1,1,0043.HK,0043.HK,parse_ok,0043.HK,1,2021-06-08,0,,,,,,,,,
2021-09-06,Hang Seng Corporate Sustainability Index,Inclusion,66,0066.HK,MTR Corporation Ltd.,1268,Inclusion,Hang Seng Corporate Sustainability Index,unchanged,1,1,0066.HK,0066.HK,parse_ok,0066.HK,1,2021-06-08,0,,,,,,,,,
2021-09-06,Hang Seng ESG 50 Index,Inclusion,66,0066.HK,MTR Corporation Ltd.,1282,Inclusion,Hang Seng ESG 50 Index,unchanged,1,1,0066.HK,0066.HK,parse_ok,0066.HK,1,2021-06-08,0,,,,,,,,,
2021-09-06,Hang Seng ESG 50 Index,Removal,69,0069.HK,Shangri-La Asia Ltd.*,1295,Removal,Hang Seng ESG 50 Index,unchanged,1,1,0069.HK,0069.HK,parse_ok,0069.HK,0,2021-06-08,0,,,,,,,,,
2021-09-06,Hang Seng Stock Connect Greater Bay Area Composite Index,Inclusion,69,0069.HK,Shangri-La Asia Ltd.,1314,Inclusion,Hang Seng Stock Connect Greater Bay Area Composite Index,unchanged,1,1,0069.HK,0069.HK,parse_ok,0069.HK,1,2021-06-08,0,,,,,,,,,
2021-09-06,Hang Seng ESG 50 Index,Removal,148,0148.HK,Kingboard Holdings Ltd.,1296,Removal,Hang Seng ESG 50 Index,unchanged,1,1,0148.HK,0148.HK,parse_ok,0148.HK,0,2021-06-08,0,,,,,,,,,
2021-09-06,Hang Seng ESG 50 Index,Inclusion,175,0175.HK,Geely Automobile Holdings Ltd.,1283,Inclusion,Hang Seng ESG 50 Index,unchanged,1,1,0175.HK,0175.HK,parse_ok,0175.HK,1,2021-06-08,0,,,,,,,,,
2021-09-06,Hang Seng Corporate Sustainability Index,Removal,257,0257.HK,China Everbright Environment Group Ltd.*,1277,Removal,Hang Seng Corporate Sustainability Index,unchanged,1,1,0257.HK,0257.HK,parse_ok,0257.HK,0,2021-06-08,0,,,,,,,,,
2021-09-06,Hang Seng ESG 50 Index,Removal,257,0257.HK,China Everbright Environment Group Ltd.*,1297,Removal,Hang Seng ESG 50 Index,unchanged,1,1,0257.HK,0257.HK,parse_ok,0257.HK,0,2021-06-08,0,,,,,,,,,
2021-09-06,Hang Seng Corporate Sustainability Index,Inclusion,288,0288.HK,WH Group Ltd.,1269,Inclusion,Hang Seng Corporate Sustainability Index,unchanged,1,1,0288.HK,0288.HK,parse_ok,0288.HK,1,2021-06-08,0,,,,,,,,,
2021-09-06,Hang Seng Corporate Sustainability Index,Removal,293,0293.HK,Cathay Pacific Airways Ltd.*,1278,Removal,Hang Seng Corporate Sustainability Index,unchanged,1,1,0293.HK,0293.HK,parse_ok,0293.HK,0,2021-06-08,0,,,,,,,,,
2021-09-06,Hang Seng Composite Index,Removal,315,0315.HK,SmarTone Telecommunications Holdings Ltd.,1246,Removal,Hang Seng Composite Index,unchanged,1,1,0315.HK,0315.HK,parse_ok,0315.HK,0,2021-06-08,0,,,,,,,,,
2021-09-06,Hang Seng Corporate Sustainability Index,Removal,345,0345.HK,Vitasoy International Holdings Ltd.*,1279,Removal,Hang Seng Corporate Sustainability Index,unchanged,1,1,0345.HK,0345.HK,parse_ok,0345.HK,0,2021-06-08,0,,,,,,,,,
2021-09-06,Hang Seng ESG 50 Index,Removal,345,0345.HK,Vitasoy International Holdings Ltd.*,1298,Removal,Hang Seng ESG 50 Index,unchanged,1,1,0345.HK,0345.HK,parse_ok,0345.HK,0,2021-06-08,0,,,,,,,,,
2021-09-06,Hang Seng ESG 50 Index,Removal,384,0384.HK,China Gas Holdings Ltd.,1299,Removal,Hang Seng ESG 50 Index,unchanged,1,1,0384.HK,0384.HK,parse_ok,0384.HK,0,2021-06-08,0,,,,,,,,,
2021-09-06,Hang Seng Stock Connect Greater Bay Area Composite Index,Inclusion,522,0522.HK,ASM Pacific Technology Ltd.,1315,Inclusion,Hang Seng Stock Connect Greater Bay Area Composite Index,unchanged,1,1,0522.HK,0522.HK,parse_ok,0522.HK,1,2021-06-08,0,,,,,,,,,
2021-09-06,Hang Seng Composite Index,Removal,548,0548.HK,"Shenzhen Expressway Co., Ltd. - H Shares",1247,Removal,Hang Seng Composite Index,unchanged,1,1,0548.HK,0548.HK,parse_ok,0548.HK,0,2021-06-08,0,,,,,,,,,
2021-09-06,Hang Seng Stock Connect Greater Bay Area Composite Index,Inclusion,551,0551.HK,Yue Yuen Industrial (Holdings) Ltd.,1316,Inclusion,Hang Seng Stock Connect Greater Bay Area Composite Index,unchanged,1,1,0551.HK,0551.HK,parse_ok,0551.HK,1,2021-06-08,0,,,,,,,,,
2021-09-06,Hang Seng ESG 50 Index,Inclusion,656,0656.HK,Fosun International Ltd.,1284,Inclusion,Hang Seng ESG 50 Index,unchanged,1,1,0656.HK,0656.HK,parse_ok,0656.HK,1,2021-06-08,0,,,,,,,,,
2021-09-06,Hang Seng Corporate Sustainability Index,Removal,659,0659.HK,NWS Holdings Ltd.*,1280,Removal,Hang Seng Corporate Sustainability Index,unchanged,1,1,0659.HK,0659.HK,parse_ok,0659.HK,0,2021-06-08,0,,,,,,,,,
2021-09-06,Hang Seng ESG 50 Index,Removal,659,0659.HK,NWS Holdings Ltd.*,1300,Removal,Hang Seng ESG 50 Index,unchanged,1,1,0659.HK,0659.HK,parse_ok,0659.HK,0,2021-06-08,0,,,,,,,,,
2021-09-06,Hang Seng ESG 50 Index,Inclusion,669,0669.HK,"Techtronic Industries Co., Ltd.",1285,Inclusion,Hang Seng ESG 50 Index,unchanged,1,1,0669.HK,0669.HK,parse_ok,0669.HK,1,2021-06-08,0,,,,,,,,,
2021-09-06,Hang Seng Corporate Sustainability Index,Removal,683,0683.HK,Kerry Properties Ltd.*,1281,Removal,Hang Seng Corporate Sustainability Index,unchanged,1,1,0683.HK,0683.HK,parse_ok,0683.HK,0,2021-06-08,0,,,,,,,,,
2021-09-06,Hang Seng ESG 50 Index,Removal,683,0683.HK,Kerry Properties Ltd.*,1301,Removal,Hang Seng ESG 50 Index,unchanged,1,1,0683.HK,0683.HK,parse_ok,0683.HK,0,2021-06-08,0,,,,,,,,,
2021-09-06,Hang Seng China 50 Index,Removal,688,0688.HK,China Overseas Land & Investment Ltd.,1182,Removal,Hang Seng China 50 Index,unchanged,1,1,0688.HK,0688.HK,parse_ok,0688.HK,0,2021-06-08,0,,,,,,,,,
2021-09-06,Hang Seng China 50 Index,Removal,788,0788.HK,China Tower Corporation Ltd.,1183,Removal,Hang Seng China 50 Index,unchanged,1,1,0788.HK,0788.HK,parse_ok,0788.HK,0,2021-06-08,0,,,,,,,,,
2021-09-06,Hang Seng China Enterprises Index,Removal,813,0813.HK,Shimao Group Holdings Ltd.,1227,Removal,Hang Seng China Enterprises Index,unchanged,1,1,0813.HK,0813.HK,parse_ok,0813.HK,0,2021-06-08,0,,,,,,,,,
2021-09-06,Hang Seng Index,Inclusion,868,0868.HK,XinYi Glass Holdings Ltd.,1304,Inclusion,Hang Seng Index,unchanged,1,1,0868.HK,0868.HK,parse_ok,0868.HK,1,2021-06-08,0,,,,,,,,,
2021-09-06,Hang Seng Composite Index,Removal,874,0874.HK,"Guangzhou Baiyunshan Pharmaceutical Holdings Co., Ltd.- H
Shares",1248,Removal,Hang Seng Composite Index,unchanged,1,1,0874.HK,0874.HK,parse_ok,0874.HK,0,2021-06-08,0,,,,,,,,,
2021-09-06,Hang Seng ESG 50 Index,Inclusion,884,0884.HK,"CIFI Holdings (Group) Co., Ltd.",1286,Inclusion,Hang Seng ESG 50 Index,unchanged,1,1,0884.HK,0884.HK,parse_ok,0884.HK,1,2021-06-08,0,,,,,,,,,
2021-09-06,Hang Seng Stock Connect Greater Bay Area Composite Index,Removal,895,0895.HK,"Dongjiang Environmental Co., Ltd.",1328,Removal,Hang Seng Stock Connect Greater Bay Area Composite Index,unchanged,1,1,0895.HK,0895.HK,parse_ok,0895.HK,0,2021-06-08,0,,,,,,,,,
2021-09-06,Hang Seng China Enterprises Index,Removal,914,0914.HK,"Anhui Conch Cement Co., Ltd.",1228,Removal,Hang Seng China Enterprises Index,unchanged,1,1,0914.HK,0914.HK,parse_ok,0914.HK,0,2021-06-08,0,,,,,,,,,
2021-09-06,Hang Seng Corporate Sustainability Index,Inclusion,941,0941.HK,China Mobile Ltd.,1270,Inclusion,Hang Seng Corporate Sustainability Index,unchanged,1,1,0941.HK,0941.HK,parse_ok,0941.HK,1,2021-06-08,0,,,,,,,,,
2021-09-06,Hang Seng Composite Index,Removal,978,0978.HK,China Merchants Land Ltd.,1249,Removal,Hang Seng Composite Index,unchanged,1,1,0978.HK,0978.HK,parse_ok,0978.HK,0,2021-06-08,0,,,,,,,,,
2021-09-06,Hang Seng China 50 Index,Removal,998,0998.HK,China CITIC Bank Corporation Ltd.,1184,Removal,Hang Seng China 50 Index,unchanged,1,1,0998.HK,0998.HK,parse_ok,0998.HK,0,2021-06-08,0,,,,,,,,,
2021-09-06,Hang Seng China 50 Index,Inclusion,1024,1024.HK,Kuaishou Technology - W,1177,Inclusion,Hang Seng China 50 Index,unchanged,1,1,1024.HK,1024.HK,parse_ok,1024.HK,1,2021-06-08,0,,,,,,,,,
2021-09-06,Hang Seng Stock Connect Greater Bay Area Composite Index,Removal,1052,1052.HK,Yuexiu Transport Infrastructure Ltd.,1329,Removal,Hang Seng Stock Connect Greater Bay Area Composite Index,unchanged,1,1,1052.HK,1052.HK,parse_ok,1052.HK,0,2021-06-08,0,,,,,,,,,
2021-09-06,Hang Seng Corporate Sustainability Index,Inclusion,1109,1109.HK,China Resources Land Ltd.,1271,Inclusion,Hang Seng Corporate Sustainability Index,unchanged,1,1,1109.HK,1109.HK,parse_ok,1109.HK,1,2021-06-08,0,,,,,,,,,
2021-09-06,Hang Seng ESG 50 Index,Inclusion,1113,1113.HK,CK Asset Holdings Ltd.,1287,Inclusion,Hang Seng ESG 50 Index,unchanged,1,1,1113.HK,1113.HK,parse_ok,1113.HK,1,2021-06-08,0,,,,,,,,,
2021-09-06,Hang Seng Composite Index,Removal,1119,1119.HK,iDreamSky Technology Holdings Ltd.,1250,Removal,Hang Seng Composite Index,unchanged,1,1,1119.HK,1119.HK,parse_ok,1119.HK,0,2021-06-08,0,,,,,,,,,
2021-09-06,Hang Seng Composite Index,Inclusion,1137,1137.HK,"Hong Kong Technology Venture Co., Ltd.",1231,Inclusion,Hang Seng Composite Index,unchanged,1,1,1137.HK,1137.HK,parse_ok,1137.HK,1,2021-06-08,0,,,,,,,,,
2021-09-06,Hang Seng Composite Index,Removal,1138,1138.HK,"COSCO SHIPPING Energy Transportation Co., Ltd. - H Shares",1251,Removal,Hang Seng Composite Index,unchanged,1,1,1138.HK,1138.HK,parse_ok,1138.HK,0,2021-06-08,0,,,,,,,,,
2021-09-06,Hang Seng China 50 Index,Inclusion,1211,1211.HK,"BYD Co., Ltd.",1178,Inclusion,Hang Seng China 50 Index,unchanged,1,1,1211.HK,1211.HK,parse_ok,1211.HK,1,2021-06-08,0,,,,,,,,,
2021-09-06,Hang Seng China 50 Index,Removal,1339,1339.HK,"The People's Insurance Co., (Group) of China Ltd.",1185,Removal,Hang Seng China 50 Index,unchanged,1,1,1339.HK,1339.HK,parse_ok,1339.HK,0,2021-06-08,0,,,,,,,,,
2021-09-06,Hang Seng Corporate Sustainability Index,Inclusion,1347,1347.HK,Hua Hong Semiconductor Ltd.,1272,Inclusion,Hang Seng Corporate Sustainability Index,unchanged,1,1,1347.HK,1347.HK,parse_ok,1347.HK,1,2021-06-08,0,,,,,,,,,
2021-09-06,Hang Seng ESG 50 Index,Inclusion,1347,1347.HK,Hua Hong Semiconductor Ltd.,1288,Inclusion,Hang Seng ESG 50 Index,unchanged,1,1,1347.HK,1347.HK,parse_ok,1347.HK,1,2021-06-08,0,,,,,,,,,
2021-09-06,Hang Seng Composite Index,Removal,1383,1383.HK,Suncity Group Holdings Ltd.,1252,Removal,Hang Seng Composite Index,unchanged,1,1,1383.HK,1383.HK,parse_ok,1383.HK,0,2021-06-08,0,,,,,,,,,
2021-09-06,Hang Seng Composite Index,Removal,1508,1508.HK,China Reinsurance (Group) Corporation - H Shares,1253,Removal,Hang Seng Composite Index,unchanged,1,1,1508.HK,1508.HK,parse_ok,1508.HK,0,2021-06-08,0,,,,,,,,,
2021-09-06,Hang Seng Composite Index,Removal,1558,1558.HK,"YiChang HEC ChangJiang Pharmaceutical Co., Ltd. - H Shares",1254,Removal,Hang Seng Composite Index,unchanged,1,1,1558.HK,1558.HK,parse_ok,1558.HK,0,2021-06-08,0,,,,,,,,,
2021-09-06,Hang Seng Stock Connect Greater Bay Area Composite Index,Removal,1558,1558.HK,"YiChang HEC ChangJiang Pharmaceutical Co., Ltd.",1330,Removal,Hang Seng Stock Connect Greater Bay Area Composite Index,unchanged,1,1,1558.HK,1558.HK,parse_ok,1558.HK,0,2021-06-08,0,,,,,,,,,
2021-09-06,Hang Seng Composite Index,Removal,1569,1569.HK,"Minsheng Education Group Co., Ltd.",1255,Removal,Hang Seng Composite Index,unchanged,1,1,1569.HK,1569.HK,parse_ok,1569.HK,0,2021-06-08,0,,,,,,,,,
2021-09-06,Hang Seng Composite Index,Removal,1778,1778.HK,"Colour Life Services Group Co., Ltd.",1256,Removal,Hang Seng Composite Index,unchanged,1,1,1778.HK,1778.HK,parse_ok,1778.HK,0,2021-06-08,0,,,,,,,,,
2021-09-06,Hang Seng TECH Index,Removal,1797,1797.HK,Koolearn Technology Holding Ltd.,1337,Removal,Hang Seng TECH Index,unchanged,1,1,1797.HK,1797.HK,parse_ok,1797.HK,0,2021-06-08,0,,,,,,,,,
2021-09-06,Hang Seng Composite Index,Removal,1817,1817.HK,Mulsanne Group Holding Ltd.,1257,Removal,Hang Seng Composite Index,unchanged,1,1,1817.HK,1817.HK,parse_ok,1817.HK,0,2021-06-08,0,,,,,,,,,
2021-09-06,Hang Seng Composite Index,Removal,1848,1848.HK,China Aircraft Leasing Group Holdings Ltd.,1258,Removal,Hang Seng Composite Index,unchanged,1,1,1848.HK,1848.HK,parse_ok,1848.HK,0,2021-06-08,0,,,,,,,,,
2021-09-06,Hang Seng Stock Connect Greater Bay Area Composite Index,Removal,1908,1908.HK,C&D International Investment Group Ltd.,1331,Removal,Hang Seng Stock Connect Greater Bay Area Composite Index,unchanged,1,1,1908.HK,1908.HK,parse_ok,1908.HK,0,2021-06-08,0,,,,,,,,,
2021-09-06,Hang Seng Corporate Sustainability Index,Inclusion,1929,1929.HK,Chow Tai Fook Jewellery Group Ltd.,1273,Inclusion,Hang Seng Corporate Sustainability Index,unchanged,1,1,1929.HK,1929.HK,parse_ok,1929.HK,1,2021-06-08,0,,,,,,,,,
2021-09-06,Hang Seng China 50 Index,Removal,1988,1988.HK,"China Minsheng Banking Corp., Ltd.",1186,Removal,Hang Seng China 50 Index,unchanged,1,1,1988.HK,1988.HK,parse_ok,1988.HK,0,2021-06-08,0,,,,,,,,,
2021-09-06,Hang Seng Composite Index,Inclusion,2150,2150.HK,Nayuki Holdings Ltd.,1232,Inclusion,Hang Seng Composite Index,unchanged,1,1,2150.HK,2150.HK,parse_ok,2150.HK,1,2021-06-08,0,,,,,,,,,
2021-09-06,Hang Seng Stock Connect Greater Bay Area Composite Index,Inclusion,2150,2150.HK,Nayuki Holdings Ltd.,1317,Inclusion,Hang Seng Stock Connect Greater Bay Area Composite Index,unchanged,1,1,2150.HK,2150.HK,parse_ok,2150.HK,1,2021-06-08,0,,,,,,,,,
2021-09-06,Hang Seng Composite Index,Inclusion,2171,2171.HK,CARsgen Therapeutics Holdings Ltd. - B,1233,Inclusion,Hang Seng Composite Index,unchanged,1,1,2171.HK,2171.HK,parse_ok,2171.HK,1,2021-06-08,0,,,,,,,,,
2021-09-06,Hang Seng Composite Index,Removal,2329,2329.HK,Guorui Properties Ltd.,1259,Removal,Hang Seng Composite Index,unchanged,1,1,2329.HK,2329.HK,parse_ok,2329.HK,0,2021-06-08,0,,,,,,,,,
2021-09-06,Hang Seng China Enterprises Index,Inclusion,2331,2331.HK,"Li Ning Co., Ltd.",1225,Inclusion,Hang Seng China Enterprises Index,unchanged,1,1,2331.HK,2331.HK,parse_ok,2331.HK,1,2021-06-08,0,,,,,,,,,
2021-09-06,Hang Seng Index,Inclusion,2331,2331.HK,"Li Ning Co., Ltd.",1305,Inclusion,Hang Seng Index,unchanged,1,1,2331.HK,2331.HK,parse_ok,2331.HK,1,2021-06-08,0,,,,,,,,,
2021-09-06,Hang Seng Composite Index,Inclusion,2362,2362.HK,"Jinchuan Group International Resources Co., Ltd.",1234,Inclusion,Hang Seng Composite Index,unchanged,1,1,2362.HK,2362.HK,parse_ok,2362.HK,1,2021-06-08,0,,,,,,,,,
2021-09-06,Hang Seng Corporate Sustainability Index,Inclusion,2382,2382.HK,Sunny Optical Technology (Group) Company Ltd.,1274,Inclusion,Hang Seng Corporate Sustainability Index,unchanged,1,1,2382.HK,2382.HK,parse_ok,2382.HK,1,2021-06-08,0,,,,,,,,,
2021-09-06,Hang Seng ESG 50 Index,Inclusion,2382,2382.HK,"Sunny Optical Technology (Group) Co., Ltd.",1289,Inclusion,Hang Seng ESG 50 Index,unchanged,1,1,2382.HK,2382.HK,parse_ok,2382.HK,1,2021-06-08,0,,,,,,,,,
2021-09-06,Hang Seng Composite Index,Removal,2386,2386.HK,"SINOPEC Engineering (Group) Co., Ltd. - H Shares",1260,Removal,Hang Seng Composite Index,unchanged,1,1,2386.HK,2386.HK,parse_ok,2386.HK,0,2021-06-08,0,,,,,,,,,
2021-09-06,Hang Seng Composite Index,Inclusion,2616,2616.HK,CStone Pharmaceuticals - B,1235,Inclusion,Hang Seng Composite Index,unchanged,1,1,2616.HK,2616.HK,parse_ok,2616.HK,1,2021-06-08,0,,,,,,,,,
2021-09-06,Hang Seng China Enterprises Index,Inclusion,2618,2618.HK,"JD Logistics, Inc.",1226,Inclusion,Hang Seng China Enterprises Index,unchanged,1,1,2618.HK,2618.HK,parse_ok,2618.HK,1,2021-06-08,0,,,,,,,,,
2021-09-06,Hang Seng ESG 50 Index,Inclusion,2689,2689.HK,Nine Dragons Paper (Holdings) Ltd.,1290,Inclusion,Hang Seng ESG 50 Index,unchanged,1,1,2689.HK,2689.HK,parse_ok,2689.HK,1,2021-06-08,0,,,,,,,,,
2021-09-06,Hang Seng Composite Index,Removal,2768,2768.HK,Jiayuan International Group Ltd.,1261,Removal,Hang Seng Composite Index,unchanged,1,1,2768.HK,2768.HK,parse_ok,2768.HK,0,2021-06-08,0,,,,,,,,,
2021-09-06,Hang Seng ESG 50 Index,Removal,2778,2778.HK,Champion Real Estate Investment Trust*,1302,Removal,Hang Seng ESG 50 Index,unchanged,1,1,2778.HK,2778.HK,parse_ok,2778.HK,0,2021-06-08,0,,,,,,,,,
2021-09-06,Hang Seng Composite Index,Removal,2877,2877.HK,China Shineway Pharmaceutical Group Ltd.,1262,Removal,Hang Seng Composite Index,unchanged,1,1,2877.HK,2877.HK,parse_ok,2877.HK,0,2021-06-08,0,,,,,,,,,
2021-09-06,Hang Seng Stock Connect Greater Bay Area Composite Index,Inclusion,300083,300083.SZ,"Guangdong Create Century Intelligent Equipment
Group Corporation Ltd.",1318,Inclusion,Hang Seng Stock Connect Greater Bay Area Composite Index,unchanged,1,1,300083.SZ,300083.SZ,parse_ok,300083.SZ,1,2021-06-08,0,,,,,,,,,
2021-09-06,Hang Seng (China A) Corporate Sustainability Index,Removal,300124,300124.SZ,"Shenzhen Inovance Technology Co., Ltd.",1168,Removal,Hang Seng (China A) Corporate Sustainability Index,unchanged,1,1,300124.SZ,300124.SZ,parse_ok,300124.SZ,0,2021-06-08,0,,,,,,,,,
2021-09-06,Hang Seng (China A) Corporate Sustainability Index,Inclusion,300274,300274.SZ,"Sungrow Power Supply Co., Ltd.",1163,Inclusion,Hang Seng (China A) Corporate Sustainability Index,unchanged,1,1,300274.SZ,300274.SZ,parse_ok,300274.SZ,1,2021-06-08,0,,,,,,,,,
2021-09-06,Hang Seng Stock Connect Greater Bay Area Composite Index,Removal,300377,300377.SZ,"Shenzhen Ysstech Info-Tech Co., Ltd",1332,Removal,Hang Seng Stock Connect Greater Bay Area Composite Index,unchanged,1,1,300377.SZ,300377.SZ,parse_ok,300377.SZ,0,2021-06-08,0,,,,,,,,,
2021-09-06,Hang Seng Stock Connect Greater Bay Area Composite Index,Removal,300676,300676.SZ,"Bgi Genomics Co., Ltd.",1333,Removal,Hang Seng Stock Connect Greater Bay Area Composite Index,unchanged,1,1,300676.SZ,300676.SZ,parse_ok,300676.SZ,0,2021-06-08,0,,,,,,,,,
2021-09-06,Hang Seng China A Top 100 Index,Inclusion,300760,300760.SZ,"Shenzhen Mindray Bio-Medical Electronics Co., Ltd.",1212,Inclusion,Hang Seng China A Top 100 Index,unchanged,1,1,300760.SZ,300760.SZ,parse_ok,300760.SZ,1,2021-06-08,0,,,,,,,,,
2021-09-06,Hang Seng Stock Connect Greater Bay Area Composite Index,Inclusion,300832,300832.SZ,"Shenzhen New Industries Biomedical Engineering
Co., Ltd.",1319,Inclusion,Hang Seng Stock Connect Greater Bay Area Composite Index,unchanged,1,1,300832.SZ,300832.SZ,parse_ok,300832.SZ,1,2021-06-08,0,,,,,,,,,
2021-09-06,Hang Seng Stock Connect Greater Bay Area Composite Index,Inclusion,300888,300888.SZ,"Winner Medical Co., Ltd.",1320,Inclusion,Hang Seng Stock Connect Greater Bay Area Composite Index,unchanged,1,1,300888.SZ,300888.SZ,parse_ok,300888.SZ,1,2021-06-08,0,,,,,,,,,
2021-09-06,Hang Seng China A Industry Top Index,Inclusion,300999,300999.SZ,"Yihai Kerry Arawana Holdings Co., Ltd.",1190,Inclusion,Hang Seng China A Industry Top Index,unchanged,1,1,300999.SZ,300999.SZ,parse_ok,300999.SZ,1,2021-06-08,0,,,,,,,,,
2021-09-06,Hang Seng China A Top 100 Index,Inclusion,300999,300999.SZ,"Yihai Kerry Arawana Holdings Co., Ltd.",1213,Inclusion,Hang Seng China A Top 100 Index,unchanged,1,1,300999.SZ,300999.SZ,parse_ok,300999.SZ,1,2021-06-08,0,,,,,,,,,
2021-09-06,Hang Seng ESG 50 Index,Removal,3311,3311.HK,China State Construction International Holdings Ltd.*,1303,Removal,Hang Seng ESG 50 Index,unchanged,1,1,3311.HK,3311.HK,parse_ok,3311.HK,0,2021-06-08,0,,,,,,,,,
2021-09-06,Hang Seng Index,Removal,3328,3328.HK,"Bank of Communications Co., Ltd. - H shares",1307,Removal,Hang Seng Index,unchanged,1,1,3328.HK,3328.HK,parse_ok,3328.HK,0,2021-06-08,0,,,,,,,,,
2021-09-06,Hang Seng ESG 50 Index,Inclusion,3380,3380.HK,Logan Group Company Ltd.,1291,Inclusion,Hang Seng ESG 50 Index,unchanged,1,1,3380.HK,3380.HK,parse_ok,3380.HK,1,2021-06-08,0,,,,,,,,,
2021-09-06,Hang Seng Stock Connect Greater Bay Area Composite Index,Removal,3613,3613.HK,"Beijing Tong Ren Tang Chinese Medicine Co., Ltd.",1334,Removal,Hang Seng Stock Connect Greater Bay Area Composite Index,unchanged,1,1,3613.HK,3613.HK,parse_ok,3613.HK,0,2021-06-08,0,,,,,,,,,
2021-09-06,Hang Seng Composite Index,Inclusion,3738,3738.HK,Vobile Group Ltd.,1236,Inclusion,Hang Seng Composite Index,unchanged,1,1,3738.HK,3738.HK,parse_ok,3738.HK,1,2021-06-08,0,,,,,,,,,
2021-09-06,Hang Seng Composite Index,Removal,3836,3836.HK,China Harmony Auto Holding Ltd.,1263,Removal,Hang Seng Composite Index,unchanged,1,1,3836.HK,3836.HK,parse_ok,3836.HK,0,2021-06-08,0,,,,,,,,,
2021-09-06,Hang Seng Composite Index,Removal,3958,3958.HK,DFZQ - H Shares,1264,Removal,Hang Seng Composite Index,unchanged,1,1,3958.HK,3958.HK,parse_ok,3958.HK,0,2021-06-08,0,,,,,,,,,
2021-09-06,Hang Seng Index,Inclusion,3968,3968.HK,"China Merchants Bank Co., Ltd. - H Shares",1306,Inclusion,Hang Seng Index,unchanged,1,1,3968.HK,3968.HK,parse_ok,3968.HK,1,2021-06-08,0,,,,,,,,,
2021-09-06,Hang Seng China A Industry Top Index,Removal,600018,600018.SH,"Shanghai International Port (Group) Co., Ltd.",1201,Removal,Hang Seng China A Industry Top Index,unchanged,1,1,600018.SH,600018.SS,parse_ok,600018.SS,0,2021-06-08,0,,,,,,,,,
2021-09-06,Hang Seng China A Top 100 Index,Removal,600029,600029.SH,"China Southern Airlines Co., Ltd.",1217,Removal,Hang Seng China A Top 100 Index,unchanged,1,1,600029.SH,600029.SS,parse_ok,600029.SS,0,2021-06-08,0,,,,,,,,,
2021-09-06,Hang Seng China 50 Index,Removal,600104,600104.SH,SAIC Motor Corporation Ltd.,1187,Removal,Hang Seng China 50 Index,unchanged,1,1,600104.SH,600104.SS,parse_ok,600104.SS,0,2021-06-08,0,,,,,,,,,
2021-09-06,Hang Seng China A Top 100 Index,Removal,600115,600115.SH,China Eastern Airlines Corporation Ltd.,1218,Removal,Hang Seng China A Top 100 Index,unchanged,1,1,600115.SH,600115.SS,parse_ok,600115.SS,0,2021-06-08,0,,,,,,,,,
2021-09-06,Hang Seng (China A) Corporate Sustainability Index,Removal,600183,600183.SH,"Shengyi Technology Co., Ltd.",1169,Removal,Hang Seng (China A) Corporate Sustainability Index,unchanged,1,1,600183.SH,600183.SS,parse_ok,600183.SS,0,2021-06-08,0,,,,,,,,,
2021-09-06,Hang Seng China A Industry Top Index,Removal,600188,600188.SH,"Yanzhou Coal Mining Co., Ltd.",1202,Removal,Hang Seng China A Industry Top Index,unchanged,1,1,600188.SH,600188.SS,parse_ok,600188.SS,0,2021-06-08,0,,,,,,,,,
2021-09-06,Hang Seng China A Top 100 Index,Removal,600188,600188.SH,"Yanzhou Coal Mining Co., Ltd.",1219,Removal,Hang Seng China A Top 100 Index,unchanged,1,1,600188.SH,600188.SS,parse_ok,600188.SS,0,2021-06-08,0,,,,,,,,,
2021-09-06,Hang Seng China A Top 100 Index,Removal,600340,600340.SH,"China Fortune Land Development Co., Ltd.",1220,Removal,Hang Seng China A Top 100 Index,unchanged,1,1,600340.SH,600340.SS,parse_ok,600340.SS,0,2021-06-08,0,,,,,,,,,
2021-09-06,Hang Seng (China A) Corporate Sustainability Index,Removal,600377,600377.SH,Jiangsu Expressway Company Ltd.*,1170,Removal,Hang Seng (China A) Corporate Sustainability Index,unchanged,1,1,600377.SH,600377.SS,parse_ok,600377.SS,0,2021-06-08,0,,,,,,,,,
2021-09-06,Hang Seng China A Top 100 Index,Removal,600383,600383.SH,Gemdale Corporation,1221,Removal,Hang Seng China A Top 100 Index,unchanged,1,1,600383.SH,600383.SS,parse_ok,600383.SS,0,2021-06-08,0,,,,,,,,,
2021-09-06,Hang Seng (China A) Corporate Sustainability Index,Inclusion,600588,600588.SH,"Yonyou Network Technology Co., Ltd.",1164,Inclusion,Hang Seng (China A) Corporate Sustainability Index,unchanged,1,1,600588.SH,600588.SS,parse_ok,600588.SS,1,2021-06-08,0,,,,,,,,,
2021-09-06,Hang Seng China A Industry Top Index,Removal,600606,600606.SH,Greenland Holdings Corporation Ltd.,1203,Removal,Hang Seng China A Industry Top Index,unchanged,1,1,600606.SH,600606.SS,parse_ok,600606.SS,0,2021-06-08,0,,,,,,,,,
2021-09-06,Hang Seng (China A) Corporate Sustainability Index,Removal,600690,600690.SH,"Haier Smart Home Co., Ltd.",1171,Removal,Hang Seng (China A) Corporate Sustainability Index,unchanged,1,1,600690.SH,600690.SS,parse_ok,600690.SS,0,2021-06-08,0,,,,,,,,,
2021-09-06,Hang Seng China A Industry Top Index,Inclusion,600690,600690.SH,"Haier Smart Home Co., Ltd.",1191,Inclusion,Hang Seng China A Industry Top Index,unchanged,1,1,600690.SH,600690.SS,parse_ok,600690.SS,1,2021-06-08,0,,,,,,,,,
2021-09-06,Hang Seng China A Industry Top Index,Removal,600703,600703.SH,"Sanan Optoelectronics Co., Ltd.",1204,Removal,Hang Seng China A Industry Top Index,unchanged,1,1,600703.SH,600703.SS,parse_ok,600703.SS,0,2021-06-08,0,,,,,,,,,
2021-09-06,Hang Seng China A Industry Top Index,Removal,600795,600795.SH,"GD Power Development Co., Ltd.",1205,Removal,Hang Seng China A Industry Top Index,unchanged,1,1,600795.SH,600795.SS,parse_ok,600795.SS,0,2021-06-08,0,,,,,,,,,
2021-09-06,Hang Seng (China A) Corporate Sustainability Index,Inclusion,600837,600837.SH,"Haitong Securities Co., Ltd.",1165,Inclusion,Hang Seng (China A) Corporate Sustainability Index,unchanged,1,1,600837.SH,600837.SS,parse_ok,600837.SS,1,2021-06-08,0,,,,,,,,,
2021-09-06,Hang Seng China A Top 100 Index,Removal,600886,600886.SH,"SDIC Power Holdings Co., Ltd.",1222,Removal,Hang Seng China A Top 100 Index,unchanged,1,1,600886.SH,600886.SS,parse_ok,600886.SS,0,2021-06-08,0,,,,,,,,,
2021-09-06,Hang Seng China A Industry Top Index,Inclusion,600905,600905.SH,"China Three Gorges Renewables (Group) Co., Ltd.",1192,Inclusion,Hang Seng China A Industry Top Index,unchanged,1,1,600905.SH,600905.SS,parse_ok,600905.SS,1,2021-06-08,0,,,,,,,,,
2021-09-06,Hang Seng (China A) Corporate Sustainability Index,Inclusion,600958,600958.SH,"Orient Securities Co., Ltd.",1166,Inclusion,Hang Seng (China A) Corporate Sustainability Index,unchanged,1,1,600958.SH,600958.SS,parse_ok,600958.SS,1,2021-06-08,0,,,,,,,,,
2021-09-06,Hang Seng China A Industry Top Index,Removal,601006,601006.SH,"Daqin Railway Co., Ltd.",1206,Removal,Hang Seng China A Industry Top Index,unchanged,1,1,601006.SH,601006.SS,parse_ok,601006.SS,0,2021-06-08,0,,,,,,,,,
2021-09-06,Hang Seng China 50 Index,Inclusion,601012,601012.SH,"Longi Green Energy Technology Co., Ltd.",1179,Inclusion,Hang Seng China 50 Index,unchanged,1,1,601012.SH,601012.SS,parse_ok,601012.SS,1,2021-06-08,0,,,,,,,,,
2021-09-06,Hang Seng China A Top 100 Index,Inclusion,601012,601012.SH,"Longi Green Energy Technology Co., Ltd.",1214,Inclusion,Hang Seng China A Top 100 Index,unchanged,1,1,601012.SH,601012.SS,parse_ok,601012.SS,1,2021-06-08,0,,,,,,,,,
2021-09-06,Hang Seng China A Top 100 Index,Inclusion,601066,601066.SH,"China Securities Co., Ltd.",1215,Inclusion,Hang Seng China A Top 100 Index,unchanged,1,1,601066.SH,601066.SS,parse_ok,601066.SS,1,2021-06-08,0,,,,,,,,,
2021-09-06,Hang Seng (China A) Corporate Sustainability Index,Inclusion,601088,601088.SH,"China Shenhua Energy Co., Ltd.",1167,Inclusion,Hang Seng (China A) Corporate Sustainability Index,unchanged,1,1,601088.SH,601088.SS,parse_ok,601088.SS,1,2021-06-08,0,,,,,,,,,
2021-09-06,Hang Seng China A Top 100 Index,Removal,601111,601111.SH,Air China Ltd.,1223,Removal,Hang Seng China A Top 100 Index,unchanged,1,1,601111.SH,601111.SS,parse_ok,601111.SS,0,2021-06-08,0,,,,,,,,,
2021-09-06,Hang Seng China A Industry Top Index,Removal,601360,601360.SH,360 Security Technology Inc.,1207,Removal,Hang Seng China A Industry Top Index,unchanged,1,1,601360.SH,601360.SS,parse_ok,601360.SS,0,2021-06-08,0,,,,,,,,,
2021-09-06,Hang Seng China A Top 100 Index,Removal,601607,601607.SH,"Shanghai Pharmaceuticals Holding Co., Ltd.",1224,Removal,Hang Seng China A Top 100 Index,unchanged,1,1,601607.SH,601607.SS,parse_ok,601607.SS,0,2021-06-08,0,,,,,,,,,
2021-09-06,Hang Seng (China A) Corporate Sustainability Index,Removal,601727,601727.SH,"Shanghai Electric Group Co., Ltd.",1172,Removal,Hang Seng (China A) Corporate Sustainability Index,unchanged,1,1,601727.SH,601727.SS,parse_ok,601727.SS,0,2021-06-08,0,,,,,,,,,
2021-09-06,Hang Seng (China A) Corporate Sustainability Index,Removal,601808,601808.SH,China Oilfield Services Ltd.*,1173,Removal,Hang Seng (China A) Corporate Sustainability Index,unchanged,1,1,601808.SH,601808.SS,parse_ok,601808.SS,0,2021-06-08,0,,,,,,,,,
2021-09-06,Hang Seng China A Industry Top Index,Inclusion,601808,601808.SH,China Oilfield Services Ltd.,1193,Inclusion,Hang Seng China A Industry Top Index,unchanged,1,1,601808.SH,601808.SS,parse_ok,601808.SS,1,2021-06-08,0,,,,,,,,,
2021-09-06,Hang Seng China A Industry Top Index,Removal,601816,601816.SH,"Beijing-Shanghai High Speed Railway Co., Ltd.",1208,Removal,Hang Seng China A Industry Top Index,unchanged,1,1,601816.SH,601816.SS,parse_ok,601816.SS,0,2021-06-08,0,,,,,,,,,
2021-09-06,Hang Seng China A Industry Top Index,Inclusion,601888,601888.SH,China Tourism Group Duty Free Corporation Ltd.,1194,Inclusion,Hang Seng China A Industry Top Index,unchanged,1,1,601888.SH,601888.SS,parse_ok,601888.SS,1,2021-06-08,0,,,,,,,,,
2021-09-06,Hang Seng China A Industry Top Index,Inclusion,601919,601919.SH,"COSCO SHIPPING Holdings Co., Ltd.",1195,Inclusion,Hang Seng China A Industry Top Index,unchanged,1,1,601919.SH,601919.SS,parse_ok,601919.SS,1,2021-06-08,0,,,,,,,,,
2021-09-06,Hang Seng China A Top 100 Index,Inclusion,601919,601919.SH,"COSCO SHIPPING Holdings Co., Ltd.",1216,Inclusion,Hang Seng China A Top 100 Index,unchanged,1,1,601919.SH,601919.SS,parse_ok,601919.SS,1,2021-06-08,0,,,,,,,,,
2021-09-06,Hang Seng (China A) Corporate Sustainability Index,Removal,601988,601988.SH,Bank of China Ltd.,1174,Removal,Hang Seng (China A) Corporate Sustainability Index,unchanged,1,1,601988.SH,601988.SS,parse_ok,601988.SS,0,2021-06-08,0,,,,,,,,,
2021-09-06,Hang Seng (China A) Corporate Sustainability Index,Removal,603019,603019.SH,"Dawning Information Industry Co., Ltd.",1175,Removal,Hang Seng (China A) Corporate Sustainability Index,unchanged,1,1,603019.SH,603019.SS,parse_ok,603019.SS,0,2021-06-08,0,,,,,,,,,
2021-09-06,Hang Seng China A Industry Top Index,Inclusion,603501,603501.SH,"Will Semiconductor Co., Ltd.",1196,Inclusion,Hang Seng China A Industry Top Index,unchanged,1,1,603501.SH,603501.SS,parse_ok,603501.SS,1,2021-06-08,0,,,,,,,,,
2021-09-06,Hang Seng Stock Connect Greater Bay Area Composite Index,Removal,6055,6055.HK,"China Tobacco International (HK) Co., Ltd.",1335,Removal,Hang Seng Stock Connect Greater Bay Area Composite Index,unchanged,1,1,6055.HK,6055.HK,parse_ok,6055.HK,0,2021-06-08,0,,,,,,,,,
2021-09-06,Hang Seng ESG 50 Index,Inclusion,6098,6098.HK,"Country Garden Services Holdings Co., Ltd.",1292,Inclusion,Hang Seng ESG 50 Index,unchanged,1,1,6098.HK,6098.HK,parse_ok,6098.HK,1,2021-06-08,0,,,,,,,,,
2021-09-06,Hang Seng Composite Index,Removal,6166,6166.HK,"China VAST Industrial Urban Development Co., Ltd.",1265,Removal,Hang Seng Composite Index,unchanged,1,1,6166.HK,6166.HK,parse_ok,6166.HK,0,2021-06-08,0,,,,,,,,,
2021-09-06,Hang Seng Composite Index,Inclusion,6600,6600.HK,SciClone Pharmaceuticals (Holdings) Ltd.,1237,Inclusion,Hang Seng Composite Index,unchanged,1,1,6600.HK,6600.HK,parse_ok,6600.HK,1,2021-06-08,0,,,,,,,,,
2021-09-06,Hang Seng Composite Index,Inclusion,6601,6601.HK,Cheerwin Group Ltd.,1238,Inclusion,Hang Seng Composite Index,unchanged,1,1,6601.HK,6601.HK,parse_ok,6601.HK,1,2021-06-08,0,,,,,,,,,
2021-09-06,Hang Seng Composite Index,Inclusion,6608,6608.HK,Bairong Inc. - W,1239,Inclusion,Hang Seng Composite Index,unchanged,1,1,6608.HK,6608.HK,parse_ok,6608.HK,1,2021-06-08,0,,,,,,,,,
2021-09-06,Hang Seng China 50 Index,Inclusion,6618,6618.HK,JD Health International Inc.,1180,Inclusion,Hang Seng China 50 Index,unchanged,1,1,6618.HK,6618.HK,parse_ok,6618.HK,1,2021-06-08,0,,,,,,,,,
2021-09-06,Hang Seng Composite Index,Inclusion,6699,6699.HK,Angelalign Technology Inc.,1240,Inclusion,Hang Seng Composite Index,unchanged,1,1,6699.HK,6699.HK,parse_ok,6699.HK,1,2021-06-08,0,,,,,,,,,
2021-09-06,Hang Seng Composite Index,Removal,6806,6806.HK,"Shenwan Hongyuan Group Co., Ltd. - H Shares",1266,Removal,Hang Seng Composite Index,unchanged,1,1,6806.HK,6806.HK,parse_ok,6806.HK,0,2021-06-08,0,,,,,,,,,
2021-09-06,Hang Seng Composite Index,Inclusion,6865,6865.HK,"Flat Glass Group Co., Ltd. - H Shares",1241,Inclusion,Hang Seng Composite Index,unchanged,1,1,6865.HK,6865.HK,parse_ok,6865.HK,1,2021-06-08,0,,,,,,,,,
2021-09-06,Hang Seng Composite Index,Removal,6869,6869.HK,"Yangtze Optical Fibre and Cable Joint Stock Ltd. Co., - H Shares",1267,Removal,Hang Seng Composite Index,unchanged,1,1,6869.HK,6869.HK,parse_ok,6869.HK,0,2021-06-08,0,,,,,,,,,
2021-09-06,Hang Seng China A Industry Top Index,Inclusion,688981,688981.SH,Semiconductor Manufacturing International Corporation,1197,Inclusion,Hang Seng China A Industry Top Index,unchanged,1,1,688981.SH,688981.SS,parse_ok,688981.SS,1,2021-06-08,0,,,,,,,,,
2021-09-06,Hang Seng Stock Connect Greater Bay Area Composite Index,Inclusion,6969,6969.HK,Smoore International Holdings Ltd.,1321,Inclusion,Hang Seng Stock Connect Greater Bay Area Composite Index,unchanged,1,1,6969.HK,6969.HK,parse_ok,6969.HK,1,2021-06-08,0,,,,,,,,,
2021-09-06,Hang Seng Composite Index,Inclusion,9858,9858.HK,China Youran Dairy Group Ltd.,1242,Inclusion,Hang Seng Composite Index,unchanged,1,1,9858.HK,9858.HK,parse_ok,9858.HK,1,2021-06-08,0,,,,,,,,,
2021-09-06,Hang Seng China 50 Index,Inclusion,9888,9888.HK,"Baidu, Inc. - SW",1181,Inclusion,Hang Seng China 50 Index,unchanged,1,1,9888.HK,9888.HK,parse_ok,9888.HK,1,2021-06-08,0,,,,,,,,,
2021-09-06,Hang Seng Composite Index,Inclusion,9939,9939.HK,Kintor Pharmaceutical Ltd. - B,1243,Inclusion,Hang Seng Composite Index,unchanged,1,1,9939.HK,9939.HK,parse_ok,9939.HK,1,2021-06-08,0,,,,,,,,,
2021-09-06,Hang Seng Composite Index,Inclusion,9959,9959.HK,Linklogis Inc. - W,1244,Inclusion,Hang Seng Composite Index,unchanged,1,1,9959.HK,9959.HK,parse_ok,9959.HK,1,2021-06-08,0,,,,,,,,,
2021-09-06,Hang Seng Composite Index,Inclusion,9961,9961.HK,Trip.com Group Ltd. - S,1245,Inclusion,Hang Seng Composite Index,unchanged,1,1,9961.HK,9961.HK,parse_ok,9961.HK,1,2021-06-08,0,,,,,,,,,
2021-09-06,Hang Seng TECH Index,Inclusion,9961,9961.HK,Trip.com Group Ltd. - S,1336,Inclusion,Hang Seng TECH Index,unchanged,1,1,9961.HK,9961.HK,parse_ok,9961.HK,1,2021-06-08,0,,,,,,,,,
2021-12-06,Hang Seng Index,Inclusion,291,0291.HK,"China Resources Beer (Holdings) Co., Ltd.",1343,Inclusion,Hang Seng Index,unchanged,1,1,0291.HK,0291.HK,parse_ok,0291.HK,1,2021-09-07,0,,,,,,,,,
2021-12-06,Hang Seng China Enterprises Index,Inclusion,1801,1801.HK,"Innovent Biologics, Inc.",1338,Inclusion,Hang Seng China Enterprises Index,unchanged,1,1,1801.HK,1801.HK,parse_ok,1801.HK,1,2021-09-07,0,,,,,,,,,
2021-12-06,Hang Seng Composite Index,Inclusion,2137,2137.HK,Brii Biosciences Ltd. – B,1340,Inclusion,Hang Seng Composite Index,unchanged,1,1,2137.HK,2137.HK,parse_ok,2137.HK,1,2021-09-07,0,,,,,,,,,
2021-12-06,Hang Seng Composite Index,Inclusion,2192,2192.HK,"Medlive Technology Co., Ltd.",1341,Inclusion,Hang Seng Composite Index,unchanged,1,1,2192.HK,2192.HK,parse_ok,2192.HK,1,2021-09-07,0,,,,,,,,,
2021-12-06,Hang Seng Index,Inclusion,2688,2688.HK,ENN Energy Holdings Ltd.,1344,Inclusion,Hang Seng Index,unchanged,1,1,2688.HK,2688.HK,parse_ok,2688.HK,1,2021-09-07,0,,,,,,,,,
2021-12-06,Hang Seng China Enterprises Index,Removal,3333,3333.HK,China Evergrande Group,1339,Removal,Hang Seng China Enterprises Index,unchanged,1,1,3333.HK,3333.HK,parse_ok,3333.HK,0,2021-09-07,0,,,,,,,,,
2021-12-06,Hang Seng Index,Inclusion,9618,9618.HK,"JD.com, Inc. – SW",1345,Inclusion,Hang Seng Index,unchanged,1,1,9618.HK,9618.HK,parse_ok,9618.HK,1,2021-09-07,0,,,,,,,,,
2021-12-06,Hang Seng Composite Index,Inclusion,9869,9869.HK,"Helens International Holdings Co., Ltd.",1342,Inclusion,Hang Seng Composite Index,unchanged,1,1,9869.HK,9869.HK,parse_ok,9869.HK,1,2021-09-07,0,,,,,,,,,
2021-12-06,Hang Seng Index,Inclusion,9999,9999.HK,"Netease, Inc. – S",1346,Inclusion,Hang Seng Index,unchanged,1,1,9999.HK,9999.HK,parse_ok,9999.HK,1,2021-09-07,0,,,,,,,,,
2022-06-13,Hang Seng Index,Inclusion,316,0316.HK,Orient Overseas (International) Ltd.,1350,Inclusion,Hang Seng Index,unchanged,1,1,0316.HK,0316.HK,parse_ok,0316.HK,1,2022-03-15,0,,,,,,,,,
2022-06-13,Hang Seng TECH Index,Removal,522,0522.HK,ASM Pacific Technology Ltd.,1356,Removal,Hang Seng TECH Index,unchanged,1,1,0522.HK,0522.HK,parse_ok,0522.HK,0,2022-03-15,0,,,,,,,,,
2022-06-13,Hang Seng Index,Inclusion,881,0881.HK,Zhongsheng Group Holdings Ltd.,1351,Inclusion,Hang Seng Index,unchanged,1,1,0881.HK,0881.HK,parse_ok,0881.HK,1,2022-03-15,0,,,,,,,,,
2022-06-13,Hang Seng Index,Inclusion,981,0981.HK,Semiconductor Manufacturing International Corporation,1352,Inclusion,Hang Seng Index,unchanged,1,1,0981.HK,0981.HK,parse_ok,0981.HK,1,2022-03-15,0,,,,,,,,,
2022-06-13,Hang Seng China Enterprises Index,Inclusion,992,0992.HK,Lenovo Group Ltd.,1347,Inclusion,Hang Seng China Enterprises Index,unchanged,1,1,0992.HK,0992.HK,parse_ok,0992.HK,1,2022-03-15,0,,,,,,,,,
2022-06-13,Hang Seng Index,Inclusion,1378,1378.HK,China Hongqiao Group Ltd.,1353,Inclusion,Hang Seng Index,unchanged,1,1,1378.HK,1378.HK,parse_ok,1378.HK,1,2022-03-15,0,,,,,,,,,
2022-06-13,Hang Seng Index,Removal,2018,2018.HK,AAC Technologies Holdings Inc.,1354,Removal,Hang Seng Index,unchanged,1,1,2018.HK,2018.HK,parse_ok,2018.HK,0,2022-03-15,0,,,,,,,,,
2022-06-13,Hang Seng China Enterprises Index,Removal,3692,3692.HK,Hansoh Pharmaceutical Group Co. Ltd.,1348,Removal,Hang Seng China Enterprises Index,unchanged,1,1,3692.HK,3692.HK,parse_ok,3692.HK,0,2022-03-15,0,,,,,,,,,
2022-06-13,Hang Seng Composite Index,Inclusion,9866,9866.HK,NIO INC. - SW,1349,Inclusion,Hang Seng Composite Index,unchanged,1,1,9866.HK,9866.HK,parse_ok,9866.HK,1,2022-03-15,0,,,,,,,,,
2022-06-13,Hang Seng TECH Index,Inclusion,9866,9866.HK,NIO INC. - SW,1355,Inclusion,Hang Seng TECH Index,unchanged,1,1,9866.HK,9866.HK,parse_ok,9866.HK,1,2022-03-15,0,,,,,,,,,
2022-12-05,Hang Seng China Enterprises Index,Removal,241,0241.HK,Alibaba Health Information Technology Ltd.,1361,Removal,Hang Seng China Enterprises Index,unchanged,1,1,0241.HK,0241.HK,parse_ok,0241.HK,0,2022-09-06,0,,,,,,,,,
2022-12-05,Hang Seng Stock Connect China Enterprises Index,Removal,241,0241.HK,Alibaba Health Information Technology Ltd.,1375,Removal,Hang Seng Stock Connect China Enterprises Index,unchanged,1,1,0241.HK,0241.HK,parse_ok,0241.HK,0,2022-09-06,0,,,,,,,,,
2022-12-05,Hang Seng Index,Inclusion,322,0322.HK,Tingyi (Cayman Islands) Holding Corp.,1368,Inclusion,Hang Seng Index,unchanged,1,1,0322.HK,0322.HK,parse_ok,0322.HK,1,2022-09-06,0,,,,,,,,,
2022-12-05,Hang Seng China Enterprises Index,Removal,384,0384.HK,China Gas Holdings Ltd.,1362,Removal,Hang Seng China Enterprises Index,unchanged,1,1,0384.HK,0384.HK,parse_ok,0384.HK,0,2022-09-06,0,,,,,,,,,
2022-12-05,Hang Seng Stock Connect China Enterprises Index,Removal,384,0384.HK,China Gas Holdings Ltd.,1376,Removal,Hang Seng Stock Connect China Enterprises Index,unchanged,1,1,0384.HK,0384.HK,parse_ok,0384.HK,0,2022-09-06,0,,,,,,,,,
2022-12-05,Hang Seng China Enterprises Index,Inclusion,857,0857.HK,PetroChina Co. Ltd. - H Shares,1357,Inclusion,Hang Seng China Enterprises Index,unchanged,1,1,0857.HK,0857.HK,parse_ok,0857.HK,1,2022-09-06,0,,,,,,,,,
2022-12-05,Hang Seng Stock Connect China Enterprises Index,Inclusion,857,0857.HK,PetroChina Co. Ltd. - H Shares,1371,Inclusion,Hang Seng Stock Connect China Enterprises Index,unchanged,1,1,0857.HK,0857.HK,parse_ok,0857.HK,1,2022-09-06,0,,,,,,,,,
2022-12-05,Hang Seng China Enterprises Index,Inclusion,881,0881.HK,Zhongsheng Group Holdings Ltd.,1358,Inclusion,Hang Seng China Enterprises Index,unchanged,1,1,0881.HK,0881.HK,parse_ok,0881.HK,1,2022-09-06,0,,,,,,,,,
2022-12-05,Hang Seng Stock Connect China Enterprises Index,Inclusion,881,0881.HK,Zhongsheng Group Holdings Ltd.,1372,Inclusion,Hang Seng Stock Connect China Enterprises Index,unchanged,1,1,0881.HK,0881.HK,parse_ok,0881.HK,1,2022-09-06,0,,,,,,,,,
2022-12-05,Hang Seng Index,Inclusion,1209,1209.HK,China Resources Mixc Lifestyle Services Ltd.,1369,Inclusion,Hang Seng Index,unchanged,1,1,1209.HK,1209.HK,parse_ok,1209.HK,1,2022-09-06,0,,,,,,,,,
2022-12-05,Hang Seng Composite Index,Inclusion,1698,1698.HK,Tencent Music Entertainment Group - SW,1365,Inclusion,Hang Seng Composite Index,unchanged,1,1,1698.HK,1698.HK,parse_ok,1698.HK,1,2022-09-06,0,,,,,,,,,
2022-12-05,Hang Seng China Enterprises Index,Removal,1801,1801.HK,"Innovent Biologics, Inc.",1363,Removal,Hang Seng China Enterprises Index,unchanged,1,1,1801.HK,1801.HK,parse_ok,1801.HK,0,2022-09-06,0,,,,,,,,,
2022-12-05,Hang Seng Stock Connect China Enterprises Index,Removal,1801,1801.HK,"Innovent Biologics, Inc.",1377,Removal,Hang Seng Stock Connect China Enterprises Index,unchanged,1,1,1801.HK,1801.HK,parse_ok,1801.HK,0,2022-09-06,0,,,,,,,,,
2022-12-05,Hang Seng Composite Index,Inclusion,1880,1880.HK,China Tourism Group Duty Free Corporation Ltd. - H Shares,1366,Inclusion,Hang Seng Composite Index,unchanged,1,1,1880.HK,1880.HK,parse_ok,1880.HK,1,2022-09-06,0,,,,,,,,,
2022-12-05,Hang Seng China Enterprises Index,Inclusion,2015,2015.HK,Li Auto Inc. - W,1359,Inclusion,Hang Seng China Enterprises Index,unchanged,1,1,2015.HK,2015.HK,parse_ok,2015.HK,1,2022-09-06,0,,,,,,,,,
2022-12-05,Hang Seng Stock Connect China Enterprises Index,Inclusion,2015,2015.HK,Li Auto Inc. - W,1373,Inclusion,Hang Seng Stock Connect China Enterprises Index,unchanged,1,1,2015.HK,2015.HK,parse_ok,2015.HK,1,2022-09-06,0,,,,,,,,,
2022-12-05,Hang Seng Stock Connect China Enterprises Index,Removal,601857,601857.SH,PetroChina Company Limited,1378,Removal,Hang Seng Stock Connect China Enterprises Index,unchanged,1,1,601857.SH,601857.SS,parse_ok,601857.SS,0,2022-09-06,0,,,,,,,,,
2022-12-05,Hang Seng China Enterprises Index,Inclusion,6690,6690.HK,"Haier Smart Home Co., Ltd. - H Shares",1360,Inclusion,Hang Seng China Enterprises Index,unchanged,1,1,6690.HK,6690.HK,parse_ok,6690.HK,1,2022-09-06,0,,,,,,,,,
2022-12-05,Hang Seng Index,Inclusion,6690,6690.HK,"Haier Smart Home Co., Ltd. - H Shares",1370,Inclusion,Hang Seng Index,unchanged,1,1,6690.HK,6690.HK,parse_ok,6690.HK,1,2022-09-06,0,,,,,,,,,
2022-12-05,Hang Seng Stock Connect China Enterprises Index,Inclusion,6690,6690.HK,"Haier Smart Home Co., Ltd. - H Shares",1374,Inclusion,Hang Seng Stock Connect China Enterprises Index,unchanged,1,1,6690.HK,6690.HK,parse_ok,6690.HK,1,2022-09-06,0,,,,,,,,,
2022-12-05,Hang Seng China Enterprises Index,Removal,9626,9626.HK,Bilibili Inc. - W,1364,Removal,Hang Seng China Enterprises Index,unchanged,1,1,9626.HK,9626.HK,parse_ok,9626.HK,0,2022-09-06,0,,,,,,,,,
2022-12-05,Hang Seng Composite Index,Inclusion,9863,9863.HK,"Zhejiang Leapmotor Technology Co., Ltd. - H Shares",1367,Inclusion,Hang Seng Composite Index,unchanged,1,1,9863.HK,9863.HK,parse_ok,9863.HK,1,2022-09-06,0,,,,,,,,,
2023-12-04,Hang Seng Index,Inclusion,2015,2015.HK,Li Auto Inc. - W,1385,Inclusion,Hang Seng Index,unchanged,1,1,2015.HK,2015.HK,parse_ok,2015.HK,1,2023-09-05,0,,,,,,,,,
2023-12-04,Hang Seng Index,Inclusion,2359,2359.HK,"WuXi AppTec Co., Ltd. - H Shares",1386,Inclusion,Hang Seng Index,unchanged,1,1,2359.HK,2359.HK,parse_ok,2359.HK,1,2023-09-05,0,,,,,,,,,
2023-12-04,Hang Seng Composite Index,Inclusion,3650,3650.HK,Keep Inc.,1379,Inclusion,Hang Seng Composite Index,unchanged,1,1,3650.HK,3650.HK,parse_ok,3650.HK,1,2023-09-05,0,,,,,,,,,
2023-12-04,Hang Seng Hong Kong-Listed Biotech Index,Inclusion,3933,3933.HK,The United Laboratories International Holdings Ltd.,1381,Inclusion,Hang Seng Hong Kong-Listed Biotech Index,unchanged,1,1,3933.HK,3933.HK,parse_ok,3933.HK,1,2023-09-05,0,,,,,,,,,
2023-12-04,Hang Seng Hong Kong-Listed Biotech Index,Removal,6929,6929.HK,OrbusNeich Medical Group Holdings Ltd.,1383,Removal,Hang Seng Hong Kong-Listed Biotech Index,unchanged,1,1,6929.HK,6929.HK,parse_ok,6929.HK,0,2023-09-05,0,,,,,,,,,
2023-12-04,Hang Seng Composite Index,Inclusion,9690,9690.HK,TUHU Car Inc. - W,1380,Inclusion,Hang Seng Composite Index,unchanged,1,1,9690.HK,9690.HK,parse_ok,9690.HK,1,2023-09-05,0,,,,,,,,,
2023-12-04,Hang Seng Hong Kong-Listed Biotech Index,Inclusion,9885,9885.HK,YSB Inc.,1382,Inclusion,Hang Seng Hong Kong-Listed Biotech Index,unchanged,1,1,9885.HK,9885.HK,parse_ok,9885.HK,1,2023-09-05,0,,,,,,,,,
2023-12-04,Hang Seng Hong Kong-Listed Biotech Index,Removal,9955,9955.HK,ClouDr Group Ltd.,1384,Removal,Hang Seng Hong Kong-Listed Biotech Index,unchanged,1,1,9955.HK,9955.HK,parse_ok,9955.HK,0,2023-09-05,0,,,,,,,,,
2024-03-04,Hang Seng Stock Connect Greater Bay Area Composite Index,Removal,000078,000078.SZ,"Shenzhen Neptunus Bioengineering Co., Ltd.",1438,Removal,Hang Seng Stock Connect Greater Bay Area Composite Index,unchanged,1,1,000078.SZ,000078.SZ,parse_ok,000078.SZ,0,2023-12-05,0,,,,,,,,,
2024-03-04,Hang Seng Stock Connect China Enterprises Index,Inclusion,000333,000333.SZ,"Midea Group Co., Ltd.",1425,Inclusion,Hang Seng Stock Connect China Enterprises Index,unchanged,1,1,000333.SZ,000333.SZ,parse_ok,000333.SZ,1,2023-12-05,0,,,,,,,,,
2024-03-04,Hang Seng Stock Connect Greater Bay Area Composite Index,Removal,000893,000893.SZ,"Asia-Potash International Investment (Guangzhou) Co., Ltd.",1439,Removal,Hang Seng Stock Connect Greater Bay Area Composite Index,unchanged,1,1,000893.SZ,000893.SZ,parse_ok,000893.SZ,0,2023-12-05,0,,,,,,,,,
2024-03-04,Hang Seng Stock Connect Greater Bay Area Composite Index,Inclusion,001323,001323.SZ,"De Rucci Healthy Sleep Co., Ltd.",1429,Inclusion,Hang Seng Stock Connect Greater Bay Area Composite Index,unchanged,1,1,001323.SZ,001323.SZ,parse_ok,001323.SZ,1,2023-12-05,0,,,,,,,,,
2024-03-04,Hang Seng Stock Connect Greater Bay Area Composite Index,Removal,002163,002163.SZ,"Hainan Development Holdings Nanhai Co., Ltd.",1440,Removal,Hang Seng Stock Connect Greater Bay Area Composite Index,unchanged,1,1,002163.SZ,002163.SZ,parse_ok,002163.SZ,0,2023-12-05,0,,,,,,,,,
2024-03-04,Hang Seng Stock Connect Greater Bay Area Composite Index,Removal,002670,002670.SZ,Guosheng Financial Holding Inc.,1441,Removal,Hang Seng Stock Connect Greater Bay Area Composite Index,unchanged,1,1,002670.SZ,002670.SZ,parse_ok,002670.SZ,0,2023-12-05,0,,,,,,,,,
2024-03-04,Hang Seng Stock Connect Greater Bay Area Composite Index,Removal,336,0336.HK,Huabao International Holdings Ltd.,1442,Removal,Hang Seng Stock Connect Greater Bay Area Composite Index,unchanged,1,1,0336.HK,0336.HK,parse_ok,0336.HK,0,2023-12-05,0,,,,,,,,,
2024-03-04,Hang Seng Composite Index,Inclusion,412,0412.HK,Shandong Hi-Speed Holdings Group Ltd.,1389,Inclusion,Hang Seng Composite Index,unchanged,1,1,0412.HK,0412.HK,parse_ok,0412.HK,1,2023-12-05,0,,,,,,,,,
2024-03-04,Hang Seng Hong Kong-Listed Biotech Index,Removal,512,0512.HK,Grand Pharmaceutical Group Ltd.,1423,Removal,Hang Seng Hong Kong-Listed Biotech Index,unchanged,1,1,0512.HK,0512.HK,parse_ok,0512.HK,0,2023-12-05,0,,,,,,,,,
2024-03-04,Hang Seng Composite Index,Inclusion,666,0666.HK,"REPT BATTERO Energy Co., Ltd. - H Shares",1390,Inclusion,Hang Seng Composite Index,unchanged,1,1,0666.HK,0666.HK,parse_ok,0666.HK,1,2023-12-05,0,,,,,,,,,
2024-03-04,Hang Seng China Enterprises Index,Inclusion,762,0762.HK,China Unicom (Hong Kong) Ltd.,1387,Inclusion,Hang Seng China Enterprises Index,unchanged,1,1,0762.HK,0762.HK,parse_ok,0762.HK,1,2023-12-05,0,,,,,,,,,
2024-03-04,Hang Seng Stock Connect China Enterprises Index,Inclusion,762,0762.HK,China Unicom (Hong Kong) Ltd.,1426,Inclusion,Hang Seng Stock Connect China Enterprises Index,unchanged,1,1,0762.HK,0762.HK,parse_ok,0762.HK,1,2023-12-05,0,,,,,,,,,
2024-03-04,Hang Seng TECH Index,Inclusion,780,0780.HK,Tongcheng Travel Holdings Ltd.,1447,Inclusion,Hang Seng TECH Index,unchanged,1,1,0780.HK,0780.HK,parse_ok,0780.HK,1,2023-12-05,0,,,,,,,,,
2024-03-04,Hang Seng Composite Index,Inclusion,813,0813.HK,Shimao Group Holdings Ltd.,1391,Inclusion,Hang Seng Composite Index,unchanged,1,1,0813.HK,0813.HK,parse_ok,0813.HK,1,2023-12-05,0,,,,,,,,,
2024-03-04,Hang Seng China Enterprises Index,Removal,881,0881.HK,Zhongsheng Group Holdings Ltd.,1388,Removal,Hang Seng China Enterprises Index,unchanged,1,1,0881.HK,0881.HK,parse_ok,0881.HK,0,2023-12-05,0,,,,,,,,,
2024-03-04,Hang Seng Stock Connect China Enterprises Index,Removal,881,0881.HK,Zhongsheng Group Holdings Ltd.,1427,Removal,Hang Seng Stock Connect China Enterprises Index,unchanged,1,1,0881.HK,0881.HK,parse_ok,0881.HK,0,2023-12-05,0,,,,,,,,,
2024-03-04,Hang Seng Composite Index,Inclusion,884,0884.HK,"CIFI Holdings (Group) Co., Ltd.",1392,Inclusion,Hang Seng Composite Index,unchanged,1,1,0884.HK,0884.HK,parse_ok,0884.HK,1,2023-12-05,0,,,,,,,,,
2024-03-04,Hang Seng Composite Index,Inclusion,921,0921.HK,"Hisense Home Appliances Group Co., Ltd. - H Shares",1393,Inclusion,Hang Seng Composite Index,unchanged,1,1,0921.HK,0921.HK,parse_ok,0921.HK,1,2023-12-05,0,,,,,,,,,
2024-03-04,Hang Seng Composite Index,Inclusion,1381,1381.HK,"Canvest Environmental Protection Group Co., Ltd.",1394,Inclusion,Hang Seng Composite Index,unchanged,1,1,1381.HK,1381.HK,parse_ok,1381.HK,1,2023-12-05,0,,,,,,,,,
2024-03-04,Hang Seng Hong Kong-Listed Biotech Index,Inclusion,1513,1513.HK,Livzon Pharmaceutical Group Inc. - H Shares,1421,Inclusion,Hang Seng Hong Kong-Listed Biotech Index,unchanged,1,1,1513.HK,1513.HK,parse_ok,1513.HK,1,2023-12-05,0,,,,,,,,,
2024-03-04,Hang Seng Composite Index,Inclusion,1519,1519.HK,J&T Global Express Ltd. - W,1395,Inclusion,Hang Seng Composite Index,unchanged,1,1,1519.HK,1519.HK,parse_ok,1519.HK,1,2023-12-05,0,,,,,,,,,
2024-03-04,Hang Seng Composite Index,Inclusion,1541,1541.HK,ImmuneOnco Biopharmaceuticals (Shanghai) Inc. - B - H Shares,1396,Inclusion,Hang Seng Composite Index,unchanged,1,1,1541.HK,1541.HK,parse_ok,1541.HK,1,2023-12-05,0,,,,,,,,,
2024-03-04,Hang Seng Stock Connect Greater Bay Area Composite Index,Removal,1686,1686.HK,SUNeVision Holdings Ltd.,1443,Removal,Hang Seng Stock Connect Greater Bay Area Composite Index,unchanged,1,1,1686.HK,1686.HK,parse_ok,1686.HK,0,2023-12-05,0,,,,,,,,,
2024-03-04,Hang Seng Composite Index,Inclusion,1735,1735.HK,Central New Energy Holding Group Ltd.,1397,Inclusion,Hang Seng Composite Index,unchanged,1,1,1735.HK,1735.HK,parse_ok,1735.HK,1,2023-12-05,0,,,,,,,,,
2024-03-04,Hang Seng Stock Connect Greater Bay Area Composite Index,Inclusion,1735,1735.HK,Central New Energy Holding Group Ltd.,1430,Inclusion,Hang Seng Stock Connect Greater Bay Area Composite Index,unchanged,1,1,1735.HK,1735.HK,parse_ok,1735.HK,1,2023-12-05,0,,,,,,,,,
2024-03-04,Hang Seng Stock Connect Greater Bay Area Composite Index,Inclusion,1942,1942.HK,MOG Digitech Holdings Ltd.,1431,Inclusion,Hang Seng Stock Connect Greater Bay Area Composite Index,unchanged,1,1,1942.HK,1942.HK,parse_ok,1942.HK,1,2023-12-05,0,,,,,,,,,
2024-03-04,Hang Seng Composite Index,Inclusion,1963,1963.HK,"Bank of Chongqing Co., Ltd. - H Shares",1398,Inclusion,Hang Seng Composite Index,unchanged,1,1,1963.HK,1963.HK,parse_ok,1963.HK,1,2023-12-05,0,,,,,,,,,
2024-03-04,Hang Seng Composite Index,Inclusion,1969,1969.HK,"China Chunlai Education Group Co., Ltd.",1399,Inclusion,Hang Seng Composite Index,unchanged,1,1,1969.HK,1969.HK,parse_ok,1969.HK,1,2023-12-05,0,,,,,,,,,
2024-03-04,Hang Seng Stock Connect Greater Bay Area Composite Index,Removal,2150,2150.HK,Nayuki Holdings Ltd.,1444,Removal,Hang Seng Stock Connect Greater Bay Area Composite Index,unchanged,1,1,2150.HK,2150.HK,parse_ok,2150.HK,0,2023-12-05,0,,,,,,,,,
2024-03-04,Hang Seng Composite Index,Inclusion,2169,2169.HK,Canggang Railway Ltd.,1400,Inclusion,Hang Seng Composite Index,unchanged,1,1,2169.HK,2169.HK,parse_ok,2169.HK,1,2023-12-05,0,,,,,,,,,
2024-03-04,Hang Seng Composite Index,Inclusion,2268,2268.HK,WuXi XDC Cayman Inc.,1401,Inclusion,Hang Seng Composite Index,unchanged,1,1,2268.HK,2268.HK,parse_ok,2268.HK,1,2023-12-05,0,,,,,,,,,
2024-03-04,Hang Seng Hong Kong-Listed Biotech Index,Inclusion,2268,2268.HK,WuXi XDC Cayman Inc.,1422,Inclusion,Hang Seng Hong Kong-Listed Biotech Index,unchanged,1,1,2268.HK,2268.HK,parse_ok,2268.HK,1,2023-12-05,0,,,,,,,,,
2024-03-04,Hang Seng Composite Index,Inclusion,2429,2429.HK,Beijing UBOX Online Technology Corp. - H Shares,1402,Inclusion,Hang Seng Composite Index,unchanged,1,1,2429.HK,2429.HK,parse_ok,2429.HK,1,2023-12-05,0,,,,,,,,,
2024-03-04,Hang Seng Composite Index,Inclusion,2511,2511.HK,"HighTide Therapeutics, Inc. - B",1403,Inclusion,Hang Seng Composite Index,unchanged,1,1,2511.HK,2511.HK,parse_ok,2511.HK,1,2023-12-05,0,,,,,,,,,
2024-03-04,Hang Seng Composite Index,Inclusion,2517,2517.HK,"Guoquan Food (Shanghai) Co., Ltd. - H Shares",1404,Inclusion,Hang Seng Composite Index,unchanged,1,1,2517.HK,2517.HK,parse_ok,2517.HK,1,2023-12-05,0,,,,,,,,,
2024-03-04,Hang Seng Composite Index,Inclusion,2877,2877.HK,China Shineway Pharmaceutical Group Ltd.,1405,Inclusion,Hang Seng Composite Index,unchanged,1,1,2877.HK,2877.HK,parse_ok,2877.HK,1,2023-12-05,0,,,,,,,,,
2024-03-04,Hang Seng Stock Connect Greater Bay Area Composite Index,Removal,300671,300671.SZ,"Fine Made Microelectronics Group Co., Ltd.",1445,Removal,Hang Seng Stock Connect Greater Bay Area Composite Index,unchanged,1,1,300671.SZ,300671.SZ,parse_ok,300671.SZ,0,2023-12-05,0,,,,,,,,,
2024-03-04,Hang Seng Stock Connect Greater Bay Area Composite Index,Inclusion,301510,301510.SZ,"Googol Technology Co., Ltd.",1432,Inclusion,Hang Seng Stock Connect Greater Bay Area Composite Index,unchanged,1,1,301510.SZ,301510.SZ,parse_ok,301510.SZ,1,2023-12-05,0,,,,,,,,,
2024-03-04,Hang Seng Stock Connect Greater Bay Area Composite Index,Removal,3319,3319.HK,"A-Living Smart City Services Co., Ltd. - H Shares",1446,Removal,Hang Seng Stock Connect Greater Bay Area Composite Index,unchanged,1,1,3319.HK,3319.HK,parse_ok,3319.HK,0,2023-12-05,0,,,,,,,,,
2024-03-04,Hang Seng Composite Index,Removal,3877,3877.HK,"CSSC (Hong Kong) Shipping Co., Ltd.",1414,Removal,Hang Seng Composite Index,unchanged,1,1,3877.HK,3877.HK,parse_ok,3877.HK,0,2023-12-05,0,,,,,,,,,
2024-03-04,Hang Seng Stock Connect China Enterprises Index,Removal,600438,600438.SH,"Tongwei Co., Ltd.",1428,Removal,Hang Seng Stock Connect China Enterprises Index,unchanged,1,1,600438.SH,600438.SS,parse_ok,600438.SS,0,2023-12-05,0,,,,,,,,,
2024-03-04,Hang Seng Hong Kong-Listed Biotech Index,Removal,6185,6185.HK,CanSino Biologics Inc. - H Shares,1424,Removal,Hang Seng Hong Kong-Listed Biotech Index,unchanged,1,1,6185.HK,6185.HK,parse_ok,6185.HK,0,2023-12-05,0,,,,,,,,,
2024-03-04,Hang Seng Composite Index,Removal,6610,6610.HK,Flowing Cloud Technology Ltd,1415,Removal,Hang Seng Composite Index,unchanged,1,1,6610.HK,6610.HK,parse_ok,6610.HK,0,2023-12-05,0,,,,,,,,,
2024-03-04,Hang Seng Composite Index,Inclusion,6666,6666.HK,Evergrande Property Services Group Ltd.,1406,Inclusion,Hang Seng Composite Index,unchanged,1,1,6666.HK,6666.HK,parse_ok,6666.HK,1,2023-12-05,0,,,,,,,,,
2024-03-04,Hang Seng Stock Connect Greater Bay Area Composite Index,Inclusion,6666,6666.HK,Evergrande Property Services Group Ltd.,1433,Inclusion,Hang Seng Stock Connect Greater Bay Area Composite Index,unchanged,1,1,6666.HK,6666.HK,parse_ok,6666.HK,1,2023-12-05,0,,,,,,,,,
2024-03-04,Hang Seng Composite Index,Inclusion,6682,6682.HK,"Beijing Fourth Paradigm Technology Co., Ltd. - H Shares",1407,Inclusion,Hang Seng Composite Index,unchanged,1,1,6682.HK,6682.HK,parse_ok,6682.HK,1,2023-12-05,0,,,,,,,,,
2024-03-04,Hang Seng Composite Index,Inclusion,6683,6683.HK,Star Plus Legend Holdings Ltd.,1408,Inclusion,Hang Seng Composite Index,unchanged,1,1,6683.HK,6683.HK,parse_ok,6683.HK,1,2023-12-05,0,,,,,,,,,
2024-03-04,Hang Seng Composite Index,Removal,6878,6878.HK,Differ Group Auto Ltd.,1416,Removal,Hang Seng Composite Index,unchanged,1,1,6878.HK,6878.HK,parse_ok,6878.HK,0,2023-12-05,0,,,,,,,,,
2024-03-04,Hang Seng Stock Connect Greater Bay Area Composite Index,Inclusion,688114,688114.SH,"Mgi Tech Co., Ltd.",1434,Inclusion,Hang Seng Stock Connect Greater Bay Area Composite Index,unchanged,1,1,688114.SH,688114.SS,parse_ok,688114.SS,1,2023-12-05,0,,,,,,,,,
2024-03-04,Hang Seng Stock Connect Greater Bay Area Composite Index,Inclusion,688318,688318.SH,"Shenzhen Fortune Trend Technology Co., Ltd.",1435,Inclusion,Hang Seng Stock Connect Greater Bay Area Composite Index,unchanged,1,1,688318.SH,688318.SS,parse_ok,688318.SS,1,2023-12-05,0,,,,,,,,,
2024-03-04,Hang Seng Composite Index,Removal,6929,6929.HK,OrbusNeich Medical Group Holdings Ltd.,1417,Removal,Hang Seng Composite Index,unchanged,1,1,6929.HK,6929.HK,parse_ok,6929.HK,0,2023-12-05,0,,,,,,,,,
2024-03-04,Hang Seng Composite Index,Inclusion,6990,6990.HK,"Sichuan Kelun-Biotech Biopharmaceutical Co., Ltd. - B - H Sh",1409,Inclusion,Hang Seng Composite Index,unchanged,1,1,6990.HK,6990.HK,parse_ok,6990.HK,1,2023-12-05,0,,,,,,,,,
2024-03-04,Hang Seng Composite Index,Inclusion,9638,9638.HK,Ferretti S.p.A. - F,1410,Inclusion,Hang Seng Composite Index,unchanged,1,1,9638.HK,9638.HK,parse_ok,9638.HK,1,2023-12-05,0,,,,,,,,,
2024-03-04,Hang Seng Composite Index,Inclusion,9676,9676.HK,"Shiyue Daotian Group Co., Ltd. - H Shares",1411,Inclusion,Hang Seng Composite Index,unchanged,1,1,9676.HK,9676.HK,parse_ok,9676.HK,1,2023-12-05,0,,,,,,,,,
2024-03-04,Hang Seng TECH Index,Removal,9698,9698.HK,GDS Holdings Ltd. - SW,1448,Removal,Hang Seng TECH Index,unchanged,1,1,9698.HK,9698.HK,parse_ok,9698.HK,0,2023-12-05,0,,,,,,,,,
2024-03-04,Hang Seng Composite Index,Inclusion,9880,9880.HK,UBTECH ROBOTICS CORP LTD - H Shares,1412,Inclusion,Hang Seng Composite Index,unchanged,1,1,9880.HK,9880.HK,parse_ok,9880.HK,1,2023-12-05,0,,,,,,,,,
2024-03-04,Hang Seng Stock Connect Greater Bay Area Composite Index,Inclusion,9880,9880.HK,UBTECH ROBOTICS CORP LTD - H Shares,1436,Inclusion,Hang Seng Stock Connect Greater Bay Area Composite Index,unchanged,1,1,9880.HK,9880.HK,parse_ok,9880.HK,1,2023-12-05,0,,,,,,,,,
2024-03-04,Hang Seng Stock Connect Greater Bay Area Composite Index,Inclusion,9885,9885.HK,YSB Inc.,1437,Inclusion,Hang Seng Stock Connect Greater Bay Area Composite Index,unchanged,1,1,9885.HK,9885.HK,parse_ok,9885.HK,1,2023-12-05,0,,,,,,,,,
2024-03-04,Hang Seng Composite Index,Inclusion,9890,9890.HK,ZX Inc.,1413,Inclusion,Hang Seng Composite Index,unchanged,1,1,9890.HK,9890.HK,parse_ok,9890.HK,1,2023-12-05,0,,,,,,,,,
2024-03-04,Hang Seng Composite Index,Removal,9930,9930.HK,Horizon Construction Development Ltd.,1418,Removal,Hang Seng Composite Index,unchanged,1,1,9930.HK,9930.HK,parse_ok,9930.HK,0,2023-12-05,0,,,,,,,,,
2024-03-04,Hang Seng Composite Index,Removal,9939,9939.HK,Kintor Pharmaceutical Ltd. - B,1419,Removal,Hang Seng Composite Index,unchanged,1,1,9939.HK,9939.HK,parse_ok,9939.HK,0,2023-12-05,0,,,,,,,,,
2024-03-04,Hang Seng Composite Index,Removal,9985,9985.HK,WEILONG Delicious Global Holdings Ltd.,1420,Removal,Hang Seng Composite Index,unchanged,1,1,9985.HK,9985.HK,parse_ok,9985.HK,0,2023-12-05,0,,,,,,,,,
2024-06-11,Hang Seng Index,Inclusion,285,0285.HK,BYD Electronic International Co. Ltd.,1458,Inclusion,Hang Seng Index,unchanged,1,1,0285.HK,0285.HK,parse_ok,0285.HK,1,2024-03-13,0,,,,,,,,,
2024-06-11,Hang Seng Hong Kong-Listed Biotech Index,Removal,314,0314.HK,"Sipai Health Technology Co., Ltd.",1455,Removal,Hang Seng Hong Kong-Listed Biotech Index,unchanged,1,1,0314.HK,0314.HK,parse_ok,0314.HK,0,2024-03-13,0,,,,,,,,,
2024-06-11,Hang Seng China Enterprises Index,Removal,968,0968.HK,Xinyi Solar Holdings Ltd.,1450,Removal,Hang Seng China Enterprises Index,unchanged,1,1,0968.HK,0968.HK,parse_ok,0968.HK,0,2024-03-13,0,,,,,,,,,
2024-06-11,Hang Seng Stock Connect China Enterprises Index,Removal,968,0968.HK,Xinyi Solar Holdings Ltd.,1463,Removal,Hang Seng Stock Connect China Enterprises Index,unchanged,1,1,0968.HK,0968.HK,parse_ok,0968.HK,0,2024-03-13,0,,,,,,,,,
2024-06-11,Hang Seng Composite Index,Inclusion,2498,2498.HK,"RoboSense Technology Co., Ltd",1451,Inclusion,Hang Seng Composite Index,unchanged,1,1,2498.HK,2498.HK,parse_ok,2498.HK,1,2024-03-13,0,,,,,,,,,
2024-06-11,Hang Seng China Enterprises Index,Inclusion,2899,2899.HK,"Zijin Mining Group Co., Ltd. - H Shares",1449,Inclusion,Hang Seng China Enterprises Index,unchanged,1,1,2899.HK,2899.HK,parse_ok,2899.HK,1,2024-03-13,0,,,,,,,,,
2024-06-11,Hang Seng Stock Connect China Enterprises Index,Inclusion,2899,2899.HK,"Zijin Mining Group Co., Ltd. - H Shares",1460,Inclusion,Hang Seng Stock Connect China Enterprises Index,unchanged,1,1,2899.HK,2899.HK,parse_ok,2899.HK,1,2024-03-13,0,,,,,,,,,
2024-06-11,Hang Seng Stock Connect China Enterprises Index,Inclusion,601319,601319.SH,The People's Insurance Company (Group) of China Limited,1461,Inclusion,Hang Seng Stock Connect China Enterprises Index,unchanged,1,1,601319.SH,601319.SS,parse_ok,601319.SS,1,2024-03-13,0,,,,,,,,,
2024-06-11,Hang Seng Stock Connect China Enterprises Index,Removal,601633,601633.SH,"Great Wall Motor Co., Ltd.",1464,Removal,Hang Seng Stock Connect China Enterprises Index,unchanged,1,1,601633.SH,601633.SS,parse_ok,601633.SS,0,2024-03-13,0,,,,,,,,,
2024-06-11,Hang Seng Stock Connect China Enterprises Index,Removal,601899,601899.SH,"Zijin Mining Group Co., Ltd.",1465,Removal,Hang Seng Stock Connect China Enterprises Index,unchanged,1,1,601899.SH,601899.SS,parse_ok,601899.SS,0,2024-03-13,0,,,,,,,,,
2024-06-11,Hang Seng Stock Connect China Enterprises Index,Inclusion,601998,601998.SH,China Citic Bank Corporation Limited,1462,Inclusion,Hang Seng Stock Connect China Enterprises Index,unchanged,1,1,601998.SH,601998.SS,parse_ok,601998.SS,1,2024-03-13,0,,,,,,,,,
2024-06-11,Hang Seng Index,Removal,6098,6098.HK,Country Garden Services Holdings Co. Ltd.,1459,Removal,Hang Seng Index,unchanged,1,1,6098.HK,6098.HK,parse_ok,6098.HK,0,2024-03-13,0,,,,,,,,,
2024-06-11,Hang Seng Hong Kong-Listed Biotech Index,Inclusion,6600,6600.HK,SciClone Pharmaceuticals (Holdings) Ltd.,1452,Inclusion,Hang Seng Hong Kong-Listed Biotech Index,unchanged,1,1,6600.HK,6600.HK,parse_ok,6600.HK,1,2024-03-13,0,,,,,,,,,
2024-06-11,Hang Seng Hong Kong-Listed Biotech Index,Inclusion,6855,6855.HK,Ascentage Pharma Group International - B,1453,Inclusion,Hang Seng Hong Kong-Listed Biotech Index,unchanged,1,1,6855.HK,6855.HK,parse_ok,6855.HK,1,2024-03-13,0,,,,,,,,,
2024-06-11,Hang Seng Hong Kong-Listed Biotech Index,Inclusion,6990,6990.HK,"Sichuan Kelun-Biotech Biopharmaceutical Co., Ltd. - B - H Shares",1454,Inclusion,Hang Seng Hong Kong-Listed Biotech Index,unchanged,1,1,6990.HK,6990.HK,parse_ok,6990.HK,1,2024-03-13,0,,,,,,,,,
2024-06-11,Hang Seng Hong Kong-Listed Biotech Index,Removal,9886,9886.HK,Dingdang Health Technology Group Ltd.,1456,Removal,Hang Seng Hong Kong-Listed Biotech Index,unchanged,1,1,9886.HK,9886.HK,parse_ok,9886.HK,0,2024-03-13,0,,,,,,,,,
2024-06-11,Hang Seng Hong Kong-Listed Biotech Index,Removal,9997,9997.HK,Kangji Medical Holdings Ltd.,1457,Removal,Hang Seng Hong Kong-Listed Biotech Index,unchanged,1,1,9997.HK,9997.HK,parse_ok,9997.HK,0,2024-03-13,0,,,,,,,,,
2024-09-09,Hang Seng Stock Connect Greater Bay Area Composite Index,Inclusion,000060,000060.SZ,"Shenzhen Zhongjin Lingnan Nonfemet Co., Ltd.",1707,Inclusion,Hang Seng Stock Connect Greater Bay Area Composite Index,unchanged,1,1,000060.SZ,000060.SZ,parse_ok,000060.SZ,1,2024-06-11,0,,,,,,,,,
2024-09-09,Hang Seng China A Industry Top Index,Inclusion,000568,000568.SZ,"Luzhou Laojiao Co., Ltd",1578,Inclusion,Hang Seng China A Industry Top Index,unchanged,1,1,000568.SZ,000568.SZ,parse_ok,000568.SZ,1,2024-06-11,0,,,,,,,,,
2024-09-09,Hang Seng (China A) Corporate Sustainability Index,Removal,000776,000776.SZ,"Gf Securities Co., Ltd",1572,Removal,Hang Seng (China A) Corporate Sustainability Index,unchanged,1,1,000776.SZ,000776.SZ,parse_ok,000776.SZ,0,2024-06-11,0,,,,,,,,,
2024-09-09,Hang Seng (China A) Corporate Sustainability Benchmark Index,Inclusion,00008,00008.HK,BEIJING CAPITAL,1544,Add 6,Hang Seng (China A) Corporate Sustainability Benchmark Index,unchanged,1,1,00008.HK,0008.HK,parse_ok,0008.HK,1,2024-06-11,0,,,,,,,,,
2024-09-09,Hang Seng Corporate Sustainability Index,Inclusion,8,0008.HK,PCCW Ltd.,1681,Inclusion,Hang Seng Corporate Sustainability Index,unchanged,1,1,0008.HK,0008.HK,parse_ok,0008.HK,1,2024-06-11,0,,,,,,,,,
2024-09-09,Hang Seng Stock Connect Greater Bay Area Composite Index,Inclusion,000893,000893.SZ,"Asia-Potash International Investment (Guangzhou) Co., Ltd.",1708,Inclusion,Hang Seng Stock Connect Greater Bay Area Composite Index,unchanged,1,1,000893.SZ,000893.SZ,parse_ok,000893.SZ,1,2024-06-11,0,,,,,,,,,
2024-09-09,Hang Seng Composite Index,Inclusion,10,0010.HK,Hang Lung Group Ltd.,1594,Inclusion,Hang Seng Composite Index,unchanged,1,1,0010.HK,0010.HK,parse_ok,0010.HK,1,2024-06-11,0,,,,,,,,,
2024-09-09,Hang Seng Corporate Sustainability Benchmark Index,Inclusion,10,0010.HK,HANG LUNG GROUP,1661,Add,Hang Seng Corporate Sustainability Benchmark Index,unchanged,1,1,0010.HK,0010.HK,parse_ok,0010.HK,1,2024-06-11,0,,,,,,,,,
2024-09-09,Hang Seng (China A) Corporate Sustainability Benchmark Index,Inclusion,00016,00016.HK,MINSHENG BANK,1543,Add 0,Hang Seng (China A) Corporate Sustainability Benchmark Index,unchanged,1,1,00016.HK,0016.HK,parse_ok,0016.HK,1,2024-06-11,0,,,,,,,,,
2024-09-09,Hang Seng Corporate Sustainability Index,Removal,17,0017.HK,"New World Development Co., Ltd.",1684,Removal,Hang Seng Corporate Sustainability Index,unchanged,1,1,0017.HK,0017.HK,parse_ok,0017.HK,0,2024-06-11,0,,,,,,,,,
2024-09-09,Hang Seng China Enterprises Index,Removal,20,0020.HK,SenseTime Group Inc. - W,1592,Removal,Hang Seng China Enterprises Index,unchanged,1,1,0020.HK,0020.HK,parse_ok,0020.HK,0,2024-06-11,0,,,,,,,,,
2024-09-09,Hang Seng Stock Connect China Enterprises Index,Removal,20,0020.HK,SenseTime Group Inc. - W,1704,Removal,Hang Seng Stock Connect China Enterprises Index,unchanged,1,1,0020.HK,0020.HK,parse_ok,0020.HK,0,2024-06-11,0,,,,,,,,,
2024-09-09,Hang Seng (China A) Corporate Sustainability Index,Removal,002179,002179.SZ,"Avic Jonhon Optronic Technology Co., Ltd.",1573,Removal,Hang Seng (China A) Corporate Sustainability Index,unchanged,1,1,002179.SZ,002179.SZ,parse_ok,002179.SZ,0,2024-06-11,0,,,,,,,,,
2024-09-09,Hang Seng Stock Connect Greater Bay Area Composite Index,Removal,002191,002191.SZ,"Shenzhen Jinjia Group Co., Ltd.",1723,Removal,Hang Seng Stock Connect Greater Bay Area Composite Index,unchanged,1,1,002191.SZ,002191.SZ,parse_ok,002191.SZ,0,2024-06-11,0,,,,,,,,,
2024-09-09,Hang Seng Stock Connect Greater Bay Area Composite Index,Removal,002429,002429.SZ,"Shenzhen Mtc Co., Ltd.",1724,Removal,Hang Seng Stock Connect Greater Bay Area Composite Index,unchanged,1,1,002429.SZ,002429.SZ,parse_ok,002429.SZ,0,2024-06-11,0,,,,,,,,,
2024-09-09,Hang Seng China A Industry Top Index,Removal,002493,002493.SZ,"Rongsheng Petrochemical Co., Ltd.",1584,Removal,Hang Seng China A Industry Top Index,unchanged,1,1,002493.SZ,002493.SZ,parse_ok,002493.SZ,0,2024-06-11,0,,,,,,,,,
2024-09-09,Hang Seng (China A) Corporate Sustainability Benchmark Index,Removal,00029,00029.HK,CHINA SOUTH AIR,1554,Remove,Hang Seng (China A) Corporate Sustainability Benchmark Index,unchanged,1,1,00029.HK,0029.HK,parse_ok,0029.HK,0,2024-06-11,0,,,,,,,,,
2024-09-09,Hang Seng Stock Connect Greater Bay Area Composite Index,Removal,002967,002967.SZ,"Grg Metrology & Test Group Co., Ltd.",1725,Removal,Hang Seng Stock Connect Greater Bay Area Composite Index,unchanged,1,1,002967.SZ,002967.SZ,parse_ok,002967.SZ,0,2024-06-11,0,,,,,,,,,
2024-09-09,Hang Seng (China A) Corporate Sustainability Benchmark Index,Inclusion,00048,00048.HK,PRE,1545,Add 6,Hang Seng (China A) Corporate Sustainability Benchmark Index,unchanged,1,1,00048.HK,0048.HK,parse_ok,0048.HK,1,2024-06-11,0,,,,,,,,,
2024-09-09,Hang Seng Corporate Sustainability Benchmark Index,Removal,69,0069.HK,SHANGRI-LA ASIA,1673,Remove,Hang Seng Corporate Sustainability Benchmark Index,unchanged,1,1,0069.HK,0069.HK,parse_ok,0069.HK,0,2024-06-11,0,,,,,,,,,
2024-09-09,Hang Seng (China A) Corporate Sustainability Benchmark Index,Removal,00104,00104.HK,SAIC MOTOR,1555,Remove,Hang Seng (China A) Corporate Sustainability Benchmark Index,unchanged,1,1,00104.HK,0104.HK,parse_ok,0104.HK,0,2024-06-11,0,,,,,,,,,
2024-09-09,Hang Seng (China A) Corporate Sustainability Benchmark Index,Removal,00115,00115.HK,CHINA EAST AIR,1556,Remove,Hang Seng (China A) Corporate Sustainability Benchmark Index,unchanged,1,1,00115.HK,0115.HK,parse_ok,0115.HK,0,2024-06-11,0,,,,,,,,,
2024-09-09,Hang Seng Composite Index,Removal,120,0120.HK,Cosmopolitan International Holdings Ltd.,1632,Removal,Hang Seng Composite Index,unchanged,1,1,0120.HK,0120.HK,parse_ok,0120.HK,0,2024-06-11,0,,,,,,,,,
2024-09-09,Hang Seng Corporate Sustainability Benchmark Index,Inclusion,123,0123.HK,YUEXIU PROPERTY,1662,Add,Hang Seng Corporate Sustainability Benchmark Index,unchanged,1,1,0123.HK,0123.HK,parse_ok,0123.HK,1,2024-06-11,0,,,,,,,,,
2024-09-09,Hang Seng ESG 50 Index,Inclusion,123,0123.HK,"Yuexiu Property Co., Ltd.",1687,Inclusion,Hang Seng ESG 50 Index,unchanged,1,1,0123.HK,0123.HK,parse_ok,0123.HK,1,2024-06-11,0,,,,,,,,,
2024-09-09,Hang Seng (China A) Corporate Sustainability Benchmark Index,Inclusion,00124,00124.HK,INOVANCE,1546,Add 6,Hang Seng (China A) Corporate Sustainability Benchmark Index,unchanged,1,1,00124.HK,0124.HK,parse_ok,0124.HK,1,2024-06-11,0,,,,,,,,,
2024-09-09,Hang Seng Corporate Sustainability Benchmark Index,Inclusion,144,0144.HK,CHINA MER PORT,1663,Add,Hang Seng Corporate Sustainability Benchmark Index,unchanged,1,1,0144.HK,0144.HK,parse_ok,0144.HK,1,2024-06-11,0,,,,,,,,,
2024-09-09,Hang Seng ESG 50 Index,Inclusion,144,0144.HK,"China Merchants Port Holdings Co., Ltd.",1688,Inclusion,Hang Seng ESG 50 Index,unchanged,1,1,0144.HK,0144.HK,parse_ok,0144.HK,1,2024-06-11,0,,,,,,,,,
2024-09-09,Hang Seng Corporate Sustainability Benchmark Index,Removal,165,0165.HK,CHINA EB LTD,1674,Remove,Hang Seng Corporate Sustainability Benchmark Index,unchanged,1,1,0165.HK,0165.HK,parse_ok,0165.HK,0,2024-06-11,0,,,,,,,,,
2024-09-09,Hang Seng Composite Index,Inclusion,173,0173.HK,K. Wah International Holdings Ltd.,1595,Inclusion,Hang Seng Composite Index,unchanged,1,1,0173.HK,0173.HK,parse_ok,0173.HK,1,2024-06-11,0,,,,,,,,,
2024-09-09,Hang Seng Stock Connect Greater Bay Area Composite Index,Removal,200,0200.HK,"Akeso, Inc.",1726,Removal,Hang Seng Stock Connect Greater Bay Area Composite Index,unchanged,1,1,0200.HK,0200.HK,parse_ok,0200.HK,0,2024-06-11,0,,,,,,,,,
2024-09-09,Hang Seng Corporate Sustainability Benchmark Index,Removal,215,0215.HK,HUTCHTEL HK,1675,Remove,Hang Seng Corporate Sustainability Benchmark Index,unchanged,1,1,0215.HK,0215.HK,parse_ok,0215.HK,0,2024-06-11,0,,,,,,,,,
2024-09-09,Hang Seng Corporate Sustainability Benchmark Index,Inclusion,267,0267.HK,CITIC,1664,Add,Hang Seng Corporate Sustainability Benchmark Index,unchanged,1,1,0267.HK,0267.HK,parse_ok,0267.HK,1,2024-06-11,0,,,,,,,,,
2024-09-09,Hang Seng Composite Index,Removal,302,0302.HK,CMGE Technology Group Ltd.,1633,Removal,Hang Seng Composite Index,unchanged,1,1,0302.HK,0302.HK,parse_ok,0302.HK,0,2024-06-11,0,,,,,,,,,
2024-09-09,Hang Seng Stock Connect Greater Bay Area Composite Index,Removal,314,0314.HK,"Helens International Holdings Co., Ltd.",1727,Removal,Hang Seng Stock Connect Greater Bay Area Composite Index,unchanged,1,1,0314.HK,0314.HK,parse_ok,0314.HK,0,2024-06-11,0,,,,,,,,,
2024-09-09,Hang Seng Composite Index,Inclusion,317,0317.HK,"CSSC Offshore & Marine Engineering (Group) Co., Ltd. - H Shares",1596,Inclusion,Hang Seng Composite Index,unchanged,1,1,0317.HK,0317.HK,parse_ok,0317.HK,1,2024-06-11,0,,,,,,,,,
2024-09-09,Hang Seng (China A) Corporate Sustainability Benchmark Index,Inclusion,00333,00333.HK,MIDEA GROUP,1547,Add 6,Hang Seng (China A) Corporate Sustainability Benchmark Index,unchanged,1,1,00333.HK,0333.HK,parse_ok,0333.HK,1,2024-06-11,0,,,,,,,,,
2024-09-09,Hang Seng Stock Connect Greater Bay Area Composite Index,Removal,345,0345.HK,Smoore International Holdings Ltd.,1728,Removal,Hang Seng Stock Connect Greater Bay Area Composite Index,unchanged,1,1,0345.HK,0345.HK,parse_ok,0345.HK,0,2024-06-11,0,,,,,,,,,
2024-09-09,Hang Seng (China A) Corporate Sustainability Benchmark Index,Inclusion,00347,00347.HK,TIGERMED,1548,Add 6,Hang Seng (China A) Corporate Sustainability Benchmark Index,unchanged,1,1,00347.HK,0347.HK,parse_ok,0347.HK,1,2024-06-11,0,,,,,,,,,
2024-09-09,Hang Seng (China A) Corporate Sustainability Benchmark Index,Removal,00380,00380.HK,JOINCARE,1557,Remove,Hang Seng (China A) Corporate Sustainability Benchmark Index,unchanged,1,1,00380.HK,0380.HK,parse_ok,0380.HK,0,2024-06-11,0,,,,,,,,,
2024-09-09,Hang Seng Corporate Sustainability Benchmark Index,Inclusion,384,0384.HK,CHINA GAS HOLD,1665,Add,Hang Seng Corporate Sustainability Benchmark Index,unchanged,1,1,0384.HK,0384.HK,parse_ok,0384.HK,1,2024-06-11,0,,,,,,,,,
2024-09-09,Hang Seng Corporate Sustainability Benchmark Index,Removal,489,0489.HK,DONGFENG GROUP,1676,Remove,Hang Seng Corporate Sustainability Benchmark Index,unchanged,1,1,0489.HK,0489.HK,parse_ok,0489.HK,0,2024-06-11,0,,,,,,,,,
2024-09-09,Hang Seng Composite Index,Removal,520,0520.HK,"Xiabuxiabu Catering Management (China) Holdings Co., Ltd.",1634,Removal,Hang Seng Composite Index,unchanged,1,1,0520.HK,0520.HK,parse_ok,0520.HK,0,2024-06-11,0,,,,,,,,,
2024-09-09,Hang Seng TECH Index,Inclusion,522,0522.HK,ASMPT Ltd.,1739,Inclusion,Hang Seng TECH Index,unchanged,1,1,0522.HK,0522.HK,parse_ok,0522.HK,1,2024-06-11,0,,,,,,,,,
2024-09-09,Hang Seng Stock Connect Greater Bay Area Composite Index,Removal,558,0558.HK,Evergrande Property Services Group Ltd.,1729,Removal,Hang Seng Stock Connect Greater Bay Area Composite Index,unchanged,1,1,0558.HK,0558.HK,parse_ok,0558.HK,0,2024-06-11,0,,,,,,,,,
2024-09-09,Hang Seng (China A) Corporate Sustainability Benchmark Index,Inclusion,00567,00567.HK,SHANYING INTERNATION,1532,Add,Hang Seng (China A) Corporate Sustainability Benchmark Index,unchanged,1,1,00567.HK,0567.HK,parse_ok,0567.HK,1,2024-06-11,0,,,,,,,,,
2024-09-09,Hang Seng (China A) Corporate Sustainability Benchmark Index,Removal,00588,00588.HK,YONYOU,1558,Remove,Hang Seng (China A) Corporate Sustainability Benchmark Index,unchanged,1,1,00588.HK,0588.HK,parse_ok,0588.HK,0,2024-06-11,0,,,,,,,,,
2024-09-09,Hang Seng Composite Index,Inclusion,598,0598.HK,Sinotrans Ltd. - H Shares,1597,Inclusion,Hang Seng Composite Index,unchanged,1,1,0598.HK,0598.HK,parse_ok,0598.HK,1,2024-06-11,0,,,,,,,,,
2024-09-09,Hang Seng Composite Index,Removal,650,0650.HK,"Productive Technologies Co., Ltd.",1635,Removal,Hang Seng Composite Index,unchanged,1,1,0650.HK,0650.HK,parse_ok,0650.HK,0,2024-06-11,0,,,,,,,,,
2024-09-09,Hang Seng (China A) Corporate Sustainability Benchmark Index,Inclusion,00655,00655.HK,YYTM,1533,Add,Hang Seng (China A) Corporate Sustainability Benchmark Index,unchanged,1,1,00655.HK,0655.HK,parse_ok,0655.HK,1,2024-06-11,0,,,,,,,,,
2024-09-09,Hang Seng Corporate Sustainability Index,Removal,656,0656.HK,Fosun International Ltd.,1685,Removal,Hang Seng Corporate Sustainability Index,unchanged,1,1,0656.HK,0656.HK,parse_ok,0656.HK,0,2024-06-11,0,,,,,,,,,
2024-09-09,Hang Seng ESG 50 Index,Removal,656,0656.HK,Fosun International Ltd.,1693,Removal,Hang Seng ESG 50 Index,unchanged,1,1,0656.HK,0656.HK,parse_ok,0656.HK,0,2024-06-11,0,,,,,,,,,
2024-09-09,Hang Seng ESG 50 Index,Removal,683,0683.HK,Kerry Properties Ltd.,1694,Removal,Hang Seng ESG 50 Index,unchanged,1,1,0683.HK,0683.HK,parse_ok,0683.HK,0,2024-06-11,0,,,,,,,,,
2024-09-09,Hang Seng Corporate Sustainability Index,Inclusion,688,0688.HK,China Overseas Land & Investment Ltd.,1682,Inclusion,Hang Seng Corporate Sustainability Index,unchanged,1,1,0688.HK,0688.HK,parse_ok,0688.HK,1,2024-06-11,0,,,,,,,,,
2024-09-09,Hang Seng Composite Index,Removal,697,0697.HK,Shoucheng Holdings Ltd.,1636,Removal,Hang Seng Composite Index,unchanged,1,1,0697.HK,0697.HK,parse_ok,0697.HK,0,2024-06-11,0,,,,,,,,,
2024-09-09,Hang Seng Corporate Sustainability Benchmark Index,Inclusion,700,0700.HK,TENCENT,1666,Add,Hang Seng Corporate Sustainability Benchmark Index,unchanged,1,1,0700.HK,0700.HK,parse_ok,0700.HK,1,2024-06-11,0,,,,,,,,,
2024-09-09,Hang Seng ESG 50 Index,Inclusion,700,0700.HK,Tencent Holdings Ltd.,1689,Inclusion,Hang Seng ESG 50 Index,unchanged,1,1,0700.HK,0700.HK,parse_ok,0700.HK,1,2024-06-11,0,,,,,,,,,
2024-09-09,Hang Seng (China A) Corporate Sustainability Benchmark Index,Removal,00732,00732.HK,SHANGHAI XINMEI,1559,Remove,Hang Seng (China A) Corporate Sustainability Benchmark Index,unchanged,1,1,00732.HK,0732.HK,parse_ok,0732.HK,0,2024-06-11,0,,,,,,,,,
2024-09-09,Hang Seng (China A) Corporate Sustainability Benchmark Index,Inclusion,00759,00759.HK,PHARMARON,1549,Add 6,Hang Seng (China A) Corporate Sustainability Benchmark Index,unchanged,1,1,00759.HK,0759.HK,parse_ok,0759.HK,1,2024-06-11,0,,,,,,,,,
2024-09-09,Hang Seng (China A) Corporate Sustainability Benchmark Index,Inclusion,00760,00760.HK,MINDRAY,1550,Add 6,Hang Seng (China A) Corporate Sustainability Benchmark Index,unchanged,1,1,00760.HK,0760.HK,parse_ok,0760.HK,1,2024-06-11,0,,,,,,,,,
2024-09-09,Hang Seng Corporate Sustainability Benchmark Index,Removal,762,0762.HK,CHINA UNICOM,1677,Remove,Hang Seng Corporate Sustainability Benchmark Index,unchanged,1,1,0762.HK,0762.HK,parse_ok,0762.HK,0,2024-06-11,0,,,,,,,,,
2024-09-09,Hang Seng ESG 50 Index,Removal,762,0762.HK,China Unicom (Hong Kong) Ltd.,1695,Removal,Hang Seng ESG 50 Index,unchanged,1,1,0762.HK,0762.HK,parse_ok,0762.HK,0,2024-06-11,0,,,,,,,,,
2024-09-09,Hang Seng (China A) Corporate Sustainability Benchmark Index,Inclusion,00801,00801.HK,HUAXIN CEMENT,1534,Add,Hang Seng (China A) Corporate Sustainability Benchmark Index,unchanged,1,1,00801.HK,0801.HK,parse_ok,0801.HK,1,2024-06-11,0,,,,,,,,,
2024-09-09,Hang Seng Composite Index,Removal,813,0813.HK,Shimao Group Holdings Ltd.,1637,Removal,Hang Seng Composite Index,unchanged,1,1,0813.HK,0813.HK,parse_ok,0813.HK,0,2024-06-11,0,,,,,,,,,
2024-09-09,Hang Seng (China A) Corporate Sustainability Benchmark Index,Inclusion,00825,00825.HK,STSS,1551,Add 6,Hang Seng (China A) Corporate Sustainability Benchmark Index,unchanged,1,1,00825.HK,0825.HK,parse_ok,0825.HK,1,2024-06-11,0,,,,,,,,,
2024-09-09,Hang Seng Corporate Sustainability Benchmark Index,Inclusion,884,0884.HK,CIFI HOLD GP,1667,Add,Hang Seng Corporate Sustainability Benchmark Index,unchanged,1,1,0884.HK,0884.HK,parse_ok,0884.HK,1,2024-06-11,0,,,,,,,,,
2024-09-09,Hang Seng Composite Index,Inclusion,906,0906.HK,CPMC Holdings Ltd.,1598,Inclusion,Hang Seng Composite Index,unchanged,1,1,0906.HK,0906.HK,parse_ok,0906.HK,1,2024-06-11,0,,,,,,,,,
2024-09-09,Hang Seng Composite Index,Inclusion,917,0917.HK,Qunabox Group Ltd.,1599,Inclusion,Hang Seng Composite Index,unchanged,1,1,0917.HK,0917.HK,parse_ok,0917.HK,1,2024-06-11,0,,,,,,,,,
2024-09-09,Hang Seng (China A) Corporate Sustainability Benchmark Index,Removal,00919,00919.HK,BANK OF JIANGSU,1560,Remove,Hang Seng (China A) Corporate Sustainability Benchmark Index,unchanged,1,1,00919.HK,0919.HK,parse_ok,0919.HK,0,2024-06-11,0,,,,,,,,,
2024-09-09,Hang Seng Composite Index,Removal,933,0933.HK,"Viva Goods Co., Ltd.",1638,Removal,Hang Seng Composite Index,unchanged,1,1,0933.HK,0933.HK,parse_ok,0933.HK,0,2024-06-11,0,,,,,,,,,
2024-09-09,Hang Seng Corporate Sustainability Benchmark Index,Removal,960,0960.HK,LONGFOR GROUP,1678,Remove,Hang Seng Corporate Sustainability Benchmark Index,unchanged,1,1,0960.HK,0960.HK,parse_ok,0960.HK,0,2024-06-11,0,,,,,,,,,
2024-09-09,Hang Seng Composite Index,Inclusion,975,0975.HK,Mongolian Mining Corporation,1600,Inclusion,Hang Seng Composite Index,unchanged,1,1,0975.HK,0975.HK,parse_ok,0975.HK,1,2024-06-11,0,,,,,,,,,
2024-09-09,Hang Seng (China A) Corporate Sustainability Benchmark Index,Removal,00999,00999.HK,CMSC,1561,Remove,Hang Seng (China A) Corporate Sustainability Benchmark Index,unchanged,1,1,00999.HK,0999.HK,parse_ok,0999.HK,0,2024-06-11,0,,,,,,,,,
2024-09-09,Hang Seng Corporate Sustainability Benchmark Index,Inclusion,1044,1044.HK,HENGAN INT'L,1668,Add,Hang Seng Corporate Sustainability Benchmark Index,unchanged,1,1,1044.HK,1044.HK,parse_ok,1044.HK,1,2024-06-11,0,,,,,,,,,
2024-09-09,Hang Seng Composite Index,Inclusion,1071,1071.HK,Huadian Power International Corporation Ltd. - H Shares,1601,Inclusion,Hang Seng Composite Index,unchanged,1,1,1071.HK,1071.HK,parse_ok,1071.HK,1,2024-06-11,0,,,,,,,,,
2024-09-09,Hang Seng (China A) Corporate Sustainability Benchmark Index,Removal,01088,01088.HK,CHINA SHENHUA,1562,Remove,Hang Seng (China A) Corporate Sustainability Benchmark Index,unchanged,1,1,01088.HK,1088.HK,parse_ok,1088.HK,0,2024-06-11,0,,,,,,,,,
2024-09-09,Hang Seng (China A) Corporate Sustainability Benchmark Index,Removal,01108,01108.HK,CAITONG SECURITIES,1563,Remove,Hang Seng (China A) Corporate Sustainability Benchmark Index,unchanged,1,1,01108.HK,1108.HK,parse_ok,1108.HK,0,2024-06-11,0,,,,,,,,,
2024-09-09,Hang Seng Composite Index,Removal,1176,1176.HK,"Zhuguang Holdings Group Co., Ltd.",1639,Removal,Hang Seng Composite Index,unchanged,1,1,1176.HK,1176.HK,parse_ok,1176.HK,0,2024-06-11,0,,,,,,,,,
2024-09-09,Hang Seng Composite Index,Removal,1238,1238.HK,Powerlong Real Estate Holdings Ltd.,1640,Removal,Hang Seng Composite Index,unchanged,1,1,1238.HK,1238.HK,parse_ok,1238.HK,0,2024-06-11,0,,,,,,,,,
2024-09-09,Hang Seng Composite Index,Removal,1244,1244.HK,3D Medicines Inc.,1641,Removal,Hang Seng Composite Index,unchanged,1,1,1244.HK,1244.HK,parse_ok,1244.HK,0,2024-06-11,0,,,,,,,,,
2024-09-09,Hang Seng Stock Connect Greater Bay Area Composite Index,Removal,1268,1268.HK,Midea Real Estate Holding Ltd.,1730,Removal,Hang Seng Stock Connect Greater Bay Area Composite Index,unchanged,1,1,1268.HK,1268.HK,parse_ok,1268.HK,0,2024-06-11,0,,,,,,,,,
2024-09-09,Hang Seng Composite Index,Inclusion,1274,1274.HK,"iMotion Automotive Technology (Suzhou) Co., Ltd. - H Shares",1602,Inclusion,Hang Seng Composite Index,unchanged,1,1,1274.HK,1274.HK,parse_ok,1274.HK,1,2024-06-11,0,,,,,,,,,
2024-09-09,Hang Seng Composite Index,Inclusion,1277,1277.HK,Kinetic Development Group Ltd.,1603,Inclusion,Hang Seng Composite Index,unchanged,1,1,1277.HK,1277.HK,parse_ok,1277.HK,1,2024-06-11,0,,,,,,,,,
2024-09-09,Hang Seng (China A) Corporate Sustainability Benchmark Index,Inclusion,01311,01311.HK,CAMEL GROUP,1535,Add,Hang Seng (China A) Corporate Sustainability Benchmark Index,unchanged,1,1,01311.HK,1311.HK,parse_ok,1311.HK,1,2024-06-11,0,,,,,,,,,
2024-09-09,Hang Seng Composite Index,Inclusion,1341,1341.HK,Hao Tian International Construction Investment Group Ltd.,1604,Inclusion,Hang Seng Composite Index,unchanged,1,1,1341.HK,1341.HK,parse_ok,1341.HK,1,2024-06-11,0,,,,,,,,,
2024-09-09,Hang Seng Corporate Sustainability Index,Removal,1347,1347.HK,Hua Hong Semiconductor Ltd.,1686,Removal,Hang Seng Corporate Sustainability Index,unchanged,1,1,1347.HK,1347.HK,parse_ok,1347.HK,0,2024-06-11,0,,,,,,,,,
2024-09-09,Hang Seng Composite Index,Inclusion,1405,1405.HK,DPC Dash Ltd,1605,Inclusion,Hang Seng Composite Index,unchanged,1,1,1405.HK,1405.HK,parse_ok,1405.HK,1,2024-06-11,0,,,,,,,,,
2024-09-09,Hang Seng Stock Connect Greater Bay Area Composite Index,Inclusion,1415,1415.HK,Cowell e Holdings Inc.,1709,Inclusion,Hang Seng Stock Connect Greater Bay Area Composite Index,unchanged,1,1,1415.HK,1415.HK,parse_ok,1415.HK,1,2024-06-11,0,,,,,,,,,
2024-09-09,Hang Seng China Enterprises Index,Inclusion,1519,1519.HK,J&T Global Express Ltd. - W,1590,Inclusion,Hang Seng China Enterprises Index,unchanged,1,1,1519.HK,1519.HK,parse_ok,1519.HK,1,2024-06-11,0,,,,,,,,,
2024-09-09,Hang Seng Stock Connect China Enterprises Index,Inclusion,1519,1519.HK,J&T Global Express Ltd. - W,1701,Inclusion,Hang Seng Stock Connect China Enterprises Index,unchanged,1,1,1519.HK,1519.HK,parse_ok,1519.HK,1,2024-06-11,0,,,,,,,,,
2024-09-09,Hang Seng Composite Index,Removal,1521,1521.HK,Frontage Holdings Corporation,1642,Removal,Hang Seng Composite Index,unchanged,1,1,1521.HK,1521.HK,parse_ok,1521.HK,0,2024-06-11,0,,,,,,,,,
2024-09-09,Hang Seng Composite Index,Inclusion,1558,1558.HK,"YiChang HEC ChangJiang Pharmaceutical Co., Ltd. - H Shares",1606,Inclusion,Hang Seng Composite Index,unchanged,1,1,1558.HK,1558.HK,parse_ok,1558.HK,1,2024-06-11,0,,,,,,,,,
2024-09-09,Hang Seng Hong Kong-Listed Biotech Index,Inclusion,1558,1558.HK,"YiChang HEC ChangJiang Pharmaceutical Co., Ltd. - H Shares",1699,Inclusion,Hang Seng Hong Kong-Listed Biotech Index,unchanged,1,1,1558.HK,1558.HK,parse_ok,1558.HK,1,2024-06-11,0,,,,,,,,,
2024-09-09,Hang Seng Composite Index,Removal,1563,1563.HK,Alliance International Education Leasing Holdings Ltd.,1643,Removal,Hang Seng Composite Index,unchanged,1,1,1563.HK,1563.HK,parse_ok,1563.HK,0,2024-06-11,0,,,,,,,,,
2024-09-09,Hang Seng Composite Index,Removal,1668,1668.HK,China South City Holdings Ltd.,1644,Removal,Hang Seng Composite Index,unchanged,1,1,1668.HK,1668.HK,parse_ok,1668.HK,0,2024-06-11,0,,,,,,,,,
2024-09-09,Hang Seng ESG 50 Index,Removal,1691,1691.HK,"JS Global Lifestyle Co., Ltd.",1696,Removal,Hang Seng ESG 50 Index,unchanged,1,1,1691.HK,1691.HK,parse_ok,1691.HK,0,2024-06-11,0,,,,,,,,,
2024-09-09,Hang Seng Composite Index,Inclusion,1709,1709.HK,DL Holdings Group Ltd.,1607,Inclusion,Hang Seng Composite Index,unchanged,1,1,1709.HK,1709.HK,parse_ok,1709.HK,1,2024-06-11,0,,,,,,,,,
2024-09-09,Hang Seng Composite Index,Removal,1765,1765.HK,"XJ International Holdings Co., Ltd.",1645,Removal,Hang Seng Composite Index,unchanged,1,1,1765.HK,1765.HK,parse_ok,1765.HK,0,2024-06-11,0,,,,,,,,,
2024-09-09,Hang Seng Composite Index,Inclusion,1773,1773.HK,Tianli International Holdings Ltd.,1608,Inclusion,Hang Seng Composite Index,unchanged,1,1,1773.HK,1773.HK,parse_ok,1773.HK,1,2024-06-11,0,,,,,,,,,
2024-09-09,Hang Seng (China A) Corporate Sustainability Benchmark Index,Inclusion,01788,01788.HK,EB SECURITIES,1536,Add,Hang Seng (China A) Corporate Sustainability Benchmark Index,unchanged,1,1,01788.HK,1788.HK,parse_ok,1788.HK,1,2024-06-11,0,,,,,,,,,
2024-09-09,Hang Seng TECH Index,Removal,1833,1833.HK,"Ping An Healthcare and Technology Co., Ltd.",1740,Removal,Hang Seng TECH Index,unchanged,1,1,1833.HK,1833.HK,parse_ok,1833.HK,0,2024-06-11,0,,,,,,,,,
2024-09-09,Hang Seng Composite Index,Inclusion,1836,1836.HK,Stella International Holdings Ltd.,1609,Inclusion,Hang Seng Composite Index,unchanged,1,1,1836.HK,1836.HK,parse_ok,1836.HK,1,2024-06-11,0,,,,,,,,,
2024-09-09,Hang Seng Composite Index,Inclusion,1855,1855.HK,ZONQING Environmental Ltd.,1610,Inclusion,Hang Seng Composite Index,unchanged,1,1,1855.HK,1855.HK,parse_ok,1855.HK,1,2024-06-11,0,,,,,,,,,
2024-09-09,Hang Seng (China A) Corporate Sustainability Benchmark Index,Inclusion,01857,01857.HK,PETROCHINA,1537,Add,Hang Seng (China A) Corporate Sustainability Benchmark Index,unchanged,1,1,01857.HK,1857.HK,parse_ok,1857.HK,1,2024-06-11,0,,,,,,,,,
2024-09-09,Hang Seng (China A) Corporate Sustainability Benchmark Index,Inclusion,01865,01865.HK,FLAT GLASS,1538,Add,Hang Seng (China A) Corporate Sustainability Benchmark Index,unchanged,1,1,01865.HK,1865.HK,parse_ok,1865.HK,1,2024-06-11,0,,,,,,,,,
2024-09-09,Hang Seng Composite Index,Removal,1877,1877.HK,"Shanghai Junshi Biosciences Co., Ltd. - H Shares",1646,Removal,Hang Seng Composite Index,unchanged,1,1,1877.HK,1877.HK,parse_ok,1877.HK,0,2024-06-11,0,,,,,,,,,
2024-09-09,Hang Seng Composite Index,Removal,1890,1890.HK,China Kepei Education Group Ltd.,1647,Removal,Hang Seng Composite Index,unchanged,1,1,1890.HK,1890.HK,parse_ok,1890.HK,0,2024-06-11,0,,,,,,,,,
2024-09-09,Hang Seng Composite Index,Inclusion,1921,1921.HK,Dalipal Holdings Ltd.,1611,Inclusion,Hang Seng Composite Index,unchanged,1,1,1921.HK,1921.HK,parse_ok,1921.HK,1,2024-06-11,0,,,,,,,,,
2024-09-09,Hang Seng (China A) Corporate Sustainability Benchmark Index,Inclusion,01939,01939.HK,CCB,1539,Add,Hang Seng (China A) Corporate Sustainability Benchmark Index,unchanged,1,1,01939.HK,1939.HK,parse_ok,1939.HK,1,2024-06-11,0,,,,,,,,,
2024-09-09,Hang Seng Stock Connect Greater Bay Area Composite Index,Removal,1942,1942.HK,MOG Digitech Holdings Ltd.,1731,Removal,Hang Seng Stock Connect Greater Bay Area Composite Index,unchanged,1,1,1942.HK,1942.HK,parse_ok,1942.HK,0,2024-06-11,0,,,,,,,,,
2024-09-09,Hang Seng Composite Index,Inclusion,2016,2016.HK,"China Zheshang Bank Co., Ltd. - H Shares",1612,Inclusion,Hang Seng Composite Index,unchanged,1,1,2016.HK,2016.HK,parse_ok,2016.HK,1,2024-06-11,0,,,,,,,,,
2024-09-09,Hang Seng ESG 50 Index,Inclusion,2018,2018.HK,AAC Technologies Holdings Inc.,1690,Inclusion,Hang Seng ESG 50 Index,unchanged,1,1,2018.HK,2018.HK,parse_ok,2018.HK,1,2024-06-11,0,,,,,,,,,
2024-09-09,Hang Seng Stock Connect Greater Bay Area Composite Index,Inclusion,2018,2018.HK,AAC Technologies Holdings Inc.,1710,Inclusion,Hang Seng Stock Connect Greater Bay Area Composite Index,unchanged,1,1,2018.HK,2018.HK,parse_ok,2018.HK,1,2024-06-11,0,,,,,,,,,
2024-09-09,Hang Seng Corporate Sustainability Benchmark Index,Inclusion,2020,2020.HK,ANTA SPORTS,1669,Add,Hang Seng Corporate Sustainability Benchmark Index,unchanged,1,1,2020.HK,2020.HK,parse_ok,2020.HK,1,2024-06-11,0,,,,,,,,,
2024-09-09,Hang Seng Composite Index,Inclusion,2039,2039.HK,"China Int'l Marine Containers (Group) Co., Ltd. - H Shares",1613,Inclusion,Hang Seng Composite Index,unchanged,1,1,2039.HK,2039.HK,parse_ok,2039.HK,1,2024-06-11,0,,,,,,,,,
2024-09-09,Hang Seng (China A) Corporate Sustainability Benchmark Index,Inclusion,02129,02129.HK,TZE,1552,Add 6,Hang Seng (China A) Corporate Sustainability Benchmark Index,unchanged,1,1,02129.HK,2129.HK,parse_ok,2129.HK,1,2024-06-11,0,,,,,,,,,
2024-09-09,Hang Seng Composite Index,Removal,2138,2138.HK,EC Healthcare,1648,Removal,Hang Seng Composite Index,unchanged,1,1,2138.HK,2138.HK,parse_ok,2138.HK,0,2024-06-11,0,,,,,,,,,
2024-09-09,Hang Seng Composite Index,Inclusion,2155,2155.HK,"Morimatsu International Holdings Co., Ltd.",1614,Inclusion,Hang Seng Composite Index,unchanged,1,1,2155.HK,2155.HK,parse_ok,2155.HK,1,2024-06-11,0,,,,,,,,,
2024-09-09,Hang Seng Composite Index,Removal,2160,2160.HK,MicroPort CardioFlow Medtech Corporation - B,1649,Removal,Hang Seng Composite Index,unchanged,1,1,2160.HK,2160.HK,parse_ok,2160.HK,0,2024-06-11,0,,,,,,,,,
2024-09-09,Hang Seng ESG 50 Index,Removal,2202,2202.HK,"China Vanke Co., Ltd. - H Shares",1697,Removal,Hang Seng ESG 50 Index,unchanged,1,1,2202.HK,2202.HK,parse_ok,2202.HK,0,2024-06-11,0,,,,,,,,,
2024-09-09,Hang Seng Corporate Sustainability Benchmark Index,Removal,2208,2208.HK,GOLDWIND,1679,Remove,Hang Seng Corporate Sustainability Benchmark Index,unchanged,1,1,2208.HK,2208.HK,parse_ok,2208.HK,0,2024-06-11,0,,,,,,,,,
2024-09-09,Hang Seng Composite Index,Inclusion,2228,2228.HK,QuantumPharm Inc. - P,1615,Inclusion,Hang Seng Composite Index,unchanged,1,1,2228.HK,2228.HK,parse_ok,2228.HK,1,2024-06-11,0,,,,,,,,,
2024-09-09,Hang Seng Stock Connect Greater Bay Area Composite Index,Inclusion,2228,2228.HK,QuantumPharm Inc. - P,1711,Inclusion,Hang Seng Stock Connect Greater Bay Area Composite Index,unchanged,1,1,2228.HK,2228.HK,parse_ok,2228.HK,1,2024-06-11,0,,,,,,,,,
2024-09-09,Hang Seng (China A) Corporate Sustainability Benchmark Index,Removal,02236,02236.HK,DAHUA INC,1564,Remove,Hang Seng (China A) Corporate Sustainability Benchmark Index,unchanged,1,1,02236.HK,2236.HK,parse_ok,2236.HK,0,2024-06-11,0,,,,,,,,,
2024-09-09,Hang Seng Composite Index,Removal,2257,2257.HK,Sirnaomics Ltd. - B,1650,Removal,Hang Seng Composite Index,unchanged,1,1,2257.HK,2257.HK,parse_ok,2257.HK,0,2024-06-11,0,,,,,,,,,
2024-09-09,Hang Seng Corporate Sustainability Benchmark Index,Inclusion,2269,2269.HK,WUXI BIO,1670,Add,Hang Seng Corporate Sustainability Benchmark Index,unchanged,1,1,2269.HK,2269.HK,parse_ok,2269.HK,1,2024-06-11,0,,,,,,,,,
2024-09-09,Hang Seng ESG 50 Index,Inclusion,2269,2269.HK,WuXi Biologics (Cayman) Inc.,1691,Inclusion,Hang Seng ESG 50 Index,unchanged,1,1,2269.HK,2269.HK,parse_ok,2269.HK,1,2024-06-11,0,,,,,,,,,
2024-09-09,Hang Seng ESG 50 Index,Inclusion,2282,2282.HK,MGM China Holdings Ltd.,1692,Inclusion,Hang Seng ESG 50 Index,unchanged,1,1,2282.HK,2282.HK,parse_ok,2282.HK,1,2024-06-11,0,,,,,,,,,
2024-09-09,Hang Seng (China A) Corporate Sustainability Benchmark Index,Inclusion,02352,02352.HK,SF HOLDING,1553,Add 6,Hang Seng (China A) Corporate Sustainability Benchmark Index,unchanged,1,1,02352.HK,2352.HK,parse_ok,2352.HK,1,2024-06-11,0,,,,,,,,,
2024-09-09,Hang Seng Composite Index,Inclusion,2356,2356.HK,Dah Sing Banking Group Ltd.,1616,Inclusion,Hang Seng Composite Index,unchanged,1,1,2356.HK,2356.HK,parse_ok,2356.HK,1,2024-06-11,0,,,,,,,,,
2024-09-09,Hang Seng Corporate Sustainability Index,Inclusion,2378,2378.HK,Prudential plc,1683,Inclusion,Hang Seng Corporate Sustainability Index,unchanged,1,1,2378.HK,2378.HK,parse_ok,2378.HK,1,2024-06-11,0,,,,,,,,,
2024-09-09,Hang Seng Composite Index,Inclusion,2386,2386.HK,"SINOPEC Engineering (Group) Co., Ltd. - H Shares",1617,Inclusion,Hang Seng Composite Index,unchanged,1,1,2386.HK,2386.HK,parse_ok,2386.HK,1,2024-06-11,0,,,,,,,,,
2024-09-09,Hang Seng Composite Index,Removal,2415,2415.HK,MedSci Healthcare Holdings Ltd.,1651,Removal,Hang Seng Composite Index,unchanged,1,1,2415.HK,2415.HK,parse_ok,2415.HK,0,2024-06-11,0,,,,,,,,,
2024-09-09,Hang Seng Composite Index,Removal,2416,2416.HK,Edianyun Ltd.,1652,Removal,Hang Seng Composite Index,unchanged,1,1,2416.HK,2416.HK,parse_ok,2416.HK,0,2024-06-11,0,,,,,,,,,
2024-09-09,Hang Seng Composite Index,Inclusion,2419,2419.HK,Dekon Food and Agriculture Group - H Shares,1618,Inclusion,Hang Seng Composite Index,unchanged,1,1,2419.HK,2419.HK,parse_ok,2419.HK,1,2024-06-11,0,,,,,,,,,
2024-09-09,Hang Seng Composite Index,Inclusion,2443,2443.HK,Autostreets Development Ltd.,1619,Inclusion,Hang Seng Composite Index,unchanged,1,1,2443.HK,2443.HK,parse_ok,2443.HK,1,2024-06-11,0,,,,,,,,,
2024-09-09,Hang Seng Composite Index,Inclusion,2453,2453.HK,"Concord Healthcare Group Co., Ltd. - H Shares",1620,Inclusion,Hang Seng Composite Index,unchanged,1,1,2453.HK,2453.HK,parse_ok,2453.HK,1,2024-06-11,0,,,,,,,,,
2024-09-09,Hang Seng Composite Index,Inclusion,2459,2459.HK,Sanergy Group Ltd.,1621,Inclusion,Hang Seng Composite Index,unchanged,1,1,2459.HK,2459.HK,parse_ok,2459.HK,1,2024-06-11,0,,,,,,,,,
2024-09-09,Hang Seng Stock Connect Greater Bay Area Composite Index,Inclusion,2498,2498.HK,"RoboSense Technology Co., Ltd",1712,Inclusion,Hang Seng Stock Connect Greater Bay Area Composite Index,unchanged,1,1,2498.HK,2498.HK,parse_ok,2498.HK,1,2024-06-11,0,,,,,,,,,
2024-09-09,Hang Seng Composite Index,Inclusion,2550,2550.HK,Easou Technology Holdings Ltd.,1622,Inclusion,Hang Seng Composite Index,unchanged,1,1,2550.HK,2550.HK,parse_ok,2550.HK,1,2024-06-11,0,,,,,,,,,
2024-09-09,Hang Seng Composite Index,Inclusion,2555,2555.HK,"Sichuan Baicha Baidao Industrial Co., Ltd. - H Shares",1623,Inclusion,Hang Seng Composite Index,unchanged,1,1,2555.HK,2555.HK,parse_ok,2555.HK,1,2024-06-11,0,,,,,,,,,
2024-09-09,Hang Seng Composite Index,Inclusion,2556,2556.HK,Marketingforce Management Ltd,1624,Inclusion,Hang Seng Composite Index,unchanged,1,1,2556.HK,2556.HK,parse_ok,2556.HK,1,2024-06-11,0,,,,,,,,,
2024-09-09,Hang Seng Composite Index,Inclusion,2602,2602.HK,Onewo Inc. - H Shares,1625,Inclusion,Hang Seng Composite Index,unchanged,1,1,2602.HK,2602.HK,parse_ok,2602.HK,1,2024-06-11,0,,,,,,,,,
2024-09-09,Hang Seng Stock Connect Greater Bay Area Composite Index,Inclusion,2602,2602.HK,Onewo Inc. - H Shares,1713,Inclusion,Hang Seng Stock Connect Greater Bay Area Composite Index,unchanged,1,1,2602.HK,2602.HK,parse_ok,2602.HK,1,2024-06-11,0,,,,,,,,,
2024-09-09,Hang Seng China Enterprises Index,Removal,2618,2618.HK,"JD Logistics, Inc.",1593,Removal,Hang Seng China Enterprises Index,unchanged,1,1,2618.HK,2618.HK,parse_ok,2618.HK,0,2024-06-11,0,,,,,,,,,
2024-09-09,Hang Seng Stock Connect China Enterprises Index,Removal,2618,2618.HK,"JD Logistics, Inc.",1705,Removal,Hang Seng Stock Connect China Enterprises Index,unchanged,1,1,2618.HK,2618.HK,parse_ok,2618.HK,0,2024-06-11,0,,,,,,,,,
2024-09-09,Hang Seng ESG 50 Index,Removal,2689,2689.HK,Nine Dragons Paper (Holdings) Ltd.,1698,Removal,Hang Seng ESG 50 Index,unchanged,1,1,2689.HK,2689.HK,parse_ok,2689.HK,0,2024-06-11,0,,,,,,,,,
2024-09-09,Hang Seng Corporate Sustainability Benchmark Index,Inclusion,2727,2727.HK,SH ELECTRIC,1671,Add,Hang Seng Corporate Sustainability Benchmark Index,unchanged,1,1,2727.HK,2727.HK,parse_ok,2727.HK,1,2024-06-11,0,,,,,,,,,
2024-09-09,Hang Seng Stock Connect China Enterprises Index,Removal,300015,300015.SZ,"Aier Eye Hospital Group Co., Ltd.",1706,Removal,Hang Seng Stock Connect China Enterprises Index,unchanged,1,1,300015.SZ,300015.SZ,parse_ok,300015.SZ,0,2024-06-11,0,,,,,,,,,
2024-09-09,Hang Seng China A Industry Top Index,Inclusion,300122,300122.SZ,"Chongqing Zhifei Biological Products Co., Ltd.",1579,Inclusion,Hang Seng China A Industry Top Index,unchanged,1,1,300122.SZ,300122.SZ,parse_ok,300122.SZ,1,2024-06-11,0,,,,,,,,,
2024-09-09,Hang Seng Stock Connect Greater Bay Area Composite Index,Inclusion,300735,300735.SZ,"DBG Technology Co., Ltd",1714,Inclusion,Hang Seng Stock Connect Greater Bay Area Composite Index,unchanged,1,1,300735.SZ,300735.SZ,parse_ok,300735.SZ,1,2024-06-11,0,,,,,,,,,
2024-09-09,Hang Seng Stock Connect Greater Bay Area Composite Index,Removal,300737,300737.SZ,"Keshun Waterproof Technologies Co., Ltd.",1732,Removal,Hang Seng Stock Connect Greater Bay Area Composite Index,unchanged,1,1,300737.SZ,300737.SZ,parse_ok,300737.SZ,0,2024-06-11,0,,,,,,,,,
2024-09-09,Hang Seng (China A) Corporate Sustainability Index,Inclusion,300750,300750.SZ,"Contemporary Amperex Technology Co., Ltd.",1566,Inclusion,Hang Seng (China A) Corporate Sustainability Index,unchanged,1,1,300750.SZ,300750.SZ,parse_ok,300750.SZ,1,2024-06-11,0,,,,,,,,,
2024-09-09,Hang Seng Stock Connect Greater Bay Area Composite Index,Removal,300973,300973.SZ,"Ligao Foods Co., Ltd.",1733,Removal,Hang Seng Stock Connect Greater Bay Area Composite Index,unchanged,1,1,300973.SZ,300973.SZ,parse_ok,300973.SZ,0,2024-06-11,0,,,,,,,,,
2024-09-09,Hang Seng (China A) Corporate Sustainability Benchmark Index,Inclusion,03259,03259.HK,WUXI APPTEC,1540,Add,Hang Seng (China A) Corporate Sustainability Benchmark Index,unchanged,1,1,03259.HK,3259.HK,parse_ok,3259.HK,1,2024-06-11,0,,,,,,,,,
2024-09-09,Hang Seng Composite Index,Inclusion,3306,3306.HK,JNBY Design Ltd.,1626,Inclusion,Hang Seng Composite Index,unchanged,1,1,3306.HK,3306.HK,parse_ok,3306.HK,1,2024-06-11,0,,,,,,,,,
2024-09-09,Hang Seng Composite Index,Removal,3377,3377.HK,Sino-Ocean Group Holding Ltd.,1653,Removal,Hang Seng Composite Index,unchanged,1,1,3377.HK,3377.HK,parse_ok,3377.HK,0,2024-06-11,0,,,,,,,,,
2024-09-09,Hang Seng Composite Index,Inclusion,3877,3877.HK,"CSSC (Hong Kong) Shipping Co., Ltd.",1627,Inclusion,Hang Seng Composite Index,unchanged,1,1,3877.HK,3877.HK,parse_ok,3877.HK,1,2024-06-11,0,,,,,,,,,
2024-09-09,Hang Seng Corporate Sustainability Benchmark Index,Inclusion,3899,3899.HK,CIMC ENRIC,1672,Add,Hang Seng Corporate Sustainability Benchmark Index,unchanged,1,1,3899.HK,3899.HK,parse_ok,3899.HK,1,2024-06-11,0,,,,,,,,,
2024-09-09,Hang Seng Stock Connect Greater Bay Area Composite Index,Inclusion,3899,3899.HK,CIMC Enric Holdings Ltd.,1715,Inclusion,Hang Seng Stock Connect Greater Bay Area Composite Index,unchanged,1,1,3899.HK,3899.HK,parse_ok,3899.HK,1,2024-06-11,0,,,,,,,,,
2024-09-09,Hang Seng Stock Connect Greater Bay Area Composite Index,Inclusion,3933,3933.HK,"United Laboratories International Holdings Ltd., The",1716,Inclusion,Hang Seng Stock Connect Greater Bay Area Composite Index,unchanged,1,1,3933.HK,3933.HK,parse_ok,3933.HK,1,2024-06-11,0,,,,,,,,,
2024-09-09,Hang Seng Stock Connect Greater Bay Area Composite Index,Removal,3990,3990.HK,China MeiDong Auto Holdings Ltd.,1734,Removal,Hang Seng Stock Connect Greater Bay Area Composite Index,unchanged,1,1,3990.HK,3990.HK,parse_ok,3990.HK,0,2024-06-11,0,,,,,,,,,
2024-09-09,Hang Seng (China A) Corporate Sustainability Benchmark Index,Removal,03993,03993.HK,CMOC,1565,Remove,Hang Seng (China A) Corporate Sustainability Benchmark Index,unchanged,1,1,03993.HK,3993.HK,parse_ok,3993.HK,0,2024-06-11,0,,,,,,,,,
2024-09-09,Hang Seng (China A) Corporate Sustainability Index,Inclusion,600028,600028.SH,China Petroleum & Chemical Corporation,1567,Inclusion,Hang Seng (China A) Corporate Sustainability Index,unchanged,1,1,600028.SH,600028.SS,parse_ok,600028.SS,1,2024-06-11,0,,,,,,,,,
2024-09-09,Hang Seng (China A) Corporate Sustainability Index,Removal,600030,600030.SH,"CITIC Securities Co., Ltd.",1574,Removal,Hang Seng (China A) Corporate Sustainability Index,unchanged,1,1,600030.SH,600030.SS,parse_ok,600030.SS,0,2024-06-11,0,,,,,,,,,
2024-09-09,Hang Seng (China A) Corporate Sustainability Index,Removal,600104,600104.SH,SAIC Motor Corporation Limited,1575,Removal,Hang Seng (China A) Corporate Sustainability Index,unchanged,1,1,600104.SH,600104.SS,parse_ok,600104.SS,0,2024-06-11,0,,,,,,,,,
2024-09-09,Hang Seng China A Industry Top Index,Removal,600188,600188.SH,"Yankuang Energy Group Co., Ltd.",1585,Removal,Hang Seng China A Industry Top Index,unchanged,1,1,600188.SH,600188.SS,parse_ok,600188.SS,0,2024-06-11,0,,,,,,,,,
2024-09-09,Hang Seng China A Industry Top Index,Removal,600196,600196.SH,"Shanghai Fosun Pharmaceutical (Group) Co., Ltd.",1586,Removal,Hang Seng China A Industry Top Index,unchanged,1,1,600196.SH,600196.SS,parse_ok,600196.SS,0,2024-06-11,0,,,,,,,,,
2024-09-09,Hang Seng China A Industry Top Index,Removal,600346,600346.SH,"Hengli Petrochemical Co., Ltd.",1587,Removal,Hang Seng China A Industry Top Index,unchanged,1,1,600346.SH,600346.SS,parse_ok,600346.SS,0,2024-06-11,0,,,,,,,,,
2024-09-09,Hang Seng Stock Connect China Enterprises Index,Inclusion,600406,600406.SH,"NARI Technology Co., Ltd.",1702,Inclusion,Hang Seng Stock Connect China Enterprises Index,unchanged,1,1,600406.SH,600406.SS,parse_ok,600406.SS,1,2024-06-11,0,,,,,,,,,
2024-09-09,Hang Seng (China A) Corporate Sustainability Index,Removal,600547,600547.SH,"Shandong Gold Mining Co., Ltd.",1576,Removal,Hang Seng (China A) Corporate Sustainability Index,unchanged,1,1,600547.SH,600547.SS,parse_ok,600547.SS,0,2024-06-11,0,,,,,,,,,
2024-09-09,Hang Seng (China A) Corporate Sustainability Index,Inclusion,600600,600600.SH,"Tsingtao Brewery Co., Ltd.",1568,Inclusion,Hang Seng (China A) Corporate Sustainability Index,unchanged,1,1,600600.SH,600600.SS,parse_ok,600600.SS,1,2024-06-11,0,,,,,,,,,
2024-09-09,Hang Seng China A Industry Top Index,Inclusion,600938,600938.SH,Cnooc Limited,1580,Inclusion,Hang Seng China A Industry Top Index,unchanged,1,1,600938.SH,600938.SS,parse_ok,600938.SS,1,2024-06-11,0,,,,,,,,,
2024-09-09,Hang Seng (China A) Corporate Sustainability Index,Removal,601012,601012.SH,"LONGi Green Energy Technology Co., Ltd.",1577,Removal,Hang Seng (China A) Corporate Sustainability Index,unchanged,1,1,601012.SH,601012.SS,parse_ok,601012.SS,0,2024-06-11,0,,,,,,,,,
2024-09-09,Hang Seng Stock Connect China Enterprises Index,Inclusion,601225,601225.SH,"Shaanxi Coal Industry Co., Ltd.",1703,Inclusion,Hang Seng Stock Connect China Enterprises Index,unchanged,1,1,601225.SH,601225.SS,parse_ok,601225.SS,1,2024-06-11,0,,,,,,,,,
2024-09-09,Hang Seng (China A) Corporate Sustainability Index,Inclusion,601318,601318.SH,"Ping An Insurance (Group) Company of China, Ltd.",1569,Inclusion,Hang Seng (China A) Corporate Sustainability Index,unchanged,1,1,601318.SH,601318.SS,parse_ok,601318.SS,1,2024-06-11,0,,,,,,,,,
2024-09-09,Hang Seng China A Industry Top Index,Inclusion,601600,601600.SH,Aluminum Corporation of China Limited,1581,Inclusion,Hang Seng China A Industry Top Index,unchanged,1,1,601600.SH,601600.SS,parse_ok,601600.SS,1,2024-06-11,0,,,,,,,,,
2024-09-09,Hang Seng (China A) Corporate Sustainability Index,Inclusion,601808,601808.SH,China Oilfield Services Limited,1570,Inclusion,Hang Seng (China A) Corporate Sustainability Index,unchanged,1,1,601808.SH,601808.SS,parse_ok,601808.SS,1,2024-06-11,0,,,,,,,,,
2024-09-09,Hang Seng (China A) Corporate Sustainability Index,Inclusion,601899,601899.SH,"Zijin Mining Group Co., Ltd.",1571,Inclusion,Hang Seng (China A) Corporate Sustainability Index,unchanged,1,1,601899.SH,601899.SS,parse_ok,601899.SS,1,2024-06-11,0,,,,,,,,,
2024-09-09,Hang Seng China A Industry Top Index,Removal,603288,603288.SH,Foshan Haitian Flavouring and Food Company Ltd.,1588,Removal,Hang Seng China A Industry Top Index,unchanged,1,1,603288.SH,603288.SS,parse_ok,603288.SS,0,2024-06-11,0,,,,,,,,,
2024-09-09,Hang Seng China A Industry Top Index,Removal,603501,603501.SH,"Will Semiconductor Co., Ltd. Shanghai",1589,Removal,Hang Seng China A Industry Top Index,unchanged,1,1,603501.SH,603501.SS,parse_ok,603501.SS,0,2024-06-11,0,,,,,,,,,
2024-09-09,Hang Seng China A Industry Top Index,Inclusion,603993,603993.SH,CMOC Group Limited,1582,Inclusion,Hang Seng China A Industry Top Index,unchanged,1,1,603993.SH,603993.SS,parse_ok,603993.SS,1,2024-06-11,0,,,,,,,,,
2024-09-09,Hang Seng Composite Index,Removal,6100,6100.HK,Tongdao Liepin Group,1654,Removal,Hang Seng Composite Index,unchanged,1,1,6100.HK,6100.HK,parse_ok,6100.HK,0,2024-06-11,0,,,,,,,,,
2024-09-09,Hang Seng Composite Index,Inclusion,6181,6181.HK,"Laopu Gold Co., Ltd. - H Shares",1628,Inclusion,Hang Seng Composite Index,unchanged,1,1,6181.HK,6181.HK,parse_ok,6181.HK,1,2024-06-11,0,,,,,,,,,
2024-09-09,Hang Seng Composite Index,Removal,6185,6185.HK,CanSino Biologics Inc. - H Shares,1655,Removal,Hang Seng Composite Index,unchanged,1,1,6185.HK,6185.HK,parse_ok,6185.HK,0,2024-06-11,0,,,,,,,,,
2024-09-09,Hang Seng Hong Kong-Listed Biotech Index,Removal,6660,6660.HK,"AIM Vaccine Co., Ltd. - H Shares",1700,Removal,Hang Seng Hong Kong-Listed Biotech Index,unchanged,1,1,6660.HK,6660.HK,parse_ok,6660.HK,0,2024-06-11,0,,,,,,,,,
2024-09-09,Hang Seng Stock Connect Greater Bay Area Composite Index,Removal,6666,6666.HK,L.K. Technology Holdings Ltd.,1735,Removal,Hang Seng Stock Connect Greater Bay Area Composite Index,unchanged,1,1,6666.HK,6666.HK,parse_ok,6666.HK,0,2024-06-11,0,,,,,,,,,
2024-09-09,Hang Seng Corporate Sustainability Benchmark Index,Removal,6818,6818.HK,CEB BANK,1680,Remove,Hang Seng Corporate Sustainability Benchmark Index,unchanged,1,1,6818.HK,6818.HK,parse_ok,6818.HK,0,2024-06-11,0,,,,,,,,,
2024-09-09,Hang Seng China A Industry Top Index,Inclusion,688036,688036.SH,"Shenzhen Transsion Holdings Co., Ltd.",1583,Inclusion,Hang Seng China A Industry Top Index,unchanged,1,1,688036.SH,688036.SS,parse_ok,688036.SS,1,2024-06-11,0,,,,,,,,,
2024-09-09,Hang Seng Stock Connect Greater Bay Area Composite Index,Inclusion,688177,688177.SH,"Bio-Thera Solutions, Ltd.",1717,Inclusion,Hang Seng Stock Connect Greater Bay Area Composite Index,unchanged,1,1,688177.SH,688177.SS,parse_ok,688177.SS,1,2024-06-11,0,,,,,,,,,
2024-09-09,Hang Seng Stock Connect Greater Bay Area Composite Index,Inclusion,688343,688343.SH,"Shenzhen Intellifusion Technologies Co., Ltd.",1718,Inclusion,Hang Seng Stock Connect Greater Bay Area Composite Index,unchanged,1,1,688343.SH,688343.SS,parse_ok,688343.SS,1,2024-06-11,0,,,,,,,,,
2024-09-09,Hang Seng Stock Connect Greater Bay Area Composite Index,Inclusion,688361,688361.SH,"Skyverse Technology Co., Ltd.",1719,Inclusion,Hang Seng Stock Connect Greater Bay Area Composite Index,unchanged,1,1,688361.SH,688361.SS,parse_ok,688361.SS,1,2024-06-11,0,,,,,,,,,
2024-09-09,Hang Seng Stock Connect Greater Bay Area Composite Index,Inclusion,688525,688525.SH,"Biwin Storage Technology Co., Ltd.",1720,Inclusion,Hang Seng Stock Connect Greater Bay Area Composite Index,unchanged,1,1,688525.SH,688525.SS,parse_ok,688525.SS,1,2024-06-11,0,,,,,,,,,
2024-09-09,Hang Seng Composite Index,Inclusion,6963,6963.HK,"Sunshine Insurance Group Co., Ltd. - H Shares",1629,Inclusion,Hang Seng Composite Index,unchanged,1,1,6963.HK,6963.HK,parse_ok,6963.HK,1,2024-06-11,0,,,,,,,,,
2024-09-09,Hang Seng Stock Connect Greater Bay Area Composite Index,Inclusion,6963,6963.HK,"Sunshine Insurance Group Co., Ltd. - H Shares",1721,Inclusion,Hang Seng Stock Connect Greater Bay Area Composite Index,unchanged,1,1,6963.HK,6963.HK,parse_ok,6963.HK,1,2024-06-11,0,,,,,,,,,
2024-09-09,Hang Seng Stock Connect Greater Bay Area Composite Index,Removal,6969,6969.HK,Vitasoy International Holdings Ltd.,1736,Removal,Hang Seng Stock Connect Greater Bay Area Composite Index,unchanged,1,1,6969.HK,6969.HK,parse_ok,6969.HK,0,2024-06-11,0,,,,,,,,,
2024-09-09,Hang Seng (China A) Corporate Sustainability Benchmark Index,Inclusion,88187,88187.HK,TIMES ELECTRIC,1541,Add,Hang Seng (China A) Corporate Sustainability Benchmark Index,unchanged,1,1,88187.HK,88187.HK,parse_ok,88187.HK,1,2024-06-11,0,,,,,,,,,
2024-09-09,Hang Seng (China A) Corporate Sustainability Benchmark Index,Inclusion,88707,88707.HK,ZEC,1542,Add,Hang Seng (China A) Corporate Sustainability Benchmark Index,unchanged,1,1,88707.HK,88707.HK,parse_ok,88707.HK,1,2024-06-11,0,,,,,,,,,
2024-09-09,Hang Seng Composite Index,Removal,9668,9668.HK,"China Bohai Bank Co., Ltd. - H Shares",1656,Removal,Hang Seng Composite Index,unchanged,1,1,9668.HK,9668.HK,parse_ok,9668.HK,0,2024-06-11,0,,,,,,,,,
2024-09-09,Hang Seng Composite Index,Inclusion,9699,9699.HK,"Hangzhou SF Intra-city Industrial Co., Ltd. - H Shares",1630,Inclusion,Hang Seng Composite Index,unchanged,1,1,9699.HK,9699.HK,parse_ok,9699.HK,1,2024-06-11,0,,,,,,,,,
2024-09-09,Hang Seng Composite Index,Removal,9857,9857.HK,Linmon Media Ltd.,1657,Removal,Hang Seng Composite Index,unchanged,1,1,9857.HK,9857.HK,parse_ok,9857.HK,0,2024-06-11,0,,,,,,,,,
2024-09-09,Hang Seng Stock Connect Greater Bay Area Composite Index,Removal,9869,9869.HK,"Sipai Health Technology Co., Ltd.",1737,Removal,Hang Seng Stock Connect Greater Bay Area Composite Index,unchanged,1,1,9869.HK,9869.HK,parse_ok,9869.HK,0,2024-06-11,0,,,,,,,,,
2024-09-09,Hang Seng Composite Index,Removal,9877,9877.HK,"Jenscare Scientific Co., Ltd. - B - H Shares",1658,Removal,Hang Seng Composite Index,unchanged,1,1,9877.HK,9877.HK,parse_ok,9877.HK,0,2024-06-11,0,,,,,,,,,
2024-09-09,Hang Seng Composite Index,Removal,9886,9886.HK,Dingdang Health Technology Group Ltd.,1659,Removal,Hang Seng Composite Index,unchanged,1,1,9886.HK,9886.HK,parse_ok,9886.HK,0,2024-06-11,0,,,,,,,,,
2024-09-09,Hang Seng Stock Connect Greater Bay Area Composite Index,Inclusion,9890,9890.HK,ZX Inc.,1722,Inclusion,Hang Seng Stock Connect Greater Bay Area Composite Index,unchanged,1,1,9890.HK,9890.HK,parse_ok,9890.HK,1,2024-06-11,0,,,,,,,,,
2024-09-09,Hang Seng Composite Index,Inclusion,9899,9899.HK,Cloud Music Inc.,1631,Inclusion,Hang Seng Composite Index,unchanged,1,1,9899.HK,9899.HK,parse_ok,9899.HK,1,2024-06-11,0,,,,,,,,,
2024-09-09,Hang Seng China Enterprises Index,Inclusion,9901,9901.HK,New Oriental Education & Technology Group Inc. - S,1591,Inclusion,Hang Seng China Enterprises Index,unchanged,1,1,9901.HK,9901.HK,parse_ok,9901.HK,1,2024-06-11,0,,,,,,,,,
2024-09-09,Hang Seng Stock Connect Greater Bay Area Composite Index,Removal,9926,9926.HK,Melco International Development Ltd.,1738,Removal,Hang Seng Stock Connect Greater Bay Area Composite Index,unchanged,1,1,9926.HK,9926.HK,parse_ok,9926.HK,0,2024-06-11,0,,,,,,,,,
2024-09-09,Hang Seng Composite Index,Removal,9955,9955.HK,ClouDr Group Ltd.,1660,Removal,Hang Seng Composite Index,unchanged,1,1,9955.HK,9955.HK,parse_ok,9955.HK,0,2024-06-11,0,,,,,,,,,
2024-12-09,Hang Seng Index,Removal,17,0017.HK,New World Development Co. Ltd.,1753,Removal,Hang Seng Index,unchanged,1,1,0017.HK,0017.HK,parse_ok,0017.HK,0,2024-09-10,0,,,,,,,,,
2024-12-09,Hang Seng Composite Index,Inclusion,300,0300.HK,"Midea Group Co., Ltd. - H Shares",1743,Inclusion,Hang Seng Composite Index,unchanged,1,1,0300.HK,0300.HK,parse_ok,0300.HK,1,2024-09-10,1,,,,,,,,,72.0
2024-12-09,Hang Seng TECH Index,Inclusion,300,0300.HK,"Midea Group Co., Ltd. - H Shares",1754,Inclusion,Hang Seng TECH Index,unchanged,1,1,0300.HK,0300.HK,parse_ok,0300.HK,1,2024-09-10,1,,,,,,,,,72.0
2024-12-09,Hang Seng Hong Kong-Listed Biotech Index,Inclusion,512,0512.HK,Grand Pharmaceutical Group Ltd.,1745,Inclusion,Hang Seng Hong Kong-Listed Biotech Index,unchanged,1,1,0512.HK,0512.HK,parse_ok,0512.HK,1,2024-09-10,0,,,,,,,,,
2024-12-09,Hang Seng China Enterprises Index,Removal,960,0960.HK,Longfor Group Holdings Ltd.,1742,Removal,Hang Seng China Enterprises Index,unchanged,1,1,0960.HK,0960.HK,parse_ok,0960.HK,0,2024-09-10,0,,,,,,,,,
2024-12-09,Hang Seng Index,Inclusion,1024,1024.HK,Kuaishou Technology - W,1751,Inclusion,Hang Seng Index,unchanged,1,1,1024.HK,1024.HK,parse_ok,1024.HK,1,2024-09-10,1,,,,,,,,,72.0
2024-12-09,Hang Seng Hong Kong-Listed Biotech Index,Removal,1244,1244.HK,3D Medicines Inc.,1748,Removal,Hang Seng Hong Kong-Listed Biotech Index,unchanged,1,1,1244.HK,1244.HK,parse_ok,1244.HK,0,2024-09-10,0,,,,,,,,,
2024-12-09,Hang Seng Hong Kong-Listed Biotech Index,Removal,2171,2171.HK,CARsgen Therapeutics Holdings Ltd. - B,1749,Removal,Hang Seng Hong Kong-Listed Biotech Index,unchanged,1,1,2171.HK,2171.HK,parse_ok,2171.HK,0,2024-09-10,0,,,,,,,,,
2024-12-09,Hang Seng Hong Kong-Listed Biotech Index,Inclusion,2228,2228.HK,QuantumPharm Inc. - P,1746,Inclusion,Hang Seng Hong Kong-Listed Biotech Index,unchanged,1,1,2228.HK,2228.HK,parse_ok,2228.HK,1,2024-09-10,0,,,,,,,,,
2024-12-09,Hang Seng China Enterprises Index,Inclusion,2328,2328.HK,"PICC Property and Casualty Co., Ltd. - H Shares",1741,Inclusion,Hang Seng China Enterprises Index,unchanged,1,1,2328.HK,2328.HK,parse_ok,2328.HK,1,2024-09-10,0,,,,,,,,,
2024-12-09,Hang Seng Composite Index,Inclusion,2533,2533.HK,Black Sesame International Holding Ltd.,1744,Inclusion,Hang Seng Composite Index,unchanged,1,1,2533.HK,2533.HK,parse_ok,2533.HK,1,2024-09-10,1,,,,,,,,,72.0
2024-12-09,Hang Seng Hong Kong-Listed Biotech Index,Removal,3759,3759.HK,"Pharmaron Beijing Co., Ltd. - H Shares",1750,Removal,Hang Seng Hong Kong-Listed Biotech Index,unchanged,1,1,3759.HK,3759.HK,parse_ok,3759.HK,0,2024-09-10,1,,,,,,,,,72.0
2024-12-09,Hang Seng Hong Kong-Listed Biotech Index,Inclusion,6086,6086.HK,Fangzhou Inc.,1747,Inclusion,Hang Seng Hong Kong-Listed Biotech Index,unchanged,1,1,6086.HK,6086.HK,parse_ok,6086.HK,1,2024-09-10,0,,,,,,,,,
2024-12-09,Hang Seng TECH Index,Removal,9898,9898.HK,Weibo Corporation - SW,1755,Removal,Hang Seng TECH Index,unchanged,1,1,9898.HK,9898.HK,parse_ok,9898.HK,0,2024-09-10,1,,,,,,,,,72.0
2024-12-09,Hang Seng Index,Inclusion,9901,9901.HK,New Oriental Education & Technology Group Inc. - S,1752,Inclusion,Hang Seng Index,unchanged,1,1,9901.HK,9901.HK,parse_ok,9901.HK,1,2024-09-10,1,,,,,,,,,10.0
2025-03-10,Hang Seng Composite Index,Inclusion,41,0041.HK,Great Eagle Holdings Ltd.,1762,Inclusion,Hang Seng Composite Index,unchanged,1,1,0041.HK,0041.HK,parse_ok,0041.HK,1,2024-12-10,0,,,,,,,,,
2025-03-10,Hang Seng Composite Index,Removal,95,0095.HK,"LVGEM (China) Real Estate Investment Co., Ltd.",1791,Removal,Hang Seng Composite Index,unchanged,1,1,0095.HK,0095.HK,parse_ok,0095.HK,0,2024-12-10,0,,,,,,,,,
2025-03-10,Hang Seng Composite Index,Inclusion,308,0308.HK,China Travel International Investment Hong Kong Ltd.,1763,Inclusion,Hang Seng Composite Index,unchanged,1,1,0308.HK,0308.HK,parse_ok,0308.HK,1,2024-12-10,0,,,,,,,,,
2025-03-10,Hang Seng Composite Index,Removal,338,0338.HK,"Sinopec Shanghai Petrochemical Co., Ltd.- H Shares",1792,Removal,Hang Seng Composite Index,unchanged,1,1,0338.HK,0338.HK,parse_ok,0338.HK,0,2024-12-10,1,,,,,,,,,71.0
2025-03-10,Hang Seng Composite Index,Removal,410,0410.HK,SOHO China Ltd.,1793,Removal,Hang Seng Composite Index,unchanged,1,1,0410.HK,0410.HK,parse_ok,0410.HK,0,2024-12-10,0,,,,,,,,,
2025-03-10,Hang Seng Composite Index,Removal,659,0659.HK,CTF Services Ltd.,1794,Removal,Hang Seng Composite Index,unchanged,1,1,0659.HK,0659.HK,parse_ok,0659.HK,0,2024-12-10,0,,,,,,,,,
2025-03-10,Hang Seng Composite Index,Inclusion,697,0697.HK,Shoucheng Holdings Ltd.,1764,Inclusion,Hang Seng Composite Index,unchanged,1,1,0697.HK,0697.HK,parse_ok,0697.HK,1,2024-12-10,0,,,,,,,,,
2025-03-10,Hang Seng Composite Index,Removal,743,0743.HK,Asia Cement (China) Holdings Corporation,1795,Removal,Hang Seng Composite Index,unchanged,1,1,0743.HK,0743.HK,parse_ok,0743.HK,0,2024-12-10,0,,,,,,,,,
2025-03-10,Hang Seng Composite Index,Removal,806,0806.HK,Value Partners Group Ltd.,1796,Removal,Hang Seng Composite Index,unchanged,1,1,0806.HK,0806.HK,parse_ok,0806.HK,0,2024-12-10,0,,,,,,,,,
2025-03-10,Hang Seng Composite Index,Removal,884,0884.HK,"CIFI Holdings (Group) Co., Ltd.",1797,Removal,Hang Seng Composite Index,unchanged,1,1,0884.HK,0884.HK,parse_ok,0884.HK,0,2024-12-10,0,,,,,,,,,
2025-03-10,Hang Seng Composite Index,Inclusion,999,0999.HK,Xiaocaiyuan International Holding Ltd.,1765,Inclusion,Hang Seng Composite Index,unchanged,1,1,0999.HK,0999.HK,parse_ok,0999.HK,1,2024-12-10,0,,,,,,,,,
2025-03-10,Hang Seng Composite Index,Removal,1119,1119.HK,iDreamSky Technology Holdings Ltd.,1798,Removal,Hang Seng Composite Index,unchanged,1,1,1119.HK,1119.HK,parse_ok,1119.HK,0,2024-12-10,0,,,,,,,,,
2025-03-10,Hang Seng China Enterprises Index,Removal,1177,1177.HK,Sino Biopharmaceutical Ltd.,1760,Removal,Hang Seng China Enterprises Index,unchanged,1,1,1177.HK,1177.HK,parse_ok,1177.HK,0,2024-12-10,0,,,,,,,,,
2025-03-10,Hang Seng Composite Index,Removal,1268,1268.HK,China MeiDong Auto Holdings Ltd.,1799,Removal,Hang Seng Composite Index,unchanged,1,1,1268.HK,1268.HK,parse_ok,1268.HK,0,2024-12-10,0,,,,,,,,,
2025-03-10,Hang Seng Biotech Index,Inclusion,1302,1302.HK,LifeTech Scientific Corporation,1756,Inclusion,Hang Seng Biotech Index,unchanged,1,1,1302.HK,1302.HK,parse_ok,1302.HK,1,2024-12-10,0,,,,,,,,,
2025-03-10,Hang Seng Composite Index,Inclusion,1318,1318.HK,"Mao Geping Cosmetics Co., Ltd. - H Shares",1766,Inclusion,Hang Seng Composite Index,unchanged,1,1,1318.HK,1318.HK,parse_ok,1318.HK,1,2024-12-10,0,,,,,,,,,
2025-03-10,Hang Seng Composite Index,Removal,1385,1385.HK,"Shanghai Fudan Microelectronics Group Co., Ltd. - H Shares",1800,Removal,Hang Seng Composite Index,unchanged,1,1,1385.HK,1385.HK,parse_ok,1385.HK,0,2024-12-10,1,,,,,,,,,163.0
2025-03-10,Hang Seng Composite Index,Removal,1468,1468.HK,Kingkey Financial International (Holdings) Ltd.,1801,Removal,Hang Seng Composite Index,unchanged,1,1,1468.HK,1468.HK,parse_ok,1468.HK,0,2024-12-10,0,,,,,,,,,
2025-03-10,Hang Seng Biotech Index,Removal,1541,1541.HK,ImmuneOnco Biopharmaceuticals (Shanghai) Inc. - B - H Shares,1757,Removal,Hang Seng Biotech Index,unchanged,1,1,1541.HK,1541.HK,parse_ok,1541.HK,0,2024-12-10,0,,,,,,,,,
2025-03-10,Hang Seng Composite Index,Removal,1541,1541.HK,ImmuneOnco Biopharmaceuticals (Shanghai) Inc. - B - H Shares,1802,Removal,Hang Seng Composite Index,unchanged,1,1,1541.HK,1541.HK,parse_ok,1541.HK,0,2024-12-10,0,,,,,,,,,
2025-03-10,Hang Seng Composite Index,Removal,1600,1600.HK,Tian Lun Gas Holdings Ltd.,1803,Removal,Hang Seng Composite Index,unchanged,1,1,1600.HK,1600.HK,parse_ok,1600.HK,0,2024-12-10,0,,,,,,,,,
2025-03-10,Hang Seng TECH Index,Inclusion,1698,1698.HK,Tencent Music Entertainment Group - SW,1832,Inclusion,Hang Seng TECH Index,unchanged,1,1,1698.HK,1698.HK,parse_ok,1698.HK,1,2024-12-10,1,,,,,,,,,71.0
2025-03-10,Hang Seng TECH Index,Removal,1797,1797.HK,East Buy Holding Ltd.,1834,Removal,Hang Seng TECH Index,unchanged,1,1,1797.HK,1797.HK,parse_ok,1797.HK,0,2024-12-10,0,,,,,,,,,
2025-03-10,Hang Seng Composite Index,Removal,1799,1799.HK,"Xinte Energy Co., Ltd. - H Shares",1804,Removal,Hang Seng Composite Index,unchanged,1,1,1799.HK,1799.HK,parse_ok,1799.HK,0,2024-12-10,0,,,,,,,,,
2025-03-10,Hang Seng Composite Index,Removal,1942,1942.HK,MOG Digitech Holdings Ltd.,1805,Removal,Hang Seng Composite Index,unchanged,1,1,1942.HK,1942.HK,parse_ok,1942.HK,0,2024-12-10,0,,,,,,,,,
2025-03-10,Hang Seng China Enterprises Index,Inclusion,2057,2057.HK,ZTO Express (Cayman) Inc. - W,1758,Inclusion,Hang Seng China Enterprises Index,unchanged,1,1,2057.HK,2057.HK,parse_ok,2057.HK,1,2024-12-10,1,,,,,,,,,71.0
2025-03-10,Hang Seng Composite Index,Removal,2105,2105.HK,"Laekna, Inc. - B",1806,Removal,Hang Seng Composite Index,unchanged,1,1,2105.HK,2105.HK,parse_ok,2105.HK,0,2024-12-10,0,,,,,,,,,
2025-03-10,Hang Seng Composite Index,Removal,2121,2121.HK,"AInnovation Technology Group Co., Ltd.- H Shares",1807,Removal,Hang Seng Composite Index,unchanged,1,1,2121.HK,2121.HK,parse_ok,2121.HK,0,2024-12-10,0,,,,,,,,,
2025-03-10,Hang Seng Composite Index,Removal,2150,2150.HK,Nayuki Holdings Ltd.,1808,Removal,Hang Seng Composite Index,unchanged,1,1,2150.HK,2150.HK,parse_ok,2150.HK,0,2024-12-10,0,,,,,,,,,
2025-03-10,Hang Seng Composite Index,Removal,2171,2171.HK,CARsgen Therapeutics Holdings Ltd. - B,1809,Removal,Hang Seng Composite Index,unchanged,1,1,2171.HK,2171.HK,parse_ok,2171.HK,0,2024-12-10,0,,,,,,,,,
2025-03-10,Hang Seng Composite Index,Inclusion,2232,2232.HK,Crystal International Group Ltd.,1767,Inclusion,Hang Seng Composite Index,unchanged,1,1,2232.HK,2232.HK,parse_ok,2232.HK,1,2024-12-10,0,,,,,,,,,
2025-03-10,Hang Seng China Enterprises Index,Removal,2331,2331.HK,"Li Ning Co., Ltd.",1761,Removal,Hang Seng China Enterprises Index,unchanged,1,1,2331.HK,2331.HK,parse_ok,2331.HK,0,2024-12-10,0,,,,,,,,,
2025-03-10,Hang Seng Composite Index,Removal,2390,2390.HK,Zhihu Inc. - W,1810,Removal,Hang Seng Composite Index,unchanged,1,1,2390.HK,2390.HK,parse_ok,2390.HK,0,2024-12-10,1,,,,,,,,,71.0
2025-03-10,Hang Seng Composite Index,Removal,2407,2407.HK,Gaush Meditech Ltd,1811,Removal,Hang Seng Composite Index,unchanged,1,1,2407.HK,2407.HK,parse_ok,2407.HK,0,2024-12-10,0,,,,,,,,,
2025-03-10,Hang Seng Composite Index,Inclusion,2410,2410.HK,"TYK Medicines, Inc - B - H Shares",1768,Inclusion,Hang Seng Composite Index,unchanged,1,1,2410.HK,2410.HK,parse_ok,2410.HK,1,2024-12-10,1,,,,,,,,,163.0
2025-03-10,Hang Seng Composite Index,Removal,2411,2411.HK,Shenzhen Pagoda Industrial (Group) Corporation Ltd. - H Shares,1812,Removal,Hang Seng Composite Index,unchanged,1,1,2411.HK,2411.HK,parse_ok,2411.HK,0,2024-12-10,0,,,,,,,,,
2025-03-10,Hang Seng Composite Index,Inclusion,2431,2431.HK,"Minieye Technology Co., Ltd - H Shares",1769,Inclusion,Hang Seng Composite Index,unchanged,1,1,2431.HK,2431.HK,parse_ok,2431.HK,1,2024-12-10,0,,,,,,,,,
2025-03-10,Hang Seng Composite Index,Inclusion,2432,2432.HK,Shenzhen Dobot Corp Ltd - H Shares,1770,Inclusion,Hang Seng Composite Index,unchanged,1,1,2432.HK,2432.HK,parse_ok,2432.HK,1,2024-12-10,0,,,,,,,,,
2025-03-10,Hang Seng Composite Index,Inclusion,2460,2460.HK,"China Resources Beverage (Holdings) Co., Ltd.",1771,Inclusion,Hang Seng Composite Index,unchanged,1,1,2460.HK,2460.HK,parse_ok,2460.HK,1,2024-12-10,0,,,,,,,,,
2025-03-10,Hang Seng Composite Index,Removal,2487,2487.HK,Cutia Therapeutics - B,1813,Removal,Hang Seng Composite Index,unchanged,1,1,2487.HK,2487.HK,parse_ok,2487.HK,0,2024-12-10,0,,,,,,,,,
2025-03-10,Hang Seng Composite Index,Inclusion,2506,2506.HK,"Xunfei Healthcare Technology Co., Ltd. - H Shares",1772,Inclusion,Hang Seng Composite Index,unchanged,1,1,2506.HK,2506.HK,parse_ok,2506.HK,1,2024-12-10,1,,,,,,,,,163.0
2025-03-10,Hang Seng Composite Index,Inclusion,2507,2507.HK,Cirrus Aircraft Ltd.,1773,Inclusion,Hang Seng Composite Index,unchanged,1,1,2507.HK,2507.HK,parse_ok,2507.HK,1,2024-12-10,0,,,,,,,,,
2025-03-10,Hang Seng Composite Index,Inclusion,2510,2510.HK,T.S. Lines Ltd.,1774,Inclusion,Hang Seng Composite Index,unchanged,1,1,2510.HK,2510.HK,parse_ok,2510.HK,1,2024-12-10,0,,,,,,,,,
2025-03-10,Hang Seng Composite Index,Removal,2511,2511.HK,"HighTide Therapeutics, Inc. - B",1814,Removal,Hang Seng Composite Index,unchanged,1,1,2511.HK,2511.HK,parse_ok,2511.HK,0,2024-12-10,0,,,,,,,,,
2025-03-10,Hang Seng Composite Index,Inclusion,2522,2522.HK,"Jiangxi Rimag Group Co., Ltd. - H Shares",1775,Inclusion,Hang Seng Composite Index,unchanged,1,1,2522.HK,2522.HK,parse_ok,2522.HK,1,2024-12-10,0,,,,,,,,,
2025-03-10,Hang Seng Composite Index,Inclusion,2562,2562.HK,Synagistics Ltd.,1776,Inclusion,Hang Seng Composite Index,unchanged,1,1,2562.HK,2562.HK,parse_ok,2562.HK,1,2024-12-10,0,,,,,,,,,
2025-03-10,Hang Seng Composite Index,Inclusion,2563,2563.HK,"Beijing Biostar Pharmaceuticals Co., Ltd. - B - H Shares",1777,Inclusion,Hang Seng Composite Index,unchanged,1,1,2563.HK,2563.HK,parse_ok,2563.HK,1,2024-12-10,0,,,,,,,,,
2025-03-10,Hang Seng Composite Index,Inclusion,2570,2570.HK,Shanghai REFIRE Group Ltd. - H Shares,1778,Inclusion,Hang Seng Composite Index,unchanged,1,1,2570.HK,2570.HK,parse_ok,2570.HK,1,2024-12-10,0,,,,,,,,,
2025-03-10,Hang Seng Composite Index,Inclusion,2577,2577.HK,"InnoScience (Suzhou) Technology Holding Co., Ltd. - H Shares",1779,Inclusion,Hang Seng Composite Index,unchanged,1,1,2577.HK,2577.HK,parse_ok,2577.HK,1,2024-12-10,0,,,,,,,,,
2025-03-10,Hang Seng Composite Index,Inclusion,2582,2582.HK,"Jiangsu Guofu Hydrogen Energy Equipment Co., Ltd. - H Shares",1780,Inclusion,Hang Seng Composite Index,unchanged,1,1,2582.HK,2582.HK,parse_ok,2582.HK,1,2024-12-10,0,,,,,,,,,
2025-03-10,Hang Seng Composite Index,Inclusion,2586,2586.HK,Dmall Inc.,1781,Inclusion,Hang Seng Composite Index,unchanged,1,1,2586.HK,2586.HK,parse_ok,2586.HK,1,2024-12-10,0,,,,,,,,,
2025-03-10,Hang Seng Composite Index,Inclusion,2587,2587.HK,HealthyWay Inc.,1782,Inclusion,Hang Seng Composite Index,unchanged,1,1,2587.HK,2587.HK,parse_ok,2587.HK,1,2024-12-10,0,,,,,,,,,
2025-03-10,Hang Seng Composite Index,Removal,2678,2678.HK,Texhong International Group Ltd.,1815,Removal,Hang Seng Composite Index,unchanged,1,1,2678.HK,2678.HK,parse_ok,2678.HK,0,2024-12-10,0,,,,,,,,,
2025-03-10,Hang Seng Composite Index,Inclusion,2778,2778.HK,Champion Real Estate Investment Trust,1783,Inclusion,Hang Seng Composite Index,unchanged,1,1,2778.HK,2778.HK,parse_ok,2778.HK,1,2024-12-10,0,,,,,,,,,
2025-03-10,Hang Seng Composite Index,Inclusion,2799,2799.HK,"China CITIC Financial Asset Management Co., Ltd. - H Shares",1784,Inclusion,Hang Seng Composite Index,unchanged,1,1,2799.HK,2799.HK,parse_ok,2799.HK,1,2024-12-10,0,,,,,,,,,
2025-03-10,Hang Seng Composite Index,Removal,3309,3309.HK,C-MER Medical Holdings Ltd.,1816,Removal,Hang Seng Composite Index,unchanged,1,1,3309.HK,3309.HK,parse_ok,3309.HK,0,2024-12-10,0,,,,,,,,,
2025-03-10,Hang Seng Composite Index,Removal,3347,3347.HK,"Hangzhou Tigermed Consulting Co., Ltd. - H Shares",1817,Removal,Hang Seng Composite Index,unchanged,1,1,3347.HK,3347.HK,parse_ok,3347.HK,0,2024-12-10,1,,,,,,,,,71.0
2025-03-10,Hang Seng Composite Index,Removal,3383,3383.HK,Agile Group Holdings Ltd.,1818,Removal,Hang Seng Composite Index,unchanged,1,1,3383.HK,3383.HK,parse_ok,3383.HK,0,2024-12-10,0,,,,,,,,,
2025-03-10,Hang Seng Composite Index,Removal,3650,3650.HK,Keep Inc.,1819,Removal,Hang Seng Composite Index,unchanged,1,1,3650.HK,3650.HK,parse_ok,3650.HK,0,2024-12-10,0,,,,,,,,,
2025-03-10,Hang Seng Composite Index,Removal,3669,3669.HK,China Yongda Automobiles Services Holdings Ltd.,1820,Removal,Hang Seng Composite Index,unchanged,1,1,3669.HK,3669.HK,parse_ok,3669.HK,0,2024-12-10,0,,,,,,,,,
2025-03-10,Hang Seng Composite Index,Removal,3759,3759.HK,"Pharmaron Beijing Co., Ltd. - H Shares",1821,Removal,Hang Seng Composite Index,unchanged,1,1,3759.HK,3759.HK,parse_ok,3759.HK,0,2024-12-10,1,,,,,,,,,71.0
2025-03-10,Hang Seng Composite Index,Inclusion,3931,3931.HK,"CALB Group Co., Ltd. - H Shares",1785,Inclusion,Hang Seng Composite Index,unchanged,1,1,3931.HK,3931.HK,parse_ok,3931.HK,1,2024-12-10,0,,,,,,,,,
2025-03-10,Hang Seng Composite Index,Inclusion,3939,3939.HK,Wanguo Gold Group Ltd.,1786,Inclusion,Hang Seng Composite Index,unchanged,1,1,3939.HK,3939.HK,parse_ok,3939.HK,1,2024-12-10,0,,,,,,,,,
2025-03-10,Hang Seng TECH Index,Removal,6060,6060.HK,"ZhongAn Online P & C Insurance Co., Ltd. - H Shares",1835,Removal,Hang Seng TECH Index,unchanged,1,1,6060.HK,6060.HK,parse_ok,6060.HK,0,2024-12-10,0,,,,,,,,,
2025-03-10,Hang Seng Composite Index,Inclusion,6086,6086.HK,Fangzhou Inc.,1787,Inclusion,Hang Seng Composite Index,unchanged,1,1,6086.HK,6086.HK,parse_ok,6086.HK,1,2024-12-10,0,,,,,,,,,
2025-03-10,Hang Seng China Enterprises Index,Inclusion,6160,6160.HK,"BeiGene, Ltd.",1759,Inclusion,Hang Seng China Enterprises Index,unchanged,1,1,6160.HK,6160.HK,parse_ok,6160.HK,1,2024-12-10,1,,,,,,,,,71.0
2025-03-10,Hang Seng Composite Index,Inclusion,6623,6623.HK,Lufax Holding Ltd,1788,Inclusion,Hang Seng Composite Index,unchanged,1,1,6623.HK,6623.HK,parse_ok,6623.HK,1,2024-12-10,1,,,,,,,,,71.0
2025-03-10,Hang Seng Composite Index,Removal,6639,6639.HK,Arrail Group Ltd.,1822,Removal,Hang Seng Composite Index,unchanged,1,1,6639.HK,6639.HK,parse_ok,6639.HK,0,2024-12-10,0,,,,,,,,,
2025-03-10,Hang Seng Composite Index,Removal,6660,6660.HK,"AIM Vaccine Co., Ltd. - H Shares",1823,Removal,Hang Seng Composite Index,unchanged,1,1,6660.HK,6660.HK,parse_ok,6660.HK,0,2024-12-10,0,,,,,,,,,
2025-03-10,Hang Seng Composite Index,Removal,6698,6698.HK,STAR CM Holdings Ltd.,1824,Removal,Hang Seng Composite Index,unchanged,1,1,6698.HK,6698.HK,parse_ok,6698.HK,0,2024-12-10,0,,,,,,,,,
2025-03-10,Hang Seng Composite Index,Removal,9638,9638.HK,Ferretti S.p.A.,1825,Removal,Hang Seng Composite Index,unchanged,1,1,9638.HK,9638.HK,parse_ok,9638.HK,0,2024-12-10,0,,,,,,,,,
2025-03-10,Hang Seng Composite Index,Inclusion,9660,9660.HK,Horizon Robotics - W,1789,Inclusion,Hang Seng Composite Index,unchanged,1,1,9660.HK,9660.HK,parse_ok,9660.HK,1,2024-12-10,0,,,,,,,,,
2025-03-10,Hang Seng TECH Index,Inclusion,9660,9660.HK,Horizon Robotics - W,1833,Inclusion,Hang Seng TECH Index,unchanged,1,1,9660.HK,9660.HK,parse_ok,9660.HK,1,2024-12-10,0,,,,,,,,,
2025-03-10,Hang Seng Composite Index,Removal,9669,9669.HK,Beisen Holding Ltd.,1826,Removal,Hang Seng Composite Index,unchanged,1,1,9669.HK,9669.HK,parse_ok,9669.HK,0,2024-12-10,0,,,,,,,,,
2025-03-10,Hang Seng Composite Index,Removal,9869,9869.HK,"Helens International Holdings Co., Ltd.",1827,Removal,Hang Seng Composite Index,unchanged,1,1,9869.HK,9869.HK,parse_ok,9869.HK,0,2024-12-10,0,,,,,,,,,
2025-03-10,Hang Seng Composite Index,Removal,9959,9959.HK,Linklogis Inc. - W,1828,Removal,Hang Seng Composite Index,unchanged,1,1,9959.HK,9959.HK,parse_ok,9959.HK,0,2024-12-10,0,,,,,,,,,
2025-03-10,Hang Seng Composite Index,Removal,9966,9966.HK,Alphamab Oncology - B,1829,Removal,Hang Seng Composite Index,unchanged,1,1,9966.HK,9966.HK,parse_ok,9966.HK,0,2024-12-10,0,,,,,,,,,
2025-03-10,Hang Seng Composite Index,Inclusion,9985,9985.HK,WEILONG Delicious Global Holdings Ltd.,1790,Inclusion,Hang Seng Composite Index,unchanged,1,1,9985.HK,9985.HK,parse_ok,9985.HK,1,2024-12-10,0,,,,,,,,,
2025-03-10,Hang Seng Composite Index,Removal,9995,9995.HK,"RemeGen Co., Ltd. - H Shares",1830,Removal,Hang Seng Composite Index,unchanged,1,1,9995.HK,9995.HK,parse_ok,9995.HK,0,2024-12-10,0,,,,,,,,,
2025-03-10,Hang Seng Composite Index,Removal,9996,9996.HK,Peijia Medical Ltd. - B,1831,Removal,Hang Seng Composite Index,unchanged,1,1,9996.HK,9996.HK,parse_ok,9996.HK,0,2024-12-10,0,,,,,,,,,
2025-06-09,Hang Seng Index,Inclusion,300,0300.HK,"Midea Group Co., Ltd. - H Shares",1843,Inclusion,Hang Seng Index,unchanged,1,1,0300.HK,0300.HK,parse_ok,0300.HK,1,2025-03-11,1,,,,,,,,,70.0
2025-06-09,Hang Seng Composite Index,Inclusion,325,0325.HK,Bloks Group Ltd.,1840,Inclusion,Hang Seng Composite Index,unchanged,1,1,0325.HK,0325.HK,parse_ok,0325.HK,1,2025-03-11,0,,,,,,,,,
2025-06-09,Hang Seng TECH Index,Removal,772,0772.HK,China Literature Ltd.,1846,Removal,Hang Seng TECH Index,unchanged,1,1,0772.HK,0772.HK,parse_ok,0772.HK,0,2025-03-11,0,,,,,,,,,
2025-06-09,Hang Seng TECH Index,Inclusion,1211,1211.HK,BYD Co. Ltd. - H Shares,1845,Inclusion,Hang Seng TECH Index,unchanged,1,1,1211.HK,1211.HK,parse_ok,1211.HK,1,2025-03-11,1,,,,,,,,,70.0
2025-06-09,Hang Seng Composite Index,Inclusion,1364,1364.HK,Guming Holdings Ltd.,1841,Inclusion,Hang Seng Composite Index,unchanged,1,1,1364.HK,1364.HK,parse_ok,1364.HK,1,2025-03-11,1,,,,,,,,,70.0
2025-06-09,Hang Seng Index,Inclusion,2057,2057.HK,ZTO Express (Cayman) Inc. - W,1844,Inclusion,Hang Seng Index,unchanged,1,1,2057.HK,2057.HK,parse_ok,2057.HK,1,2025-03-11,1,,,,,,,,,70.0
2025-06-09,Hang Seng Composite Index,Inclusion,2097,2097.HK,MIXUE Group - H Shares,1842,Inclusion,Hang Seng Composite Index,unchanged,1,1,2097.HK,2097.HK,parse_ok,2097.HK,1,2025-03-11,1,,,,,,,,,70.0
2025-06-09,Hang Seng Biotech Index,Inclusion,2410,2410.HK,"TYK Medicines, Inc - B - H Shares",1836,Inclusion,Hang Seng Biotech Index,unchanged,1,1,2410.HK,2410.HK,parse_ok,2410.HK,1,2025-03-11,1,,,,,,,,,254.0
2025-06-09,Hang Seng Biotech Index,Removal,9966,9966.HK,Alphamab Oncology - B,1838,Removal,Hang Seng Biotech Index,unchanged,1,1,9966.HK,9966.HK,parse_ok,9966.HK,0,2025-03-11,0,,,,,,,,,
2025-06-09,Hang Seng Biotech Index,Removal,9995,9995.HK,"RemeGen Co., Ltd. - H Shares",1839,Removal,Hang Seng Biotech Index,unchanged,1,1,9995.HK,9995.HK,parse_ok,9995.HK,0,2025-03-11,0,,,,,,,,,
2025-06-09,Hang Seng Biotech Index,Inclusion,9997,9997.HK,Kangji Medical Holdings Ltd.,1837,Inclusion,Hang Seng Biotech Index,unchanged,1,1,9997.HK,9997.HK,parse_ok,9997.HK,1,2025-03-11,0,,,,,,,,,
2025-12-08,Hang Seng HKEX Stock Connect China Enterprises Index,Inclusion,002371,002371.SZ,"NAURA Technology Group Co., Ltd.",1859,Inclusion,Hang Seng HKEX Stock Connect China Enterprises Index,unchanged,1,1,002371.SZ,002371.SZ,parse_ok,002371.SZ,1,2025-09-09,1,33644708142.72,6048563331.36,,0.178989518834874,0.07171244193195875,0.04535578998841783,-0.004408380644085885,,71.0
2025-12-08,Hang Seng TECH Index,Removal,522,0522.HK,ASMPT Ltd.,1869,Removal,Hang Seng TECH Index,unchanged,1,1,0522.HK,0522.HK,parse_ok,0522.HK,0,2025-09-09,1,,,,,,,,,71.0
2025-12-08,Hang Seng China Enterprises Index,Inclusion,1378,1378.HK,China Hongqiao Group Ltd.,1847,Inclusion,Hang Seng China Enterprises Index,unchanged,1,1,1378.HK,1378.HK,parse_ok,1378.HK,1,2025-09-09,0,,,,,,,,,
2025-12-08,Hang Seng HKEX Stock Connect China Enterprises Index,Inclusion,1378,1378.HK,China Hongqiao Group Ltd.,1860,Inclusion,Hang Seng HKEX Stock Connect China Enterprises Index,unchanged,1,1,1378.HK,1378.HK,parse_ok,1378.HK,1,2025-09-09,0,,,,,,,,,
2025-12-08,Hang Seng China Enterprises Index,Inclusion,1801,1801.HK,"Innovent Biologics, Inc.",1848,Inclusion,Hang Seng China Enterprises Index,unchanged,1,1,1801.HK,1801.HK,parse_ok,1801.HK,1,2025-09-09,0,,,,,,,,,
2025-12-08,Hang Seng HKEX Stock Connect China Enterprises Index,Inclusion,1801,1801.HK,"Innovent Biologics, Inc.",1861,Inclusion,Hang Seng HKEX Stock Connect China Enterprises Index,unchanged,1,1,1801.HK,1801.HK,parse_ok,1801.HK,1,2025-09-09,0,,,,,,,,,
2025-12-08,Hang Seng Index,Inclusion,1801,1801.HK,"Innovent Biologics, Inc.",1867,Inclusion,Hang Seng Index,unchanged,1,1,1801.HK,1801.HK,parse_ok,1801.HK,1,2025-09-09,0,,,,,,,,,
2025-12-08,Hang Seng Composite Index,Inclusion,1828,1828.HK,FWD Group Holdings Ltd.,1853,Inclusion,Hang Seng Composite Index,unchanged,1,1,1828.HK,1828.HK,parse_ok,1828.HK,1,2025-09-09,0,,,,,,,,,
2025-12-08,Hang Seng Composite Index,Inclusion,2525,2525.HK,Hesai Group - W,1854,Inclusion,Hang Seng Composite Index,unchanged,1,1,2525.HK,2525.HK,parse_ok,2525.HK,1,2025-09-09,1,2490865000.0,103145000.0,,0.023682998433608847,0.016471350995714687,,,,71.0
2025-12-08,Hang Seng Composite Index,Inclusion,2580,2580.HK,"Aux Electric Co., Ltd.",1855,Inclusion,Hang Seng Composite Index,unchanged,1,1,2580.HK,2580.HK,parse_ok,2580.HK,1,2025-09-09,1,,,,,,,,,71.0
2025-12-08,Hang Seng Composite Index,Inclusion,2590,2590.HK,"Beijing Geekplus Technology Co., Ltd. - W - H Shares",1856,Inclusion,Hang Seng Composite Index,unchanged,1,1,2590.HK,2590.HK,parse_ok,2590.HK,1,2025-09-09,0,,,,,,,,,
2025-12-08,Hang Seng Composite Index,Inclusion,2591,2591.HK,"Guangzhou Innogen Pharmaceutical Group Co., Ltd. - B - H Shares",1857,Inclusion,Hang Seng Composite Index,unchanged,1,1,2591.HK,2591.HK,parse_ok,2591.HK,1,2025-09-09,0,,,,,,,,,
2025-12-08,Hang Seng China Enterprises Index,Removal,2688,2688.HK,ENN Energy Holdings Ltd.,1850,Removal,Hang Seng China Enterprises Index,unchanged,1,1,2688.HK,2688.HK,parse_ok,2688.HK,0,2025-09-09,0,,,,,,,,,
2025-12-08,Hang Seng HKEX Stock Connect China Enterprises Index,Removal,2688,2688.HK,ENN Energy Holdings Ltd.,1863,Removal,Hang Seng HKEX Stock Connect China Enterprises Index,unchanged,1,1,2688.HK,2688.HK,parse_ok,2688.HK,0,2025-09-09,0,,,,,,,,,
2025-12-08,Hang Seng HKEX Stock Connect China Enterprises Index,Removal,600025,600025.SH,Huaneng Lancang River Hydropower Inc.,1864,Removal,Hang Seng HKEX Stock Connect China Enterprises Index,unchanged,1,1,600025.SH,600025.SS,parse_ok,600025.SS,0,2025-09-09,1,25960074387.53,8736654667.08,,0.11724646262322959,0.03979923985522909,0.004387671547076533,-0.0003613101445909539,,71.0
2025-12-08,Hang Seng HKEX Stock Connect China Enterprises Index,Removal,600887,600887.SH,"Inner Mongolia Yili Industrial Group Co., Ltd.",1865,Removal,Hang Seng HKEX Stock Connect China Enterprises Index,unchanged,1,1,600887.SH,600887.SS,parse_ok,600887.SS,0,2025-09-09,1,117797485754.29001,8122203476.469999,,0.15238618779348573,0.0543110774142352,0.013568802162247318,0.09697990645918053,,71.0
2025-12-08,Hang Seng China Enterprises Index,Removal,6862,6862.HK,Haidilao International Holding Ltd.,1851,Removal,Hang Seng China Enterprises Index,unchanged,1,1,6862.HK,6862.HK,parse_ok,6862.HK,0,2025-09-09,0,,,,,,,,,
2025-12-08,Hang Seng HKEX Stock Connect China Enterprises Index,Removal,6862,6862.HK,Haidilao International Holding Ltd.,1866,Removal,Hang Seng HKEX Stock Connect China Enterprises Index,unchanged,1,1,6862.HK,6862.HK,parse_ok,6862.HK,0,2025-09-09,0,,,,,,,,,
2025-12-08,Hang Seng TECH Index,Inclusion,9863,9863.HK,"Zhejiang Leapmotor Technology Co., Ltd. - H Shares",1868,Inclusion,Hang Seng TECH Index,unchanged,1,1,9863.HK,9863.HK,parse_ok,9863.HK,1,2025-09-09,0,,,,,,,,,
2025-12-08,Hang Seng China Enterprises Index,Removal,9901,9901.HK,New Oriental Education & Technology Group Inc. - S,1852,Removal,Hang Seng China Enterprises Index,unchanged,1,1,9901.HK,9901.HK,parse_ok,9901.HK,0,2025-09-09,1,4987826000.0,367009000.0,905700000.0,0.0928507439388546,0.04580212594027774,,,,9.0
2025-12-08,Hang Seng Composite Index,Inclusion,9973,9973.HK,"Chery Automobile Co., Ltd. - H Shares",1858,Inclusion,Hang Seng Composite Index,unchanged,1,1,9973.HK,9973.HK,parse_ok,9973.HK,1,2025-09-09,1,,,,,,,,,71.0
2025-12-08,Hang Seng China Enterprises Index,Inclusion,9987,9987.HK,"Yum China Holdings, Inc.",1849,Inclusion,Hang Seng China Enterprises Index,unchanged,1,1,9987.HK,9987.HK,parse_ok,9987.HK,1,2025-09-09,1,,,,,,,,,71.0
2025-12-08,Hang Seng HKEX Stock Connect China Enterprises Index,Inclusion,9987,9987.HK,"Yum China Holdings, Inc.",1862,Inclusion,Hang Seng HKEX Stock Connect China Enterprises Index,unchanged,1,1,9987.HK,9987.HK,parse_ok,9987.HK,1,2025-09-09,1,,,,,,,,,71.0
2026-03-09,Hang Seng HKEX Stock Connect China Enterprises Index,Removal,000568,000568.SZ,Luzhou Laojiao Company Limited,1874,Removal,Hang Seng HKEX Stock Connect China Enterprises Index,unchanged,1,1,000568.SZ,000568.SZ,parse_ok,000568.SZ,0,2025-12-09,1,30745095943.6,13108356123.68,,0.281654513980554,0.18675466800718285,-0.019608262478840843,-0.028421726771304612,,162.0
2026-03-09,Hang Seng HKEX Stock Connect China Enterprises Index,Removal,291,0291.HK,China Resources Beer (Holdings) Co. Ltd.,1875,Removal,Hang Seng HKEX Stock Connect China Enterprises Index,unchanged,1,1,0291.HK,0291.HK,parse_ok,0291.HK,0,2025-12-09,0,,,,,,,,,
2026-03-09,Hang Seng HKEX Stock Connect China Enterprises Index,Removal,2319,2319.HK,"China Mengniu Dairy Co., Ltd.",1876,Removal,Hang Seng HKEX Stock Connect China Enterprises Index,unchanged,1,1,2319.HK,2319.HK,parse_ok,2319.HK,0,2025-12-09,0,,,,,,,,,
2026-03-09,Hang Seng HKEX Stock Connect China Enterprises Index,Inclusion,2423,2423.HK,KE Holdings Inc. - W,1870,Inclusion,Hang Seng HKEX Stock Connect China Enterprises Index,unchanged,1,1,2423.HK,2423.HK,parse_ok,2423.HK,1,2025-12-09,1,103516547000.0,3476113000.0,2852641000.0,0.051238704046081024,0.029138622178433,0.004539696590361908,-0.10820946544847321,-0.3287963542914204,70.0
2026-03-09,Hang Seng HKEX Stock Connect China Enterprises Index,Inclusion,300308,300308.SZ,"Zhongji Innolight Co., Ltd.",1871,Inclusion,Hang Seng HKEX Stock Connect China Enterprises Index,unchanged,1,1,300308.SZ,300308.SZ,parse_ok,300308.SZ,1,2025-12-09,1,27852640390.42,6808180301.13,,0.2983635007592811,0.19571211524477458,0.08402229284782403,0.1850420845159364,,162.0
2026-03-09,Hang Seng HKEX Stock Connect China Enterprises Index,Removal,600406,600406.SH,"NARI Technology Co., Ltd.",1877,Removal,Hang Seng HKEX Stock Connect China Enterprises Index,unchanged,1,1,600406.SH,600406.SS,parse_ok,600406.SS,0,2025-12-09,1,61546322636.31999,7853136886.940001,,0.1611080261823555,0.08750883962847607,0.05003194983474146,0.020596561185786788,,162.0
2026-03-09,Hang Seng HKEX Stock Connect China Enterprises Index,Inclusion,601211,601211.SH,"Guotai Haitong Securities Co., Ltd.",1872,Inclusion,Hang Seng HKEX Stock Connect China Enterprises Index,unchanged,1,1,601211.SH,601211.SS,parse_ok,601211.SS,1,2025-12-09,1,49671171092.0,23745273173.0,70213647919.0,0.0738858283989033,0.013158052500216596,0.06085775499778201,0.04252110517537444,2.632756513772692,162.0
2026-03-09,Hang Seng HKEX Stock Connect China Enterprises Index,Inclusion,9660,9660.HK,Horizon Robotics - W,1873,Inclusion,Hang Seng HKEX Stock Connect China Enterprises Index,unchanged,1,1,9660.HK,9660.HK,parse_ok,9660.HK,1,2025-12-09,0,,,,,,,,,
