date,index,change_type,ticker,ticker_normalized,company,source_row_id,change_type_raw,index_raw,index_normalization_status,symbol_rank_within_row,is_primary_symbol,symbol_token_raw,ticker_yf_normalized,ticker_parse_status,ticker_yf,event_anchor_date,close_at_event_anchor,ret_5d_pre,ret_20d_pre,ret_60d_pre,dist_from_60d_high,dist_from_252d_high,volume_at_event_anchor,dollar_volume_at_event_anchor,avg_volume_20d_pre,avg_volume_60d_pre,avg_dollar_volume_20d_pre,avg_dollar_volume_60d_pre,realized_vol_20d_pre,realized_vol_60d_pre,shares_source,market_cap_available,market_cap_is_approx,turnover_available,market_cap_approx,share_turnover_at_event_anchor
2016-03-14,Hang Seng China 50 Index,Exclusion,1211 / 002594,1211.HK / 002594.SZ,BYD Co. Ltd.,0,Exclusion,Hang Seng China 50 Index,unchanged,1,1,1211.HK,1211.HK,parse_ok,1211.HK,2016-03-11,13.866665840148926,-0.0223267371569823,0.28593506901477506,0.04391465780010373,-0.046964559562072794,-0.29848232621142856,15581520.0,216063731.1215973,17739910.35,19731304.35,229386663.9859646,249633649.4666565,0.024777379779718226,0.03173881484783951,yfinance_info_static_sharesOutstanding,1,1,1,51076476955.60455,0.004230200358364554
2016-03-14,Hang Seng China 50 Index,Exclusion,1211 / 002594,1211.HK / 002594.SZ,BYD Co. Ltd.,0,Exclusion,Hang Seng China 50 Index,unchanged,2,0,002594.SZ,002594.SZ,parse_ok,002594.SZ,2016-03-11,17.086666107177734,-0.04543762730087253,0.023766660301219433,-0.17878882743428748,-0.22333335876464844,-0.3868421281383727,12044307.0,205797052.20134354,27973204.8,33882338.55,493797043.22495383,644117750.1097084,0.024666034232731435,0.03301361408118123,yfinance_info_static_sharesOutstanding,1,1,1,92845484687.1504,0.002216554234110486
2016-03-14,Hang Seng China 50 Index,Exclusion,1359,1359.HK,"China Cinda Asset Management Co., Ltd.",1,Exclusion,Hang Seng China 50 Index,unchanged,1,1,1359.HK,1359.HK,parse_ok,1359.HK,2016-03-11,2.5899999141693115,0.02777775149707007,0.1562499567600235,-0.04428048792933381,-0.11301375119944135,-0.497087404619839,59094248.0,153054097.2479,45583153.75,50292792.93333333,110601494.54557231,127029010.32647403,0.014724553981659389,0.018746966234846042,yfinance_info_static_sharesOutstanding,1,1,1,35140090167.77331,0.004355540822950554
2016-03-14,Hang Seng China 50 Index,Exclusion,2333 / 601633,2333.HK / 601633.SH,Great Wall Motor Co. Ltd.,2,Exclusion,Hang Seng China 50 Index,unchanged,1,1,2333.HK,2333.HK,parse_ok,2333.HK,2016-03-11,6.909999847412109,0.08477236602110749,0.39314511981206457,-0.27186511969768623,-0.27415971479529466,-0.6530543898915052,42286333.0,292198554.57761765,40100077.2,39037186.43333333,248018758.89504665,258791161.97982076,0.040871096131787174,0.04116123933639737,yfinance_info_static_sharesOutstanding,1,1,1,16022741806.182861,0.01823648899246844
2016-03-14,Hang Seng China 50 Index,Exclusion,2333 / 601633,2333.HK / 601633.SH,Great Wall Motor Co. Ltd.,2,Exclusion,Hang Seng China 50 Index,unchanged,2,0,601633.SH,601633.SS,parse_ok,601633.SS,2016-03-11,8.510000228881836,-0.03514733295561201,0.055831238937644745,-0.29958843653764256,-0.31536604827448633,-0.5611139506572139,9207026.0,78351793.36732101,21206914.45,20144077.016666666,183258922.1035179,201209448.64370987,0.03383427186500453,0.03323697020750629,yfinance_info_static_sharesOutstanding,1,1,1,53091147778.389984,0.0014757976921948
2016-03-14,Hang Seng China 50 Index,Inclusion,1186 / 601186,1186.HK / 601186.SH,China Railway Construction Corporation Ltd.,3,Inclusion,Hang Seng China 50 Index,unchanged,1,1,1186.HK,1186.HK,parse_ok,1186.HK,2016-03-11,8.6899995803833,0.09033874644234308,0.2686130950901713,-0.1123595899648524,-0.16921610433160517,-0.4821216195003315,22449506.0,195086197.7198124,14554279.55,16246375.4,115236027.31711443,129212071.42395242,0.029906859925805416,0.03286847298150311,yfinance_info_static_sharesOutstanding,1,1,1,18043011368.751526,0.010812285916844227
2016-03-14,Hang Seng China 50 Index,Inclusion,1186 / 601186,1186.HK / 601186.SH,China Railway Construction Corporation Ltd.,3,Inclusion,Hang Seng China 50 Index,unchanged,2,0,601186.SH,601186.SS,parse_ok,601186.SS,2016-03-11,10.779999732971191,-0.008279682937941568,0.08998982393861299,-0.20088955404943976,-0.23491840906820405,-0.6020671955610386,17416147.0,187746060.00938702,34731601.5,31606900.016666666,365276298.0698866,358814898.72202456,0.0330664130094112,0.037236228126710125,yfinance_info_static_sharesOutstanding,1,1,1,124004983418.30206,0.001514020282362921
2016-03-14,Hang Seng China 50 Index,Inclusion,1776 / 000776,1776.HK / 000776.SZ,"GF Securities Co., Ltd.",4,Inclusion,Hang Seng China 50 Index,unchanged,1,1,1776.HK,1776.HK,parse_ok,1776.HK,2016-03-11,15.479999542236328,-0.023959654644817974,0.08860754230286583,-0.1869748530520181,-0.22793016801601673,-0.41804513833691104,4482844.0,69394423.06791687,4686650.9,8198069.233333333,71139599.80777875,141538763.40648028,0.03373511788971305,0.03115971369200089,yfinance_info_static_sharesOutstanding,1,1,1,29733924296.72928,0.002333846766252453
2016-03-14,Hang Seng China 50 Index,Inclusion,1776 / 000776,1776.HK / 000776.SZ,"GF Securities Co., Ltd.",4,Inclusion,Hang Seng China 50 Index,unchanged,2,0,000776.SZ,000776.SZ,parse_ok,000776.SZ,2016-03-11,13.829999923706055,-0.04224374476478021,0.019159928867279463,-0.2778067781096133,-0.36559631157258454,-0.5521372959984652,44460445.0,614887950.9579372,66046668.9,76072912.03333333,933458819.0967541,1287407710.686063,0.03834971001571735,0.04062194480326294,yfinance_info_static_sharesOutstanding,1,1,1,81653001520.68678,0.007530500281758233
2016-03-14,Hang Seng China 50 Index,Inclusion,601211,601211.SH,Guotai Junan Securities Co. Ltd.,5,Inclusion,Hang Seng China 50 Index,unchanged,1,1,601211.SH,601211.SS,parse_ok,601211.SS,2016-03-11,17.440000534057617,-0.020774786242543475,0.01631705647641568,-0.24827586376993038,-0.3351124346771258,-0.49913840646443297,31252576.0,545044942.1306763,38087165.5,46114562.43333333,668451144.6738646,969379857.4084089,0.02901373775531512,0.035226159482651016,yfinance_info_static_sharesOutstanding,1,1,1,246308022251.22437,0.002212859074377822
2016-03-14,Hang Seng China AH Index Series,Inclusion,317 / 600685,0317.HK / 600685.SH,CSSC Offshore & Marine Engineering (Group) Co.,6,Inclusion,Hang Seng China AH Index Series,unchanged,1,1,0317.HK,0317.HK,parse_ok,0317.HK,2016-03-11,12.0600004196167,-0.03519996643066403,0.264150992436083,-0.24246228883032928,-0.23086733514693636,-0.6919540242764791,1072264.0,12931504.28993988,1767271.05,1543573.5833333333,20429348.80884118,18784804.61091663,0.03944061349365435,0.037007399504812875,yfinance_info_static_sharesOutstanding,1,1,1,7140378884.262961,0.0018110389517901173
2016-03-14,Hang Seng China AH Index Series,Inclusion,317 / 600685,0317.HK / 600685.SH,CSSC Offshore & Marine Engineering (Group) Co.,6,Inclusion,Hang Seng China AH Index Series,unchanged,2,0,600685.SH,600685.SS,parse_ok,600685.SS,2016-03-11,25.65999984741211,-0.08324401367485168,0.0046984701481278535,-0.2714367132864103,-0.380342913741505,-0.6623239825139373,3147695.0,80769853.21969986,5668281.2,5661083.733333333,155820811.44604367,179725241.8275674,0.048357562783543265,0.04703268133771342,yfinance_info_static_sharesOutstanding,1,1,1,21078026619.11894,0.0038319456882380597
2016-03-14,Hang Seng Composite LargeCap & MidCap Index,Exclusion,829,0829.HK,Shenguan Holdings (Group) Ltd.,8,Exclusion,Hang Seng Composite LargeCap & MidCap Index,unchanged,1,1,0829.HK,0829.HK,parse_ok,0829.HK,2016-03-11,0.8299999833106995,-0.011904750923180218,0.05063286172982795,-0.16161618655025423,-0.2654867373335118,-0.7077464759172463,6080000.0,5046399.898529053,7438506.05,5921158.783333333,6139325.755839852,5379394.722156243,0.020247978541492427,0.026559231926662683,yfinance_info_static_sharesOutstanding,1,1,1,2681298346.0855484,0.001882073252272108
2016-03-14,Hang Seng Composite LargeCap & MidCap Index,Exclusion,1157,1157.HK,"Zoomlion Heavy Industry Science and Technology Co., Ltd-H Sh",9,Exclusion,Hang Seng Composite LargeCap & MidCap Index,unchanged,1,1,1157.HK,1157.HK,parse_ok,1157.HK,2016-03-11,3.069999933242798,0.14126389142719487,0.5349999666213989,0.06968643054309931,0.0,-0.5411061424537099,20245706.0,62154316.06845331,16411123.8,9701320.35,40062927.40001978,23602087.54154046,0.03749794183497996,0.034822901041479275,yfinance_info_static_sharesOutstanding,1,1,1,4766198068.71894,0.013040648997862392
2016-03-14,Hang Seng Composite LargeCap & MidCap Index,Exclusion,1528,1528.HK,Red Star Macalline Group Corporation Ltd. - H Shares,10,Exclusion,Hang Seng Composite LargeCap & MidCap Index,unchanged,1,1,1528.HK,1528.HK,parse_ok,1528.HK,2016-03-11,6.218181133270264,-0.021459283183282052,0.14190313526028375,-0.27078894989908286,-0.3187250943980955,-0.46562503098976027,1438562.0,8945239.087439537,2169988.35,1284185.7833333334,13413470.330186654,8668839.566451557,0.028574342091396268,0.027868718556658515,yfinance_info_static_sharesOutstanding,1,1,1,4609448343.703086,0.0019406311602687824
2016-03-14,Hang Seng Composite LargeCap & MidCap Index,Inclusion,10,0010.HK,Hang Lung Group Ltd.,12,Inclusion,Hang Seng Composite LargeCap & MidCap Index,unchanged,1,1,0010.HK,0010.HK,parse_ok,0010.HK,2016-03-11,21.850000381469727,0.006912424574032849,0.10020139526485838,-0.12072434422323208,-0.14648437281721272,-0.4728588666033062,1150409.0,25136437.088846207,1857962.7,1546239.9333333333,38825221.44196634,33336634.279742207,0.0142217702039859,0.017647839877879993,yfinance_info_static_sharesOutstanding,1,1,1,29751359107.11614,0.0008448836571917785
2016-03-14,Hang Seng Composite LargeCap & MidCap Index,Inclusion,136,0136.HK,HengTen Networks Group Ltd.,14,Inclusion,Hang Seng Composite LargeCap & MidCap Index,unchanged,1,1,0136.HK,0136.HK,parse_ok,0136.HK,2016-03-11,4.300000190734863,-0.033707780889780325,0.11688319409068693,-0.21818178350275208,-0.2586206811503482,-0.5699999809265137,4719200.0,20292560.900115967,4868818.85,4357269.55,20630051.032569148,20196130.48214972,0.039354124968049256,0.039995383043598544,yfinance_info_static_sharesOutstanding,1,1,1,72242646048.96294,0.00028089448559736517
2016-03-14,Hang Seng Composite LargeCap & MidCap Index,Inclusion,400,0400.HK,Cogobuy Group,15,Inclusion,Hang Seng Composite LargeCap & MidCap Index,unchanged,1,1,0400.HK,0400.HK,parse_ok,0400.HK,2016-03-11,8.9399995803833,-0.013245125129748625,0.11194025159209642,-0.020810573020376366,-0.1737523260134861,-0.45153374240307687,2640000.0,23601598.892211914,2925000.0,3338886.7666666666,26022215.607452393,30452440.76845363,0.031865960305324986,0.03442336371910442,yfinance_info_static_sharesOutstanding,1,1,1,14491668523.944653,0.0016286322622695157
2016-03-14,Hang Seng Composite LargeCap & MidCap Index,Inclusion,405,0405.HK,Yuexiu Real Estate Investment Trust,16,Inclusion,Hang Seng Composite LargeCap & MidCap Index,unchanged,1,1,0405.HK,0405.HK,parse_ok,0405.HK,2016-03-11,4.083246231079102,-0.007211615102434177,0.07832907115380072,0.0,-0.007211615102434177,-0.09628000162102468,5903226.0,24104325.31570816,3380451.55,3082297.7666666666,13608449.297748636,12247489.838306444,0.006108676441820596,0.007967558011690348,yfinance_info_static_sharesOutstanding,1,1,1,21473665744.686714,0.001122506310859959
2016-03-14,Hang Seng Composite LargeCap & MidCap Index,Inclusion,607,0607.HK,Fullshare Holdings Ltd.,17,Inclusion,Hang Seng Composite LargeCap & MidCap Index,unchanged,1,1,0607.HK,0607.HK,parse_ok,0607.HK,2016-03-11,99.5,-0.05238095238095242,0.0934065934065933,0.041884816753926746,-0.06572769953051638,-0.06572769953051638,421422.0,41931489.0,405752.05,408513.93333333335,40465809.1,39299858.56666667,0.017068740370617754,0.020817836546512595,yfinance_info_static_sharesOutstanding,1,1,1,63358011433.0,0.0006618182618364186
2016-03-14,Hang Seng Composite LargeCap & MidCap Index,Inclusion,715,0715.HK,China Oceanwide Holdings Ltd.,18,Inclusion,Hang Seng Composite LargeCap & MidCap Index,unchanged,1,1,0715.HK,0715.HK,parse_ok,0715.HK,2016-03-11,0.8999999761581421,0.01123594452133525,0.07142857649699375,-0.11764706569834438,-0.14285712663819117,-0.47368423621006484,10946986.0,9852287.139003515,6533544.3,4440707.133333334,5685072.315193665,3931963.0333973817,0.020592887441409406,0.022080317815608017,yfinance_info_static_sharesOutstanding,1,1,1,14528429183.128052,0.0006781384976185197
2016-03-14,Hang Seng Composite LargeCap & MidCap Index,Inclusion,911,0911.HK,Hang Fat Ginseng Holdings Co. Ltd.,19,Inclusion,Hang Seng Composite LargeCap & MidCap Index,unchanged,1,1,0911.HK,0911.HK,parse_ok,0911.HK,2016-03-11,16.0,-0.25925927234121127,-0.4594594664256706,-0.935483870967742,-0.9428571428571428,-0.9583333333333334,2458175.0,39330800.0,3278005.4,2096969.9833333334,70022853.64081697,68673010.42447951,0.11929274010610032,0.33865208112209133,yfinance_info_static_sharesOutstanding,1,1,1,2711120000.0,0.014507214730443507
2016-03-14,Hang Seng Composite LargeCap & MidCap Index,Inclusion,1071,1071.HK,Huadian Power International Corporation Ltd. - H Shares,21,Inclusion,Hang Seng Composite LargeCap & MidCap Index,unchanged,1,1,1071.HK,1071.HK,parse_ok,1071.HK,2016-03-11,4.650000095367432,-0.01691330304090044,0.12590798220762434,-0.01691330304090044,-0.11089864657568471,-0.5201238083868426,6766722.0,31465257.945324898,7767225.85,8331973.4,34947271.51284464,38769094.13655179,0.026200084888624662,0.029303721595987972,yfinance_info_static_sharesOutstanding,1,1,1,7985136403.768158,0.003940478453251788
2016-03-14,Hang Seng Composite LargeCap & MidCap Index,Inclusion,1282,1282.HK,China Goldjoy Group Ltd.,22,Inclusion,Hang Seng Composite LargeCap & MidCap Index,unchanged,1,1,1282.HK,1282.HK,parse_ok,1282.HK,2016-03-11,13.504110336303711,-0.027026978742661245,-0.06493498432058697,-0.3739130427093059,-0.4098360396104308,-0.5909090961618955,890182.0,12021115.94739151,555291.8,805754.5333333333,7709813.105442715,14620277.030703973,0.02406598566052225,0.04258341061677176,yfinance_info_static_sharesOutstanding,1,1,1,67520551681.518555,0.0001780364
2016-03-14,Hang Seng Composite LargeCap & MidCap Index,Inclusion,1308,1308.HK,SITC International Holdings Co. Ltd.,23,Inclusion,Hang Seng Composite LargeCap & MidCap Index,unchanged,1,1,1308.HK,1308.HK,parse_ok,1308.HK,2016-03-11,3.7100000381469727,0.027700871456256104,0.10089025641954419,-0.021108159501653567,-0.11244014581178963,-0.3816666603088379,1904000.0,7063840.072631836,1347103.8,1771459.45,4788226.7183056595,6612984.677448765,0.01800912034521286,0.02058227381083002,yfinance_info_static_sharesOutstanding,1,1,1,9939414615.899076,0.0007106897484015332
2016-03-14,Hang Seng Composite LargeCap & MidCap Index,Inclusion,1432,1432.HK,China Shengmu Organic Milk Ltd.,25,Inclusion,Hang Seng Composite LargeCap & MidCap Index,unchanged,1,1,1432.HK,1432.HK,parse_ok,1432.HK,2016-03-11,1.5700000524520874,0.0,0.0,-0.07100591757714814,-0.1648935870030931,-0.35655737064180126,1283000.0,2014310.0672960281,1633650.0,4172766.066666667,2566804.4766426086,7405921.907458893,0.026464196711274885,0.02030452575591766,yfinance_info_static_sharesOutstanding,1,1,1,12946580322.061935,0.00015558626426342824
2016-03-14,Hang Seng Composite LargeCap & MidCap Index,Inclusion,1508,1508.HK,China Reinsurance (Group) Corporation - H Shares,26,Inclusion,Hang Seng Composite LargeCap & MidCap Index,unchanged,1,1,1508.HK,1508.HK,parse_ok,1508.HK,2016-03-11,1.9900000095367432,-0.014851471125267302,0.1502890101715153,-0.11160714238197833,-0.17768597239704065,-0.27636363289572974,2693583.0,5360230.195688009,7730379.15,10416135.883333333,15064518.00617212,21293703.70538022,0.021467492980498125,0.027234790562758744,yfinance_info_static_sharesOutstanding,1,1,1,13292039296.699883,0.0004032662013735421
2016-03-14,Hang Seng Composite LargeCap & MidCap Index,Inclusion,1970,1970.HK,"IMAX China Holding, Inc.",27,Inclusion,Hang Seng Composite LargeCap & MidCap Index,unchanged,1,1,1970.HK,1970.HK,parse_ok,1970.HK,2016-03-11,46.900001525878906,-0.06106104485434771,0.0756881460378156,-0.09807689373309791,-0.21440534461444305,-0.21440534461444305,118800.0,5571720.181274414,698088.5,629605.95,32697898.1589859,30523496.164808273,0.03250689441675717,0.038488874044727436,yfinance_info_static_sharesOutstanding,1,1,1,15871823101.185486,0.0003510447505465365
2016-03-14,Hang Seng Composite LargeCap & MidCap Index,Inclusion,2098,2098.HK,Zall Development Group Ltd.,29,Inclusion,Hang Seng Composite LargeCap & MidCap Index,unchanged,1,1,2098.HK,2098.HK,parse_ok,2098.HK,2016-03-11,2.0,0.02564100056083385,0.3071895669274467,0.41843974989044996,-0.02439022120941492,-0.02439022120941492,20398600.0,40797200.0,18678022.0,21562321.233333334,33925377.67733657,37820192.702449255,0.01932248974182557,0.028451323153778314,yfinance_info_static_sharesOutstanding,1,1,1,24799011600.0,0.001645113952848024
2016-03-14,Hang Seng Composite LargeCap & MidCap Index,Inclusion,2298,2298.HK,Cosmo Lady (China) Holdings Co. Ltd.,30,Inclusion,Hang Seng Composite LargeCap & MidCap Index,unchanged,1,1,2298.HK,2298.HK,parse_ok,2298.HK,2016-03-11,6.309999942779541,-0.014062523632309976,0.031045761564275187,-0.12239222634736835,-0.1296551803062702,-0.2662791089666008,340000.0,2145399.980545044,1392303.1,1595779.4666666666,8991117.858803177,10496309.677135864,0.014393895354337797,0.023278859252005558,yfinance_info_static_sharesOutstanding,1,1,1,13751726618.856337,0.00015600949902561882
2016-03-14,Hang Seng Composite LargeCap & MidCap Index,Inclusion,3698,3698.HK,Huishang Bank Corporation Ltd. - H shares,31,Inclusion,Hang Seng Composite LargeCap & MidCap Index,unchanged,1,1,3698.HK,3698.HK,parse_ok,3698.HK,2016-03-11,3.127271890640259,0.0,0.011764463586371399,0.04559242241116657,-0.019943226216003085,-0.17899761530715053,327406.0,1023887.5806269646,1232825.0,2933850.2333333334,3834749.676474309,9100984.507228624,0.007555165073123529,0.012890953807394998,yfinance_info_static_sharesOutstanding,1,1,1,10878997089.5648,9.411598993891483e-05
2016-03-14,Hang Seng Composite LargeCap & MidCap Index,Inclusion,3823,3823.HK,Tech Pro Technology Development Ltd.,32,Inclusion,Hang Seng Composite LargeCap & MidCap Index,unchanged,1,1,3823.HK,3823.HK,parse_ok,3823.HK,2016-03-11,2.2300000190734863,0.009049764968910745,0.06190481921172464,0.18617022591999288,-0.03879306756854661,-0.03879306756854661,10560000.0,23548800.201416016,15010039.4,15282872.183333334,32168535.84891839,29834144.856732585,0.024297538939526207,0.019388442252389813,yfinance_info_static_sharesOutstanding,1,1,1,17840000152.58789,0.00132
2016-03-14,Hang Seng Composite LargeCap & MidCap Index,Inclusion,3886,3886.HK,Town Health International Medical Group Ltd.,33,Inclusion,Hang Seng Composite LargeCap & MidCap Index,unchanged,1,1,3886.HK,3886.HK,parse_ok,3886.HK,2016-03-11,1.5199999809265137,-0.012987000923330161,0.02702700090373522,-0.04402518929722532,-0.061728409597230804,-0.46853145570636967,3044000.0,4626879.941940308,3678980.95,8824631.25,5450090.404807532,13635087.620820588,0.01565832475792139,0.01780903183844667,yfinance_info_static_sharesOutstanding,1,1,1,10295753997.845312,0.00044939690117971133
2016-03-14,Hang Seng Composite LargeCap & MidCap Index,Inclusion,3908,3908.HK,China International Capital Corporation Ltd. - H Shares,34,Inclusion,Hang Seng Composite LargeCap & MidCap Index,unchanged,1,1,3908.HK,3908.HK,parse_ok,3908.HK,2016-03-11,10.359999656677246,-0.005758197617791172,0.07357513639519797,-0.05989117728406723,-0.1829653464244434,-0.1829653464244434,1295686.0,13423306.515161514,1834630.5,3187833.75,18664811.22653065,35270894.90478967,0.025392550192843595,0.026700478574215473,yfinance_info_static_sharesOutstanding,1,1,1,19722480820.49152,0.0006806094343473663
2016-03-14,Hang Seng Composite LargeCap & MidCap Index,Inclusion,3996,3996.HK,China Energy Engineering Corporation Ltd. - H Shares,35,Inclusion,Hang Seng Composite LargeCap & MidCap Index,unchanged,1,1,3996.HK,3996.HK,parse_ok,3996.HK,2016-03-11,1.2000000476837158,0.0,-0.039999961853027344,-0.22580639703216543,-0.26829264746897963,-0.26829264746897963,812829.0,975394.838758707,1190841.45,11859517.916666666,1443479.7519777417,18537602.876353495,0.0250889394138981,0.035376507019852496,yfinance_info_static_sharesOutstanding,1,1,1,11114923641.667366,8.775542416703338e-05
2016-03-14,Hang Seng Index,Exclusion,291,0291.HK,China Resources Beer,36,Exclusion,Hang Seng Index,unchanged,1,1,0291.HK,0291.HK,parse_ok,0291.HK,2016-03-11,13.819762229919434,-0.0013244395063393144,0.21221871326596276,0.023066575319951266,-0.09156623907820782,-0.4155038782827781,39581123.0,547001708.6531954,12986905.8,9564209.933333334,171195650.27624536,122703945.23535419,0.042273195997278815,0.03722348492501801,yfinance_info_static_sharesOutstanding,1,1,1,44831308673.85864,0.012201332614056721
2016-03-14,Hang Seng Index,Inclusion,1038,1038.HK,Cheung Kong Infrastructure,37,Inclusion,Hang Seng Index,unchanged,1,1,1038.HK,1038.HK,parse_ok,1038.HK,2016-03-11,75.3499984741211,0.009377052028585853,-0.009204530566031877,0.09044862717820057,-0.05812501907348633,-0.05812501907348633,19316374.0,1455488751.4255524,4817498.5,2634813.6333333333,368710837.2986458,196320610.4755511,0.017648840941683,0.01430629969833518,yfinance_info_static_sharesOutstanding,1,1,1,189852680861.1288,0.007666411371300024
2016-06-06,Hang Seng Composite LargeCap & MidCap Index,Inclusion,1578,1578.HK,"Bank of Tianjin Co., Ltd. – H Shares MidCap Financials",38,Inclusion,Hang Seng Composite LargeCap & MidCap Index,unchanged,1,1,1578.HK,1578.HK,parse_ok,1578.HK,2016-06-03,7.389999866485596,-0.0013513822639132922,0.008185531160170179,,-0.01466668446858721,-0.01466668446858721,1000.0,7389.999866485596,1042700.0,1724304.347826087,7509203.803443909,12641545.99937667,0.021849877696082983,0.01678613203567808,yfinance_info_static_sharesOutstanding,1,1,1,13040386839.970608,5.66700969624169e-07
2016-06-06,Hang Seng Composite LargeCap & MidCap Index,Inclusion,2016,2016.HK,"China Zheshang Bank Co., Ltd. – H Shares MidCap Financials",39,Inclusion,Hang Seng Composite LargeCap & MidCap Index,unchanged,1,1,2016.HK,2016.HK,parse_ok,2016.HK,2016-06-03,3.806478977203369,0.002557457068699698,0.0,,-0.010101097780970236,-0.010101097780970236,540657.0,2057999.504377842,180035.75,4474661.369565218,685079.3230662107,17046411.339109007,0.0011705091595711889,0.0021606186012696465,yfinance_info_static_sharesOutstanding,1,1,1,22535116840.839386,9.132411067193675e-05
2016-09-05,Hang Seng China 50 Index,Exclusion,600958,600958.SH,Orient Securities Company Limited,40,Exclusion,Hang Seng China 50 Index,unchanged,1,1,600958.SH,600958.SS,parse_ok,600958.SS,2016-09-02,16.320310592651367,0.0006021240513534032,0.01651385672554806,-0.0567536769775967,-0.06313413861165418,-0.38874583620242376,16301302.0,266042311.70460892,20632250.65,27303713.45,341101752.7443172,456030634.6054724,0.012034489606797866,0.014529020101977947,yfinance_info_static_sharesOutstanding,1,1,1,121904280306.96707,0.002182386959954876
2016-09-05,Hang Seng China 50 Index,Inclusion,600606,600606.SH,Greenland Holdings Corporation Limited,41,Inclusion,Hang Seng China 50 Index,unchanged,1,1,600606.SH,600606.SS,parse_ok,600606.SS,2016-09-02,8.216449737548828,-0.03458802784863346,0.03602624754260719,-0.19234042704777798,-0.16972874916544733,-0.5052137759554569,84644888.0,695480467.79245,162023422.3,77447760.78333333,1436060274.5476127,680895103.4411408,0.03853703696467178,0.026185784462206887,yfinance_info_static_sharesOutstanding,1,1,1,115475778377.51923,0.006022738946333405
2016-09-05,Hang Seng China A Industry Top Index,Exclusion,000839,000839.SZ,"CITIC Guoan Information Industry Co.,Ltd",42,Exclusion,Hang Seng China A Industry Top Index,unchanged,1,1,000839.SZ,000839.SZ,parse_ok,000839.SZ,2016-09-02,12.65999984741211,0.08390406820469498,0.36129027825447246,0.6817215797954819,-0.014018715189773712,-0.014018715189773712,293790633.0,3719389368.951107,325797088.4,266313592.46666667,3758971577.2135,2667464692.7908216,0.04101592331094882,0.042395258228242666,yfinance_info_static_sharesOutstanding,1,1,1,49625001018.201965,0.07494991017908234
2016-09-05,Hang Seng China A Industry Top Index,Exclusion,002241,002241.SZ,Goertek Inc.,43,Exclusion,Hang Seng China A Industry Top Index,unchanged,1,1,002241.SZ,002241.SZ,parse_ok,002241.SZ,2016-09-02,15.039999961853027,0.015872992356176452,0.17683883224592312,0.026270913401359675,0.0,-0.1669897697237065,46175554.0,694480330.3985424,32761399.1,24061450.3,467811231.6679823,338347662.03325486,0.021330385149858123,0.02057783487925323,yfinance_info_static_sharesOutstanding,1,1,1,53326499642.02438,0.013023174876665851
2016-09-05,Hang Seng China A Industry Top Index,Exclusion,600111,600111.SH,"China Northern Rare Earth (Group) High-Tech Co.,Ltd",44,Exclusion,Hang Seng China A Industry Top Index,unchanged,1,1,600111.SH,600111.SS,parse_ok,600111.SS,2016-09-02,13.1899995803833,-0.006028701930719693,0.002279614993847545,-0.061877724983532834,-0.13451445023115338,-0.22228771860848118,20966252.0,276544855.08221054,35068567.5,58634353.11666667,474180108.95343816,823487383.3865446,0.012387065117214876,0.018960786374939857,yfinance_info_static_sharesOutstanding,1,1,1,47682716939.038,0.005799687451446424
2016-09-05,Hang Seng China A Industry Top Index,Inclusion,600027,600027.SH,Huadian Power International Corporation Limited,45,Inclusion,Hang Seng China A Industry Top Index,unchanged,1,1,600027.SH,600027.SS,parse_ok,600027.SS,2016-09-02,5.170000076293945,-0.020833357792309104,-0.003853560829674585,-0.017110294424269035,-0.05484455674671862,-0.3405612275929115,27691076.0,143162865.03266144,21695339.65,20059498.3,115791945.38253239,104655800.89874482,0.010199514462635452,0.013798832394304917,yfinance_info_static_sharesOutstanding,1,1,1,51154775574.17354,0.0027986217010194437
2016-09-05,Hang Seng China A Industry Top Index,Inclusion,600271,600271.SH,Aisino Corporation,46,Inclusion,Hang Seng China A Industry Top Index,unchanged,1,1,600271.SH,600271.SS,parse_ok,600271.SS,2016-09-02,22.65999984741211,0.003987600966097071,-0.02788501215883643,-0.06863954301400443,-0.09864755777430467,-0.24504413432615024,22327053.0,505931017.5731621,15041936.9,17721267.65,345319723.116745,420341492.43923736,0.01295510003637456,0.01716841151545556,yfinance_info_static_sharesOutstanding,1,1,1,41986365614.35224,0.012049888342805721
2016-09-05,Hang Seng China A Industry Top Index,Inclusion,600688,600688.SH,Sinopec Shanghai Petrochemical Company Limited,47,Inclusion,Hang Seng China A Industry Top Index,unchanged,1,1,600688.SH,600688.SS,parse_ok,600688.SS,2016-09-02,6.010000228881836,-0.016366596145236056,-0.006611563734210235,-0.029079131934523716,-0.06677015908664652,-0.24402511030533292,30968758.0,186122242.6681862,31203877.15,34022658.05,194126095.80522323,208396209.39250228,0.010845977469265784,0.017065013226458682,yfinance_info_static_sharesOutstanding,1,1,1,44046170812.43229,0.0042256168750917185
2016-09-05,Hang Seng China A Industry Top Index,Inclusion,600704,600704.SH,"Materials Industry Zhongda Group Co., Ltd.",48,Inclusion,Hang Seng China A Industry Top Index,unchanged,1,1,600704.SH,600704.SS,parse_ok,600704.SS,2016-09-02,6.906665802001953,0.04540863877438506,0.1092076933650834,0.08263654447940372,-0.016144469976138498,-0.3598860018317346,93963766.0,648976329.2595139,51070033.0,38481733.03333333,343341637.9913131,249320104.89118487,0.02115499733198738,0.019305516088578945,yfinance_info_static_sharesOutstanding,1,1,1,35715611302.26322,0.018170662788526585
2016-09-05,Hang Seng China A Industry Top Index,Inclusion,601018,601018.SH,Ningbo Port Company Limited,49,Inclusion,Hang Seng China A Industry Top Index,unchanged,1,1,601018.SH,601018.SS,parse_ok,601018.SS,2016-09-02,5.340000152587891,0.038910562509224755,0.07661292570934819,0.0018762155769191935,-0.005586542571791475,-0.3463892163131769,64525195.0,344564551.1457634,40111240.9,34236841.9,209505331.6765738,175535950.29801777,0.016905844454834076,0.016297147420464776,yfinance_info_static_sharesOutstanding,1,1,1,103886437019.1641,0.0033167424067320843
2016-09-05,Hang Seng China A Industry Top Index,Inclusion,601186,601186.SH,China Railway Construction Corporation Limited,50,Inclusion,Hang Seng China A Industry Top Index,unchanged,1,1,601186.SH,601186.SS,parse_ok,601186.SS,2016-09-02,9.369999885559082,0.004287241391223828,0.06963466218483294,-0.04969571888233626,-0.091173665935948,-0.4303951701528824,57100930.0,535035707.56531715,90819427.35,59847111.43333333,852355351.9882252,558912892.7483445,0.017969586469432513,0.021047208788067834,yfinance_info_static_sharesOutstanding,1,1,1,107785409018.55803,0.00496389736270516
2016-09-05,Hang Seng China A Industry Top Index,Inclusion,601318,601318.SH,"Ping An Insurance (Group) Company of China, Ltd.",51,Inclusion,Hang Seng China A Industry Top Index,unchanged,1,1,601318.SH,601318.SS,parse_ok,601318.SS,2016-09-02,34.86000061035156,0.022587282320830848,0.08328155002362547,0.08429234699386434,0.0,-0.05732825738581826,51030170.0,1778911757.346344,48216366.2,35150489.333333336,1637862720.9125624,1160516021.4245691,0.011316617015133765,0.008521043542293027,yfinance_info_static_sharesOutstanding,1,1,1,371609875299.7674,0.004787041129925154
2016-09-05,Hang Seng China A Industry Top Index,Inclusion,603993,603993.SH,"China Molybdenum Co.,Ltd.",52,Inclusion,Hang Seng China A Industry Top Index,unchanged,1,1,603993.SH,603993.SS,parse_ok,603993.SS,2016-09-02,4.0,-0.0024938225214576892,-0.004975119657066318,-0.0867580147288245,-0.1578947368421053,-0.2920354101799584,20974343.0,83897372.0,34323373.45,81674627.83333333,140313014.81799468,355170129.241975,0.010273765716532627,0.020885749721152164,yfinance_info_static_sharesOutstanding,1,1,1,69843368704.0,0.0012012217273705916
2016-09-05,Hang Seng China A Top 100 Index,Exclusion,000157,000157.SZ,"Zoomlion Heavy Industry Science and Technology Co., Ltd.",53,Exclusion,Hang Seng China A Top 100 Index,unchanged,1,1,000157.SZ,000157.SZ,parse_ok,000157.SZ,2016-09-02,4.190000057220459,-0.01643196429586824,0.004796158407816664,0.024449853521226528,-0.06473213406659817,-0.27130433787470276,18845344.0,78961992.43833923,41971353.5,35696139.9,182125385.84933025,151438219.37780154,0.011381007827505146,0.010515395298580735,yfinance_info_static_sharesOutstanding,1,1,1,29732356418.75796,0.0026557596487213706
2016-09-05,Hang Seng China A Top 100 Index,Exclusion,600031,600031.SH,"Sany Heavy Industry Co.,Ltd.",54,Exclusion,Hang Seng China A Top 100 Index,unchanged,1,1,600031.SH,600031.SS,parse_ok,600031.SS,2016-09-02,5.269999980926514,-0.013108646003961888,-0.005660416741266161,0.049800797001967156,-0.0555555460605901,-0.27209942713677715,16072151.0,84700235.46344805,24180235.4,25353194.383333333,131084089.97498946,133239240.97641645,0.010631569953744922,0.010857682896071703,yfinance_info_static_sharesOutstanding,1,1,1,44660035333.353836,0.001896555496009441
2016-09-05,Hang Seng China A Top 100 Index,Exclusion,600875,600875.SH,Dongfang Electric Corporation Limited,55,Exclusion,Hang Seng China A Top 100 Index,unchanged,1,1,600875.SH,600875.SS,parse_ok,600875.SS,2016-09-02,9.770000457763672,-0.018090387432355026,0.0061792398950546445,-0.017102528148504548,-0.044965699418995086,-0.3859207698639393,9793149.0,95679070.21294785,10682334.55,13699453.45,106712712.25017075,136414026.6957056,0.008919984294351953,0.011909348044995957,yfinance_info_static_sharesOutstanding,1,1,1,29802021781.364143,0.0032104892384441537
2016-09-05,Hang Seng China A Top 100 Index,Exclusion,601225,601225.SH,Shaanxi Coal Industry Company Limited,56,Exclusion,Hang Seng China A Top 100 Index,unchanged,1,1,601225.SH,601225.SS,parse_ok,601225.SS,2016-09-02,5.690000057220459,0.016071456092961345,0.016071456092961345,0.2478070457501209,-0.13787876675170507,-0.13787876675170507,15862088.0,90255281.62763596,35838549.7,36329840.43333333,210871164.3740237,208932300.74090654,0.026476093321698545,0.03054499000722535,yfinance_info_static_sharesOutstanding,1,1,1,55164550554.75235,0.0016361101598762248
2016-09-05,Hang Seng China A Top 100 Index,Exclusion,601898,601898.SH,China Coal Energy Company Limited,57,Exclusion,Hang Seng China A Top 100 Index,unchanged,1,1,601898.SH,601898.SS,parse_ok,601898.SS,2016-09-02,5.53000020980835,-0.0036036000430957893,-0.026408384342178404,0.15208333126372775,-0.06902354267046307,-0.2330096836962564,7727821.0,42734851.75136137,18116925.5,18470896.85,104347948.15736477,101951384.42532974,0.015505108228962313,0.02092001709748602,yfinance_info_static_sharesOutstanding,1,1,1,50610564132.1661,0.0008443859989341783
2016-09-05,Hang Seng China A Top 100 Index,Inclusion,001979,001979.SZ,"China Merchants Shekou Industrial Zone Holdings Co.,Ltd",59,Inclusion,Hang Seng China A Top 100 Index,unchanged,1,1,001979.SZ,001979.SZ,parse_ok,001979.SZ,2016-09-02,15.770000457763672,-0.02049688918553494,0.01676339297517737,0.09742523196618103,-0.07561541902471869,-0.6106172726478105,38801628.0,611901691.3219757,57772692.85,44532411.333333336,943295276.863086,690705982.6235269,0.023115623941573436,0.01891338790036336,yfinance_info_static_sharesOutstanding,1,1,1,142182831463.882,0.004303625726270715
2016-09-05,Hang Seng China A Top 100 Index,Inclusion,600606,600606.SH,Greenland Holdings Corporation Limited,60,Inclusion,Hang Seng China A Top 100 Index,unchanged,1,1,600606.SH,600606.SS,parse_ok,600606.SS,2016-09-02,8.216449737548828,-0.03458802784863346,0.03602624754260719,-0.19234042704777798,-0.16972874916544733,-0.5052137759554569,84644888.0,695480467.79245,162023422.3,77447760.78333333,1436060274.5476127,680895103.4411408,0.03853703696467178,0.026185784462206887,yfinance_info_static_sharesOutstanding,1,1,1,115475778377.51923,0.006022738946333405
2016-09-05,Hang Seng China A Top 100 Index,Inclusion,600958,600958.SH,Orient Securities Company Limited,61,Inclusion,Hang Seng China A Top 100 Index,unchanged,1,1,600958.SH,600958.SS,parse_ok,600958.SS,2016-09-02,16.320310592651367,0.0006021240513534032,0.01651385672554806,-0.0567536769775967,-0.06313413861165418,-0.38874583620242376,16301302.0,266042311.70460892,20632250.65,27303713.45,341101752.7443172,456030634.6054724,0.012034489606797866,0.014529020101977947,yfinance_info_static_sharesOutstanding,1,1,1,121904280306.96707,0.002182386959954876
2016-09-05,Hang Seng China A Top 100 Index,Inclusion,601009,601009.SH,"Bank of Nanjing Co.,Ltd.",62,Inclusion,Hang Seng China A Top 100 Index,unchanged,1,1,601009.SH,601009.SS,parse_ok,601009.SS,2016-09-02,7.6785712242126465,0.0,0.04571985339130813,0.1244770539904505,-0.04359429579879803,-0.04359429579879803,35850117.0,275277676.7808566,57330629.4,45161282.53333333,444114821.7511624,332010864.10985404,0.015420821612267476,0.014056735907647713,yfinance_info_static_sharesOutstanding,1,1,1,94934531676.07503,0.0028996580266507054
2016-09-05,Hang Seng China A Top 100 Index,Inclusion,601018,601018.SH,Ningbo Port Company Limited,63,Inclusion,Hang Seng China A Top 100 Index,unchanged,1,1,601018.SH,601018.SS,parse_ok,601018.SS,2016-09-02,5.340000152587891,0.038910562509224755,0.07661292570934819,0.0018762155769191935,-0.005586542571791475,-0.3463892163131769,64525195.0,344564551.1457634,40111240.9,34236841.9,209505331.6765738,175535950.29801777,0.016905844454834076,0.016297147420464776,yfinance_info_static_sharesOutstanding,1,1,1,103886437019.1641,0.0033167424067320843
2016-09-05,Hang Seng China A Top 100 Index,Inclusion,601211,601211.SH,"Guotai Junan Securities Co., Ltd.",64,Inclusion,Hang Seng China A Top 100 Index,unchanged,1,1,601211.SH,601211.SS,parse_ok,601211.SS,2016-09-02,18.489999771118164,0.0043454603133687986,0.048185964335606846,0.04286521424162282,-0.0339602737334368,-0.2950819636369031,25939029.0,479612640.2730274,38127143.0,34647484.233333334,709609045.731365,627590914.7507576,0.015501215186188208,0.014248372341918815,yfinance_info_static_sharesOutstanding,1,1,1,261137335756.15384,0.001836629905426019
2016-09-05,Hang Seng China Enterprises Index,Exclusion,3323,3323.HK,China National Building Material Co. Ltd. - H Shares,65,Exclusion,Hang Seng China Enterprises Index,unchanged,1,1,3323.HK,3323.HK,parse_ok,3323.HK,2016-09-02,3.4800000190734863,-0.08661415450450294,-0.041322339018860954,-0.06702412834359683,-0.09374997477667968,-0.3371428535098121,164334443.0,571883864.7744308,44430009.0,24930109.45,163018219.3471172,89949657.98280865,0.019086714275870147,0.019336999939292457,yfinance_info_static_sharesOutstanding,1,1,1,12933062312.964651,0.044218751207991173
2016-09-05,Hang Seng China Enterprises Index,Inclusion,3898,3898.HK,"Zhuzhou CRRC Times Electric Co., Ltd. - H Shares",66,Inclusion,Hang Seng China Enterprises Index,unchanged,1,1,3898.HK,3898.HK,parse_ok,3898.HK,2016-09-02,42.599998474121094,0.06900878557839518,-0.011600928484956197,-0.0426966635028968,-0.1332655716868909,-0.2610581553064125,37600233.0,1601769868.4265976,7861186.35,3758941.8333333335,337092330.30311906,160628943.00395456,0.03440978918859028,0.023494990881682724,yfinance_info_static_sharesOutstanding,1,1,1,20821047454.216003,0.07693032120256078
2016-09-05,Hang Seng Composite LargeCap & MidCap Index,Exclusion,81,0081.HK,China Overseas Grand Oceans Group Ltd.,67,Exclusion,Hang Seng Composite LargeCap & MidCap Index,unchanged,1,1,0081.HK,0081.HK,parse_ok,0081.HK,2016-09-02,2.434159994125366,0.02459020835407344,0.08695657265674117,0.046025135896292646,-0.003984216493192916,-0.2378049131000698,9669040.0,23535990.34959793,3597492.0,2039983.6833333333,8592836.500740075,4734286.948697436,0.012977223777085406,0.013978141328594642,yfinance_info_static_sharesOutstanding,1,1,1,8664087576.735096,0.0027164995899622516
2016-09-05,Hang Seng Composite LargeCap & MidCap Index,Exclusion,639,0639.HK,Shougang Fushan Resources Group Ltd.,71,Exclusion,Hang Seng Composite LargeCap & MidCap Index,unchanged,1,1,0639.HK,0639.HK,parse_ok,0639.HK,2016-09-02,1.409999966621399,-0.02758626189441482,0.014388475634778741,0.13709673852999948,-0.07843137713222958,-0.07843137713222958,14853000.0,20942729.50422764,6528762.7,5713607.983333333,9312767.433441723,7916942.61182869,0.030052199413601124,0.025886817634804375,yfinance_info_static_sharesOutstanding,1,1,1,7178402565.767346,0.002917463782833825
2016-09-05,Hang Seng Composite LargeCap & MidCap Index,Exclusion,754,0754.HK,Hopson Development Holdings Ltd.,72,Exclusion,Hang Seng Composite LargeCap & MidCap Index,unchanged,1,1,0754.HK,0754.HK,parse_ok,0754.HK,2016-09-02,4.371285915374756,0.043478285614508394,0.06371189432189261,0.12116794445166712,-0.005181336467065534,-0.1162254615154058,1788507.0,7818075.4586491585,2457050.3,1577982.9333333333,10304240.873518467,6386606.750528864,0.008687263998442997,0.013129742682933295,yfinance_info_static_sharesOutstanding,1,1,1,16578281056.781292,0.0004715854093601097
2016-09-05,Hang Seng Composite LargeCap & MidCap Index,Exclusion,1165,1165.HK,Shunfeng International Clean Energy Ltd.,75,Exclusion,Hang Seng Composite LargeCap & MidCap Index,unchanged,1,1,1165.HK,1165.HK,parse_ok,1165.HK,2016-09-02,1.059999942779541,-0.009345896432088385,0.059999942779541016,-0.045045108901980435,-0.0782609002125968,-0.6569579377918844,7496411.0,7946195.231051922,9863225.45,11156296.683333334,10736371.019169252,11586058.732482951,0.022589868853695842,0.024412404183034215,yfinance_info_static_sharesOutstanding,1,1,1,5387317728.584142,0.001474981731426538
2016-09-05,Hang Seng Composite LargeCap & MidCap Index,Inclusion,245,0245.HK,China Minsheng Financial Holding Corporation Ltd.,77,Inclusion,Hang Seng Composite LargeCap & MidCap Index,unchanged,1,1,0245.HK,0245.HK,parse_ok,0245.HK,2016-09-02,15.600000381469727,0.0684931488953382,-0.02499997615814209,-0.13333331214057076,-0.15217387473425403,-0.5851063559960854,860790.0,13428324.328365326,384404.25,470458.61666666664,5792829.082266236,7731653.2708368935,0.03564620290834754,0.02843422360359746,yfinance_info_static_sharesOutstanding,1,1,1,29001928916.38959,0.00046301486935845505
2016-09-05,Hang Seng Composite LargeCap & MidCap Index,Inclusion,338,0338.HK,Sinopec Shanghai Petrochemical Co. Ltd. - H Shares,78,Inclusion,Hang Seng Composite LargeCap & MidCap Index,unchanged,1,1,0338.HK,0338.HK,parse_ok,0338.HK,2016-09-02,3.9000000953674316,0.0,0.007751992427776466,0.018276807586367294,-0.051094898132619915,-0.051094898132619915,10020997.0,39081889.25567675,11893955.9,12437475.633333333,47407691.87149088,47118265.9861668,0.014821383243456098,0.0160891310778416,yfinance_info_static_sharesOutstanding,1,1,1,12533835906.492233,0.0031181108119848005
2016-09-05,Hang Seng Composite LargeCap & MidCap Index,Inclusion,345,0345.HK,Vitasoy International Holdings Ltd.,79,Inclusion,Hang Seng Composite LargeCap & MidCap Index,unchanged,1,1,0345.HK,0345.HK,parse_ok,0345.HK,2016-09-02,15.119999885559082,0.041322273338813664,0.05000001986821556,0.010695176938778195,-0.01047119438535471,-0.06781747684105899,2142000.0,32387039.754867554,998936.85,1215702.8666666667,14630706.359103823,17628192.645084206,0.010480224030476977,0.016315433933073182,yfinance_info_static_sharesOutstanding,1,1,1,15366290909.374943,0.002107668008231465
2016-09-05,Hang Seng Composite LargeCap & MidCap Index,Inclusion,412,0412.HK,China Innovative Finance Group Ltd.,80,Inclusion,Hang Seng Composite LargeCap & MidCap Index,unchanged,1,1,0412.HK,0412.HK,parse_ok,0412.HK,2016-09-02,3.0799999237060547,0.026666641235351562,0.1323529012166096,0.08450704816550747,-0.03750003818422498,-0.2666666515289784,1216500.0,3746819.9071884155,481839.7,2571712.45,1417167.5952995182,7208391.523021106,0.023087311904712193,0.0472249812453485,yfinance_info_static_sharesOutstanding,1,1,1,18528451356.75614,0.00020221980968863814
2016-09-05,Hang Seng Composite LargeCap & MidCap Index,Inclusion,460,0460.HK,Sihuan Pharmaceutical Holdings Group Ltd.,81,Inclusion,Hang Seng Composite LargeCap & MidCap Index,unchanged,1,1,0460.HK,0460.HK,parse_ok,0460.HK,2016-09-02,1.7999999523162842,0.04651158277636491,-0.005524856784194343,0.07784431052236163,-0.05759163153269253,-0.5918367313838875,37512964.0,67523333.41124249,30107207.05,47348259.9,53575410.91492775,81713601.5389023,0.016969010689139835,0.026040297353419364,yfinance_info_static_sharesOutstanding,1,1,1,16462778334.685297,0.004101575811719344
2016-09-05,Hang Seng Composite LargeCap & MidCap Index,Inclusion,696,0696.HK,TravelSky Technology Ltd. - H Shares,83,Inclusion,Hang Seng Composite LargeCap & MidCap Index,unchanged,1,1,0696.HK,0696.HK,parse_ok,0696.HK,2016-09-02,17.700000762939453,0.18791954470434868,0.1644737490161312,0.13461540577679654,0.0,0.0,5308692.0,93963852.45021057,4464683.3,3647560.15,71916683.10856962,56899027.218552984,0.0293511761245929,0.024016289892181904,yfinance_info_static_sharesOutstanding,1,1,1,16506348111.488342,0.005692588803747097
2016-09-05,Hang Seng Composite LargeCap & MidCap Index,Inclusion,884,0884.HK,CIFI Holdings (Group) Co. Ltd.,84,Inclusion,Hang Seng Composite LargeCap & MidCap Index,unchanged,1,1,0884.HK,0884.HK,parse_ok,0884.HK,2016-09-02,2.31289005279541,-0.01224480902225722,0.15238121258845427,0.26701553585447857,-0.03199990101436334,-0.03199990101436334,20590520.0,47623608.88988495,12556573.8,7070408.8,28264177.60502261,14826598.520951845,0.023267776603377026,0.018951432566342175,yfinance_info_static_sharesOutstanding,1,1,1,38676853872.663445,0.0012313206510197825
2016-09-05,Hang Seng Composite LargeCap & MidCap Index,Inclusion,1958,1958.HK,BAIC Motor Corporation Ltd. - H Shares,85,Inclusion,Hang Seng Composite LargeCap & MidCap Index,unchanged,1,1,1958.HK,1958.HK,parse_ok,1958.HK,2016-09-02,7.599999904632568,-0.015544027049267939,0.05555557027275215,0.3970587913037176,-0.03797470722953333,-0.0663391174342085,4593000.0,34906799.56197739,4084003.65,3122241.566666667,30109962.722092748,20862119.89043871,0.02931962804537277,0.029476639351747144,yfinance_info_static_sharesOutstanding,1,1,1,19157248942.808205,0.0018221196407786776
2016-09-05,Hang Seng Composite LargeCap & MidCap Index,Inclusion,2199,2199.HK,Regina Miracle International (Holdings) Ltd.,86,Inclusion,Hang Seng Composite LargeCap & MidCap Index,unchanged,1,1,2199.HK,2199.HK,parse_ok,2199.HK,2016-09-02,9.640000343322754,-0.0061855120744510605,0.10423835610572252,-0.10242080551561195,-0.10740739138201627,-0.23492063083586223,831100.0,8011804.285335541,1950890.7,2453278.183333333,18190911.346809387,22334306.781704664,0.01926196285621063,0.029449922096052926,yfinance_info_static_sharesOutstanding,1,1,1,11801770420.312881,0.0006788646109863181
2016-09-05,Hang Seng Composite LargeCap & MidCap Index,Inclusion,2326,2326.HK,BEP International Holdings Ltd.,87,Inclusion,Hang Seng Composite LargeCap & MidCap Index,unchanged,1,1,2326.HK,2326.HK,parse_ok,2326.HK,2016-09-02,0.46000000834465027,0.10843377733528303,0.12195124965136728,-0.06122449103716454,-0.051546402521829404,-0.7553191438769258,44780000.0,20598800.37367344,7473276.35,6409808.783333333,3193021.951846634,2719509.810101938,0.023531347235085258,0.03132757617777961,yfinance_info_static_sharesOutstanding,1,1,1,9698673360.339209,0.002123878143778728
2016-09-05,Hang Seng Composite LargeCap & MidCap Index,Inclusion,2588,2588.HK,BOC Aviation Ltd.,88,Inclusion,Hang Seng Composite LargeCap & MidCap Index,unchanged,1,1,2588.HK,2588.HK,parse_ok,2588.HK,2016-09-02,40.70000076293945,0.06824153262327237,0.08100927260159918,-0.015719413184221542,-0.0061050059912637344,-0.03095236278715585,1104500.0,44953150.842666626,708723.65,758119.2166666667,28027452.442833137,29726475.08626785,0.017255560933896873,0.014314414769446232,yfinance_info_static_sharesOutstanding,1,1,1,28246221123.287865,0.0015914748612374408
2016-09-05,Hang Seng Composite LargeCap & MidCap Index,Inclusion,2888,2888.HK,Standard Chartered PLC,89,Inclusion,Hang Seng Composite LargeCap & MidCap Index,unchanged,1,1,2888.HK,2888.HK,parse_ok,2888.HK,2016-09-02,65.9000015258789,0.03453690324316927,0.011511895355859503,0.07679739712986411,-0.016417887673449205,-0.23250534749308693,1788846.0,117884954.12956238,1706470.95,3886018.4166666665,111407882.93229465,235168628.70587254,0.01034097181833355,0.023900283492105122,yfinance_info_static_sharesOutstanding,1,1,1,145705368759.52905,0.0008090639015788001
2016-09-05,Hang Seng Index,Exclusion,322,0322.HK,Tingyi (Cayman Islands),90,Exclusion,Hang Seng Index,unchanged,1,1,0322.HK,0322.HK,parse_ok,0322.HK,2016-09-02,7.639999866485596,-0.046192303598459494,0.13185183207194018,0.10404621130831715,-0.046192303598459494,-0.48378379945775885,78427363.0,599185042.8488173,21970001.1,12462571.433333334,164431072.7232546,90421540.04995537,0.031109181746798137,0.024006982630414703,yfinance_info_static_sharesOutstanding,1,1,1,43062984237.84387,0.013914155125418637
2016-09-05,Hang Seng Index,Inclusion,2018,2018.HK,AAC Technologies Holdings,91,Inclusion,Hang Seng Index,unchanged,1,1,2018.HK,2018.HK,parse_ok,2018.HK,2016-09-02,86.55000305175781,0.05548784209460744,0.1547699343006803,0.3193598333070298,-0.032960859756896,-0.032960859756896,24462059.0,2117191281.1022797,5656531.8,3424815.283333333,468432025.0841209,259961063.05102488,0.0180038565523567,0.017943684547061897,yfinance_info_static_sharesOutstanding,1,1,1,98645969145.21223,0.021462521980859236
2016-12-05,Hang Seng China Enterprises Index,Exclusion,2883,2883.HK,China Oilfield Services Ltd. - H Shares,92,Exclusion,Hang Seng China Enterprises Index,unchanged,1,1,2883.HK,2883.HK,parse_ok,2883.HK,2016-12-02,7.860000133514404,0.05929919847658893,0.09930070331145724,0.2515923361337391,-0.022388038456798376,-0.022388038456798376,141472154.0,1111971149.3285704,27866942.35,24509244.333333332,208702584.41244873,180960660.46831557,0.027367080974051106,0.02925865020753999,yfinance_info_static_sharesOutstanding,1,1,1,14235434881.811142,0.07811290336829504
2016-12-05,Hang Seng China Enterprises Index,Inclusion,1186,1186.HK,China Railway Construction Corporation Ltd. - H Shares,93,Inclusion,Hang Seng China Enterprises Index,unchanged,1,1,1186.HK,1186.HK,parse_ok,1186.HK,2016-12-02,11.100000381469727,-0.0431034468583914,0.09467455676953085,0.164742989768065,-0.05290101292090332,-0.05290101292090332,122973804.0,1365009271.3107834,27112869.2,17488729.45,300699111.6301231,179190617.78538764,0.02648781565902107,0.021034181635153415,yfinance_info_static_sharesOutstanding,1,1,1,23046886392.044067,0.059227491648589606
2017-03-06,Hang Seng China 50 Index,Exclusion,902 / 600011,0902.HK / 600011.SH,"Huaneng Power International, Inc.",94,Exclusion,Hang Seng China 50 Index,unchanged,1,1,0902.HK,0902.HK,parse_ok,0902.HK,2017-03-03,5.420000076293945,0.020715656252309644,0.09494955255333304,0.09939153448620885,-0.012750400317405042,-0.25447041395958825,39678492.0,215057429.6672287,48742375.0,34547224.266666666,258085943.37799343,177603936.0677248,0.01607753994116113,0.011772765799140045,yfinance_info_static_sharesOutstanding,1,1,1,25476078603.410797,0.008441543654149203
2017-03-06,Hang Seng China 50 Index,Exclusion,902 / 600011,0902.HK / 600011.SH,"Huaneng Power International, Inc.",94,Exclusion,Hang Seng China 50 Index,unchanged,2,0,600011.SH,600011.SS,parse_ok,600011.SS,2017-03-03,7.900000095367432,0.03947370980254861,0.09116026866218196,0.029986964378834857,0.0,-0.01863355177805759,22390657.0,176886192.43533945,17186508.65,17753719.733333334,130426299.76415424,130972989.79355164,0.008585169542980985,0.009279512058785463,yfinance_info_static_sharesOutstanding,1,1,1,86881909408.92336,0.0020359381330214187
2017-03-06,Hang Seng China 50 Index,Exclusion,601006,601006.SH,"Daqin Railway Co., Ltd.",95,Exclusion,Hang Seng China 50 Index,unchanged,1,1,601006.SH,601006.SS,parse_ok,601006.SS,2017-03-03,6.929999828338623,-0.012820534591513222,-0.007163351088572134,-0.04938273462252485,-0.07600002288818364,-0.07600002288818364,34373668.0,238209513.33936882,33954641.6,40168698.55,238726582.1095605,287648842.0989366,0.005953167429741601,0.011066589715607747,yfinance_info_static_sharesOutstanding,1,1,1,139619938113.38773,0.0017061281974349166
2017-03-06,Hang Seng China 50 Index,Exclusion,601985,601985.SH,"China National Nuclear Power Co., Ltd.",96,Exclusion,Hang Seng China 50 Index,unchanged,1,1,601985.SH,601985.SS,parse_ok,601985.SS,2017-03-03,7.199999809265137,-0.024390284875953183,0.018387501336256884,-0.01773535004011162,-0.0322580975953628,-0.08745248021503482,51317891.0,369488805.4118891,84920735.0,72744725.13333334,619024535.6798681,520365752.8102963,0.011213304498705766,0.009810112787443969,yfinance_info_static_sharesOutstanding,1,1,1,148089611009.76492,0.0024950352890556597
2017-03-06,Hang Seng China 50 Index,Inclusion,000333,000333.SZ,"Midea Group Co., Ltd.",97,Inclusion,Hang Seng China 50 Index,unchanged,1,1,000333.SZ,000333.SZ,parse_ok,000333.SZ,2017-03-03,31.719999313354492,-0.02008031016306333,0.060869555787428586,0.028200937475752363,-0.04169181946777245,-0.04169181946777245,29981615.0,951016807.2132587,32592549.1,29444339.75,1028548506.7565587,881482069.1071894,0.01426515396418672,0.01708604930929938,yfinance_info_static_sharesOutstanding,1,1,1,220563711565.1587,0.004311755548837464
2017-03-06,Hang Seng China 50 Index,Inclusion,1658,1658.HK,"Postal Savings Bank of China Co., Ltd.",98,Inclusion,Hang Seng China 50 Index,unchanged,1,1,1658.HK,1658.HK,parse_ok,1658.HK,2017-03-03,4.809999942779541,0.0,0.03663794853138769,0.12121211784391361,0.0,0.0,253886000.0,1221191645.4725266,33430081.1,17830517.416666668,159596146.89229625,82441199.49897544,0.007243748789964166,0.006747401369759098,yfinance_info_static_sharesOutstanding,1,1,1,95508162133.82101,0.012786254265488399
2017-03-06,Hang Seng China 50 Index,Inclusion,601229,601229.SH,"Bank of Shanghai Co., Ltd.",99,Inclusion,Hang Seng China 50 Index,unchanged,1,1,601229.SH,601229.SS,parse_ok,601229.SS,2017-03-03,10.160608291625977,-0.010292275888284297,0.048408253539526935,-0.08593153192479464,-0.08419046918286488,-0.2050264745687893,56423953.0,573301684.6981144,82829049.4,64223336.71666667,844656511.5785358,652781767.6814181,0.017053186152078317,0.014579251644635348,yfinance_info_static_sharesOutstanding,1,1,1,144372264724.82,0.0039709959928304304
2017-03-06,Hang Seng China AH Index Series,Exclusion,168 / 600600,0168.HK / 600600.SH,Tsingtao Brewery Co. Ltd.,100,Exclusion,Hang Seng China AH Index Series,unchanged,1,1,0168.HK,0168.HK,parse_ok,0168.HK,2017-03-03,36.5,0.03399435662535666,0.14240998836965102,0.19086461514775843,0.0,0.0,19500524.0,711769126.0,4277184.3,3273443.45,150945354.2954878,105736631.66812672,0.02053137071045131,0.020748368326508105,yfinance_info_static_sharesOutstanding,1,1,1,23910024997.0,0.029768648342664048
2017-03-06,Hang Seng China AH Index Series,Exclusion,168 / 600600,0168.HK / 600600.SH,Tsingtao Brewery Co. Ltd.,100,Exclusion,Hang Seng China AH Index Series,unchanged,2,0,600600.SH,600600.SS,parse_ok,600600.SS,2017-03-03,32.939998626708984,-0.004232261082110056,0.020762260906138863,0.05038258882673241,-0.021099639434604023,-0.021099639434604023,1093577.0,36022424.87820053,2548894.3,2303979.4,84409783.00472851,72052949.89717188,0.010069346150863197,0.01075801832406247,yfinance_info_static_sharesOutstanding,1,1,1,23358607588.583714,0.0015421477817798579
2017-03-06,Hang Seng China AH Index Series,Exclusion,991 / 601991,0991.HK / 601991.SH,"Datang International Power Generation Co., Ltd.",101,Exclusion,Hang Seng China AH Index Series,unchanged,1,1,0991.HK,0991.HK,parse_ok,0991.HK,2017-03-03,2.2799999713897705,0.013333320617675781,0.12315271109528436,0.09615387260561259,-0.012987000923330161,-0.050000049670535285,16495953.0,37610772.368047,26178044.2,13343267.916666666,58016332.916746154,28717471.203407627,0.019273256986327314,0.013219603895388692,yfinance_info_static_sharesOutstanding,1,1,1,13932216612.61372,0.002699554092059951
2017-03-06,Hang Seng China AH Index Series,Exclusion,991 / 601991,0991.HK / 601991.SH,"Datang International Power Generation Co., Ltd.",101,Exclusion,Hang Seng China AH Index Series,unchanged,2,0,601991.SH,601991.SS,parse_ok,601991.SS,2017-03-03,4.599999904632568,0.04783600103274899,0.20104438544777614,0.12745097810055195,0.0,0.0,41648106.0,191581283.6281271,47412294.25,24088613.733333334,210431443.9545122,102396659.78982581,0.026026016315613288,0.017179504610742493,yfinance_info_static_sharesOutstanding,1,1,1,57022008705.41682,0.003359777881867704
2017-03-06,Hang Seng China AH Index Series,Exclusion,1072 / 600875,1072.HK / 600875.SH,Dongfang Electric Corporation Ltd.,102,Exclusion,Hang Seng China AH Index Series,unchanged,1,1,1072.HK,1072.HK,parse_ok,1072.HK,2017-03-03,8.010000228881836,0.04569195671563531,0.10941834648851367,0.24961004985291702,-0.033775601237590824,-0.033775601237590824,4345300.0,34805853.99456024,3036397.35,2491075.1333333333,23686125.36199968,18458377.07948985,0.024240693725792777,0.024836690668905922,yfinance_info_static_sharesOutstanding,1,1,1,3268080093.383789,0.010650245098039217
2017-03-06,Hang Seng China AH Index Series,Exclusion,1072 / 600875,1072.HK / 600875.SH,Dongfang Electric Corporation Ltd.,102,Exclusion,Hang Seng China AH Index Series,unchanged,2,0,600875.SH,600875.SS,parse_ok,600875.SS,2017-03-03,10.789999961853027,0.0,0.0,0.028598684202152835,0.0,-0.046819765658962065,0.0,0.0,0.0,2722064.816666667,0.0,28944574.01887118,0.0,0.00398791101417687,yfinance_info_static_sharesOutstanding,1,1,1,32913387801.177986,0.0
2017-03-06,Hang Seng China AH Index Series,Exclusion,2039 / 000039,2039.HK / 000039.SZ,"China Int'l Marine Containers (Group) Co., Ltd.",103,Exclusion,Hang Seng China AH Index Series,unchanged,1,1,2039.HK,2039.HK,parse_ok,2039.HK,2017-03-03,7.888887882232666,0.03953144482342874,0.24125868013548346,0.21993119976710673,-0.005602315986176887,-0.005602315986176887,6089603.0,48040195.31430769,5709857.0,3437954.1666666665,41164319.06629443,23597418.046840556,0.027834754938012626,0.023250091814133157,yfinance_info_static_sharesOutstanding,1,1,1,24375384727.928787,0.0019708487004623265
2017-03-06,Hang Seng China AH Index Series,Exclusion,2039 / 000039,2039.HK / 000039.SZ,"China Int'l Marine Containers (Group) Co., Ltd.",103,Exclusion,Hang Seng China AH Index Series,unchanged,2,0,000039.SZ,000039.SZ,parse_ok,000039.SZ,2017-03-03,9.466666221618652,0.005903165348721373,0.09230772108721519,0.08465955697809058,-0.023495673198423495,-0.023495673198423495,16827341.0,159298820.64435863,23460853.25,18585472.25,219008725.94654623,164187062.36144474,0.01879636164682496,0.02058547382468444,yfinance_info_static_sharesOutstanding,1,1,1,21798726547.195732,0.007307712232614406
2017-03-06,Hang Seng China AH Index Series,Exclusion,2238 / 601238,2238.HK / 601238.SH,"Guangzhou Automobile Group Co., Ltd.",104,Exclusion,Hang Seng China AH Index Series,unchanged,1,1,2238.HK,2238.HK,parse_ok,2238.HK,2017-03-03,9.171427726745605,-0.012307768782216177,0.16727275132739128,0.31692311020951225,-0.0572687617646096,-0.0572687617646096,21272799.0,195101938.5740862,39887601.6,28232040.883333333,362983897.96379405,228636774.47517553,0.026931102059641616,0.021977363282246677,yfinance_info_static_sharesOutstanding,1,1,1,25802604078.02429,0.007561327453001217
2017-03-06,Hang Seng China AH Index Series,Exclusion,2238 / 601238,2238.HK / 601238.SH,"Guangzhou Automobile Group Co., Ltd.",104,Exclusion,Hang Seng China AH Index Series,unchanged,2,0,601238.SH,601238.SS,parse_ok,601238.SS,2017-03-03,18.22857093811035,0.009094500959149876,0.08273225416837415,0.008695640242740721,-0.05411411454210491,-0.05411411454210491,6564845.0,119667742.78019905,6910348.7,4778587.516666667,125698184.08538838,83798804.38318679,0.0219788633449004,0.017143227655065357,yfinance_info_static_sharesOutstanding,1,1,1,134594255396.0123,0.0008890999279880449
2017-03-06,Hang Seng China AH Index Series,Exclusion,2883 / 601808,2883.HK / 601808.SH,China Oilfield Services Ltd.,105,Exclusion,Hang Seng China AH Index Series,unchanged,1,1,2883.HK,2883.HK,parse_ok,2883.HK,2017-03-03,7.789999961853027,-0.016414155705633537,-0.04417173908311989,-0.008905874105892386,-0.08136787943756607,-0.08136787943756607,12686697.0,98829369.14604092,14739138.95,16575117.65,117570622.4231219,128991051.55923563,0.013370717745829465,0.018945506360456003,yfinance_info_static_sharesOutstanding,1,1,1,14108655890.911102,0.00700487487328311
2017-03-06,Hang Seng China AH Index Series,Exclusion,2883 / 601808,2883.HK / 601808.SH,China Oilfield Services Ltd.,105,Exclusion,Hang Seng China AH Index Series,unchanged,2,0,601808.SH,601808.SS,parse_ok,601808.SS,2017-03-03,13.289999961853027,0.004535179266269118,0.03424121146469372,-0.037653906007491966,-0.028508796390537938,-0.037653906007491966,3367912.0,44759550.35152435,6550390.8,6830287.716666667,86687658.06939897,89814503.29670633,0.012781504309476284,0.0127717850694543,yfinance_info_static_sharesOutstanding,1,1,1,39344619607.06711,0.0011376282398593736
2017-03-06,Hang Seng China AH Index Series,Inclusion,3958 / 600958,3958.HK / 600958.SH,DFZQ,106,Inclusion,Hang Seng China AH Index Series,unchanged,1,1,3958.HK,3958.HK,parse_ok,3958.HK,2017-03-03,7.889999866485596,-0.017434604127165243,0.050599151267980425,-0.047101434669448716,-0.036630003573658865,-0.07285550478506919,2473200.0,19513547.669792175,2263620.95,1664877.3,17878807.217436075,12975152.883266933,0.009804136357885525,0.010188388837711709,yfinance_info_static_sharesOutstanding,1,1,1,8104311419.77902,0.0024077983506616348
2017-03-06,Hang Seng China AH Index Series,Inclusion,3958 / 600958,3958.HK / 600958.SH,DFZQ,106,Inclusion,Hang Seng China AH Index Series,unchanged,2,0,600958.SH,600958.SS,parse_ok,600958.SS,2017-03-03,15.014291763305664,-0.004557306115320903,0.009240889099266347,-0.10322580939154047,-0.08825289259567781,-0.3290917320949872,10558150.0,158523144.5807457,11692312.85,13914600.066666666,177024455.6479137,213666884.57614034,0.006032884871922406,0.00796381126905261,yfinance_info_static_sharesOutstanding,1,1,1,112148995041.108,0.0014135048158268324
2017-03-06,Hang Seng China AH Index Series,Inclusion,6099 / 600999,6099.HK / 600999.SH,"China Merchants Securities Co., Ltd.",107,Inclusion,Hang Seng China AH Index Series,unchanged,1,1,6099.HK,6099.HK,parse_ok,6099.HK,2017-03-03,11.397709846496582,-0.02120723860291207,0.00334440719947926,-0.04458595925604525,-0.040000035343241924,-0.05660378103172392,3597723.0,41005802.86206722,2175932.05,1720527.2,25123637.660744477,19802135.697405037,0.007156611920380862,0.007149107662766674,yfinance_info_static_sharesOutstanding,1,1,1,14526626637.643728,0.0028228028354364393
2017-03-06,Hang Seng China AH Index Series,Inclusion,6099 / 600999,6099.HK / 600999.SH,"China Merchants Securities Co., Ltd.",107,Inclusion,Hang Seng China AH Index Series,unchanged,2,0,600999.SH,600999.SS,parse_ok,600999.SS,2017-03-03,13.918091773986816,-0.012360168672273963,0.015124080267977291,-0.12649664342120914,-0.1060202746066099,-0.13992827204291614,14014986.0,195061861.3591404,16035502.6,17642616.483333334,224640302.00487247,248424062.87949902,0.007407767964318822,0.009620024141380744,yfinance_info_static_sharesOutstanding,1,1,1,103300150522.70999,0.001888301811489201
2017-03-06,Hang Seng China AH Index Series,Inclusion,6178 / 601788,6178.HK / 601788.SH,Everbright Securities Co. Ltd.,108,Inclusion,Hang Seng China AH Index Series,unchanged,1,1,6178.HK,6178.HK,parse_ok,6178.HK,2017-03-03,12.819999694824219,0.009448810028448884,0.027243602969472924,0.0683333079020183,0.0,-0.004658417630713174,432775.0,5548175.367927551,481478.75,775469.5833333334,6121172.370452881,9659638.96451076,0.008073370689256334,0.010754808084467484,yfinance_info_static_sharesOutstanding,1,1,1,9026418201.12915,0.0006146596849715548
2017-03-06,Hang Seng China AH Index Series,Inclusion,6178 / 601788,6178.HK / 601788.SH,Everbright Securities Co. Ltd.,108,Inclusion,Hang Seng China AH Index Series,unchanged,2,0,601788.SH,601788.SS,parse_ok,601788.SS,2017-03-03,15.9399995803833,-0.0018785651937305303,0.011421278482699249,-0.11933705831839503,-0.09328784701024184,-0.20180269762334035,13416995.0,213866894.67000484,21695389.2,17729603.9,347090265.03491205,287040490.2108944,0.007143150038743191,0.009731398810620375,yfinance_info_static_sharesOutstanding,1,1,1,62272777854.343925,0.003434356102922527
2017-03-06,Hang Seng China Enterprises Index,Exclusion,168,0168.HK,Tsingtao Brewery Co. Ltd. - H Shares,109,Exclusion,Hang Seng China Enterprises Index,unchanged,1,1,0168.HK,0168.HK,parse_ok,0168.HK,2017-03-03,36.5,0.03399435662535666,0.14240998836965102,0.19086461514775843,0.0,0.0,19500524.0,711769126.0,4277184.3,3273443.45,150945354.2954878,105736631.66812672,0.02053137071045131,0.020748368326508105,yfinance_info_static_sharesOutstanding,1,1,1,23910024997.0,0.029768648342664048
2017-03-06,Hang Seng China Enterprises Index,Inclusion,1658,1658.HK,"Postal Savings Bank of China Co., Ltd. - H Shares",110,Inclusion,Hang Seng China Enterprises Index,unchanged,1,1,1658.HK,1658.HK,parse_ok,1658.HK,2017-03-03,4.809999942779541,0.0,0.03663794853138769,0.12121211784391361,0.0,0.0,253886000.0,1221191645.4725266,33430081.1,17830517.416666668,159596146.89229625,82441199.49897544,0.007243748789964166,0.006747401369759098,yfinance_info_static_sharesOutstanding,1,1,1,95508162133.82101,0.012786254265488399
2017-03-06,Hang Seng Composite LargeCap & MidCap Index,Exclusion,86,0086.HK,Sun Hung Kai & Co. Ltd.,111,Exclusion,Hang Seng Composite LargeCap & MidCap Index,unchanged,1,1,0086.HK,0086.HK,parse_ok,0086.HK,2017-03-03,5.059999942779541,-0.005893950669745407,0.0019801488449493476,0.045454500672694964,-0.028790805042063217,-0.028790805042063217,275000.0,1391499.9842643738,351020.1,384383.45,1794544.7982305526,1888173.888413787,0.006744502635508809,0.009274915073892767,yfinance_info_static_sharesOutstanding,1,1,1,9917561902.42833,0.0001403066598378038
2017-03-06,Hang Seng Composite LargeCap & MidCap Index,Exclusion,136,0136.HK,HengTen Networks Group Ltd.,113,Exclusion,Hang Seng Composite LargeCap & MidCap Index,unchanged,1,1,0136.HK,0136.HK,parse_ok,0136.HK,2017-03-03,1.649999976158142,-0.1361256518360946,-0.30379744479653936,-0.7608695719778424,-0.7338709634002859,-0.7676056340392964,66176112.0,109190583.22223854,56382689.8,52634248.35,114397770.09973688,147344850.88299033,0.04865044769096044,0.08600412032936515,yfinance_info_static_sharesOutstanding,1,1,1,27721013714.192135,0.00393891018373318
2017-03-06,Hang Seng Composite LargeCap & MidCap Index,Exclusion,412,0412.HK,China Innovative Finance Group Ltd.,114,Exclusion,Hang Seng Composite LargeCap & MidCap Index,unchanged,1,1,0412.HK,0412.HK,parse_ok,0412.HK,2017-03-03,1.5800000429153442,-0.12222217512719302,-0.12222217512719302,-0.12222217512719302,-0.4436619399062596,-0.5885416462939849,2611506.0,4126179.592073679,2354131.95,4618419.55,4144720.0711100874,10326866.8156237,0.020862622462333197,0.053529379241430856,yfinance_info_static_sharesOutstanding,1,1,1,9504855410.38717,0.00043411282065000954
2017-03-06,Hang Seng Composite LargeCap & MidCap Index,Exclusion,715,0715.HK,China Oceanwide Holdings Ltd.,115,Exclusion,Hang Seng Composite LargeCap & MidCap Index,unchanged,1,1,0715.HK,0715.HK,parse_ok,0715.HK,2017-03-03,0.7799999713897705,-0.01265829088137238,0.0,-0.07142857649699375,-0.06024097942928763,-0.25,8845860.0,6899770.546917915,2986403.0,2988333.9166666665,2358735.457015872,2368492.99470766,0.010029730767974867,0.011051639163171945,yfinance_info_static_sharesOutstanding,1,1,1,12591305163.753662,0.0005479789789211167
2017-03-06,Hang Seng Composite LargeCap & MidCap Index,Exclusion,911,0911.HK,Qianhai Health Holdings Ltd.,116,Exclusion,Hang Seng Composite LargeCap & MidCap Index,unchanged,1,1,0911.HK,0911.HK,parse_ok,0911.HK,2017-03-03,12.300000190734863,-0.023809538226368665,-0.0681817902677968,-0.1854304715230961,-0.1960784289281704,-0.704326907646726,511825.0,6295447.597622871,393189.45,439827.8,5065714.262305307,6043172.879599937,0.019612693153235074,0.018293564191520024,yfinance_info_static_sharesOutstanding,1,1,1,2084173532.319069,0.003020596653781463
2017-03-06,Hang Seng Composite LargeCap & MidCap Index,Exclusion,1071,1071.HK,Huadian Power International Corporation Ltd. - H Shares,117,Exclusion,Hang Seng Composite LargeCap & MidCap Index,unchanged,1,1,1071.HK,1071.HK,parse_ok,1071.HK,2017-03-03,3.4600000381469727,0.008746347173728575,0.058103993372692564,0.04216870714434928,-0.014245000698614008,-0.30241935251282603,9469370.0,32764020.5612278,23806445.85,15194152.933333334,81895071.16146868,51839098.309749454,0.012142004791416755,0.01125174010687594,yfinance_info_static_sharesOutstanding,1,1,1,5941628321.507263,0.005514316747587515
2017-03-06,Hang Seng Composite LargeCap & MidCap Index,Exclusion,1205,1205.HK,CITIC Resources Holdings Ltd.,118,Exclusion,Hang Seng Composite LargeCap & MidCap Index,unchanged,1,1,1205.HK,1205.HK,parse_ok,1205.HK,2017-03-03,1.100000023841858,-0.04347822030685711,-0.04347822030685711,0.04761911790117157,-0.09090909986546103,-0.09090909986546103,8578000.0,9435800.204515457,8199458.1,6183294.983333333,9513904.965731597,6831994.954011903,0.023518176214730697,0.0213691837701052,yfinance_info_static_sharesOutstanding,1,1,1,8643500051.242815,0.001091664273566901
2017-03-06,Hang Seng Composite LargeCap & MidCap Index,Exclusion,1728,1728.HK,China ZhengTong Auto Services Holdings Ltd.,119,Exclusion,Hang Seng Composite LargeCap & MidCap Index,unchanged,1,1,1728.HK,1728.HK,parse_ok,1728.HK,2017-03-03,3.7200000286102295,0.30526321161046654,0.3381295204656194,0.5696203410291232,-0.01846963956394687,-0.01846963956394687,28863000.0,107370360.82577705,16030335.65,9036620.416666666,50470248.9092199,26164236.218333535,0.03462627483301021,0.0276543539655376,yfinance_info_static_sharesOutstanding,1,1,1,37259709798.241516,0.002881674640172437
2017-03-06,Hang Seng Composite LargeCap & MidCap Index,Exclusion,2326,2326.HK,BEP International Holdings Ltd.,121,Exclusion,Hang Seng Composite LargeCap & MidCap Index,unchanged,1,1,2326.HK,2326.HK,parse_ok,2326.HK,2017-03-03,0.47999998927116394,0.01052630588288439,0.02127657550770312,-0.09433959399563019,-0.14285716566504258,-0.26153845095775496,15280000.0,7334399.836063385,9324542.1,9360441.533333333,4432435.426371011,4370430.631148848,0.02526844828050872,0.032277647040332084,yfinance_info_static_sharesOutstanding,1,1,1,10120354400.992447,0.0007247176872920716
2017-03-06,Hang Seng Composite LargeCap & MidCap Index,Inclusion,658,0658.HK,"China High Speed Transmission Equipment Group Co., Ltd.",122,Inclusion,Hang Seng Composite LargeCap & MidCap Index,unchanged,1,1,0658.HK,0658.HK,parse_ok,0658.HK,2017-03-03,9.3100004196167,-0.007462653941384456,-0.026150626467234317,0.1030806732805416,-0.04020612343475738,-0.1030828211008985,13763277.0,128136114.64530087,4115477.35,5147926.766666667,38724833.99590655,46739601.55580465,0.012984310182399776,0.021847004267319652,yfinance_info_static_sharesOutstanding,1,1,1,15224565072.555645,0.008416405594159381
2017-03-06,Hang Seng Composite LargeCap & MidCap Index,Inclusion,777,0777.HK,NetDragon Websoft Holdings Ltd.,123,Inclusion,Hang Seng Composite LargeCap & MidCap Index,unchanged,1,1,0777.HK,0777.HK,parse_ok,0777.HK,2017-03-03,21.5,-0.024943276920215696,-0.038031336329392484,-0.08119656621813276,-0.106029077669618,-0.24162258516042412,457395.0,9833992.5,667093.35,594411.15,15323933.594177341,13207656.75856158,0.014875384316345426,0.01607168292090676,yfinance_info_static_sharesOutstanding,1,1,1,11311155353.5,0.000869406545367364
2017-03-06,Hang Seng Composite LargeCap & MidCap Index,Inclusion,1315,1315.HK,Vision Fame International Holding Ltd.,124,Inclusion,Hang Seng Composite LargeCap & MidCap Index,unchanged,1,1,1315.HK,1315.HK,parse_ok,1315.HK,2017-03-03,27.76276969909668,0.049645416154127764,-0.3179723400817851,-0.4896551978031841,-0.5083056780294997,-0.6195373049655475,770514.0,21391602.73192978,742807.9,459383.61666666664,22970533.081424426,17932676.07614902,0.05274512705738208,0.03977928068106522,yfinance_info_static_sharesOutstanding,1,1,1,17265008970.193443,0.0012390148634652057
2017-03-06,Hang Seng Composite LargeCap & MidCap Index,Inclusion,1357,1357.HK,"Meitu, Inc.",125,Inclusion,Hang Seng Composite LargeCap & MidCap Index,unchanged,1,1,1357.HK,1357.HK,parse_ok,1357.HK,2017-03-03,9.979999542236328,-0.011881270762480578,0.09549944218948547,,-0.04038462420187083,-0.04038462420187083,38199500.0,381230992.5136566,20599397.5,15149533.333333334,202616978.99999142,140528819.17369133,0.02712269264707214,0.023479568558962455,yfinance_info_static_sharesOutstanding,1,1,1,45465128229.0007,0.00838512960072291
2017-03-06,Hang Seng Composite LargeCap & MidCap Index,Inclusion,1458,1458.HK,Zhou Hei Ya International Holdings Co. Ltd.,126,Inclusion,Hang Seng Composite LargeCap & MidCap Index,unchanged,1,1,1458.HK,1458.HK,parse_ok,1458.HK,2017-03-03,6.840000152587891,0.0014641623709432672,-0.02285712105887272,-0.02145917359683669,-0.07816710481703204,-0.07816710481703204,1207762.0,8261092.264289856,1354229.6,1147972.5333333334,9280061.359154606,7914609.854300316,0.008189341953641618,0.013478003401916338,yfinance_info_static_sharesOutstanding,1,1,1,13728956067.267895,0.0006017276349208858
2017-03-06,Hang Seng Composite LargeCap & MidCap Index,Inclusion,3320,3320.HK,China Resources Pharmaceutical Group Ltd.,127,Inclusion,Hang Seng Composite LargeCap & MidCap Index,unchanged,1,1,3320.HK,3320.HK,parse_ok,3320.HK,2017-03-03,8.479999542236328,-0.016241339348193495,-0.012805658719158841,-0.013953585338433494,-0.04072405024180603,-0.059867060767447744,1253000.0,10625439.42642212,2723719.15,2012687.4666666666,23478856.05628257,17298332.26120087,0.006022943719875182,0.009869629235505323,yfinance_info_static_sharesOutstanding,1,1,1,53275685833.37494,0.00019944256484382477
2017-03-06,Hang Seng Composite LargeCap & MidCap Index,Inclusion,6099,6099.HK,"China Merchants Securities Co., Ltd. - H Shares",128,Inclusion,Hang Seng Composite LargeCap & MidCap Index,unchanged,1,1,6099.HK,6099.HK,parse_ok,6099.HK,2017-03-03,11.397709846496582,-0.02120723860291207,0.00334440719947926,-0.04458595925604525,-0.040000035343241924,-0.05660378103172392,3597723.0,41005802.86206722,2175932.05,1720527.2,25123637.660744477,19802135.697405037,0.007156611920380862,0.007149107662766674,yfinance_info_static_sharesOutstanding,1,1,1,14526626637.643728,0.0028228028354364393
2017-03-06,Hang Seng Index,Inclusion,175,0175.HK,Geely Automobile Holdings Ltd.,131,Inclusion,Hang Seng Index,unchanged,1,1,0175.HK,0175.HK,parse_ok,0175.HK,2017-03-03,10.699999809265137,0.005639047369019767,0.09743587787334729,0.39869276808828746,-0.04293385356066837,-0.04293385356066837,229883433.0,2459752689.253215,77633411.0,67758140.66666667,827451398.1917067,618549060.4349831,0.027237906016375817,0.028918385470927097,yfinance_info_static_sharesOutstanding,1,1,1,115557181668.01367,0.021286021809703553
2017-09-04,Hang Seng China 50 Index,Exclusion,600606,600606.SH,Greenland Holdings Corporation Limited,132,Exclusion,Hang Seng China 50 Index,unchanged,1,1,600606.SH,600606.SS,parse_ok,600606.SS,2017-09-01,6.5800862312316895,0.006622531532086917,-0.0193548116594624,-0.0742996524860623,-0.06748467791609525,-0.27687922597370584,68442190.0,450355512.0543432,49364988.25,69291737.75,323700775.27821594,467179781.14290875,0.011267078548714926,0.017256866822920994,yfinance_info_static_sharesOutstanding,1,1,1,92477968418.67564,0.004869868140003336
2017-09-04,Hang Seng China 50 Index,Inclusion,000858,000858.SZ,"Wuliangye Yibin Co., Ltd.",133,Inclusion,Hang Seng China 50 Index,unchanged,1,1,000858.SZ,000858.SZ,parse_ok,000858.SZ,2017-09-01,55.5,0.02587803263152777,0.0260676621082363,0.06382982457217912,-0.03645830780819548,-0.03645830780819548,17744894.0,984841617.0,25170437.75,27755709.866666667,1405835982.2374086,1516385699.1827965,0.017411870488735017,0.01961106267340611,yfinance_info_static_sharesOutstanding,1,1,1,215429244277.5,0.004571531689223214
2017-09-04,Hang Seng China A Industry Top Index,Exclusion,000009,000009.SZ,"China Baoan Group Co., Ltd.",134,Exclusion,Hang Seng China A Industry Top Index,unchanged,1,1,000009.SZ,000009.SZ,parse_ok,000009.SZ,2017-09-01,7.158332824707031,0.0011654166753085615,-0.014908227758185566,0.131752259378916,-0.10052358819147034,-0.2959016453415696,35240790.0,252265303.8256073,37923323.0,53037801.86666667,272954913.7330004,377826137.8835328,0.015609734970897265,0.024092036615445452,yfinance_info_static_sharesOutstanding,1,1,1,18462871987.602272,0.013663383681314705
2017-09-04,Hang Seng China A Industry Top Index,Exclusion,000063,000063.SZ,ZTE Corporation,135,Exclusion,Hang Seng China A Industry Top Index,unchanged,1,1,000063.SZ,000063.SZ,parse_ok,000063.SZ,2017-09-01,23.68000030517578,0.033609797594592816,0.08424909064709252,0.12869403345333197,-0.014565142383214158,-0.014565142383214158,39839513.0,943399679.9980545,47339407.75,53002588.5,1087884677.0655777,1215705953.7975144,0.014529108302884156,0.02129381642542454,yfinance_info_static_sharesOutstanding,1,1,1,95383807348.29791,0.009890564302525601
2017-09-04,Hang Seng China A Industry Top Index,Exclusion,000069,000069.SZ,"Shenzhen Overseas Chinese Town Co., Ltd.",136,Exclusion,Hang Seng China A Industry Top Index,unchanged,1,1,000069.SZ,000069.SZ,parse_ok,000069.SZ,2017-09-01,8.6899995803833,-0.021396456262273267,-0.007990941400633944,-0.06659514621793372,-0.13789686050034222,-0.13789686050034222,34357942.0,298570501.5628338,29074090.7,44615804.5,253925843.56414017,416270134.8332504,0.013612727840189904,0.01769690638241219,yfinance_info_static_sharesOutstanding,1,1,1,69848114107.7925,0.004274567830164569
2017-09-04,Hang Seng China A Industry Top Index,Exclusion,600271,600271.SH,Aisino Corporation,137,Exclusion,Hang Seng China A Industry Top Index,unchanged,1,1,600271.SH,600271.SS,parse_ok,600271.SS,2017-09-01,20.059999465942383,0.027663882966966646,0.04153682386051516,0.05690199946015406,-0.04748338202083868,-0.1316017690616993,16121807.0,323403439.81002617,10535439.05,12041382.466666667,204783556.2447648,235427004.30412805,0.011407128272719856,0.016006278454704693,yfinance_info_static_sharesOutstanding,1,1,1,37168864848.73285,0.00870092323578323
2017-09-04,Hang Seng China A Industry Top Index,Exclusion,600362,600362.SH,Jiangxi Copper Company Limited,138,Exclusion,Hang Seng China A Industry Top Index,unchanged,1,1,600362.SH,600362.SS,parse_ok,600362.SS,2017-09-01,19.84000015258789,0.07069613693465726,0.012244886043219827,0.27424537838514573,-0.042932918924340036,-0.07677988069352226,69344648.0,1375797826.9011536,58180060.8,53976649.016666666,1102673067.2311954,1001486190.8248231,0.03128450853899569,0.026313857641263302,yfinance_info_static_sharesOutstanding,1,1,1,41172908831.85762,0.033415123340438536
2017-09-04,Hang Seng China A Industry Top Index,Exclusion,601727,601727.SH,Shanghai Electric Group Company Limited,139,Exclusion,Hang Seng China A Industry Top Index,unchanged,1,1,601727.SH,601727.SS,parse_ok,601727.SS,2017-09-01,8.109999656677246,0.06710523137425417,0.06151829822057975,0.19089570114843535,-0.02053141084256327,-0.08568210131762954,73720595.0,597874000.1400423,25126207.3,27836213.983333334,197212708.10555404,215649679.4173687,0.020840225467346287,0.019211702700573104,yfinance_info_static_sharesOutstanding,1,1,1,102312833116.72386,0.005843587572811675
2017-09-04,Hang Seng China A Industry Top Index,Exclusion,601808,601808.SH,China Oilfield Services Limited,140,Exclusion,Hang Seng China A Industry Top Index,unchanged,1,1,601808.SH,601808.SS,parse_ok,601808.SS,2017-09-01,11.270000457763672,-0.006172812511668679,-0.0026548435809575777,-0.013998236495204375,-0.021701388026553192,-0.18392468390117012,5723275.0,64501311.86990738,6469290.05,7634546.25,72600558.98750177,85137226.0460684,0.011320115725473765,0.011360706432868135,yfinance_info_static_sharesOutstanding,1,1,1,33364475715.194702,0.00193323319150891
2017-09-04,Hang Seng China A Industry Top Index,Exclusion,603993,603993.SH,"China Molybdenum Co., Ltd.",141,Exclusion,Hang Seng China A Industry Top Index,unchanged,1,1,603993.SH,603993.SS,parse_ok,603993.SS,2017-09-01,7.429999828338623,0.12917931831127172,0.05991434889350655,0.7690476585137349,-0.01328026277336214,-0.01328026277336214,450159387.0,3344684168.13502,235690001.1,277585062.76666665,1607121887.8400571,1782985765.3982415,0.03862887840150142,0.040527466515995376,yfinance_info_static_sharesOutstanding,1,1,1,129734054370.32779,0.025781081030486947
2017-09-04,Hang Seng China A Industry Top Index,Inclusion,002027,002027.SZ,"Focus Media Information Technology Co., Ltd.",142,Inclusion,Hang Seng China A Industry Top Index,unchanged,1,1,002027.SZ,002027.SZ,parse_ok,002027.SZ,2017-09-01,7.916666030883789,0.07709743314337492,0.11241221784246691,-0.11274188107708771,-0.11155650399242856,-0.3140794396840142,45221632.0,358004557.91552734,46697780.2,43941046.583333336,354546258.5659259,340343463.13775516,0.01587155065606106,0.019882423476245546,yfinance_info_static_sharesOutstanding,1,1,1,114334071982.06337,0.0031312149712615046
2017-09-04,Hang Seng China A Industry Top Index,Inclusion,002241,002241.SZ,Goertek Inc.,143,Inclusion,Hang Seng China A Industry Top Index,unchanged,1,1,002241.SZ,002241.SZ,parse_ok,002241.SZ,2017-09-01,21.93000030517578,0.08296297803337183,0.18030142062570675,0.12924820901240897,0.0,0.0,29422089.0,645226420.748909,34582110.85,29900855.166666668,712820807.2253368,584162993.9911107,0.025941887178135028,0.02395925101680534,yfinance_info_static_sharesOutstanding,1,1,1,77755994440.80496,0.008298092325732068
2017-09-04,Hang Seng China A Industry Top Index,Inclusion,002352,002352.SZ,"S.F. Holding Co., Ltd.",144,Inclusion,Hang Seng China A Industry Top Index,unchanged,1,1,002352.SZ,002352.SZ,parse_ok,002352.SZ,2017-09-01,50.779998779296875,-0.013022390159519559,0.03929590963898888,-0.04278983016794946,-0.04477052435941831,-0.2745714460100447,2577117.0,130865998.11410522,3700581.05,3963606.15,187583995.3421463,201672226.85314763,0.01246124568092336,0.01420707742707133,yfinance_info_static_sharesOutstanding,1,1,1,243715070310.3403,0.0005369630936136364
2017-09-04,Hang Seng China A Industry Top Index,Inclusion,600309,600309.SH,"Wanhua Chemical Group Co., Ltd.",145,Inclusion,Hang Seng China A Industry Top Index,unchanged,1,1,600309.SH,600309.SS,parse_ok,600309.SS,2017-09-01,37.22999954223633,0.03704729693113462,0.08605603465543532,0.502421247401353,0.0,0.0,54736964.0,2037857144.6634064,42701658.55,47182041.06666667,1485132889.893481,1475922510.8703723,0.026354207078491673,0.024810004845742275,yfinance_info_static_sharesOutstanding,1,1,1,116547457202.9638,0.017485213264795137
2017-09-04,Hang Seng China A Industry Top Index,Inclusion,600547,600547.SH,"Shandong Gold Mining Co., Ltd.",146,Inclusion,Hang Seng China A Industry Top Index,unchanged,1,1,600547.SH,600547.SS,parse_ok,600547.SS,2017-09-01,16.98469352722168,0.039013812841556694,0.0039203629903934445,0.14911977505057727,-0.026038560900541796,-0.2772470839480137,50897905.0,864485317.602644,53106476.1,44990037.86666667,899740319.8114517,727339794.3830292,0.016191077147066565,0.015599528471703369,yfinance_info_static_sharesOutstanding,1,1,1,61390212520.30036,0.014081810147126924
2017-09-04,Hang Seng China A Industry Top Index,Inclusion,600637,600637.SH,"Shanghai Oriental Pearl Media Co., Ltd.",147,Inclusion,Hang Seng China A Industry Top Index,unchanged,1,1,600637.SH,600637.SS,parse_ok,600637.SS,2017-09-01,16.23076820373535,0.02476928051407068,0.011505318380730323,0.014423012733459473,-0.0439511203322579,-0.21996305328069654,7229398.0,117338683.19054794,7379959.35,8886174.55,118666331.78466702,144478388.0989356,0.009477597507419798,0.011241823817537508,yfinance_info_static_sharesOutstanding,1,1,1,54566216653.907295,0.002150390670014424
2017-09-04,Hang Seng China A Industry Top Index,Inclusion,601225,601225.SH,Shaanxi Coal Industry Company Limited,148,Inclusion,Hang Seng China A Industry Top Index,unchanged,1,1,601225.SH,601225.SS,parse_ok,601225.SS,2017-09-01,8.970000267028809,0.10332105052444462,0.08072289890328599,0.4238095230886816,0.0,0.0,253438600.0,2273344309.6754074,122241658.7,119508046.3,1004339072.3901775,954980569.4645905,0.02967636739387004,0.031304821700476215,yfinance_info_static_sharesOutstanding,1,1,1,86964152588.8443,0.026141165549252193
2017-09-04,Hang Seng China A Top 100 Index,Exclusion,000039,000039.SZ,"China International Marine Containers (Group) Co., Ltd.",149,Exclusion,Hang Seng China A Top 100 Index,unchanged,1,1,000039.SZ,000039.SZ,parse_ok,000039.SZ,2017-09-01,10.550000190734863,0.01823062306547274,0.0058263950488779415,0.12234049136955139,-0.023650348803568755,-0.023650348803568755,22240495.0,234637226.49203777,23271583.85,33395857.95,241815944.22886348,335518463.30659425,0.015779501811642373,0.019039984793105997,yfinance_info_static_sharesOutstanding,1,1,1,24293300708.701828,0.009658515707912471
2017-09-04,Hang Seng China A Top 100 Index,Exclusion,000063,000063.SZ,ZTE Corporation,150,Exclusion,Hang Seng China A Top 100 Index,unchanged,1,1,000063.SZ,000063.SZ,parse_ok,000063.SZ,2017-09-01,23.68000030517578,0.033609797594592816,0.08424909064709252,0.12869403345333197,-0.014565142383214158,-0.014565142383214158,39839513.0,943399679.9980545,47339407.75,53002588.5,1087884677.0655777,1215705953.7975144,0.014529108302884156,0.02129381642542454,yfinance_info_static_sharesOutstanding,1,1,1,95383807348.29791,0.009890564302525601
2017-09-04,Hang Seng China A Top 100 Index,Exclusion,600583,600583.SH,"Offshore Oil Engineering Co., Ltd.",151,Exclusion,Hang Seng China A Top 100 Index,unchanged,1,1,600583.SH,600583.SS,parse_ok,600583.SS,2017-09-01,6.429999828338623,0.00941914346271222,0.0015575937579195287,-0.012288847577652695,-0.018320665481198595,-0.21489619563110007,13693734.0,88050707.26931477,16768065.8,17223480.85,106821758.21674235,108377412.1836842,0.011645805386843879,0.011660549962874257,yfinance_info_static_sharesOutstanding,1,1,1,28429310605.024147,0.0030971805293707713
2017-09-04,Hang Seng China A Top 100 Index,Exclusion,600600,600600.SH,Tsingtao Brewery Co. Ltd.,152,Exclusion,Hang Seng China A Top 100 Index,unchanged,1,1,600600.SH,600600.SS,parse_ok,600600.SS,2017-09-01,32.099998474121094,-0.0021759309545684724,-0.013218577353573346,-0.08729030010399574,-0.08547008918566967,-0.08729030010399574,1336246.0,42893494.561050415,1421334.45,2225849.1333333333,45973712.39354,74653043.3289269,0.008556434693544699,0.011032708391962777,yfinance_info_static_sharesOutstanding,1,1,1,22762941688.25968,0.001884356387170001
2017-09-04,Hang Seng China A Top 100 Index,Exclusion,601727,601727.SH,Shanghai Electric Group Company Limited,153,Exclusion,Hang Seng China A Top 100 Index,unchanged,1,1,601727.SH,601727.SS,parse_ok,601727.SS,2017-09-01,8.109999656677246,0.06710523137425417,0.06151829822057975,0.19089570114843535,-0.02053141084256327,-0.08568210131762954,73720595.0,597874000.1400423,25126207.3,27836213.983333334,197212708.10555404,215649679.4173687,0.020840225467346287,0.019211702700573104,yfinance_info_static_sharesOutstanding,1,1,1,102312833116.72386,0.005843587572811675
2017-09-04,Hang Seng China A Top 100 Index,Exclusion,601808,601808.SH,China Oilfield Services Limited,154,Exclusion,Hang Seng China A Top 100 Index,unchanged,1,1,601808.SH,601808.SS,parse_ok,601808.SS,2017-09-01,11.270000457763672,-0.006172812511668679,-0.0026548435809575777,-0.013998236495204375,-0.021701388026553192,-0.18392468390117012,5723275.0,64501311.86990738,6469290.05,7634546.25,72600558.98750177,85137226.0460684,0.011320115725473765,0.011360706432868135,yfinance_info_static_sharesOutstanding,1,1,1,33364475715.194702,0.00193323319150891
2017-09-04,Hang Seng China A Top 100 Index,Exclusion,601991,601991.SH,"Datang International Power Generation Co., Ltd.",155,Exclusion,Hang Seng China A Top 100 Index,unchanged,1,1,601991.SH,601991.SS,parse_ok,601991.SS,2017-09-01,4.809999942779541,0.014767969418037374,0.02777780324984902,0.012631566900956015,-0.010288104806842169,-0.06963251996167596,40745106.0,195983957.52854633,31068558.85,28741510.166666668,146544654.21231765,132775039.7832921,0.018417676934884594,0.01524215881184203,yfinance_info_static_sharesOutstanding,1,1,1,59625187890.550095,0.003286932326121987
2017-09-04,Hang Seng China A Top 100 Index,Inclusion,002352,002352.SZ,"S.F. Holding Co., Ltd.",156,Inclusion,Hang Seng China A Top 100 Index,unchanged,1,1,002352.SZ,002352.SZ,parse_ok,002352.SZ,2017-09-01,50.779998779296875,-0.013022390159519559,0.03929590963898888,-0.04278983016794946,-0.04477052435941831,-0.2745714460100447,2577117.0,130865998.11410522,3700581.05,3963606.15,187583995.3421463,201672226.85314763,0.01246124568092336,0.01420707742707133,yfinance_info_static_sharesOutstanding,1,1,1,243715070310.3403,0.0005369630936136364
2017-09-04,Hang Seng China A Top 100 Index,Inclusion,600688,600688.SH,Sinopec Shanghai Petrochemical Company Limited,159,Inclusion,Hang Seng China A Top 100 Index,unchanged,1,1,600688.SH,600688.SS,parse_ok,600688.SS,2017-09-01,6.489999771118164,0.009331251070195501,-0.059420336026449694,-0.00916036914038132,-0.08462628611520173,-0.08462628611520173,26498824.0,171977361.6949005,40629048.25,36372595.083333336,273570706.7747577,244624218.60920924,0.016851242420462834,0.013734348020127256,yfinance_info_static_sharesOutstanding,1,1,1,47563997937.56771,0.0036157045066026036
2017-09-04,Hang Seng China A Top 100 Index,Inclusion,600919,600919.SH,"Bank of Jiangsu Co., Ltd.",160,Inclusion,Hang Seng China A Top 100 Index,unchanged,1,1,600919.SH,600919.SS,parse_ok,600919.SS,2017-09-01,8.350584030151367,0.002275322491879894,-0.011223279794019825,-0.06076752955300058,-0.10285125413214846,-0.3295281677938031,34528387.0,288332197.0690861,52185422.55,51487454.2,434205150.66534746,447064236.58592933,0.007942168737444492,0.010094924971668766,yfinance_info_static_sharesOutstanding,1,1,1,153244276992.8539,0.0018815201632784732
2017-09-04,Hang Seng China A Top 100 Index,Inclusion,601229,601229.SH,"Bank of Shanghai Co., Ltd.",161,Inclusion,Hang Seng China A Top 100 Index,unchanged,1,1,601229.SH,601229.SS,parse_ok,601229.SS,2017-09-01,10.384614944458008,0.004784720783633789,-0.006309159492051353,-0.019944107680468726,-0.09702310278424553,-0.18750002798106957,12293064.0,127658736.12757874,16877191.95,32791412.666666668,174025381.25284576,351492966.54513144,0.012246550412204167,0.012970358076349274,yfinance_info_static_sharesOutstanding,1,1,1,147555179256.5652,0.0008651593035959041
2017-09-04,Hang Seng China A Top 100 Index,Inclusion,601881,601881.SH,"China Galaxy Securities Co., Ltd.",162,Inclusion,Hang Seng China A Top 100 Index,unchanged,1,1,601881.SH,601881.SS,parse_ok,601881.SS,2017-09-01,15.720000267028809,0.2138996523985941,0.2055214963969174,0.31548121489012027,-0.01256280202931348,-0.01256280202931348,108378844.0,1703715456.6202736,74146966.9,45769912.8,1051738188.1967337,608102533.3938787,0.03450094047759184,0.026784268698055353,yfinance_info_static_sharesOutstanding,1,1,1,113866526967.76118,0.014962390633927418
2017-09-04,Hang Seng China AH Index Series,Exclusion,1033 / 600871,1033.HK / 600871.SH,Sinopec Oilfield Service Corporation,163,Exclusion,Hang Seng China AH Index Series,unchanged,1,1,1033.HK,1033.HK,parse_ok,1033.HK,2017-09-01,1.350000023841858,-0.007352934086817808,0.08000001907348642,0.06299216072190883,-0.028776951269557483,-0.22857141494750977,8870000.0,11974500.21147728,13612904.4,9928032.866666667,18123285.56758094,12672485.587528944,0.022447054112890243,0.0159236400620287,yfinance_info_static_sharesOutstanding,1,1,1,7303545329.685249,0.001639546230076363
2017-09-04,Hang Seng China AH Index Series,Exclusion,1033 / 600871,1033.HK / 600871.SH,Sinopec Oilfield Service Corporation,163,Exclusion,Hang Seng China AH Index Series,unchanged,2,0,600871.SH,600871.SS,parse_ok,600871.SS,2017-09-01,3.200000047683716,0.0,-0.006211174145593357,-0.11111107431811951,-0.098591523755994,-0.2540792363313905,0.0,0.0,6703383.85,30102494.966666665,21768311.36436684,100053622.77732462,0.004795489479539627,0.010467590859660555,yfinance_info_static_sharesOutstanding,1,1,1,43350440169.17189,0.0
2017-09-04,Hang Seng China AH Index Series,Exclusion,3958 / 600958,3958.HK / 600958.SH,DFZQ,164,Exclusion,Hang Seng China AH Index Series,unchanged,1,1,3958.HK,3958.HK,parse_ok,3958.HK,2017-09-01,8.279999732971191,0.06017923093919775,0.0,0.10695183313606438,-0.0048076878990646055,-0.018957328834943277,3421200.0,28327535.08644104,3634493.35,3676035.1666666665,29247183.144012786,29527668.552311547,0.017856079523193853,0.015380334584966354,yfinance_info_static_sharesOutstanding,1,1,1,8504904629.558041,0.0033307293050637166
2017-09-04,Hang Seng China AH Index Series,Exclusion,3958 / 600958,3958.HK / 600958.SH,DFZQ,164,Exclusion,Hang Seng China AH Index Series,unchanged,2,0,600958.SH,600958.SS,parse_ok,600958.SS,2017-09-01,16.624719619750977,0.11016396879491142,0.06210793820230531,0.2206200792535964,0.0,-0.00703811301104218,90374149.0,1502444887.998598,67333058.1,46062582.18333333,1073385995.048679,718848052.6883922,0.027586664424930414,0.023537875831475496,yfinance_info_static_sharesOutstanding,1,1,1,124178058318.53452,0.012099117254230306
2017-09-04,Hang Seng China AH Index Series,Exclusion,6178 / 601788,6178.HK / 601788.SH,Everbright Securities Co. Ltd.,165,Exclusion,Hang Seng China AH Index Series,unchanged,1,1,6178.HK,6178.HK,parse_ok,6178.HK,2017-09-01,10.800000190734863,0.018867905855434186,-0.007352934086817808,-0.03398927585583311,-0.02702704328151928,-0.16149067587149946,919100.0,9926280.175304413,1119535.0,1163322.6333333333,11982044.477219582,12489966.852005037,0.00885290098359283,0.009058856031312021,yfinance_info_static_sharesOutstanding,1,1,1,7604159174.294281,0.0013053751174567753
2017-09-04,Hang Seng China AH Index Series,Exclusion,6178 / 601788,6178.HK / 601788.SH,Everbright Securities Co. Ltd.,165,Exclusion,Hang Seng China AH Index Series,unchanged,2,0,601788.SH,601788.SS,parse_ok,601788.SS,2017-09-01,16.030000686645508,0.06299739839162943,0.029544059141773937,0.058784697697531696,0.0,-0.11436462161312588,38742958.0,621049643.3426781,21613522.55,16945687.466666665,334012399.816624,259673542.7255141,0.01389185115559064,0.011471290968057097,yfinance_info_static_sharesOutstanding,1,1,1,62624385071.68721,0.009917057750455384
2017-09-04,Hang Seng China AH Index Series,Inclusion,168 / 600600,0168.HK / 600600.SH,Tsingtao Brewery Co. Ltd.,166,Inclusion,Hang Seng China AH Index Series,unchanged,1,1,0168.HK,0168.HK,parse_ok,0168.HK,2017-09-01,31.899999618530273,-0.042042031549723635,-0.049180317617045555,-0.12121211325090298,-0.11511788367151865,-0.1538461810884313,1608994.0,51326907.9862175,686194.4,610156.5666666667,22957809.926177215,20878240.912913576,0.013013442138741874,0.013410034204365942,yfinance_info_static_sharesOutstanding,1,1,1,20896706528.31094,0.0024562199749840774
2017-09-04,Hang Seng China AH Index Series,Inclusion,168 / 600600,0168.HK / 600600.SH,Tsingtao Brewery Co. Ltd.,166,Inclusion,Hang Seng China AH Index Series,unchanged,2,0,600600.SH,600600.SS,parse_ok,600600.SS,2017-09-01,32.099998474121094,-0.0021759309545684724,-0.013218577353573346,-0.08729030010399574,-0.08547008918566967,-0.08729030010399574,1336246.0,42893494.561050415,1421334.45,2225849.1333333333,45973712.39354,74653043.3289269,0.008556434693544699,0.011032708391962777,yfinance_info_static_sharesOutstanding,1,1,1,22762941688.25968,0.001884356387170001
2017-09-04,Hang Seng China AH Index Series,Inclusion,177 / 600377,0177.HK / 600377.SH,Jiangsu Expressway Co. Ltd.,167,Inclusion,Hang Seng China AH Index Series,unchanged,1,1,0177.HK,0177.HK,parse_ok,0177.HK,2017-09-01,12.0,0.0452962089284521,0.05448153596873162,0.06571933890552417,0.0,0.0,1804903.0,21658836.0,1814850.5,2255143.9833333334,20961957.98869896,25331857.073820256,0.012580275485232065,0.01281331115240905,yfinance_info_static_sharesOutstanding,1,1,1,14664000000.0,0.00147700736497545
2017-09-04,Hang Seng China AH Index Series,Inclusion,177 / 600377,0177.HK / 600377.SH,Jiangsu Expressway Co. Ltd.,167,Inclusion,Hang Seng China AH Index Series,unchanged,2,0,600377.SH,600377.SS,parse_ok,600377.SS,2017-09-01,9.90999984741211,0.03444675640231032,0.021649488894462277,0.03552770777743852,-0.01881193335459741,-0.01881193335459741,6863981.0,68022050.66263962,4456563.55,5229349.583333333,43013632.676614806,50383169.97656371,0.010142858594545097,0.010455349205158625,yfinance_info_static_sharesOutstanding,1,1,1,37814057142.76314,0.0017988561874180617
2017-09-04,Hang Seng China AH Index Series,Inclusion,323 / 600808,0323.HK / 600808.SH,Maanshan Iron & Steel Co. Ltd.,168,Inclusion,Hang Seng China AH Index Series,unchanged,1,1,0323.HK,0323.HK,parse_ok,0323.HK,2017-09-01,4.289999961853027,0.10567006064926043,0.08883246181460258,0.5376344159530915,-0.0023256345205246998,-0.0023256345205246998,50381116.0,216134985.71811295,48638764.05,37747593.95,193236760.54133838,138814067.34943873,0.03873863077723089,0.03224803101166672,yfinance_info_static_sharesOutstanding,1,1,1,7434269633.893967,0.029072793476943675
2017-09-04,Hang Seng China AH Index Series,Inclusion,323 / 600808,0323.HK / 600808.SH,Maanshan Iron & Steel Co. Ltd.,168,Inclusion,Hang Seng China AH Index Series,unchanged,2,0,600808.SH,600808.SS,parse_ok,600808.SS,2017-09-01,5.440000057220459,0.16488222020278331,0.040152970818568834,0.65349547729371,-0.023339337600440824,-0.023339337600440824,258289107.0,1405092756.8594213,148756821.3,120511464.56666666,753000932.1574274,557370254.0404783,0.03974141975908584,0.03491481364448824,yfinance_info_static_sharesOutstanding,1,1,1,32464566793.317463,0.04328081030019002
2017-09-04,Hang Seng China AH Index Series,Inclusion,548 / 600548,0548.HK / 600548.SH,Shenzhen Expressway Co. Ltd.,169,Inclusion,Hang Seng China AH Index Series,unchanged,1,1,0548.HK,0548.HK,parse_ok,0548.HK,2017-09-01,7.650000095367432,0.013245020146527287,0.09598854935001566,0.05955683070239637,0.0,-0.08711217292413953,2046000.0,15651900.195121765,2719702.55,2007898.8,19942454.946766187,14422315.166431546,0.009453650932557185,0.007894768443720349,yfinance_info_static_sharesOutstanding,1,1,1,5718375071.287155,0.002737123745819398
2017-09-04,Hang Seng China AH Index Series,Inclusion,548 / 600548,0548.HK / 600548.SH,Shenzhen Expressway Co. Ltd.,169,Inclusion,Hang Seng China AH Index Series,unchanged,2,0,600548.SH,600548.SS,parse_ok,600548.SS,2017-09-01,9.4399995803833,-0.02277435512462722,0.010706576676843271,0.0900692548169364,-0.03673475544336369,-0.03673475544336369,4711985.0,44481136.42277241,5251610.9,5492896.416666667,50218552.66102815,50490066.17469055,0.015164569112232702,0.01411490042742972,yfinance_info_static_sharesOutstanding,1,1,1,16900961087.616673,0.002631870234608357
2017-09-04,Hang Seng China AH Index Series,Inclusion,921 / 000921,0921.HK / 000921.SZ,Hisense Kelon Electrical Holdings Co. Ltd.,170,Inclusion,Hang Seng China AH Index Series,unchanged,1,1,0921.HK,0921.HK,parse_ok,0921.HK,2017-09-01,9.119999885559082,-0.010846028044850797,-0.16176472521776952,-0.29082425124142663,-0.3313783243397326,-0.3313783243397326,1541000.0,14053919.823646545,2251557.7,2021729.7,22138203.618542336,22896624.851819657,0.040179960794793954,0.031296076488298775,yfinance_info_static_sharesOutstanding,1,1,1,4191458996.3641205,0.003352989934015247
2017-09-04,Hang Seng China AH Index Series,Inclusion,921 / 000921,0921.HK / 000921.SZ,Hisense Kelon Electrical Holdings Co. Ltd.,170,Inclusion,Hang Seng China AH Index Series,unchanged,2,0,000921.SZ,000921.SZ,parse_ok,000921.SZ,2017-09-01,13.119999885559082,-0.026706206891867756,-0.04093570227515453,-0.1508090584123366,-0.27433628645338326,-0.27433628645338326,14854466.0,194890592.22004128,15384552.9,17070317.533333335,208750234.01672497,260241213.29942575,0.027056963353421608,0.03224659770605836,yfinance_info_static_sharesOutstanding,1,1,1,12139560176.671097,0.016054172423360734
2017-09-04,Hang Seng China AH Index Series,Inclusion,991 / 601991,0991.HK / 601991.SH,"Datang International Power Generation Co., Ltd.",171,Inclusion,Hang Seng China AH Index Series,unchanged,1,1,0991.HK,0991.HK,parse_ok,0991.HK,2017-09-01,2.5799999237060547,0.003891046973934831,0.01976282722596956,0.007812492724042164,-0.044444489577178836,-0.10726649479080175,7422000.0,19148759.433746338,11823735.8,13406595.7,30241539.352614366,34497663.80424181,0.017263944361425986,0.01740278557258133,yfinance_info_static_sharesOutstanding,1,1,1,15765402740.636585,0.001214606423240231
2017-09-04,Hang Seng China AH Index Series,Inclusion,991 / 601991,0991.HK / 601991.SH,"Datang International Power Generation Co., Ltd.",171,Inclusion,Hang Seng China AH Index Series,unchanged,2,0,601991.SH,601991.SS,parse_ok,601991.SS,2017-09-01,4.809999942779541,0.014767969418037374,0.02777780324984902,0.012631566900956015,-0.010288104806842169,-0.06963251996167596,40745106.0,195983957.52854633,31068558.85,28741510.166666668,146544654.21231765,132775039.7832921,0.018417676934884594,0.01524215881184203,yfinance_info_static_sharesOutstanding,1,1,1,59625187890.550095,0.003286932326121987
2017-09-04,Hang Seng China AH Index Series,Inclusion,1065 / 600874,1065.HK / 600874.SH,Tianjin Capital Environmental Protection Group Co. Ltd.,172,Inclusion,Hang Seng China AH Index Series,unchanged,1,1,1065.HK,1065.HK,parse_ok,1065.HK,2017-09-01,5.059999942779541,0.024291474528160384,0.0019801488449493476,0.03688520986013244,-0.05065665755934523,-0.11072058138935592,2327000.0,11774619.866847992,2348620.0,3209229.3333333335,11558538.697228432,16343430.438796218,0.01832179943662,0.017011644947695734,yfinance_info_static_sharesOutstanding,1,1,1,1720399980.545044,0.0068441176470588234
2017-09-04,Hang Seng China AH Index Series,Inclusion,1065 / 600874,1065.HK / 600874.SH,Tianjin Capital Environmental Protection Group Co. Ltd.,172,Inclusion,Hang Seng China AH Index Series,unchanged,2,0,600874.SH,600874.SS,parse_ok,600874.SS,2017-09-01,18.110000610351562,0.01173189923444995,0.059064339552665324,-0.002753261975807386,-0.14211273866704255,-0.26650464890146686,41609074.0,753540355.5361633,40917875.45,52206327.38333333,736361060.547611,973421428.5450276,0.0186146613861027,0.030427207504890908,yfinance_info_static_sharesOutstanding,1,1,1,22282872270.3376,0.03381702082182903
2017-09-04,Hang Seng China AH Index Series,Inclusion,1138 / 600026,1138.HK / 600026.SH,"COSCO SHIPPING Energy Transportation Co., Ltd.",173,Inclusion,Hang Seng China AH Index Series,unchanged,1,1,1138.HK,1138.HK,parse_ok,1138.HK,2017-09-01,4.510000228881836,0.015765804225056357,-0.008791200038733793,0.015765804225056357,-0.03010749755146691,-0.06237000363129841,6478000.0,29215781.482696533,6603770.1,5892332.466666667,29808659.51712506,26146431.60564069,0.011098011242253111,0.01038894034574359,yfinance_info_static_sharesOutstanding,1,1,1,5844960296.630859,0.004998456790123457
2017-09-04,Hang Seng China AH Index Series,Inclusion,1138 / 600026,1138.HK / 600026.SH,"COSCO SHIPPING Energy Transportation Co., Ltd.",173,Inclusion,Hang Seng China AH Index Series,unchanged,2,0,600026.SH,600026.SS,parse_ok,600026.SS,2017-09-01,6.739999771118164,0.015060226904115348,-0.018922869957273436,0.06477090874466618,-0.04667615170165773,-0.13032261017830138,19442975.0,131045647.04985619,24320185.15,22188676.5,166055969.49363995,148189683.23058683,0.015113152062904298,0.01383937646228869,yfinance_info_static_sharesOutstanding,1,1,1,28100547500.60108,0.004663455295561522
2017-09-04,Hang Seng China AH Index Series,Inclusion,1812 / 000488,1812.HK / 000488.SZ,Shandong Chenming Paper Holdings Ltd.,174,Inclusion,Hang Seng China AH Index Series,unchanged,1,1,1812.HK,1812.HK,parse_ok,1812.HK,2017-09-01,7.880000114440918,0.020725431165496966,0.003395643363759193,0.24421060683655016,-0.023140358493314195,-0.023140358493314195,6819750.0,53739630.78045845,2700298.7,3683497.7666666666,20892768.617278002,26846952.143473584,0.017628462339423816,0.021950748979264058,yfinance_info_static_sharesOutstanding,1,1,1,4163045430.459738,0.012908730322100718
2017-09-04,Hang Seng China AH Index Series,Inclusion,1812 / 000488,1812.HK / 000488.SZ,Shandong Chenming Paper Holdings Ltd.,174,Inclusion,Hang Seng China AH Index Series,unchanged,2,0,000488.SZ,000488.SZ,parse_ok,000488.SZ,2017-09-01,11.0600004196167,0.04668783763684181,-0.007181321475811853,0.3476849709011165,-0.0326530299025275,-0.0326530299025275,59809495.0,661493039.7970629,48589544.9,59583976.4,530095377.2083408,598419951.5492369,0.02235069639049419,0.028466709402339693,yfinance_info_static_sharesOutstanding,1,1,1,18876829181.227383,0.035042592876504075
2017-09-04,Hang Seng China AH Index Series,Inclusion,2039 / 000039,2039.HK / 000039.SZ,"China Int'l Marine Containers (Group) Co., Ltd.",175,Inclusion,Hang Seng China AH Index Series,unchanged,1,1,2039.HK,2039.HK,parse_ok,2039.HK,2017-09-01,8.722222328186035,0.02080629731640138,-0.03799007645663954,0.1911987987871433,-0.0519323359765661,-0.0519323359765661,1580652.0,13786798.167491913,2629558.05,2850031.8,23077061.918435574,23854025.7904342,0.017760151092546427,0.018463297221321912,yfinance_info_static_sharesOutstanding,1,1,1,26950253078.24434,0.0005115647013579008
2017-09-04,Hang Seng China AH Index Series,Inclusion,2039 / 000039,2039.HK / 000039.SZ,"China Int'l Marine Containers (Group) Co., Ltd.",175,Inclusion,Hang Seng China AH Index Series,unchanged,2,0,000039.SZ,000039.SZ,parse_ok,000039.SZ,2017-09-01,10.550000190734863,0.01823062306547274,0.0058263950488779415,0.12234049136955139,-0.023650348803568755,-0.023650348803568755,22240495.0,234637226.49203777,23271583.85,33395857.95,241815944.22886348,335518463.30659425,0.015779501811642373,0.019039984793105997,yfinance_info_static_sharesOutstanding,1,1,1,24293300708.701828,0.009658515707912471
2017-09-04,Hang Seng China AH Index Series,Inclusion,2238 / 601238,2238.HK / 601238.SH,"Guangzhou Automobile Group Co., Ltd.",176,Inclusion,Hang Seng China AH Index Series,unchanged,1,1,2238.HK,2238.HK,parse_ok,2238.HK,2017-09-01,10.885713577270508,-0.03909210877669489,-0.010389674793590209,0.09482755395943587,-0.126146777050832,-0.126146777050832,22665134.0,246726156.9144554,27161101.2,35982588.05,298599205.996559,394828237.6166109,0.020433110958062144,0.024857847002854868,yfinance_info_static_sharesOutstanding,1,1,1,30625521555.601013,0.008056227106745627
2017-09-04,Hang Seng China AH Index Series,Inclusion,2238 / 601238,2238.HK / 601238.SH,"Guangzhou Automobile Group Co., Ltd.",176,Inclusion,Hang Seng China AH Index Series,unchanged,2,0,601238.SH,601238.SS,parse_ok,601238.SS,2017-09-01,18.178571701049805,-0.002742904928219825,-0.019645544954291938,-0.0643382343917982,-0.09687716522659362,-0.09687716522659362,12304628.0,223680562.35274506,9695798.45,12737278.05,178358334.59142256,241067399.9111324,0.009635223266660008,0.011610977807087567,yfinance_info_static_sharesOutstanding,1,1,1,134225076149.5765,0.0016664588225189902
2017-09-04,Hang Seng China AH Index Series,Inclusion,2611 / 601211,2611.HK / 601211.SH,"Guotai Junan Securities Co., Ltd.",177,Inclusion,Hang Seng China AH Index Series,unchanged,1,1,2611.HK,2611.HK,parse_ok,2611.HK,2017-09-01,17.079999923706055,0.0178783804996685,0.0023473595087817323,0.0796460337034055,-0.014994246055011318,-0.014994246055011318,3413200.0,58297455.739593506,1965238.6,1902038.25,33392650.66462631,31911058.90778688,0.00998083328822222,0.008261328501362172,yfinance_info_static_sharesOutstanding,1,1,1,59878377936.37175,0.0009735977785093282
2017-09-04,Hang Seng China AH Index Series,Inclusion,2611 / 601211,2611.HK / 601211.SH,"Guotai Junan Securities Co., Ltd.",177,Inclusion,Hang Seng China AH Index Series,unchanged,2,0,601211.SH,601211.SS,parse_ok,601211.SS,2017-09-01,21.709999084472656,0.061094821893156404,0.0387559560156272,0.12779216023234574,-0.0009204076477220546,-0.0009204076477220546,53046672.0,1151643200.5543213,35859056.4,38952508.95,741665774.5247875,801638925.1259098,0.01991615719066485,0.015804211970645295,yfinance_info_static_sharesOutstanding,1,1,1,306613920517.36536,0.0037560042890782477
2017-09-04,Hang Seng China AH Index Series,Inclusion,2883 / 601808,2883.HK / 601808.SH,China Oilfield Services Ltd.,178,Inclusion,Hang Seng China AH Index Series,unchanged,1,1,2883.HK,2883.HK,parse_ok,2883.HK,2017-09-01,6.389999866485596,-0.03619913179678136,-0.07658962485043719,-0.043413169057693324,-0.08189657593926303,-0.24646223921841892,7722840.0,49348946.56888962,9128381.25,10542330.166666666,60021305.28450551,68942677.37908061,0.00888695636373128,0.012067746908411942,yfinance_info_static_sharesOutstanding,1,1,1,11573082118.188858,0.004264114439430983
2017-09-04,Hang Seng China AH Index Series,Inclusion,2883 / 601808,2883.HK / 601808.SH,China Oilfield Services Ltd.,178,Inclusion,Hang Seng China AH Index Series,unchanged,2,0,601808.SH,601808.SS,parse_ok,601808.SS,2017-09-01,11.270000457763672,-0.006172812511668679,-0.0026548435809575777,-0.013998236495204375,-0.021701388026553192,-0.18392468390117012,5723275.0,64501311.86990738,6469290.05,7634546.25,72600558.98750177,85137226.0460684,0.011320115725473765,0.011360706432868135,yfinance_info_static_sharesOutstanding,1,1,1,33364475715.194702,0.00193323319150891
2017-09-04,Hang Seng China AH Index Series,Inclusion,6881 / 601881,6881.HK / 601881.SH,"China Galaxy Securities Co., Ltd.",179,Inclusion,Hang Seng China AH Index Series,unchanged,1,1,6881.HK,6881.HK,parse_ok,6881.HK,2017-09-01,7.010000228881836,0.008633154138610433,-0.011283486880723781,-0.025034746440350975,-0.027739224439246812,-0.12702360373702581,26503614.0,185790340.20619583,24624246.25,22887801.5,172117860.90309834,160907316.83536312,0.013311963062478182,0.013086145980461806,yfinance_info_static_sharesOutstanding,1,1,1,25873803122.12934,0.007180635151671735
2017-09-04,Hang Seng China AH Index Series,Inclusion,6881 / 601881,6881.HK / 601881.SH,"China Galaxy Securities Co., Ltd.",179,Inclusion,Hang Seng China AH Index Series,unchanged,2,0,601881.SH,601881.SS,parse_ok,601881.SS,2017-09-01,15.720000267028809,0.2138996523985941,0.2055214963969174,0.31548121489012027,-0.01256280202931348,-0.01256280202931348,108378844.0,1703715456.6202736,74146966.9,45769912.8,1051738188.1967337,608102533.3938787,0.03450094047759184,0.026784268698055353,yfinance_info_static_sharesOutstanding,1,1,1,113866526967.76118,0.014962390633927418
2017-09-04,Hang Seng Composite LargeCap & MidCap Index,Exclusion,245,0245.HK,China Minsheng Financial Holding Corporation Ltd.,180,Exclusion,Hang Seng Composite LargeCap & MidCap Index,unchanged,1,1,0245.HK,0245.HK,parse_ok,0245.HK,2017-09-01,10.399999618530273,0.1685393330665903,0.08333325054910778,0.05050505245112613,0.0,-0.4526315990247225,705300.0,7335119.730949402,426458.35,248411.5,4014442.607877636,2325361.1262443224,0.03478042414519424,0.030147920500416436,yfinance_info_static_sharesOutstanding,1,1,1,19334618095.61041,0.00037937753384509386
2017-09-04,Hang Seng Composite LargeCap & MidCap Index,Exclusion,297,0297.HK,Sinofert Holdings Ltd.,181,Exclusion,Hang Seng Composite LargeCap & MidCap Index,unchanged,1,1,0297.HK,0297.HK,parse_ok,0297.HK,2017-09-01,1.100000023841858,0.028037355064628677,-0.009009000301245074,0.10000002384185791,-0.03508768627628134,-0.1666666817183441,8175665.0,8993231.694923043,7736647.4,8505729.95,8281755.261119026,9009039.969863893,0.02361943202061134,0.022027113149780647,yfinance_info_static_sharesOutstanding,1,1,1,7726901473.776075,0.0011638859024467568
2017-09-04,Hang Seng Composite LargeCap & MidCap Index,Exclusion,991,0991.HK,"Datang International Power Generation Co., Ltd. - H Shares",183,Exclusion,Hang Seng Composite LargeCap & MidCap Index,unchanged,1,1,0991.HK,0991.HK,parse_ok,0991.HK,2017-09-01,2.5799999237060547,0.003891046973934831,0.01976282722596956,0.007812492724042164,-0.044444489577178836,-0.10726649479080175,7422000.0,19148759.433746338,11823735.8,13406595.7,30241539.352614366,34497663.80424181,0.017263944361425986,0.01740278557258133,yfinance_info_static_sharesOutstanding,1,1,1,15765402740.636585,0.001214606423240231
2017-09-04,Hang Seng Composite LargeCap & MidCap Index,Exclusion,1387,1387.HK,Renhe Commercial Holdings Co. Ltd.,185,Exclusion,Hang Seng Composite LargeCap & MidCap Index,unchanged,1,1,1387.HK,1387.HK,parse_ok,1387.HK,2017-09-01,1.840000033378601,0.010989000192372256,0.051428590502057725,-0.0416666278615585,-0.051546402521829404,-0.17117116681728917,796800.0,1466112.0265960693,570686.85,794484.3333333334,1035622.7371802032,1401922.9360668422,0.010756975301973407,0.017006361491104773,yfinance_info_static_sharesOutstanding,1,1,1,16369173514.225708,8.95654276816076e-05
2017-09-04,Hang Seng Composite LargeCap & MidCap Index,Exclusion,2298,2298.HK,Cosmo Lady (China) Holdings Co. Ltd.,186,Exclusion,Hang Seng Composite LargeCap & MidCap Index,unchanged,1,1,2298.HK,2298.HK,parse_ok,2298.HK,2017-09-01,2.990000009536743,0.023972579251313464,0.010135125338900819,-0.05678235407730359,-0.10210207866639098,-0.17403312042509644,1763500.0,5272865.016818047,1509345.0,1721296.1666666667,4469541.80578351,5260731.480181173,0.015282142132517391,0.020904602769416407,yfinance_info_static_sharesOutstanding,1,1,1,6516269904.023944,0.000809184563328467
2017-09-04,Hang Seng Composite LargeCap & MidCap Index,Exclusion,2877,2877.HK,China Shineway Pharmaceutical Group Ltd.,187,Exclusion,Hang Seng Composite LargeCap & MidCap Index,unchanged,1,1,2877.HK,2877.HK,parse_ok,2877.HK,2017-09-01,7.150000095367432,-0.012430894833693196,-0.06290956905295642,-0.1172839804150626,-0.11069650133188214,-0.26288657361230305,740000.0,5291000.070571899,871000.9,724147.3,6307239.304875588,5504976.70176495,0.011166808694710475,0.010833047306024114,yfinance_info_static_sharesOutstanding,1,1,1,5401110072.040558,0.0009796134498279057
2017-09-04,Hang Seng Composite LargeCap & MidCap Index,Exclusion,3823,3823.HK,Tech Pro Technology Development Ltd.,189,Exclusion,Hang Seng Composite LargeCap & MidCap Index,unchanged,1,1,3823.HK,3823.HK,parse_ok,3823.HK,2017-09-01,0.0949999988079071,0.13095238200830228,0.06741569835630146,-0.2910448026752699,-0.2910448026752699,-0.5814977990919088,781218000.0,74215709.06871557,115252210.0,103571103.33333333,10266854.026976898,9818314.158961948,0.036234607661059355,0.03703586779102218,yfinance_info_static_sharesOutstanding,1,1,1,759999990.4632568,0.09765225
2017-09-04,Hang Seng Composite LargeCap & MidCap Index,Inclusion,136,0136.HK,HengTen Networks Group Ltd.,191,Inclusion,Hang Seng Composite LargeCap & MidCap Index,unchanged,1,1,0136.HK,0136.HK,parse_ok,0136.HK,2017-09-01,2.799999952316284,0.8300653625325976,1.5454544469344738,1.3529410232604362,0.0,-0.6056338042357781,395645146.0,1107806389.9341693,113873080.45,47239082.38333333,229187807.77016097,86882076.28939901,0.08396915484320791,0.05917653496363627,yfinance_info_static_sharesOutstanding,1,1,1,47041720120.88427,0.023549444771309637
2017-09-04,Hang Seng Composite LargeCap & MidCap Index,Inclusion,698,0698.HK,Tongda Group Holdings Ltd.,192,Inclusion,Hang Seng Composite LargeCap & MidCap Index,unchanged,1,1,0698.HK,0698.HK,parse_ok,0698.HK,2017-09-01,94.02902221679688,0.0,-0.03571431365746658,-0.03139017823039647,-0.17557255380704717,-0.298701269141568,1520999.0,143018048.76272583,2080260.7,1731744.7,186565578.945496,167416405.95441616,0.03804305135879735,0.03364979379213658,yfinance_info_static_sharesOutstanding,1,1,1,18308593266.28833,0.007811525805538835
2017-09-04,Hang Seng Composite LargeCap & MidCap Index,Inclusion,1515,1515.HK,China Resources Phoenix Healthcare Holdings Co. Ltd.,195,Inclusion,Hang Seng Composite LargeCap & MidCap Index,unchanged,1,1,1515.HK,1515.HK,parse_ok,1515.HK,2017-09-01,9.890000343322754,0.0259336090348965,-0.009017956216599843,-0.05988593983149337,-0.04903839364559448,-0.28848916440700734,9088100.0,89881312.12015152,2890524.5,3584107.0166666666,27956921.020814132,34947850.421625406,0.014629554533078641,0.01706472417903751,yfinance_info_static_sharesOutstanding,1,1,1,12505552361.119366,0.00718731244527821
2017-09-04,Hang Seng Composite LargeCap & MidCap Index,Inclusion,2269,2269.HK,WuXi Biologics (Cayman) Inc.,196,Inclusion,Hang Seng Composite LargeCap & MidCap Index,unchanged,1,1,2269.HK,2269.HK,parse_ok,2269.HK,2017-09-01,12.566665649414062,-0.04314727631338744,0.14069584927455536,,-0.05157240381780659,-0.05157240381780659,6846000.0,86031393.03588867,4451670.0,14900989.118644068,54354977.973217964,148920644.83547786,0.034481376156640285,0.03441183032449735,yfinance_info_static_sharesOutstanding,1,1,1,51945305391.805984,0.0016561918808058356
2017-09-04,Hang Seng Composite LargeCap & MidCap Index,Inclusion,2611,2611.HK,"Guotai Junan Securities Co., Ltd. - H Shares",197,Inclusion,Hang Seng Composite LargeCap & MidCap Index,unchanged,1,1,2611.HK,2611.HK,parse_ok,2611.HK,2017-09-01,17.079999923706055,0.0178783804996685,0.0023473595087817323,0.0796460337034055,-0.014994246055011318,-0.014994246055011318,3413200.0,58297455.739593506,1965238.6,1902038.25,33392650.66462631,31911058.90778688,0.00998083328822222,0.008261328501362172,yfinance_info_static_sharesOutstanding,1,1,1,59878377936.37175,0.0009735977785093282
2017-09-04,Hang Seng Composite LargeCap & MidCap Index,Inclusion,2799,2799.HK,"China Huarong Asset Management Co., Ltd. - H Shares",198,Inclusion,Hang Seng Composite LargeCap & MidCap Index,unchanged,1,1,2799.HK,2799.HK,parse_ok,2799.HK,2017-09-01,3.3299999237060547,-0.01186942528527457,0.021472372223182212,0.034161457800763406,-0.020588285205272117,-0.020588285205272117,35002251.0,116557493.15954018,37349538.6,28645570.55,123558590.53980741,91890691.69442339,0.013636811728717717,0.013004730297483308,yfinance_info_static_sharesOutstanding,1,1,1,117756327364.47357,0.000989819364854826
2017-09-04,Hang Seng Composite LargeCap & MidCap Index,Inclusion,3606,3606.HK,"Fuyao Glass Industry Group Co., Ltd. - H Shares",199,Inclusion,Hang Seng Composite LargeCap & MidCap Index,unchanged,1,1,3606.HK,3606.HK,parse_ok,3606.HK,2017-09-01,24.549999237060547,-0.025793710563486782,-0.09074076899775751,-0.22063494485522073,-0.1950819922275231,-0.22063494485522073,1934400.0,47489518.52416992,1956307.85,1943073.3333333333,49677773.458480075,53012411.93319041,0.021175671509560675,0.01831157232475839,yfinance_info_static_sharesOutstanding,1,1,1,14895888797.080994,0.0031880956666027202
2017-09-04,Hang Seng Corporate Sustainability Benchmark Index,Exclusion,000039,000039.SZ,"China International Marine Containers (Group) Co., Ltd.",200,Exclusion,Hang Seng Corporate Sustainability Benchmark Index,unchanged,1,1,000039.SZ,000039.SZ,parse_ok,000039.SZ,2017-09-01,10.550000190734863,0.01823062306547274,0.0058263950488779415,0.12234049136955139,-0.023650348803568755,-0.023650348803568755,22240495.0,234637226.49203777,23271583.85,33395857.95,241815944.22886348,335518463.30659425,0.015779501811642373,0.019039984793105997,yfinance_info_static_sharesOutstanding,1,1,1,24293300708.701828,0.009658515707912471
2017-09-04,Hang Seng Corporate Sustainability Benchmark Index,Exclusion,000825,000825.SZ,"Shanxi Taigang Stainless Steel Co., Ltd.",201,Exclusion,Hang Seng Corporate Sustainability Benchmark Index,unchanged,1,1,000825.SZ,000825.SZ,parse_ok,000825.SZ,2017-09-01,5.650000095367432,0.08030594163713789,0.08237554070093056,0.37804883580205106,-0.05201341288513206,-0.05201341288513206,278411446.0,1573024696.4513845,149882895.2,90138502.35,820099130.9347827,461494332.69148505,0.03948413595609699,0.027024638380526805,yfinance_info_static_sharesOutstanding,1,1,1,32183800590.63652,0.04887628768458864
2017-09-04,Hang Seng Corporate Sustainability Benchmark Index,Exclusion,363,0363.HK,Shanghai Industrial Holdings Ltd.,202,Exclusion,Hang Seng Corporate Sustainability Benchmark Index,unchanged,1,1,0363.HK,0363.HK,parse_ok,0363.HK,2017-09-01,23.414955139160156,0.07466059090233834,0.05321515464817028,-0.01247404926681539,-0.004192857662585481,-0.04426559591104884,2304325.0,53955666.50104523,1367748.3,1210198.7333333334,30334680.602143385,27131852.453565184,0.01593614591003007,0.01335982916437103,yfinance_info_static_sharesOutstanding,1,1,1,25457010840.774536,0.002119481617009973
2017-09-04,Hang Seng Corporate Sustainability Benchmark Index,Exclusion,552,0552.HK,China Communications Services Corporation Ltd. - H Shares,203,Exclusion,Hang Seng Corporate Sustainability Benchmark Index,unchanged,1,1,0552.HK,0552.HK,parse_ok,0552.HK,2017-09-01,4.25,0.009501178501326812,-0.09766455083256176,-0.07809113299091397,-0.10526315789473684,-0.23423426055103125,6927024.0,29439852.0,5626630.5,6086800.266666667,24710963.631296255,26885016.054898858,0.016191037192549163,0.01916795699751479,yfinance_info_static_sharesOutstanding,1,1,1,10163536020.0,0.0028966151093544313
2017-09-04,Hang Seng Corporate Sustainability Benchmark Index,Exclusion,670,0670.HK,China Eastern Airlines Corporation Ltd. - H Shares,204,Exclusion,Hang Seng Corporate Sustainability Benchmark Index,unchanged,1,1,0670.HK,0670.HK,parse_ok,0670.HK,2017-09-01,4.239999771118164,0.026634298699562242,-0.009345896432088385,-0.0920771516382981,-0.12033202902216833,-0.12033202902216833,4692094.0,19894477.48606491,7085046.4,7693504.266666667,30152026.413953256,34297910.748625055,0.01468106683023519,0.014597747981947072,yfinance_info_static_sharesOutstanding,1,1,1,21466151175.7035,0.0009267836289433435
2017-09-04,Hang Seng Corporate Sustainability Benchmark Index,Exclusion,998,0998.HK,China CITIC Bank Corporation Ltd. - H Shares,205,Exclusion,Hang Seng Corporate Sustainability Benchmark Index,unchanged,1,1,0998.HK,0998.HK,parse_ok,0998.HK,2017-09-01,5.150000095367432,0.011787807658323102,0.0019455698719061942,0.07291664390100472,-0.005791454433467291,-0.049815493934666666,31450317.0,161969135.54933596,42157142.1,46282742.483333334,213196259.72905418,229906202.94809943,0.008858691985646048,0.008982439063479716,yfinance_info_static_sharesOutstanding,1,1,1,76643140750.82365,0.002113289381967235
2017-09-04,Hang Seng Corporate Sustainability Benchmark Index,Exclusion,1113,1113.HK,Cheung Kong Property Holdings Ltd.,206,Exclusion,Hang Seng Corporate Sustainability Benchmark Index,unchanged,1,1,1113.HK,1113.HK,parse_ok,1113.HK,2017-09-01,67.94999694824219,-0.0043956491100045625,0.002212299258598449,0.11302207694366317,-0.029285757882254515,-0.029285757882254515,4601313.0,312659204.3079071,6225602.9,6823182.983333333,426361686.14835894,437699306.8785946,0.01082139298951017,0.010393428459647337,yfinance_info_static_sharesOutstanding,1,1,1,237809927046.87415,0.0013147441243959493
2017-09-04,Hang Seng Corporate Sustainability Benchmark Index,Exclusion,1339,1339.HK,The People's Insurance Co. (Group) of China Ltd. - H Shares,208,Exclusion,Hang Seng Corporate Sustainability Benchmark Index,unchanged,1,1,1339.HK,1339.HK,parse_ok,1339.HK,2017-09-01,3.690000057220459,0.01933706460616813,-0.015999984741210893,0.11818185167864392,-0.023809501283202916,-0.023809501283202916,23097437.0,85229543.85164595,37157185.3,40367430.983333334,135312894.5191988,144541670.26545003,0.01365208281672629,0.015772881786362245,yfinance_info_static_sharesOutstanding,1,1,1,32199803959.319115,0.002646896358727029
2017-09-04,Hang Seng Corporate Sustainability Benchmark Index,Exclusion,1963,1963.HK,"Bank of Chongqing Co., Ltd. - H Shares",209,Exclusion,Hang Seng Corporate Sustainability Benchmark Index,unchanged,1,1,1963.HK,1963.HK,parse_ok,1963.HK,2017-09-01,6.489999771118164,-0.00612564125650461,-0.012176620769095536,0.014062449126505117,-0.04558829572373846,-0.06886657582815914,575500.0,3734994.8682785034,857450.05,999116.0333333333,5562286.643573498,6497186.2807005085,0.009473888057415673,0.01104233230184149,yfinance_info_static_sharesOutstanding,1,1,1,10247844708.470818,0.0003644663804469222
2017-09-04,Hang Seng Corporate Sustainability Benchmark Index,Exclusion,1999,1999.HK,Man Wah Holdings Ltd.,210,Exclusion,Hang Seng Corporate Sustainability Benchmark Index,unchanged,1,1,1999.HK,1999.HK,parse_ok,1999.HK,2017-09-01,7.300000190734863,-0.014844758291818638,0.08148150973849821,0.11280491683080363,-0.025367100959862388,-0.07477816042264818,8964000.0,65437201.709747314,6745724.15,9820798.416666666,48196872.34013178,68052605.2687843,0.017744223155894134,0.020215164287427055,yfinance_info_static_sharesOutstanding,1,1,1,28310008099.68567,0.002311451182893652
2017-09-04,Hang Seng Corporate Sustainability Benchmark Index,Exclusion,3898,3898.HK,"Zhuzhou CRRC Times Electric Co., Ltd. - H Shares",211,Exclusion,Hang Seng Corporate Sustainability Benchmark Index,unchanged,1,1,3898.HK,3898.HK,parse_ok,3898.HK,2017-09-01,41.04999923706055,0.05121639024519853,0.07601566435625018,0.00612745109497248,-0.02028645006834595,-0.07752810703234725,2716900.0,111528742.9271698,3554334.35,2794136.566666667,140550638.02678126,108948581.35639718,0.020825126405132816,0.015308502660845718,yfinance_info_static_sharesOutstanding,1,1,1,20063474477.108,0.005558795065850719
2017-09-04,Hang Seng Corporate Sustainability Benchmark Index,Exclusion,600600,600600.SH,Tsingtao Brewery Co. Ltd.,212,Exclusion,Hang Seng Corporate Sustainability Benchmark Index,unchanged,1,1,600600.SH,600600.SS,parse_ok,600600.SS,2017-09-01,32.099998474121094,-0.0021759309545684724,-0.013218577353573346,-0.08729030010399574,-0.08547008918566967,-0.08729030010399574,1336246.0,42893494.561050415,1421334.45,2225849.1333333333,45973712.39354,74653043.3289269,0.008556434693544699,0.011032708391962777,yfinance_info_static_sharesOutstanding,1,1,1,22762941688.25968,0.001884356387170001
2017-09-04,Hang Seng Corporate Sustainability Benchmark Index,Exclusion,601818,601818.SH,China Everbright Bank Company Limited,213,Exclusion,Hang Seng Corporate Sustainability Benchmark Index,unchanged,1,1,601818.SH,601818.SS,parse_ok,601818.SS,2017-09-01,4.150000095367432,-0.01425176775199033,-0.009546530144813992,0.04010027204217104,-0.041570399886880605,-0.041570399886880605,177253811.0,735603332.5542407,129808396.9,134862048.58333334,539103340.0141468,560816342.9561493,0.010680964703458282,0.009882817020253279,yfinance_info_static_sharesOutstanding,1,1,1,192588289003.84882,0.0038195641923977003
2017-09-04,Hang Seng Corporate Sustainability Benchmark Index,Exclusion,6818,6818.HK,China Everbright Bank Co. Ltd. - H Shares,214,Exclusion,Hang Seng Corporate Sustainability Benchmark Index,unchanged,1,1,6818.HK,6818.HK,parse_ok,6818.HK,2017-09-01,3.740000009536743,-0.00531914387692578,-0.01319259968853348,0.03314920656665388,-0.031088054098535878,-0.07425741464083657,11671497.0,43651398.89130807,10759351.1,10216826.5,40241604.37810031,38183739.914455205,0.011911885122286175,0.011833983214511063,yfinance_info_static_sharesOutstanding,1,1,1,47418470890.91384,0.0009205568646810244
2017-09-04,Hang Seng Corporate Sustainability Benchmark Index,Inclusion,002202,002202.SZ,"Xinjiang Goldwind Science & Technology Co., Ltd.",216,Inclusion,Hang Seng Corporate Sustainability Benchmark Index,unchanged,1,1,002202.SZ,002202.SZ,parse_ok,002202.SZ,2017-09-01,11.022167205810547,0.043965572995157354,0.03708833733030947,0.020946866785884533,-0.002976513972811068,-0.17791116835956877,13482894.0,148610712.0862198,11364573.3,12826808.266666668,121648147.25884528,136670915.39802155,0.01142889844800154,0.012642399446093622,yfinance_info_static_sharesOutstanding,1,1,1,38028860381.66031,0.003907840271697659
2017-09-04,Hang Seng Corporate Sustainability Benchmark Index,Inclusion,323,0323.HK,Maanshan Iron & Steel Co. Ltd. - H Shares,217,Inclusion,Hang Seng Corporate Sustainability Benchmark Index,unchanged,1,1,0323.HK,0323.HK,parse_ok,0323.HK,2017-09-01,4.289999961853027,0.10567006064926043,0.08883246181460258,0.5376344159530915,-0.0023256345205246998,-0.0023256345205246998,50381116.0,216134985.71811295,48638764.05,37747593.95,193236760.54133838,138814067.34943873,0.03873863077723089,0.03224803101166672,yfinance_info_static_sharesOutstanding,1,1,1,7434269633.893967,0.029072793476943675
2017-09-04,Hang Seng Corporate Sustainability Benchmark Index,Inclusion,347,0347.HK,Angang Steel Co. Ltd. - H Shares,218,Inclusion,Hang Seng Corporate Sustainability Benchmark Index,unchanged,1,1,0347.HK,0347.HK,parse_ok,0347.HK,2017-09-01,5.461537837982178,0.11285261736682317,0.09062977324750365,0.3706563163661236,0.0,0.0,44690490.0,244078802.13296413,26275387.25,23711981.933333334,131098552.93602979,111254482.06538054,0.035504106547874,0.026278400738157428,yfinance_info_static_sharesOutstanding,1,1,1,7709179119.825363,0.03166080309449254
2017-09-04,Hang Seng Corporate Sustainability Benchmark Index,Inclusion,480,0480.HK,HKR International Ltd.,219,Inclusion,Hang Seng Corporate Sustainability Benchmark Index,unchanged,1,1,0480.HK,0480.HK,parse_ok,0480.HK,2017-09-01,4.472726821899414,0.08370048837059652,0.1336406292970458,0.15222474553212928,0.0,0.0,4200879.0,18789384.17885399,1001382.6,847393.2166666667,4196500.2559442995,3398820.184404453,0.012754477610605964,0.011979518466536441,yfinance_info_static_sharesOutstanding,1,1,1,6643349212.89366,0.002828299939793448
2017-09-04,Hang Seng Corporate Sustainability Benchmark Index,Inclusion,506,0506.HK,China Foods Ltd.,220,Inclusion,Hang Seng Corporate Sustainability Benchmark Index,unchanged,1,1,0506.HK,0506.HK,parse_ok,0506.HK,2017-09-01,4.239999771118164,0.0047393322087359024,0.15846985565188487,0.337539327782969,-0.03416858768324149,-0.03416858768324149,7128800.0,30226110.368347168,11356506.65,7580416.166666667,47155814.780130364,28613075.82062759,0.04032178284458458,0.027212016234257296,yfinance_info_static_sharesOutstanding,1,1,1,11860226558.806374,0.002548527232467063
2017-09-04,Hang Seng Corporate Sustainability Benchmark Index,Inclusion,778,0778.HK,Fortune Real Estate Investment Trust,221,Inclusion,Hang Seng Corporate Sustainability Benchmark Index,unchanged,1,1,0778.HK,0778.HK,parse_ok,0778.HK,2017-09-01,9.369999885559082,0.02404374603287107,-0.03302370574628655,-0.018848199118405518,-0.04192227593114162,-0.0795678187951403,1837698.0,17219230.049692154,2713609.95,2503200.1333333333,25185539.966430284,23700052.707147375,0.010233800755883178,0.007775823474668579,yfinance_info_static_sharesOutstanding,1,1,1,19319662914.13842,0.0008912800459417365
2017-09-04,Hang Seng Corporate Sustainability Benchmark Index,Inclusion,991,0991.HK,"Datang International Power Generation Co., Ltd. - H Shares",222,Inclusion,Hang Seng Corporate Sustainability Benchmark Index,unchanged,1,1,0991.HK,0991.HK,parse_ok,0991.HK,2017-09-01,2.5799999237060547,0.003891046973934831,0.01976282722596956,0.007812492724042164,-0.044444489577178836,-0.10726649479080175,7422000.0,19148759.433746338,11823735.8,13406595.7,30241539.352614366,34497663.80424181,0.017263944361425986,0.01740278557258133,yfinance_info_static_sharesOutstanding,1,1,1,15765402740.636585,0.001214606423240231
2017-09-04,Hang Seng Corporate Sustainability Benchmark Index,Inclusion,1109,1109.HK,China Resources Land Ltd.,223,Inclusion,Hang Seng Corporate Sustainability Benchmark Index,unchanged,1,1,1109.HK,1109.HK,parse_ok,1109.HK,2017-09-01,24.5,0.058315352212322535,0.016597494282109215,0.0652173913043479,-0.03353058653565377,-0.03353058653565377,12236779.0,299801085.5,15892272.15,11565223.616666667,373049963.27479637,270399243.3596001,0.01532255965358912,0.016323121529006154,yfinance_info_static_sharesOutstanding,1,1,1,174708019685.5,0.0017160121558225307
2017-09-04,Hang Seng Corporate Sustainability Benchmark Index,Inclusion,1316,1316.HK,Nexteer Automotive Group Ltd.,224,Inclusion,Hang Seng Corporate Sustainability Benchmark Index,unchanged,1,1,1316.HK,1316.HK,parse_ok,1316.HK,2017-09-01,13.0,-0.022556404994930057,0.11111112922458366,0.06557378715098938,-0.05660375530377537,-0.05660375530377537,2429000.0,31577000.0,7301677.5,5492147.45,90864053.60142627,68572904.05389096,0.022733910061944546,0.02234945470036171,yfinance_info_static_sharesOutstanding,1,1,1,32627715809.0,0.0009677968321426236
2017-09-04,Hang Seng Corporate Sustainability Benchmark Index,Inclusion,1347,1347.HK,Hua Hong Semiconductor Ltd.,225,Inclusion,Hang Seng Corporate Sustainability Benchmark Index,unchanged,1,1,1347.HK,1347.HK,parse_ok,1347.HK,2017-09-01,10.760000228881836,0.018939375124797264,-0.014652000576396595,-0.0037037001061669406,-0.12377846393662628,-0.12377846393662628,3892000.0,41877920.890808105,2066949.35,3289488.2666666666,21763695.41820445,34898432.9123607,0.022682745463255185,0.025218450724708467,yfinance_info_static_sharesOutstanding,1,1,1,14309339021.061758,0.0029266146276336353
2017-09-04,Hang Seng Corporate Sustainability Benchmark Index,Inclusion,2208,2208.HK,"Xinjiang Goldwind Science & Technology Co., Ltd. - H Shares",226,Inclusion,Hang Seng Corporate Sustainability Benchmark Index,unchanged,1,1,2208.HK,2208.HK,parse_ok,2208.HK,2017-09-01,8.296833038330078,-0.009142910770402635,-0.0236486209712653,-0.028362010889668388,-0.040929277317557244,-0.15762331697450216,4739012.0,39318791.3306427,2484866.45,2842393.933333333,20916079.872162104,23570333.730934095,0.014705274580958496,0.016642355533288113,yfinance_info_static_sharesOutstanding,1,1,1,6418201037.5634575,0.00612613894462385
2017-09-04,Hang Seng Corporate Sustainability Benchmark Index,Inclusion,2238,2238.HK,"Guangzhou Automobile Group Co., Ltd. - H Shares",227,Inclusion,Hang Seng Corporate Sustainability Benchmark Index,unchanged,1,1,2238.HK,2238.HK,parse_ok,2238.HK,2017-09-01,10.885713577270508,-0.03909210877669489,-0.010389674793590209,0.09482755395943587,-0.126146777050832,-0.126146777050832,22665134.0,246726156.9144554,27161101.2,35982588.05,298599205.996559,394828237.6166109,0.020433110958062144,0.024857847002854868,yfinance_info_static_sharesOutstanding,1,1,1,30625521555.601013,0.008056227106745627
2017-09-04,Hang Seng Corporate Sustainability Benchmark Index,Inclusion,3377,3377.HK,Sino-Ocean Group Holding Ltd.,228,Inclusion,Hang Seng Corporate Sustainability Benchmark Index,unchanged,1,1,3377.HK,3377.HK,parse_ok,3377.HK,2017-09-01,5.159999847412109,0.06611563734210191,0.2285714480341705,0.3723403884307892,-0.044444489577178836,-0.044444489577178836,16221860.0,83704795.1247406,15907612.75,12044231.033333333,74508173.4547996,51807690.7062161,0.0417502748775854,0.02859815104046877,yfinance_info_static_sharesOutstanding,1,1,1,61077365725.30305,0.0013704715999246753
2017-09-04,Hang Seng Corporate Sustainability Benchmark Index,Inclusion,3800,3800.HK,GCL-Poly Energy Holdings Ltd.,229,Inclusion,Hang Seng Corporate Sustainability Benchmark Index,unchanged,1,1,3800.HK,3800.HK,parse_ok,3800.HK,2017-09-01,0.8630549907684326,-0.02247265272653831,0.023528995956682675,0.14473696797436175,-0.07446890653859606,-0.2689078600309409,117911882.0,101764438.23099852,124217189.3,137119420.06666666,110879775.90105572,116590555.02213383,0.02478957107353499,0.027313452269957333,yfinance_info_static_sharesOutstanding,1,1,1,28223444002.975887,0.0036056704568113106
2017-09-04,Hang Seng Corporate Sustainability Benchmark Index,Inclusion,601238,601238.SH,"Guangzhou Automobile Group Co., Ltd.",230,Inclusion,Hang Seng Corporate Sustainability Benchmark Index,unchanged,1,1,601238.SH,601238.SS,parse_ok,601238.SS,2017-09-01,18.178571701049805,-0.002742904928219825,-0.019645544954291938,-0.0643382343917982,-0.09687716522659362,-0.09687716522659362,12304628.0,223680562.35274506,9695798.45,12737278.05,178358334.59142256,241067399.9111324,0.009635223266660008,0.011610977807087567,yfinance_info_static_sharesOutstanding,1,1,1,134225076149.5765,0.0016664588225189902
2017-09-04,Hang Seng Corporate Sustainability Benchmark Index,Inclusion,601991,601991.SH,"Datang International Power Generation Co., Ltd.",231,Inclusion,Hang Seng Corporate Sustainability Benchmark Index,unchanged,1,1,601991.SH,601991.SS,parse_ok,601991.SS,2017-09-01,4.809999942779541,0.014767969418037374,0.02777780324984902,0.012631566900956015,-0.010288104806842169,-0.06963251996167596,40745106.0,195983957.52854633,31068558.85,28741510.166666668,146544654.21231765,132775039.7832921,0.018417676934884594,0.01524215881184203,yfinance_info_static_sharesOutstanding,1,1,1,59625187890.550095,0.003286932326121987
2017-09-04,Hang Seng Corporate Sustainability Index,Exclusion,69,0069.HK,Shangri-La Asia Ltd.,232,Exclusion,Hang Seng Corporate Sustainability Index,unchanged,1,1,0069.HK,0069.HK,parse_ok,0069.HK,2017-09-01,13.5,0.0352760766482092,0.05965465012054172,0.05799371142981635,-0.0014793237490008382,-0.0014793237490008382,4826420.0,65156670.0,2721193.1,2417379.6666666665,35295816.69613328,31283104.06960284,0.01175931949359406,0.01088653132964002,yfinance_info_static_sharesOutstanding,1,1,1,48060583213.5,0.0013557195032476799
2017-09-04,Hang Seng Corporate Sustainability Index,Inclusion,390,0390.HK,China Railway Group Ltd. - H Shares,233,Inclusion,Hang Seng Corporate Sustainability Index,unchanged,1,1,0390.HK,0390.HK,parse_ok,0390.HK,2017-09-01,6.400000095367432,0.08474576134203637,0.04234531507093564,0.00787404590327423,-0.025875201195155628,-0.15567280213925005,51273764.0,328152094.4898472,20921126.85,19138615.3,127541657.75402579,118788329.61279984,0.012170645200505852,0.010249134417225032,yfinance_info_static_sharesOutstanding,1,1,1,26927296401.24798,0.012186596441024008
2017-09-04,Hang Seng Index,Inclusion,288,0288.HK,WH Group Ltd. 65 Commerce & Industry,234,Inclusion,Hang Seng Index,unchanged,1,1,0288.HK,0288.HK,parse_ok,0288.HK,2017-09-01,8.40999984741211,0.03444031107377743,0.1303763148832604,0.142663002017682,0.0,0.0,358744429.0,3017040593.1499443,62324817.35,40643592.88333333,505170644.02229595,319429047.4034878,0.017413437612167553,0.014989172038428403,yfinance_info_static_sharesOutstanding,1,1,1,107902144457.76385,0.02796089557173634
2017-12-04,Hang Seng China Enterprises Index,Exclusion,916,0916.HK,China Longyuan Power Group Corporation Ltd. - H Shares,235,Exclusion,Hang Seng China Enterprises Index,unchanged,1,1,0916.HK,0916.HK,parse_ok,0916.HK,2017-12-01,5.309999942779541,-0.018484271248252138,-0.07005255563837809,-0.08762890272153567,-0.153110054396701,-0.23487033155641635,92545817.0,491418282.9744859,21549262.05,16057887.55,118672374.41948187,92494532.98853356,0.012115771362935483,0.014549523966145738,yfinance_info_static_sharesOutstanding,1,1,1,17617953230.14927,0.02789304049993339
2017-12-04,Hang Seng China Enterprises Index,Inclusion,2238,2238.HK,"Guangzhou Automobile Group Co., Ltd. - H Shares",236,Inclusion,Hang Seng China Enterprises Index,unchanged,1,1,2238.HK,2238.HK,parse_ok,2238.HK,2017-12-01,14.171427726745605,-0.03689320778484939,0.02373573297340026,0.26692207763087117,-0.05748223291140875,-0.05748223291140875,107485166.0,1523218261.666254,33629812.45,30661307.233333334,485298206.51751673,421334569.72180176,0.022188631274174114,0.02426280606374232,yfinance_info_static_sharesOutstanding,1,1,1,39869445603.024284,0.03820515280881434
2017-12-04,Hang Seng Composite LargeCap & MidCap Index,Inclusion,6060,6060.HK,ZhongAn Online P & C Insurance,237,Inclusion,Hang Seng Composite LargeCap & MidCap Index,unchanged,1,1,6060.HK,6060.HK,parse_ok,6060.HK,2017-12-01,71.6500015258789,0.02724016524557582,-0.08141023684770632,,-0.2349172412337932,-0.2349172412337932,1654500.0,118544927.52456665,3343493.2,10722628.755555555,247887263.02518693,843853330.8527113,0.01876524988601448,0.04366512888307267,yfinance_info_static_sharesOutstanding,1,1,1,117134346779.52652,0.0010120424178204123
2017-12-04,Hang Seng Composite LargeCap & MidCap Index,Inclusion,6088,6088.HK,FIT Hong Teng Ltd. MidCap Information Technology,238,Inclusion,Hang Seng Composite LargeCap & MidCap Index,unchanged,1,1,6088.HK,6088.HK,parse_ok,6088.HK,2017-12-01,6.300000190734863,0.057047005102637494,0.23287671744189087,-0.11392404044571602,-0.10384068240211153,-0.12011168645318926,38698550.0,243800872.38116264,35106983.9,28146733.7,207036343.53922826,161099746.3071796,0.04692457149480522,0.047502706487452195,yfinance_info_static_sharesOutstanding,1,1,1,44604584554.02049,0.00546582542621591
2017-12-04,Hang Seng Index,Exclusion,135,0135.HK,Kunlun Energy Co. Ltd.,239,Exclusion,Hang Seng Index,unchanged,1,1,0135.HK,0135.HK,parse_ok,0135.HK,2017-12-01,6.800000190734863,0.02564103670581619,-0.05027928273034299,-0.10526312157057616,-0.12483909814321326,-0.1446540435372129,113286819.0,770350390.8077459,25392916.65,16814553.583333332,171625364.7428076,118999667.85382047,0.014543442291899859,0.013300653631760018,yfinance_info_static_sharesOutstanding,1,1,1,58842494064.88747,0.013091735879826176
2017-12-04,Hang Seng Index,Exclusion,293,0293.HK,Cathay Pacific Airways Ltd.,240,Exclusion,Hang Seng Index,unchanged,1,1,0293.HK,0293.HK,parse_ok,0293.HK,2017-12-01,10.296533584594727,-0.03273326835732693,-0.10454551448687166,0.006814206949608881,-0.11526957786107717,-0.11526957786107717,35900551.0,369651229.0769558,9097393.1,6967838.65,96411117.94691415,75001413.34257531,0.011220550108886224,0.011909039161441846,yfinance_info_static_sharesOutstanding,1,1,1,62614539075.48764,0.005903600577995263
2017-12-04,Hang Seng Index,Inclusion,2007,2007.HK,Country Garden Holdings Co. Ltd.,241,Inclusion,Hang Seng Index,unchanged,1,1,2007.HK,2007.HK,parse_ok,2007.HK,2017-12-01,12.021261215209961,-0.01679386907480762,0.059210540136448886,0.15827343351936163,-0.09550558653405272,-0.09550558653405272,317593354.0,3817872668.6486473,54421051.6,55695862.983333334,647648310.7815399,668218931.506292,0.02651209535022522,0.032893801452170246,yfinance_info_static_sharesOutstanding,1,1,1,518661921737.63776,0.007361004362645108
2017-12-04,Hang Seng Index,Inclusion,2382,2382.HK,Sunny Optical Technology (Group) Co. Ltd.,242,Inclusion,Hang Seng Index,unchanged,1,1,2382.HK,2382.HK,parse_ok,2382.HK,2017-12-01,132.0,-0.07949786877057785,0.11486485049705442,0.18279571509680137,-0.11409395973154357,-0.11409395973154357,31613224.0,4172945568.0,10120991.6,8401743.0,1388729123.2927144,1066935923.3785776,0.03542914345992439,0.03145550535950356,yfinance_info_static_sharesOutstanding,1,1,1,141658413600.0,0.02945780248381943
2018-03-05,Hang Seng China 50 Index,Exclusion,000166,000166.SZ,"Shenwan Hongyuan Group Co., Ltd.",243,Exclusion,Hang Seng China 50 Index,unchanged,1,1,000166.SZ,000166.SZ,parse_ok,000166.SZ,2018-03-02,4.989999771118164,-0.002000045776367143,-0.10892859712547232,-0.11992950547193759,-0.12456141436932933,-0.23348700527230992,14767813.0,73691383.48991585,31886304.65,30338429.616666667,166675641.45193928,163258428.3545794,0.01342857511382343,0.012002000287895541,yfinance_info_static_sharesOutstanding,1,1,1,112454358196.33163,0.0006553003784989787
2018-03-05,Hang Seng China 50 Index,Exclusion,002736,002736.SZ,"Guosen Securities Co., Ltd.",244,Exclusion,Hang Seng China 50 Index,unchanged,1,1,002736.SZ,002736.SZ,parse_ok,002736.SZ,2018-03-02,10.770000457763672,0.014124347817419336,-0.19866065520691645,-0.1300484363323412,-0.21444198192581976,-0.3060566920037606,11459027.0,123413726.03552628,20151327.0,18490705.966666665,229519840.92545885,225993131.98471394,0.035102677566889555,0.028317680906812467,yfinance_info_static_sharesOutstanding,1,1,1,110303577444.49791,0.0011188551531578844
2018-03-05,Hang Seng China 50 Index,Exclusion,1339,1339.HK,The People's Insurance Co. (Group) of China Ltd.,245,Exclusion,Hang Seng China 50 Index,unchanged,1,1,1339.HK,1339.HK,parse_ok,1339.HK,2018-03-02,4.199999809265137,-0.027777860562003376,-0.06040268313187935,0.04738143878766832,-0.11016949238156637,-0.11016949238156637,50070219.0,210294910.24986362,62633079.7,55044124.9,270446353.5962959,231989369.63713887,0.029789211434164655,0.022219807434795177,yfinance_info_static_sharesOutstanding,1,1,1,36650181135.60295,0.00573789552285671
2018-03-05,Hang Seng China 50 Index,Exclusion,1776 / 000776,1776.HK / 000776.SZ,"GF Securities Co., Ltd.",246,Exclusion,Hang Seng China 50 Index,unchanged,1,1,1776.HK,1776.HK,parse_ok,1776.HK,2018-03-02,14.739999771118164,-0.03911345342252204,-0.15675056309341406,-0.06826801166496832,-0.1918859673201323,-0.1918859673201323,9172400.0,135201173.90060425,6178384.95,7136846.133333334,95004559.52559647,117235549.66793554,0.02110482931220779,0.017001321259339387,yfinance_info_static_sharesOutstanding,1,1,1,28312535548.36464,0.0047753114047185225
2018-03-05,Hang Seng China 50 Index,Exclusion,1776 / 000776,1776.HK / 000776.SZ,"GF Securities Co., Ltd.",246,Exclusion,Hang Seng China 50 Index,unchanged,2,0,000776.SZ,000776.SZ,parse_ok,000776.SZ,2018-03-02,16.440000534057617,-0.009041568242955988,-0.1722054366157144,-0.07536558497404111,-0.18452377686064414,-0.18452377686064414,20222574.0,332459127.3600197,49098479.2,42346183.416666664,864024349.59207,761008315.9287974,0.02046635702061468,0.018133880302436782,yfinance_info_static_sharesOutstanding,1,1,1,97062573825.9425,0.003425204115812982
2018-03-05,Hang Seng China 50 Index,Inclusion,002352,002352.SZ,"S.F. Holding Co., Ltd.",248,Inclusion,Hang Seng China 50 Index,unchanged,1,1,002352.SZ,002352.SZ,parse_ok,002352.SZ,2018-03-02,50.58000183105469,0.058601990860055464,0.0009895716003520683,-0.01249510688003952,-0.04835370876843492,-0.2774285452706473,2498445.0,126371352.67478943,2272396.4,2129629.783333333,111049797.73793621,107043995.0861463,0.02323071547810103,0.017319982110808946,yfinance_info_static_sharesOutstanding,1,1,1,242755198875.23956,0.0005205711484668804
2018-03-05,Hang Seng China 50 Index,Inclusion,1336 / 601336,1336.HK / 601336.SH,New China Life Insurance Co. Ltd.,249,Inclusion,Hang Seng China 50 Index,unchanged,1,1,1336.HK,1336.HK,parse_ok,1336.HK,2018-03-02,45.0,-0.07597537381878527,-0.11678117122360143,-0.09456741832575932,-0.19999999999999996,-0.19999999999999996,12152056.0,546842520.0,10911085.65,13064928.633333333,514813812.60935766,671358503.711573,0.02297133204534372,0.024198561383334316,yfinance_info_static_sharesOutstanding,1,1,1,46534826700.0,0.011751252959968582
2018-03-05,Hang Seng China 50 Index,Inclusion,1336 / 601336,1336.HK / 601336.SH,New China Life Insurance Co. Ltd.,249,Inclusion,Hang Seng China 50 Index,unchanged,2,0,601336.SH,601336.SS,parse_ok,601336.SS,2018-03-02,52.0099983215332,-0.0557371715225794,-0.14033060625564953,-0.16757364432477995,-0.26725844094437234,-0.27481877528859155,9842771.0,511922503.1892357,16883209.6,20571109.333333332,956868081.5488964,1284226712.4426892,0.03109033136495286,0.028073044414491325,yfinance_info_static_sharesOutstanding,1,1,1,108463696573.05931,0.004719758954964377
2018-03-05,Hang Seng China 50 Index,Inclusion,2007,2007.HK,Country Garden Holdings Co. Ltd.,250,Inclusion,Hang Seng China 50 Index,unchanged,1,1,2007.HK,2007.HK,parse_ok,2007.HK,2018-03-02,13.010587692260742,-0.07313832985418556,-0.1712247737794197,0.08229806002377105,-0.24567103456703154,-0.24567103456703154,32054582.0,417048950.0497627,86327247.15,83230602.63333334,1141273244.1694646,1191434346.0189385,0.040981772946591596,0.03794912397934197,yfinance_info_static_sharesOutstanding,1,1,1,561346791704.8463,0.0007429434998339587
2018-03-05,Hang Seng China 50 Index,Inclusion,3333,3333.HK,China Evergrande Group,251,Inclusion,Hang Seng China 50 Index,unchanged,1,1,3333.HK,3333.HK,parse_ok,3333.HK,2018-03-02,22.584142684936523,-0.06391754223662183,-0.12185685606585095,-0.12859887506590373,-0.23050850563812664,-0.2805071221962,14318454.0,323370008.1637001,25268956.95,22090991.716666665,584582608.5791959,560802868.6884848,0.038184333903814364,0.03273232337004682,yfinance_info_static_sharesOutstanding,1,1,1,298207790195.8594,0.0010843781376446084
2018-03-05,Hang Seng China 50 Index,Inclusion,600019,600019.SH,"Baoshan Iron & Steel Co., Ltd.",252,Inclusion,Hang Seng China 50 Index,unchanged,1,1,600019.SH,600019.SS,parse_ok,600019.SS,2018-03-02,9.609999656677246,-0.08476193745930993,-0.01029870041986225,0.024520206762282948,-0.14425645161125955,-0.14425645161125955,140519942.0,1350396594.3763065,204086807.7,152482753.38333333,2115490750.4405987,1467418697.8997846,0.030944664827278406,0.025421795110611645,yfinance_info_static_sharesOutstanding,1,1,1,209325826959.60468,0.006451170474233472
2018-03-05,Hang Seng China 50 Index,Inclusion,600050,600050.SH,China United Network Communications Limited,253,Inclusion,Hang Seng China 50 Index,unchanged,1,1,600050.SH,600050.SS,parse_ok,600050.SS,2018-03-02,6.440000057220459,0.023847392094934472,-0.11172413003855741,-0.0747126405282259,-0.11416780273502514,-0.28761061013319056,145153769.0,934790280.6657653,195195159.7,203374025.53333333,1278584368.3318257,1370881658.2299678,0.028403438186272712,0.022089983988779344,yfinance_info_static_sharesOutstanding,1,1,1,201342900894.84476,0.004642777453345512
2018-03-05,Hang Seng China AH Index Series,Exclusion,548 / 600548,0548.HK / 600548.SH,Shenzhen Expressway Co. Ltd.,254,Exclusion,Hang Seng China AH Index Series,unchanged,1,1,0548.HK,0548.HK,parse_ok,0548.HK,2018-03-02,7.900000095367432,0.0,-0.038929460008040095,0.03403144416564441,-0.04819278146691419,-0.04819278146691419,1047155.0,8272524.599864483,1224659.85,1342594.4833333334,9648420.888992691,10611994.09530793,0.01022319734432359,0.011805747116347784,yfinance_info_static_sharesOutstanding,1,1,1,5905250071.287155,0.001400876254180602
2018-03-05,Hang Seng China AH Index Series,Exclusion,548 / 600548,0548.HK / 600548.SH,Shenzhen Expressway Co. Ltd.,254,Exclusion,Hang Seng China AH Index Series,unchanged,2,0,600548.SH,600548.SS,parse_ok,600548.SS,2018-03-02,8.630000114440918,-0.03251120620769277,-0.0700430643570894,-0.07204301747879893,-0.07403429216488988,-0.1300403177350543,1357652.0,11716536.915370941,3126654.7,2510638.7,27430293.414465047,22437541.274663877,0.019982367460838264,0.012870514208735449,yfinance_info_static_sharesOutstanding,1,1,1,15450773580.899998,0.0007583139351582201
2018-03-05,Hang Seng China AH Index Series,Exclusion,1065 / 600874,1065.HK / 600874.SH,Tianjin Capital Environmental Protection Group Co. Ltd.,255,Exclusion,Hang Seng China AH Index Series,unchanged,1,1,1065.HK,1065.HK,parse_ok,1065.HK,2018-03-02,4.570000171661377,-0.010822449163687464,-0.02765949848497673,0.04816514488904411,-0.06352457694871516,-0.19683653326819073,940000.0,4295800.161361694,1147905.0,1494223.9666666666,5121285.235931873,6893805.701290576,0.0190080384598319,0.01763894424262708,yfinance_info_static_sharesOutstanding,1,1,1,1553800058.3648682,0.0027647058823529413
2018-03-05,Hang Seng China AH Index Series,Exclusion,1065 / 600874,1065.HK / 600874.SH,Tianjin Capital Environmental Protection Group Co. Ltd.,255,Exclusion,Hang Seng China AH Index Series,unchanged,2,0,600874.SH,600874.SS,parse_ok,600874.SS,2018-03-02,12.279999732971191,0.06968643054309931,-0.09037039015028214,-0.07669176264179545,-0.1899736242367146,-0.502632666369041,29723666.0,365006610.5429249,16984078.85,20622929.066666666,197939564.54862636,271426213.4987289,0.0377436720196993,0.03176102823665146,yfinance_info_static_sharesOutstanding,1,1,1,15109533755.242924,0.024157370866342558
2018-03-05,Hang Seng China AH Index Series,Inclusion,1513 / 000513,1513.HK / 000513.SZ,Livzon Pharmaceutical Group Inc.,256,Inclusion,Hang Seng China AH Index Series,unchanged,1,1,1513.HK,1513.HK,parse_ok,1513.HK,2018-03-02,35.177513122558594,-0.030179511317040664,-0.07972144070665332,0.05971473027853569,-0.12444772240501456,-0.12444772240501456,814877.0,28665346.36077118,849136.1,1116660.6166666667,29976823.93456154,40800349.00067644,0.026222567474031032,0.024088119517735672,yfinance_info_static_sharesOutstanding,1,1,1,10546468792.50396,0.002718004189340175
2018-03-05,Hang Seng China AH Index Series,Inclusion,1513 / 000513,1513.HK / 000513.SZ,Livzon Pharmaceutical Group Inc.,256,Inclusion,Hang Seng China AH Index Series,unchanged,2,0,000513.SZ,000513.SZ,parse_ok,000513.SZ,2018-03-02,41.597633361816406,0.015162498967807636,-0.07621552127558273,0.13790870325259585,-0.10662090877891606,-0.10662090877891606,6675457.0,277683212.80857086,8435037.9,10378401.2,346963540.759128,434700988.32329255,0.030998892865870355,0.027548376978200402,yfinance_info_static_sharesOutstanding,1,1,1,24463570426.35643,0.01135088656189785
2018-03-05,Hang Seng China AH Index Series,Inclusion,3958 / 600958,3958.HK / 600958.SH,Orient Securities Company Limited,257,Inclusion,Hang Seng China AH Index Series,unchanged,1,1,3958.HK,3958.HK,parse_ok,3958.HK,2018-03-02,7.550000190734863,-0.007884355023241252,-0.13018434040458637,-0.016927036524671646,-0.1507311699480821,-0.1507311699480821,2383200.0,17993160.454559326,4138969.0,4323337.75,32240618.75039501,34847562.723252125,0.023934817404245176,0.02129709926550761,yfinance_info_static_sharesOutstanding,1,1,1,7755076527.315685,0.0023201783233449814
2018-03-05,Hang Seng China AH Index Series,Inclusion,3958 / 600958,3958.HK / 600958.SH,Orient Securities Company Limited,257,Inclusion,Hang Seng China AH Index Series,unchanged,2,0,600958.SH,600958.SS,parse_ok,600958.SS,2018-03-02,13.040535926818848,0.0037792594756766995,-0.11111110388824408,-0.1487179432905411,-0.15789475304853773,-0.21559363254908337,9948012.0,129727407.88642502,21379798.5,21599234.05,297321748.30663735,307895601.49212843,0.01553734484039301,0.01509811863108324,yfinance_info_static_sharesOutstanding,1,1,1,97406059642.74974,0.0013318207138469445
2018-03-05,Hang Seng China Enterprises Index,Exclusion,1186,1186.HK,China Railway Construction Corporation Ltd. - H Shares,258,Exclusion,Hang Seng China Enterprises Index,unchanged,1,1,1186.HK,1186.HK,parse_ok,1186.HK,2018-03-02,8.270000457763672,-0.028202087504491047,-0.1303890369373798,-0.10010872302795659,-0.1517948248447516,-0.30033835268329423,80409782.0,664988933.9486771,19575381.3,14493507.5,166776835.6692174,130090104.30307344,0.016776645315564144,0.013528552417207847,yfinance_info_static_sharesOutstanding,1,1,1,17170968870.45288,0.03872751380342687
2018-03-05,Hang Seng China Enterprises Index,Inclusion,267,0267.HK,CITIC Ltd.,259,Inclusion,Hang Seng China Enterprises Index,unchanged,1,1,0267.HK,0267.HK,parse_ok,0267.HK,2018-03-02,11.180000305175781,-0.026132338765068153,-0.09400322796339988,0.012681190562183309,-0.12106917684937657,-0.12106917684937657,37123413.0,415039768.66916656,15156970.5,12256137.1,171615017.10715133,141938521.22120517,0.0177390507613579,0.013857205020921845,yfinance_info_static_sharesOutstanding,1,1,1,325229145081.04364,0.0012761456805039507
2018-03-05,Hang Seng China Enterprises Index,Inclusion,270,0270.HK,Guangdong Investment Ltd.,260,Inclusion,Hang Seng China Enterprises Index,unchanged,1,1,0270.HK,0270.HK,parse_ok,0270.HK,2018-03-02,11.84000015258789,0.0033898272208872093,0.017182113691248002,0.09629629106351545,-0.03109657169699165,-0.03109657169699165,20929192.0,247801636.47354126,9837416.75,8791090.75,114486522.42643318,97938212.3523142,0.021582437719035445,0.015429535104507326,yfinance_info_static_sharesOutstanding,1,1,1,77407806847.19238,0.0032012486410151943
2018-03-05,Hang Seng China Enterprises Index,Inclusion,384,0384.HK,China Gas Holdings Ltd.,261,Inclusion,Hang Seng China Enterprises Index,unchanged,1,1,0384.HK,0384.HK,parse_ok,0384.HK,2018-03-02,24.25,-0.030000000000000027,0.058951982705594874,0.0,-0.0376984418324533,-0.0376984418324533,9921162.0,240588178.5,6055012.05,7383481.716666667,143907974.6393302,169214685.115684,0.01935375054516044,0.023877823454606987,yfinance_info_static_sharesOutstanding,1,1,1,132117703969.25,0.0018210139237357333
2018-03-05,Hang Seng China Enterprises Index,Inclusion,700,0700.HK,Tencent Holdings Ltd.,262,Inclusion,Hang Seng China Enterprises Index,unchanged,1,1,0700.HK,0700.HK,parse_ok,0700.HK,2018-03-02,401.9294128417969,-0.03837673568519695,-0.05953407944089706,0.13246753224419305,-0.08133162598103238,-0.08133162598103238,28086272.0,11288698813.875,34583761.9,29401488.266666666,13686785945.636936,11468620929.080969,0.02770412074590733,0.02272158344288459,yfinance_info_static_sharesOutstanding,1,1,1,3632195517823.0684,0.0031079546127078545
2018-03-05,Hang Seng China Enterprises Index,Inclusion,883,0883.HK,CNOOC Ltd.,263,Inclusion,Hang Seng China Enterprises Index,unchanged,1,1,0883.HK,0883.HK,parse_ok,0883.HK,2018-03-02,11.100000381469727,-0.03812821333082983,-0.08866994225337732,0.037383231713539855,-0.1395348287045628,-0.1395348287045628,132154068.0,1466910205.2127762,85138579.0,77888617.73333333,979066718.6155255,911949245.3166862,0.023299743324264956,0.018867979681957466,yfinance_info_static_sharesOutstanding,1,1,1,494393506213.04407,0.002967090357737537
2018-03-05,Hang Seng China Enterprises Index,Inclusion,941,0941.HK,China Mobile Ltd.,264,Inclusion,Hang Seng China Enterprises Index,unchanged,1,1,0941.HK,0941.HK,parse_ok,0941.HK,2018-03-02,72.5999984741211,-0.028762562219115773,-0.1210653775391175,-0.07868025809040136,-0.12318845654221477,-0.19645822135884294,47783592.0,3469088706.288025,21064358.25,17986902.45,1582675124.7715168,1398123402.7820795,0.01068748264219549,0.009729258542712484,yfinance_info_static_sharesOutstanding,1,1,1,1503457874980.0994,0.002307406655031119
2018-03-05,Hang Seng China Enterprises Index,Inclusion,1044,1044.HK,Hengan International Group Co. Ltd.,265,Inclusion,Hang Seng China Enterprises Index,unchanged,1,1,1044.HK,1044.HK,parse_ok,1044.HK,2018-03-02,76.5999984741211,0.0013071695963542407,0.02133331298828134,0.007894716764751175,-0.13201134873517173,-0.13201134873517173,4781314.0,366248645.1042938,3505010.95,4040978.55,262888410.17363054,316619047.62177265,0.01393986775333601,0.01664456026217493,yfinance_info_static_sharesOutstanding,1,1,1,87141760506.32825,0.004202906195333256
2018-03-05,Hang Seng China Enterprises Index,Inclusion,1093,1093.HK,CSPC Pharmaceutical Group Ltd.,266,Inclusion,Hang Seng China Enterprises Index,unchanged,1,1,1093.HK,1093.HK,parse_ok,1093.HK,2018-03-02,9.239583015441895,0.012557042788152728,0.021889437619358798,0.14451617979115583,-0.05032116975779688,-0.05032116975779688,72013407.0,665373852.2013044,43075894.6,40075710.483333334,380288622.7845877,352331471.19578797,0.02698327989135117,0.02349242504906059,yfinance_info_static_sharesOutstanding,1,1,1,105538691017.69205,0.006304549031120388
2018-03-05,Hang Seng China Enterprises Index,Inclusion,1109,1109.HK,China Resources Land Ltd.,267,Inclusion,Hang Seng China Enterprises Index,unchanged,1,1,1109.HK,1109.HK,parse_ok,1109.HK,2018-03-02,27.450000762939453,-0.08040199624319422,-0.12019230475322273,0.20925109428872624,-0.15146825169409117,-0.15146825169409117,26675026.0,732229484.0514297,22142271.6,19607091.333333332,644330413.5190403,540416083.6085767,0.03217916068192553,0.026499575210360404,yfinance_info_static_sharesOutstanding,1,1,1,195744296884.02515,0.0037407449193028706
2018-03-05,Hang Seng China Enterprises Index,Inclusion,2313,2313.HK,Shenzhou International Group Holdings Ltd.,268,Inclusion,Hang Seng China Enterprises Index,unchanged,1,1,2313.HK,2313.HK,parse_ok,2313.HK,2018-03-02,75.80000305175781,-0.051907367791033,-0.061300271804856865,0.03835620618846325,-0.07785880941716061,-0.07785880941716061,4539201.0,344071449.6525421,2428124.1,2104601.966666667,184102605.3961254,159444398.93819758,0.027335557219087588,0.022280057435963584,yfinance_info_static_sharesOutstanding,1,1,1,113914973158.8915,0.0030204233922139674
2018-03-05,Hang Seng China Enterprises Index,Inclusion,6060,6060.HK,"ZhongAn Online P & C Insurance Co., Ltd. - H Shares",269,Inclusion,Hang Seng China Enterprises Index,unchanged,1,1,6060.HK,6060.HK,parse_ok,6060.HK,2018-03-02,68.80000305175781,-0.002898506496263553,-0.0185448709081385,-0.03977667011063102,-0.08021390047067656,-0.26534968573656814,11813070.0,812739252.0506287,2206890.7,2113863.183333333,148639438.98124465,146406754.34890988,0.01819842278827475,0.01733376062166995,yfinance_info_static_sharesOutstanding,1,1,1,112475132509.05304,0.0072259461617901356
2018-03-05,Hang Seng Composite LargeCap & MidCap Index,Exclusion,41,0041.HK,Great Eagle Holdings Ltd.,270,Exclusion,Hang Seng Composite LargeCap & MidCap Index,unchanged,1,1,0041.HK,0041.HK,parse_ok,0041.HK,2018-03-02,39.45000076293945,0.0,-0.038976821044044985,-0.04939757197736261,-0.06294531608618936,-0.10746606149343674,206998.0,8166071.257926941,221450.4,164864.85,8826386.718712997,6678490.722881953,0.014601304247570026,0.01224086690985155,yfinance_info_static_sharesOutstanding,1,1,1,29545854981.64919,0.0002763863581879372
2018-03-05,Hang Seng Composite LargeCap & MidCap Index,Exclusion,861,0861.HK,Digital China Holdings Ltd.,272,Exclusion,Hang Seng Composite LargeCap & MidCap Index,unchanged,1,1,0861.HK,0861.HK,parse_ok,0861.HK,2018-03-02,4.409999847412109,0.00227267086998606,-0.0556745663028273,0.06265054122165226,-0.16949154521013476,-0.34821559957083503,612000.0,2698919.906616211,1232680.4,2910805.683333333,5361605.361641407,13926419.71370986,0.025161287137323754,0.02631792611505038,yfinance_info_static_sharesOutstanding,1,1,1,7380608316.887779,0.00036567716246921486
2018-03-05,Hang Seng Composite LargeCap & MidCap Index,Exclusion,1315,1315.HK,Vision Fame International Holding Ltd.,274,Exclusion,Hang Seng Composite LargeCap & MidCap Index,unchanged,1,1,1315.HK,1315.HK,parse_ok,1315.HK,2018-03-02,7.03448486328125,-0.09638567352857474,-0.025974160596385132,0.013513481947879269,-0.10714296089639741,-0.7641509729574283,820742.0,5773497.17565918,698398.1,864139.7,5046518.340729189,6073488.333931287,0.04711919302741624,0.04291038729579927,yfinance_info_static_sharesOutstanding,1,1,1,4374579538.769592,0.0013197833356307087
2018-03-05,Hang Seng Composite LargeCap & MidCap Index,Exclusion,2199,2199.HK,Regina Miracle International (Holdings) Ltd.,275,Exclusion,Hang Seng Composite LargeCap & MidCap Index,unchanged,1,1,2199.HK,2199.HK,parse_ok,2199.HK,2018-03-02,6.800000190734863,0.001472787767013095,-0.03409087676400968,-0.0993377458348117,-0.12932135204154993,-0.13705582589102283,412000.0,2801600.0785827637,450200.0,418240.35,3118279.9970149994,3081479.9866901636,0.025748156329078616,0.01768787642416253,yfinance_info_static_sharesOutstanding,1,1,1,8324900233.507156,0.0003365325709618134
2018-03-05,Hang Seng Composite LargeCap & MidCap Index,Exclusion,2329,2329.HK,Guorui Properties Ltd.,276,Exclusion,Hang Seng Composite LargeCap & MidCap Index,unchanged,1,1,2329.HK,2329.HK,parse_ok,2329.HK,2018-03-02,2.180000066757202,-0.05217386436822857,-0.06437762311608386,0.08457715278633637,-0.1279999732971191,-0.1865671595318278,526000.0,1146680.0351142883,466200.0,902966.6666666666,1029338.5085463524,2026720.5071369808,0.03924841454218378,0.02679127991196226,yfinance_info_static_sharesOutstanding,1,1,1,9688831506.17691,0.00011835070455949685
2018-03-05,Hang Seng Composite LargeCap & MidCap Index,Exclusion,2888,2888.HK,Standard Chartered PLC,277,Exclusion,Hang Seng Composite LargeCap & MidCap Index,unchanged,1,1,2888.HK,2888.HK,parse_ok,2888.HK,2018-03-02,85.55000305175781,-0.05312667961735651,-0.05260243454562685,0.10102968354998398,-0.08795308882290487,-0.08795308882290487,1876045.0,160495655.475235,1937483.0,1798372.35,170476250.39715308,154862729.74367562,0.017085973310320413,0.013340928956471243,yfinance_info_static_sharesOutstanding,1,1,1,189151660901.55807,0.0008485024911241102
2018-03-05,Hang Seng Composite LargeCap & MidCap Index,Exclusion,3331,3331.HK,Vinda International Holdings Ltd.,278,Exclusion,Hang Seng Composite LargeCap & MidCap Index,unchanged,1,1,3331.HK,3331.HK,parse_ok,3331.HK,2018-03-02,15.359999656677246,0.011857664550908531,0.04632148074695297,-0.01538466146946782,-0.05418719992877974,-0.05418719992877974,216345.0,3323059.125723839,317484.0,215804.86666666667,4818662.936337662,3301606.2501932303,0.010383447849667217,0.011977898950511344,yfinance_info_static_sharesOutstanding,1,1,1,18482533741.12317,0.00017979456562982577
2018-03-05,Hang Seng Composite LargeCap & MidCap Index,Exclusion,3698,3698.HK,Huishang Bank Corporation Ltd. - H shares,279,Exclusion,Hang Seng Composite LargeCap & MidCap Index,unchanged,1,1,3698.HK,3698.HK,parse_ok,3698.HK,2018-03-02,3.7181808948516846,-0.04662030668453543,-0.053240820139516476,0.035442805844145386,-0.09911903587041648,-0.09911903587041648,146300.0,543969.8649168015,669775.85,822847.6,2561410.987883425,3174232.154651785,0.017262545882914412,0.01904606131891074,yfinance_info_static_sharesOutstanding,1,1,1,12934621787.965298,4.205533596837945e-05
2018-03-05,Hang Seng Composite LargeCap & MidCap Index,Inclusion,45,0045.HK,"The Hongkong and Shanghai Hotels, Ltd.",280,Inclusion,Hang Seng Composite LargeCap & MidCap Index,unchanged,1,1,0045.HK,0045.HK,parse_ok,0045.HK,2018-03-02,12.100000381469727,0.008333365122477288,0.006655567442543919,0.09403254271206163,-0.04874212834461711,-0.2399497284244665,974335.0,11789453.871679306,696516.7,987390.2833333333,8104457.482703781,11582230.456955433,0.019391525523582143,0.01633454310782021,yfinance_info_static_sharesOutstanding,1,1,1,20169972820.88709,0.0005845051937536918
2018-03-05,Hang Seng Composite LargeCap & MidCap Index,Inclusion,87,0087.HK,Swire Pacific Ltd. 'B',281,Inclusion,Hang Seng Composite LargeCap & MidCap Index,unchanged,1,1,0087.HK,0087.HK,parse_ok,0087.HK,2018-03-02,13.479999542236328,0.019667115730395812,0.00447089907610132,0.04012341840731248,-0.008823590872607756,-0.05865922978277005,278340.0,3752023.0725860596,1586877.6,3825218.8833333333,20730517.696635485,48639298.08396244,0.011127037090574233,0.011076725991719225,yfinance_info_static_sharesOutstanding,1,1,1,38403608795.8622,9.76997524511374e-05
2018-03-05,Hang Seng Composite LargeCap & MidCap Index,Inclusion,127,0127.HK,Chinese Estates Holdings Ltd.,282,Inclusion,Hang Seng Composite LargeCap & MidCap Index,unchanged,1,1,0127.HK,0127.HK,parse_ok,0127.HK,2018-03-02,12.319999694824219,-0.0064516069489635175,-0.0638297995689624,-0.014400024414062518,-0.10982662145993205,-0.1830238887828548,1362000.0,16779839.584350586,2075828.0,1654153.2833333334,26067436.553929947,21421936.704660513,0.024748874233964244,0.017672605659312834,yfinance_info_static_sharesOutstanding,1,1,1,23501866471.120857,0.0007139790197076342
2018-03-05,Hang Seng Composite LargeCap & MidCap Index,Inclusion,582,0582.HK,Landing International Development Ltd.,283,Inclusion,Hang Seng Composite LargeCap & MidCap Index,unchanged,1,1,0582.HK,0582.HK,parse_ok,0582.HK,2018-03-02,139.67135620117188,-0.02857146495763485,-0.02857146495763485,0.0,-0.09333339936755725,-0.13924054203901826,1634341.0,228270623.96517944,760618.6,761909.3666666667,102974880.20185928,102454729.63729833,0.037000434881561156,0.0410964104604433,yfinance_info_static_sharesOutstanding,1,1,1,510007357325.9548,0.00044758300186498607
2018-03-05,Hang Seng Composite LargeCap & MidCap Index,Inclusion,754,0754.HK,Hopson Development Holdings Ltd.,284,Inclusion,Hang Seng Composite LargeCap & MidCap Index,unchanged,1,1,0754.HK,0754.HK,parse_ok,0754.HK,2018-03-02,4.246066093444824,-0.02864599213002894,-0.09245753821690428,0.006747454625315008,-0.14449558780437421,-0.2840691701095156,1117401.0,4744558.49888134,2002519.4,1951394.2,8526048.174600601,8744826.010836752,0.028428857637854313,0.02613854703622506,yfinance_info_static_sharesOutstanding,1,1,1,16103379748.099327,0.0002946312248173454
2018-03-05,Hang Seng Composite LargeCap & MidCap Index,Inclusion,772,0772.HK,China Literature Ltd.,285,Inclusion,Hang Seng Composite LargeCap & MidCap Index,unchanged,1,1,0772.HK,0772.HK,parse_ok,0772.HK,2018-03-02,76.1500015258789,-0.04931332114217657,-0.06045652487822617,-0.14438200532720336,-0.150111575639445,-0.267788446866549,992455.0,75575449.76436615,1965368.2,2336480.816666667,151789497.35206413,192197745.73293635,0.019560391210434323,0.024443405667163687,yfinance_info_static_sharesOutstanding,1,1,1,77785341617.69754,0.00097158986761037
2018-03-05,Hang Seng Composite LargeCap & MidCap Index,Inclusion,1030,1030.HK,Future Land Development Holdings Ltd.,286,Inclusion,Hang Seng Composite LargeCap & MidCap Index,unchanged,1,1,1030.HK,1030.HK,parse_ok,1030.HK,2018-03-02,6.190000057220459,-0.019017414682609757,-0.1908496758099515,0.3786192366951806,-0.24512192668267985,-0.24512192668267985,13780295.0,85300026.8385148,30838663.75,34766247.8,192416069.95148578,218167920.9248688,0.04446769651215315,0.04622600787163816,yfinance_info_static_sharesOutstanding,1,1,1,44825400812.336716,0.0019029395229643719
2018-03-05,Hang Seng Composite LargeCap & MidCap Index,Inclusion,1141,1141.HK,CMBC Capital Holdings Ltd.,287,Inclusion,Hang Seng Composite LargeCap & MidCap Index,unchanged,1,1,1141.HK,1141.HK,parse_ok,1141.HK,2018-03-02,24.0,-0.09090907777308088,0.05263161417079765,-0.04761907645273733,-0.10447758644666494,-0.17808221325594198,536817.0,12883608.0,747751.5,901960.5833333334,18124724.045495797,20792978.74692513,0.03687980794097729,0.03474326824075084,yfinance_info_static_sharesOutstanding,1,1,1,26327248632.0,0.0004893640114121288
2018-03-05,Hang Seng Composite LargeCap & MidCap Index,Inclusion,1269,1269.HK,China First Capital Group Ltd.,288,Inclusion,Hang Seng Composite LargeCap & MidCap Index,unchanged,1,1,1269.HK,1269.HK,parse_ok,1269.HK,2018-03-02,16.600000381469727,0.08143322273196674,0.1408934820523411,-0.06741566893398276,-0.056818180586680866,-0.15089508801609397,610400.0,10132640.232849121,851400.0,791930.8666666667,12874158.056144714,11951201.921078173,0.018175006517841704,0.01942166659114712,yfinance_info_static_sharesOutstanding,1,1,1,30676800704.956055,0.0003303030303030303
2018-03-05,Hang Seng Composite LargeCap & MidCap Index,Inclusion,1378,1378.HK,China Hongqiao Group Ltd.,289,Inclusion,Hang Seng Composite LargeCap & MidCap Index,unchanged,1,1,1378.HK,1378.HK,parse_ok,1378.HK,2018-03-02,8.619999885559082,-0.07212056825028279,-0.1362725169396647,0.020118352678250462,-0.23445828504969013,-0.31911532468769044,3545500.0,30562209.594249725,5149921.25,18695720.233333334,46978128.288855694,182979457.17764962,0.03522700011077074,0.03564947221252727,yfinance_info_static_sharesOutstanding,1,1,1,85536688493.81706,0.00035729942475454707
2018-03-05,Hang Seng Composite LargeCap & MidCap Index,Inclusion,1628,1628.HK,Yuzhou Properties Co. Ltd.,290,Inclusion,Hang Seng Composite LargeCap & MidCap Index,unchanged,1,1,1628.HK,1628.HK,parse_ok,1628.HK,2018-03-02,38.81220626831055,-0.02161095907904531,-0.1384083279397691,0.28020564549970217,-0.17138102578703596,-0.17138102578703596,2085961.0,80960748.59965134,1845027.7,2342531.183333333,73538546.99791546,90884661.33812778,0.03215582407684375,0.031560834359581055,yfinance_info_static_sharesOutstanding,1,1,1,57711986512.14186,0.0014028411339231624
2018-03-05,Hang Seng Composite LargeCap & MidCap Index,Inclusion,1638,1638.HK,Kaisa Group Holdings Ltd.,291,Inclusion,Hang Seng Composite LargeCap & MidCap Index,unchanged,1,1,1638.HK,1638.HK,parse_ok,1638.HK,2018-03-02,3.9909260272979736,-0.026066371392045817,-0.17469886824513214,-0.059496685148805906,-0.23747690905493035,-0.3828829885009163,9018170.0,35990849.37159777,15031097.05,24960432.45,62050469.574426495,109919769.54322714,0.03806051209078144,0.03761304158351593,yfinance_info_static_sharesOutstanding,1,1,1,38357819539.656975,0.0009382923691579479
2018-03-05,Hang Seng Composite LargeCap & MidCap Index,Inclusion,2196,2196.HK,"Shanghai Fosun Pharmaceutical (Group) Co., Ltd. - H Shares",292,Inclusion,Hang Seng Composite LargeCap & MidCap Index,unchanged,1,1,2196.HK,2196.HK,parse_ok,2196.HK,2018-03-02,45.45000076293945,-0.011956505153490116,0.0,0.20557028761703755,-0.1251203061509294,-0.1251203061509294,2223155.0,101042396.44613266,3472032.75,3571904.6166666667,152637275.70062047,164431227.11944428,0.02981536337440704,0.030865191798305363,yfinance_info_static_sharesOutstanding,1,1,1,25085696146.097183,0.004027888875703088
2018-03-05,Hang Seng Composite LargeCap & MidCap Index,Inclusion,2232,2232.HK,Crystal International Group Ltd.,293,Inclusion,Hang Seng Composite LargeCap & MidCap Index,unchanged,1,1,2232.HK,2232.HK,parse_ok,2232.HK,2018-03-02,8.210000038146973,0.013580203888494902,-0.002430073536057731,0.16124467309846002,-0.05740528103446185,-0.05740528103446185,2575500.0,21144855.098247528,2458225.35,2426794.033333333,19664923.492893744,19399067.971426185,0.024492708843733658,0.02143232888814151,yfinance_info_static_sharesOutstanding,1,1,1,23421668728.826523,0.0009027902897551968
2018-03-05,Hang Seng Composite LargeCap & MidCap Index,Inclusion,2858,2858.HK,Yixin Group Ltd.,294,Inclusion,Hang Seng Composite LargeCap & MidCap Index,unchanged,1,1,2858.HK,2858.HK,parse_ok,2858.HK,2018-03-02,5.940000057220459,-0.04193544516826275,-0.07187500488944343,-0.1538461433960736,-0.16690042610381783,-0.26847288904715605,4634000.0,27525960.265159607,7034974.45,10066138.916666666,42212744.2984844,64973234.48969044,0.026473157535183915,0.026691779189493493,yfinance_info_static_sharesOutstanding,1,1,1,40315841872.30548,0.0006827579181490008
2018-03-05,Hang Seng Composite LargeCap & MidCap Index,Inclusion,3993,3993.HK,"China Molybdenum Co., Ltd. - H Shares",295,Inclusion,Hang Seng Composite LargeCap & MidCap Index,unchanged,1,1,3993.HK,3993.HK,parse_ok,3993.HK,2018-03-02,6.21999979019165,-0.031152692169086116,0.03322255978385491,0.3094736400403475,-0.07851854960123694,-0.07851854960123694,72795230.0,452786315.32695293,90077771.25,71854927.58333333,533056516.38969576,401544892.28189963,0.04721681231988087,0.035973364373098934,yfinance_info_static_sharesOutstanding,1,1,1,24466170134.72557,0.018506628247643046
2018-03-05,Hang Seng Index,Exclusion,4,0004.HK,The Wharf (Holdings) Ltd.,296,Exclusion,Hang Seng Index,unchanged,1,1,0004.HK,0004.HK,parse_ok,0004.HK,2018-03-02,29.200000762939453,0.010380662573324928,-0.08892351144974564,0.14509806913488044,-0.12443771817266958,-0.12443771817266958,43068694.0,1257605897.6588058,9296505.4,9336691.383333333,272888857.75722945,271954102.8762417,0.020559941164364454,0.0198262613164504,yfinance_info_static_sharesOutstanding,1,1,1,89236000279.96382,0.014093033010368758
2018-06-04,Hang Seng China Enterprises Index,Exclusion,3898,3898.HK,"Zhuzhou CRRC Times Electric Co., Ltd. - H Shares",297,Exclusion,Hang Seng China Enterprises Index,unchanged,1,1,3898.HK,3898.HK,parse_ok,3898.HK,2018-06-01,39.650001525878906,0.021907275915780566,-0.030562346048057742,-0.07359807867599344,-0.09371425083705354,-0.25469923012670026,18162600.0,720147117.7139282,3160478.0,2892941.3,126192102.18066788,115661317.5572216,0.016026761313402235,0.01817139364992053,yfinance_info_static_sharesOutstanding,1,1,1,19379215795.783997,0.03716079769701508
2018-06-04,Hang Seng China Enterprises Index,Inclusion,2799,2799.HK,"China Huarong Asset Management Co., Ltd. - H Shares",298,Inclusion,Hang Seng China Enterprises Index,unchanged,1,1,2799.HK,2799.HK,parse_ok,2799.HK,2018-06-01,2.609999895095825,-0.04744529707607459,-0.050909129056063596,-0.2521490292367442,-0.30026812821729254,-0.3618582401654963,303186010.0,791315454.2945218,61975109.6,64216900.95,167066492.58350748,187508994.99833325,0.013163000454437024,0.02470144309134769,yfinance_info_static_sharesOutstanding,1,1,1,92295498231.15115,0.00857371669756522
2018-06-04,Hang Seng Composite LargeCap & MidCap Index,Inclusion,6158,6158.HK,Zhenro Properties Group Limited MidCap Properties & Construction,299,Inclusion,Hang Seng Composite LargeCap & MidCap Index,unchanged,1,1,6158.HK,6158.HK,parse_ok,6158.HK,2018-06-01,4.909999847412109,-0.012072423604111981,0.008213544721353827,0.07205238628891175,-0.048449613835818695,-0.19243422548939337,7012000.0,34428918.93005371,5741850.0,4002867.6166666667,27960721.205234528,19465203.198498726,0.011865212608490534,0.016381279964153093,yfinance_info_static_sharesOutstanding,1,1,1,21445681293.533325,0.0016054010343068614
2018-06-04,Hang Seng Index,Exclusion,992,0992.HK,Lenovo Group Ltd.,300,Exclusion,Hang Seng Index,unchanged,1,1,0992.HK,0992.HK,parse_ok,0992.HK,2018-06-01,4.159999847412109,-0.004784684628674429,0.1243242685946353,0.01960782480441492,-0.00952380087370197,-0.19223305429564075,212561907.0,884257500.685627,66464812.35,46363384.55,264573134.70123512,184095796.93996638,0.020572976959575197,0.017353421805373782,yfinance_info_static_sharesOutstanding,1,1,1,51603380803.5192,0.017135650550735296
2018-06-04,Hang Seng Index,Inclusion,1093,1093.HK,CSPC Pharmaceutical Group Ltd.,301,Inclusion,Hang Seng Index,unchanged,1,1,1093.HK,1093.HK,parse_ok,1093.HK,2018-06-01,12.890625,-0.01394417515213442,0.2424698795180722,0.39515224642239866,-0.04990400844942133,-0.04990400844942133,290684144.0,3747100293.75,100383993.65,71025558.93333334,1222259234.0775049,810420374.6189005,0.028207543397859625,0.029006137414026238,yfinance_info_static_sharesOutstanding,1,1,1,147242541857.8125,0.025448489590518323
2018-09-10,Hang Seng (China A) Corporate Sustainability Benchmark Index,Exclusion,000001,000001.SZ,"Ping An Bank Co., Ltd.",302,Exclusion,Hang Seng (China A) Corporate Sustainability Benchmark Index,unchanged,1,1,000001.SZ,000001.SZ,parse_ok,000001.SZ,2018-09-07,10.010000228881836,-0.01184599054327895,0.08450712083746459,-0.005958239102352825,-0.04026846251246263,-0.3370860943046192,80903534.0,809844393.8573494,106644043.45,95421461.2,1047946058.6391544,898395840.3700238,0.023616655017145816,0.02152872753173385,yfinance_info_static_sharesOutstanding,1,1,1,194253245603.64218,0.004169013451182022
2018-09-10,Hang Seng (China A) Corporate Sustainability Benchmark Index,Exclusion,000063,000063.SZ,ZTE Corporation,303,Exclusion,Hang Seng (China A) Corporate Sustainability Benchmark Index,unchanged,1,1,000063.SZ,000063.SZ,parse_ok,000063.SZ,2018-09-07,18.09000015258789,-0.05238344641209636,0.24758621741985443,-0.2866719354413647,-0.20727430348341036,-0.5494396148172527,175397123.0,3172933981.833477,219164540.95,198502461.16666666,3830357028.9201636,3072410518.4857693,0.03692215668275226,0.05387794642859465,yfinance_info_static_sharesOutstanding,1,1,1,72867105880.39896,0.043544119716259884
2018-09-10,Hang Seng (China A) Corporate Sustainability Benchmark Index,Exclusion,002024,002024.SZ,"Suning.com Co., Ltd.",304,Exclusion,Hang Seng (China A) Corporate Sustainability Benchmark Index,unchanged,1,1,002024.SZ,002024.SZ,parse_ok,002024.SZ,2018-09-07,12.390000343322754,0.0008077729232143227,-0.013535037469300737,-0.19649803618544626,-0.14903846248316743,-0.23847572251231686,24712067.0,306182518.6142149,31347554.5,45176912.68333333,386079826.25283873,590389932.9639928,0.015577081150519062,0.026240075082143512,yfinance_info_static_sharesOutstanding,1,1,1,114790473967.82553,0.002667316442129461
2018-09-10,Hang Seng (China A) Corporate Sustainability Benchmark Index,Exclusion,600000,600000.SH,"Shanghai Pudong Development Bank Co., Ltd.",305,Exclusion,Hang Seng (China A) Corporate Sustainability Benchmark Index,unchanged,1,1,600000.SH,600000.SS,parse_ok,600000.SS,2018-09-07,10.1899995803833,-0.013552792290101645,0.011916572909208778,-0.0029354878533902617,-0.017357792397514227,-0.2534798633583786,8995716.0,91666342.26524734,18583291.25,20078757.15,189072630.09301177,198223427.31634426,0.012290415298954804,0.013563013009795793,yfinance_info_static_sharesOutstanding,1,1,1,339386478301.3141,0.00027009426752666366
2018-09-10,Hang Seng (China A) Corporate Sustainability Benchmark Index,Exclusion,600036,600036.SH,"China Merchants Bank Co., Ltd.",306,Exclusion,Hang Seng (China A) Corporate Sustainability Benchmark Index,unchanged,1,1,600036.SH,600036.SS,parse_ok,600036.SS,2018-09-07,28.170000076293945,-0.004241811076348689,-0.009493686803568768,-0.014000686832444709,-0.0282856054259496,-0.19260531472947684,39719587.0,1118900768.820364,34849311.75,42137207.88333333,965982319.9317433,1153348653.9972513,0.017507853711828347,0.019823890834241065,yfinance_info_static_sharesOutstanding,1,1,1,581117366138.7936,0.0019254299286473684
2018-09-10,Hang Seng (China A) Corporate Sustainability Benchmark Index,Exclusion,600098,600098.SH,Guangzhou Development Group Incorporated,307,Exclusion,Hang Seng (China A) Corporate Sustainability Benchmark Index,unchanged,1,1,600098.SH,600098.SS,parse_ok,600098.SS,2018-09-07,6.150000095367432,0.01317955872218013,-0.04651158492543972,-0.12017163136707243,-0.12889516356764164,-0.19397116603869569,1874980.0,11531127.178812027,2036009.0,2277808.716666667,12524144.045174956,14509939.787292052,0.007970220102245875,0.014064611433490925,yfinance_info_static_sharesOutstanding,1,1,1,21561069967.49534,0.0005348123815838417
2018-09-10,Hang Seng (China A) Corporate Sustainability Benchmark Index,Exclusion,600999,600999.SH,"China Merchants Securities Co., Ltd.",308,Exclusion,Hang Seng (China A) Corporate Sustainability Benchmark Index,unchanged,1,1,600999.SH,600999.SS,parse_ok,600999.SS,2018-09-07,10.517366409301758,-0.032061042974589005,-0.04804802186710633,-0.15579226024751058,-0.12792291803386802,-0.40719961478551914,4082366.0,42935739.03887558,7275228.2,9493161.033333333,78972814.85230641,104356133.33270901,0.01518971160180432,0.020303437719762632,yfinance_info_static_sharesOutstanding,1,1,1,78059948937.39336,0.0005500354486948416
2018-09-10,Hang Seng (China A) Corporate Sustainability Benchmark Index,Exclusion,601088,601088.SH,China Shenhua Energy Co. Ltd.,309,Exclusion,Hang Seng (China A) Corporate Sustainability Benchmark Index,unchanged,1,1,601088.SH,601088.SS,parse_ok,601088.SS,2018-09-07,18.889999389648438,0.0216332949422251,0.04249439926889176,-0.09918931768306882,-0.11770203062697693,-0.3415824664337561,37848178.0,714952059.3193054,14738764.35,18553754.65,266340686.84387475,348541174.1943502,0.018249042065291994,0.01904189178378763,yfinance_info_static_sharesOutstanding,1,1,1,345912767845.8313,0.0020668565192654294
2018-09-10,Hang Seng (China A) Corporate Sustainability Benchmark Index,Exclusion,601166,601166.SH,"Industrial Bank Co., Ltd.",310,Exclusion,Hang Seng (China A) Corporate Sustainability Benchmark Index,unchanged,1,1,601166.SH,601166.SS,parse_ok,601166.SS,2018-09-07,14.819999694824219,-0.017241394575414404,-0.037662333641110046,-0.06851038108370489,-0.043253717636793754,-0.23647605299697438,26894991.0,398583758.4123001,39034578.05,46528401.0,589796821.3541875,693944325.8967189,0.011439678651673321,0.014746481404856923,yfinance_info_static_sharesOutstanding,1,1,1,313633538623.86847,0.0012708582129359255
2018-09-10,Hang Seng (China A) Corporate Sustainability Benchmark Index,Exclusion,601628,601628.SH,China Life Insurance Co. Ltd.,311,Exclusion,Hang Seng (China A) Corporate Sustainability Benchmark Index,unchanged,1,1,601628.SH,601628.SS,parse_ok,601628.SS,2018-09-07,21.56999969482422,-0.023981931108467247,-0.03316897305389088,-0.1221001236166871,-0.1351243290725429,-0.3783861896089188,4660868.0,100534921.33761597,5653096.0,7115325.283333333,125077634.5405654,162505399.78830928,0.011710452965152066,0.016255351934788304,yfinance_info_static_sharesOutstanding,1,1,1,449163535745.16296,0.0002238269880274862
2018-09-10,Hang Seng (China A) Corporate Sustainability Benchmark Index,Exclusion,601939,601939.SH,China Construction Bank Corporation,312,Exclusion,Hang Seng (China A) Corporate Sustainability Benchmark Index,unchanged,1,1,601939.SH,601939.SS,parse_ok,601939.SS,2018-09-07,6.659999847412109,-0.03197678246647617,-0.02773723501688874,-0.06329117829142206,-0.07883819780880463,-0.3211009620250014,103132693.0,686863719.6431999,74504202.85,107789440.21666667,502387120.2399336,731257852.4953107,0.01368278835328812,0.021014430145765213,yfinance_info_static_sharesOutstanding,1,1,1,141079186883.86133,0.004868639625833946
2018-09-10,Hang Seng (China A) Corporate Sustainability Benchmark Index,Inclusion,000898,000898.SZ,Angang Steel Co. Ltd.,313,Inclusion,Hang Seng (China A) Corporate Sustainability Benchmark Index,unchanged,1,1,000898.SZ,000898.SZ,parse_ok,000898.SZ,2018-09-07,4.65384578704834,-0.013050521307930163,-0.05320805831646258,-0.08472016543609617,-0.09836066785347719,-0.23994968935881344,22095335.0,102828281.70317173,26674639.55,32495108.966666665,127213596.30597326,153332834.5829363,0.017630219880825956,0.02333390149790268,yfinance_info_static_sharesOutstanding,1,1,1,37033821397.216835,0.002776604677120884
2018-09-10,Hang Seng (China A) Corporate Sustainability Benchmark Index,Inclusion,002594,002594.SZ,BYD Co. Ltd.,314,Inclusion,Hang Seng (China A) Corporate Sustainability Benchmark Index,unchanged,1,1,002594.SZ,002594.SZ,parse_ok,002594.SZ,2018-09-07,14.273332595825195,-0.03688711945047762,0.0271048490534056,-0.12701331725949827,-0.11124949748012636,-0.4117323877872874,20629422.0,294450601.4656334,25127810.1,21864678.25,368717522.81478465,319856243.6566151,0.025013198075971143,0.025030278921065068,yfinance_info_static_sharesOutstanding,1,1,1,77558399903.63008,0.0037965017565022227
2018-09-10,Hang Seng (China A) Corporate Sustainability Benchmark Index,Inclusion,600027,600027.SH,Huadian Power International Corporation Ltd.,315,Inclusion,Hang Seng (China A) Corporate Sustainability Benchmark Index,unchanged,1,1,600027.SH,600027.SS,parse_ok,600027.SS,2018-09-07,3.6600000858306885,-0.018766738038833997,-0.06632652688850627,-0.08040199289177175,-0.1938325734397499,-0.20779216959054547,11707322.0,42848799.52484751,23636120.95,31902868.433333334,90082259.11833987,131432901.93089424,0.016296374020617857,0.021051248393922473,yfinance_info_static_sharesOutstanding,1,1,1,36214019386.69523,0.001183210266369655
2018-09-10,Hang Seng (China A) Corporate Sustainability Benchmark Index,Inclusion,600115,600115.SH,China Eastern Airlines Corporation Ltd.,316,Inclusion,Hang Seng (China A) Corporate Sustainability Benchmark Index,unchanged,1,1,600115.SH,600115.SS,parse_ok,600115.SS,2018-09-07,5.550000190734863,-0.03979238939873886,0.005434820636233795,-0.31396785092031343,-0.321515894415899,-0.35389987285822955,35526472.0,197171926.37613678,41468636.4,52625669.61666667,228419558.12538785,322436588.9202583,0.022330332854191354,0.027499726669719338,yfinance_info_static_sharesOutstanding,1,1,1,94488558403.40436,0.002086728062188668
2018-09-10,Hang Seng (China A) Corporate Sustainability Benchmark Index,Inclusion,601288,601288.SH,Agricultural Bank of China Ltd.,317,Inclusion,Hang Seng (China A) Corporate Sustainability Benchmark Index,unchanged,1,1,601288.SH,601288.SS,parse_ok,601288.SS,2018-09-07,3.5899999141693115,-0.011019338570397608,-0.005540161082465245,-0.005540161082465245,-0.016438405378200405,-0.24421054438540812,105213549.0,377716631.87944865,168514694.3,225922265.81666666,604001942.7607033,797992809.6239108,0.009563434283098816,0.014352315651603035,yfinance_info_static_sharesOutstanding,1,1,1,1146086689288.4795,0.00032957073440399606
2018-09-10,Hang Seng (China A) Corporate Sustainability Benchmark Index,Inclusion,601336,601336.SH,New China Life Insurance Co. Ltd.,318,Inclusion,Hang Seng (China A) Corporate Sustainability Benchmark Index,unchanged,1,1,601336.SH,601336.SS,parse_ok,601336.SS,2018-09-07,46.56999969482422,0.015703407735324415,0.0378872476801293,-0.019372540558568407,-0.07120063299325163,-0.3506692846878948,10190215.0,474558309.4401932,14467190.6,16411332.2,660909571.8738848,750740128.1939946,0.018720691721093904,0.024478415907711028,yfinance_info_static_sharesOutstanding,1,1,1,97118909427.37442,0.004886363657069978
2018-09-10,Hang Seng (China A) Corporate Sustainability Benchmark Index,Inclusion,601601,601601.SH,"China Pacific Insurance (Group) Co., Ltd.",319,Inclusion,Hang Seng (China A) Corporate Sustainability Benchmark Index,unchanged,1,1,601601.SH,601601.SS,parse_ok,601601.SS,2018-09-07,32.709999084472656,-0.0015262283156981526,-0.0339634230699728,-0.09113649461029616,-0.0998899574263411,-0.3151172480312895,12712917.0,415839503.43097687,16876580.25,19988696.983333334,562723663.2681643,661598050.904326,0.018600390026458014,0.02457918028250954,yfinance_info_static_sharesOutstanding,1,1,1,223901299726.2274,0.0018572447053207802
2018-09-10,Hang Seng (China A) Corporate Sustainability Benchmark Index,Inclusion,601618,601618.SH,Metallurgical Corporation of China Ltd.,320,Inclusion,Hang Seng (China A) Corporate Sustainability Benchmark Index,unchanged,1,1,601618.SH,601618.SS,parse_ok,601618.SS,2018-09-07,3.4000000953674316,-0.05027928273034299,-0.04225348139821283,-0.03409087676400968,-0.05027928273034299,-0.39068097816222513,15912186.0,54101433.91750431,19057317.75,21895479.65,66758112.662035145,74938304.47224346,0.014062534018075225,0.018664415214977904,yfinance_info_static_sharesOutstanding,1,1,1,60698906880.55844,0.0008913082079709204
2018-09-10,Hang Seng (China A) Corporate Sustainability Benchmark Index,Inclusion,601766,601766.SH,CRRC Corporation Ltd.,321,Inclusion,Hang Seng (China A) Corporate Sustainability Benchmark Index,unchanged,1,1,601766.SH,601766.SS,parse_ok,601766.SS,2018-09-07,8.0600004196167,-0.015872914215768197,-0.07462682154804667,-0.0692839998114676,-0.09539836614501074,-0.3678431043437883,14960741.0,120583578.73777676,33562270.75,38347066.583333336,279922887.4124361,311174936.042923,0.01795539794999819,0.026055266007970753,yfinance_info_static_sharesOutstanding,1,1,1,196082062475.23032,0.0006149648632597857
2018-09-10,Hang Seng (China A) Corporate Sustainability Benchmark Index,Inclusion,601800,601800.SH,China Communications Construction Co. Ltd.,322,Inclusion,Hang Seng (China A) Corporate Sustainability Benchmark Index,unchanged,1,1,601800.SH,601800.SS,parse_ok,601800.SS,2018-09-07,11.729999542236328,-0.06459333509415788,-0.13813373709517807,0.0017078995750814396,-0.16631131509183195,-0.2768187399010178,21413259.0,251177518.26778793,18561602.1,18701127.75,235415778.25956708,239753498.50623685,0.02007384534025361,0.030226350017357476,yfinance_info_static_sharesOutstanding,1,1,1,138513437769.1779,0.0018133801478984021
2018-09-10,Hang Seng (China A) Corporate Sustainability Benchmark Index,Inclusion,601877,601877.SH,"Zhejiang CHINT Electrics Co.,Ltd",323,Inclusion,Hang Seng (China A) Corporate Sustainability Benchmark Index,unchanged,1,1,601877.SH,601877.SS,parse_ok,601877.SS,2018-09-07,22.25,-0.023694642116465547,0.024873373482247718,-0.05999155351571406,-0.06315789473684208,-0.2719240710459916,4711976.0,104841466.0,5920553.0,6196432.083333333,130677729.4378418,137603805.13618964,0.01645109190122339,0.023487731373359973,yfinance_info_static_sharesOutstanding,1,1,1,47814559716.0,0.002192668229566847
2018-09-10,Hang Seng (China A) Corporate Sustainability Index,Exclusion,000001,000001.SZ,"Ping An Bank Co., Ltd.",324,Exclusion,Hang Seng (China A) Corporate Sustainability Index,unchanged,1,1,000001.SZ,000001.SZ,parse_ok,000001.SZ,2018-09-07,10.010000228881836,-0.01184599054327895,0.08450712083746459,-0.005958239102352825,-0.04026846251246263,-0.3370860943046192,80903534.0,809844393.8573494,106644043.45,95421461.2,1047946058.6391544,898395840.3700238,0.023616655017145816,0.02152872753173385,yfinance_info_static_sharesOutstanding,1,1,1,194253245603.64218,0.004169013451182022
2018-09-10,Hang Seng (China A) Corporate Sustainability Index,Exclusion,000063,000063.SZ,ZTE Corporation,325,Exclusion,Hang Seng (China A) Corporate Sustainability Index,unchanged,1,1,000063.SZ,000063.SZ,parse_ok,000063.SZ,2018-09-07,18.09000015258789,-0.05238344641209636,0.24758621741985443,-0.2866719354413647,-0.20727430348341036,-0.5494396148172527,175397123.0,3172933981.833477,219164540.95,198502461.16666666,3830357028.9201636,3072410518.4857693,0.03692215668275226,0.05387794642859465,yfinance_info_static_sharesOutstanding,1,1,1,72867105880.39896,0.043544119716259884
2018-09-10,Hang Seng (China A) Corporate Sustainability Index,Exclusion,600000,600000.SH,"Shanghai Pudong Development Bank Co., Ltd.",326,Exclusion,Hang Seng (China A) Corporate Sustainability Index,unchanged,1,1,600000.SH,600000.SS,parse_ok,600000.SS,2018-09-07,10.1899995803833,-0.013552792290101645,0.011916572909208778,-0.0029354878533902617,-0.017357792397514227,-0.2534798633583786,8995716.0,91666342.26524734,18583291.25,20078757.15,189072630.09301177,198223427.31634426,0.012290415298954804,0.013563013009795793,yfinance_info_static_sharesOutstanding,1,1,1,339386478301.3141,0.00027009426752666366
2018-09-10,Hang Seng (China A) Corporate Sustainability Index,Exclusion,600036,600036.SH,"China Merchants Bank Co., Ltd.",327,Exclusion,Hang Seng (China A) Corporate Sustainability Index,unchanged,1,1,600036.SH,600036.SS,parse_ok,600036.SS,2018-09-07,28.170000076293945,-0.004241811076348689,-0.009493686803568768,-0.014000686832444709,-0.0282856054259496,-0.19260531472947684,39719587.0,1118900768.820364,34849311.75,42137207.88333333,965982319.9317433,1153348653.9972513,0.017507853711828347,0.019823890834241065,yfinance_info_static_sharesOutstanding,1,1,1,581117366138.7936,0.0019254299286473684
2018-09-10,Hang Seng (China A) Corporate Sustainability Index,Exclusion,601628,601628.SH,China Life Insurance Co. Ltd.,328,Exclusion,Hang Seng (China A) Corporate Sustainability Index,unchanged,1,1,601628.SH,601628.SS,parse_ok,601628.SS,2018-09-07,21.56999969482422,-0.023981931108467247,-0.03316897305389088,-0.1221001236166871,-0.1351243290725429,-0.3783861896089188,4660868.0,100534921.33761597,5653096.0,7115325.283333333,125077634.5405654,162505399.78830928,0.011710452965152066,0.016255351934788304,yfinance_info_static_sharesOutstanding,1,1,1,449163535745.16296,0.0002238269880274862
2018-09-10,Hang Seng (China A) Corporate Sustainability Index,Exclusion,601939,601939.SH,China Construction Bank Corporation,329,Exclusion,Hang Seng (China A) Corporate Sustainability Index,unchanged,1,1,601939.SH,601939.SS,parse_ok,601939.SS,2018-09-07,6.659999847412109,-0.03197678246647617,-0.02773723501688874,-0.06329117829142206,-0.07883819780880463,-0.3211009620250014,103132693.0,686863719.6431999,74504202.85,107789440.21666667,502387120.2399336,731257852.4953107,0.01368278835328812,0.021014430145765213,yfinance_info_static_sharesOutstanding,1,1,1,141079186883.86133,0.004868639625833946
2018-09-10,Hang Seng (China A) Corporate Sustainability Index,Inclusion,000002,000002.SZ,"China Vanke Co., Ltd.",330,Inclusion,Hang Seng (China A) Corporate Sustainability Index,unchanged,1,1,000002.SZ,000002.SZ,parse_ok,000002.SZ,2018-09-07,23.209999084472656,-0.03492724237984457,0.0012941664754928528,-0.1519912907272406,-0.17402139610723044,-0.43569174612870376,33494333.0,777403438.2650223,43567726.75,48103426.733333334,1015879415.3940792,1142149979.6118815,0.025917470208540495,0.02792407401287467,yfinance_info_static_sharesOutstanding,1,1,1,225698592628.16217,0.0034444319267235854
2018-09-10,Hang Seng (China A) Corporate Sustainability Index,Inclusion,600019,600019.SH,"Baoshan Iron & Steel Co., Ltd.",331,Inclusion,Hang Seng (China A) Corporate Sustainability Index,unchanged,1,1,600019.SH,600019.SS,parse_ok,600019.SS,2018-09-07,7.559999942779541,-0.040609158250511146,-0.11990689074645056,-0.1515151434065033,-0.15719066692027106,-0.3268031833531089,46375153.0,350596154.02639246,48439952.45,62236082.266666666,390103527.9226057,503551885.9268087,0.017462947773933108,0.023906585047607086,yfinance_info_static_sharesOutstanding,1,1,1,164672559456.0591,0.0021290502509007567
2018-09-10,Hang Seng (China A) Corporate Sustainability Index,Inclusion,600196,600196.SH,"Shanghai Fosun Pharmaceutical (Group) Co., Ltd.",332,Inclusion,Hang Seng (China A) Corporate Sustainability Index,unchanged,1,1,600196.SH,600196.SS,parse_ok,600196.SS,2018-09-07,29.700000762939453,0.017123287223834494,-0.13259347818264,-0.317398255374309,-0.32896516291800393,-0.37982875043929953,28304570.0,840645750.5946732,27104361.25,21860969.933333334,835316054.5661905,780949700.9400346,0.03911555144837484,0.031068805409798613,yfinance_info_static_sharesOutstanding,1,1,1,62919119718.7787,0.013360736042589227
2018-09-10,Hang Seng (China A) Corporate Sustainability Index,Inclusion,601238,601238.SH,"Guangzhou Automobile Group Co., Ltd.",333,Inclusion,Hang Seng (China A) Corporate Sustainability Index,unchanged,1,1,601238.SH,601238.SS,parse_ok,601238.SS,2018-09-07,10.229999542236328,-0.0163461617816838,-0.02011494699114369,-0.22323466340365705,-0.1951219896512456,-0.5013231036745938,5738782.0,58707737.23299408,4923562.2,6919618.733333333,51043791.45893812,74645352.82082082,0.010816965867635094,0.01748456692211406,yfinance_info_static_sharesOutstanding,1,1,1,75535223016.86148,0.0007772233255985614
2018-09-10,Hang Seng (China A) Corporate Sustainability Index,Inclusion,601877,601877.SH,"Zhejiang CHINT Electrics Co., Ltd",334,Inclusion,Hang Seng (China A) Corporate Sustainability Index,unchanged,1,1,601877.SH,601877.SS,parse_ok,601877.SS,2018-09-07,22.25,-0.023694642116465547,0.024873373482247718,-0.05999155351571406,-0.06315789473684208,-0.2719240710459916,4711976.0,104841466.0,5920553.0,6196432.083333333,130677729.4378418,137603805.13618964,0.01645109190122339,0.023487731373359973,yfinance_info_static_sharesOutstanding,1,1,1,47814559716.0,0.002192668229566847
2018-09-10,Hang Seng (China A) Corporate Sustainability Index,Inclusion,601919,601919.SH,"COSCO Shipping Holdings Co., Ltd.",335,Inclusion,Hang Seng (China A) Corporate Sustainability Index,unchanged,1,1,601919.SH,601919.SS,parse_ok,601919.SS,2018-09-07,3.0,-0.0464545031411977,-0.12162147729040917,-0.29090907861378545,-0.29602880936787834,-0.5161290173724087,16320200.0,48960600.0,15573146.5,23633423.3,49755150.39106323,83849512.86603576,0.013414193594887668,0.022291844356510652,yfinance_info_static_sharesOutstanding,1,1,1,37668624258.0,0.0012997713870477187
2018-09-10,Hang Seng China 50 Index,Exclusion,1186 / 601186,1186.HK / 601186.SH,China Railway Construction Corporation Ltd.,336,Exclusion,Hang Seng China 50 Index,unchanged,1,1,1186.HK,1186.HK,parse_ok,1186.HK,2018-09-07,9.270000457763672,-0.023182225359376418,-0.03638247733462108,0.048642567619175736,-0.0550458653164998,-0.10174411512697545,8604048.0,79759528.8986206,11290210.7,12980089.883333333,104986032.37720256,117437271.79419734,0.01401393514913209,0.025435907161554253,yfinance_info_static_sharesOutstanding,1,1,1,19247264870.45288,0.004143940940983366
2018-09-10,Hang Seng China 50 Index,Exclusion,1186 / 601186,1186.HK / 601186.SH,China Railway Construction Corporation Ltd.,336,Exclusion,Hang Seng China 50 Index,unchanged,2,0,601186.SH,601186.SS,parse_ok,601186.SS,2018-09-07,9.970000267028809,-0.05943397092157143,-0.11140819699205007,0.09440182686738274,-0.11140819699205007,-0.21123417751364282,51837913.0,516824006.45221615,54854421.35,46604422.15,581353798.5503225,473724984.49489975,0.023280926514436903,0.0296026910222524,yfinance_info_static_sharesOutstanding,1,1,1,114687360706.69794,0.004506372831910786
2018-09-10,Hang Seng China 50 Index,Exclusion,601229,601229.SH,"Bank of Shanghai Co., Ltd.",337,Exclusion,Hang Seng China 50 Index,unchanged,1,1,601229.SH,601229.SS,parse_ok,601229.SS,2018-09-07,8.984615325927734,-0.0025619226595378075,0.02726483877559338,0.037563535410225724,-0.018487362039684707,-0.13846148781328904,19651235.0,176558787.1544075,25817645.2,30677676.433333334,227361199.7298128,264889468.08369637,0.010195135987127011,0.014605520792807192,yfinance_info_static_sharesOutstanding,1,1,1,127662559667.27536,0.0013830114922853615
2018-09-10,Hang Seng China 50 Index,Inclusion,600276,600276.SH,"Jiangsu Hengrui Medicine Co., Ltd.",339,Inclusion,Hang Seng China 50 Index,unchanged,1,1,600276.SH,600276.SS,parse_ok,600276.SS,2018-09-07,37.97453689575195,-0.008012097417091857,-0.06297298238579196,-0.1398610184063127,-0.17717866125767356,-0.20373739931731982,34404720.0,1306503309.0280151,32807545.4,35360571.21666667,1271343315.6715796,1441400688.4991639,0.02658852277809738,0.028438323614528607,yfinance_info_static_sharesOutstanding,1,1,1,242239657212.0986,0.005393432784971602
2018-09-10,Hang Seng China 50 Index,Inclusion,600887,600887.SH,"Inner Mongolia Yili Industrial Group Co., Ltd.",340,Inclusion,Hang Seng China 50 Index,unchanged,1,1,600887.SH,600887.SS,parse_ok,600887.SS,2018-09-07,22.489999771118164,-0.07066119578144936,-0.17979578014071673,-0.2628646475778017,-0.2417397206062205,-0.3657642314783318,66255812.0,1490093196.715248,53095919.6,55477306.8,1325160313.9533596,1476393356.05835,0.025625369513500484,0.0237957656848372,yfinance_info_static_sharesOutstanding,1,1,1,142257359953.06982,0.010474629904609675
2018-09-10,Hang Seng China 50 Index,Inclusion,601138,601138.SH,"Foxconn Industrial Internet Co., Ltd.",341,Inclusion,Hang Seng China 50 Index,unchanged,1,1,601138.SH,601138.SS,parse_ok,601138.SS,2018-09-07,14.890000343322754,0.006761351029590967,-0.03749191426597498,-0.3606698257621942,-0.340566855906399,-0.4210730660637507,36279607.0,540203360.6856146,35579694.7,73835530.65,535947382.68145674,1299844820.579067,0.017465889198972847,0.029599338802000563,yfinance_info_static_sharesOutstanding,1,1,1,295478540921.6884,0.001828232124744336
2018-09-10,Hang Seng China A Industry Top Index,Exclusion,002241,002241.SZ,Goertek Inc.,342,Exclusion,Hang Seng China A Industry Top Index,unchanged,1,1,002241.SZ,002241.SZ,parse_ok,002241.SZ,2018-09-07,8.579999923706055,-0.033783804827546615,-0.016055084751787074,-0.24405289556518772,-0.22841726510731197,-0.6236842012801656,27608518.0,236881082.33363724,22038768.35,21122227.333333332,190099556.79426646,197794891.54427344,0.01832123534454395,0.02605986869777232,yfinance_info_static_sharesOutstanding,1,1,1,30421633246.04876,0.007786599766611938
2018-09-10,Hang Seng China A Industry Top Index,Exclusion,600027,600027.SH,Huadian Power International Corporation Ltd.,343,Exclusion,Hang Seng China A Industry Top Index,unchanged,1,1,600027.SH,600027.SS,parse_ok,600027.SS,2018-09-07,3.6600000858306885,-0.018766738038833997,-0.06632652688850627,-0.08040199289177175,-0.1938325734397499,-0.20779216959054547,11707322.0,42848799.52484751,23636120.95,31902868.433333334,90082259.11833987,131432901.93089424,0.016296374020617857,0.021051248393922473,yfinance_info_static_sharesOutstanding,1,1,1,36214019386.69523,0.001183210266369655
2018-09-10,Hang Seng China A Industry Top Index,Exclusion,600547,600547.SH,"Shandong Gold Mining Co., Ltd.",344,Exclusion,Hang Seng China A Industry Top Index,unchanged,1,1,600547.SH,600547.SS,parse_ok,600547.SS,2018-09-07,11.96938705444336,0.03805305935798886,0.04778920346040261,-0.16719913813673293,-0.12885255648574512,-0.31881536032227553,46978940.0,562309116.2674713,16484299.3,22925032.433333334,190074556.33505207,277196226.2991119,0.015313874064610773,0.020884196855653347,yfinance_info_static_sharesOutstanding,1,1,1,43262671406.60072,0.012997558818840715
2018-09-10,Hang Seng China A Industry Top Index,Exclusion,600637,600637.SH,"Shanghai Oriental Pearl Group Co., Ltd.",345,Exclusion,Hang Seng China A Industry Top Index,unchanged,1,1,600637.SH,600637.SS,parse_ok,600637.SS,2018-09-07,9.829999923706055,-0.008072646310579468,-0.07465601135028554,-0.205286043769359,-0.18708647986470972,-0.3952200360116108,4505800.0,44292013.65623474,4730312.75,7883872.633333334,47293786.913312815,84859622.44014543,0.01187619223219841,0.022382346409666312,yfinance_info_static_sharesOutstanding,1,1,1,33047474944.6174,0.0013402540959774234
2018-09-10,Hang Seng China A Industry Top Index,Exclusion,600704,600704.SH,"Wuchan Zhongda Group Co., Ltd.",346,Exclusion,Hang Seng China A Industry Top Index,unchanged,1,1,600704.SH,600704.SS,parse_ok,600704.SS,2018-09-07,4.849999904632568,-0.02805608675493476,-0.08662901000073908,-0.15944542102861792,-0.13237928940176136,-0.41354297023290876,5599368.0,27156934.266002655,6308913.45,8489990.633333333,31822069.45984595,43851350.71719333,0.01149536068190971,0.019227480974712254,yfinance_info_static_sharesOutstanding,1,1,1,25080221973.337856,0.0010828027875858714
2018-09-10,Hang Seng China A Industry Top Index,Exclusion,601633,601633.SH,Great Wall Motor Co. Ltd.,347,Exclusion,Hang Seng China A Industry Top Index,unchanged,1,1,601633.SH,601633.SS,parse_ok,601633.SS,2018-09-07,6.949999809265137,-0.022503561356500446,-0.08190229172216379,-0.33746425539489666,-0.32524274945966947,-0.4678407667716512,11376868.0,79069230.43003464,9938698.1,8533150.233333332,70537788.65906584,70293334.13070244,0.018521950098187513,0.018542560994998396,yfinance_info_static_sharesOutstanding,1,1,1,43358808109.21668,0.0018236024899685164
2018-09-10,Hang Seng China A Industry Top Index,Inclusion,000063,000063.SZ,ZTE Corporation,348,Inclusion,Hang Seng China A Industry Top Index,unchanged,1,1,000063.SZ,000063.SZ,parse_ok,000063.SZ,2018-09-07,18.09000015258789,-0.05238344641209636,0.24758621741985443,-0.2866719354413647,-0.20727430348341036,-0.5494396148172527,175397123.0,3172933981.833477,219164540.95,198502461.16666666,3830357028.9201636,3072410518.4857693,0.03692215668275226,0.05387794642859465,yfinance_info_static_sharesOutstanding,1,1,1,72867105880.39896,0.043544119716259884
2018-09-10,Hang Seng China A Industry Top Index,Inclusion,000858,000858.SZ,"Wuliangye Yibin Co.,Ltd",349,Inclusion,Hang Seng China A Industry Top Index,unchanged,1,1,000858.SZ,000858.SZ,parse_ok,000858.SZ,2018-09-07,60.77000045776367,-0.01825526720936843,-0.07993947539800483,-0.28006162988661754,-0.27003002453136726,-0.337656670760069,22272604.0,1353506155.275589,25815914.9,26290338.116666667,1623928071.034751,1844070823.8228264,0.02161919850802342,0.023131007934553083,yfinance_info_static_sharesOutstanding,1,1,1,235885320240.70914,0.005737983838478816
2018-09-10,Hang Seng China A Industry Top Index,Inclusion,601138,601138.SH,"Foxconn Industrial Internet Co., Ltd.",350,Inclusion,Hang Seng China A Industry Top Index,unchanged,1,1,601138.SH,601138.SS,parse_ok,601138.SS,2018-09-07,14.890000343322754,0.006761351029590967,-0.03749191426597498,-0.3606698257621942,-0.340566855906399,-0.4210730660637507,36279607.0,540203360.6856146,35579694.7,73835530.65,535947382.68145674,1299844820.579067,0.017465889198972847,0.029599338802000563,yfinance_info_static_sharesOutstanding,1,1,1,295478540921.6884,0.001828232124744336
2018-09-10,Hang Seng China A Industry Top Index,Inclusion,601600,601600.SH,Aluminum Corporation of China Ltd.,351,Inclusion,Hang Seng China A Industry Top Index,unchanged,1,1,601600.SH,601600.SS,parse_ok,601600.SS,2018-09-07,4.0,-0.009900980750178201,0.05820106621041665,-0.017199058650850807,-0.03846150319251662,-0.5073891556188623,55892576.0,223570304.0,95423374.25,97296553.38333334,378085212.14575374,369578709.5845002,0.01891410026686605,0.024805493867899698,yfinance_info_static_sharesOutstanding,1,1,1,52844021436.0,0.004230758710723191
2018-09-10,Hang Seng China A Industry Top Index,Inclusion,601985,601985.SH,"China National Nuclear Power Co., Ltd.",352,Inclusion,Hang Seng China A Industry Top Index,unchanged,1,1,601985.SH,601985.SS,parse_ok,601985.SS,2018-09-07,5.78000020980835,-0.011965759994079117,0.008726036748416544,-0.04304631683555704,-0.0366666316986084,-0.2674270839521691,10249125.0,59239944.650352,16034619.55,17390069.083333332,93650586.35111997,99462585.03580694,0.01234097112597362,0.014557360992708547,yfinance_info_static_sharesOutstanding,1,1,1,118883056303.05856,0.000498304354653674
2018-09-10,Hang Seng China A Top 100 Index,Exclusion,000876,000876.SZ,"New Hope Liuhe Co., Ltd",353,Exclusion,Hang Seng China A Top 100 Index,unchanged,1,1,000876.SZ,000876.SZ,parse_ok,000876.SZ,2018-09-07,5.920000076293945,-0.023102288417082395,-0.0975609561079388,-0.12812958622192017,-0.10303027850975088,-0.30188674577065666,7522991.0,44536107.293958664,7503747.2,9696964.083333334,46059395.48320806,61394746.01730382,0.011727069972099973,0.014679402566083645,yfinance_info_static_sharesOutstanding,1,1,1,26656429746.574486,0.0016707453967904995
2018-09-10,Hang Seng China A Top 100 Index,Exclusion,600027,600027.SH,Huadian Power International Corporation Ltd.,354,Exclusion,Hang Seng China A Top 100 Index,unchanged,1,1,600027.SH,600027.SS,parse_ok,600027.SS,2018-09-07,3.6600000858306885,-0.018766738038833997,-0.06632652688850627,-0.08040199289177175,-0.1938325734397499,-0.20779216959054547,11707322.0,42848799.52484751,23636120.95,31902868.433333334,90082259.11833987,131432901.93089424,0.016296374020617857,0.021051248393922473,yfinance_info_static_sharesOutstanding,1,1,1,36214019386.69523,0.001183210266369655
2018-09-10,Hang Seng China A Top 100 Index,Exclusion,600170,600170.SH,"Shanghai Construction Group Co., Ltd.",355,Exclusion,Hang Seng China A Top 100 Index,unchanged,1,1,600170.SH,600170.SS,parse_ok,600170.SS,2018-09-07,3.0199999809265137,-0.0065789411768027994,-0.07076923663799584,-0.07361963504258728,-0.08206686445505051,-0.2506203911413363,10491124.0,31683194.27989769,10887773.35,15955159.05,33625623.95450898,49707583.53729202,0.007468408607669055,0.01794969788636529,yfinance_info_static_sharesOutstanding,1,1,1,26835537857.39415,0.0011806431623716399
2018-09-10,Hang Seng China A Top 100 Index,Exclusion,600958,600958.SH,Orient Securities Company Limited,356,Exclusion,Hang Seng China A Top 100 Index,unchanged,1,1,600958.SH,600958.SS,parse_ok,600958.SS,2018-09-07,8.670778274536133,0.00569471534000332,0.058752947475689155,-0.17630598105117,-0.156638028255502,-0.478440631008608,8972360.0,77797344.15931702,7868757.1,10786225.016666668,66190969.11171222,93302129.679954,0.01482546000277109,0.023646286625295426,yfinance_info_static_sharesOutstanding,1,1,1,64766229739.19113,0.0012012023005291681
2018-09-10,Hang Seng China A Top 100 Index,Exclusion,601117,601117.SH,"China National Chemical Engineering Co., Ltd.",357,Exclusion,Hang Seng China A Top 100 Index,unchanged,1,1,601117.SH,601117.SS,parse_ok,601117.SS,2018-09-07,6.420000076293945,-0.03458646853760361,-0.07091169058443259,-0.1144827480973869,-0.1382550012538577,-0.21226989241851113,11176531.0,71753329.87270164,15132345.65,21870050.733333334,99827511.66812916,148805616.32730332,0.012970189966786685,0.02028235092068299,yfinance_info_static_sharesOutstanding,1,1,1,39204797225.94165,0.001830218109768025
2018-09-10,Hang Seng China A Top 100 Index,Inclusion,000063,000063.SZ,ZTE Corporation,358,Inclusion,Hang Seng China A Top 100 Index,unchanged,1,1,000063.SZ,000063.SZ,parse_ok,000063.SZ,2018-09-07,18.09000015258789,-0.05238344641209636,0.24758621741985443,-0.2866719354413647,-0.20727430348341036,-0.5494396148172527,175397123.0,3172933981.833477,219164540.95,198502461.16666666,3830357028.9201636,3072410518.4857693,0.03692215668275226,0.05387794642859465,yfinance_info_static_sharesOutstanding,1,1,1,72867105880.39896,0.043544119716259884
2018-09-10,Hang Seng China A Top 100 Index,Inclusion,601138,601138.SH,"Foxconn Industrial Internet Co., Ltd.",359,Inclusion,Hang Seng China A Top 100 Index,unchanged,1,1,601138.SH,601138.SS,parse_ok,601138.SS,2018-09-07,14.890000343322754,0.006761351029590967,-0.03749191426597498,-0.3606698257621942,-0.340566855906399,-0.4210730660637507,36279607.0,540203360.6856146,35579694.7,73835530.65,535947382.68145674,1299844820.579067,0.017465889198972847,0.029599338802000563,yfinance_info_static_sharesOutstanding,1,1,1,295478540921.6884,0.001828232124744336
2018-09-10,Hang Seng China A Top 100 Index,Inclusion,601225,601225.SH,Shaanxi Coal Industry Company Limited,360,Inclusion,Hang Seng China A Top 100 Index,unchanged,1,1,601225.SH,601225.SS,parse_ok,601225.SS,2018-09-07,8.050000190734863,0.07476641344851442,0.08053696601757498,-0.09346845867223408,-0.10055861873858185,-0.2376894061688818,228126873.0,1836421371.161748,42607918.75,58505443.016666666,325214206.46993023,459841114.06976867,0.02427700494125535,0.02175843362363551,yfinance_info_static_sharesOutstanding,1,1,1,78044751849.1745,0.02353036338318721
2018-09-10,Hang Seng China A Top 100 Index,Inclusion,601727,601727.SH,Shanghai Electric Group Co. Ltd.,361,Inclusion,Hang Seng China A Top 100 Index,unchanged,1,1,601727.SH,601727.SS,parse_ok,601727.SS,2018-09-07,5.019999980926514,0.006012066369619706,-0.061682229829631896,-0.20820191480950878,-0.20820191480950878,-0.4409799290840096,8084600.0,40584691.84579849,8461271.6,4412021.066666666,42706560.3213402,22795434.50762287,0.011704534889103035,0.022137747492048762,yfinance_info_static_sharesOutstanding,1,1,1,63330510732.09577,0.0006408394844229522
2018-09-10,Hang Seng China A Top 100 Index,Inclusion,601898,601898.SH,China Coal Energy Co. Ltd.,362,Inclusion,Hang Seng China A Top 100 Index,unchanged,1,1,601898.SH,601898.SS,parse_ok,601898.SS,2018-09-07,5.090000152587891,0.015968047914422856,0.018000030517578036,0.026209700290543703,-0.009727571049898076,-0.24704142304003707,14068308.0,71607689.86665344,10672601.05,11488753.483333332,53554449.39236937,56343295.37263198,0.013781638057556805,0.017739243623552933,yfinance_info_static_sharesOutstanding,1,1,1,46583683432.484436,0.001537183936311891
2018-09-10,Hang Seng Composite LargeCap & MidCap Index,Exclusion,317,0317.HK,CSSC Offshore & Marine Engineering (Group) Co. Ltd. - H Shares,364,Exclusion,Hang Seng Composite LargeCap & MidCap Index,unchanged,1,1,0317.HK,0317.HK,parse_ok,0317.HK,2018-09-07,6.0,-0.08396949232350437,-0.23469389244597505,-0.329608924260676,-0.329608924260676,-0.589041106627971,890600.0,5343600.0,647620.0,526808.3333333334,4371956.795406342,4010294.0858682,0.02328533739412299,0.02021589126003543,yfinance_info_static_sharesOutstanding,1,1,1,3552427182.0,0.0015042109876525543
2018-09-10,Hang Seng Composite LargeCap & MidCap Index,Exclusion,330,0330.HK,Esprit Holdings Ltd.,365,Exclusion,Hang Seng Composite LargeCap & MidCap Index,unchanged,1,1,0330.HK,0330.HK,parse_ok,0330.HK,2018-09-07,16.92348289489746,-0.0430106923811594,-0.14009652518820126,-0.2936507709054885,-0.3308270461209891,-0.637474529019757,444424.0,7521201.962081909,287661.1,404915.56666666665,5234576.5565806385,8581841.9178456,0.02019381038069147,0.022935239703249902,yfinance_info_static_sharesOutstanding,1,1,1,4790728883.206913,0.0015699494054957287
2018-09-10,Hang Seng Composite LargeCap & MidCap Index,Exclusion,400,0400.HK,Cogobuy Group,366,Exclusion,Hang Seng Composite LargeCap & MidCap Index,unchanged,1,1,0400.HK,0400.HK,parse_ok,0400.HK,2018-09-07,2.930000066757202,-0.01677850738129516,-0.033003269167260596,-0.26749998331069946,-0.25822784015525335,-0.452336426357669,1043000.0,3055990.069627762,1852850.0,1960824.0333333334,5327623.508298397,6325339.069664757,0.023658606517384603,0.026448485828009537,yfinance_info_static_sharesOutstanding,1,1,1,4749506905.542896,0.0006434331248284488
2018-09-10,Hang Seng Composite LargeCap & MidCap Index,Exclusion,732,0732.HK,Truly International Holdings Ltd.,368,Exclusion,Hang Seng Composite LargeCap & MidCap Index,unchanged,1,1,0732.HK,0732.HK,parse_ok,0732.HK,2018-09-07,1.1799999475479126,-0.06349209803242228,-0.07812502037268176,-0.36559143092869617,-0.3333333557832939,-0.7086420019812878,3337374.0,3938101.1449477673,8150759.1,10955338.516666668,9983648.15355878,14743203.923905518,0.025982143342668816,0.03751019923969629,yfinance_info_static_sharesOutstanding,1,1,1,3501462693.99675,0.0011247017287088718
2018-09-10,Hang Seng Composite LargeCap & MidCap Index,Exclusion,931,0931.HK,China LNG Group Ltd.,369,Exclusion,Hang Seng Composite LargeCap & MidCap Index,unchanged,1,1,0931.HK,0931.HK,parse_ok,0931.HK,2018-09-07,1.2400000095367432,0.05982910685442233,-0.01587300085546861,0.1071428609441738,-0.031249970896168877,-0.2748538117692332,2586025.0,3206671.0246622562,3413419.75,5169973.283333333,4142900.173043877,6101681.500023228,0.023639868507600387,0.02457759047330368,yfinance_info_static_sharesOutstanding,1,1,1,9220241245.992155,0.0003477860219824648
2018-09-10,Hang Seng Composite LargeCap & MidCap Index,Exclusion,1117,1117.HK,China Modern Dairy Holdings Ltd.,371,Exclusion,Hang Seng Composite LargeCap & MidCap Index,unchanged,1,1,1117.HK,1117.HK,parse_ok,1117.HK,2018-09-07,1.149999976158142,-0.041666724615624595,-0.10852712390299724,-0.2628205010641722,-0.2434210588231972,-0.34659091909685413,6337000.0,7287549.848914146,1477756.5,1367881.2166666666,1737912.1291191578,1788878.7218295156,0.017411990414958018,0.02101509694057177,yfinance_info_static_sharesOutstanding,1,1,1,9103011166.47591,0.0008005647489209231
2018-09-10,Hang Seng Composite LargeCap & MidCap Index,Exclusion,1432,1432.HK,China Shengmu Organic Milk Ltd.,373,Exclusion,Hang Seng Composite LargeCap & MidCap Index,unchanged,1,1,1432.HK,1432.HK,parse_ok,1432.HK,2018-09-07,0.36000001430511475,-0.07692300638503313,-0.20879120015389785,-0.5499999888241293,-0.5499999888241293,-0.7428571282600868,14060000.0,5061600.201129913,4764325.0,4217108.333333333,1948593.1415505707,2141437.9651995995,0.03085781652181092,0.026767771814239616,yfinance_info_static_sharesOutstanding,1,1,1,2968642640.4032555,0.0017050217268462984
2018-09-10,Hang Seng Composite LargeCap & MidCap Index,Exclusion,1680,1680.HK,Macau Legend Development Ltd.,374,Exclusion,Hang Seng Composite LargeCap & MidCap Index,unchanged,1,1,1680.HK,1680.HK,parse_ok,1680.HK,2018-09-07,13.0,-0.007633616683796363,-0.015151500920837613,-0.11564624702876924,-0.1333333333333333,-0.17197451223354598,360600.0,4687800.0,226855.0,286747.93333333335,2931635.0188732147,3783923.367582194,0.01250783883479918,0.021923405035661498,yfinance_info_static_sharesOutstanding,1,1,1,9017997534.0,0.0005198271547897276
2018-09-10,Hang Seng Composite LargeCap & MidCap Index,Exclusion,1970,1970.HK,"IMAX China Holding, Inc.",375,Exclusion,Hang Seng Composite LargeCap & MidCap Index,unchanged,1,1,1970.HK,1970.HK,parse_ok,1970.HK,2018-09-07,19.579999923706055,-0.025870669049492312,-0.15784946564705138,-0.28800000277432525,-0.2944144171637457,-0.3429530058727138,399700.0,7826125.96950531,1081150.0,1097889.8333333333,21440541.650900554,24967548.57454691,0.04143267111011736,0.031758100054920295,yfinance_info_static_sharesOutstanding,1,1,1,6626232089.540726,0.0011810823804162512
2018-09-10,Hang Seng Composite LargeCap & MidCap Index,Exclusion,2727,2727.HK,Shanghai Electric Group Co. Ltd. - H Shares,376,Exclusion,Hang Seng Composite LargeCap & MidCap Index,unchanged,1,1,2727.HK,2727.HK,parse_ok,2727.HK,2018-09-07,2.4800000190734863,0.008130073421291018,-0.03875965410453308,-0.1358884606399986,-0.1358884606399986,-0.3205479577326329,10702000.0,26540960.20412445,5238298.7,7547552.766666667,12991927.778509581,19669654.02791881,0.015008197080863858,0.014899128908543993,yfinance_info_static_sharesOutstanding,1,1,1,7252715415.780067,0.003659451485767394
2018-09-10,Hang Seng Composite LargeCap & MidCap Index,Inclusion,486,0486.HK,United Company RUSAL Plc - F,378,Inclusion,Hang Seng Composite LargeCap & MidCap Index,unchanged,1,1,0486.HK,0486.HK,parse_ok,0486.HK,2018-09-07,1.8700000047683716,-0.11374402950695606,-0.12616826490664745,-0.15384616629404324,-0.2579365004277343,-0.6974109940596736,9512000.0,17787440.04535675,8032115.0,20242069.933333334,17071950.816224813,45711904.05350884,0.021760413454590264,0.034221190350125406,yfinance_info_static_sharesOutstanding,1,1,1,28410937864.38594,0.0006260771865491248
2018-09-10,Hang Seng Composite LargeCap & MidCap Index,Inclusion,581,0581.HK,China Oriental Group Co. Ltd.,379,Inclusion,Hang Seng Composite LargeCap & MidCap Index,unchanged,1,1,0581.HK,0581.HK,parse_ok,0581.HK,2018-09-07,6.610000133514404,-0.020740720960829018,0.0015151862161113527,0.0475436122750128,-0.027941184101632488,-0.051649880561523975,6923361.0,45763417.13436842,12035833.35,13071684.983333332,77584193.76082656,81520716.5733433,0.028146496343342996,0.03151817595678773,yfinance_info_static_sharesOutstanding,1,1,1,24606181587.016582,0.0018598341629127626
2018-09-10,Hang Seng Composite LargeCap & MidCap Index,Inclusion,839,0839.HK,China Education Group Holdings Ltd.,380,Inclusion,Hang Seng Composite LargeCap & MidCap Index,unchanged,1,1,0839.HK,0839.HK,parse_ok,0839.HK,2018-09-07,10.0,-0.003984059960658093,-0.19999999999999996,-0.35979512975252026,-0.34036938650055115,-0.3827160784537196,7420000.0,74200000.0,16399883.45,9843952.4,161980060.73904806,113491258.88860442,0.07892486985868895,0.05390451090107105,yfinance_info_static_sharesOutstanding,1,1,1,28003128650.0,0.0026497039287072663
2018-09-10,Hang Seng Composite LargeCap & MidCap Index,Inclusion,1233,1233.HK,Times China Holdings Ltd.,382,Inclusion,Hang Seng Composite LargeCap & MidCap Index,unchanged,1,1,1233.HK,1233.HK,parse_ok,1233.HK,2018-09-07,8.380000114440918,-0.09989261689142548,-0.1848248704167158,-0.366111955735662,-0.3746268393282204,-0.3874269058846166,2598000.0,21771240.297317505,2597152.5,3057822.0833333335,23808506.74819708,31682985.897353284,0.02809812610602849,0.031738563518186214,yfinance_info_static_sharesOutstanding,1,1,1,24459485296.929344,0.0008900939669425782
2018-09-10,Hang Seng Composite LargeCap & MidCap Index,Inclusion,1548,1548.HK,Genscript Biotech Corporation,384,Inclusion,Hang Seng Composite LargeCap & MidCap Index,unchanged,1,1,1548.HK,1548.HK,parse_ok,1548.HK,2018-09-07,15.800000190734863,-0.06508872500738394,-0.11335575413483645,-0.3276595663517079,-0.33050847731592736,-0.5115919339725987,7746800.0,122399441.47758484,16908805.2,12686189.966666667,252171527.6179286,227830364.72518763,0.06522428567873127,0.05056682620470755,yfinance_info_static_sharesOutstanding,1,1,1,34544781033.01861,0.003543210806882607
2018-09-10,Hang Seng Composite LargeCap & MidCap Index,Inclusion,1728,1728.HK,China ZhengTong Auto Services Holdings Ltd.,385,Inclusion,Hang Seng Composite LargeCap & MidCap Index,unchanged,1,1,1728.HK,1728.HK,parse_ok,1728.HK,2018-09-07,4.320000171661377,-0.10187105549839348,-0.07096772407269791,-0.31210190647538005,-0.29756095858998866,-0.5627530241272842,8274300.0,35744977.42037773,9462680.3,9556158.533333333,43881587.053939864,46711010.10728602,0.03726397934738952,0.030306029344426992,yfinance_info_static_sharesOutstanding,1,1,1,43269341797.4491,0.0008261040250555658
2018-09-10,Hang Seng Composite LargeCap & MidCap Index,Inclusion,1833,1833.HK,Ping An Healthcare and Technology Co. Ltd.,386,Inclusion,Hang Seng Composite LargeCap & MidCap Index,unchanged,1,1,1833.HK,1833.HK,parse_ok,1833.HK,2018-09-07,43.349998474121094,-0.02474695770389046,-0.07765960693359375,-0.17270997687449052,-0.21962197894685376,-0.23947371098033166,488800.0,21189479.25415039,738415.15,889893.6833333333,31245903.692679405,42224019.36466109,0.025671862034746556,0.032449070158254906,yfinance_info_static_sharesOutstanding,1,1,1,92189232207.7263,0.00022984765950111164
2018-09-10,Hang Seng Composite LargeCap & MidCap Index,Inclusion,1910,1910.HK,Samsonite International S.A. - F,387,Inclusion,Hang Seng Composite LargeCap & MidCap Index,unchanged,1,1,1910.HK,1910.HK,parse_ok,1910.HK,2018-09-07,29.149999618530273,-0.08044167454375561,0.005172400638974839,0.0,-0.10445467582865953,-0.21954482437990996,3934710.0,114696794.99902725,2796666.65,3556166.683333333,84469517.69896488,104357417.24156812,0.025457601706659456,0.020338624887406138,yfinance_info_static_sharesOutstanding,1,1,1,40429155799.47627,0.0028369821909690496
2018-09-10,Hang Seng Composite LargeCap & MidCap Index,Inclusion,1913,1913.HK,Prada S.P.A. - F,388,Inclusion,Hang Seng Composite LargeCap & MidCap Index,unchanged,1,1,1913.HK,1913.HK,parse_ok,1913.HK,2018-09-07,31.75,-0.10310738329235947,-0.15782495073020086,-0.19313846934757328,-0.17639427682590658,-0.3230277405752173,880600.0,27959050.0,725203.15,1039504.7,25444151.51581936,37803560.6278745,0.023587034621749468,0.02373148608265414,yfinance_info_static_sharesOutstanding,1,1,1,81242662000.0,0.0003441424654450638
2018-09-10,Hang Seng Composite LargeCap & MidCap Index,Inclusion,2638,2638.HK,HK Electric Investments and HK Electric Investments Ltd. - SS,389,Inclusion,Hang Seng Composite LargeCap & MidCap Index,unchanged,1,1,2638.HK,2638.HK,parse_ok,2638.HK,2018-09-07,7.880000114440918,-0.006305134297610704,0.020725431165496966,0.05206947332984124,-0.03902435393506387,-0.03902435393506387,4178638.0,32927667.91820717,4105527.15,4989283.466666667,32407780.507079504,39164893.83570137,0.0083318575533291,0.010402994439000963,yfinance_info_static_sharesOutstanding,1,1,1,69629257011.22284,0.00047289988909259635
2018-09-10,Hang Seng Composite LargeCap & MidCap Index,Inclusion,3669,3669.HK,China Yongda Automobiles Services Holdings Ltd.,391,Inclusion,Hang Seng Composite LargeCap & MidCap Index,unchanged,1,1,3669.HK,3669.HK,parse_ok,3669.HK,2018-09-07,6.010000228881836,-0.1570827303762118,-0.13649422472101946,-0.35167206773453497,-0.33222219679090714,-0.5113821027898074,6026681.0,36220354.18939781,4337263.9,4643003.866666666,29867993.237728547,33788406.41184591,0.036034650196443065,0.031038690777448134,yfinance_info_static_sharesOutstanding,1,1,1,11048697353.903051,0.003278246568732616
2018-09-10,Hang Seng Composite LargeCap & MidCap Index,Inclusion,3918,3918.HK,NagaCorp Ltd. - F,392,Inclusion,Hang Seng Composite LargeCap & MidCap Index,unchanged,1,1,3918.HK,3918.HK,parse_ok,3918.HK,2018-09-07,7.78000020980835,-0.05467792921719905,-0.0749107787198855,0.061391581280504814,-0.13747230432655155,-0.13747230432655155,2978699.0,23174278.84495592,2896101.15,4504249.2,24008766.5729238,36626214.634719014,0.016322972837053668,0.023044388881064963,yfinance_info_static_sharesOutstanding,1,1,1,34410864372.780266,0.0006734582018604355
2018-09-10,Hang Seng Composite LargeCap & MidCap Index,Inclusion,6098,6098.HK,Country Garden Services Holdings Co. Ltd.,393,Inclusion,Hang Seng Composite LargeCap & MidCap Index,unchanged,1,1,6098.HK,6098.HK,parse_ok,6098.HK,2018-09-07,13.520000457763672,0.005952446419502655,0.05295952469585652,,-0.043847232709004924,-0.043847232709004924,13916921.0,188156778.29066086,18608514.05,32241125.413793102,246330220.0445756,368695419.3664572,0.031785226605928085,0.052282084356779425,yfinance_info_static_sharesOutstanding,1,1,1,44026826781.95169,0.004273684751856649
2018-09-10,Hang Seng Composite LargeCap & MidCap Index,Inclusion,6823,6823.HK,HKT Trust and HKT Ltd. - SS,394,Inclusion,Hang Seng Composite LargeCap & MidCap Index,unchanged,1,1,6823.HK,6823.HK,parse_ok,6823.HK,2018-09-07,9.960000038146973,-0.01775150878513654,-0.01775150878513654,-0.001003031957271583,-0.049618275458282346,-0.049618275458282346,6503130.0,64771175.04807472,7164888.0,6447261.766666667,73124040.98170605,65805614.61020724,0.009366665387819426,0.009880320669849738,yfinance_info_static_sharesOutstanding,1,1,1,75503806451.98088,0.0008578531082306171
2018-09-10,Hang Seng Corporate Sustainability Benchmark Index,Exclusion,41,0041.HK,Great Eagle Holdings Ltd.,396,Exclusion,Hang Seng Corporate Sustainability Benchmark Index,unchanged,1,1,0041.HK,0041.HK,parse_ok,0041.HK,2018-09-07,38.5,-0.003881022508588239,-0.0012969970959813004,-0.035087756198978415,-0.03266329803971524,-0.1279728500703926,138000.0,5313000.0,77450.85,96180.33333333333,2977092.7860076902,3714384.3660043715,0.007508374992218885,0.007666222497027119,yfinance_info_static_sharesOutstanding,1,1,1,28834357282.5,0.0001842593524088896
2018-09-10,Hang Seng Corporate Sustainability Benchmark Index,Exclusion,66,0066.HK,MTR Corporation Ltd.,397,Exclusion,Hang Seng Corporate Sustainability Benchmark Index,unchanged,1,1,0066.HK,0066.HK,parse_ok,0066.HK,2018-09-07,39.849998474121094,-0.014833183621793311,-0.004993776947550654,-0.09534621647407138,-0.09431821649724792,-0.14393127546187545,3885272.0,154828083.2715454,3709459.15,3668246.7333333334,148343765.28283215,152245687.99048138,0.009556997549550798,0.010776501370259274,yfinance_info_static_sharesOutstanding,1,1,1,247667164285.68466,0.0006251457827205178
2018-09-10,Hang Seng Corporate Sustainability Benchmark Index,Exclusion,200,0200.HK,Melco International Development Ltd.,398,Exclusion,Hang Seng Corporate Sustainability Benchmark Index,unchanged,1,1,0200.HK,0200.HK,parse_ok,0200.HK,2018-09-07,17.15999984741211,-0.17894736073594086,-0.22528216058945771,-0.33229574560333885,-0.33099414804609795,-0.428000005086263,9160000.0,157185598.60229492,5927031.4,4836767.583333333,119138298.24818106,104600156.85379912,0.027204999466189008,0.033808125343411544,yfinance_info_static_sharesOutstanding,1,1,1,39037500297.875885,0.004026528271607794
2018-09-10,Hang Seng Corporate Sustainability Benchmark Index,Exclusion,297,0297.HK,Sinofert Holdings Ltd.,399,Exclusion,Hang Seng Corporate Sustainability Benchmark Index,unchanged,1,1,0297.HK,0297.HK,parse_ok,0297.HK,2018-09-07,0.9399999976158142,0.04444446946367875,0.021739109308372973,-0.0873786177416297,-0.07843135765358711,-0.47486032533614353,3672000.0,3451679.99124527,7855555.15,6986257.066666666,7034748.104237443,6516710.848249583,0.021860230894831346,0.018660962184041206,yfinance_info_static_sharesOutstanding,1,1,1,6602988372.272392,0.000522745126394549
2018-09-10,Hang Seng Corporate Sustainability Benchmark Index,Exclusion,323,0323.HK,Maanshan Iron & Steel Co. Ltd. - H Shares,400,Exclusion,Hang Seng Corporate Sustainability Benchmark Index,unchanged,1,1,0323.HK,0323.HK,parse_ok,0323.HK,2018-09-07,4.230000019073486,0.029197051498991433,0.03931200016308534,0.03422979492971723,0.0,-0.10381351544472595,21656808.0,91608298.25307083,22619133.6,22765889.85,91812713.84354535,88163852.48509277,0.023656614161347022,0.027778451636474816,yfinance_info_static_sharesOutstanding,1,1,1,7330293933.053017,0.012497220314727081
2018-09-10,Hang Seng Corporate Sustainability Benchmark Index,Exclusion,347,0347.HK,Angang Steel Co. Ltd. - H Shares,401,Exclusion,Hang Seng Corporate Sustainability Benchmark Index,unchanged,1,1,0347.HK,0347.HK,parse_ok,0347.HK,2018-09-07,5.715384006500244,-0.03756475404603632,-0.05229596284275417,-0.11966827159482807,-0.11652795589638032,-0.20107531296695758,13040300.0,74530322.05996513,14567707.35,18269651.516666666,84806303.83521502,105776192.48403804,0.02119125356376443,0.025489851228265626,yfinance_info_static_sharesOutstanding,1,1,1,8067493140.535355,0.009238349603978633
2018-09-10,Hang Seng Corporate Sustainability Benchmark Index,Exclusion,405,0405.HK,Yuexiu Real Estate Investment Trust,402,Exclusion,Hang Seng Corporate Sustainability Benchmark Index,unchanged,1,1,0405.HK,0405.HK,parse_ok,0405.HK,2018-09-07,5.22022819519043,-0.009380812108495618,0.0,-0.03999987372586988,-0.034734819084395685,-0.05035961487716256,4595969.0,23992006.958021164,3771005.4,3907940.8333333335,19592664.367143583,20413858.9389917,0.005320739280134293,0.0075507811866476334,yfinance_info_static_sharesOutstanding,1,1,1,27453018757.794556,0.00087392964575924
2018-09-10,Hang Seng Corporate Sustainability Benchmark Index,Exclusion,480,0480.HK,HKR International Ltd.,403,Exclusion,Hang Seng Corporate Sustainability Benchmark Index,unchanged,1,1,0480.HK,0480.HK,parse_ok,0480.HK,2018-09-07,4.050000190734863,-0.05594400308910452,-0.0679915172458746,-0.15142848522159857,-0.15142848522159857,-0.16259380741877716,291200.0,1179360.0555419922,238522.85,322255.86666666664,1016539.2889447212,1430736.6496585289,0.012243271922784474,0.011760654395390348,yfinance_info_static_sharesOutstanding,1,1,1,6015472585.448836,0.00019605443110069394
2018-09-10,Hang Seng Corporate Sustainability Benchmark Index,Exclusion,763,0763.HK,ZTE Corporation - H Shares,405,Exclusion,Hang Seng Corporate Sustainability Benchmark Index,unchanged,1,1,0763.HK,0763.HK,parse_ok,0763.HK,2018-09-07,13.899999618530273,-0.08792652051920435,0.07087828264556606,-0.07085564284182966,-0.1565533977773369,-0.5696594443698433,9186672.0,127694737.29556274,16999230.55,25070926.05,239330222.93718544,334267672.36036736,0.03582500392305303,0.06766600235183583,yfinance_info_static_sharesOutstanding,1,1,1,10501484934.398655,0.012159683901205816
2018-09-10,Hang Seng Corporate Sustainability Benchmark Index,Exclusion,819,0819.HK,Tianneng Power International Ltd.,406,Exclusion,Hang Seng Corporate Sustainability Benchmark Index,unchanged,1,1,0819.HK,0819.HK,parse_ok,0819.HK,2018-09-07,6.699999809265137,-0.31282053238306295,-0.38756854970277876,-0.4765625227009874,-0.5207439178361115,-0.5207439178361115,10256000.0,68715198.04382324,4084328.45,3454644.283333333,34301441.480166435,36049645.01998158,0.05174538867057306,0.04061030770877327,yfinance_info_static_sharesOutstanding,1,1,1,7545033935.208797,0.009107341151000621
2018-09-10,Hang Seng Corporate Sustainability Benchmark Index,Exclusion,939,0939.HK,China Construction Bank Corporation - H Shares,407,Exclusion,Hang Seng Corporate Sustainability Benchmark Index,unchanged,1,1,0939.HK,0939.HK,parse_ok,0939.HK,2018-09-07,6.670000076293945,-0.04028773246841244,-0.049857536407909575,-0.16206029593855753,-0.15247774164102024,-0.2686403333342745,624600049.0,4166082374.483202,281941616.3,342088891.6666667,1939877570.4779103,2421985224.2315593,0.011587672215543328,0.01307786486871441,yfinance_info_static_sharesOutstanding,1,1,1,1603583541941.9858,0.002597982746466677
2018-09-10,Hang Seng Corporate Sustainability Benchmark Index,Exclusion,1088,1088.HK,China Shenhua Energy Co. Ltd. - H Shares,408,Exclusion,Hang Seng Corporate Sustainability Benchmark Index,unchanged,1,1,1088.HK,1088.HK,parse_ok,1088.HK,2018-09-07,17.299999237060547,-0.01142861502511161,-0.025900956412895915,-0.17814727486534843,-0.18396232950598057,-0.3228962914422826,39188694.0,677964376.3013992,19791015.35,22101773.2,340159121.6225743,397658472.3609371,0.01803862316834279,0.020103421144886342,yfinance_info_static_sharesOutstanding,1,1,1,58430436023.18573,0.011602932006743486
2018-09-10,Hang Seng Corporate Sustainability Benchmark Index,Exclusion,1308,1308.HK,SITC International Holdings Co. Ltd.,409,Exclusion,Hang Seng Corporate Sustainability Benchmark Index,unchanged,1,1,1308.HK,1308.HK,parse_ok,1308.HK,2018-09-07,5.96999979019165,0.018771272042834575,-0.2537500262260437,-0.3510869658736968,-0.34825328715717174,-0.35319609032773747,2469000.0,14739929.481983185,2352296.1,1604632.5,14514044.07829609,11516080.531426065,0.041158342887674754,0.02988399457530123,yfinance_info_static_sharesOutstanding,1,1,1,15994151633.80508,0.0009215824521026184
2018-09-10,Hang Seng Corporate Sustainability Benchmark Index,Exclusion,2039,2039.HK,"China Int'l Marine Containers (Group) Co., Ltd. - H Shares",410,Exclusion,Hang Seng Corporate Sustainability Benchmark Index,unchanged,1,1,2039.HK,2039.HK,parse_ok,2039.HK,2018-09-07,4.538887977600098,-0.021556870347217538,-0.08816968423210503,-0.3017095419076773,-0.28458851207976876,-0.5072377323718363,1505520.0,6833386.628036499,1693165.15,2549937.75,7936562.216324329,13139858.449693775,0.015904395198813245,0.021553517126809155,yfinance_info_static_sharesOutstanding,1,1,1,14024428074.348694,0.0004872488626138751
2018-09-10,Hang Seng Corporate Sustainability Benchmark Index,Exclusion,2196,2196.HK,"Shanghai Fosun Pharmaceutical (Group) Co., Ltd. - H Shares",411,Exclusion,Hang Seng Corporate Sustainability Benchmark Index,unchanged,1,1,2196.HK,2196.HK,parse_ok,2196.HK,2018-09-07,30.899999618530273,-0.025236628553790497,-0.15342466798547194,-0.3744939541683443,-0.3628866058034995,-0.4256505565664661,4267500.0,131865748.37207794,5246101.9,5131732.266666667,170562370.36317605,190644581.9362883,0.03831667582399931,0.031786109385602036,yfinance_info_static_sharesOutstanding,1,1,1,17054961239.451408,0.007731811671729109
2018-09-10,Hang Seng Corporate Sustainability Benchmark Index,Exclusion,2282,2282.HK,MGM China Holdings Ltd.,412,Exclusion,Hang Seng Corporate Sustainability Benchmark Index,unchanged,1,1,2282.HK,2282.HK,parse_ok,2282.HK,2018-09-07,13.420000076293945,-0.09324324977406617,-0.18469010797494256,-0.365484618518092,-0.365484618518092,-0.46533865050450895,10104930.0,135608161.37094498,9372959.9,8853025.383333333,135357549.83321604,144043033.65246066,0.027227649581504598,0.027752741438563957,yfinance_info_static_sharesOutstanding,1,1,1,50937153482.22244,0.002662264223662862
2018-09-10,Hang Seng Corporate Sustainability Benchmark Index,Exclusion,2331,2331.HK,Li Ning Co. Ltd.,413,Exclusion,Hang Seng Corporate Sustainability Benchmark Index,unchanged,1,1,2331.HK,2331.HK,parse_ok,2331.HK,2018-09-07,7.300000190734863,-0.11835743645424801,-0.10098518551490843,-0.25128203171950125,-0.20479303398072368,-0.2551020358513416,17698753.0,129200900.27576923,15779766.05,13300172.233333332,129770587.62088421,112318896.44749804,0.02409956287530102,0.027579099245515038,yfinance_info_static_sharesOutstanding,1,1,1,18797677048.946884,0.006873237578204246
2018-09-10,Hang Seng Corporate Sustainability Benchmark Index,Exclusion,2342,2342.HK,Comba Telecom Systems Holdings Ltd.,414,Exclusion,Hang Seng Corporate Sustainability Benchmark Index,unchanged,1,1,2342.HK,2342.HK,parse_ok,2342.HK,2018-09-07,1.309999942779541,0.0479999542236329,0.201834773086218,0.023437478172126713,-0.015037668789816938,-0.25988703000221713,5815983.0,7618937.397206783,6625418.7,5083620.95,8263072.784612751,5960015.072884756,0.03700995595978163,0.02900828700419303,yfinance_info_static_sharesOutstanding,1,1,1,4081297729.38997,0.0018667928444283293
2018-09-10,Hang Seng Corporate Sustainability Benchmark Index,Exclusion,2628,2628.HK,China Life Insurance Co. Ltd. - H Shares,415,Exclusion,Hang Seng Corporate Sustainability Benchmark Index,unchanged,1,1,2628.HK,2628.HK,parse_ok,2628.HK,2018-09-07,16.899999618530273,-0.047350629279909184,-0.11795408386639883,-0.24384790469435613,-0.24044945534695406,-0.38989172732654864,62800812.0,1061333698.8433914,39001161.55,39152320.06666667,707244943.0717447,758024706.4799805,0.012043817919256761,0.011978326573657168,yfinance_info_static_sharesOutstanding,1,1,1,125755854661.417,0.008439636482141598
2018-09-10,Hang Seng Corporate Sustainability Benchmark Index,Exclusion,3328,3328.HK,"Bank of Communications Co., Ltd. - H Shares",416,Exclusion,Hang Seng Corporate Sustainability Benchmark Index,unchanged,1,1,3328.HK,3328.HK,parse_ok,3328.HK,2018-09-07,5.559999942779541,-0.019400376020153987,0.0,-0.12302842129900671,-0.12302842129900671,-0.20229553656462007,62955530.0,350032743.1976557,29243574.85,30423049.116666667,164327856.08264312,174035810.19437054,0.008907670472631543,0.01382231674426179,yfinance_info_static_sharesOutstanding,1,1,1,194665954219.40515,0.0017981199876540245
2018-09-10,Hang Seng Corporate Sustainability Benchmark Index,Exclusion,3331,3331.HK,Vinda International Holdings Ltd.,417,Exclusion,Hang Seng Corporate Sustainability Benchmark Index,unchanged,1,1,3331.HK,3331.HK,parse_ok,3331.HK,2018-09-07,13.0,-0.010654515956226462,-0.0714285714285714,-0.07932010585244675,-0.11564624702876924,-0.19950737788065143,345149.0,4486937.0,282489.1,452705.35,3787783.7482738495,6184247.63189292,0.011083307243400063,0.016166517675712463,yfinance_info_static_sharesOutstanding,1,1,1,15642769792.0,0.0002868377569741327
2018-09-10,Hang Seng Corporate Sustainability Benchmark Index,Exclusion,3968,3968.HK,"China Merchants Bank Co., Ltd. - H Shares",418,Exclusion,Hang Seng Corporate Sustainability Benchmark Index,unchanged,1,1,3968.HK,3968.HK,parse_ok,3968.HK,2018-09-07,28.950000762939453,-0.03820596690883238,-0.05081964711673925,-0.09672382364790999,-0.08818895234836366,-0.249999950586821,23739004.0,687244183.9114227,19012415.6,24135468.25,560793644.637781,708449436.6906093,0.01652013086486086,0.01816163951057034,yfinance_info_static_sharesOutstanding,1,1,1,132906592431.97963,0.005170881077724929
2018-09-10,Hang Seng Corporate Sustainability Benchmark Index,Exclusion,3988,3988.HK,Bank of China Ltd. - H Shares,419,Exclusion,Hang Seng Corporate Sustainability Benchmark Index,unchanged,1,1,3988.HK,3988.HK,parse_ok,3988.HK,2018-09-07,3.430000066757202,-0.02832858511134717,-0.052486139449845814,-0.16949153227286906,-0.16545013252243945,-0.28541668115390617,567329432.0,1945939989.6333256,292954005.25,322136975.0833333,1034926614.122464,1190281867.2063887,0.00862832274572533,0.01124994739004937,yfinance_info_static_sharesOutstanding,1,1,1,286824413617.2392,0.006784429418306558
2018-09-10,Hang Seng Corporate Sustainability Benchmark Index,Inclusion,10,0010.HK,Hang Lung Group Ltd.,420,Inclusion,Hang Seng Corporate Sustainability Benchmark Index,unchanged,1,1,0010.HK,0010.HK,parse_ok,0010.HK,2018-09-07,21.0,-0.045454545454545414,-0.0561797752808989,-0.11949686942915261,-0.11578947368421055,-0.3247588507261755,820769.0,17236149.0,844527.65,1281867.3666666667,18457435.05061493,28388933.489786435,0.010488183383560406,0.012333318785894049,yfinance_info_static_sharesOutstanding,1,1,1,28593983082.0,0.000602789368328689
2018-09-10,Hang Seng Corporate Sustainability Benchmark Index,Inclusion,45,0045.HK,"The Hongkong and Shanghai Hotels, Ltd.",421,Inclusion,Hang Seng Corporate Sustainability Benchmark Index,unchanged,1,1,0045.HK,0045.HK,parse_ok,0045.HK,2018-09-07,11.260000228881836,-0.010544805303367766,0.06628785809182247,-0.14307458640183845,-0.13384613623985875,-0.19340972792887834,212500.0,2392750.04863739,688296.45,507668.9,7504623.1545003895,5649149.635253175,0.016658589358938047,0.015756772928473176,yfinance_info_static_sharesOutstanding,1,1,1,18769743092.532253,0.00012747910489991585
2018-09-10,Hang Seng Corporate Sustainability Benchmark Index,Inclusion,78,0078.HK,Regal Hotels International Holdings Ltd.,423,Inclusion,Hang Seng Corporate Sustainability Benchmark Index,unchanged,1,1,0078.HK,0078.HK,parse_ok,0078.HK,2018-09-07,4.199999809265137,-0.049773815210716665,-0.07488990208033341,-0.17322837158606175,-0.1715976988046436,-0.3170732123355833,148000.0,621599.9717712402,172393.95,214726.41666666666,759600.8439405442,984684.6054004271,0.0116102612061142,0.01262488461062817,yfinance_info_static_sharesOutstanding,1,1,1,3774959828.567505,0.00016466399643969736
2018-09-10,Hang Seng Corporate Sustainability Benchmark Index,Inclusion,87,0087.HK,Swire Pacific Ltd. 'B',424,Inclusion,Hang Seng Corporate Sustainability Benchmark Index,unchanged,1,1,0087.HK,0087.HK,parse_ok,0087.HK,2018-09-07,13.539999961853027,-0.05314686844369754,-0.061026359901870775,-0.04647886311811611,-0.0789115552696118,-0.0789115552696118,445713.0,6034954.002997398,991389.15,1367693.1666666667,14236262.674761152,19283559.86880034,0.01321685870514342,0.012045367218468194,yfinance_info_static_sharesOutstanding,1,1,1,38574545941.32185,0.00015644912612004672
2018-09-10,Hang Seng Corporate Sustainability Benchmark Index,Inclusion,142,0142.HK,First Pacific Co. Ltd.,425,Inclusion,Hang Seng Corporate Sustainability Benchmark Index,unchanged,1,1,0142.HK,0142.HK,parse_ok,0142.HK,2018-09-07,3.7699999809265137,0.05307264281273194,0.04432135470365206,-0.08048778814194346,-0.10663503119385231,-0.40158732273200737,3146258.0,11861392.599989891,3470419.85,4199048.666666667,12592721.467313707,15693353.377609948,0.01293928211177575,0.013108061952041965,yfinance_info_static_sharesOutstanding,1,1,1,16068192428.036512,0.0007381908483553878
2018-09-10,Hang Seng Corporate Sustainability Benchmark Index,Inclusion,163,0163.HK,Emperor International Holdings Ltd.,426,Inclusion,Hang Seng Corporate Sustainability Benchmark Index,unchanged,1,1,0163.HK,0163.HK,parse_ok,0163.HK,2018-09-07,2.0999999046325684,0.0,-0.0789473986911865,-0.13934432156333798,-0.15662654755440464,-0.30693071799952487,436000.0,915599.9584197998,523221.9,688471.3833333333,1114237.8276361465,1568328.865653666,0.011878445471569354,0.01339933348582254,yfinance_info_static_sharesOutstanding,1,1,1,11584268323.922873,7.903822087140183e-05
2018-09-10,Hang Seng Corporate Sustainability Benchmark Index,Inclusion,173,0173.HK,K. Wah International Holdings Ltd.,427,Inclusion,Hang Seng Corporate Sustainability Benchmark Index,unchanged,1,1,0173.HK,0173.HK,parse_ok,0173.HK,2018-09-07,3.950000047683716,-0.0856481734433282,-0.12803534994740584,-0.22244092381756586,-0.20841678780305917,-0.3166090130964393,6268145.0,24759173.048888445,3091278.0,2841481.3333333335,13209089.37346288,12647166.4828553,0.01681279020706723,0.016417724111010352,yfinance_info_static_sharesOutstanding,1,1,1,12453278147.983814,0.001988165104374301
2018-09-10,Hang Seng Corporate Sustainability Benchmark Index,Inclusion,175,0175.HK,Geely Automobile Holdings Ltd.,428,Inclusion,Hang Seng Corporate Sustainability Benchmark Index,unchanged,1,1,0175.HK,0175.HK,parse_ok,0175.HK,2018-09-07,15.199999809265137,-0.0887290448940461,-0.10271550589943812,-0.36268345634598875,-0.35181239596003233,-0.4785591763918001,47114814.0,716145163.8135624,56086231.9,51668398.68333333,911450266.3101337,946133843.50779,0.0322444313037402,0.02696193982805837,yfinance_info_static_sharesOutstanding,1,1,1,164155997254.51367,0.004362589096901673
2018-09-10,Hang Seng Corporate Sustainability Benchmark Index,Inclusion,179,0179.HK,Johnson Electric Holdings Ltd.,429,Inclusion,Hang Seng Corporate Sustainability Benchmark Index,unchanged,1,1,0179.HK,0179.HK,parse_ok,0179.HK,2018-09-07,21.950000762939453,-0.04565214074176294,-0.035164801629035014,-0.14424947019951762,-0.16698290530669258,-0.35441174226648664,361466.0,7934178.975776672,460285.75,514827.65,10583708.721765041,12068200.567682171,0.02506062080346928,0.024128487937365883,yfinance_info_static_sharesOutstanding,1,1,1,20361019004.00953,0.00038967494574874956
2018-09-10,Hang Seng Corporate Sustainability Benchmark Index,Inclusion,288,0288.HK,WH Group Ltd.,430,Inclusion,Hang Seng Corporate Sustainability Benchmark Index,unchanged,1,1,0288.HK,0288.HK,parse_ok,0288.HK,2018-09-07,5.71999979019165,-0.033783831676485354,-0.0684039227079567,-0.20445066138109147,-0.18750002539970667,-0.41273101390073363,24531146.0,140318149.97316074,52119740.5,43588250.38333333,315257486.6403789,272141480.8438393,0.03329431302169861,0.026729299349523276,yfinance_info_static_sharesOutstanding,1,1,1,73388853134.11281,0.0019119817789867827
2018-09-10,Hang Seng Corporate Sustainability Benchmark Index,Inclusion,345,0345.HK,Vitasoy International Holdings Ltd.,431,Inclusion,Hang Seng Corporate Sustainability Benchmark Index,unchanged,1,1,0345.HK,0345.HK,parse_ok,0345.HK,2018-09-07,24.450000762939453,-0.02976190386085198,-0.08426966051338391,-0.02199996948242189,-0.16977928252864816,-0.16977928252864816,1146676.0,28036229.07484436,1349253.0,1418640.2833333334,34531720.41998787,36981033.01622753,0.020037643098342,0.023447113291207956,yfinance_info_static_sharesOutstanding,1,1,1,24848269001.41704,0.0011282970686306364
2018-09-10,Hang Seng Corporate Sustainability Benchmark Index,Inclusion,517,0517.HK,"COSCO SHIPPING International (Hong Kong) Co., Ltd.",432,Inclusion,Hang Seng Corporate Sustainability Benchmark Index,unchanged,1,1,0517.HK,0517.HK,parse_ok,0517.HK,2018-09-07,2.740000009536743,-0.010830314655719264,-0.06484643443395643,-0.13291141293862885,-0.13015875346596273,-0.2080924915237372,140800.0,385792.00134277344,419763.35,433361.45,1186203.112521279,1262549.8937494794,0.00920090976069353,0.012259799710753128,yfinance_info_static_sharesOutstanding,1,1,1,4016761729.440593,9.604552804691803e-05
2018-09-10,Hang Seng Corporate Sustainability Benchmark Index,Inclusion,968,0968.HK,Xinyi Solar Holdings Ltd.,433,Inclusion,Hang Seng Corporate Sustainability Benchmark Index,unchanged,1,1,0968.HK,0968.HK,parse_ok,0968.HK,2018-09-07,2.259999990463257,-0.03418800283779255,-0.02586204504569778,-0.08502025737430108,-0.12741310217838187,-0.3973333358764648,16094673.0,36373960.82650924,12715895.65,17266499.183333334,28960602.19250655,40979632.996095195,0.029678875235311698,0.02511716734367004,yfinance_info_static_sharesOutstanding,1,1,1,20672318482.666996,0.0017595491699205154
2018-09-10,Hang Seng Corporate Sustainability Benchmark Index,Inclusion,1112,1112.HK,Health and Happiness (H&H) International Holdings Ltd.,434,Inclusion,Hang Seng Corporate Sustainability Benchmark Index,unchanged,1,1,1112.HK,1112.HK,parse_ok,1112.HK,2018-09-07,46.29999923706055,-0.0693467490038081,-0.14259260672110097,-0.23848684509787865,-0.24959483525856008,-0.26097369338554044,737500.0,34146249.43733215,1322295.35,1266907.9166666667,64848617.84843864,67469491.42407717,0.04139807114313879,0.0322394192789298,yfinance_info_static_sharesOutstanding,1,1,1,29889490197.675774,0.0011424165889583286
2018-09-10,Hang Seng Corporate Sustainability Benchmark Index,Inclusion,1138,1138.HK,"COSCO SHIPPING Energy Transportation Co., Ltd. - H Shares",435,Inclusion,Hang Seng Corporate Sustainability Benchmark Index,unchanged,1,1,1138.HK,1138.HK,parse_ok,1138.HK,2018-09-07,3.440000057220459,0.002915449057909525,-0.07526880893449261,-0.20919537180747927,-0.20370372210019827,-0.2586206559902413,5637506.0,19393020.96258068,3219128.65,4727783.083333333,11174857.118821716,17190307.2980508,0.01896853663441067,0.02130992115730179,yfinance_info_static_sharesOutstanding,1,1,1,4458240074.157715,0.004349927469135802
2018-09-10,Hang Seng Corporate Sustainability Benchmark Index,Inclusion,1257,1257.HK,China Everbright Greentech Ltd.,436,Inclusion,Hang Seng Corporate Sustainability Benchmark Index,unchanged,1,1,1257.HK,1257.HK,parse_ok,1257.HK,2018-09-07,6.860000133514404,-0.11369504698016675,-0.18138424345688953,-0.16949153227286906,-0.19199053964038948,-0.21689498238859706,2793679.0,19164638.312996387,2464822.55,2988663.85,19141445.97184994,23686202.83152214,0.023248686038826974,0.02816543812735138,yfinance_info_static_sharesOutstanding,1,1,1,14173295355.851173,0.0013521653103125825
2018-09-10,Hang Seng Corporate Sustainability Benchmark Index,Inclusion,1299,1299.HK,AIA Group Ltd.,437,Inclusion,Hang Seng Corporate Sustainability Benchmark Index,unchanged,1,1,1299.HK,1299.HK,parse_ok,1299.HK,2018-09-07,64.05000305175781,-0.0539142401922833,-0.07509020863887639,-0.09978915420737777,-0.0869564980960229,-0.13853390226966023,27947373.0,1790029325.938614,19935014.25,19487291.483333334,1331881772.7360063,1317528528.7744975,0.01514067508807882,0.014193211500735317,yfinance_info_static_sharesOutstanding,1,1,1,668896217632.5568,0.002676094256107644
2018-09-10,Hang Seng Corporate Sustainability Benchmark Index,Inclusion,1658,1658.HK,"Postal Savings Bank of China Co., Ltd. - H Shares",438,Inclusion,Hang Seng Corporate Sustainability Benchmark Index,unchanged,1,1,1658.HK,1658.HK,parse_ok,1658.HK,2018-09-07,4.730000019073486,0.023809553298526298,-0.08510639279059118,-0.11423223147639494,-0.12081785902247677,-0.153846173531188,53505412.0,253080599.78053474,29553350.5,28460573.466666665,139224825.58562928,141553312.43521264,0.01890762685208881,0.017101271303623114,yfinance_info_static_sharesOutstanding,1,1,1,93919670288.72633,0.002694649576627755
2018-09-10,Hang Seng Corporate Sustainability Benchmark Index,Inclusion,1686,1686.HK,SUNeVision Holdings Ltd.,439,Inclusion,Hang Seng Corporate Sustainability Benchmark Index,unchanged,1,1,1686.HK,1686.HK,parse_ok,1686.HK,2018-09-07,5.340000152587891,-0.15905508145092162,-0.05820104396219883,0.04093567903747686,-0.15905508145092162,-0.2360514553015971,1971934.0,10530127.86089325,1359885.2,1172601.4666666666,7968056.739073467,6353688.846852533,0.02993170886730443,0.023200742204321133,yfinance_info_static_sharesOutstanding,1,1,1,12606722198.450916,0.0008352788056349149
2018-09-10,Hang Seng Corporate Sustainability Benchmark Index,Inclusion,3320,3320.HK,China Resources Pharmaceutical Group Ltd.,440,Inclusion,Hang Seng Corporate Sustainability Benchmark Index,unchanged,1,1,3320.HK,3320.HK,parse_ok,3320.HK,2018-09-07,12.4399995803833,-0.00955420662613804,0.08741259061886208,0.09122806988191012,-0.026604081353047482,-0.026604081353047482,3910612.0,48648011.6390419,3821970.6,3354393.15,45833790.14747882,38326556.49538994,0.018194978775454337,0.02088308211334828,yfinance_info_static_sharesOutstanding,1,1,1,78154427498.5937,0.0006224600857055382
2018-09-10,Hang Seng Corporate Sustainability Benchmark Index,Inclusion,3618,3618.HK,"Chongqing Rural Commercial Bank Co., Ltd. - H Shares",441,Inclusion,Hang Seng Corporate Sustainability Benchmark Index,unchanged,1,1,3618.HK,3618.HK,parse_ok,3618.HK,2018-09-07,4.179999828338623,-0.011820376006952182,-0.091304366304654,-0.19923371717508132,-0.20683114924722612,-0.42896178547630914,10510883.0,43935489.13568735,10939778.4,9923219.916666666,46016678.6952981,44575681.82441736,0.02109756316226017,0.01876714089029463,yfinance_info_static_sharesOutstanding,1,1,1,10505744219.937275,0.00418204443358794
2018-09-10,Hang Seng Corporate Sustainability Index,Exclusion,66,0066.HK,MTR Corporation Ltd.,442,Exclusion,Hang Seng Corporate Sustainability Index,unchanged,1,1,0066.HK,0066.HK,parse_ok,0066.HK,2018-09-07,39.849998474121094,-0.014833183621793311,-0.004993776947550654,-0.09534621647407138,-0.09431821649724792,-0.14393127546187545,3885272.0,154828083.2715454,3709459.15,3668246.7333333334,148343765.28283215,152245687.99048138,0.009556997549550798,0.010776501370259274,yfinance_info_static_sharesOutstanding,1,1,1,247667164285.68466,0.0006251457827205178
2018-09-10,Hang Seng Corporate Sustainability Index,Exclusion,390,0390.HK,China Railway Group Ltd. - H Shares,443,Exclusion,Hang Seng Corporate Sustainability Index,unchanged,1,1,0390.HK,0390.HK,parse_ok,0390.HK,2018-09-07,6.690000057220459,-0.013274358377996953,-0.017621128717675627,0.061904738837810225,-0.02620084881180096,-0.02620084881180096,34773856.0,232637098.629776,19584788.25,21076723.466666665,130644283.2468426,136188361.87025037,0.01476588574454078,0.021183997360478515,yfinance_info_static_sharesOutstanding,1,1,1,28147439340.748787,0.008264947152510227
2018-09-10,Hang Seng Corporate Sustainability Index,Exclusion,1398,1398.HK,Industrial and Commercial Bank of China Ltd. - H Shares,445,Exclusion,Hang Seng Corporate Sustainability Index,unchanged,1,1,1398.HK,1398.HK,parse_ok,1398.HK,2018-09-07,5.639999866485596,-0.024221511806380325,-0.024221511806380325,-0.12422363099793943,-0.11598749759899785,-0.24193550764666705,333386494.0,1880299781.6481009,244379170.65,298022985.81666666,1396710066.6118798,1719951735.6391516,0.00994807793167413,0.012966650573394347,yfinance_info_static_sharesOutstanding,1,1,1,489518399673.7449,0.0038411217696848305
2018-09-10,Hang Seng Corporate Sustainability Index,Exclusion,3968,3968.HK,"China Merchants Bank Co., Ltd. - H Shares",446,Exclusion,Hang Seng Corporate Sustainability Index,unchanged,1,1,3968.HK,3968.HK,parse_ok,3968.HK,2018-09-07,28.950000762939453,-0.03820596690883238,-0.05081964711673925,-0.09672382364790999,-0.08818895234836366,-0.249999950586821,23739004.0,687244183.9114227,19012415.6,24135468.25,560793644.637781,708449436.6906093,0.01652013086486086,0.01816163951057034,yfinance_info_static_sharesOutstanding,1,1,1,132906592431.97963,0.005170881077724929
2018-09-10,Hang Seng Corporate Sustainability Index,Exclusion,3988,3988.HK,Bank of China Ltd. - H Shares,447,Exclusion,Hang Seng Corporate Sustainability Index,unchanged,1,1,3988.HK,3988.HK,parse_ok,3988.HK,2018-09-07,3.430000066757202,-0.02832858511134717,-0.052486139449845814,-0.16949153227286906,-0.16545013252243945,-0.28541668115390617,567329432.0,1945939989.6333256,292954005.25,322136975.0833333,1034926614.122464,1190281867.2063887,0.00862832274572533,0.01124994739004937,yfinance_info_static_sharesOutstanding,1,1,1,286824413617.2392,0.006784429418306558
2018-09-10,Hang Seng Corporate Sustainability Index,Inclusion,69,0069.HK,Shangri-La Asia Ltd.,448,Inclusion,Hang Seng Corporate Sustainability Index,unchanged,1,1,0069.HK,0069.HK,parse_ok,0069.HK,2018-09-07,11.279999732971191,-0.06776864649973946,-0.048903873566262024,-0.3269689988707267,-0.32374103557593925,-0.4331658316984288,4751905.0,53601487.13110447,4284058.85,3633135.6666666665,50524545.82327719,46912904.96158353,0.0222526530936723,0.02143045549106544,yfinance_info_static_sharesOutstanding,1,1,1,40157286356.645905,0.001334788577471535
2018-09-10,Hang Seng Corporate Sustainability Index,Inclusion,87,0087.HK,Swire Pacific Ltd. 'B',449,Inclusion,Hang Seng Corporate Sustainability Index,unchanged,1,1,0087.HK,0087.HK,parse_ok,0087.HK,2018-09-07,13.539999961853027,-0.05314686844369754,-0.061026359901870775,-0.04647886311811611,-0.0789115552696118,-0.0789115552696118,445713.0,6034954.002997398,991389.15,1367693.1666666667,14236262.674761152,19283559.86880034,0.01321685870514342,0.012045367218468194,yfinance_info_static_sharesOutstanding,1,1,1,38574545941.32185,0.00015644912612004672
2018-09-10,Hang Seng Corporate Sustainability Index,Inclusion,316,0316.HK,Orient Overseas (International) Ltd.,450,Inclusion,Hang Seng Corporate Sustainability Index,unchanged,1,1,0316.HK,0316.HK,parse_ok,0316.HK,2018-09-07,51.0,0.0009813392799185028,-0.3821926333785398,-0.3117408765155185,-0.3821926333785398,-0.3821926333785398,123000.0,6273000.0,3066515.7,2002913.1166666667,204309543.81983796,143026686.45118842,0.06721447587728907,0.04184751299312902,yfinance_info_static_sharesOutstanding,1,1,1,33679038147.0,0.00018625828839351146
2018-09-10,Hang Seng Corporate Sustainability Index,Inclusion,683,0683.HK,Kerry Properties Ltd.,451,Inclusion,Hang Seng Corporate Sustainability Index,unchanged,1,1,0683.HK,0683.HK,parse_ok,0683.HK,2018-09-07,27.799999237060547,-0.06554624413241861,-0.2862644751598573,-0.34123225747723585,-0.35648151050706245,-0.35648151050706245,3348232.0,93080847.04550171,3590121.05,2401404.2333333334,112700245.27434616,84716678.82416217,0.03411754116775806,0.025176369928652007,yfinance_info_static_sharesOutstanding,1,1,1,40346298131.1416,0.002307048015730012
2018-09-10,Hang Seng Corporate Sustainability Index,Inclusion,981,0981.HK,Semiconductor Manufacturing International Corporation,452,Inclusion,Hang Seng Corporate Sustainability Index,unchanged,1,1,0981.HK,0981.HK,parse_ok,0981.HK,2018-09-07,8.670000076293945,-0.06371491771109106,-0.12068961681732171,-0.2313829537644646,-0.24477348240337904,-0.3962395345697318,15911682.0,137954284.153965,26883716.75,35062542.46666667,239175073.62764496,346181391.7126711,0.025416314000491717,0.026540544969736363,yfinance_info_static_sharesOutstanding,1,1,1,52137583952.49838,0.002645966185921708
2018-09-10,Hang Seng Corporate Sustainability Index,Inclusion,1109,1109.HK,China Resources Land Ltd.,453,Inclusion,Hang Seng Corporate Sustainability Index,unchanged,1,1,1109.HK,1109.HK,parse_ok,1109.HK,2018-09-07,26.25,-0.0402193918145245,-0.0724381375380374,-0.12645588464355173,-0.09793815615495827,-0.18856255832595747,21718357.0,570106871.25,14015693.85,13075084.916666666,383523589.70268047,355212819.54967636,0.02429095407642759,0.02336881433631218,yfinance_info_static_sharesOutstanding,1,1,1,187187163948.75,0.0030456515245142
2018-09-10,Hang Seng Index,Exclusion,23,0023.HK,"The Bank of East Asia, Ltd.",454,Exclusion,Hang Seng Index,unchanged,1,1,0023.HK,0023.HK,parse_ok,0023.HK,2018-09-07,29.149999618530273,0.003442354013632798,-0.03636364897420585,-0.09331265209843931,-0.09752321030757205,-0.18461539528586646,22970908.0,669601959.437294,4563735.25,2369414.05,131107766.45764618,70129475.42458156,0.019513116831606787,0.015193126660298185,yfinance_info_static_sharesOutstanding,1,1,1,77067467396.3112,0.008688516465630531
2018-09-10,Hang Seng Index,Exclusion,144,0144.HK,China Merchants Port Holdings Co. Ltd.,455,Exclusion,Hang Seng Index,unchanged,1,1,0144.HK,0144.HK,parse_ok,0144.HK,2018-09-07,15.260000228881836,-0.04744071205775291,-0.06951215952226963,-0.1168981699939855,-0.11382108958347248,-0.43585949503560506,29879586.0,455962489.1988945,6377575.5,4735327.016666667,98326847.30953074,74886493.46912111,0.022722636353238904,0.016159488348264417,yfinance_info_static_sharesOutstanding,1,1,1,64061621139.20805,0.007117560890444416
2018-09-10,Hang Seng Index,Inclusion,1177,1177.HK,Sino Biopharmaceutical Ltd.,456,Inclusion,Hang Seng Index,unchanged,1,1,1177.HK,1177.HK,parse_ok,1177.HK,2018-09-07,6.159999847412109,-0.07042247440226135,-0.10810801854252405,-0.2859350532268593,-0.2826086666788097,-0.32058817589571065,228273081.0,1406162144.128292,116322186.65,82047047.26666667,747328467.6088402,578365852.8447205,0.03729325265227409,0.032958537259928915,yfinance_info_static_sharesOutstanding,1,1,1,110120730068.1456,0.012769277349125112
2018-09-10,Hang Seng Index,Inclusion,2313,2313.HK,Shenzhou International Group Holdings Ltd.,457,Inclusion,Hang Seng Index,unchanged,1,1,2313.HK,2313.HK,parse_ok,2313.HK,2018-09-07,96.94999694824219,-0.05873789370638649,0.023759240469983567,-0.017232686785014995,-0.05873789370638649,-0.05873789370638649,16745889.0,1623513887.4456024,4221030.1,3102230.6,410028702.1348995,298560313.01299566,0.020883764282885738,0.021316218411243065,yfinance_info_static_sharesOutstanding,1,1,1,145699945322.85852,0.011142858590976377
2018-09-10,Hang Seng Stock Connect China AH Index Series,Exclusion,317 / 600685,0317.HK / 600685.SH,CSSC Offshore & Marine Engineering (Group) Co. Ltd.,458,Exclusion,Hang Seng Stock Connect China AH Index Series,unchanged,1,1,0317.HK,0317.HK,parse_ok,0317.HK,2018-09-07,6.0,-0.08396949232350437,-0.23469389244597505,-0.329608924260676,-0.329608924260676,-0.589041106627971,890600.0,5343600.0,647620.0,526808.3333333334,4371956.795406342,4010294.0858682,0.02328533739412299,0.02021589126003543,yfinance_info_static_sharesOutstanding,1,1,1,3552427182.0,0.0015042109876525543
2018-09-10,Hang Seng Stock Connect China AH Index Series,Exclusion,317 / 600685,0317.HK / 600685.SH,CSSC Offshore & Marine Engineering (Group) Co. Ltd.,458,Exclusion,Hang Seng Stock Connect China AH Index Series,unchanged,2,0,600685.SH,600685.SS,parse_ok,600685.SS,2018-09-07,11.010000228881836,0.004562061182557864,-0.13782303569236154,-0.25608107520334045,-0.23594723487390457,-0.6058002109351376,3078750.0,33897038.20466995,4197072.1,5626325.85,49132875.320167735,72747897.40467878,0.026462294695333413,0.029268497375072054,yfinance_info_static_sharesOutstanding,1,1,1,9044001530.821592,0.0037480133201161247
2018-09-10,Hang Seng Stock Connect China AH Index Series,Inclusion,1528 / 601828,1528.HK / 601828.SH,Red Star Macalline Group Corporation Ltd.,459,Inclusion,Hang Seng Stock Connect China AH Index Series,unchanged,1,1,1528.HK,1528.HK,parse_ok,1528.HK,2018-09-07,7.1090898513793945,-0.029776714823892103,-0.13303780283666944,-0.3128296058396045,-0.292947660309657,-0.4275256890442024,2232789.0,15873097.620171547,1534667.7,2260286.45,11247079.718971323,19755270.893781815,0.03003692861368511,0.02385888207778401,yfinance_info_static_sharesOutstanding,1,1,1,5269866177.64274,0.003012049468639777
2018-09-10,Hang Seng Stock Connect China AH Index Series,Inclusion,1528 / 601828,1528.HK / 601828.SH,Red Star Macalline Group Corporation Ltd.,459,Inclusion,Hang Seng Stock Connect China AH Index Series,unchanged,2,0,601828.SH,601828.SS,parse_ok,601828.SS,2018-09-07,11.945453643798828,-0.0007604954636322159,-0.024498903412532247,-0.2183224967717472,-0.22751328755375178,-0.44603715199853944,4432029.0,52942596.96747208,5252532.7,8382764.333333333,62867324.66581311,109489702.1130746,0.014547920968865492,0.02427816804234911,yfinance_info_static_sharesOutstanding,1,1,1,43164264098.69664,0.0012265376943857292
2018-12-10,Hang Seng China Enterprises Index,Exclusion,6881,6881.HK,"China Galaxy Securities Co., Ltd. - H Shares",460,Exclusion,Hang Seng China Enterprises Index,unchanged,1,1,6881.HK,6881.HK,parse_ok,6881.HK,2018-12-07,4.010000228881836,-0.04523799738375334,0.012626310670001972,0.13276843844449782,-0.09887631443650813,-0.4230215339666554,130407702.0,522934914.86795425,26713119.5,25325322.5,111120507.58301923,98661105.42987992,0.024715931531226604,0.030652471809544245,yfinance_info_static_sharesOutstanding,1,1,1,14800849223.12934,0.035331412879388166
2018-12-10,Hang Seng China Enterprises Index,Inclusion,788,0788.HK,China Tower Corporation Ltd. - H Shares,461,Inclusion,Hang Seng China Enterprises Index,unchanged,1,1,0788.HK,0788.HK,parse_ok,0788.HK,2018-12-07,12.399999618530273,0.0689654492027858,0.0689654492027858,0.05982904450227533,0.0,-0.04615387549767125,183112257.0,2270591916.9482174,32855541.55,25319514.1,390339236.2340025,296915544.97322637,0.016119422112394206,0.0169783876465502,yfinance_info_static_sharesOutstanding,1,1,1,56379550705.55706,0.04027332407820015
2018-12-10,Hang Seng Composite LargeCap & MidCap Index,Inclusion,788,0788.HK,China Tower Corporation Ltd. - H Shares MidCap Telecommunications,462,Inclusion,Hang Seng Composite LargeCap & MidCap Index,unchanged,1,1,0788.HK,0788.HK,parse_ok,0788.HK,2018-12-07,12.399999618530273,0.0689654492027858,0.0689654492027858,0.05982904450227533,0.0,-0.04615387549767125,183112257.0,2270591916.9482174,32855541.55,25319514.1,390339236.2340025,296915544.97322637,0.016119422112394206,0.0169783876465502,yfinance_info_static_sharesOutstanding,1,1,1,56379550705.55706,0.04027332407820015
2018-12-10,Hang Seng Composite LargeCap & MidCap Index,Inclusion,2048,2048.HK,E-House (China) Enterprise Holdings Ltd. MidCap Properties & Construction,463,Inclusion,Hang Seng Composite LargeCap & MidCap Index,unchanged,1,1,2048.HK,2048.HK,parse_ok,2048.HK,2018-12-07,13.15999984741211,-0.02518519648799189,-0.06401141858779014,-0.06534091486356974,-0.09241380362675111,-0.09241380362675111,30600.0,402695.99533081055,100330.0,327658.3333333333,1372667.3096132278,4634924.6997276945,0.021848588190238095,0.021649109040405012,yfinance_info_static_sharesOutstanding,1,1,1,23017623147.914696,1.7495116361190978e-05
2018-12-10,Hang Seng Composite LargeCap & MidCap Index,Inclusion,6862,6862.HK,Haidilao International Holding Ltd. LargeCap Consumer Services,464,Inclusion,Hang Seng Composite LargeCap & MidCap Index,unchanged,1,1,6862.HK,6862.HK,parse_ok,6862.HK,2018-12-07,17.219999313354492,-0.008064590557306128,0.007017481240222834,,-0.03367005565347991,-0.03367005565347991,1271001.0,21886636.347272873,1063790.8,5871811.470588235,18451766.282794856,103148369.15035608,0.009092777959757598,0.02217548974064862,yfinance_info_static_sharesOutstanding,1,1,1,93254533296.28613,0.0002346978272652458
2019-03-11,Hang Seng China 50 Index,Exclusion,1336 / 601336,1336.HK / 601336.SH,"New China Life Insurance Co., Ltd.",465,Exclusion,Hang Seng China 50 Index,unchanged,1,1,1336.HK,1336.HK,parse_ok,1336.HK,2019-03-08,36.79999923706055,-0.08684863687990696,0.14285709208477582,0.09850743991225519,-0.10024455099895635,-0.21451439838598807,24018029.0,883863448.8756981,14230104.9,9788313.483333332,534874462.0479822,330150340.672504,0.03245207965299096,0.028332006665945635,yfinance_info_static_sharesOutstanding,1,1,1,38055146379.03877,0.02322585860194038
2019-03-11,Hang Seng China 50 Index,Exclusion,1336 / 601336,1336.HK / 601336.SH,"New China Life Insurance Co., Ltd.",465,Exclusion,Hang Seng China 50 Index,unchanged,2,0,601336.SH,601336.SS,parse_ok,601336.SS,2019-03-08,49.150001525878906,-0.06076820550173656,0.17303101995168535,0.10923042208491829,-0.09132924039144474,-0.12043663947022398,34693802.0,1705200421.2385406,27352913.5,18102196.566666666,1332184073.3319616,813577738.6181359,0.03236502792911746,0.024661206687016848,yfinance_info_static_sharesOutstanding,1,1,1,102499346743.1279,0.016636207697127262
2019-03-11,Hang Seng China 50 Index,Inclusion,601360,601360.SH,"360 Security Technology, Inc.",466,Inclusion,Hang Seng China 50 Index,unchanged,1,1,601360.SH,601360.SS,parse_ok,601360.SS,2019-03-08,27.75,0.07391640232714236,0.38334998697849443,0.22246691926571627,-0.022887310819052487,-0.5611954575667117,25989174.0,721199578.5,16124646.95,7661769.066666666,408394941.031796,183945245.8341989,0.036548728202246764,0.025464096359743196,yfinance_info_static_sharesOutstanding,1,1,1,194237731142.25,0.003712973654803605
2019-03-11,Hang Seng China Enterprises Index,Exclusion,6060,6060.HK,"ZhongAn Online P & C Insurance Co., Ltd. - H Shares",467,Exclusion,Hang Seng China Enterprises Index,unchanged,1,1,6060.HK,6060.HK,parse_ok,6060.HK,2019-03-08,29.399999618530273,-0.03606558627769596,0.10112354975429483,-0.06369426828972724,-0.06070286469146591,-0.5879467379499137,12946100.0,380615335.0614548,4171804.1,2661091.216666667,123204141.90903787,75378241.95782779,0.03467568203724077,0.029505011270542215,yfinance_info_static_sharesOutstanding,1,1,1,48063498636.36837,0.007919010181532089
2019-03-11,Hang Seng China Enterprises Index,Inclusion,3323,3323.HK,China National Building Material Co. Ltd. - H Shares,468,Inclusion,Hang Seng China Enterprises Index,unchanged,1,1,3323.HK,3323.HK,parse_ok,3323.HK,2019-03-08,6.429999828338623,-0.010769257178673386,0.038772175912698215,0.10102733909849038,-0.05994156653551319,-0.343877581306816,107189178.0,689226396.1397581,36742491.95,26615059.333333332,238648144.34473437,160483496.50694275,0.024414202586848836,0.02125215858114499,yfinance_info_static_sharesOutstanding,1,1,1,23896433332.31814,0.02884222873576832
2019-03-11,Hang Seng Composite LargeCap & MidCap Index,Exclusion,242,0242.HK,Shun Tak Holdings Ltd.,470,Exclusion,Hang Seng Composite LargeCap & MidCap Index,unchanged,1,1,0242.HK,0242.HK,parse_ok,0242.HK,2019-03-08,2.890000104904175,-0.08544302961799988,-0.08253967701322529,0.13333339566498914,-0.10526313070017856,-0.22933330535888674,5233000.0,15123370.548963547,7386349.0,4824058.383333334,22920090.504855476,14161053.27913062,0.01928320445858974,0.019922566155506107,yfinance_info_static_sharesOutstanding,1,1,1,8721042875.215319,0.00173412409104687
2019-03-11,Hang Seng Composite LargeCap & MidCap Index,Exclusion,315,0315.HK,SmarTone Telecommunications Holdings Ltd.,471,Exclusion,Hang Seng Composite LargeCap & MidCap Index,unchanged,1,1,0315.HK,0315.HK,parse_ok,0315.HK,2019-03-08,8.510000228881836,-0.0565410424611309,-0.09275051971691128,-0.13516259177661383,-0.12268037152399225,-0.21783086954322772,920500.0,7833455.21068573,867373.4,1022884.4666666667,7856702.630167007,9171526.966837326,0.01719953545602655,0.016346802637454073,yfinance_info_static_sharesOutstanding,1,1,1,9369098376.497824,0.0008360948829756958
2019-03-11,Hang Seng Composite LargeCap & MidCap Index,Exclusion,316,0316.HK,Orient Overseas (International) Ltd.,472,Exclusion,Hang Seng Composite LargeCap & MidCap Index,unchanged,1,1,0316.HK,0316.HK,parse_ok,0316.HK,2019-03-08,50.20000076293945,-0.0049554013125734375,-0.03461536994347203,0.008032159277248097,-0.06778083221182885,-0.3918837200833938,8000.0,401600.0061035156,6842.0,12221.583333333334,351638.80183792114,626830.8044062296,0.01610217846949639,0.013872461558670005,yfinance_info_static_sharesOutstanding,1,1,1,33150740013.224842,1.2114360220716192e-05
2019-03-11,Hang Seng Composite LargeCap & MidCap Index,Exclusion,439,0439.HK,KuangChi Science Ltd.,473,Exclusion,Hang Seng Composite LargeCap & MidCap Index,unchanged,1,1,0439.HK,0439.HK,parse_ok,0439.HK,2019-03-08,7.099999904632568,-0.06578947450975958,0.3921568700782341,0.16393442879246,-0.10126584570599995,-0.6991525512767638,1087000.0,7717699.896335602,1749373.85,826963.0,12667220.699050356,5597622.665623943,0.059118729206800724,0.042876511299567634,yfinance_info_static_sharesOutstanding,1,1,1,4371419431.882951,0.0017654905955824217
2019-03-11,Hang Seng Composite LargeCap & MidCap Index,Exclusion,698,0698.HK,Tongda Group Holdings Ltd.,474,Exclusion,Hang Seng Composite LargeCap & MidCap Index,unchanged,1,1,0698.HK,0698.HK,parse_ok,0698.HK,2019-03-08,38.292945861816406,-0.06593402401020054,-0.15841584490445948,-0.011627882934077904,-0.22018349051473673,-0.5641025418340609,1876583.0,71859891.22420502,3449491.75,1670271.2,142562994.22736606,70620339.15663071,0.05029090928421223,0.05807204593051772,yfinance_info_static_sharesOutstanding,1,1,1,7456101895.173767,0.009637729236334464
2019-03-11,Hang Seng Composite LargeCap & MidCap Index,Exclusion,737,0737.HK,Hopewell Highway Infrastructure Ltd.,475,Exclusion,Hang Seng Composite LargeCap & MidCap Index,unchanged,1,1,0737.HK,0737.HK,parse_ok,0737.HK,2019-03-08,4.099999904632568,-0.009661826846140142,0.030150724870352308,0.012345607788387003,-0.03301883821769058,-0.14583338714307992,906458.0,3716477.7135534286,708000.5,635604.1833333333,2909279.1567236423,2544260.253590584,0.009636299262452514,0.007866259141454092,yfinance_info_static_sharesOutstanding,1,1,1,12634929866.407112,0.0002941431217148696
2019-03-11,Hang Seng Composite LargeCap & MidCap Index,Exclusion,751,0751.HK,Skyworth Digital Holdings Ltd.,476,Exclusion,Hang Seng Composite LargeCap & MidCap Index,unchanged,1,1,0751.HK,0751.HK,parse_ok,0751.HK,2019-03-08,2.6500000953674316,0.060000038146972745,0.07723579442038497,0.4021164631877612,-0.07017537402020413,-0.350490160558554,37719438.0,99956514.29720592,42646136.95,27834554.866666667,109985503.16698821,65320923.82573483,0.037295843859284035,0.037213544641482604,yfinance_info_static_sharesOutstanding,1,1,1,5004389319.896505,0.01997376860744981
2019-03-11,Hang Seng Composite LargeCap & MidCap Index,Exclusion,777,0777.HK,NetDragon Websoft Holdings Ltd.,477,Exclusion,Hang Seng Composite LargeCap & MidCap Index,unchanged,1,1,0777.HK,0777.HK,parse_ok,0777.HK,2019-03-08,17.219999313354492,0.022565270624905764,0.1240208652988537,0.2680411936744005,-0.026018155196899206,-0.24307695325914325,1229529.0,21172488.535749435,556996.05,491902.01666666666,9256502.518930674,7124780.835580937,0.024516609180412405,0.024156045514918394,yfinance_info_static_sharesOutstanding,1,1,1,9059445926.535627,0.00233706218983371
2019-03-11,Hang Seng Composite LargeCap & MidCap Index,Exclusion,934,0934.HK,Sinopec Kantons Holdings Ltd.,478,Exclusion,Hang Seng Composite LargeCap & MidCap Index,unchanged,1,1,0934.HK,0934.HK,parse_ok,0934.HK,2019-03-08,3.690000057220459,-0.023809501283202916,-0.008064508376086854,0.12158057750922868,-0.041558402954656515,-0.24385246502331126,2034000.0,7505460.116386414,1790137.05,2001246.0,6684871.417843854,7061253.011373639,0.015907688228544326,0.014713376953348156,yfinance_info_static_sharesOutstanding,1,1,1,9173930542.259216,0.0008181291630466261
2019-03-11,Hang Seng Composite LargeCap & MidCap Index,Exclusion,1282,1282.HK,China Goldjoy Group Ltd.,479,Exclusion,Hang Seng Composite LargeCap & MidCap Index,unchanged,1,1,1282.HK,1282.HK,parse_ok,1282.HK,2019-03-08,6.845832824707031,-0.026666688361452473,-0.06410261424768504,0.042857028710479916,-0.2395834050578296,-0.47857148564476004,397532.0,2721437.6144714355,1702341.8,1775443.8333333333,11411639.269174218,13060224.007953605,0.03806853914498647,0.050989491266014236,yfinance_info_static_sharesOutstanding,1,1,1,34229164123.535156,7.95064e-05
2019-03-11,Hang Seng Composite LargeCap & MidCap Index,Exclusion,1293,1293.HK,Grand Baoxin Auto Group Ltd.,480,Exclusion,Hang Seng Composite LargeCap & MidCap Index,unchanged,1,1,1293.HK,1293.HK,parse_ok,1293.HK,2019-03-08,2.0999999046325684,-0.12133899060361497,-0.1358025321229781,-0.06666670905219185,-0.19847328383205287,-0.41828255798970737,5566500.0,11689649.469137192,2727392.8,2958846.183333333,6595561.408779765,6825080.700994754,0.027638514725086147,0.026134320207202362,yfinance_info_static_sharesOutstanding,1,1,1,5958773730.293823,0.0019617542129025905
2019-03-11,Hang Seng Composite LargeCap & MidCap Index,Exclusion,1919,1919.HK,"COSCO SHIPPING Holdings Co., Ltd. - H Shares",481,Exclusion,Hang Seng Composite LargeCap & MidCap Index,unchanged,1,1,1919.HK,1919.HK,parse_ok,1919.HK,2019-03-08,2.4000000953674316,-0.08504361670237848,-0.02803701680679982,0.03311303000599253,-0.10601699400120301,-0.3403804463353588,23045106.0,55308256.59775257,12465984.5,8203105.633333334,31899497.465508737,20199247.68776942,0.02437633092754097,0.0187181906933661,yfinance_info_static_sharesOutstanding,1,1,1,6595032262.063026,0.008386351180706932
2019-03-11,Hang Seng Composite LargeCap & MidCap Index,Exclusion,2048,2048.HK,E-House (China) Enterprise Holdings Ltd.,482,Exclusion,Hang Seng Composite LargeCap & MidCap Index,unchanged,1,1,2048.HK,2048.HK,parse_ok,2048.HK,2019-03-08,12.0600004196167,-0.017915253920063656,-0.011475359986654832,-0.07938930775331376,-0.1795917975444119,-0.1795917975444119,355800.0,4290948.149299622,420445.0,332060.0,5144789.459652901,4285915.947810809,0.01204060881194947,0.018348666844006538,yfinance_info_static_sharesOutstanding,1,1,1,21093658665.73459,0.00020342360788600487
2019-03-11,Hang Seng Composite LargeCap & MidCap Index,Inclusion,268,0268.HK,Kingdee International Software Group Co. Ltd.,483,Inclusion,Hang Seng Composite LargeCap & MidCap Index,unchanged,1,1,0268.HK,0268.HK,parse_ok,0268.HK,2019-03-08,9.039999961853027,0.024943341796021867,0.1160493254461723,0.1863517188477961,-0.043386228115066205,-0.18558561701093734,36532625.0,330254928.60639095,24113997.9,19400230.65,210524640.40766397,151189108.363789,0.02975969398133609,0.0308852404133279,yfinance_info_static_sharesOutstanding,1,1,1,31766293827.79266,0.010396394694222953
2019-03-11,Hang Seng Composite LargeCap & MidCap Index,Inclusion,467,0467.HK,United Energy Group Ltd.,484,Inclusion,Hang Seng Composite LargeCap & MidCap Index,unchanged,1,1,0467.HK,0467.HK,parse_ok,0467.HK,2019-03-08,1.2799999713897705,-0.007751930820906638,-0.030303090509739783,-0.11724142807133686,-0.12925173709016136,-0.21951220575930608,3624000.0,4638719.896316528,4437912.45,4666655.583333333,5851685.43410486,5926855.294337422,0.029477959208130546,0.03790213919985615,yfinance_info_static_sharesOutstanding,1,1,1,32905046227.714886,0.0001409729031898299
2019-03-11,Hang Seng Composite LargeCap & MidCap Index,Inclusion,612,0612.HK,China Ding Yi Feng Holdings Ltd.,485,Inclusion,Hang Seng Composite LargeCap & MidCap Index,unchanged,1,1,0612.HK,0612.HK,parse_ok,0612.HK,2019-03-08,23.100000381469727,-0.07599998474121095,-0.13320822843810332,-0.04742266468166079,-0.16152446384116903,-0.16152446384116903,0.0,0.0,2142115.3,3139533.5,53146022.96288671,74775881.20698974,0.021532942719039397,0.026429204796945056,yfinance_info_static_sharesOutstanding,1,1,1,36069121144.639725,0.0
2019-03-11,Hang Seng Composite LargeCap & MidCap Index,Inclusion,691,0691.HK,China Shanshui Cement Group Ltd.,486,Inclusion,Hang Seng Composite LargeCap & MidCap Index,unchanged,1,1,0691.HK,0691.HK,parse_ok,0691.HK,2019-03-08,2.619999885559082,0.14410477257782328,0.4086020781768105,0.08713684325700344,-0.029629689152511185,-0.5834658344278856,2017000.0,5284539.769172668,2509689.3,1220743.8666666667,5721006.522230053,2671658.038337676,0.05852105734524595,0.042574255961943086,yfinance_info_static_sharesOutstanding,1,1,1,11407391019.088108,0.0004632557751662928
2019-03-11,Hang Seng Composite LargeCap & MidCap Index,Inclusion,780,0780.HK,Tongcheng-Elong Holdings Ltd.,487,Inclusion,Hang Seng Composite LargeCap & MidCap Index,unchanged,1,1,0780.HK,0780.HK,parse_ok,0780.HK,2019-03-08,15.0,-0.010554079750826784,0.001335144083768558,0.3227513049527486,-0.04822336407642025,-0.04822336407642025,3467600.0,52014000.0,2729675.0,2108577.3333333335,40576151.28013611,28206785.248464584,0.02567286061233598,0.04207421845307292,yfinance_info_static_sharesOutstanding,1,1,1,35313180930.0,0.0014729344293029113
2019-03-11,Hang Seng Composite LargeCap & MidCap Index,Inclusion,2005,2005.HK,SSY Group Ltd.,489,Inclusion,Hang Seng Composite LargeCap & MidCap Index,unchanged,1,1,2005.HK,2005.HK,parse_ok,2005.HK,2019-03-08,6.769999980926514,-0.03971634074227781,-0.06620689918254985,-0.09249330478446638,-0.08882905284799825,-0.27360512847589746,4658983.0,31541314.82113695,5006119.2,5740897.883333334,35645670.1820672,36790649.04139851,0.027082981156104306,0.030938060243876235,yfinance_info_static_sharesOutstanding,1,1,1,19627877661.15132,0.0016069651220399354
2019-03-11,Hang Seng Composite LargeCap & MidCap Index,Inclusion,2331,2331.HK,Li Ning Co. Ltd.,490,Inclusion,Hang Seng Composite LargeCap & MidCap Index,unchanged,1,1,2331.HK,2331.HK,parse_ok,2331.HK,2019-03-08,11.100000381469727,-0.021164000695660823,0.08187135807495349,0.3198573820290107,-0.034782575524371584,-0.034782575524371584,23560295.0,261519283.4875393,14694046.75,11438241.233333332,157772064.81445217,112287261.40320222,0.01967559983161472,0.01932872274973856,yfinance_info_static_sharesOutstanding,1,1,1,28582769446.893772,0.009149543188018817
2019-03-11,Hang Seng Composite LargeCap & MidCap Index,Inclusion,2869,2869.HK,Greentown Service Group Co. Ltd.,491,Inclusion,Hang Seng Composite LargeCap & MidCap Index,unchanged,1,1,2869.HK,2869.HK,parse_ok,2869.HK,2019-03-08,6.769999980926514,-0.06491710014502705,-0.0985353162985857,0.06951027843975877,-0.0985353162985857,-0.17439022702450235,6319200.0,42780983.879470825,5088541.0,4807923.1,36435092.414032534,32057970.096719693,0.019663274995610318,0.019590442615083997,yfinance_info_static_sharesOutstanding,1,1,1,21222764973.56796,0.002015806325554314
2019-03-11,Hang Seng Composite LargeCap & MidCap Index,Inclusion,2888,2888.HK,Standard Chartered PLC,492,Inclusion,Hang Seng Composite LargeCap & MidCap Index,unchanged,1,1,2888.HK,2888.HK,parse_ok,2888.HK,2019-03-08,63.099998474121094,0.0007930093206274247,-0.007081050642672948,0.05430242410791841,-0.02548264904832287,-0.29457796951483195,651735.0,41124477.50553131,913955.85,737701.5833333334,58162353.92426948,45740032.40076148,0.01253460158982883,0.01431143082044311,yfinance_info_static_sharesOutstanding,1,1,1,139514542238.47095,0.00029476839364342113
2019-03-11,Hang Seng Composite LargeCap & MidCap Index,Inclusion,3633,3633.HK,Zhongyu Gas Holdings Ltd.,493,Inclusion,Hang Seng Composite LargeCap & MidCap Index,unchanged,1,1,3633.HK,3633.HK,parse_ok,3633.HK,2019-03-08,8.180000305175781,-0.002438963970067154,-0.002438963970067154,0.5580952962239583,-0.014457817204996615,-0.11853442450943064,2251000.0,18413180.686950684,1843053.1,1895068.8,15015162.41479225,13731657.405475887,0.011078346286045967,0.016808088654217818,yfinance_info_static_sharesOutstanding,1,1,1,22456597022.060646,0.0008199452779449247
2019-03-11,Hang Seng Index,Exclusion,836,0836.HK,China Resources Power Holdings Co. Ltd.,494,Exclusion,Hang Seng Index,unchanged,1,1,0836.HK,0836.HK,parse_ok,0836.HK,2019-03-08,14.640000343322754,-0.0027247929851148545,-0.06632652688850627,-0.02139035387755628,-0.09293674740085334,-0.0962963176634839,47179844.0,690712932.357914,13677746.7,9455963.866666667,205496565.9201982,144093746.25456586,0.015658487799721277,0.0159466558364592,yfinance_info_static_sharesOutstanding,1,1,1,75792127091.00172,0.009113254355938476
2019-03-11,Hang Seng Index,Inclusion,669,0669.HK,Techtronic Industries Co. Ltd.,495,Inclusion,Hang Seng Index,unchanged,1,1,0669.HK,0669.HK,parse_ok,0669.HK,2019-03-08,51.5,-0.025543964297030985,0.11713669641247981,0.15600450913493713,-0.03467663593314796,-0.03467663593314796,27920901.0,1437926401.5,5907167.8,4157995.6333333333,302099443.5462141,196521246.55864367,0.025124993235948984,0.022404443006283366,yfinance_info_static_sharesOutstanding,1,1,1,94231606961.5,0.015259491457972169
2019-03-11,Hang Seng Stock Connect China AH Index Series,Exclusion,525 / 601333,0525.HK / 601333.SH,Guangshen Railway Co. Ltd.,496,Exclusion,Hang Seng Stock Connect China AH Index Series,unchanged,1,1,0525.HK,0525.HK,parse_ok,0525.HK,2019-03-08,3.25,-0.046920845103648134,-0.006116202153874872,0.07615894719407379,-0.0819208940615993,-0.3737957679829853,8361218.0,27173958.5,4331209.4,3522451.6666666665,14710764.484892607,11289046.395142173,0.01952302576585683,0.015878080478264483,yfinance_info_static_sharesOutstanding,1,1,1,4651725000.0,0.005841694962621393
2019-03-11,Hang Seng Stock Connect China AH Index Series,Exclusion,525 / 601333,0525.HK / 601333.SH,Guangshen Railway Co. Ltd.,496,Exclusion,Hang Seng Stock Connect China AH Index Series,unchanged,2,0,601333.SH,601333.SS,parse_ok,601333.SS,2019-03-08,3.7699999809265137,-0.013088992981693415,0.08333332191481913,0.1599999941312349,-0.05750000476837158,-0.22903883765625077,72765794.0,274327041.9921026,48420313.0,30219820.983333334,182677731.3555718,107705152.67334504,0.022595709187926718,0.01682298467139998,yfinance_info_static_sharesOutstanding,1,1,1,21308933382.192135,0.012873804477766945
2019-03-11,Hang Seng Stock Connect China AH Index Series,Exclusion,921 / 000921,0921.HK / 000921.SZ,"Hisense Home Appliances Group Co., Ltd.",497,Exclusion,Hang Seng Stock Connect China AH Index Series,unchanged,1,1,0921.HK,0921.HK,parse_ok,0921.HK,2019-03-08,10.760000228881836,0.24970971636882888,0.16956526651725068,0.8299319760991055,-0.028880839081918075,-0.028880839081918075,6844000.0,73641441.56646729,5780315.2,3214580.183333333,55880116.94507065,28030724.028364636,0.059829083524103356,0.041471081209382185,yfinance_info_static_sharesOutstanding,1,1,1,4945186439.271759,0.014891539979494063
2019-03-11,Hang Seng Stock Connect China AH Index Series,Exclusion,921 / 000921,0921.HK / 000921.SZ,"Hisense Home Appliances Group Co., Ltd.",497,Exclusion,Hang Seng Stock Connect China AH Index Series,unchanged,2,0,000921.SZ,000921.SZ,parse_ok,000921.SZ,2019-03-08,11.399999618530273,0.19622244889361262,0.26807562945158536,0.5199999491373697,-0.036348293148684374,-0.1678832279383976,23373596.0,266458985.48368073,15856703.7,12144046.166666666,159737599.6347859,108060375.58079621,0.03668450622025896,0.028733619834676663,yfinance_info_static_sharesOutstanding,1,1,1,10548093185.236986,0.025261341628704442
2019-03-11,Hang Seng Stock Connect China AH Index Series,Exclusion,991 / 601991,0991.HK / 601991.SH,"Datang International Power Generation Co., Ltd.",498,Exclusion,Hang Seng Stock Connect China AH Index Series,unchanged,1,1,0991.HK,0991.HK,parse_ok,0991.HK,2019-03-08,2.2300000190734863,0.004504500150622537,0.042056032596943016,0.17989419891640646,-0.03879306756854661,-0.1679104613710758,8807343.0,19640375.057986736,9922543.6,8219893.3,22121021.096719228,16863321.79058149,0.017918127292434256,0.015488896319542027,yfinance_info_static_sharesOutstanding,1,1,1,13626685834.090855,0.0014413170815790737
2019-03-11,Hang Seng Stock Connect China AH Index Series,Exclusion,991 / 601991,0991.HK / 601991.SH,"Datang International Power Generation Co., Ltd.",498,Exclusion,Hang Seng Stock Connect China AH Index Series,unchanged,2,0,601991.SH,601991.SS,parse_ok,601991.SS,2019-03-08,3.380000114440918,0.0029674270686739224,0.09740266174223922,0.0628930954355813,-0.05322123875484053,-0.1612903378479832,32702862.0,110535677.30254555,26717023.3,13995002.166666666,88939127.8214927,45592257.43293912,0.018400209011257784,0.012449184320018174,yfinance_info_static_sharesOutstanding,1,1,1,41898782596.89982,0.0026381596421544795
2019-03-11,Hang Seng Stock Connect China AH Index Series,Exclusion,1157 / 000157,1157.HK / 000157.SZ,"Zoomlion Heavy Industry Science and Technology Co., Ltd",499,Exclusion,Hang Seng Stock Connect China AH Index Series,unchanged,1,1,1157.HK,1157.HK,parse_ok,1157.HK,2019-03-08,3.680000066757202,0.0027247929851148545,0.13230771284836984,0.32374104483084065,-0.06122449103716454,-0.06122449103716454,13753410.0,50612549.71813917,10228788.2,5820686.866666666,36914738.14950578,19543486.592008945,0.020892641566562457,0.015816641085265083,yfinance_info_static_sharesOutstanding,1,1,1,5713227880.28106,0.00885883615684682
2019-03-11,Hang Seng Stock Connect China AH Index Series,Exclusion,1157 / 000157,1157.HK / 000157.SZ,"Zoomlion Heavy Industry Science and Technology Co., Ltd",499,Exclusion,Hang Seng Stock Connect China AH Index Series,unchanged,2,0,000157.SZ,000157.SZ,parse_ok,000157.SZ,2019-03-08,4.170000076293945,-0.014184383571866466,0.11200002034505219,0.11796248122533592,-0.05442171868985468,-0.05442171868985468,79138573.0,330007855.44779396,41762028.35,24208737.816666666,174611363.48785895,95815838.70514265,0.018436397462975325,0.01412164405236523,yfinance_info_static_sharesOutstanding,1,1,1,29590436000.34395,0.011152517504100247
2019-03-11,Hang Seng Stock Connect China AH Index Series,Exclusion,1528 / 601828,1528.HK / 601828.SH,Red Star Macalline Group Corporation Ltd.,500,Exclusion,Hang Seng Stock Connect China AH Index Series,unchanged,1,1,1528.HK,1528.HK,parse_ok,1528.HK,2019-03-08,7.045454025268555,-0.011479581852459342,0.0388739591055105,0.04871450851146997,-0.046740551204978664,-0.3189806964328431,2948510.0,20773591.648044586,2683841.45,2396567.5166666666,19140767.7213099,16240646.642210165,0.016765869371023166,0.015946637843683328,yfinance_info_static_sharesOutstanding,1,1,1,5222693853.939053,0.003977562581497431
2019-03-11,Hang Seng Stock Connect China AH Index Series,Exclusion,1528 / 601828,1528.HK / 601828.SH,Red Star Macalline Group Corporation Ltd.,500,Exclusion,Hang Seng Stock Connect China AH Index Series,unchanged,2,0,601828.SH,601828.SS,parse_ok,601828.SS,2019-03-08,11.718180656433105,0.030375586291481405,0.1267481813705218,0.09422746485865763,-0.0726619179034983,-0.32654132681970105,27319311.0,320132621.70728016,14417999.9,8071226.6,163573495.83741087,87377425.89483595,0.028359094420114715,0.02010921190903179,yfinance_info_static_sharesOutstanding,1,1,1,42343025195.455284,0.007560457011031897
2019-03-11,Hang Seng Stock Connect China AH Index Series,Exclusion,1618 / 601618,1618.HK / 601618.SH,Metallurgical Corporation of China Ltd.,501,Exclusion,Hang Seng Stock Connect China AH Index Series,unchanged,1,1,1618.HK,1618.HK,parse_ok,1618.HK,2019-03-08,2.309999942779541,-0.004310340840949611,0.04054050135560283,0.19072158486902335,-0.025316432775011277,-0.08695653403086001,13078349.0,30210985.441650867,7694491.85,5311766.433333334,17706218.4421222,11367213.339677837,0.014235715757182287,0.011478001689066144,yfinance_info_static_sharesOutstanding,1,1,1,6632009835.720062,0.0045553288052943225
2019-03-11,Hang Seng Stock Connect China AH Index Series,Exclusion,1618 / 601618,1618.HK / 601618.SH,Metallurgical Corporation of China Ltd.,501,Exclusion,Hang Seng Stock Connect China AH Index Series,unchanged,2,0,601618.SH,601618.SS,parse_ok,601618.SS,2019-03-08,3.5,-0.008498575533404162,0.1864406587885088,0.11821082173512054,-0.06666666666666665,-0.17257683588223272,240242456.0,840848596.0,148747864.2,67347187.6,521689343.6159526,228335896.6386873,0.0290805324084882,0.01873800079778494,yfinance_info_static_sharesOutstanding,1,1,1,62484167095.0,0.013456986547033367
2019-03-11,Hang Seng Stock Connect China AH Index Series,Exclusion,1812 / 000488,1812.HK / 000488.SZ,Shandong Chenming Paper Holdings Ltd.,502,Exclusion,Hang Seng Stock Connect China AH Index Series,unchanged,1,1,1812.HK,1812.HK,parse_ok,1812.HK,2019-03-08,5.079999923706055,-0.04150948285122702,0.08547010898276675,0.08085109146000846,-0.07636365023526281,-0.4678770739046023,3156204.0,16033516.079200745,2450847.85,1427541.9,12597024.185479354,6942090.699788109,0.023337702831722335,0.018096436502888173,yfinance_info_static_sharesOutstanding,1,1,1,2683790629.693508,0.005974205253496913
2019-03-11,Hang Seng Stock Connect China AH Index Series,Exclusion,1812 / 000488,1812.HK / 000488.SZ,Shandong Chenming Paper Holdings Ltd.,502,Exclusion,Hang Seng Stock Connect China AH Index Series,unchanged,2,0,000488.SZ,000488.SZ,parse_ok,000488.SZ,2019-03-08,6.599999904632568,-0.022222236350730618,0.1458332712451642,0.05431304525870018,-0.06779661359406175,-0.47702060503305777,66524346.0,439060677.255744,47110669.05,23809278.25,312207102.8778435,151373980.0507333,0.025447129997237188,0.018333930662505986,yfinance_info_static_sharesOutstanding,1,1,1,11264653351.63014,0.03897684762684741
2019-03-11,Hang Seng Stock Connect China AH Index Series,Exclusion,2611 / 601211,2611.HK / 601211.SH,"Guotai Junan Securities Co., Ltd.",503,Exclusion,Hang Seng Stock Connect China AH Index Series,unchanged,1,1,2611.HK,2611.HK,parse_ok,2611.HK,2019-03-08,17.020000457763672,-0.024082572444522055,-0.013904969173555548,0.06641606623327867,-0.09468078997513751,-0.11995861822750709,2493064.0,42431950.42123413,2998576.6,1529210.1333333333,53915621.12452984,26609101.21965871,0.01759041056610078,0.018274514159817477,yfinance_info_static_sharesOutstanding,1,1,1,59668034217.7695,0.0007111337079812434
2019-03-11,Hang Seng Stock Connect China AH Index Series,Exclusion,2611 / 601211,2611.HK / 601211.SH,"Guotai Junan Securities Co., Ltd.",503,Exclusion,Hang Seng Stock Connect China AH Index Series,unchanged,2,0,601211.SH,601211.SS,parse_ok,601211.SS,2019-03-08,20.010000228881836,0.0025050674700719533,0.17017542587692014,0.20252409632477741,-0.08253091614565844,-0.08253091614565844,143373002.0,2868893802.835476,81666590.55,42123590.38333333,1632988164.6114752,786910161.8424947,0.04162017850172189,0.027420394846388252,yfinance_info_static_sharesOutstanding,1,1,1,282604554512.3461,0.010151619133619245
2019-03-11,Hang Seng Stock Connect China AH Index Series,Exclusion,2727 / 601727,2727.HK / 601727.SH,Shanghai Electric Group Co. Ltd.,504,Exclusion,Hang Seng Stock Connect China AH Index Series,unchanged,1,1,2727.HK,2727.HK,parse_ok,2727.HK,2019-03-08,2.8399999141693115,-0.030716774927414536,-0.006993000580457598,0.05576202741937686,-0.05333336194356286,-0.07189543553075795,8887581.0,25240729.277172804,8845782.9,5920184.283333333,25754814.192889012,16389667.851429764,0.01530501032858761,0.012090325004332077,yfinance_info_static_sharesOutstanding,1,1,1,8305528628.9896965,0.0030390274243438666
2019-03-11,Hang Seng Stock Connect China AH Index Series,Exclusion,2727 / 601727,2727.HK / 601727.SH,Shanghai Electric Group Co. Ltd.,504,Exclusion,Hang Seng Stock Connect China AH Index Series,unchanged,2,0,601727.SH,601727.SS,parse_ok,601727.SS,2019-03-08,5.630000114440918,-0.0017730057236523544,0.13052210700359845,0.10392161170962488,-0.058528411959235416,-0.11198738502508732,49159141.0,276765969.4558172,30179120.3,15168997.416666666,168290766.7052793,81768698.41589212,0.022278207832152248,0.015468956800345282,yfinance_info_static_sharesOutstanding,1,1,1,71026052594.42538,0.003896682405204365
2019-03-11,Hang Seng Stock Connect China AH Index Series,Exclusion,2866 / 601866,2866.HK / 601866.SH,"COSCO SHIPPING Development Co., Ltd.",505,Exclusion,Hang Seng Stock Connect China AH Index Series,unchanged,1,1,2866.HK,2866.HK,parse_ok,2866.HK,2019-03-08,1.0,-0.04761900436850974,0.06382978993230615,0.16279067833272776,-0.07407411086706317,-0.3788819930963754,26438364.0,26438364.0,17798075.2,11998289.783333333,18001080.37414577,11134297.790794019,0.026426050207812767,0.02140671498275888,yfinance_info_static_sharesOutstanding,1,1,1,3445672000.0,0.007672919534999268
2019-03-11,Hang Seng Stock Connect China AH Index Series,Exclusion,2866 / 601866,2866.HK / 601866.SH,"COSCO SHIPPING Development Co., Ltd.",505,Exclusion,Hang Seng Stock Connect China AH Index Series,unchanged,2,0,601866.SH,601866.SS,parse_ok,601866.SS,2019-03-08,3.009999990463257,0.0033333301544189453,0.27004225139580496,0.27004225139580496,-0.07384615678053641,-0.07384615678053641,62728550.0,188812934.90177393,37663336.1,20987603.633333333,107960921.04799661,55915402.15513376,0.031032677347315237,0.020502561638750715,yfinance_info_static_sharesOutstanding,1,1,1,29353471205.197834,0.006432388646026281
2019-03-11,Hang Seng Stock Connect China AH Index Series,Exclusion,3958 / 600958,3958.HK / 600958.SH,Orient Securities Co. Ltd.,506,Exclusion,Hang Seng Stock Connect China AH Index Series,unchanged,1,1,3958.HK,3958.HK,parse_ok,3958.HK,2019-03-08,6.46999979019165,-0.10138889422387265,0.12326380782933466,0.19814808813469353,-0.16408268972636442,-0.17051286769493135,8534952.0,55221137.64929581,9538298.2,4433424.466666667,66471015.02584505,28695333.553132694,0.04352691061525682,0.028511244376931793,yfinance_info_static_sharesOutstanding,1,1,1,6645740693.652746,0.008309252526514726
2019-03-11,Hang Seng Stock Connect China AH Index Series,Exclusion,3958 / 600958,3958.HK / 600958.SH,Orient Securities Co. Ltd.,506,Exclusion,Hang Seng Stock Connect China AH Index Series,unchanged,2,0,600958.SH,600958.SS,parse_ok,600958.SS,2019-03-08,11.999650001525879,-0.04456607774838994,0.4410377450328038,0.34138309561647273,-0.10014729425825586,-0.10672511298564658,136169862.0,1633990684.7560787,98365616.05,49394678.8,1137800123.6052032,515616463.6918307,0.04334061568534464,0.03145473433880473,yfinance_info_static_sharesOutstanding,1,1,1,89631180060.39513,0.01823015923314929
2019-03-11,Hang Seng Stock Connect China AH Index Series,Exclusion,6099 / 600999,6099.HK / 600999.SH,"China Merchants Securities Co., Ltd.",507,Exclusion,Hang Seng Stock Connect China AH Index Series,unchanged,1,1,6099.HK,6099.HK,parse_ok,6099.HK,2019-03-08,10.78983211517334,-0.05016728332418818,0.055762056460985754,0.051851815352759845,-0.13016844917175419,-0.13016844917175419,2788214.0,30084360.96117592,2749140.5,1195411.1666666667,31508286.30427947,13307508.809276406,0.037404092656215325,0.028066984244468286,yfinance_info_static_sharesOutstanding,1,1,1,13751873379.03319,0.002187655465694156
2019-03-11,Hang Seng Stock Connect China AH Index Series,Exclusion,6099 / 600999,6099.HK / 600999.SH,"China Merchants Securities Co., Ltd.",507,Exclusion,Hang Seng Stock Connect China AH Index Series,unchanged,2,0,600999.SH,600999.SS,parse_ok,600999.SS,2019-03-08,14.424053192138672,-0.03335193380218615,0.17579439715869882,0.22464787574865852,-0.09756100617065067,-0.09756100617065067,81222967.0,1171564396.431324,55915459.1,27999346.383333333,831188660.8725857,384774458.34937954,0.042822265988317045,0.028069620519003614,yfinance_info_static_sharesOutstanding,1,1,1,107055398835.66165,0.010943533994299216
2019-03-11,Hang Seng Stock Connect China AH Index Series,Inclusion,1339 / 601319,1339.HK / 601319.SH,The People's Insurance Co. (Group) of China Ltd.,508,Inclusion,Hang Seng Stock Connect China AH Index Series,unchanged,1,1,1339.HK,1339.HK,parse_ok,1339.HK,2019-03-08,3.4600000381469727,-0.05722071765160175,0.07788161901216584,0.06461539635291458,-0.08707122085159846,-0.21363637201056973,214114108.0,740834821.847805,171520883.2,75407193.68333334,613297404.2511294,261672802.8038268,0.024737491854594583,0.017962975070271583,yfinance_info_static_sharesOutstanding,1,1,1,30192769972.87941,0.024536828602120916
2019-03-11,Hang Seng Stock Connect China AH Index Series,Inclusion,1339 / 601319,1339.HK / 601319.SH,The People's Insurance Co. (Group) of China Ltd.,508,Inclusion,Hang Seng Stock Connect China AH Index Series,unchanged,2,0,601319.SH,601319.SS,parse_ok,601319.SS,2019-03-08,11.550000190734863,0.3184931380086453,0.9948186989345695,0.7962675737301133,0.0,0.0,436992763.0,5047266495.999755,175505026.9,107702587.91666667,1409178296.1482894,752517122.280555,0.06148962750153199,0.04190938885660073,yfinance_info_static_sharesOutstanding,1,1,1,409999095304.30975,0.012310433251696739
2019-03-11,Hang Seng Stock Connect China AH Index Series,Inclusion,1772 / 002460,1772.HK / 002460.SZ,"Ganfeng Lithium Co., Ltd.",509,Inclusion,Hang Seng Stock Connect China AH Index Series,unchanged,1,1,1772.HK,1772.HK,parse_ok,1772.HK,2019-03-08,9.914284706115723,-0.06970508615662185,0.07430335342318761,-0.10911426982869021,-0.12484245131775185,-0.12484245131775185,2138360.0,21200309.844169617,2258167.35,1386774.8833333333,24017593.992808055,14063516.12633508,0.03321354791385759,0.026093001985897625,yfinance_info_static_sharesOutstanding,1,1,1,4789597931.095223,0.00442632349294543
2019-03-11,Hang Seng Stock Connect China AH Index Series,Inclusion,1772 / 002460,1772.HK / 002460.SZ,"Ganfeng Lithium Co., Ltd.",509,Inclusion,Hang Seng Stock Connect China AH Index Series,unchanged,2,0,002460.SZ,002460.SZ,parse_ok,002460.SZ,2019-03-08,18.5285701751709,-0.03783380585022933,0.2828881741561404,-0.019652351897150866,-0.08629799758479528,-0.5228109213014619,95879737.0,1776514435.3814297,71425978.0,41707874.333333336,1319810286.7143223,736937145.2105867,0.03716827118759079,0.028489702324899648,yfinance_info_static_sharesOutstanding,1,1,1,29897584086.135086,0.059419999631518144
2019-03-11,Hang Seng Stock Connect China AH Index Series,Inclusion,1787 / 600547,1787.HK / 600547.SH,"Shandong Gold Mining Co., Ltd.",510,Inclusion,Hang Seng Stock Connect China AH Index Series,unchanged,1,1,1787.HK,1787.HK,parse_ok,1787.HK,2019-03-08,10.790816307067871,0.034229882933127564,0.02421308645750253,0.18686878381569128,-0.05369125103203354,-0.05369125103203354,4418330.0,47677387.41400719,3385261.2,2835868.8333333335,36559447.32166185,29152375.727491792,0.01917496031213271,0.017437501709571913,yfinance_info_static_sharesOutstanding,1,1,1,10742108483.02307,0.0044383639849994985
2019-03-11,Hang Seng Stock Connect China AH Index Series,Inclusion,1787 / 600547,1787.HK / 600547.SH,"Shandong Gold Mining Co., Ltd.",510,Inclusion,Hang Seng Stock Connect China AH Index Series,unchanged,2,0,600547.SH,600547.SS,parse_ok,600547.SS,2019-03-08,16.275510787963867,-0.016342806184239334,0.032362473642139955,0.13644466517050624,-0.06396706694714926,-0.06396706694714926,77757841.0,1265548580.044279,58272522.35,43177477.0,970345315.6324486,685185193.8620543,0.017521561150023637,0.017122220363866625,yfinance_info_static_sharesOutstanding,1,1,1,58826911686.582726,0.021513088886713154
2019-03-11,Hang Seng Stock Connect China AH Index Series,Inclusion,2359 / 603259,2359.HK / 603259.SH,"WuXi AppTec Co., Ltd.",511,Inclusion,Hang Seng Stock Connect China AH Index Series,unchanged,1,1,2359.HK,2359.HK,parse_ok,2359.HK,2019-03-08,36.968536376953125,0.0,0.0629584045686542,,-0.03709857372335135,-0.03709857372335135,590116.0,21815724.81262207,1718123.85,2705262.4464285714,62962800.646785356,83690229.86258814,0.027147255351198673,0.024403055795150442,yfinance_info_static_sharesOutstanding,1,1,1,18871584179.96109,0.00115600919374788
2019-03-11,Hang Seng Stock Connect China AH Index Series,Inclusion,2359 / 603259,2359.HK / 603259.SH,"WuXi AppTec Co., Ltd.",511,Inclusion,Hang Seng Stock Connect China AH Index Series,unchanged,2,0,603259.SH,603259.SS,parse_ok,603259.SS,2019-03-08,39.77891159057617,0.04082770722125284,0.21191715480918694,0.09683472845464758,-0.058183978583125406,-0.2958530987303103,12068643.0,480077482.915226,13483752.6,9063496.733333332,509220007.80632573,317636659.95504206,0.027195362523643622,0.022026013937705938,yfinance_info_static_sharesOutstanding,1,1,1,98384396244.35248,0.004879609991434833
2019-03-11,Hang Seng Stock Connect China AH Index Series,Inclusion,6869 / 601869,6869.HK / 601869.SH,Yangtze Optical Fibre and Cable Joint Stock Ltd. Co.,512,Inclusion,Hang Seng Stock Connect China AH Index Series,unchanged,1,1,6869.HK,6869.HK,parse_ok,6869.HK,2019-03-08,26.899999618530273,-0.03584229439687281,0.10020444904461723,0.2748814754597908,-0.10779436288956168,-0.3470873999903521,3803065.0,102302447.04924583,6161751.35,3718019.2666666666,171188513.95069665,94054062.18292119,0.033249524798335026,0.029552007407530716,yfinance_info_static_sharesOutstanding,1,1,1,11340146597.78503,0.00902126318801096
2019-03-11,Hang Seng Stock Connect China AH Index Series,Inclusion,6869 / 601869,6869.HK / 601869.SH,Yangtze Optical Fibre and Cable Joint Stock Ltd. Co.,512,Inclusion,Hang Seng Stock Connect China AH Index Series,unchanged,2,0,601869.SH,601869.SS,parse_ok,601869.SS,2019-03-08,50.369998931884766,0.08766999434673584,0.2729340237643012,0.30661478414403986,-0.021181503536341517,-0.1785714419020733,14610896.0,735950815.9138794,10460857.95,7427652.15,481848581.86296237,317449316.3272581,0.02842541199159844,0.02658372971910132,yfinance_info_static_sharesOutstanding,1,1,1,20165040448.572548,0.03649637191607896
2019-06-17,Hang Seng China Enterprises Index,Exclusion,753,0753.HK,Air China Ltd. - H Shares,513,Exclusion,Hang Seng China Enterprises Index,unchanged,1,1,0753.HK,0753.HK,parse_ok,0753.HK,2019-06-14,7.300000190734863,0.03988606988164056,-0.0544040946724379,-0.10757947207949492,-0.2926356195149864,-0.2926356195149864,60065075.0,438475058.95650387,16676122.65,19092692.183333334,120959605.81906009,163743329.521676,0.022832401726321092,0.03154742891214887,yfinance_info_static_sharesOutstanding,1,1,1,36175958850.807724,0.012120620237456782
2019-06-17,Hang Seng China Enterprises Index,Exclusion,902,0902.HK,"Huaneng Power International, Inc. - H Shares",514,Exclusion,Hang Seng China Enterprises Index,unchanged,1,1,0902.HK,0902.HK,parse_ok,0902.HK,2019-06-14,4.880000114440918,-0.010141930149834222,0.049462368678792945,0.008264454667762822,-0.0393700417852032,-0.1999999687319891,98612990.0,481231402.4853611,33971104.0,34741125.11666667,163853323.35865232,165914790.14489338,0.017686676554368577,0.015978180557013534,yfinance_info_static_sharesOutstanding,1,1,1,22937871725.116196,0.020979775641452775
2019-06-17,Hang Seng China Enterprises Index,Exclusion,1776,1776.HK,"GF Securities Co., Ltd. - H Shares",515,Exclusion,Hang Seng China Enterprises Index,unchanged,1,1,1776.HK,1776.HK,parse_ok,1776.HK,2019-06-14,8.75,0.0034403362445554198,-0.08949008193561159,-0.28396073577766867,-0.2943548170014294,-0.37589160382982534,41250641.0,360943108.75,7463725.3,8560949.633333333,66716566.29689865,88800312.31285828,0.015478947019313594,0.019964185399629103,yfinance_info_static_sharesOutstanding,1,1,1,16806966750.0,0.021475803107065705
2019-06-17,Hang Seng China Enterprises Index,Exclusion,1816,1816.HK,"CGN Power Co., Ltd. - H Shares",516,Exclusion,Hang Seng China Enterprises Index,unchanged,1,1,1816.HK,1816.HK,parse_ok,1816.HK,2019-06-14,2.2300000190734863,0.022935757240897692,0.08252431117282732,0.046948309511624764,-0.017621128717675627,-0.017621128717675627,255755589.0,570334968.3481507,56330349.0,50687009.833333336,121604966.8996855,109593780.22226305,0.011763682090369954,0.013530977247305996,yfinance_info_static_sharesOutstanding,1,1,1,24894883962.92925,0.022909725917880618
2019-06-17,Hang Seng China Enterprises Index,Exclusion,2333,2333.HK,Great Wall Motor Co. Ltd. - H Shares,517,Exclusion,Hang Seng China Enterprises Index,unchanged,1,1,2333.HK,2333.HK,parse_ok,2333.HK,2019-06-14,5.510000228881836,-0.07394951167866404,-0.07550332321894526,0.022263518621287615,-0.2250351441050823,-0.30604531622500875,94269279.0,519423748.86652565,38860552.5,47063695.916666664,217795718.15866128,287365013.9854888,0.029287431515712566,0.027744459530024194,yfinance_info_static_sharesOutstanding,1,1,1,12776456290.725708,0.040654758803782685
2019-06-17,Hang Seng China Enterprises Index,Inclusion,291,0291.HK,China Resources Beer (Holdings) Co. Ltd.,518,Inclusion,Hang Seng China Enterprises Index,unchanged,1,1,0291.HK,0291.HK,parse_ok,0291.HK,2019-06-14,34.849998474121094,0.0356611261167199,-0.045205521256956316,0.1597337557047498,-0.06568366791024438,-0.10526321459586396,36733052.0,1280146806.1498108,7194280.25,6918311.533333333,245371891.33683816,235159869.99565685,0.020403064263440636,0.025246284424644327,yfinance_info_static_sharesOutstanding,1,1,1,113053395050.04883,0.011323382244143034
2019-06-17,Hang Seng China Enterprises Index,Inclusion,960,0960.HK,Longfor Group Holdings Ltd.,519,Inclusion,Hang Seng China Enterprises Index,unchanged,1,1,0960.HK,0960.HK,parse_ok,0960.HK,2019-06-14,30.049999237060547,0.03264600835523557,0.07899457182968694,0.24948025739452517,-0.011513170587554411,-0.011513170587554411,40553888.0,1218644303.4598389,8691303.45,7477550.0,250239779.97425595,209887569.76574638,0.015293819853028065,0.021019168710165206,yfinance_info_static_sharesOutstanding,1,1,1,206600935839.8087,0.00589854202986154
2019-06-17,Hang Seng China Enterprises Index,Inclusion,2007,2007.HK,Country Garden Holdings Co. Ltd.,520,Inclusion,Hang Seng China Enterprises Index,unchanged,1,1,2007.HK,2007.HK,parse_ok,2007.HK,2019-06-14,11.460000038146973,0.08728653506865869,-0.025510219804084855,0.02872528590324719,-0.13704817254668888,-0.31785710960829183,191216700.0,2191343389.294338,40289083.85,47370499.68333333,444002041.52814543,567005605.5091285,0.021140986777023384,0.019755651412219216,yfinance_info_static_sharesOutstanding,1,1,1,494446093175.1658,0.004431915671984122
2019-06-17,Hang Seng China Enterprises Index,Inclusion,2020,2020.HK,ANTA Sports Products Ltd.,521,Inclusion,Hang Seng China Enterprises Index,unchanged,1,1,2020.HK,2020.HK,parse_ok,2020.HK,2019-06-14,51.150001525878906,0.059006259499721825,-0.018234107026203983,0.03752540197663223,-0.10263155217756303,-0.10263155217756303,24378780.0,1246974634.1990662,7073957.1,6259244.55,350250718.411256,324558213.51472056,0.02329484386079725,0.023915521295004627,yfinance_info_static_sharesOutstanding,1,1,1,141711058102.4969,0.008799416579736166
2019-06-17,Hang Seng China Enterprises Index,Inclusion,2688,2688.HK,ENN Energy Holdings Ltd.,522,Inclusion,Hang Seng China Enterprises Index,unchanged,1,1,2688.HK,2688.HK,parse_ok,2688.HK,2019-06-14,74.0999984741211,0.022068944470635676,0.07703481376848376,-0.06851042575184774,-0.11151082591853467,-0.15747582665945625,18871224.0,1398357669.6047974,3021914.5,2955367.966666667,216411451.06949806,218740422.34885508,0.016494216830396518,0.01957074954760319,yfinance_info_static_sharesOutstanding,1,1,1,82344933021.84009,0.016981708749874327
2019-06-17,Hang Seng Composite LargeCap & MidCap Index,Inclusion,1896,1896.HK,Maoyan Entertainment MidCap Consumer Services,523,Inclusion,Hang Seng Composite LargeCap & MidCap Index,unchanged,1,1,1896.HK,1896.HK,parse_ok,1896.HK,2019-06-14,11.359999656677246,0.027124703949237716,-0.227210897681968,-0.3039215766480685,-0.36888890796237517,-0.36888890796237517,417000.0,4737119.856834412,991114.25,1216563.2666666666,11303563.98196292,18218971.327926796,0.040763336338018846,0.0348789735528151,yfinance_info_static_sharesOutstanding,1,1,1,13201893381.331398,0.0003588212478320044
2019-09-09,Hang Seng (China A) Corporate Sustainability Benchmark Index,Inclusion,000001,000001.SZ,PAB,524,Inclusion,Hang Seng (China A) Corporate Sustainability Benchmark Index,unchanged,1,1,000001.SZ,000001.SZ,parse_ok,000001.SZ,2019-09-06,14.8100004196167,0.04590399570684922,0.01997244853377178,0.18574865420440578,-0.020502610336555538,-0.020502610336555538,98643280.0,1460907018.1923676,137111945.15,102148263.63333334,2009480631.841338,1451560141.0952997,0.01740733636139686,0.018660412410856673,yfinance_info_static_sharesOutstanding,1,1,1,287401656655.42737,0.005083154478625305
2019-09-09,Hang Seng (China A) Corporate Sustainability Benchmark Index,Inclusion,000021,000021.SZ,KAIFA,525,Inclusion,Hang Seng (China A) Corporate Sustainability Benchmark Index,unchanged,1,1,000021.SZ,000021.SZ,parse_ok,000021.SZ,2019-09-06,13.569999694824219,0.24953960624489846,0.8362652151545433,0.6589241061810218,0.0,0.0,214809214.0,2914960968.4254303,136348602.45,54256888.833333336,1651883177.6316657,621800398.6976432,0.051330045338798716,0.03599775693967787,yfinance_info_static_sharesOutstanding,1,1,1,21327704149.62117,0.13667485951492847
2019-09-09,Hang Seng (China A) Corporate Sustainability Benchmark Index,Inclusion,000035,000035.SZ,CHINA TIANYING,526,Inclusion,Hang Seng (China A) Corporate Sustainability Benchmark Index,unchanged,1,1,000035.SZ,000035.SZ,parse_ok,000035.SZ,2019-09-06,6.079999923706055,0.061082007585954834,0.25360825634215556,0.2936170575412611,-0.04251968267425299,-0.04251968267425299,47773043.0,290460097.79520607,23286015.75,32877426.3,133069918.66400746,190240988.39267045,0.021257781850596423,0.028581804378761167,yfinance_info_static_sharesOutstanding,1,1,1,14519239053.327559,0.020005187374378113
2019-09-09,Hang Seng (China A) Corporate Sustainability Benchmark Index,Inclusion,000039,000039.SZ,CIMC,527,Inclusion,Hang Seng (China A) Corporate Sustainability Benchmark Index,unchanged,1,1,000039.SZ,000039.SZ,parse_ok,000039.SZ,2019-09-06,6.7733330726623535,0.023162113255885908,0.05723215194802633,-0.016774087711362462,-0.09487751348679252,-0.23561127812071792,9575524.0,64858213.39727211,12821986.1,10901304.8,85556735.64125077,75390920.85675374,0.01827567775076515,0.01823978112705901,yfinance_info_static_sharesOutstanding,1,1,1,15596835465.357498,0.004158421337541851
2019-09-09,Hang Seng (China A) Corporate Sustainability Benchmark Index,Inclusion,000050,000050.SZ,TIANMA,529,Inclusion,Hang Seng (China A) Corporate Sustainability Benchmark Index,unchanged,1,1,000050.SZ,000050.SZ,parse_ok,000050.SZ,2019-09-06,15.289999961853027,0.12924667687816616,0.18435322560580847,0.14962404079546188,0.0,-0.22029579367876861,58197945.0,889846576.8299246,39634696.8,36117431.63333333,570779067.8030094,518366442.77227885,0.025605273312133674,0.02618577844026811,yfinance_info_static_sharesOutstanding,1,1,1,37578961642.934364,0.023679381705248217
2019-09-09,Hang Seng (China A) Corporate Sustainability Benchmark Index,Inclusion,000063,000063.SZ,ZTE,530,Inclusion,Hang Seng (China A) Corporate Sustainability Benchmark Index,unchanged,1,1,000063.SZ,000063.SZ,parse_ok,000063.SZ,2019-09-06,33.4900016784668,0.16244367578197494,0.20035849951137008,0.10601059838274729,-0.017312210119961424,-0.08895529903087385,318911339.0,10680341278.392094,101098752.55,92119645.73333333,3038289223.8478036,2875746654.521323,0.02851361418501431,0.02521516956294283,yfinance_info_static_sharesOutstanding,1,1,1,134898810262.88857,0.07917298349465367
2019-09-09,Hang Seng (China A) Corporate Sustainability Benchmark Index,Inclusion,000066,000066.SZ,CGT GROUP,531,Inclusion,Hang Seng (China A) Corporate Sustainability Benchmark Index,unchanged,1,1,000066.SZ,000066.SZ,parse_ok,000066.SZ,2019-09-06,12.510000228881836,0.1735460044981938,0.5036058518925393,0.37927239799364587,-0.009501178501326923,-0.009501178501326923,162230857.0,2029508058.2016964,159009819.15,89366429.6,1761130516.3854015,936020059.9598181,0.03798457126963964,0.03256626780488474,yfinance_info_static_sharesOutstanding,1,1,1,40354747329.20682,0.05029168047182485
2019-09-09,Hang Seng (China A) Corporate Sustainability Benchmark Index,Inclusion,000100,000100.SZ,TCL,532,Inclusion,Hang Seng (China A) Corporate Sustainability Benchmark Index,unchanged,1,1,000100.SZ,000100.SZ,parse_ok,000100.SZ,2019-09-06,3.1090900897979736,0.0621117557126567,0.09265168731947071,0.06875003688038506,-0.05000017484030528,-0.22972983509368783,182890023.0,568621558.0322235,208045615.0,168728581.16666666,635182394.9117134,516266949.2781313,0.018148027207799445,0.02010620254101956,yfinance_info_static_sharesOutstanding,1,1,1,64671755293.21853,0.008792424999972888
2019-09-09,Hang Seng (China A) Corporate Sustainability Benchmark Index,Inclusion,000513,000513.SZ,LIVZON GROUP,533,Inclusion,Hang Seng (China A) Corporate Sustainability Benchmark Index,unchanged,1,1,000513.SZ,000513.SZ,parse_ok,000513.SZ,2019-09-06,28.399999618530273,-0.006993033575937835,0.14979751989086565,0.24267924620578696,-0.033684919757666076,-0.09576292142992304,14544194.0,413055104.0518303,14451246.4,8308154.15,406314511.9233751,224062742.01542246,0.021310635163946202,0.019766323503008634,yfinance_info_static_sharesOutstanding,1,1,1,16702041309.257633,0.024730815617303108
2019-09-09,Hang Seng (China A) Corporate Sustainability Benchmark Index,Inclusion,000528,000528.SZ,LIUGONG,534,Inclusion,Hang Seng (China A) Corporate Sustainability Benchmark Index,unchanged,1,1,000528.SZ,000528.SZ,parse_ok,000528.SZ,2019-09-06,6.489999771118164,0.05186380727185158,0.05872751222780037,-0.019637479862273266,-0.07285717555454796,-0.3084426149044325,13942001.0,90483583.29892921,12907616.3,15005526.166666666,81273751.165639,98860688.85947624,0.012405882971647802,0.013772043105654734,yfinance_info_static_sharesOutstanding,1,1,1,13218583583.372221,0.0068451799489885855
2019-09-09,Hang Seng (China A) Corporate Sustainability Benchmark Index,Inclusion,000546,000546.SZ,JYC,536,Inclusion,Hang Seng (China A) Corporate Sustainability Benchmark Index,unchanged,1,1,000546.SZ,000546.SZ,parse_ok,000546.SZ,2019-09-06,9.25,-0.0010799382974792104,0.01648347387278326,0.01648347387278326,-0.07407405286009705,-0.16891285670353784,5211648.0,48207744.0,2383643.15,2285622.95,22479504.968366336,21653559.619568713,0.018360887168697045,0.014990660695954255,yfinance_info_static_sharesOutstanding,1,1,1,7193246423.5,0.006701806272409569
2019-09-09,Hang Seng (China A) Corporate Sustainability Benchmark Index,Inclusion,000825,000825.SZ,STSS,537,Inclusion,Hang Seng (China A) Corporate Sustainability Benchmark Index,unchanged,1,1,000825.SZ,000825.SZ,parse_ok,000825.SZ,2019-09-06,4.059999942779541,0.08266665140787754,0.06842105098048079,0.02267000340572234,-0.028708107772046687,-0.32333334287007653,26962508.0,109467780.93719292,20308719.25,18654398.85,80434990.24947314,74907005.30953747,0.016783330666854356,0.013571847485624226,yfinance_info_static_sharesOutstanding,1,1,1,23126765725.818085,0.004733380457734567
2019-09-09,Hang Seng (China A) Corporate Sustainability Benchmark Index,Inclusion,000997,000997.SZ,NEWLAND,538,Inclusion,Hang Seng (China A) Corporate Sustainability Benchmark Index,unchanged,1,1,000997.SZ,000997.SZ,parse_ok,000997.SZ,2019-09-06,18.149999618530273,0.05769229486720917,0.1458332982127517,0.11418039278500047,0.0,-0.07113619405680349,17992300.0,326560238.13648224,11053775.3,8514369.333333334,190323860.28473204,143895712.75874346,0.018950270137251604,0.020725411001233634,yfinance_info_static_sharesOutstanding,1,1,1,18387726770.783813,0.017759685153433565
2019-09-09,Hang Seng (China A) Corporate Sustainability Benchmark Index,Inclusion,001979,001979.SZ,CMSK,539,Inclusion,Hang Seng (China A) Corporate Sustainability Benchmark Index,unchanged,1,1,001979.SZ,001979.SZ,parse_ok,001979.SZ,2019-09-06,20.030000686645508,0.014177249956734528,0.03621317980870664,-0.054296487344678956,-0.0916099147531908,-0.16227516459756697,10358867.0,207488113.1228695,14945714.3,13253187.516666668,300551697.27869636,272768440.10111576,0.018951088715519142,0.01702023817402133,yfinance_info_static_sharesOutstanding,1,1,1,180591130575.948,0.0011489385578413549
2019-09-09,Hang Seng (China A) Corporate Sustainability Benchmark Index,Inclusion,002078,002078.SZ,SUN PAPER,540,Inclusion,Hang Seng (China A) Corporate Sustainability Benchmark Index,unchanged,1,1,002078.SZ,002078.SZ,parse_ok,002078.SZ,2019-09-06,7.659999847412109,0.0,0.12647053419925092,0.25779961502251547,-0.022959222152102332,-0.1545254423138117,11084547.0,84907628.32863235,16728873.15,19512911.966666665,125596395.2481294,138349483.85497087,0.01726558403999304,0.01961961852358698,yfinance_info_static_sharesOutstanding,1,1,1,21406138585.12778,0.003966508391551904
2019-09-09,Hang Seng (China A) Corporate Sustainability Benchmark Index,Inclusion,002179,002179.SZ,JONHON,541,Inclusion,Hang Seng (China A) Corporate Sustainability Benchmark Index,unchanged,1,1,002179.SZ,002179.SZ,parse_ok,002179.SZ,2019-09-06,23.4780216217041,-0.014302222904841289,0.1576809222514559,0.3530715453805271,-0.048329576800763996,-0.048329576800763996,16409092.0,385253016.7685318,19391618.6,14838136.633333333,439798125.4992778,309186586.4067921,0.02308206679622433,0.020756597834978813,yfinance_info_static_sharesOutstanding,1,1,1,49713010059.55018,0.007749541142389994
2019-09-09,Hang Seng (China A) Corporate Sustainability Benchmark Index,Inclusion,002249,002249.SZ,DYDJ,542,Inclusion,Hang Seng (China A) Corporate Sustainability Benchmark Index,unchanged,1,1,002249.SZ,002249.SZ,parse_ok,002249.SZ,2019-09-06,4.199999809265137,0.05793445314795709,0.15384606819282065,-0.08893716103576477,-0.09677425309100707,-0.41258744709858597,19638004.0,82479613.05434799,17737495.4,21771437.05,70617321.88194975,92148013.55714022,0.018294274379772345,0.021116143320141733,yfinance_info_static_sharesOutstanding,1,1,1,10349062819.61734,0.007969766392566713
2019-09-09,Hang Seng (China A) Corporate Sustainability Benchmark Index,Inclusion,002371,002371.SZ,SEVENSTAR,543,Inclusion,Hang Seng (China A) Corporate Sustainability Benchmark Index,unchanged,1,1,002371.SZ,002371.SZ,parse_ok,002371.SZ,2019-09-06,52.08888626098633,0.0868623807994815,0.23173935108568844,0.11636760824252579,-0.026308544237115705,-0.10591229947784597,21284334.0,1108677252.8668442,15877549.45,12114734.166666666,758222939.5499506,581369345.738448,0.021366239630515788,0.02636883048282875,yfinance_info_static_sharesOutstanding,1,1,1,37755723693.07718,0.02936448157846142
2019-09-09,Hang Seng (China A) Corporate Sustainability Benchmark Index,Inclusion,002407,002407.SZ,DFD,544,Inclusion,Hang Seng (China A) Corporate Sustainability Benchmark Index,unchanged,1,1,002407.SZ,002407.SZ,parse_ok,002407.SZ,2019-09-06,10.26428508758545,0.09444024818021779,0.12003123175949004,0.18271607000375045,-0.09508823384997012,-0.1931499235646863,83625773.0,858358774.7417059,41232807.75,49490701.36666667,405909715.9410111,499970001.469108,0.02466571889369539,0.0351461854075042,yfinance_info_static_sharesOutstanding,1,1,1,12218939265.762737,0.07024822335821022
2019-09-09,Hang Seng (China A) Corporate Sustainability Benchmark Index,Inclusion,002415,002415.SZ,HIKVISION,545,Inclusion,Hang Seng (China A) Corporate Sustainability Benchmark Index,unchanged,1,1,002415.SZ,002415.SZ,parse_ok,002415.SZ,2019-09-06,33.88999938964844,0.09605431132037934,0.206479145801151,0.3342519645128019,0.0,-0.08032562298615553,50135609.0,1699095758.4096527,52736437.65,66960070.31666667,1642548813.9862163,1938578082.3387268,0.024292488785147805,0.026623660814469492,yfinance_info_static_sharesOutstanding,1,1,1,310597491235.7063,0.005470410439085751
2019-09-09,Hang Seng (China A) Corporate Sustainability Benchmark Index,Inclusion,002601,002601.SZ,BLL,546,Inclusion,Hang Seng (China A) Corporate Sustainability Benchmark Index,unchanged,1,1,002601.SZ,002601.SZ,parse_ok,002601.SZ,2019-09-06,14.149999618530273,0.10116725279908967,0.11154753553467045,-0.11118093274379648,-0.1429437054896635,-0.2626368303941711,18487143.0,261593066.3977146,9270906.55,8561377.45,123147809.65355435,121229383.031967,0.02026346898600517,0.01975306377522277,yfinance_info_static_sharesOutstanding,1,1,1,33737109082.881546,0.007753867284688267
2019-09-09,Hang Seng (China A) Corporate Sustainability Benchmark Index,Inclusion,002815,002815.SZ,SUNTAK,547,Inclusion,Hang Seng (China A) Corporate Sustainability Benchmark Index,unchanged,1,1,002815.SZ,002815.SZ,parse_ok,002815.SZ,2019-09-06,21.3700008392334,0.1247368862754421,0.21697047204816333,0.4737931613264412,0.0,0.0,18184463.0,388601989.5710087,21789600.4,11219520.216666667,429331531.09843385,204557800.1532173,0.03660219234925135,0.02874692485044325,yfinance_info_static_sharesOutstanding,1,1,1,26373814829.62101,0.014734386818192158
2019-09-09,Hang Seng (China A) Corporate Sustainability Benchmark Index,Inclusion,002916,002916.SZ,SCC,548,Inclusion,Hang Seng (China A) Corporate Sustainability Benchmark Index,unchanged,1,1,002916.SZ,002916.SZ,parse_ok,002916.SZ,2019-09-06,77.5824203491211,0.07067031850623717,0.22251090567652998,0.6987488434668205,0.0,0.0,8217063.0,637499635.70121,10775393.15,9025590.5,775263508.210675,571249428.6922508,0.030459892116646452,0.02774008936081274,yfinance_info_static_sharesOutstanding,1,1,1,52846553101.06953,0.012063220745579868
2019-09-09,Hang Seng (China A) Corporate Sustainability Benchmark Index,Inclusion,300124,300124.SZ,INOVANCE,549,Inclusion,Hang Seng (China A) Corporate Sustainability Benchmark Index,unchanged,1,1,300124.SZ,300124.SZ,parse_ok,300124.SZ,2019-09-06,15.813332557678223,0.030408312228835,0.04493387823007278,0.03130431862093719,-0.048154106274147734,-0.1778163423612077,11539983.0,182485588.8889532,10343722.4,9937574.683333334,158563290.05822882,155339774.95420378,0.01610655041278206,0.016008166392974598,yfinance_info_static_sharesOutstanding,1,1,1,42810306351.21762,0.004262655524859679
2019-09-09,Hang Seng (China A) Corporate Sustainability Benchmark Index,Inclusion,300274,300274.SZ,SUNGROW POWER,550,Inclusion,Hang Seng (China A) Corporate Sustainability Benchmark Index,unchanged,1,1,300274.SZ,300274.SZ,parse_ok,300274.SZ,2019-09-06,8.778571128845215,0.02331388314143279,0.22899996975898707,0.40136839337701513,-0.045066040874497615,-0.06964418965191554,39883961.0,350124188.5385885,39733213.25,38992407.1,336943793.1434479,292144760.01150745,0.03215342926291704,0.02912391999884235,yfinance_info_static_sharesOutstanding,1,1,1,18199833950.718475,0.01923776829429626
2019-09-09,Hang Seng (China A) Corporate Sustainability Benchmark Index,Inclusion,300398,300398.SZ,PHICHEM,551,Inclusion,Hang Seng (China A) Corporate Sustainability Benchmark Index,unchanged,1,1,300398.SZ,300398.SZ,parse_ok,300398.SZ,2019-09-06,13.619999885559082,0.08525893853086597,0.07753160724825658,0.027924519664836334,-0.07157465475624747,-0.19209097300461542,10575385.0,144036742.48974323,7067755.1,9390808.95,93194395.80090484,127764123.34425612,0.017630002471333624,0.02929313317387599,yfinance_info_static_sharesOutstanding,1,1,1,7721810584.118128,0.018653234357495316
2019-09-09,Hang Seng (China A) Corporate Sustainability Benchmark Index,Inclusion,300750,300750.SZ,CATL,552,Inclusion,Hang Seng (China A) Corporate Sustainability Benchmark Index,unchanged,1,1,300750.SZ,300750.SZ,parse_ok,300750.SZ,2019-09-06,39.92222213745117,-0.005673209956939096,-0.000973121736154603,-0.004433325272684252,-0.07587450387964423,-0.22397405814627058,14925956.0,595877331.0458221,15955913.2,16904638.183333334,647274102.8166554,681681625.9654889,0.01576028075913876,0.015391354578401295,yfinance_info_static_sharesOutstanding,1,1,1,175983060836.28333,0.003385992539362442
2019-09-09,Hang Seng (China A) Corporate Sustainability Benchmark Index,Inclusion,600011,600011.SH,HPI,553,Inclusion,Hang Seng (China A) Corporate Sustainability Benchmark Index,unchanged,1,1,600011.SH,600011.SS,parse_ok,600011.SS,2019-09-06,6.360000133514404,0.009523800152860362,-0.030487776068545913,-0.04216863533152282,-0.08225104025159391,-0.1825192850899583,20628374.0,131196461.39418507,21471438.15,20325476.1,141177447.4458868,132607216.65390137,0.013163215164778634,0.012600250159290376,yfinance_info_static_sharesOutstanding,1,1,1,69945436553.19269,0.001875697227143785
2019-09-09,Hang Seng (China A) Corporate Sustainability Benchmark Index,Inclusion,600012,600012.SH,ANHUI EXPRESSWAY,554,Inclusion,Hang Seng (China A) Corporate Sustainability Benchmark Index,unchanged,1,1,600012.SH,600012.SS,parse_ok,600012.SS,2019-09-06,5.619999885559082,0.02554742080261274,0.042671618695874214,-0.09061487998942008,-0.13935685987917834,-0.22375689734433313,3016932.0,16955157.494739532,2438043.9,2594959.0,13455257.345027948,15359339.036831308,0.00920657942727564,0.011982965512079233,yfinance_info_static_sharesOutstanding,1,1,1,6550671866.607666,0.0025883081674673986
2019-09-09,Hang Seng (China A) Corporate Sustainability Benchmark Index,Inclusion,600018,600018.SH,SIPG,555,Inclusion,Hang Seng (China A) Corporate Sustainability Benchmark Index,unchanged,1,1,600018.SH,600018.SS,parse_ok,600018.SS,2019-09-06,6.059999942779541,0.05574916104901528,0.021922448263769878,-0.05164318162772508,-0.19307593101341158,-0.32138860742622855,46810989.0,283674590.6614537,48295440.25,51069725.95,284476421.6587577,332229411.5538989,0.015558371241909338,0.025704272961939084,yfinance_info_static_sharesOutstanding,1,1,1,141076559322.14996,0.0020107847258571104
2019-09-09,Hang Seng (China A) Corporate Sustainability Benchmark Index,Inclusion,600020,600020.SH,ZHONGYUAN EXPRESSWAY,556,Inclusion,Hang Seng (China A) Corporate Sustainability Benchmark Index,unchanged,1,1,600020.SH,600020.SS,parse_ok,600020.SS,2019-09-06,4.489999771118164,0.04906531565782757,0.08454104249275729,-0.1365384738826192,-0.17765572532083895,-0.3640226901545216,27447041.0,123237207.80787086,14727413.65,20258013.383333333,64402477.23176956,98596566.8614623,0.012462615380112561,0.018247709352137396,yfinance_info_static_sharesOutstanding,1,1,1,10090699011.29741,0.012212950527004737
2019-09-09,Hang Seng (China A) Corporate Sustainability Benchmark Index,Inclusion,600025,600025.SH,HUANENG HYDROPOWER,557,Inclusion,Hang Seng (China A) Corporate Sustainability Benchmark Index,unchanged,1,1,600025.SH,600025.SS,parse_ok,600025.SS,2019-09-06,4.579999923706055,0.004385960784535126,0.004385960784535126,0.12254902189944805,-0.055670100254768706,-0.055670100254768706,50218392.0,230000231.52864075,47676623.65,42761945.46666667,223169097.3439272,193422078.92242584,0.016158013462068643,0.01572731299039138,yfinance_info_static_sharesOutstanding,1,1,1,85330410275.62032,0.002695407543286522
2019-09-09,Hang Seng (China A) Corporate Sustainability Benchmark Index,Inclusion,600026,600026.SH,CSET,558,Inclusion,Hang Seng (China A) Corporate Sustainability Benchmark Index,unchanged,1,1,600026.SH,600026.SS,parse_ok,600026.SS,2019-09-06,7.130000114440918,0.0,0.2167235412953583,0.17462931018161987,-0.024623779719234906,-0.024623779719234906,10086747.0,71918507.26433659,21053702.3,16120976.233333332,144583131.28695163,105748357.71113415,0.023370253853125633,0.024248952856949054,yfinance_info_static_sharesOutstanding,1,1,1,29726545059.19946,0.0024193362236046333
2019-09-09,Hang Seng (China A) Corporate Sustainability Benchmark Index,Inclusion,600114,600114.SH,NBTM,559,Inclusion,Hang Seng (China A) Corporate Sustainability Benchmark Index,unchanged,1,1,600114.SH,600114.SS,parse_ok,600114.SS,2019-09-06,6.070000171661377,0.041166423858674195,0.02881357178746935,-0.05007820054935519,-0.08584332925987048,-0.3070776240794485,4137287.0,25113332.800212383,4153876.3,4161720.5,25031479.760823607,26029479.83797075,0.017009653264227646,0.015140732837955431,yfinance_info_static_sharesOutstanding,1,1,1,3832497813.774157,0.006552732452959012
2019-09-09,Hang Seng (China A) Corporate Sustainability Benchmark Index,Inclusion,600171,600171.SH,BELLING,560,Inclusion,Hang Seng (China A) Corporate Sustainability Benchmark Index,unchanged,1,1,600171.SH,600171.SS,parse_ok,600171.SS,2019-09-06,16.219999313354492,0.06360651235111425,0.1856724379763144,0.17111905174065178,-0.0492379940729083,-0.0492379940729083,44194352.0,716832359.0941467,33550841.85,37384719.483333334,513766412.31297475,578550753.5937396,0.021519758113086217,0.03030711832694722,yfinance_info_static_sharesOutstanding,1,1,1,11498735487.880999,0.06234010338351087
2019-09-09,Hang Seng (China A) Corporate Sustainability Benchmark Index,Inclusion,600183,600183.SH,SYTECH,561,Inclusion,Hang Seng (China A) Corporate Sustainability Benchmark Index,unchanged,1,1,600183.SH,600183.SS,parse_ok,600183.SS,2019-09-06,25.670000076293945,0.05377665981608026,0.28093806903992613,0.8534295573477746,-0.06654545177112925,-0.06654545177112925,84793179.0,2176640911.399206,86320148.5,56148306.05,2081669178.9783542,1162831556.4109297,0.04682699595642676,0.035155710363422715,yfinance_info_static_sharesOutstanding,1,1,1,62355490819.42709,0.03490696461202524
2019-09-09,Hang Seng (China A) Corporate Sustainability Benchmark Index,Inclusion,600188,600188.SH,YANZHOUCOAL,562,Inclusion,Hang Seng (China A) Corporate Sustainability Benchmark Index,unchanged,1,1,600188.SH,600188.SS,parse_ok,600188.SS,2019-09-06,5.738461017608643,0.1692789746308263,0.22161586846725312,0.10573124163885739,0.0,-0.09903376018539156,59290516.0,340236314.7799015,30871939.55,24431446.883333333,163746566.1616903,129679802.03591886,0.02386248672009604,0.018479733195426833,yfinance_info_static_sharesOutstanding,1,1,1,34212592939.48517,0.009944768447738162
2019-09-09,Hang Seng (China A) Corporate Sustainability Benchmark Index,Inclusion,600216,600216.SH,ZMC,563,Inclusion,Hang Seng (China A) Corporate Sustainability Benchmark Index,unchanged,1,1,600216.SH,600216.SS,parse_ok,600216.SS,2019-09-06,12.9399995803833,-0.019696987321116577,0.2150234782984013,0.23591205829600548,-0.05890912142666904,-0.05890912142666904,23889991.0,309136473.51536083,24073310.05,20447813.4,299861101.57150835,239370807.60247052,0.029195851645905976,0.02759107719303769,yfinance_info_static_sharesOutstanding,1,1,1,12443592081.480742,0.024843025349202442
2019-09-09,Hang Seng (China A) Corporate Sustainability Benchmark Index,Inclusion,600271,600271.SH,AISINO CORPORATION,564,Inclusion,Hang Seng (China A) Corporate Sustainability Benchmark Index,unchanged,1,1,600271.SH,600271.SS,parse_ok,600271.SS,2019-09-06,23.06999969482422,0.08005613462594896,0.1432110676880023,0.017195740052941444,-0.028631591796875022,-0.25339805891164213,24804078.0,572230071.8903961,16780306.15,13998059.8,368243192.19783497,313469704.6762453,0.020353027364347815,0.018052313355103034,yfinance_info_static_sharesOutstanding,1,1,1,42746048033.20448,0.013386736276670454
2019-09-09,Hang Seng (China A) Corporate Sustainability Benchmark Index,Inclusion,600282,600282.SH,NISCO,565,Inclusion,Hang Seng (China A) Corporate Sustainability Benchmark Index,unchanged,1,1,600282.SH,600282.SS,parse_ok,600282.SS,2019-09-06,3.319999933242798,0.018404890477013325,0.11036786710819557,-0.011904750923180218,-0.06741573409952317,-0.2890792550312956,24229150.0,80440776.38252974,22532575.4,19922387.116666667,71419868.70046313,65652194.19889564,0.01224752375183448,0.0135996905839315,yfinance_info_static_sharesOutstanding,1,1,1,20468101744.955772,0.003930055526636896
2019-09-09,Hang Seng (China A) Corporate Sustainability Benchmark Index,Inclusion,600323,600323.SH,GRANDBLUE ENV,566,Inclusion,Hang Seng (China A) Corporate Sustainability Benchmark Index,unchanged,1,1,600323.SH,600323.SS,parse_ok,600323.SS,2019-09-06,18.170000076293945,0.03238634559487541,0.09921351007404278,0.10657734420638199,-0.017837833713840845,-0.017837833713840845,5762473.0,104704134.8496418,4777828.05,5968741.433333334,85560260.79362507,104283341.17174205,0.01552059234211099,0.018227146797815008,yfinance_info_static_sharesOutstanding,1,1,1,14814857705.02605,0.00706750864128247
2019-09-09,Hang Seng (China A) Corporate Sustainability Benchmark Index,Inclusion,600332,600332.SH,GYBYS,567,Inclusion,Hang Seng (China A) Corporate Sustainability Benchmark Index,unchanged,1,1,600332.SH,600332.SS,parse_ok,600332.SS,2019-09-06,37.619998931884766,0.01951212401714697,0.07516425056465481,-0.015183293703422862,-0.12511630390965667,-0.15270275587811322,15361779.0,577910109.5718498,11105355.35,10416883.65,414744164.8623182,401415994.822822,0.020237766528444223,0.01967521284103266,yfinance_info_static_sharesOutstanding,1,1,1,52889615999.726456,0.010926721600225623
2019-09-09,Hang Seng (China A) Corporate Sustainability Benchmark Index,Inclusion,600337,600337.SH,MIHF,568,Inclusion,Hang Seng (China A) Corporate Sustainability Benchmark Index,unchanged,1,1,600337.SH,600337.SS,parse_ok,600337.SS,2019-09-06,3.859999895095825,0.04324320144597649,0.08123248383077897,-0.06537535396210103,-0.1105991337824832,-0.4186747029049509,7963117.0,30737630.784635782,8985717.45,11143089.733333332,34026263.48505856,44490997.379514486,0.013266374064932066,0.016130919666847886,yfinance_info_static_sharesOutstanding,1,1,1,5546812658.072896,0.005541494310232359
2019-09-09,Hang Seng (China A) Corporate Sustainability Benchmark Index,Inclusion,600377,600377.SH,JIANGSU EXPRESS,569,Inclusion,Hang Seng (China A) Corporate Sustainability Benchmark Index,unchanged,1,1,600377.SH,600377.SS,parse_ok,600377.SS,2019-09-06,10.140000343322754,0.006951405225415597,-0.02028985801033878,-0.03977273291710626,-0.08894876558299958,-0.08894876558299958,4715616.0,47816347.85897827,5855815.7,6130719.566666666,58952017.09175973,63811210.131237224,0.007790202576069609,0.012136631100372032,yfinance_info_static_sharesOutstanding,1,1,1,38691680960.03294,0.0012358302010287631
2019-09-09,Hang Seng (China A) Corporate Sustainability Benchmark Index,Inclusion,600380,600380.SH,JOINCARE,570,Inclusion,Hang Seng (China A) Corporate Sustainability Benchmark Index,unchanged,1,1,600380.SH,600380.SS,parse_ok,600380.SS,2019-09-06,9.539999961853027,0.007391731029610771,0.18069307573425242,0.19698873437782405,-0.009345810126515808,-0.009345810126515808,12419218.0,118479339.24624443,13660203.45,10442337.833333334,125291415.50536804,92518575.45453629,0.011971247616278704,0.013536587486403405,yfinance_info_static_sharesOutstanding,1,1,1,17452985232.651894,0.006788485618184534
2019-09-09,Hang Seng (China A) Corporate Sustainability Benchmark Index,Inclusion,600525,600525.SH,CYG,571,Inclusion,Hang Seng (China A) Corporate Sustainability Benchmark Index,unchanged,1,1,600525.SH,600525.SS,parse_ok,600525.SS,2019-09-06,6.130000114440918,0.011551183551541389,0.08112875343162962,-0.09587021758894687,-0.10510945988549925,-0.24877448173176042,27829672.0,170595892.5448532,30185398.0,34660158.583333336,182652055.01213092,213311212.51120225,0.01650475705768185,0.02796062467486424,yfinance_info_static_sharesOutstanding,1,1,1,8084122482.682411,0.021102586324031967
2019-09-09,Hang Seng (China A) Corporate Sustainability Benchmark Index,Inclusion,600580,600580.SH,WOLONG ELECTRIC,573,Inclusion,Hang Seng (China A) Corporate Sustainability Benchmark Index,unchanged,1,1,600580.SH,600580.SS,parse_ok,600580.SS,2019-09-06,7.5,0.025057023319815297,0.13780032966509892,0.02272731706130804,-0.020674581313079532,-0.15094336567081112,11114342.0,83357565.0,10098091.2,10407576.816666666,73324348.07594052,75573636.92365165,0.01458716282280107,0.01580775216804088,yfinance_info_static_sharesOutstanding,1,1,1,11715881332.5,0.007114920562464651
2019-09-09,Hang Seng (China A) Corporate Sustainability Benchmark Index,Inclusion,600588,600588.SH,YONYOU,574,Inclusion,Hang Seng (China A) Corporate Sustainability Benchmark Index,unchanged,1,1,600588.SH,600588.SS,parse_ok,600588.SS,2019-09-06,26.376922607421875,0.06922360909002556,0.23745941979705432,0.4263726890208086,-0.02529849084158209,-0.02529849084158209,36764438.0,969732735.8313599,35751655.85,31127954.7,881994046.0198498,691694022.9959867,0.02752926893324651,0.024613548011014477,yfinance_info_static_sharesOutstanding,1,1,1,90129876206.95407,0.01075928179025435
2019-09-09,Hang Seng (China A) Corporate Sustainability Benchmark Index,Inclusion,600600,600600.SH,TSINGTAO BREWERY,575,Inclusion,Hang Seng (China A) Corporate Sustainability Benchmark Index,unchanged,1,1,600600.SH,600600.SS,parse_ok,600600.SS,2019-09-06,50.709999084472656,-0.03994700156271147,0.13674060503611862,0.07436437001690033,-0.06611418421784554,-0.06611418421784554,7197988.0,365009964.89004517,8286379.8,7422263.416666667,423323586.58359796,360516380.49245584,0.02587774836529293,0.02144390567283509,yfinance_info_static_sharesOutstanding,1,1,1,35959775920.30581,0.010150507213920955
2019-09-09,Hang Seng (China A) Corporate Sustainability Benchmark Index,Inclusion,600648,600648.SH,WGQ,576,Inclusion,Hang Seng (China A) Corporate Sustainability Benchmark Index,unchanged,1,1,600648.SH,600648.SS,parse_ok,600648.SS,2019-09-06,18.25,0.029328847782817524,0.017279791344146034,-0.0641025641025641,-0.14238724571785455,-0.3002300593025993,4217935.0,76977313.75,4474348.25,5645365.716666667,81400001.65901966,110678590.83187501,0.013721966100623794,0.01688375371841019,yfinance_info_static_sharesOutstanding,1,1,1,21158223603.5,0.0036381746971076716
2019-09-09,Hang Seng (China A) Corporate Sustainability Benchmark Index,Inclusion,600750,600750.SH,JZYY,577,Inclusion,Hang Seng (China A) Corporate Sustainability Benchmark Index,unchanged,1,1,600750.SH,600750.SS,parse_ok,600750.SS,2019-09-06,10.949999809265137,0.03627768423545508,0.14360313601985641,0.04617837021000737,-0.02013426198026136,-0.17627883352332685,3057366.0,33478157.116853714,4444843.45,3652427.0,47213165.849557206,38667409.623932905,0.013152535045429252,0.013880805652426099,yfinance_info_static_sharesOutstanding,1,1,1,6959965393.316386,0.004810103962442485
2019-09-09,Hang Seng (China A) Corporate Sustainability Benchmark Index,Inclusion,600775,600775.SH,NPEC,578,Inclusion,Hang Seng (China A) Corporate Sustainability Benchmark Index,unchanged,1,1,600775.SH,600775.SS,parse_ok,600775.SS,2019-09-06,12.779999732971191,0.16393445043516386,0.2492668919687382,-0.025171619553626567,-0.035471718266325225,-0.2783737778859554,65895947.0,842150185.0638838,33609617.0,24073576.05,384614954.7684866,280140498.76445925,0.03639301825200638,0.03237965987085428,yfinance_info_static_sharesOutstanding,1,1,1,8586096221.219758,0.09808301274129516
2019-09-09,Hang Seng (China A) Corporate Sustainability Benchmark Index,Inclusion,600808,600808.SH,MAS C.L.,579,Inclusion,Hang Seng (China A) Corporate Sustainability Benchmark Index,unchanged,1,1,600808.SH,600808.SS,parse_ok,600808.SS,2019-09-06,2.7699999809265137,0.033582056689353434,0.010948894629691175,-0.18529414610879147,-0.1994219796569694,-0.36175117890841646,17543949.0,48596738.39537573,21389059.8,21374365.716666665,58015045.27858379,64577784.89236238,0.009469717090806363,0.017084360870244907,yfinance_info_static_sharesOutstanding,1,1,1,16530670671.39418,0.0029397923025271384
2019-09-09,Hang Seng (China A) Corporate Sustainability Benchmark Index,Inclusion,600860,600860.SH,JINGCHENG MAC,580,Inclusion,Hang Seng (China A) Corporate Sustainability Benchmark Index,unchanged,1,1,600860.SH,600860.SS,parse_ok,600860.SS,2019-09-06,6.130000114440918,0.07543865255518645,0.06608697642450756,-0.06125575536224548,-0.13904491390879092,-0.3912611419847791,3947532.0,24198371.611759186,4721039.05,5743129.083333333,27644529.03205669,37301746.40547739,0.013806992446669795,0.027585897243319595,yfinance_info_static_sharesOutstanding,1,1,1,2743089157.6507072,0.008821576777505712
2019-09-09,Hang Seng (China A) Corporate Sustainability Benchmark Index,Inclusion,600871,600871.SH,SSC,581,Inclusion,Hang Seng (China A) Corporate Sustainability Benchmark Index,unchanged,1,1,600871.SH,600871.SS,parse_ok,600871.SS,2019-09-06,2.3399999141693115,0.01739128812274293,0.08837200482514818,-0.06772911431866946,-0.10687022275576219,-0.29305137322621255,14753534.0,34523268.29369402,17351810.65,19311337.516666666,39607537.681254424,46276721.44419992,0.01221501994925731,0.015612116855135956,yfinance_info_static_sharesOutstanding,1,1,1,31700007738.590603,0.0010890618254224104
2019-09-09,Hang Seng (China A) Corporate Sustainability Benchmark Index,Inclusion,600874,600874.SH,TCEPC,582,Inclusion,Hang Seng (China A) Corporate Sustainability Benchmark Index,unchanged,1,1,600874.SH,600874.SS,parse_ok,600874.SS,2019-09-06,7.619999885559082,0.05833334547502056,0.07022472022985693,-0.03299495242460193,-0.16447368627439907,-0.2976958877740715,7765154.0,59170472.59134865,4261541.65,7105096.983333333,31449646.569007993,58116305.49031549,0.013782832405632228,0.017693537779888153,yfinance_info_static_sharesOutstanding,1,1,1,9375785666.889824,0.006310988187401358
2019-09-09,Hang Seng (China A) Corporate Sustainability Benchmark Index,Inclusion,600875,600875.SH,DEC,583,Inclusion,Hang Seng (China A) Corporate Sustainability Benchmark Index,unchanged,1,1,600875.SH,600875.SS,parse_ok,600875.SS,2019-09-06,9.739999771118164,0.0372736331201835,0.09192821612227053,-0.05252918053305755,-0.11615250757487383,-0.3792224326573105,13603471.0,132497804.42641258,13908956.1,16693671.683333334,132051362.13033,168716372.77101395,0.020660553730729787,0.01893762669865825,yfinance_info_static_sharesOutstanding,1,1,1,29710508877.06793,0.004459627567290882
2019-09-09,Hang Seng (China A) Corporate Sustainability Benchmark Index,Inclusion,600958,600958.SH,ORIENT SECURITIES,584,Inclusion,Hang Seng (China A) Corporate Sustainability Benchmark Index,unchanged,1,1,600958.SH,600958.SS,parse_ok,600958.SS,2019-09-06,10.389222145080566,0.0633165898794732,0.07629703808810384,0.03827275933947494,-0.03290680425440118,-0.22091313858204176,26366613.0,273928599.67036915,22959631.1,24968796.033333335,230805806.1965913,254563395.44951198,0.019422832142023543,0.016920833051512877,yfinance_info_static_sharesOutstanding,1,1,1,77602116782.96861,0.0035299114383241727
2019-09-09,Hang Seng (China A) Corporate Sustainability Benchmark Index,Inclusion,601012,601012.SH,LONGI,585,Inclusion,Hang Seng (China A) Corporate Sustainability Benchmark Index,unchanged,1,1,601012.SH,601012.SS,parse_ok,601012.SS,2019-09-06,14.311223983764648,0.014466539633059217,0.1365478403183642,0.2578474827008741,-0.031088085243346497,-0.031088085243346497,128459442.0,1838411847.2914238,96699039.0,73175510.95,1328468427.7017705,934276597.6922504,0.029467093915685458,0.024552125037606502,yfinance_info_static_sharesOutstanding,1,1,1,108451400805.66977,0.016951480881151632
2019-09-09,Hang Seng (China A) Corporate Sustainability Benchmark Index,Inclusion,601066,601066.SH,CHINA SECURITIES,586,Inclusion,Hang Seng (China A) Corporate Sustainability Benchmark Index,unchanged,1,1,601066.SH,601066.SS,parse_ok,601066.SS,2019-09-06,23.75,0.23569203165881292,0.40366429627121225,0.16995078288677878,-0.10309666123225958,-0.23780487431637531,119061541.0,2827711598.75,61025294.35,47717077.63333333,1220471934.9718165,993542614.3254749,0.037563400499185905,0.04196008575228535,yfinance_info_static_sharesOutstanding,1,1,1,154272187081.25,0.01832936741384718
2019-09-09,Hang Seng (China A) Corporate Sustainability Benchmark Index,Inclusion,601088,601088.SH,CHINA SHENHUA,587,Inclusion,Hang Seng (China A) Corporate Sustainability Benchmark Index,unchanged,1,1,601088.SH,601088.SS,parse_ok,601088.SS,2019-09-06,19.639999389648438,0.050829257808724826,0.0874861556162072,-0.0030457548714359906,-0.049830705507679096,-0.07445805724940369,12227367.0,240145480.41700745,10815247.35,11879854.85,204978169.26726905,230287447.97583723,0.012330654861934302,0.014524538535660514,yfinance_info_static_sharesOutstanding,1,1,1,359646732073.8313,0.0006677260183409879
2019-09-09,Hang Seng (China A) Corporate Sustainability Benchmark Index,Inclusion,601138,601138.SH,FOXCONN INDUSTRIAL,588,Inclusion,Hang Seng (China A) Corporate Sustainability Benchmark Index,unchanged,1,1,601138.SH,601138.SS,parse_ok,601138.SS,2019-09-06,15.3100004196167,0.07741030109196045,0.2457282723464167,0.29635900725171993,0.0,-0.2192758825547928,65861418.0,1008338337.2165508,77318854.2,56483108.9,1123777788.443449,766895586.8899632,0.0266175744248868,0.02480018461353014,yfinance_info_static_sharesOutstanding,1,1,1,303813061194.9525,0.003318943343813367
2019-09-09,Hang Seng (China A) Corporate Sustainability Benchmark Index,Inclusion,601166,601166.SH,INDUSTRIAL BANK,589,Inclusion,Hang Seng (China A) Corporate Sustainability Benchmark Index,unchanged,1,1,601166.SH,601166.SS,parse_ok,601166.SS,2019-09-06,17.969999313354492,0.04659284994209645,-0.03387102447282064,-0.02070850464390006,-0.07846157367412865,-0.12766995239868995,60798111.0,1092542012.9232502,94793472.6,78966562.85,1691017614.8194919,1440726451.6457381,0.016161299284361316,0.014740659286129821,yfinance_info_static_sharesOutstanding,1,1,1,380296531023.8291,0.0028728687321494194
2019-09-09,Hang Seng (China A) Corporate Sustainability Benchmark Index,Inclusion,601186,601186.SH,CRCC,590,Inclusion,Hang Seng (China A) Corporate Sustainability Benchmark Index,unchanged,1,1,601186.SH,601186.SS,parse_ok,601186.SS,2019-09-06,9.970000267028809,0.0956043790207588,0.0956043790207588,0.020470808586933842,-0.023506343802298546,-0.18144499037556294,68016139.0,678120923.9922686,48414232.65,46567128.733333334,460752354.0289675,453703517.6536497,0.017283607837436175,0.014706390271499756,yfinance_info_static_sharesOutstanding,1,1,1,114687360706.69794,0.00591277818073169
2019-09-09,Hang Seng (China A) Corporate Sustainability Benchmark Index,Inclusion,601200,601200.SH,SHANGHAI ENVIRONMENT,591,Inclusion,Hang Seng (China A) Corporate Sustainability Benchmark Index,unchanged,1,1,601200.SH,601200.SS,parse_ok,601200.SS,2019-09-06,10.274999618530273,0.08730156888006246,0.11081076957084046,0.14166662428114152,-0.16913744162375322,-0.16913744162375322,19409101.0,199428505.37101555,15191538.75,26866199.083333332,147399696.4377653,289697979.3127228,0.017151984425805268,0.04016879014087805,yfinance_info_static_sharesOutstanding,1,1,1,13832515315.478914,0.014417371014789357
2019-09-09,Hang Seng (China A) Corporate Sustainability Benchmark Index,Inclusion,601211,601211.SH,GTJA,592,Inclusion,Hang Seng (China A) Corporate Sustainability Benchmark Index,unchanged,1,1,601211.SH,601211.SS,parse_ok,601211.SS,2019-09-06,18.829999923706055,0.10181391197089495,0.13433731873437993,0.16378242080023764,0.0,-0.1366345536546104,47569536.0,895734359.2507324,30330139.55,33518343.15,532101031.6870346,593366149.3047032,0.01856665750408905,0.017025483165916386,yfinance_info_static_sharesOutstanding,1,1,1,265939214344.71796,0.003368192094038663
2019-09-09,Hang Seng (China A) Corporate Sustainability Benchmark Index,Inclusion,601231,601231.SH,USISH,593,Inclusion,Hang Seng (China A) Corporate Sustainability Benchmark Index,unchanged,1,1,601231.SH,601231.SS,parse_ok,601231.SS,2019-09-06,14.1899995803833,0.10000000000000009,0.22433126777956636,0.2647058148547605,0.0,-0.09904764568994917,14922897.0,211755902.16810322,24785446.45,19326429.133333333,331493140.6043743,246699318.81988665,0.02662414807726956,0.0292707695612735,yfinance_info_static_sharesOutstanding,1,1,1,33901400054.311615,0.00624622882325982
2019-09-09,Hang Seng (China A) Corporate Sustainability Benchmark Index,Inclusion,601326,601326.SH,QINHUANGDAO PORT,594,Inclusion,Hang Seng (China A) Corporate Sustainability Benchmark Index,unchanged,1,1,601326.SH,601326.SS,parse_ok,601326.SS,2019-09-06,3.3299999237060547,0.050473136770130766,0.09900988618778217,-0.02346045751055914,-0.10962569111904186,-0.33266531534131416,10192300.0,33940358.22238922,6246373.55,6361182.333333333,20083831.555043865,21490707.661052216,0.012009529400208743,0.01519957815076694,yfinance_info_static_sharesOutstanding,1,1,1,15842671107.027054,0.002142338119190955
2019-09-09,Hang Seng (China A) Corporate Sustainability Benchmark Index,Inclusion,601330,601330.SH,DYNAGREEN,595,Inclusion,Hang Seng (China A) Corporate Sustainability Benchmark Index,unchanged,1,1,601330.SH,601330.SS,parse_ok,601330.SS,2019-09-06,13.380000114440918,0.10761591050871733,0.2119565362928797,0.3822313732042746,-0.21570923017014199,-0.37940628729713743,47352878.0,633581513.0591068,23427463.95,27378195.383333333,291018114.54925454,363532384.2154321,0.03203644110618134,0.05483581128042368,yfinance_info_static_sharesOutstanding,1,1,1,13730884703.48208,0.04614280337656858
2019-09-09,Hang Seng (China A) Corporate Sustainability Benchmark Index,Inclusion,601600,601600.SH,CHALCO,596,Inclusion,Hang Seng (China A) Corporate Sustainability Benchmark Index,unchanged,1,1,601600.SH,601600.SS,parse_ok,601600.SS,2019-09-06,3.7100000381469727,0.030555593452336938,0.0660919591416329,-0.05357143726015212,-0.07481301087569181,-0.2089552253980751,42675197.0,158324982.49792957,44974809.1,46576582.45,164235036.49401084,175916121.672593,0.01199689572894512,0.012066928025996479,yfinance_info_static_sharesOutstanding,1,1,1,49012830385.84986,0.0032302762613692767
2019-09-09,Hang Seng (China A) Corporate Sustainability Benchmark Index,Inclusion,601607,601607.SH,SHANGHAI PHARMA,597,Inclusion,Hang Seng (China A) Corporate Sustainability Benchmark Index,unchanged,1,1,601607.SH,601607.SS,parse_ok,601607.SS,2019-09-06,19.479999542236328,0.033970243336783,0.13190009172119765,0.1005648984503924,-0.003070694497426363,-0.15524718155320882,15431600.0,300607560.9359741,15616170.85,11096053.383333333,294056500.6933988,203089127.6833236,0.015580477293806726,0.013221371613612084,yfinance_info_static_sharesOutstanding,1,1,1,54335350488.56477,0.005532449100502976
2019-09-09,Hang Seng (China A) Corporate Sustainability Benchmark Index,Inclusion,601688,601688.SH,HTSC,598,Inclusion,Hang Seng (China A) Corporate Sustainability Benchmark Index,unchanged,1,1,601688.SH,601688.SS,parse_ok,601688.SS,2019-09-06,20.420000076293945,0.07700427543886113,0.06743340157447508,0.059128596942326306,-0.12360511824334008,-0.17092972910769766,86540728.0,1767161672.3625336,64383655.9,75074201.5,1271897733.3493924,1572051702.7554238,0.020915878141803696,0.023021194690218,yfinance_info_static_sharesOutstanding,1,1,1,149225646282.0623,0.011842211552713214
2019-09-09,Hang Seng (China A) Corporate Sustainability Benchmark Index,Inclusion,601717,601717.SH,ZMJ,599,Inclusion,Hang Seng (China A) Corporate Sustainability Benchmark Index,unchanged,1,1,601717.SH,601717.SS,parse_ok,601717.SS,2019-09-06,5.849999904632568,0.03539819573261971,0.015624943085844833,0.039076338493733376,-0.05645159925804133,-0.16785210098990166,17024140.0,99591217.37645149,22392206.4,17454475.683333334,129547587.08775024,102173311.51306607,0.023886136637196395,0.01938141575924614,yfinance_info_static_sharesOutstanding,1,1,1,9021669373.427616,0.011039111859916639
2019-09-09,Hang Seng (China A) Corporate Sustainability Benchmark Index,Inclusion,601788,601788.SH,EBSCN,600,Inclusion,Hang Seng (China A) Corporate Sustainability Benchmark Index,unchanged,1,1,601788.SH,601788.SS,parse_ok,601788.SS,2019-09-06,11.760000228881836,0.0919219804122211,0.10630292589609724,0.11258283523322343,0.0,-0.19286201268354142,34972695.0,411278901.20461464,21948857.45,21718686.783333335,242873474.8793612,243388041.49650773,0.021997299063150986,0.018826995024160225,yfinance_info_static_sharesOutstanding,1,1,1,45942779240.8124,0.008951981312424886
2019-09-09,Hang Seng (China A) Corporate Sustainability Benchmark Index,Inclusion,601811,601811.SH,XINHUA WINSHARE,601,Inclusion,Hang Seng (China A) Corporate Sustainability Benchmark Index,unchanged,1,1,601811.SH,601811.SS,parse_ok,601811.SS,2019-09-06,14.140000343322754,0.16666670600966693,0.40556657589697287,0.19729041836745975,0.0,-0.11292341809567752,5065110.0,71620657.13896751,3008813.15,2446574.4,37875403.78324475,29514669.68406145,0.023376453563367205,0.026133299698598973,yfinance_info_static_sharesOutstanding,1,1,1,11197521417.878628,0.006396117003590966
2019-09-09,Hang Seng (China A) Corporate Sustainability Benchmark Index,Inclusion,601818,601818.SH,CEB BANK,602,Inclusion,Hang Seng (China A) Corporate Sustainability Benchmark Index,unchanged,1,1,601818.SH,601818.SS,parse_ok,601818.SS,2019-09-06,3.9700000286102295,0.05585107411691759,0.053050410794581504,0.007614205825909215,-0.01975312552025288,-0.1158128661504223,96814578.0,384353877.4298873,93021166.3,80545808.36666666,351346460.09476644,309039146.5634259,0.010393999119566354,0.011025700620767907,yfinance_info_static_sharesOutstanding,1,1,1,184235059104.87964,0.0020862146395876032
2019-09-09,Hang Seng (China A) Corporate Sustainability Benchmark Index,Inclusion,601828,601828.SH,MACALLINE,603,Inclusion,Hang Seng (China A) Corporate Sustainability Benchmark Index,unchanged,1,1,601828.SH,601828.SS,parse_ok,601828.SS,2019-09-06,10.13636302947998,0.03624526907530279,0.06800765157423094,-0.0823045384742771,-0.12480377813144738,-0.19784173612040346,5232563.0,53039158.142624855,5046052.85,6800180.7,49933877.40167408,71253658.35785402,0.009456117658355887,0.012903818792623102,yfinance_info_static_sharesOutstanding,1,1,1,36627210975.10351,0.0014480807227904137
2019-09-09,Hang Seng (China A) Corporate Sustainability Benchmark Index,Inclusion,601866,601866.SH,COSCO SHIP DEV,604,Inclusion,Hang Seng (China A) Corporate Sustainability Benchmark Index,unchanged,1,1,601866.SH,601866.SS,parse_ok,601866.SS,2019-09-06,2.7200000286102295,0.030303000199675578,0.09236948521790445,0.02641506819760786,-0.06206898649580772,-0.24653736630149437,18958051.0,51565899.26239419,18387107.1,22670805.85,48676993.26973455,61481521.481701106,0.011447495206294076,0.017586670651712405,yfinance_info_static_sharesOutstanding,1,1,1,26525396269.406494,0.001944019939934642
2019-09-09,Hang Seng (China A) Corporate Sustainability Benchmark Index,Inclusion,601881,601881.SH,CHINA GALAXY,605,Inclusion,Hang Seng (China A) Corporate Sustainability Benchmark Index,unchanged,1,1,601881.SH,601881.SS,parse_ok,601881.SS,2019-09-06,11.770000457763672,0.12095242454892108,0.15505406697189872,0.08679598713569958,-0.06587300782361083,-0.17287415064006761,62509512.0,735736984.8545837,50621733.65,59974664.1,556833341.0073979,693462832.1654547,0.023367887184945972,0.026455247223828766,yfinance_info_static_sharesOutstanding,1,1,1,85255028738.48344,0.008629836805420931
2019-09-09,Hang Seng (China A) Corporate Sustainability Benchmark Index,Inclusion,601888,601888.SH,CITS,606,Inclusion,Hang Seng (China A) Corporate Sustainability Benchmark Index,unchanged,1,1,601888.SH,601888.SS,parse_ok,601888.SS,2019-09-06,94.18000030517578,-0.013615448324797441,0.07757435538819002,0.18525045797011064,-0.014544306728963119,-0.014544306728963119,8479111.0,798562676.5676193,7543087.45,8210928.633333334,698587589.3200477,725190120.7274883,0.015503433192711752,0.019840866633334852,yfinance_info_static_sharesOutstanding,1,1,1,183884147329.76825,0.004342748889253181
2019-09-09,Hang Seng (China A) Corporate Sustainability Benchmark Index,Inclusion,601899,601899.SH,ZIJIN MINING,607,Inclusion,Hang Seng (China A) Corporate Sustainability Benchmark Index,unchanged,1,1,601899.SH,601899.SS,parse_ok,601899.SS,2019-09-06,3.5399999618530273,-0.03278691835069325,-0.05093835288173909,0.01724136277318622,-0.09693880281762102,-0.09693880281762102,222410678.0,787333791.635706,175960883.5,221595971.2,646121834.9686745,818372995.9827799,0.014586705097869156,0.02037052589856353,yfinance_info_static_sharesOutstanding,1,1,1,72930346929.70396,0.010795695136272978
2019-09-09,Hang Seng (China A) Corporate Sustainability Benchmark Index,Inclusion,601939,601939.SH,CCB,608,Inclusion,Hang Seng (China A) Corporate Sustainability Benchmark Index,unchanged,1,1,601939.SH,601939.SS,parse_ok,601939.SS,2019-09-06,7.110000133514404,0.030434787716592027,-0.004201643351844697,-0.01523540995481476,-0.057029155240598484,-0.08376289641696211,50833093.0,361423298.01695013,76425227.05,77850659.28333333,535598510.580187,561660089.5781783,0.00775712581877019,0.011323225681393358,yfinance_info_static_sharesOutstanding,1,1,1,150611570654.93384,0.0023997047268367383
2019-09-09,Hang Seng (China A) Corporate Sustainability Benchmark Index,Inclusion,601992,601992.SH,BBMG,609,Inclusion,Hang Seng (China A) Corporate Sustainability Benchmark Index,unchanged,1,1,601992.SH,601992.SS,parse_ok,601992.SS,2019-09-06,3.5199999809265137,0.04451041556713475,0.09999997764825852,-0.030303066128510636,-0.07853402030340195,-0.2397408436454087,28501823.0,100326416.41637087,24827069.9,23923081.75,83809698.4379719,84166789.98415905,0.009675882797792117,0.013114355562427342,yfinance_info_static_sharesOutstanding,1,1,1,29353301890.226078,0.0034178920242624246
2019-09-09,Hang Seng (China A) Corporate Sustainability Benchmark Index,Inclusion,603019,603019.SH,SUGON,610,Inclusion,Hang Seng (China A) Corporate Sustainability Benchmark Index,unchanged,1,1,603019.SH,603019.SS,parse_ok,603019.SS,2019-09-06,27.78571319580078,0.09887006075886262,0.2584923541297892,0.013812842937509062,-0.04069051610447172,-0.17534832136410283,58307893.0,1620126391.94944,50719293.8,39472665.05,1298019083.3186347,1008370156.8138903,0.023232423019431906,0.031570385960741666,yfinance_info_static_sharesOutstanding,1,1,1,40653715546.473206,0.039851865202761017
2019-09-09,Hang Seng (China A) Corporate Sustainability Benchmark Index,Inclusion,603337,603337.SH,JACK,611,Inclusion,Hang Seng (China A) Corporate Sustainability Benchmark Index,unchanged,1,1,603337.SH,603337.SS,parse_ok,603337.SS,2019-09-06,20.469999313354492,0.06172191827426898,0.1578053710418741,-0.02197806904510824,-0.034889193920800365,-0.36645679562000444,2769403.0,56689677.50840187,1491334.5,1611937.7,28953918.25303631,31487304.863625146,0.01667145713458466,0.021625119710875586,yfinance_info_static_sharesOutstanding,1,1,1,9752146987.644053,0.00581304584315921
2019-09-09,Hang Seng (China A) Corporate Sustainability Benchmark Index,Inclusion,603588,603588.SH,BGE,612,Inclusion,Hang Seng (China A) Corporate Sustainability Benchmark Index,unchanged,1,1,603588.SH,603588.SS,parse_ok,603588.SS,2019-09-06,6.429487228393555,0.0340207524826337,0.06929651603431841,0.06588739655440645,-0.10446428500267924,-0.17854215304546106,7030692.0,45203744.42076874,8067637.3,16831326.5,49616025.055203125,112858598.79311319,0.013257655375812536,0.022615394943569494,yfinance_info_static_sharesOutstanding,1,1,1,9793616487.130491,0.004615633507823149
2019-09-09,Hang Seng (China A) Corporate Sustainability Benchmark Index,Inclusion,603595,603595.SH,TONY ELECTRONIC,613,Inclusion,Hang Seng (China A) Corporate Sustainability Benchmark Index,unchanged,1,1,603595.SH,603595.SS,parse_ok,603595.SS,2019-09-06,26.43000030517578,0.0572000122070313,0.21238537752992737,0.26097335208164907,0.0,-0.1770802328440252,1620244.0,42823049.41445923,1786137.9,1675217.7666666666,43712737.77361746,39962174.552685454,0.020651726678465765,0.025375054019834937,yfinance_info_static_sharesOutstanding,1,1,1,6143450747.115768,0.006970520506665382
2019-09-09,Hang Seng (China A) Corporate Sustainability Benchmark Index,Inclusion,603659,603659.SH,PUTAILAI,614,Inclusion,Hang Seng (China A) Corporate Sustainability Benchmark Index,unchanged,1,1,603659.SH,603659.SS,parse_ok,603659.SS,2019-09-06,12.450737953186035,0.004371120677518769,-0.029936737871761876,0.09368231526273618,-0.09586837057835418,-0.11269089262628318,6201848.0,77217584.2734909,6444544.2,5256063.566666666,82973905.49549012,66524219.15612995,0.018254102976996606,0.016168332005252587,yfinance_info_static_sharesOutstanding,1,1,1,26599745058.704777,0.002902944524583758
2019-09-09,Hang Seng (China A) Corporate Sustainability Benchmark Index,Inclusion,603680,603680.SH,KTK GROUP,615,Inclusion,Hang Seng (China A) Corporate Sustainability Benchmark Index,unchanged,1,1,603680.SH,603680.SS,parse_ok,603680.SS,2019-09-06,10.960000038146973,0.03689691150262986,0.029108021663899475,-0.07299929323856291,-0.1513996184825518,-0.26933333079020183,1289704.0,14135155.889198303,825780.5,999744.1833333333,8925134.85709567,11650749.951361243,0.013530592631075021,0.017320352627373796,yfinance_info_static_sharesOutstanding,1,1,1,8589557716.216498,0.0016456209220775237
2019-09-09,Hang Seng (China A) Corporate Sustainability Benchmark Index,Inclusion,603737,603737.SH,SKSHU,616,Inclusion,Hang Seng (China A) Corporate Sustainability Benchmark Index,unchanged,1,1,603737.SH,603737.SS,parse_ok,603737.SS,2019-09-06,17.076217651367188,0.08250820932391534,0.21033215520187576,0.7325032355545649,0.0,0.0,2928509.0,50007857.07798767,4278369.2,4228471.266666667,66799178.68976283,55344428.7926432,0.02826692794663628,0.028071172453982145,yfinance_info_static_sharesOutstanding,1,1,1,12599131755.929733,0.003969151053162982
2019-09-09,Hang Seng (China A) Corporate Sustainability Benchmark Index,Inclusion,603773,603773.SH,WG TECH,617,Inclusion,Hang Seng (China A) Corporate Sustainability Benchmark Index,unchanged,1,1,603773.SH,603773.SS,parse_ok,603773.SS,2019-09-06,15.634956359863281,0.15268464114601077,0.200629167284883,0.13216876527306054,0.0,-0.44273200153232695,6327008.0,98922493.96850586,3507256.2,3157223.2,49103841.65602259,44439595.7825823,0.025466716193175525,0.022972302164701572,yfinance_info_static_sharesOutstanding,1,1,1,3513747449.41761,0.02815298919246512
2019-09-09,Hang Seng (China A) Corporate Sustainability Benchmark Index,Inclusion,603993,603993.SH,CMOC,618,Inclusion,Hang Seng (China A) Corporate Sustainability Benchmark Index,unchanged,1,1,603993.SH,603993.SS,parse_ok,603993.SS,2019-09-06,3.700000047683716,0.03064070644688499,-0.03645829937886369,-0.0796019738211654,-0.11057687899064572,-0.28155340210343516,94988478.0,351457373.1294036,118794014.65,115041412.96666667,440846875.1667303,433886967.0418061,0.01606527850819275,0.02130633400184317,yfinance_info_static_sharesOutstanding,1,1,1,64605116883.79784,0.005440085709643608
2019-09-09,Hang Seng (China A) Corporate Sustainability Index,Exclusion,601328,601328.SH,"Bank of Communications Co., Ltd.",619,Exclusion,Hang Seng (China A) Corporate Sustainability Index,unchanged,1,1,601328.SH,601328.SS,parse_ok,601328.SS,2019-09-06,5.570000171661377,0.029574922137161286,0.00905800559920844,-0.09724471591789063,-0.11446737592340772,-0.17236253255936929,84318083.0,469651736.78415823,70709634.7,74081464.95,387568759.9480667,429804496.41745824,0.005491377799509924,0.010410195512998238,yfinance_info_static_sharesOutstanding,1,1,1,297170212431.4743,0.0015804132350326233
2019-09-09,Hang Seng (China A) Corporate Sustainability Index,Exclusion,601398,601398.SH,Industrial and Commercial Bank of China Limited,620,Exclusion,Hang Seng (China A) Corporate Sustainability Index,unchanged,1,1,601398.SH,601398.SS,parse_ok,601398.SS,2019-09-06,5.519999980926514,0.02411876023397408,0.010989000432297447,-0.038327491108731127,-0.06913994254313105,-0.08153082018209623,139879541.0,772135063.6520095,161027115.6,171493750.45,877626892.8645773,964986190.8003372,0.006405326473062807,0.008619721241029945,yfinance_info_static_sharesOutstanding,1,1,1,1488259408072.8352,0.0005188175256703779
2019-09-09,Hang Seng (China A) Corporate Sustainability Index,Inclusion,000063,000063.SZ,ZTE Corporation,621,Inclusion,Hang Seng (China A) Corporate Sustainability Index,unchanged,1,1,000063.SZ,000063.SZ,parse_ok,000063.SZ,2019-09-06,33.4900016784668,0.16244367578197494,0.20035849951137008,0.10601059838274729,-0.017312210119961424,-0.08895529903087385,318911339.0,10680341278.392094,101098752.55,92119645.73333333,3038289223.8478036,2875746654.521323,0.02851361418501431,0.02521516956294283,yfinance_info_static_sharesOutstanding,1,1,1,134898810262.88857,0.07917298349465367
2019-09-09,Hang Seng (China A) Corporate Sustainability Index,Inclusion,000100,000100.SZ,TCL Corporation,622,Inclusion,Hang Seng (China A) Corporate Sustainability Index,unchanged,1,1,000100.SZ,000100.SZ,parse_ok,000100.SZ,2019-09-06,3.1090900897979736,0.0621117557126567,0.09265168731947071,0.06875003688038506,-0.05000017484030528,-0.22972983509368783,182890023.0,568621558.0322235,208045615.0,168728581.16666666,635182394.9117134,516266949.2781313,0.018148027207799445,0.02010620254101956,yfinance_info_static_sharesOutstanding,1,1,1,64671755293.21853,0.008792424999972888
2019-09-09,Hang Seng (China A) Corporate Sustainability Index,Inclusion,000825,000825.SZ,"Shanxi Taigang Stainless Steel Co., Ltd",623,Inclusion,Hang Seng (China A) Corporate Sustainability Index,unchanged,1,1,000825.SZ,000825.SZ,parse_ok,000825.SZ,2019-09-06,4.059999942779541,0.08266665140787754,0.06842105098048079,0.02267000340572234,-0.028708107772046687,-0.32333334287007653,26962508.0,109467780.93719292,20308719.25,18654398.85,80434990.24947314,74907005.30953747,0.016783330666854356,0.013571847485624226,yfinance_info_static_sharesOutstanding,1,1,1,23126765725.818085,0.004733380457734567
2019-09-09,Hang Seng (China A) Corporate Sustainability Index,Inclusion,002202,002202.SZ,"Xinjiang Goldwind Science & Technology Co., Ltd",624,Inclusion,Hang Seng (China A) Corporate Sustainability Index,unchanged,1,1,002202.SZ,002202.SZ,parse_ok,002202.SZ,2019-09-06,13.569999694824219,0.04787643974446243,0.1861888280217534,0.23028105379371744,-0.015239480567224462,-0.07107218513513225,19783522.0,268462387.5025482,28044105.95,25409715.45,359406210.4394974,315777979.5210243,0.02130143490064574,0.020187933628789203,yfinance_info_static_sharesOutstanding,1,1,1,46819433432.43756,0.005733994792780884
2019-09-09,Hang Seng (China A) Corporate Sustainability Index,Inclusion,002415,002415.SZ,"Hangzhou Hikvision Digital Technology Co., Ltd.",625,Inclusion,Hang Seng (China A) Corporate Sustainability Index,unchanged,1,1,002415.SZ,002415.SZ,parse_ok,002415.SZ,2019-09-06,33.88999938964844,0.09605431132037934,0.206479145801151,0.3342519645128019,0.0,-0.08032562298615553,50135609.0,1699095758.4096527,52736437.65,66960070.31666667,1642548813.9862163,1938578082.3387268,0.024292488785147805,0.026623660814469492,yfinance_info_static_sharesOutstanding,1,1,1,310597491235.7063,0.005470410439085751
2019-09-09,Hang Seng (China A) Corporate Sustainability Index,Inclusion,002916,002916.SZ,"Shennan Circuits Co., Ltd.",626,Inclusion,Hang Seng (China A) Corporate Sustainability Index,unchanged,1,1,002916.SZ,002916.SZ,parse_ok,002916.SZ,2019-09-06,77.5824203491211,0.07067031850623717,0.22251090567652998,0.6987488434668205,0.0,0.0,8217063.0,637499635.70121,10775393.15,9025590.5,775263508.210675,571249428.6922508,0.030459892116646452,0.02774008936081274,yfinance_info_static_sharesOutstanding,1,1,1,52846553101.06953,0.012063220745579868
2019-09-09,Hang Seng (China A) Corporate Sustainability Index,Inclusion,300750,300750.SZ,"Contemporary Amperex Technology Co., Limited",627,Inclusion,Hang Seng (China A) Corporate Sustainability Index,unchanged,1,1,300750.SZ,300750.SZ,parse_ok,300750.SZ,2019-09-06,39.92222213745117,-0.005673209956939096,-0.000973121736154603,-0.004433325272684252,-0.07587450387964423,-0.22397405814627058,14925956.0,595877331.0458221,15955913.2,16904638.183333334,647274102.8166554,681681625.9654889,0.01576028075913876,0.015391354578401295,yfinance_info_static_sharesOutstanding,1,1,1,175983060836.28333,0.003385992539362442
2019-09-09,Hang Seng (China A) Corporate Sustainability Index,Inclusion,600089,600089.SH,"TBEA Co., Ltd.",628,Inclusion,Hang Seng (China A) Corporate Sustainability Index,unchanged,1,1,600089.SH,600089.SS,parse_ok,600089.SS,2019-09-06,5.230769157409668,0.03343468539018346,0.03343468539018346,-0.04225342521068565,-0.07734045506873144,-0.22196785204838365,19161490.0,100229330.90201378,16978262.95,16522608.116666667,87234019.49628909,88104967.25120379,0.009803287812400764,0.010394813447420418,yfinance_info_static_sharesOutstanding,1,1,1,26429991539.1755,0.0037922573964297417
2019-09-09,Hang Seng (China A) Corporate Sustainability Index,Inclusion,600115,600115.SH,China Eastern Airlines Corporation Limited,629,Inclusion,Hang Seng (China A) Corporate Sustainability Index,unchanged,1,1,600115.SH,600115.SS,parse_ok,600115.SS,2019-09-06,5.46999979019165,0.07889538559901044,0.07889538559901044,-0.0649572855787568,-0.1506211581382293,-0.2996158988133226,48452638.0,265035919.694232,39397624.45,33441353.766666666,205915164.76879138,189670768.9649168,0.012779430114417449,0.016162947314210738,yfinance_info_static_sharesOutstanding,1,1,1,93126554392.73021,0.002845975795223039
2019-09-09,Hang Seng (China A) Corporate Sustainability Index,Inclusion,600377,600377.SH,Jiangsu Expressway Company Limited,630,Inclusion,Hang Seng (China A) Corporate Sustainability Index,unchanged,1,1,600377.SH,600377.SS,parse_ok,600377.SS,2019-09-06,10.140000343322754,0.006951405225415597,-0.02028985801033878,-0.03977273291710626,-0.08894876558299958,-0.08894876558299958,4715616.0,47816347.85897827,5855815.7,6130719.566666666,58952017.09175973,63811210.131237224,0.007790202576069609,0.012136631100372032,yfinance_info_static_sharesOutstanding,1,1,1,38691680960.03294,0.0012358302010287631
2019-09-09,Hang Seng (China A) Corporate Sustainability Index,Inclusion,600600,600600.SH,Tsingtao Brewery Company Limited,631,Inclusion,Hang Seng (China A) Corporate Sustainability Index,unchanged,1,1,600600.SH,600600.SS,parse_ok,600600.SS,2019-09-06,50.709999084472656,-0.03994700156271147,0.13674060503611862,0.07436437001690033,-0.06611418421784554,-0.06611418421784554,7197988.0,365009964.89004517,8286379.8,7422263.416666667,423323586.58359796,360516380.49245584,0.02587774836529293,0.02144390567283509,yfinance_info_static_sharesOutstanding,1,1,1,35959775920.30581,0.010150507213920955
2019-09-09,Hang Seng (China A) Corporate Sustainability Index,Inclusion,601138,601138.SH,"Foxconn Industrial Internet Co., Ltd.",632,Inclusion,Hang Seng (China A) Corporate Sustainability Index,unchanged,1,1,601138.SH,601138.SS,parse_ok,601138.SS,2019-09-06,15.3100004196167,0.07741030109196045,0.2457282723464167,0.29635900725171993,0.0,-0.2192758825547928,65861418.0,1008338337.2165508,77318854.2,56483108.9,1123777788.443449,766895586.8899632,0.0266175744248868,0.02480018461353014,yfinance_info_static_sharesOutstanding,1,1,1,303813061194.9525,0.003318943343813367
2019-09-09,Hang Seng (China A) Corporate Sustainability Index,Inclusion,601601,601601.SH,"China Pacific Insurance (Group) Co., Ltd.",633,Inclusion,Hang Seng (China A) Corporate Sustainability Index,unchanged,1,1,601601.SH,601601.SS,parse_ok,601601.SS,2019-09-06,39.130001068115234,0.035185234335949556,0.061872528857642495,0.12281213146027503,-0.022238865054180268,-0.022238865054180268,25963568.0,1015954443.5720825,22759165.5,21454499.683333334,865402269.6821741,803912424.6942642,0.018378371568502652,0.017486159357463713,yfinance_info_static_sharesOutstanding,1,1,1,267846479445.44305,0.003793047590827191
2019-09-09,Hang Seng (China A) Corporate Sustainability Index,Inclusion,601607,601607.SH,"Shanghai Pharmaceuticals Holding Co., Ltd",634,Inclusion,Hang Seng (China A) Corporate Sustainability Index,unchanged,1,1,601607.SH,601607.SS,parse_ok,601607.SS,2019-09-06,19.479999542236328,0.033970243336783,0.13190009172119765,0.1005648984503924,-0.003070694497426363,-0.15524718155320882,15431600.0,300607560.9359741,15616170.85,11096053.383333333,294056500.6933988,203089127.6833236,0.015580477293806726,0.013221371613612084,yfinance_info_static_sharesOutstanding,1,1,1,54335350488.56477,0.005532449100502976
2019-09-09,Hang Seng (China A) Corporate Sustainability Index,Inclusion,601618,601618.SH,Metallurgical Corporation of China Ltd.,635,Inclusion,Hang Seng (China A) Corporate Sustainability Index,unchanged,1,1,601618.SH,601618.SS,parse_ok,601618.SS,2019-09-06,2.940000057220459,0.06909092989834864,0.07692309035889422,-0.023255791848698415,-0.054662329134942955,-0.222222201197656,46799568.0,137590732.59789276,53908018.7,52015068.93333333,153416450.32506385,153464279.04670066,0.016331320586759217,0.013265217869190963,yfinance_info_static_sharesOutstanding,1,1,1,52486701381.33506,0.0026214398881393938
2019-09-09,Hang Seng (China A) Corporate Sustainability Index,Inclusion,601808,601808.SH,China Oilfield Services Limited,636,Inclusion,Hang Seng (China A) Corporate Sustainability Index,unchanged,1,1,601808.SH,601808.SS,parse_ok,601808.SS,2019-09-06,12.770000457763672,0.05887230625565265,0.3151390739026878,0.3895539761527449,-0.03403931922660042,-0.03403931922660042,22982605.0,293487876.37060165,13197494.35,8393435.35,155384931.87723178,91431794.66140732,0.026848237534261146,0.020821574671468564,yfinance_info_static_sharesOutstanding,1,1,1,37805177715.1947,0.007763166161566347
2019-09-09,Hang Seng (China A) Corporate Sustainability Index,Inclusion,601991,601991.SH,"Datang International Power Generation Co., Ltd.",637,Inclusion,Hang Seng (China A) Corporate Sustainability Index,unchanged,1,1,601991.SH,601991.SS,parse_ok,601991.SS,2019-09-06,2.7799999713897705,0.022058802260453536,-0.014184383971608927,-0.10032360886420244,-0.11182112787675236,-0.22128850885871965,8933100.0,24834017.74442196,8741038.05,8998618.916666666,24427313.60483688,26577798.13458957,0.013320921160465937,0.010017797929481417,yfinance_info_static_sharesOutstanding,1,1,1,34461127360.02505,0.0007206385758937606
2019-09-09,Hang Seng China 50 Index,Exclusion,2611 / 601211,2611.HK / 601211.SH,"Guotai Junan Securities Co., Ltd.",638,Exclusion,Hang Seng China 50 Index,unchanged,1,1,2611.HK,2611.HK,parse_ok,2611.HK,2019-09-06,12.680000305175781,0.13416815376163949,0.1464737634806732,-0.0494752503645266,-0.1057827903891152,-0.3255318712896741,1888777.0,23949692.936408997,1550715.3,1412678.2166666666,17715932.78694458,17674258.203266256,0.023375138631092085,0.02130641130419556,yfinance_info_static_sharesOutstanding,1,1,1,44453035942.513,0.0005387639433081897
2019-09-09,Hang Seng China 50 Index,Exclusion,2611 / 601211,2611.HK / 601211.SH,"Guotai Junan Securities Co., Ltd.",638,Exclusion,Hang Seng China 50 Index,unchanged,2,0,601211.SH,601211.SS,parse_ok,601211.SS,2019-09-06,18.829999923706055,0.10181391197089495,0.13433731873437993,0.16378242080023764,0.0,-0.1366345536546104,47569536.0,895734359.2507324,30330139.55,33518343.15,532101031.6870346,593366149.3047032,0.01856665750408905,0.017025483165916386,yfinance_info_static_sharesOutstanding,1,1,1,265939214344.71796,0.003368192094038663
2019-09-09,Hang Seng China 50 Index,Exclusion,600018,600018.SH,"Shanghai International Port (Group) Co., Ltd",639,Exclusion,Hang Seng China 50 Index,unchanged,1,1,600018.SH,600018.SS,parse_ok,600018.SS,2019-09-06,6.059999942779541,0.05574916104901528,0.021922448263769878,-0.05164318162772508,-0.19307593101341158,-0.32138860742622855,46810989.0,283674590.6614537,48295440.25,51069725.95,284476421.6587577,332229411.5538989,0.015558371241909338,0.025704272961939084,yfinance_info_static_sharesOutstanding,1,1,1,141076559322.14996,0.0020107847258571104
2019-09-09,Hang Seng China 50 Index,Inclusion,788,0788.HK,China Tower Corporation Ltd.,640,Inclusion,Hang Seng China 50 Index,unchanged,1,1,0788.HK,0788.HK,parse_ok,0788.HK,2019-09-06,19.100000381469727,0.06703915019624906,0.0,-0.010362635414346344,-0.12785384866816984,-0.16228065699127792,54666413.0,1044128509.1535816,46562827.4,44652910.233333334,855876563.8766363,882950634.328245,0.01833592047508573,0.018474134394177815,yfinance_info_static_sharesOutstanding,1,1,1,86842699444.44293,0.01202321572029847
2019-09-09,Hang Seng China 50 Index,Inclusion,1339 / 601319,1339.HK / 601319.SH,The People's Insurance Co. (Group) of China Ltd.,641,Inclusion,Hang Seng China 50 Index,unchanged,1,1,1339.HK,1339.HK,parse_ok,1339.HK,2019-09-06,3.2300000190734863,0.05211729293481859,0.06600661702052157,0.0730897107333115,-0.03869044050033554,-0.14775724232612997,25989502.0,83946091.95571041,29640742.9,32813300.8,90709000.95947018,103162302.7272339,0.011739813312435909,0.012751023617325148,yfinance_info_static_sharesOutstanding,1,1,1,28185735986.439705,0.002978318252753708
2019-09-09,Hang Seng China 50 Index,Inclusion,1339 / 601319,1339.HK / 601319.SH,The People's Insurance Co. (Group) of China Ltd.,641,Inclusion,Hang Seng China 50 Index,unchanged,2,0,601319.SH,601319.SS,parse_ok,601319.SS,2019-09-06,9.149999618530273,0.08928571834045229,0.11313860356328442,0.024635980496773513,-0.07294835616789108,-0.2077922539022825,68314191.0,625074821.5902042,34872720.9,43229138.31666667,302670997.42187357,395490650.40268046,0.01607195570100625,0.01871715420271044,yfinance_info_static_sharesOutstanding,1,1,1,324804459193.1305,0.0019244650247197848
2019-09-09,Hang Seng China A Industry Top Index,Exclusion,000063,000063.SZ,ZTE Corporation,642,Exclusion,Hang Seng China A Industry Top Index,unchanged,1,1,000063.SZ,000063.SZ,parse_ok,000063.SZ,2019-09-06,33.4900016784668,0.16244367578197494,0.20035849951137008,0.10601059838274729,-0.017312210119961424,-0.08895529903087385,318911339.0,10680341278.392094,101098752.55,92119645.73333333,3038289223.8478036,2875746654.521323,0.02851361418501431,0.02521516956294283,yfinance_info_static_sharesOutstanding,1,1,1,134898810262.88857,0.07917298349465367
2019-09-09,Hang Seng China A Industry Top Index,Exclusion,002027,002027.SZ,"Focus Media Information Technology Co., Ltd.",643,Exclusion,Hang Seng China A Industry Top Index,unchanged,1,1,002027.SZ,002027.SZ,parse_ok,002027.SZ,2019-09-06,5.5,0.024208587935078407,0.08481258654429547,0.012891376404112087,-0.03339192536199609,-0.4167550559906926,74476732.0,409622026.0,102690256.15,86230813.23333333,538524357.7023853,448744277.0982126,0.020871514133092284,0.020964862639061235,yfinance_info_static_sharesOutstanding,1,1,1,79432098493.0,0.005156882844233281
2019-09-09,Hang Seng China A Industry Top Index,Exclusion,600029,600029.SH,China Southern Airlines Company Limited,644,Exclusion,Hang Seng China A Industry Top Index,unchanged,1,1,600029.SH,600029.SS,parse_ok,600029.SS,2019-09-06,6.949999809265137,0.05783860390793083,0.07087828264556606,-0.01974616929615336,-0.11577612071138521,-0.2797927374090773,30635177.0,212914474.3068037,33822035.85,32093301.283333335,228264843.69819602,229520503.54332218,0.015023871759705903,0.01550345430476772,yfinance_info_static_sharesOutstanding,1,1,1,93664930658.9722,0.002273150396940037
2019-09-09,Hang Seng China A Industry Top Index,Exclusion,600115,600115.SH,China Eastern Airlines Corporation Limited,645,Exclusion,Hang Seng China A Industry Top Index,unchanged,1,1,600115.SH,600115.SS,parse_ok,600115.SS,2019-09-06,5.46999979019165,0.07889538559901044,0.07889538559901044,-0.0649572855787568,-0.1506211581382293,-0.2996158988133226,48452638.0,265035919.694232,39397624.45,33441353.766666666,205915164.76879138,189670768.9649168,0.012779430114417449,0.016162947314210738,yfinance_info_static_sharesOutstanding,1,1,1,93126554392.73021,0.002845975795223039
2019-09-09,Hang Seng China A Industry Top Index,Exclusion,601018,601018.SH,Ningbo Zhoushan Port Company Limited,646,Exclusion,Hang Seng China A Industry Top Index,unchanged,1,1,601018.SH,601018.SS,parse_ok,601018.SS,2019-09-06,3.9600000381469727,0.025906773515252945,0.07317072540369951,-0.031784867870643496,-0.12582784663612456,-0.2707182019638139,34829341.0,137924191.68863392,23423923.6,21420005.266666666,91254601.24038956,87698957.79637128,0.013469858476684225,0.01869547201873486,yfinance_info_static_sharesOutstanding,1,1,1,77039378802.16602,0.0017903076820338546
2019-09-09,Hang Seng China A Industry Top Index,Exclusion,601600,601600.SH,Aluminum Corporation of China Limited,647,Exclusion,Hang Seng China A Industry Top Index,unchanged,1,1,601600.SH,601600.SS,parse_ok,601600.SS,2019-09-06,3.7100000381469727,0.030555593452336938,0.0660919591416329,-0.05357143726015212,-0.07481301087569181,-0.2089552253980751,42675197.0,158324982.49792957,44974809.1,46576582.45,164235036.49401084,175916121.672593,0.01199689572894512,0.012066928025996479,yfinance_info_static_sharesOutstanding,1,1,1,49012830385.84986,0.0032302762613692767
2019-09-09,Hang Seng China A Industry Top Index,Inclusion,000338,000338.SZ,"Weichai Power Co., Ltd.",648,Inclusion,Hang Seng China A Industry Top Index,unchanged,1,1,000338.SZ,000338.SZ,parse_ok,000338.SZ,2019-09-06,12.199999809265137,0.05354057768945619,0.09810982774718524,0.0049422952426343425,-0.053529908120991565,-0.1592005777517973,63365717.0,773061735.3139486,48034731.7,50348977.083333336,547500529.8784618,602730971.181887,0.015331105830872941,0.018525245966498287,yfinance_info_static_sharesOutstanding,1,1,1,82586155280.0476,0.00936066986884806
2019-09-09,Hang Seng China A Industry Top Index,Inclusion,000538,000538.SZ,"Yunnan Baiyao Group Co., Ltd.",649,Inclusion,Hang Seng China A Industry Top Index,unchanged,1,1,000538.SZ,000538.SZ,parse_ok,000538.SZ,2019-09-06,54.35714340209961,-0.007822656103234293,0.024226162700264453,-0.018950611546577734,-0.10365133749353106,-0.1911999409692955,6062338.0,329531376.01799774,5787305.55,5381985.016666667,317925804.47022724,301016471.360191,0.011741116037430437,0.01268526296081069,yfinance_info_static_sharesOutstanding,1,1,1,96987418178.27452,0.003397671390863086
2019-09-09,Hang Seng China A Industry Top Index,Inclusion,002304,002304.SZ,"Jiangsu Yanghe Brewery Joint-Stock Co., Ltd.",650,Inclusion,Hang Seng China A Industry Top Index,unchanged,1,1,002304.SZ,002304.SZ,parse_ok,002304.SZ,2019-09-06,108.70999908447266,-0.029201680428941224,0.04198214489165508,-0.04514711865206389,-0.18618058396223391,-0.18618058396223391,7553148.0,821102712.1648865,9026645.4,8029816.0,973525324.7642498,928464771.2188947,0.016598886895856306,0.01920828493399372,yfinance_info_static_sharesOutstanding,1,1,1,163765642615.34833,0.0050138887440113866
2019-09-09,Hang Seng China A Industry Top Index,Inclusion,300498,300498.SZ,"Wens Foodstuff Group Co., Ltd.",651,Inclusion,Hang Seng China A Industry Top Index,unchanged,1,1,300498.SZ,300498.SZ,parse_ok,300498.SZ,2019-09-06,33.608333587646484,-0.027958558321396376,-0.020878868444680454,0.027254194553988143,-0.05682875098596907,-0.11010590077780436,63191215.0,2123751433.5286903,38178439.45,36350416.266666666,1292803031.397288,1198841210.1881845,0.017658508090505745,0.020712693800435045,yfinance_info_static_sharesOutstanding,1,1,1,223627409374.5979,0.009496829746711406
2019-09-09,Hang Seng China A Industry Top Index,Inclusion,300760,300760.SZ,"Shenzhen Mindray Bio-Medical Electronics Co., Ltd.",652,Inclusion,Hang Seng China A Industry Top Index,unchanged,1,1,300760.SZ,300760.SZ,parse_ok,300760.SZ,2019-09-06,183.39999389648438,-0.0158304916040225,0.1436054092442176,0.20657890721371297,-0.03392331734954246,-0.03392331734954246,1828329.0,335315527.4407654,2052408.65,2117791.1,362569810.4950493,349998026.75079674,0.017690618341235385,0.018961995141078287,yfinance_info_static_sharesOutstanding,1,1,1,222361744259.445,0.0015079730938318656
2019-09-09,Hang Seng China A Industry Top Index,Inclusion,600196,600196.SH,"Shanghai Fosun Pharmaceutical (Group) Co., Ltd.",653,Inclusion,Hang Seng China A Industry Top Index,unchanged,1,1,600196.SH,600196.SS,parse_ok,600196.SS,2019-09-06,28.700000762939453,0.03797472545733771,0.15214776952000197,0.2328178658260569,-0.00034825224145029754,-0.14659530623238481,14892511.0,427415077.0620842,17940163.15,16978120.283333335,491519714.8000697,448888497.35008323,0.01754644389271718,0.01841441135156423,yfinance_info_static_sharesOutstanding,1,1,1,60800630893.7787,0.007029780296339302
2019-09-09,Hang Seng China A Industry Top Index,Inclusion,600276,600276.SH,"Jiangsu Hengrui Medicine Co., Ltd.",654,Inclusion,Hang Seng China A Industry Top Index,unchanged,1,1,600276.SH,600276.SS,parse_ok,600276.SS,2019-09-06,55.63194274902344,0.0007494857835819158,0.19781699286709986,0.30727809314768084,0.0,0.0,29117600.0,1619868656.1889648,29412114.9,24581613.016666666,1530698653.8491786,1190917605.6611407,0.02009889113489263,0.016884729382189868,yfinance_info_static_sharesOutstanding,1,1,1,354876289303.05835,0.004564600975089729
2019-09-09,Hang Seng China A Industry Top Index,Inclusion,600887,600887.SH,"Inner Mongolia Yili Industrial Group Co., Ltd.",655,Inclusion,Hang Seng China A Industry Top Index,unchanged,1,1,600887.SH,600887.SS,parse_ok,600887.SS,2019-09-06,29.1299991607666,0.01675391094685641,0.063138670303716,-0.08338582343053513,-0.15491737368228609,-0.15491737368228609,44346235.0,1291805788.3331585,59483970.85,55737223.18333333,1704427415.9981434,1695597496.2745168,0.01503074015435143,0.0179275789299649,yfinance_info_static_sharesOutstanding,1,1,1,184257750921.25607,0.0070108626740224425
2019-09-09,Hang Seng China A Industry Top Index,Inclusion,601360,601360.SH,360 Security Technology Inc.,656,Inclusion,Hang Seng China A Industry Top Index,unchanged,1,1,601360.SH,601360.SS,parse_ok,601360.SS,2019-09-06,23.239999771118164,0.04826340510338345,0.3582699557040312,0.09829867385185453,-0.01106383952688661,-0.23527475360745598,18411559.0,427884626.9459286,15056954.25,8973250.533333333,321932689.21788406,188961720.46630546,0.028635102890282968,0.025446190366846845,yfinance_info_static_sharesOutstanding,1,1,1,162669723505.88834,0.0026303888500212513
2019-09-09,Hang Seng China A Industry Top Index,Inclusion,601607,601607.SH,"Shanghai Pharmaceuticals Holding Co., Ltd",657,Inclusion,Hang Seng China A Industry Top Index,unchanged,1,1,601607.SH,601607.SS,parse_ok,601607.SS,2019-09-06,19.479999542236328,0.033970243336783,0.13190009172119765,0.1005648984503924,-0.003070694497426363,-0.15524718155320882,15431600.0,300607560.9359741,15616170.85,11096053.383333333,294056500.6933988,203089127.6833236,0.015580477293806726,0.013221371613612084,yfinance_info_static_sharesOutstanding,1,1,1,54335350488.56477,0.005532449100502976
2019-09-09,Hang Seng China A Industry Top Index,Inclusion,603993,603993.SH,"China Molybdenum Co., Ltd.",658,Inclusion,Hang Seng China A Industry Top Index,unchanged,1,1,603993.SH,603993.SS,parse_ok,603993.SS,2019-09-06,3.700000047683716,0.03064070644688499,-0.03645829937886369,-0.0796019738211654,-0.11057687899064572,-0.28155340210343516,94988478.0,351457373.1294036,118794014.65,115041412.96666667,440846875.1667303,433886967.0418061,0.01606527850819275,0.02130633400184317,yfinance_info_static_sharesOutstanding,1,1,1,64605116883.79784,0.005440085709643608
2019-09-09,Hang Seng China A Top 100 Index,Exclusion,000063,000063.SZ,ZTE Corporation,659,Exclusion,Hang Seng China A Top 100 Index,unchanged,1,1,000063.SZ,000063.SZ,parse_ok,000063.SZ,2019-09-06,33.4900016784668,0.16244367578197494,0.20035849951137008,0.10601059838274729,-0.017312210119961424,-0.08895529903087385,318911339.0,10680341278.392094,101098752.55,92119645.73333333,3038289223.8478036,2875746654.521323,0.02851361418501431,0.02521516956294283,yfinance_info_static_sharesOutstanding,1,1,1,134898810262.88857,0.07917298349465367
2019-09-09,Hang Seng China A Top 100 Index,Exclusion,000625,000625.SZ,Chongqing Changan Automobile Company Limited,660,Exclusion,Hang Seng China A Top 100 Index,unchanged,1,1,000625.SZ,000625.SZ,parse_ok,000625.SZ,2019-09-06,4.8351640701293945,0.09999989151954014,0.17489982719597497,0.3622291279540273,0.0,-0.1472868699450416,80876228.0,391049831.7531929,53904705.15,49998521.833333336,245151850.75008756,207679898.44636866,0.024101719710948454,0.024136450403512123,yfinance_info_static_sharesOutstanding,1,1,1,39993137709.51785,0.009777923267574177
2019-09-09,Hang Seng China A Top 100 Index,Exclusion,600221,600221.SH,"Hainan Airlines Holding Co., Ltd.",662,Exclusion,Hang Seng China A Top 100 Index,unchanged,1,1,600221.SH,600221.SS,parse_ok,600221.SS,2019-09-06,1.909999966621399,0.021390353877556167,0.043715804278675385,-0.04500001668930054,-0.068292677537236,-0.22357726138080414,42917025.0,81971516.31748974,42642240.5,38058409.766666666,80856964.40255685,74280490.15930872,0.01160063239036776,0.009297349693270675,yfinance_info_static_sharesOutstanding,1,1,1,81836214083.88425,0.0010016533295817767
2019-09-09,Hang Seng China A Top 100 Index,Exclusion,601018,601018.SH,Ningbo Zhoushan Port Company Limited,663,Exclusion,Hang Seng China A Top 100 Index,unchanged,1,1,601018.SH,601018.SS,parse_ok,601018.SS,2019-09-06,3.9600000381469727,0.025906773515252945,0.07317072540369951,-0.031784867870643496,-0.12582784663612456,-0.2707182019638139,34829341.0,137924191.68863392,23423923.6,21420005.266666666,91254601.24038956,87698957.79637128,0.013469858476684225,0.01869547201873486,yfinance_info_static_sharesOutstanding,1,1,1,77039378802.16602,0.0017903076820338546
2019-09-09,Hang Seng China A Top 100 Index,Exclusion,601600,601600.SH,Aluminum Corporation of China Limited,664,Exclusion,Hang Seng China A Top 100 Index,unchanged,1,1,601600.SH,601600.SS,parse_ok,601600.SS,2019-09-06,3.7100000381469727,0.030555593452336938,0.0660919591416329,-0.05357143726015212,-0.07481301087569181,-0.2089552253980751,42675197.0,158324982.49792957,44974809.1,46576582.45,164235036.49401084,175916121.672593,0.01199689572894512,0.012066928025996479,yfinance_info_static_sharesOutstanding,1,1,1,49012830385.84986,0.0032302762613692767
2019-09-09,Hang Seng China A Top 100 Index,Exclusion,601881,601881.SH,"China Galaxy Securities Co.,Ltd.",665,Exclusion,Hang Seng China A Top 100 Index,unchanged,1,1,601881.SH,601881.SS,parse_ok,601881.SS,2019-09-06,11.770000457763672,0.12095242454892108,0.15505406697189872,0.08679598713569958,-0.06587300782361083,-0.17287415064006761,62509512.0,735736984.8545837,50621733.65,59974664.1,556833341.0073979,693462832.1654547,0.023367887184945972,0.026455247223828766,yfinance_info_static_sharesOutstanding,1,1,1,85255028738.48344,0.008629836805420931
2019-09-09,Hang Seng China A Top 100 Index,Exclusion,601992,601992.SH,BBMG Corporation,666,Exclusion,Hang Seng China A Top 100 Index,unchanged,1,1,601992.SH,601992.SS,parse_ok,601992.SS,2019-09-06,3.5199999809265137,0.04451041556713475,0.09999997764825852,-0.030303066128510636,-0.07853402030340195,-0.2397408436454087,28501823.0,100326416.41637087,24827069.9,23923081.75,83809698.4379719,84166789.98415905,0.009675882797792117,0.013114355562427342,yfinance_info_static_sharesOutstanding,1,1,1,29353301890.226078,0.0034178920242624246
2019-09-09,Hang Seng China A Top 100 Index,Inclusion,300498,300498.SZ,"Wens Foodstuff Group Co., Ltd.",667,Inclusion,Hang Seng China A Top 100 Index,unchanged,1,1,300498.SZ,300498.SZ,parse_ok,300498.SZ,2019-09-06,33.608333587646484,-0.027958558321396376,-0.020878868444680454,0.027254194553988143,-0.05682875098596907,-0.11010590077780436,63191215.0,2123751433.5286903,38178439.45,36350416.266666666,1292803031.397288,1198841210.1881845,0.017658508090505745,0.020712693800435045,yfinance_info_static_sharesOutstanding,1,1,1,223627409374.5979,0.009496829746711406
2019-09-09,Hang Seng China A Top 100 Index,Inclusion,300750,300750.SZ,"Contemporary Amperex Technology Co., Limited",668,Inclusion,Hang Seng China A Top 100 Index,unchanged,1,1,300750.SZ,300750.SZ,parse_ok,300750.SZ,2019-09-06,39.92222213745117,-0.005673209956939096,-0.000973121736154603,-0.004433325272684252,-0.07587450387964423,-0.22397405814627058,14925956.0,595877331.0458221,15955913.2,16904638.183333334,647274102.8166554,681681625.9654889,0.01576028075913876,0.015391354578401295,yfinance_info_static_sharesOutstanding,1,1,1,175983060836.28333,0.003385992539362442
2019-09-09,Hang Seng China A Top 100 Index,Inclusion,600031,600031.SH,"Sany Heavy Industry Co., Ltd.",669,Inclusion,Hang Seng China A Top 100 Index,unchanged,1,1,600031.SH,600031.SS,parse_ok,600031.SS,2019-09-06,14.75,0.09502596195965274,0.09421368700973853,0.15324472587903015,0.0,0.0,103515626.0,1526855483.5,88354646.95,80411492.85,1219917001.016892,1091968755.9867504,0.02390052606946274,0.01850503759640997,yfinance_info_static_sharesOutstanding,1,1,1,124997253045.75,0.012215112302837236
2019-09-09,Hang Seng China A Top 100 Index,Inclusion,600346,600346.SH,"Hengli Petrochemical Co., Ltd.",670,Inclusion,Hang Seng China A Top 100 Index,unchanged,1,1,600346.SH,600346.SS,parse_ok,600346.SS,2019-09-06,15.449999809265137,0.12609325864182175,0.25609752599053226,0.3261802845633277,0.0,0.0,21066041.0,325470329.43197155,28496793.7,18008828.866666667,388742558.46669924,231568596.72213688,0.021890756811411366,0.021669123398822366,yfinance_info_static_sharesOutstanding,1,1,1,108754090351.09827,0.0029927180520864403
2019-09-09,Hang Seng China A Top 100 Index,Inclusion,600406,600406.SH,"NARI Technology Co., Ltd.",671,Inclusion,Hang Seng China A Top 100 Index,unchanged,1,1,600406.SH,600406.SS,parse_ok,600406.SS,2019-09-06,11.516202926635742,0.15028897219023696,0.13390305739182695,0.11923506235467474,0.0,-0.14957266702846428,58534973.0,674100627.3731441,22263073.1,17879557.3,237643432.9398374,191043836.6308638,0.016510104093719325,0.01494689600452403,yfinance_info_static_sharesOutstanding,1,1,1,92495333749.75183,0.007287941997127533
2019-09-09,Hang Seng China A Top 100 Index,Inclusion,601155,601155.SH,"Seazen Holdings Co., Ltd",672,Inclusion,Hang Seng China A Top 100 Index,unchanged,1,1,601155.SH,601155.SS,parse_ok,601155.SS,2019-09-06,25.360000610351562,0.02299312923652197,0.07457627967937475,-0.365999984741211,-0.4059498377569615,-0.456610207728134,13559812.0,343876840.59625244,21390907.4,35637002.333333336,540012277.8240739,997928748.5522183,0.01777389302199369,0.035457013522582494,yfinance_info_static_sharesOutstanding,1,1,1,57202597004.882935,0.006011559939610755
2019-09-09,Hang Seng China A Top 100 Index,Inclusion,601319,601319.SH,The People's Insurance Company (Group) of China Limited,673,Inclusion,Hang Seng China A Top 100 Index,unchanged,1,1,601319.SH,601319.SS,parse_ok,601319.SS,2019-09-06,9.149999618530273,0.08928571834045229,0.11313860356328442,0.024635980496773513,-0.07294835616789108,-0.2077922539022825,68314191.0,625074821.5902042,34872720.9,43229138.31666667,302670997.42187357,395490650.40268046,0.01607195570100625,0.01871715420271044,yfinance_info_static_sharesOutstanding,1,1,1,324804459193.1305,0.0019244650247197848
2019-09-09,Hang Seng China A Top 100 Index,Inclusion,601888,601888.SH,China International Travel Service Corporation Limited,674,Inclusion,Hang Seng China A Top 100 Index,unchanged,1,1,601888.SH,601888.SS,parse_ok,601888.SS,2019-09-06,94.18000030517578,-0.013615448324797441,0.07757435538819002,0.18525045797011064,-0.014544306728963119,-0.014544306728963119,8479111.0,798562676.5676193,7543087.45,8210928.633333334,698587589.3200477,725190120.7274883,0.015503433192711752,0.019840866633334852,yfinance_info_static_sharesOutstanding,1,1,1,183884147329.76825,0.004342748889253181
2019-09-09,Hang Seng China Enterprises Index,Exclusion,489,0489.HK,Dongfeng Motor Group Co. Ltd. - H Shares,675,Exclusion,Hang Seng China Enterprises Index,unchanged,1,1,0489.HK,0489.HK,parse_ok,0489.HK,2019-09-06,7.25,-0.00412090782194352,0.07248517078811023,0.18464054502799865,-0.013605429378242606,-0.17331817313853004,57956913.0,420187619.25,20309396.85,16590052.45,143636485.00043434,112352603.84361424,0.01885418968601949,0.022942830973663654,yfinance_info_static_sharesOutstanding,1,1,1,18068450000.0,0.02325532180402857
2019-09-09,Hang Seng China Enterprises Index,Exclusion,1359,1359.HK,"China Cinda Asset Management Co., Ltd. - H Shares",676,Exclusion,Hang Seng China Enterprises Index,unchanged,1,1,1359.HK,1359.HK,parse_ok,1359.HK,2019-09-06,1.7000000476837158,0.04294481758089841,0.11111116305415769,-0.06077342462613722,-0.09090906772789709,-0.2975206635996712,185630225.0,315571391.3515389,49770986.55,38458733.63333333,78743945.57675281,64571116.10058209,0.02195372986999788,0.01805361754408994,yfinance_info_static_sharesOutstanding,1,1,1,23064925459.653717,0.013681873453419636
2019-09-09,Hang Seng China Enterprises Index,Exclusion,2238,2238.HK,"Guangzhou Automobile Group Co., Ltd. - H Shares",677,Exclusion,Hang Seng China Enterprises Index,unchanged,1,1,2238.HK,2238.HK,parse_ok,2238.HK,2019-09-06,7.829999923706055,-0.00886078111599331,0.04679143098129579,0.031620522568281295,-0.10103330775967889,-0.24711536433569703,79847875.0,625208855.1580906,28543063.2,26482497.383333333,215348387.56172538,206601476.62292287,0.025761108334195242,0.02610467799507476,yfinance_info_static_sharesOutstanding,1,1,1,22028673613.507034,0.028381593287338892
2019-09-09,Hang Seng China Enterprises Index,Exclusion,2799,2799.HK,"China Huarong Asset Management Co., Ltd. - H Shares",678,Exclusion,Hang Seng China Enterprises Index,unchanged,1,1,2799.HK,2799.HK,parse_ok,2799.HK,2019-09-06,1.2699999809265137,0.03252029368516429,0.08547010898276675,-0.04511282710736697,-0.09929077234685979,-0.3385416618160282,190278970.0,241654288.27071667,56691523.85,41692634.95,67193749.42954238,52534920.55428621,0.023040191329993423,0.01945092233069693,yfinance_info_static_sharesOutstanding,1,1,1,44910071151.11839,0.005380848484019798
2019-09-09,Hang Seng China Enterprises Index,Exclusion,6886,6886.HK,"Huatai Securities Co., Ltd. - H Shares",679,Exclusion,Hang Seng China Enterprises Index,unchanged,1,1,6886.HK,6886.HK,parse_ok,6886.HK,2019-09-06,12.880000114440918,0.12784588689957133,0.10463124210928543,0.0644627858165776,-0.06801733727500325,-0.28761061013319056,42166378.0,543102953.465559,12080437.1,11447361.0,143674636.79113403,143936286.85407075,0.02448746913730181,0.024028857538754354,yfinance_info_static_sharesOutstanding,1,1,1,22141308555.129166,0.024528945618245583
2019-09-09,Hang Seng China Enterprises Index,Inclusion,151,0151.HK,Want Want China Holdings Ltd.,680,Inclusion,Hang Seng China Enterprises Index,unchanged,1,1,0151.HK,0151.HK,parse_ok,0151.HK,2019-09-06,6.230000019073486,0.019639915374283223,0.04705886029985118,0.07413789899964507,-0.05030486685739666,-0.08112096957448478,98293868.0,612370799.5148067,18255388.3,12276818.166666666,112639141.79730602,75908962.2444032,0.023592846272735807,0.018316755896784522,yfinance_info_static_sharesOutstanding,1,1,1,73524411396.14902,0.008328809274179118
2019-09-09,Hang Seng China Enterprises Index,Inclusion,175,0175.HK,Geely Automobile Holdings Ltd.,681,Inclusion,Hang Seng China Enterprises Index,unchanged,1,1,0175.HK,0175.HK,parse_ok,0175.HK,2019-09-06,12.760000228881836,0.05280530935361738,0.15162457732344925,0.014308450418714536,-0.07670039720329136,-0.3219978514457136,138349252.0,1765336487.1856308,54968157.85,53292787.333333336,650853400.5628395,647834395.6192294,0.022803836345085288,0.02402620210117033,yfinance_info_static_sharesOutstanding,1,1,1,137804644001.5836,0.012810428124362372
2019-09-09,Hang Seng China Enterprises Index,Inclusion,656,0656.HK,Fosun International Ltd.,682,Inclusion,Hang Seng China Enterprises Index,unchanged,1,1,0656.HK,0656.HK,parse_ok,0656.HK,2019-09-06,10.399999618530273,0.03174600171093722,0.12189850107506972,0.04312932196436248,-0.045871561238404746,-0.2857143324997198,46273931.0,481248864.7478962,16978364.4,13845700.266666668,165913866.09732595,139039173.8510164,0.016964239265804194,0.01619775016403663,yfinance_info_static_sharesOutstanding,1,1,1,84570184355.58401,0.005690526376582508
2019-09-09,Hang Seng China Enterprises Index,Inclusion,966,0966.HK,China Taiping Insurance Holdings Co. Ltd.,683,Inclusion,Hang Seng China Enterprises Index,unchanged,1,1,0966.HK,0966.HK,parse_ok,0966.HK,2019-09-06,18.639999389648438,0.05549261329013744,-0.016877621850007518,-0.06048390895717448,-0.16036041670926693,-0.3330948522060755,40621538.0,757185443.5265808,14100666.65,9773228.033333333,259930464.43408117,192183412.95847705,0.02042811965917915,0.019423498970503317,yfinance_info_static_sharesOutstanding,1,1,1,66992503354.70517,0.011302539920287968
2019-09-09,Hang Seng China Enterprises Index,Inclusion,1918,1918.HK,Sunac China Holdings Ltd.,684,Inclusion,Hang Seng China Enterprises Index,unchanged,1,1,1918.HK,1918.HK,parse_ok,1918.HK,2019-09-06,32.475128173828125,0.047770765898896395,0.03134800453721587,-0.11320751179225386,-0.1712846423619686,-0.244546514579011,50765405.0,1648613034.1712952,19111739.6,16611194.5,621864721.4990461,577996933.0609796,0.02591226867856208,0.021030706042853013,yfinance_info_static_sharesOutstanding,1,1,1,523388130799.5163,0.0031498861688989965
2019-09-09,Hang Seng Composite LargeCap & MidCap Index,Exclusion,45,0045.HK,"The Hongkong and Shanghai Hotels, Ltd.",685,Exclusion,Hang Seng Composite LargeCap & MidCap Index,unchanged,1,1,0045.HK,0045.HK,parse_ok,0045.HK,2019-09-06,7.849999904632568,-0.05421690069412555,-0.18568468619713774,-0.2663551360220354,-0.28636364503340284,-0.36693547208649024,1432209.0,11242840.513413906,638378.55,430794.45,5266128.040437484,4008468.7128748656,0.018150979502164884,0.01595669008126197,yfinance_info_static_sharesOutstanding,1,1,1,13085477663.528229,0.000859184571056958
2019-09-09,Hang Seng Composite LargeCap & MidCap Index,Exclusion,127,0127.HK,Chinese Estates Holdings Ltd.,686,Exclusion,Hang Seng Composite LargeCap & MidCap Index,unchanged,1,1,0127.HK,0127.HK,parse_ok,0127.HK,2019-09-06,5.610000133514404,0.11530813111599314,-0.08631917662802036,-0.2164804115824015,-0.24697982857159684,-0.4584941776616144,862620.0,4839298.315172195,356449.65,294072.0333333333,1929420.1507806063,1860552.781383284,0.02709120709246925,0.021961862102363294,yfinance_info_static_sharesOutstanding,1,1,1,10701743287.884624,0.00045219719675491883
2019-09-09,Hang Seng Composite LargeCap & MidCap Index,Exclusion,511,0511.HK,Television Broadcasts Ltd.,687,Exclusion,Hang Seng Composite LargeCap & MidCap Index,unchanged,1,1,0511.HK,0511.HK,parse_ok,0511.HK,2019-09-06,12.899999618530273,0.0420031905720899,0.08952698076703114,0.007812455180101763,-0.07327589455266992,-0.46025105337120686,452000.0,5830799.827575684,329538.1,335734.18333333335,4090669.70858016,4330660.415610012,0.019850366287674066,0.019466173552702356,yfinance_info_static_sharesOutstanding,1,1,1,6023807506.268196,0.0009679591888532835
2019-09-09,Hang Seng Composite LargeCap & MidCap Index,Exclusion,582,0582.HK,Landing International Development Ltd.,688,Exclusion,Hang Seng Composite LargeCap & MidCap Index,unchanged,1,1,0582.HK,0582.HK,parse_ok,0582.HK,2019-09-06,8.544599533081055,-0.018868011306220622,-0.018868011306220622,-0.05454549675483711,-0.18110245864068664,-0.6941177024860157,136753.0,1168499.6199474335,206238.9,516167.6,1765380.0762609958,4729005.931175645,0.01697158519221301,0.03646569267750354,yfinance_info_static_sharesOutstanding,1,1,1,31200446145.869762,3.745137535804489e-05
2019-09-09,Hang Seng Composite LargeCap & MidCap Index,Exclusion,691,0691.HK,China Shanshui Cement Group Ltd.,689,Exclusion,Hang Seng Composite LargeCap & MidCap Index,unchanged,1,1,0691.HK,0691.HK,parse_ok,0691.HK,2019-09-06,2.8399999141693115,0.06766910621448763,-0.02068971697413624,0.01792113010749863,-0.18857145309448242,-0.5484896770440281,226000.0,641839.9806022644,255706.95,483659.4666666667,696491.3535697103,1515680.1924659729,0.01875870797597258,0.02382756726488338,yfinance_info_static_sharesOutstanding,1,1,1,12365263713.816082,5.190669568050678e-05
2019-09-09,Hang Seng Composite LargeCap & MidCap Index,Exclusion,1141,1141.HK,CMBC Capital Holdings Ltd.,690,Exclusion,Hang Seng Composite LargeCap & MidCap Index,unchanged,1,1,1141.HK,1141.HK,parse_ok,1141.HK,2019-09-06,6.320000171661377,0.0063694204644377805,-0.030674817461688986,-0.25471692065744156,-0.26851852771676576,-0.6367815913667698,155271.0,981312.7466540337,425211.2,324725.8,2683064.605060744,2338961.9599727867,0.016696858992799626,0.02250214055145609,yfinance_info_static_sharesOutstanding,1,1,1,6932842328.067156,0.00014154551628575967
2019-09-09,Hang Seng Composite LargeCap & MidCap Index,Exclusion,1515,1515.HK,China Resources Medical Holdings Co. Ltd.,691,Exclusion,Hang Seng Composite LargeCap & MidCap Index,unchanged,1,1,1515.HK,1515.HK,parse_ok,1515.HK,2019-09-06,5.550000190734863,-0.008928520490927738,0.053130969795397,0.041275848063397014,-0.0672268287987855,-0.24283761957683925,3014000.0,16727700.574874878,1587551.0,1474596.9333333333,8579978.091753745,8235386.2020569565,0.017305207415443828,0.01776510484883402,yfinance_info_static_sharesOutstanding,1,1,1,7017777106.177425,0.002383618106102323
2019-09-09,Hang Seng Composite LargeCap & MidCap Index,Exclusion,2038,2038.HK,FIH Mobile Ltd.,693,Exclusion,Hang Seng Composite LargeCap & MidCap Index,unchanged,1,1,2038.HK,2038.HK,parse_ok,2038.HK,2019-09-06,9.899999618530273,0.1123595553777268,0.031249919285380123,0.08791200038733837,-0.1315789517713497,-0.34000002543131513,3680073.0,36432721.29616356,2448914.2,2706224.033333333,22781428.598661136,26300623.985504422,0.026940743381752084,0.041840489986040084,yfinance_info_static_sharesOutstanding,1,1,1,7724654743.751308,0.004716420669238974
2019-09-09,Hang Seng Composite LargeCap & MidCap Index,Exclusion,2356,2356.HK,Dah Sing Banking Group Ltd.,694,Exclusion,Hang Seng Composite LargeCap & MidCap Index,unchanged,1,1,2356.HK,2356.HK,parse_ok,2356.HK,2019-09-06,11.220000267028809,0.046641789882956974,-0.10383387725267468,-0.19627505470135131,-0.23045265255551362,-0.314180938359531,317080.0,3557637.6846694946,611272.6,445114.5,6955899.515025377,5634012.191301505,0.019095975019268078,0.014498518569470065,yfinance_info_static_sharesOutstanding,1,1,1,15772539296.416317,0.000225558967887804
2019-09-09,Hang Seng Composite LargeCap & MidCap Index,Exclusion,2888,2888.HK,Standard Chartered PLC,695,Exclusion,Hang Seng Composite LargeCap & MidCap Index,unchanged,1,1,2888.HK,2888.HK,parse_ok,2888.HK,2019-09-06,62.25,0.05508474576271194,0.04271355451378045,-0.0818584484062781,-0.132404181184669,-0.15190737457883718,1295758.0,80660935.5,1011253.8,971018.9833333333,60032059.12445927,62804261.35110925,0.01492143294901299,0.01397324010364318,yfinance_info_static_sharesOutstanding,1,1,1,137635189609.5,0.0005860487839545399
2019-09-09,Hang Seng Composite LargeCap & MidCap Index,Exclusion,6099,6099.HK,"China Merchants Securities Co., Ltd. - H Shares",696,Exclusion,Hang Seng Composite LargeCap & MidCap Index,unchanged,1,1,6099.HK,6099.HK,parse_ok,6099.HK,2019-09-06,8.757241249084473,0.04891931177268516,0.10287086971383297,-0.001083372350257683,-0.048503594754716994,-0.29402750150706514,3135366.0,27457156.466176987,959067.5,753883.0,8041641.460498214,6472584.096271404,0.019654486360106728,0.01693748591383051,yfinance_info_static_sharesOutstanding,1,1,1,11161292550.391218,0.0024600337588332973
2019-09-09,Hang Seng Composite LargeCap & MidCap Index,Inclusion,667,0667.HK,China East Education Holdings Ltd.,697,Inclusion,Hang Seng Composite LargeCap & MidCap Index,unchanged,1,1,0667.HK,0667.HK,parse_ok,0667.HK,2019-09-06,13.899999618530273,0.0,0.10317453950020505,0.3442939471380364,-0.03606105790654868,-0.03606105790654868,2892500.0,40205748.896598816,3159483.5,4626886.083333333,42755762.952783726,56282831.74783171,0.025984336239324883,0.021901389310628742,yfinance_info_static_sharesOutstanding,1,1,1,30770135406.848526,0.001306648422731679
2019-09-09,Hang Seng Composite LargeCap & MidCap Index,Inclusion,1579,1579.HK,Yihai International Holding Ltd.,698,Inclusion,Hang Seng Composite LargeCap & MidCap Index,unchanged,1,1,1579.HK,1579.HK,parse_ok,1579.HK,2019-09-06,48.25,0.02659574468085113,0.16265060240963858,0.1668682413663758,-0.015306122448979553,-0.015306122448979553,1100570.0,53102502.5,2649052.8,2070679.3666666667,121539717.41784057,90811075.23264465,0.02969074379786274,0.02819787002216321,yfinance_info_static_sharesOutstanding,1,1,1,46808869000.0,0.0011344538681334086
2019-09-09,Hang Seng Composite LargeCap & MidCap Index,Inclusion,1717,1717.HK,Ausnutria Dairy Corporation Ltd.,699,Inclusion,Hang Seng Composite LargeCap & MidCap Index,unchanged,1,1,1717.HK,1717.HK,parse_ok,1717.HK,2019-09-06,11.920000076293945,0.07194246393597337,-0.02295079814333678,-0.22997413250750554,-0.283653815293452,-0.283653815293452,2372502.0,28280224.021007538,7744320.35,5034652.233333333,88843501.6925273,65374198.28614672,0.06928232349962676,0.04486903514910075,yfinance_info_static_sharesOutstanding,1,1,1,21195105200.379242,0.0013342808989927316
2019-09-09,Hang Seng Composite LargeCap & MidCap Index,Inclusion,1951,1951.HK,Jinxin Fertility Group Ltd.,700,Inclusion,Hang Seng Composite LargeCap & MidCap Index,unchanged,1,1,1951.HK,1951.HK,parse_ok,1951.HK,2019-09-06,10.800000190734863,0.13326343057175727,0.16630668723417363,,0.0,0.0,30148688.0,325605836.1504059,6534133.15,8696207.08,63466279.768063925,80653816.14646375,0.030386304994987293,0.03173547657639216,yfinance_info_static_sharesOutstanding,1,1,1,28423914114.384377,0.01145534829721526
2019-09-09,Hang Seng Composite LargeCap & MidCap Index,Inclusion,3301,3301.HK,Ronshine China Holdings Ltd.,701,Inclusion,Hang Seng Composite LargeCap & MidCap Index,unchanged,1,1,3301.HK,3301.HK,parse_ok,3301.HK,2019-09-06,9.380000114440918,0.044543495834630686,-0.005302246990110948,-0.04285714980812172,-0.1757469226614553,-0.31231672446161274,812768.0,7623763.933013916,2029355.6,2327763.6166666667,18765917.13186059,23109599.986999225,0.02591128276993656,0.02469165353617217,yfinance_info_static_sharesOutstanding,1,1,1,15790586884.113438,0.00048280434343349316
2019-09-09,Hang Seng Composite LargeCap & MidCap Index,Inclusion,3692,3692.HK,Hansoh Pharmaceutical Group Co. Ltd.,702,Inclusion,Hang Seng Composite LargeCap & MidCap Index,unchanged,1,1,3692.HK,3692.HK,parse_ok,3692.HK,2019-09-06,27.75,0.0451977701477444,0.27002286112241314,,-0.04145080246338517,-0.04145080246338517,1730000.0,48007500.0,2744390.9,7109337.616666666,70865544.0900981,150917736.3162259,0.0364307994743554,0.04243059973295132,yfinance_info_static_sharesOutstanding,1,1,1,167997262988.25,0.00028576358415647354
2019-09-09,Hang Seng Composite LargeCap & MidCap Index,Inclusion,3883,3883.HK,China Aoyuan Group Ltd.,703,Inclusion,Hang Seng Composite LargeCap & MidCap Index,unchanged,1,1,3883.HK,3883.HK,parse_ok,3883.HK,2019-09-06,9.640000343322754,0.043290106289275876,0.039913685791590714,-0.07129092128704873,-0.19127514415923286,-0.19127514415923286,8667190.0,83551714.57564354,12894286.95,12022165.05,126935971.35167098,124808984.74596049,0.035964865329632015,0.03267875360511656,yfinance_info_static_sharesOutstanding,1,1,1,44324493293.74989,0.0018850010088536082
2019-09-09,Hang Seng Composite LargeCap & MidCap Index,Inclusion,3990,3990.HK,Midea Real Estate Holding Ltd.,704,Inclusion,Hang Seng Composite LargeCap & MidCap Index,unchanged,1,1,3990.HK,3990.HK,parse_ok,3990.HK,2019-09-06,19.700000762939453,0.033578243175749645,0.024974061744708065,0.027111597992172554,-0.10045657049826306,-0.14533616420840723,311400.0,6134580.237579346,601937.2,1086618.4166666667,11836983.473434638,21931955.01929865,0.022113733978762307,0.018443901410863092,yfinance_info_static_sharesOutstanding,1,1,1,28277607310.23205,0.00021694127690073662
2019-09-09,Hang Seng Composite LargeCap & MidCap Index,Inclusion,3998,3998.HK,Bosideng International Holdings Ltd.,705,Inclusion,Hang Seng Composite LargeCap & MidCap Index,unchanged,1,1,3998.HK,3998.HK,parse_ok,3998.HK,2019-09-06,3.0,0.11524161196481897,0.176470610234702,0.40186909015798133,0.0,0.0,33916000.0,101748000.0,33911079.65,36404803.38333333,92135140.05690536,89975199.37987417,0.02764504918162263,0.049969923550347635,yfinance_info_static_sharesOutstanding,1,1,1,34867637616.0,0.0029181214144921035
2019-09-09,Hang Seng Corporate Sustainability Benchmark Index,Exclusion,45,0045.HK,HK&S HOTELS,706,Exclusion,Hang Seng Corporate Sustainability Benchmark Index,unchanged,1,1,0045.HK,0045.HK,parse_ok,0045.HK,2019-09-06,7.849999904632568,-0.05421690069412555,-0.18568468619713774,-0.2663551360220354,-0.28636364503340284,-0.36693547208649024,1432209.0,11242840.513413906,638378.55,430794.45,5266128.040437484,4008468.7128748656,0.018150979502164884,0.01595669008126197,yfinance_info_static_sharesOutstanding,1,1,1,13085477663.528229,0.000859184571056958
2019-09-09,Hang Seng Corporate Sustainability Benchmark Index,Exclusion,163,0163.HK,EMPEROR INT'L,707,Exclusion,Hang Seng Corporate Sustainability Benchmark Index,unchanged,1,1,0163.HK,0163.HK,parse_ok,0163.HK,2019-09-06,1.7899999618530273,0.05294112449698951,-0.016483565788166232,-0.151658743674139,-0.1435406529361135,-0.28400001525878904,398000.0,712419.9848175049,575050.1,775973.8833333333,1002686.6824218988,1511211.6739826044,0.023166143718580206,0.0157641433617456,yfinance_info_static_sharesOutstanding,1,1,1,9874209904.569149,7.214956859361909e-05
2019-09-09,Hang Seng Corporate Sustainability Benchmark Index,Exclusion,168,0168.HK,TSINGTAO BREW,708,Exclusion,Hang Seng Corporate Sustainability Benchmark Index,unchanged,1,1,0168.HK,0168.HK,parse_ok,0168.HK,2019-09-06,50.5,-0.04627007984208087,0.07446808510638303,0.038026688922856655,-0.07339449541284404,-0.07339449541284404,2164770.0,109320885.0,5131054.9,3158036.066666667,265013416.5878107,157262828.71023947,0.027560871394235298,0.02259699906051961,yfinance_info_static_sharesOutstanding,1,1,1,33080993489.0,0.0033046433456223458
2019-09-09,Hang Seng Corporate Sustainability Benchmark Index,Exclusion,215,0215.HK,HUTCHTEL HK,709,Exclusion,Hang Seng Corporate Sustainability Benchmark Index,unchanged,1,1,0215.HK,0215.HK,parse_ok,0215.HK,2019-09-06,1.3799999952316284,0.05343515687761191,-0.04166670805877948,-0.25405406624492355,-0.26203208999319616,-0.5964912384659786,5460942.0,7536099.933960199,5628443.7,5725299.583333333,7808914.1115305,9056113.312676378,0.02305704507590143,0.024140465716062216,yfinance_info_static_sharesOutstanding,1,1,1,6650352744.060759,0.0011331880012966946
2019-09-09,Hang Seng Corporate Sustainability Benchmark Index,Exclusion,288,0288.HK,WH GROUP,710,Exclusion,Hang Seng Corporate Sustainability Benchmark Index,unchanged,1,1,0288.HK,0288.HK,parse_ok,0288.HK,2019-09-06,6.96999979019165,0.10459585632284196,0.0014367459755559864,-0.0706666946411133,-0.15922800696446848,-0.27395838403867145,38541352.0,268633215.35370255,56143255.5,44534800.35,362740298.090339,321736790.07705235,0.032985242775904984,0.026684952505025637,yfinance_info_static_sharesOutstanding,1,1,1,89426627571.61281,0.0030039510898315063
2019-09-09,Hang Seng Corporate Sustainability Benchmark Index,Exclusion,316,0316.HK,OOIL,711,Exclusion,Hang Seng Corporate Sustainability Benchmark Index,unchanged,1,1,0316.HK,0316.HK,parse_ok,0316.HK,2019-09-06,35.0,0.0,-0.05277403850273499,-0.25133689839572193,-0.26931108799463044,-0.35602574089003247,4600.0,161000.0,6480.8,5777.166666666667,225684.19834594725,228168.9391863505,0.02041894172938568,0.01780089801694847,yfinance_info_static_sharesOutstanding,1,1,1,23113065395.0,6.965757126911811e-06
2019-09-09,Hang Seng Corporate Sustainability Benchmark Index,Exclusion,330,0330.HK,ESPRIT HOLDINGS,712,Exclusion,Hang Seng Corporate Sustainability Benchmark Index,unchanged,1,1,0330.HK,0330.HK,parse_ok,0330.HK,2019-09-06,12.07461929321289,0.07627125271635915,0.016000058418681684,-0.18064516296036293,-0.1753246309149341,-0.40375586323841584,186409.0,2250817.7078285217,157442.65,136496.46666666667,1795953.6824161052,1720645.79668746,0.018206570881783228,0.020011299102795706,yfinance_info_static_sharesOutstanding,1,1,1,3418104166.9125595,0.0006584988630880719
2019-09-09,Hang Seng Corporate Sustainability Benchmark Index,Exclusion,517,0517.HK,COSCO SHIP INTL,713,Exclusion,Hang Seng Corporate Sustainability Benchmark Index,unchanged,1,1,0517.HK,0517.HK,parse_ok,0517.HK,2019-09-06,2.2899999618530273,0.004385960784535126,-0.0296609899806608,-0.08032130398301696,-0.09486166492124792,-0.21305845556381686,996000.0,2280839.9620056152,419321.8,393281.51666666666,961943.323886311,941410.9917690436,0.00706750689737259,0.008633048759797162,yfinance_info_static_sharesOutstanding,1,1,1,3357074516.487628,0.0006794129682864371
2019-09-09,Hang Seng Corporate Sustainability Benchmark Index,Exclusion,737,0737.HK,BAY AREA DEV,714,Exclusion,Hang Seng Corporate Sustainability Benchmark Index,unchanged,1,1,0737.HK,0737.HK,parse_ok,0737.HK,2019-09-06,3.9700000286102295,0.017948700392583783,-0.022167466856587215,0.05585107411691759,-0.07459205969423288,-0.1694560974152335,112050.0,444838.5032057762,354426.25,412431.6,1400980.8876963258,1671568.9840556264,0.012868462787495615,0.011135903466825116,yfinance_info_static_sharesOutstanding,1,1,1,12234310511.677866,3.63599160558472e-05
2019-09-09,Hang Seng Corporate Sustainability Benchmark Index,Exclusion,1199,1199.HK,COSCO SHIP PORT,716,Exclusion,Hang Seng Corporate Sustainability Benchmark Index,unchanged,1,1,1199.HK,1199.HK,parse_ok,1199.HK,2019-09-06,6.78000020980835,-0.013100389701594328,0.005934783389992537,-0.10435930567220153,-0.13740456811203128,-0.26781856995406916,2396674.0,16249450.222842216,2733595.2,2336243.45,18013761.310368728,16444016.548291547,0.021195671588131085,0.01854527958602442,yfinance_info_static_sharesOutstanding,1,1,1,26848495324.03161,0.0006052275938271156
2019-09-09,Hang Seng Corporate Sustainability Benchmark Index,Exclusion,1208,1208.HK,MMG,717,Exclusion,Hang Seng Corporate Sustainability Benchmark Index,unchanged,1,1,1208.HK,1208.HK,parse_ok,1208.HK,2019-09-06,1.9500000476837158,0.20370372959506744,-0.029850717942397798,-0.23529408464794688,-0.32055744758197036,-0.5368170950083871,31964361.0,62330505.47417951,19608794.55,13373668.066666666,33861771.001910254,28177829.9105828,0.04351426463998512,0.036064349463849565,yfinance_info_static_sharesOutstanding,1,1,1,23674034890.105602,0.00263286363154893
2019-09-09,Hang Seng Corporate Sustainability Benchmark Index,Inclusion,52,0052.HK,FAIRWOOD HOLD,719,Inclusion,Hang Seng Corporate Sustainability Benchmark Index,unchanged,1,1,0052.HK,0052.HK,parse_ok,0052.HK,2019-09-06,24.450000762939453,0.03601696473433669,-0.02589639875105898,-0.145104879831369,-0.16552896247131976,-0.1836393943203426,257448.0,6294603.796417236,217702.4,330596.51666666666,5239521.46330986,8623249.747275226,0.016920201698518288,0.015120524920050235,yfinance_info_static_sharesOutstanding,1,1,1,3167565569.840927,0.0019872055234939766
2019-09-09,Hang Seng Corporate Sustainability Benchmark Index,Inclusion,123,0123.HK,YUEXIU PROPERTY,720,Inclusion,Hang Seng Corporate Sustainability Benchmark Index,unchanged,1,1,0123.HK,0123.HK,parse_ok,0123.HK,2019-09-06,8.140143394470215,0.023668643311120396,0.0484849218149872,-0.005747069533856952,-0.09424085269702231,-0.11282053041022944,3031672.0,24678244.805000305,6545147.55,5303499.966666667,53468934.28130009,44122667.61585459,0.03266313858012821,0.02219041646421134,yfinance_info_static_sharesOutstanding,1,1,1,32767275530.904167,0.000753136914960331
2019-09-09,Hang Seng Corporate Sustainability Benchmark Index,Inclusion,586,0586.HK,CONCH VENTURE,721,Inclusion,Hang Seng Corporate Sustainability Benchmark Index,unchanged,1,1,0586.HK,0586.HK,parse_ok,0586.HK,2019-09-06,20.438051223754883,0.07471268748554483,0.05849057032449978,0.07061064049851007,-0.005319173130443167,-0.0260416941239604,17414977.0,355928191.98651314,5465590.55,4033212.783333333,105193242.67234603,78669785.27523549,0.01813274261891442,0.014550199136750503,yfinance_info_static_sharesOutstanding,1,1,1,36625826958.91395,0.00971795646787131
2019-09-09,Hang Seng Corporate Sustainability Benchmark Index,Inclusion,808,0808.HK,PROSPERITY REIT,722,Inclusion,Hang Seng Corporate Sustainability Benchmark Index,unchanged,1,1,0808.HK,0808.HK,parse_ok,0808.HK,2019-09-06,2.950000047683716,0.013745690952998268,-0.08099688080170442,-0.11144575090327968,-0.1736694389783664,-0.19178082997097823,1298700.0,3831165.0619268417,2308488.4,1818620.0833333333,6938613.853432393,5863487.645611473,0.022008921235993312,0.015017320566140557,yfinance_info_static_sharesOutstanding,1,1,1,4686544494.50317,0.0008174818496699221
2019-09-09,Hang Seng Corporate Sustainability Benchmark Index,Inclusion,1070,1070.HK,TCL ELECTRONICS,723,Inclusion,Hang Seng Corporate Sustainability Benchmark Index,unchanged,1,1,1070.HK,1070.HK,parse_ok,1070.HK,2019-09-06,4.099999904632568,0.18840575303332363,0.26153843219463635,0.1516853849810491,0.0,-0.14583338714307992,6627512.0,27172798.567951202,2429313.3,1609062.1666666667,8805963.34429971,5842144.893514955,0.03376592606134581,0.02746903379229369,yfinance_info_static_sharesOutstanding,1,1,1,10335434231.194185,0.002629091140257934
2019-09-09,Hang Seng Corporate Sustainability Benchmark Index,Inclusion,1099,1099.HK,SINOPHARM,724,Inclusion,Hang Seng Corporate Sustainability Benchmark Index,unchanged,1,1,1099.HK,1099.HK,parse_ok,1099.HK,2019-09-06,26.950000762939453,-0.049382701929180484,-0.04601767210833796,-0.009191176212782648,-0.1076158913210461,-0.3177214996724189,3889059.0,104810143.01711655,6551122.05,6114372.65,181720494.74536562,171896195.8139866,0.0215203168725273,0.01744733827008193,yfinance_info_static_sharesOutstanding,1,1,1,36161800466.72035,0.00289836627779563
2019-09-09,Hang Seng Corporate Sustainability Benchmark Index,Inclusion,3396,3396.HK,LEGENDHOLDING,726,Inclusion,Hang Seng Corporate Sustainability Benchmark Index,unchanged,1,1,3396.HK,3396.HK,parse_ok,3396.HK,2019-09-06,17.100000381469727,0.014234861354086359,0.015439443380401707,-0.058370015134853515,-0.11855666403537757,-0.32677162841393825,373142.0,6380728.342342377,401834.75,504303.7,6785493.829228687,9010713.900054296,0.02170137629924701,0.0202547151319833,yfinance_info_static_sharesOutstanding,1,1,1,21748703714.173794,0.0002933843058510199
2019-09-09,Hang Seng Corporate Sustainability Benchmark Index,Inclusion,3883,3883.HK,CHINA AOYUAN,727,Inclusion,Hang Seng Corporate Sustainability Benchmark Index,unchanged,1,1,3883.HK,3883.HK,parse_ok,3883.HK,2019-09-06,9.640000343322754,0.043290106289275876,0.039913685791590714,-0.07129092128704873,-0.19127514415923286,-0.19127514415923286,8667190.0,83551714.57564354,12894286.95,12022165.05,126935971.35167098,124808984.74596049,0.035964865329632015,0.03267875360511656,yfinance_info_static_sharesOutstanding,1,1,1,44324493293.74989,0.0018850010088536082
2019-09-09,Hang Seng Corporate Sustainability Benchmark Index,Inclusion,3988,3988.HK,BANK OF CHINA,728,Inclusion,Hang Seng Corporate Sustainability Benchmark Index,unchanged,1,1,3988.HK,3988.HK,parse_ok,3988.HK,2019-09-06,3.0899999141693115,0.03344478405137585,0.02657804782708406,-0.04037270598939302,-0.06646526659015184,-0.19109948477244854,204149685.0,630822509.127692,235529030.65,227999358.35,705879824.3925035,715362748.1210004,0.007664848088404973,0.007697469599569596,yfinance_info_static_sharesOutstanding,1,1,1,258392826883.19244,0.0024413313509390024
2019-09-09,Hang Seng Corporate Sustainability Index,Exclusion,316,0316.HK,Orient Overseas (International) Ltd.,729,Exclusion,Hang Seng Corporate Sustainability Index,unchanged,1,1,0316.HK,0316.HK,parse_ok,0316.HK,2019-09-06,35.0,0.0,-0.05277403850273499,-0.25133689839572193,-0.26931108799463044,-0.35602574089003247,4600.0,161000.0,6480.8,5777.166666666667,225684.19834594725,228168.9391863505,0.02041894172938568,0.01780089801694847,yfinance_info_static_sharesOutstanding,1,1,1,23113065395.0,6.965757126911811e-06
2019-09-09,Hang Seng Corporate Sustainability Index,Exclusion,941,0941.HK,China Mobile Ltd.,730,Exclusion,Hang Seng Corporate Sustainability Index,unchanged,1,1,0941.HK,0941.HK,parse_ok,0941.HK,2019-09-06,66.0999984741211,0.017705951961711763,0.018489937134495982,-0.041334279916799166,-0.074229733032104,-0.24240689427941442,18475903.0,1221257160.1080093,18972347.05,15290486.25,1247163842.3877358,1027127766.3040322,0.016182969681946262,0.012446766314214095,yfinance_info_static_sharesOutstanding,1,1,1,1368850762132.0994,0.0008921769953985337
2019-09-09,Hang Seng Corporate Sustainability Index,Inclusion,345,0345.HK,Vitasoy International Holdings Ltd.,731,Inclusion,Hang Seng Corporate Sustainability Index,unchanged,1,1,0345.HK,0345.HK,parse_ok,0345.HK,2019-09-06,37.849998474121094,0.03698625956496149,0.029931931268601275,-0.19724290033486813,-0.18514536377962665,-0.19724290033486813,1702931.0,64455935.75153351,1969224.2,3736947.55,72957459.39628258,142429102.68671972,0.017187530584256278,0.02362835286238429,yfinance_info_static_sharesOutstanding,1,1,1,38466540467.91592,0.0016756364093957127
2019-09-09,Hang Seng Corporate Sustainability Index,Inclusion,1299,1299.HK,AIA Group Ltd.,732,Inclusion,Hang Seng Corporate Sustainability Index,unchanged,1,1,1299.HK,1299.HK,parse_ok,1299.HK,2019-09-06,79.69999694824219,0.04524586161629096,0.05145110474232273,0.061958610358450406,-0.09943506273172664,-0.09943506273172664,33649281.0,2681847593.010544,28774109.35,24200633.383333333,2198013671.8520417,1922960151.0527165,0.020583608175600062,0.017543426336571747,yfinance_info_static_sharesOutstanding,1,1,1,832334488117.4432,0.003222079141615639
2019-09-09,Hang Seng Stock Connect China AH Index Series,Exclusion,1772 / 002460,1772.HK / 002460.SZ,"Ganfeng Lithium Co., Ltd.",733,Exclusion,Hang Seng Stock Connect China AH Index Series,unchanged,1,1,1772.HK,1772.HK,parse_ok,1772.HK,2019-09-06,6.6785712242126465,0.022975945640644868,-0.004259735746659832,-0.1841186470120092,-0.17109925447350227,-0.4104665949651095,619640.0,4138309.8733711243,472011.85,548033.9666666667,3131441.4564073323,3991104.7990330853,0.016829737853959803,0.01905843899063428,yfinance_info_static_sharesOutstanding,1,1,1,3226422466.8098426,0.0012826311234631711
2019-09-09,Hang Seng Stock Connect China AH Index Series,Exclusion,1772 / 002460,1772.HK / 002460.SZ,"Ganfeng Lithium Co., Ltd.",733,Exclusion,Hang Seng Stock Connect China AH Index Series,unchanged,2,0,002460.SZ,002460.SZ,parse_ok,002460.SZ,2019-09-06,15.742856979370117,0.057074368230307204,0.050524320877504136,-0.07004221871867411,-0.12816453707311704,-0.3290715208847831,26705140.0,420415199.6340561,28550841.85,25013243.483333334,437370676.6310911,402915858.4590656,0.02070717692074736,0.021536677216953706,yfinance_info_static_sharesOutstanding,1,1,1,25402574826.169792,0.016550101810976395
2019-09-09,Hang Seng Stock Connect China AH Index Series,Inclusion,548 / 600548,0548.HK / 600548.SH,Shenzhen Expressway Co. Ltd.,734,Inclusion,Hang Seng Stock Connect China AH Index Series,unchanged,1,1,0548.HK,0548.HK,parse_ok,0548.HK,2019-09-06,9.9399995803833,0.03541658181283536,0.10444439782036685,0.05073990912270121,0.0,0.0,2268092.0,22544833.52827072,3010524.65,2082080.2666666666,28123240.208639193,19457376.017748293,0.014806480359801914,0.013606921063988048,yfinance_info_static_sharesOutstanding,1,1,1,7430149686.336517,0.003034236789297659
2019-09-09,Hang Seng Stock Connect China AH Index Series,Inclusion,548 / 600548,0548.HK / 600548.SH,Shenzhen Expressway Co. Ltd.,734,Inclusion,Hang Seng Stock Connect China AH Index Series,unchanged,2,0,600548.SH,600548.SS,parse_ok,600548.SS,2019-09-06,9.90999984741211,0.0333680594090362,0.06903984444924549,0.03014552653876401,0.0,-0.10478770364867018,4564478.0,45233976.28351593,5256751.65,3243438.966666667,49846815.2021688,30898907.647549026,0.02215428538218874,0.01640613340001566,yfinance_info_static_sharesOutstanding,1,1,1,17742428945.383335,0.0025494804810976025
2019-09-09,Hang Seng Stock Connect China AH Index Series,Inclusion,598 / 601598,0598.HK / 601598.SH,Sinotrans Ltd.,735,Inclusion,Hang Seng Stock Connect China AH Index Series,unchanged,1,1,0598.HK,0598.HK,parse_ok,0598.HK,2019-09-06,2.549999952316284,0.007905130890387913,0.03238863270421399,-0.06934308633545683,-0.1206897005314761,-0.34278353682891005,9369000.0,23890949.553251266,4889090.7,4460814.533333333,12283369.305666696,11875161.228713866,0.021793930304061026,0.019900276709738672,yfinance_info_static_sharesOutstanding,1,1,1,5141516453.85623,0.0046466737523192456
2019-09-09,Hang Seng Stock Connect China AH Index Series,Inclusion,598 / 601598,0598.HK / 601598.SH,Sinotrans Ltd.,735,Inclusion,Hang Seng Stock Connect China AH Index Series,unchanged,2,0,601598.SH,601598.SS,parse_ok,601598.SS,2019-09-06,4.519999980926514,0.011185725521638101,0.10243904538129112,-0.06224070125529846,-0.09236948521790456,-0.3561253570929561,28327841.0,128041840.77968931,29274186.4,23598043.3,129549751.8889173,108126389.70055313,0.0184228524362196,0.016815118491748552,yfinance_info_static_sharesOutstanding,1,1,1,23309156984.84007,0.005493199126118797
2019-09-09,Hang Seng Stock Connect China AH Index Series,Inclusion,921 / 000921,0921.HK / 000921.SZ,"Hisense Home Appliances Group Co., Ltd.",736,Inclusion,Hang Seng Stock Connect China AH Index Series,unchanged,1,1,0921.HK,0921.HK,parse_ok,0921.HK,2019-09-06,8.300000190734863,0.009732350499663811,0.07792212939379128,-0.12723449095954875,-0.1649898851992906,-0.3338683655438236,2258399.0,18744712.130755424,1898218.35,1656103.5333333334,15643378.606325865,14378167.193298291,0.02452739048431295,0.025812268525141856,yfinance_info_static_sharesOutstanding,1,1,1,3814595494.059799,0.004913944914983841
2019-09-09,Hang Seng Stock Connect China AH Index Series,Inclusion,921 / 000921,0921.HK / 000921.SZ,"Hisense Home Appliances Group Co., Ltd.",736,Inclusion,Hang Seng Stock Connect China AH Index Series,unchanged,2,0,000921.SZ,000921.SZ,parse_ok,000921.SZ,2019-09-06,11.640000343322754,-0.011884498541760657,0.1559087086472788,-0.01104503903015297,-0.1441176458213569,-0.2441558031393225,7008979.0,81584517.96634197,11611091.65,9495261.7,134010186.99600911,111600681.48021555,0.029545638997261328,0.02743109507686728,yfinance_info_static_sharesOutstanding,1,1,1,10770158982.986713,0.007575052336294991
2019-09-09,Hang Seng Stock Connect China AH Index Series,Inclusion,1157 / 000157,1157.HK / 000157.SZ,Zoomlion Heavy Industry Science and Technology Co.,737,Inclusion,Hang Seng Stock Connect China AH Index Series,unchanged,1,1,1157.HK,1157.HK,parse_ok,1157.HK,2019-09-06,5.550000190734863,0.17088617272773,0.1858975201512103,0.1033797135659218,-0.0263157234297543,-0.0263157234297543,17689697.0,98177821.72404194,11438679.6,12807043.883333333,57558357.87697899,66333879.985683665,0.03374617357449111,0.029209363942757992,yfinance_info_static_sharesOutstanding,1,1,1,8616417187.517315,0.011394274393569647
2019-09-09,Hang Seng Stock Connect China AH Index Series,Inclusion,1157 / 000157,1157.HK / 000157.SZ,Zoomlion Heavy Industry Science and Technology Co.,737,Inclusion,Hang Seng Stock Connect China AH Index Series,unchanged,2,0,000157.SZ,000157.SZ,parse_ok,000157.SZ,2019-09-06,5.989999771118164,0.13018859538713157,0.11545621951061413,0.07927920094810692,-0.07131783748058462,-0.07131783748058462,46274410.0,277183705.3086281,44123756.0,53459543.266666666,246030108.97443017,310977620.98575634,0.022119004638964584,0.022501825372586534,yfinance_info_static_sharesOutstanding,1,1,1,42505204226.968155,0.0065211710036382825
2019-09-09,Hang Seng Stock Connect China AH Index Series,Inclusion,1528 / 601828,1528.HK / 601828.SH,Red Star Macalline Group Corporation Ltd.,738,Inclusion,Hang Seng Stock Connect China AH Index Series,unchanged,1,1,1528.HK,1528.HK,parse_ok,1528.HK,2019-09-06,5.909090042114258,0.048387055838637005,0.03174600531514549,-0.05523266008636907,-0.07275329402494368,-0.22619052822628127,1016840.0,6008599.118423462,1133494.65,1173694.9833333334,6431396.977553749,7020900.37367479,0.009236924372413408,0.010752577552281444,yfinance_info_static_sharesOutstanding,1,1,1,4380323558.231754,0.0013717249510328431
2019-09-09,Hang Seng Stock Connect China AH Index Series,Inclusion,1528 / 601828,1528.HK / 601828.SH,Red Star Macalline Group Corporation Ltd.,738,Inclusion,Hang Seng Stock Connect China AH Index Series,unchanged,2,0,601828.SH,601828.SS,parse_ok,601828.SS,2019-09-06,10.13636302947998,0.03624526907530279,0.06800765157423094,-0.0823045384742771,-0.12480377813144738,-0.19784173612040346,5232563.0,53039158.142624855,5046052.85,6800180.7,49933877.40167408,71253658.35785402,0.009456117658355887,0.012903818792623102,yfinance_info_static_sharesOutstanding,1,1,1,36627210975.10351,0.0014480807227904137
2019-09-09,Hang Seng Stock Connect China AH Index Series,Inclusion,2611 / 601211,2611.HK / 601211.SH,"Guotai Junan Securities Co., Ltd.",739,Inclusion,Hang Seng Stock Connect China AH Index Series,unchanged,1,1,2611.HK,2611.HK,parse_ok,2611.HK,2019-09-06,12.680000305175781,0.13416815376163949,0.1464737634806732,-0.0494752503645266,-0.1057827903891152,-0.3255318712896741,1888777.0,23949692.936408997,1550715.3,1412678.2166666666,17715932.78694458,17674258.203266256,0.023375138631092085,0.02130641130419556,yfinance_info_static_sharesOutstanding,1,1,1,44453035942.513,0.0005387639433081897
2019-09-09,Hang Seng Stock Connect China AH Index Series,Inclusion,2611 / 601211,2611.HK / 601211.SH,"Guotai Junan Securities Co., Ltd.",739,Inclusion,Hang Seng Stock Connect China AH Index Series,unchanged,2,0,601211.SH,601211.SS,parse_ok,601211.SS,2019-09-06,18.829999923706055,0.10181391197089495,0.13433731873437993,0.16378242080023764,0.0,-0.1366345536546104,47569536.0,895734359.2507324,30330139.55,33518343.15,532101031.6870346,593366149.3047032,0.01856665750408905,0.017025483165916386,yfinance_info_static_sharesOutstanding,1,1,1,265939214344.71796,0.003368192094038663
2019-09-09,Hang Seng Stock Connect China AH Index Series,Inclusion,3958 / 600958,3958.HK / 600958.SH,Orient Securities Company Limited,740,Inclusion,Hang Seng Stock Connect China AH Index Series,unchanged,1,1,3958.HK,3958.HK,parse_ok,3958.HK,2019-09-06,5.050000190734863,0.04771784458136419,0.10503282298542826,0.03061226376490178,-0.0489641722874633,-0.3475451757015605,5224800.0,26385240.996551514,2634145.0,2148717.2666666666,12834388.641707372,10545214.55458026,0.016066701873920553,0.017448605165701694,yfinance_info_static_sharesOutstanding,1,1,1,5187170457.315685,0.00508663465248945
2019-09-09,Hang Seng Stock Connect China AH Index Series,Inclusion,3958 / 600958,3958.HK / 600958.SH,Orient Securities Company Limited,740,Inclusion,Hang Seng Stock Connect China AH Index Series,unchanged,2,0,600958.SH,600958.SS,parse_ok,600958.SS,2019-09-06,10.389222145080566,0.0633165898794732,0.07629703808810384,0.03827275933947494,-0.03290680425440118,-0.22091313858204176,26366613.0,273928599.67036915,22959631.1,24968796.033333335,230805806.1965913,254563395.44951198,0.019422832142023543,0.016920833051512877,yfinance_info_static_sharesOutstanding,1,1,1,77602116782.96861,0.0035299114383241727
2019-09-09,Hang Seng Stock Connect China AH Index Series,Inclusion,6066 / 601066,6066.HK / 601066.SH,"CSC Financial Co., Ltd.",741,Inclusion,Hang Seng Stock Connect China AH Index Series,unchanged,1,1,6066.HK,6066.HK,parse_ok,6066.HK,2019-09-06,6.139999866485596,0.10830323262888242,0.22799997329711919,0.09838992824411341,-0.0016260534515062375,-0.22474749907341873,20149500.0,123717927.30975151,7734794.7,7693224.95,43095450.53950751,43681746.026660174,0.026075665095132566,0.023377964872162985,yfinance_info_static_sharesOutstanding,1,1,1,7742685730.315164,0.015978683833873703
2019-09-09,Hang Seng Stock Connect China AH Index Series,Inclusion,6066 / 601066,6066.HK / 601066.SH,"CSC Financial Co., Ltd.",741,Inclusion,Hang Seng Stock Connect China AH Index Series,unchanged,2,0,601066.SH,601066.SS,parse_ok,601066.SS,2019-09-06,23.75,0.23569203165881292,0.40366429627121225,0.16995078288677878,-0.10309666123225958,-0.23780487431637531,119061541.0,2827711598.75,61025294.35,47717077.63333333,1220471934.9718165,993542614.3254749,0.037563400499185905,0.04196008575228535,yfinance_info_static_sharesOutstanding,1,1,1,154272187081.25,0.01832936741384718
2019-09-09,Hang Seng Stock Connect China AH Index Series,Inclusion,6178 / 601788,6178.HK / 601788.SH,Everbright Securities Co. Ltd.,742,Inclusion,Hang Seng Stock Connect China AH Index Series,unchanged,1,1,6178.HK,6178.HK,parse_ok,6178.HK,2019-09-06,6.349999904632568,0.0967184708927562,0.15454543720592162,0.0672269089394868,0.0,-0.3215811818857708,1047400.0,6650989.900112152,919074.0,978194.7166666667,5401948.171862602,5795966.145476325,0.019944222522735516,0.018670935854356547,yfinance_info_static_sharesOutstanding,1,1,1,4470963812.8528595,0.0014875964509022158
2019-09-09,Hang Seng Stock Connect China AH Index Series,Inclusion,6178 / 601788,6178.HK / 601788.SH,Everbright Securities Co. Ltd.,742,Inclusion,Hang Seng Stock Connect China AH Index Series,unchanged,2,0,601788.SH,601788.SS,parse_ok,601788.SS,2019-09-06,11.760000228881836,0.0919219804122211,0.10630292589609724,0.11258283523322343,0.0,-0.19286201268354142,34972695.0,411278901.20461464,21948857.45,21718686.783333335,242873474.8793612,243388041.49650773,0.021997299063150986,0.018826995024160225,yfinance_info_static_sharesOutstanding,1,1,1,45942779240.8124,0.008951981312424886
2019-09-09,Hang Seng Stock Connect China AH Index Series,Inclusion,6806 / 000166,6806.HK / 000166.SZ,"Shenwan Hongyuan Group Co., Ltd.",743,Inclusion,Hang Seng Stock Connect China AH Index Series,unchanged,1,1,6806.HK,6806.HK,parse_ok,6806.HK,2019-09-06,2.380000114440918,0.09174313832990855,0.06726461618137258,-0.23472662549154666,-0.24203820543708232,-0.31609192488609006,1192000.0,2836960.136413574,1104440.0,2769393.3333333335,2467388.8073062897,7502557.004535993,0.024636224579089587,0.02280144937320623,yfinance_info_static_sharesOutstanding,1,1,1,5959520286.560059,0.00047603833865814696
2019-09-09,Hang Seng Stock Connect China AH Index Series,Inclusion,6806 / 000166,6806.HK / 000166.SZ,"Shenwan Hongyuan Group Co., Ltd.",743,Inclusion,Hang Seng Stock Connect China AH Index Series,unchanged,2,0,000166.SZ,000166.SZ,parse_ok,000166.SZ,2019-09-06,5.059999942779541,0.05857734742283993,0.11208785289354206,0.056367428617277726,-0.015564187895738879,-0.17723579442038506,53110433.0,268738787.94099665,42723908.35,44356871.7,208328411.1334891,218497141.3856515,0.016316462400578855,0.015112182131723833,yfinance_info_static_sharesOutstanding,1,1,1,114031878184.08292,0.002356698777750277
2019-09-09,Hang Seng Stock Connect China AH Index Series,Inclusion,6865 / 601865,6865.HK / 601865.SH,"Flat Glass Group Co., Ltd.",744,Inclusion,Hang Seng Stock Connect China AH Index Series,unchanged,1,1,6865.HK,6865.HK,parse_ok,6865.HK,2019-09-06,4.53000020980835,-0.008752726553724832,0.1296757983157304,0.0995146445722852,-0.021598251006661906,-0.021598251006661906,2494000.0,11297820.523262024,2983100.0,2300144.8666666667,13422368.525087833,9421251.819320058,0.03522114334681223,0.02596504988347135,yfinance_info_static_sharesOutstanding,1,1,1,2000969042.6754951,0.0056461745695754045
2019-09-09,Hang Seng Stock Connect China AH Index Series,Inclusion,6865 / 601865,6865.HK / 601865.SH,"Flat Glass Group Co., Ltd.",744,Inclusion,Hang Seng Stock Connect China AH Index Series,unchanged,2,0,601865.SH,601865.SS,parse_ok,601865.SS,2019-09-06,11.029999732971191,0.05854123341755324,0.2825580515946653,0.08562991128200492,-0.053218876039525465,-0.365362470334856,16691393.0,184106060.3329172,24766792.85,14613955.983333332,262567692.93369374,150530837.91894773,0.04155144705996234,0.030233163567261336,yfinance_info_static_sharesOutstanding,1,1,1,20823060132.247845,0.008841450736042368
2019-12-09,Hang Seng China Enterprises Index,Exclusion,390,0390.HK,China Railway Group Ltd. - H Shares,745,Exclusion,Hang Seng China Enterprises Index,unchanged,1,1,0390.HK,0390.HK,parse_ok,0390.HK,2019-12-06,4.559999942779541,-0.004366808135300104,-0.07692309919824758,-0.12810708869034348,-0.14285718127044655,-0.42641508777582626,68462588.0,312189397.3625393,18237185.95,15329067.85,84524298.65921435,73640741.4899563,0.019527801665856805,0.016305759435416466,yfinance_info_static_sharesOutstanding,1,1,1,19185698159.251213,0.016271985245009377
2019-12-09,Hang Seng China Enterprises Index,Exclusion,3323,3323.HK,China National Building Material Co. Ltd. - H Shares,746,Exclusion,Hang Seng China Enterprises Index,unchanged,1,1,3323.HK,3323.HK,parse_ok,3323.HK,2019-12-06,7.400000095367432,-0.021164001140624777,0.0,0.013698616715036138,-0.05852417688716949,-0.05852417688716949,79938957.0,591548289.423573,31595977.6,24944053.166666668,235149945.70809048,179685577.60322025,0.021777632163140232,0.017119165602669482,yfinance_info_static_sharesOutstanding,1,1,1,27501339604.823257,0.02150979908338086
2019-12-09,Hang Seng China Enterprises Index,Inclusion,1177,1177.HK,Sino Biopharmaceutical Ltd.,747,Inclusion,Hang Seng China Enterprises Index,unchanged,1,1,1177.HK,1177.HK,parse_ok,1177.HK,2019-12-06,7.079999923706055,0.05148517193367552,-0.09999991513914086,-0.01301114030778594,-0.12664463255202218,-0.12664463255202218,186491520.0,1320359947.3718262,81286365.95,74729599.73333333,584005516.360886,539282503.9952055,0.0233568834671681,0.020665922500487332,yfinance_info_static_sharesOutstanding,1,1,1,126567334382.0728,0.010432075178149949
2019-12-09,Hang Seng China Enterprises Index,Inclusion,1193,1193.HK,China Resources Gas Group Ltd.,748,Inclusion,Hang Seng China Enterprises Index,unchanged,1,1,1193.HK,1193.HK,parse_ok,1193.HK,2019-12-06,43.45000076293945,-0.003440314597044636,-0.04819278618626721,0.16021361489363728,-0.08139531789050303,-0.08139531789050303,17621193.0,765640849.2939034,3158336.15,2599720.75,139323615.53714484,112080410.93626651,0.01577417311149484,0.01459103144824432,yfinance_info_static_sharesOutstanding,1,1,1,99235877642.63481,0.0077153633089345535
2019-12-09,Hang Seng Composite LargeCap & MidCap Index,Inclusion,2772,2772.HK,Zhongliang Holdings Group Co. Ltd. MidCap Properties & Construction,749,Inclusion,Hang Seng Composite LargeCap & MidCap Index,unchanged,1,1,2772.HK,2772.HK,parse_ok,2772.HK,2019-12-06,6.28000020980835,0.02446983565531502,0.09217394953188696,0.25349299858414587,-0.011023574153623428,-0.024844696582373316,3139500.0,19716060.658693314,3141010.0,2756245.0,18959635.41210413,15746185.473953089,0.01767267216120837,0.016345596615039672,yfinance_info_static_sharesOutstanding,1,1,1,27282820891.57099,0.0007226547700859106
2020-03-09,Hang Seng China 50 Index,Inclusion,914,0914.HK,Anhui Conch Cement Co. Ltd.,750,Inclusion,Hang Seng China 50 Index,unchanged,1,1,0914.HK,0914.HK,parse_ok,0914.HK,2020-03-06,57.45000076293945,0.005249330342094627,0.0748362945351626,0.1069363983408198,-0.057424117410810105,-0.057424117410810105,8807968.0,506017768.3199463,9758651.95,7851418.683333334,559406427.6027136,438151214.4730509,0.023871664729194716,0.02283540245072282,yfinance_info_static_sharesOutstanding,1,1,1,74662020991.51611,0.006777445367805479
2020-03-09,Hang Seng China 50 Index,Inclusion,1109,1109.HK,China Resources Land Ltd.,751,Inclusion,Hang Seng China 50 Index,unchanged,1,1,1109.HK,1109.HK,parse_ok,1109.HK,2020-03-06,36.79999923706055,0.023643906984206486,0.06512301156830436,0.04249291876542571,-0.06598990325192278,-0.06598990325192278,29468198.0,1084429663.9175491,16951627.25,13444997.533333333,613491279.5815948,485360034.64825034,0.018582541059404583,0.01974441230190057,yfinance_info_static_sharesOutstanding,1,1,1,262418571066.72485,0.004132442530684357
2020-03-09,Hang Seng China 50 Index,Inclusion,603288,603288.SH,Foshan Haitian Flavouring and Food Company Ltd.,752,Inclusion,Hang Seng China 50 Index,unchanged,1,1,603288.SH,603288.SS,parse_ok,603288.SS,2020-03-06,50.548095703125,0.06135769952660186,-0.007605580196508033,-0.012612092753754522,-0.05676032284131338,-0.08651682906859237,5369095.0,271397527.8991699,8146404.35,7612746.233333333,405376185.35441417,385148769.4307614,0.015510283450037495,0.015520579727567681,yfinance_info_static_sharesOutstanding,1,1,1,281077768464.96094,0.000965560276721075
2020-03-09,Hang Seng China 50 Index,Removal,600010,600010.SH,"Baoshan Iron & Steel Co., Ltd.",753,Removal,Hang Seng China 50 Index,unchanged,1,1,600010.SH,600010.SS,parse_ok,600010.SS,2020-03-06,1.2200000286102295,0.042735105435526055,0.042735105435526055,-0.05426351574634625,-0.10948903331099102,-0.410627986495142,256029568.0,312356080.2850647,301500328.05,232291296.23333332,364328595.01765615,291014766.136455,0.0166357748059422,0.01873479908568602,yfinance_info_static_sharesOutstanding,1,1,1,55252116900.277794,0.005653287110226436
2020-03-09,Hang Seng China 50 Index,Removal,601360,601360.SH,360 Security Technology Inc.,754,Removal,Hang Seng China 50 Index,unchanged,1,1,601360.SH,601360.SS,parse_ok,601360.SS,2020-03-06,22.329999923706055,-0.0008948750524521154,-0.057408213579243084,0.07978721441881764,-0.23000000263082565,-0.23000000263082565,31325050.0,699488364.1100883,46317780.75,24966716.233333334,1130731064.3846438,599086949.0855978,0.046993337405702926,0.03696031405734028,yfinance_info_static_sharesOutstanding,1,1,1,156300126904.0461,0.004475289802800415
2020-03-09,Hang Seng China 50 Index,Removal,601390,601390.SH,China Railway Group Ltd.,755,Removal,Hang Seng China 50 Index,unchanged,1,1,601390.SH,601390.SS,parse_ok,601390.SS,2020-03-06,5.760000228881836,0.07262576380523522,0.11196919300463293,0.03225811964818637,-0.04950490375089078,-0.24607325529556068,121179672.0,697994938.4558258,109700674.15,63536708.78333333,614392645.6826503,358574773.3538949,0.027533770533404535,0.0227258000051169,yfinance_info_static_sharesOutstanding,1,1,1,117958076598.27264,0.005917313664184035
2020-03-09,Hang Seng China Enterprises Index,Inclusion,586,0586.HK,China Conch Venture Holdings Ltd.,756,Inclusion,Hang Seng China Enterprises Index,unchanged,1,1,0586.HK,0586.HK,parse_ok,0586.HK,2020-03-06,27.615049362182617,0.0,0.02018837589297595,0.23654160106348687,-0.04654091637113855,-0.04654091637113855,31870329.0,880100708.5240002,8282875.25,6885713.833333333,231371326.6495412,182202420.36429653,0.016556074542166344,0.018379846058900164,yfinance_info_static_sharesOutstanding,1,1,1,49487302303.34301,0.017784374325543844
2020-03-09,Hang Seng China Enterprises Index,Inclusion,2382,2382.HK,Sunny Optical Technology (Group) Co. Ltd.,757,Inclusion,Hang Seng China Enterprises Index,unchanged,1,1,2382.HK,2382.HK,parse_ok,2382.HK,2020-03-06,128.60000610351562,0.06105618268648616,0.017405099296508242,-0.072818969480551,-0.11978096693302531,-0.11978096693302531,14209991.0,1827404929.330902,9957296.05,8377365.466666667,1282980235.0161595,1120637788.2033014,0.028300141045000952,0.026610267841603807,yfinance_info_static_sharesOutstanding,1,1,1,138009642830.10864,0.01324113947298927
2020-03-09,Hang Seng China Enterprises Index,Removal,1339,1339.HK,The People's Insurance Co. (Group) of China Ltd. - H Shares,758,Removal,Hang Seng China Enterprises Index,unchanged,1,1,1339.HK,1339.HK,parse_ok,1339.HK,2020-03-06,2.869999885559082,0.039855034592721994,-0.017123352543991444,-0.08306716273979342,-0.13813815275858177,-0.2427440858981259,135913037.0,390070400.6359873,43714942.5,36706727.45,125168175.70081988,111550743.94370897,0.01302205905330732,0.01470534217143909,yfinance_info_static_sharesOutstanding,1,1,1,25044290581.36177,0.015575222598889738
2020-03-09,Hang Seng China Enterprises Index,Removal,1766,1766.HK,CRRC Corporation Ltd. - H Shares,759,Removal,Hang Seng China Enterprises Index,unchanged,1,1,1766.HK,1766.HK,parse_ok,1766.HK,2020-03-06,5.130000114440918,0.026000022888183594,-0.026565439656981216,0.003913890490010452,-0.143572569205075,-0.38709675214072536,68727824.0,352573744.98527527,23745173.35,18440182.883333333,122720300.01549384,99385772.80439997,0.017385368829550933,0.018736870897439525,yfinance_info_static_sharesOutstanding,1,1,1,22423569285.42881,0.015723355211535537
2020-03-09,Hang Seng Composite Index,Inclusion,116,0116.HK,Chow Sang Sang Holdings International Ltd.,760,Inclusion,Hang Seng Composite Index,unchanged,1,1,0116.HK,0116.HK,parse_ok,0116.HK,2020-03-06,8.970000267028809,-0.019672061093525706,-0.03131748970680592,-0.016447326799618467,-0.18896926521638624,-0.34999998963397494,670000.0,6009900.178909302,824673.7,813391.7166666667,7616730.744869423,7817928.894562181,0.013000417998709674,0.0190616237448597,yfinance_info_static_sharesOutstanding,1,1,1,6025256819.366455,0.0009974512886475155
2020-03-09,Hang Seng Composite Index,Inclusion,120,0120.HK,Cosmopolitan International Holdings Ltd.,761,Inclusion,Hang Seng Composite Index,unchanged,1,1,0120.HK,0120.HK,parse_ok,0120.HK,2020-03-06,4.233333110809326,0.05833327770233154,-0.0661764149022287,-0.023076902761965723,-0.27840902717890903,-0.3060109545912657,220800.0,934719.9508666992,271050.0,430930.01666666666,1228372.932858467,2228914.910496672,0.03758419376438363,0.03526344852310606,yfinance_info_static_sharesOutstanding,1,1,1,5671060030.2356,0.00016482279254375427
2020-03-09,Hang Seng Composite Index,Inclusion,302,0302.HK,CMGE Technology Group Ltd.,762,Inclusion,Hang Seng Composite Index,unchanged,1,1,0302.HK,0302.HK,parse_ok,0302.HK,2020-03-06,3.5199999809265137,0.057057075547618075,0.09657318974939755,0.266187056529646,-0.02222220161814692,-0.17370896906020994,11970803.0,42137226.33167505,23051970.9,15993008.833333334,77932988.30051345,50850381.96789951,0.03071524795394516,0.03632648559742699,yfinance_info_static_sharesOutstanding,1,1,1,10543856437.907017,0.003996377092178941
2020-03-09,Hang Seng Composite Index,Inclusion,697,0697.HK,Shougang Concord International Enterprises Co. Ltd.,763,Inclusion,Hang Seng Composite Index,unchanged,1,1,0697.HK,0697.HK,parse_ok,0697.HK,2020-03-06,1.7000000476837158,0.014925430495003944,-0.014492739601511984,-0.028571401323590928,-0.11688307023687661,-0.1499999761581421,3173600.0,5395120.1513290405,2768284.1,2953631.85,4790356.257726061,5299454.423158532,0.013529545414201654,0.01513988683517049,yfinance_info_static_sharesOutstanding,1,1,1,13929057764.399538,0.00038732843546087606
2020-03-09,Hang Seng Composite Index,Inclusion,826,0826.HK,Tiangong International Co. Ltd.,764,Inclusion,Hang Seng Composite Index,unchanged,1,1,0826.HK,0826.HK,parse_ok,0826.HK,2020-03-06,2.700000047683716,-0.028776951269557483,0.015037579158775127,-0.07849829823657328,-0.20588236119095404,-0.20588236119095404,3420000.0,9234000.163078308,13351609.15,6885901.8,36334170.76839588,19437074.82409816,0.03826071580959162,0.028612945376039093,yfinance_info_static_sharesOutstanding,1,1,1,7357500129.938126,0.001255045871559633
2020-03-09,Hang Seng Composite Index,Inclusion,1268,1268.HK,China MeiDong Auto Holdings Ltd.,765,Inclusion,Hang Seng Composite Index,unchanged,1,1,1268.HK,1268.HK,parse_ok,1268.HK,2020-03-06,10.779999732971191,-0.05933685016686385,0.0888889038736711,0.17814209643680168,-0.12783171258847814,-0.12783171258847814,1063398.0,11463430.156042099,2038215.95,1625760.1166666667,23200193.97374306,17267298.08998378,0.035534557217870355,0.030921816387240373,yfinance_info_static_sharesOutstanding,1,1,1,14512544467.293213,0.0007898980211138801
2020-03-09,Hang Seng Composite Index,Inclusion,1282,1282.HK,Glory Sun Financial Group Ltd.,766,Inclusion,Hang Seng Composite Index,unchanged,1,1,1282.HK,1282.HK,parse_ok,1282.HK,2020-03-06,5.626711845397949,0.0,0.0,0.11111100648734329,0.0,-0.24050633726120096,0.0,0.0,0.0,254722.01666666666,0.0,1348954.6879113277,0.0,0.01731563534843846,yfinance_info_static_sharesOutstanding,1,1,1,28133559226.989746,0.0
2020-03-09,Hang Seng Composite Index,Inclusion,1286,1286.HK,Impro Precision Industries Ltd.,767,Inclusion,Hang Seng Composite Index,unchanged,1,1,1286.HK,1286.HK,parse_ok,1286.HK,2020-03-06,3.5299999713897705,0.04129789444049381,0.18456374120671493,0.29779409347778807,-0.01396646742509522,-0.20135748632167827,692000.0,2442759.980201721,1043100.0,764450.0,3595078.9724826813,2513620.1719244323,0.030345761727790157,0.031741001116145015,yfinance_info_static_sharesOutstanding,1,1,1,6662118343.454324,0.00036666415309205455
2020-03-09,Hang Seng Composite Index,Inclusion,1691,1691.HK,JS Global Lifestyle Co. Ltd.,768,Inclusion,Hang Seng Composite Index,unchanged,1,1,1691.HK,1691.HK,parse_ok,1691.HK,2020-03-06,1.1200230121612549,0.009258864390770505,0.1554764749031219,,-0.10899194706281545,-0.10899194706281545,9360175.0,10483611.397856474,9834168.5,22996929.20754717,11358317.57946891,22542507.96951138,0.040827046451197266,0.031100187235115023,yfinance_info_static_sharesOutstanding,1,1,1,3891600347.6460238,0.002693907508821626
2020-03-09,Hang Seng Composite Index,Inclusion,1789,1789.HK,AK Medical Holdings Ltd.,769,Inclusion,Hang Seng Composite Index,unchanged,1,1,1789.HK,1789.HK,parse_ok,1789.HK,2020-03-06,17.34000015258789,0.07568233559797455,0.3938907345247362,0.8888888427172943,-0.03666665818956161,-0.03666665818956161,4496028.0,77961126.20603943,11384720.2,6281650.433333334,178268072.9417883,86106075.81864132,0.05197130028297022,0.0389042211031729,yfinance_info_static_sharesOutstanding,1,1,1,19314041899.53899,0.004036499796963799
2020-03-09,Hang Seng Composite Index,Inclusion,1836,1836.HK,Stella International Holdings Ltd.,770,Inclusion,Hang Seng Composite Index,unchanged,1,1,1836.HK,1836.HK,parse_ok,1836.HK,2020-03-06,10.600000381469727,0.06639847373725694,-0.02930400115279308,-0.1519999694824219,-0.19083968909926996,-0.25141239437181284,347500.0,3683500.13256073,398175.0,483271.35,4159638.0400180817,5604386.791321865,0.02691651767822213,0.022755100814410928,yfinance_info_static_sharesOutstanding,1,1,1,8873339819.33117,0.0004151199218738334
2020-03-09,Hang Seng Composite Index,Inclusion,1873,1873.HK,Viva Biotech Holdings,771,Inclusion,Hang Seng Composite Index,unchanged,1,1,1873.HK,1873.HK,parse_ok,1873.HK,2020-03-06,4.440000057220459,0.04716988134401512,0.09359608861983482,-0.0022471353872549615,-0.05330490340082494,-0.14285710340563917,4334000.0,19242960.24799347,3082352.2,2093622.6333333333,13347024.89293561,9064820.77408398,0.03399933651892591,0.02914055662644863,yfinance_info_static_sharesOutstanding,1,1,1,9366847474.91516,0.0020543689111546855
2020-03-09,Hang Seng Composite Index,Inclusion,1881,1881.HK,Regal Real Estate Investment Trust,772,Inclusion,Hang Seng Composite Index,unchanged,1,1,1881.HK,1881.HK,parse_ok,1881.HK,2020-03-06,1.6799999475479126,-0.01176476445577379,-0.0967742286950729,-0.12041886025806248,-0.17647059854751657,-0.33333334910175805,1084858.0,1822561.3830969334,965016.3,782545.5666666667,1693476.161816132,1462683.9635421813,0.011492983629852543,0.011599273835818201,yfinance_info_static_sharesOutstanding,1,1,1,5472484226.660934,0.00033304095683231943
2020-03-09,Hang Seng Composite Index,Inclusion,2048,2048.HK,E-House (China) Enterprise Holdings Ltd.,773,Inclusion,Hang Seng Composite Index,unchanged,1,1,2048.HK,2048.HK,parse_ok,2048.HK,2020-03-06,7.800000190734863,0.09704641972761796,0.07142856675002807,0.10169495406603368,-0.06362541870653371,-0.37198066482924397,951362.0,7420623.781457901,615230.85,1075995.1833333333,4504987.641438055,7923957.983184552,0.0271417507072196,0.027072061268602537,yfinance_info_static_sharesOutstanding,1,1,1,13642664667.60663,0.0005439277415560578
2020-03-09,Hang Seng Composite Index,Inclusion,2400,2400.HK,XD Inc.,775,Inclusion,Hang Seng Composite Index,unchanged,1,1,2400.HK,2400.HK,parse_ok,2400.HK,2020-03-06,25.100000381469727,0.014141429554332285,-0.14041096829947464,,-0.15488216374760988,-0.15488216374760988,1656200.0,41570620.63179016,1703606.25,3486637.4736842103,45845026.46835327,64131796.70846969,0.03623575231182582,0.05458155518860416,yfinance_info_static_sharesOutstanding,1,1,1,12144187275.06732,0.003423087909483817
2020-03-09,Hang Seng Composite Index,Inclusion,3319,3319.HK,"A-Living Services Co., Ltd. - H Shares",776,Inclusion,Hang Seng Composite Index,unchanged,1,1,3319.HK,3319.HK,parse_ok,3319.HK,2020-03-06,36.95000076293945,0.0587392305854324,0.21147543485047393,0.42115387549767136,-0.01203210547005129,-0.01203210547005129,4803612.0,177493467.0648651,5742845.25,6059490.25,203076165.08807832,188137077.26916236,0.025950216960907373,0.029441492803365433,yfinance_info_static_sharesOutstanding,1,1,1,52415074404.76055,0.0033863057351444766
2020-03-09,Hang Seng Composite Index,Inclusion,3331,3331.HK,Vinda International Holdings Ltd.,777,Inclusion,Hang Seng Composite Index,unchanged,1,1,3331.HK,3331.HK,parse_ok,3331.HK,2020-03-06,21.0,0.04738158598946307,0.052104256674860405,0.401869201717276,-0.014084471727988102,-0.014084471727988102,5178516.0,108748836.0,2565138.5,1787024.1666666667,51854654.62974119,33953418.22746024,0.022612702409927722,0.02351505892581929,yfinance_info_static_sharesOutstanding,1,1,1,25269089664.0,0.004303630935899156
2020-03-09,Hang Seng Composite Index,Inclusion,6049,6049.HK,"Poly Property Development Co., Ltd. - H Shares",778,Inclusion,Hang Seng Composite Index,unchanged,1,1,6049.HK,6049.HK,parse_ok,6049.HK,2020-03-06,69.80000305175781,0.050413939162780474,0.14332520760107648,,-0.0035688792163974803,-0.0035688792163974803,578129.0,40353405.96430969,1383304.25,3661713.1923076925,90587507.76079711,184507552.7849611,0.025511829894979965,0.0304541199988127,yfinance_info_static_sharesOutstanding,1,1,1,24220607340.960236,0.0016660773776744553
2020-03-09,Hang Seng Composite Index,Inclusion,6069,6069.HK,Sheng Ye Capital Ltd.,779,Inclusion,Hang Seng Composite Index,unchanged,1,1,6069.HK,6069.HK,parse_ok,6069.HK,2020-03-06,7.159999847412109,0.02578794095225745,0.05917153919925777,-0.008310241623697978,-0.051655673307313354,-0.14761902707504215,1266000.0,9064559.80682373,1623484.2,1402161.0666666667,11152315.434427738,9928255.843694322,0.02531242507572798,0.02007430468016683,yfinance_info_static_sharesOutstanding,1,1,1,7624002148.243683,0.0011889503217036611
2020-03-09,Hang Seng Composite Index,Inclusion,6110,6110.HK,Topsports International Holdings Ltd.,780,Inclusion,Hang Seng Composite Index,unchanged,1,1,6110.HK,6110.HK,parse_ok,6110.HK,2020-03-06,9.300000190734863,0.032186454437972634,-0.0231092706355277,0.016393505842428047,-0.16517056515988127,-0.16517056515988127,9706000.0,90265801.85127258,20350830.55,12971590.516666668,197354825.5894948,126655821.15823077,0.03331709028722878,0.029858219250181527,yfinance_info_static_sharesOutstanding,1,1,1,57671366005.989235,0.0015651753738917572
2020-03-09,Hang Seng Composite Index,Inclusion,6186,6186.HK,China Feihe Ltd.,781,Inclusion,Hang Seng Composite Index,unchanged,1,1,6186.HK,6186.HK,parse_ok,6186.HK,2020-03-06,11.5600004196167,0.006968717819721082,0.10095242091587608,0.5210527058783669,-0.04462809461394712,-0.04462809461394712,7589134.0,87730392.22452736,9363193.0,9818458.633333333,107070721.61297607,98261943.79145494,0.029259277748988628,0.033013447160850654,yfinance_info_static_sharesOutstanding,1,1,1,101816607674.08319,0.0008616511021989059
2020-03-09,Hang Seng Composite Index,Removal,52,0052.HK,Fairwood Holdings Ltd.,782,Removal,Hang Seng Composite Index,unchanged,1,1,0052.HK,0052.HK,parse_ok,0052.HK,2020-03-06,19.420000076293945,0.02103047365422106,0.01781971456747522,-0.06183577968447107,-0.07743464227289998,-0.3372013453252837,158343.0,3075021.072080612,147447.6,181345.15,2831429.2943569184,3560668.57035532,0.01110919695410796,0.0140005022585728,yfinance_info_static_sharesOutstanding,1,1,1,2515914997.4840927,0.0012222277283436141
2020-03-09,Hang Seng Composite Index,Removal,321,0321.HK,Texwinca Holdings Ltd.,783,Removal,Hang Seng Composite Index,unchanged,1,1,0321.HK,0321.HK,parse_ok,0321.HK,2020-03-06,1.649999976158142,-0.01197603679070025,-0.08839777440859675,-0.20289853653603596,-0.19512194412794215,-0.47452231814224854,1714000.0,2828099.9591350555,1672164.7,1486023.1666666667,2903023.1379662277,2679077.460620115,0.012750703908760418,0.01653178313086016,yfinance_info_static_sharesOutstanding,1,1,1,2279798538.657798,0.0012405043301765002
2020-03-09,Hang Seng Composite Index,Removal,400,0400.HK,Cogobuy Group,784,Removal,Hang Seng Composite Index,unchanged,1,1,0400.HK,0400.HK,parse_ok,0400.HK,2020-03-06,0.9399999976158142,-0.12149537239587593,-0.16814159151997854,-0.26562498544808444,-0.3561644020168252,-0.7235294202207279,1781000.0,1674139.995753765,684850.0,784852.3666666667,727325.5014747381,968855.0014783343,0.023305362269762205,0.030044331792262277,yfinance_info_static_sharesOutstanding,1,1,1,1523732552.2752538,0.0010987098708719724
2020-03-09,Hang Seng Composite Index,Removal,439,0439.HK,KuangChi Science Ltd.,785,Removal,Hang Seng Composite Index,unchanged,1,1,0439.HK,0439.HK,parse_ok,0439.HK,2020-03-06,3.1500000953674316,0.3179916138513008,0.3404256268937791,0.01612909428163012,-0.05970143730110733,-0.5961538438025782,833500.0,2625525.0794887543,457319.25,273947.25,1394054.350923419,809596.4979797999,0.07419221532210521,0.0529003806938478,yfinance_info_static_sharesOutstanding,1,1,1,1939432649.6170492,0.0013537593481305872
2020-03-09,Hang Seng Composite Index,Removal,508,0508.HK,Dingyi Group Investment Ltd.,786,Removal,Hang Seng Composite Index,unchanged,1,1,0508.HK,0508.HK,parse_ok,0508.HK,2020-03-06,2.0799999237060547,-0.028037466475174244,-0.1297071830925921,-0.06306310950447058,-0.22962967149187596,-0.7111111140545505,1058000.0,2200639.919281006,245675.0,344770.0,534347.4898040295,828505.4175921282,0.026163816404278235,0.02339686820554492,yfinance_info_static_sharesOutstanding,1,1,1,1769410801.1783962,0.0012437133975984655
2020-03-09,Hang Seng Composite Index,Removal,511,0511.HK,Television Broadcasts Ltd.,787,Removal,Hang Seng Composite Index,unchanged,1,1,0511.HK,0511.HK,parse_ok,0511.HK,2020-03-06,11.199999809265137,0.014492739851898806,-0.06976745475492585,-0.08045980881414283,-0.111111153160242,-0.31203935277149575,199900.0,2238879.961872101,242665.85,309015.51666666666,2818654.6302512167,3705535.0954576177,0.017742039471249537,0.015138015339744997,yfinance_info_static_sharesOutstanding,1,1,1,5229972474.134098,0.00042808637577825524
2020-03-09,Hang Seng Composite Index,Removal,512,0512.HK,China Grand Pharmaceutical and Healthcare Holdings Ltd.,788,Removal,Hang Seng Composite Index,unchanged,1,1,0512.HK,0512.HK,parse_ok,0512.HK,2020-03-06,5.610000133514404,0.135627544237505,0.08932039410266324,0.2956120629010994,0.0,0.0,9252640.0,51907311.63536072,3207820.1,2270985.6333333333,16856691.2835701,11402493.629171021,0.020153112771478767,0.023453827873370154,yfinance_info_static_sharesOutstanding,1,1,1,19645152592.82203,0.00264224527603449
2020-03-09,Hang Seng Composite Index,Removal,579,0579.HK,"Beijing Jingneng Clean Energy Co., Ltd. - H Shares",789,Removal,Hang Seng Composite Index,unchanged,1,1,0579.HK,0579.HK,parse_ok,0579.HK,2020-03-06,1.2799999713897705,0.02399997711181645,0.01587300085546861,-0.022900742519207262,-0.06569345479222644,-0.2849162018614231,670000.0,857599.9808311462,898351.1,1147673.75,1140365.2693808794,1503957.72819435,0.014378251040280716,0.01218747203558594,yfinance_info_static_sharesOutstanding,1,1,1,3621986223.0422974,0.00023677615761630446
2020-03-09,Hang Seng Composite Index,Removal,860,0860.HK,WE Solutions Ltd.,791,Removal,Hang Seng Composite Index,unchanged,1,1,0860.HK,0860.HK,parse_ok,0860.HK,2020-03-06,9.199999809265137,0.06976737223038021,0.04545450112051319,0.010988947648731706,-0.14814818085302806,-0.14814818085302806,127400.0,1172079.9757003784,279046.75,323378.1,2451482.6027009487,2997938.547438653,0.02031663739065957,0.02941289258327232,yfinance_info_static_sharesOutstanding,1,1,1,9406430232.98541,0.0001246041215072494
2020-03-09,Hang Seng Composite Index,Removal,931,0931.HK,China LNG Group Ltd.,792,Removal,Hang Seng Composite Index,unchanged,1,1,0931.HK,0931.HK,parse_ok,0931.HK,2020-03-06,0.3799999952316284,-0.025641002128344415,-0.025641002128344415,-0.19148936979691877,-0.2830188382176906,-0.6984126999144531,760000.0,288799.9963760376,1544106.2,1971260.6833333333,583691.4470733895,882884.7221462324,0.02438385545156692,0.027393898684878338,yfinance_info_static_sharesOutstanding,1,1,1,2825557744.0039225,0.00010220990775675922
2020-03-09,Hang Seng Composite Index,Removal,950,0950.HK,Lee's Pharmaceutical Holdings Ltd.,793,Removal,Hang Seng Composite Index,unchanged,1,1,0950.HK,0950.HK,parse_ok,0950.HK,2020-03-06,4.190000057220459,0.06887754481417696,-0.1448979641486584,0.08268738530341024,-0.27508652160422864,-0.4375838705378762,522000.0,2187180.0298690796,1168606.7,1676534.7,5062359.238108421,8453638.067117238,0.02254648737323096,0.04982214043032304,yfinance_info_static_sharesOutstanding,1,1,1,2467220120.8634286,0.0008864957007174754
2020-03-09,Hang Seng Composite Index,Removal,951,0951.HK,Chaowei Power Holdings Ltd.,794,Removal,Hang Seng Composite Index,unchanged,1,1,0951.HK,0951.HK,parse_ok,0951.HK,2020-03-06,2.4700000286102295,0.00406503671064562,-0.07142859063522322,-0.09191176373911147,-0.13636359468206505,-0.3413333257039388,305000.0,753350.00872612,623272.35,463652.85,1645767.0227701783,1245149.8895612517,0.015980202992321026,0.013699414121542101,yfinance_info_static_sharesOutstanding,1,1,1,2727193669.719326,0.0002762363440084005
2020-03-09,Hang Seng Composite Index,Removal,1086,1086.HK,Goodbaby International Holdings Ltd.,795,Removal,Hang Seng Composite Index,unchanged,1,1,1086.HK,1086.HK,parse_ok,1086.HK,2020-03-06,1.3899999856948853,0.04511273747632516,-0.021126741053825282,-0.1146497202188439,-0.26455026655260416,-0.5122806904535357,519000.0,721409.9925756454,1425610.7,2335876.9,2059853.113286209,3778633.276777901,0.030751918248294926,0.03153986481392192,yfinance_info_static_sharesOutstanding,1,1,1,2318847551.875697,0.0003111071238780241
2020-03-09,Hang Seng Composite Index,Removal,1361,1361.HK,361 Degrees International Ltd.,796,Removal,Hang Seng Composite Index,unchanged,1,1,1361.HK,1361.HK,parse_ok,1361.HK,2020-03-06,1.4299999475479126,0.02142855135761934,0.1532257552821732,0.05147053860772499,-0.027210938968575293,-0.23529414764625078,1151000.0,1645929.9396276474,1075622.1,996211.2666666667,1503073.21633358,1364434.76053015,0.026457925948784527,0.02628863661044024,yfinance_info_static_sharesOutstanding,1,1,1,2956785151.545763,0.0005566620012168215
2020-03-09,Hang Seng Composite Index,Removal,1680,1680.HK,Macau Legend Development Ltd.,797,Removal,Hang Seng Composite Index,unchanged,1,1,1680.HK,1680.HK,parse_ok,1680.HK,2020-03-06,9.600000381469727,0.0,-0.03030295440608144,-0.039999961853027344,-0.1864406587885088,-0.29411763880904596,80100.0,768960.0305557251,81180.0,232563.26666666666,792047.5095415115,2513601.488703537,0.015974733515261266,0.023662952275854587,yfinance_info_static_sharesOutstanding,1,1,1,6659444597.422543,0.00011546909345162835
2020-03-09,Hang Seng Composite Index,Removal,1916,1916.HK,"Jiangxi Bank Co., Ltd. - H Shares",798,Removal,Hang Seng Composite Index,unchanged,1,1,1916.HK,1916.HK,parse_ok,1916.HK,2020-03-06,3.930000066757202,0.007692300168250066,-0.01995016397965177,-0.09655168898465583,-0.10681818600528492,-0.4320809214698822,46000.0,180780.0030708313,79425.0,275500.7,321274.75749254227,1130243.6356826862,0.012682633197402298,0.015554545334069506,yfinance_info_static_sharesOutstanding,1,1,1,5287815089.8218155,3.418803418803419e-05
2020-03-09,Hang Seng Composite Index,Removal,1980,1980.HK,Tian Ge Interactive Holdings Ltd.,799,Removal,Hang Seng Composite Index,unchanged,1,1,1980.HK,1980.HK,parse_ok,1980.HK,2020-03-06,1.7400000095367432,-0.005714280264718208,-0.05434783805858867,-0.07936506735104154,-0.10769232462143719,-0.49710982937774406,370164.0,644085.363530159,345058.2,242317.55,641291.275341463,449692.6970843573,0.026326082477753494,0.026044107543190146,yfinance_info_static_sharesOutstanding,1,1,1,1930338892.459969,0.0003336643975034637
2020-03-09,Hang Seng Composite Index,Removal,2099,2099.HK,China Gold International Resources Corp. Ltd.,800,Removal,Hang Seng Composite Index,unchanged,1,1,2099.HK,2099.HK,parse_ok,2099.HK,2020-03-06,6.46999979019165,0.02535655291014627,0.05891974612284967,0.022116882807737825,-0.12567571529600152,-0.4253996750731729,677900.0,4386012.85777092,548430.0,414070.0,3514211.1805462837,2731414.366285006,0.03020011272136487,0.027186541464655753,yfinance_info_static_sharesOutstanding,1,1,1,2564796898.7390847,0.0017100819405728338
2020-03-09,Hang Seng Composite Index,Removal,2232,2232.HK,Crystal International Group Ltd.,801,Removal,Hang Seng Composite Index,unchanged,1,1,2232.HK,2232.HK,parse_ok,2232.HK,2020-03-06,2.4000000953674316,0.0,-0.16955017015578633,-0.2380952308868156,-0.30232556527727317,-0.5,6749000.0,16197600.643634796,1009333.95,732493.5666666667,2497792.093559134,2070533.155403177,0.027013070417526888,0.024075496645163424,yfinance_info_static_sharesOutstanding,1,1,1,6846773072.066307,0.002365727689985565
2020-03-09,Hang Seng Composite Index,Removal,2866,2866.HK,"COSCO SHIPPING Development Co., Ltd. - H Shares",802,Removal,Hang Seng Composite Index,unchanged,1,1,2866.HK,2866.HK,parse_ok,2866.HK,2020-03-06,0.9599999785423279,-0.010309329662834377,0.10344824515020301,0.11627902624863751,-0.12727276569555535,-0.17241378778793282,13261000.0,12730559.71544981,31150894.2,15188752.2,32280820.37991919,15078496.230284603,0.05075128541942537,0.031673421579962904,yfinance_info_static_sharesOutstanding,1,1,1,3307845046.0639,0.0038485961519262426
2020-03-09,Hang Seng Composite Index,Removal,3329,3329.HK,BOCOM International Holdings Co. Ltd.,803,Removal,Hang Seng Composite Index,unchanged,1,1,3329.HK,3329.HK,parse_ok,3329.HK,2020-03-06,1.1200000047683716,0.046728925107714536,0.009009000301245074,-0.008849549119871458,-0.034482726727597,-0.3170731618672449,165000.0,184800.0007867813,357380.05,762938.75,397265.29606549145,849083.3958172103,0.01704087975658212,0.01775082017352475,yfinance_info_static_sharesOutstanding,1,1,1,3062519053.038597,6.0342481985026285e-05
2020-03-09,Hang Seng Composite Index,Removal,6100,6100.HK,"Wise Talent Information Technology Co., Ltd.",804,Removal,Hang Seng Composite Index,unchanged,1,1,6100.HK,6100.HK,parse_ok,6100.HK,2020-03-06,17.84000015258789,-0.07083336230781223,-0.0033519255430749517,0.02646726202724392,-0.07083336230781223,-0.34771481156267503,185800.0,3314672.02835083,249959.9,732813.4333333333,4505420.778718948,12334721.29848733,0.027753929171695103,0.03476479040601231,yfinance_info_static_sharesOutstanding,1,1,1,8363213974.81168,0.0003963394979889258
2020-03-09,Hang Seng Composite Index,Removal,6828,6828.HK,Beijing Gas Blue Sky Holdings Ltd.,805,Removal,Hang Seng Composite Index,unchanged,1,1,6828.HK,6828.HK,parse_ok,6828.HK,2020-03-06,0.18700000643730164,-0.01578942745346057,-0.031088068100003974,-0.01578942745346057,-0.10526315414224108,-0.4246153437033192,1536000.0,287232.0098876953,7143137.75,6127579.25,1376085.8126976527,1205568.073799492,0.008783842984068556,0.021561334464100756,yfinance_info_static_sharesOutstanding,1,1,1,4251653598.0642285,6.755771684185927e-05
2020-03-09,Hang Seng Composite Index,Removal,6889,6889.HK,"DYNAM JAPAN HOLDINGS Co., Ltd.",806,Removal,Hang Seng Composite Index,unchanged,1,1,6889.HK,6889.HK,parse_ok,6889.HK,2020-03-06,9.039999961853027,-0.014176675393601235,-0.1031746001710937,-0.11372547736309047,-0.1374045461147052,-0.17367456045768004,501644.0,4534861.7408638,404238.8,296724.2833333333,3867653.310829401,2941037.555958557,0.009481705008502674,0.009670153317600813,yfinance_info_static_sharesOutstanding,1,1,1,6250645561.463539,0.0007255029414596975
2020-03-09,Hang Seng Composite Index,Removal,87001,87001.HK,Hui Xian Real Estate Investment Trust,807,Removal,Hang Seng Composite Index,unchanged,1,1,87001.HK,87001.HK,parse_ok,87001.HK,2020-03-06,3.119999885559082,-0.01265829088137238,-0.018867981112750454,-0.05167175631157028,-0.054545475563070656,-0.0930233041681805,14613736.0,45594854.64759064,5154566.7,4300111.85,16307626.4624045,13792766.762734838,0.0043741297990649575,0.004824228418355282,yfinance_info_static_sharesOutstanding,1,1,1,20352380866.679092,0.0022402712953469984
2020-03-09,Hang Seng Stock Connect Greater Bay Area Composite Index,Inclusion,555,000555.SZ,Digital China Information Service Company Ltd.,808,Inclusion,Hang Seng Stock Connect Greater Bay Area Composite Index,unchanged,1,1,000555.SZ,000555.SZ,parse_ok,000555.SZ,2020-03-06,17.850000381469727,0.0612366650019891,0.16059819562092348,0.43604182970430716,-0.08695646659505574,-0.08695646659505574,21310711.0,380396199.4793911,40970903.6,34111400.03333333,733741774.8125165,550436642.677039,0.03940468228845638,0.036568756437694604,yfinance_info_static_sharesOutstanding,1,1,1,17417574072.678406,0.02183979226338351
2020-03-09,Hang Seng Stock Connect Greater Bay Area Composite Index,Inclusion,967,000967.SZ,Infore Environment Technology Group Co. Ltd.,809,Inclusion,Hang Seng Stock Connect Greater Bay Area Composite Index,unchanged,1,1,000967.SZ,000967.SZ,parse_ok,000967.SZ,2020-03-06,6.909999847412109,0.04855837441802713,-0.007183935411037012,0.16526139079974445,-0.03491620186142308,-0.1490147851231972,33884359.0,234140915.51965714,24305818.15,14952090.85,164357409.63132542,98323328.10170707,0.026738147902524594,0.028276291637916458,yfinance_info_static_sharesOutstanding,1,1,1,21883585839.012623,0.010699385248931464
2020-03-09,Hang Seng Stock Connect Greater Bay Area Composite Index,Inclusion,300602,300602.SZ,"Shenzhen FRD Science & Technology Co., Ltd",810,Inclusion,Hang Seng Stock Connect Greater Bay Area Composite Index,unchanged,1,1,300602.SZ,300602.SZ,parse_ok,300602.SZ,2020-03-06,36.28681564331055,0.025207126980939965,0.2929155760552187,0.3150115808989853,-0.09360074879836744,-0.09360074879836744,8468053.0,307278678.0687828,15756083.75,11715086.416666666,551292922.5939168,368415426.1491682,0.04472082565004194,0.03377094934927701,yfinance_info_static_sharesOutstanding,1,1,1,21113971050.281147,0.014553334251383809
2020-03-09,Hang Seng Stock Connect Greater Bay Area Composite Index,Inclusion,300770,300770.SZ,"Guangdong South New Media Co., Ltd",811,Inclusion,Hang Seng Stock Connect Greater Bay Area Composite Index,unchanged,1,1,300770.SZ,300770.SZ,parse_ok,300770.SZ,2020-03-06,98.72222137451172,0.05123048225148885,-0.10703519724116195,0.645370356241862,-0.10703519724116195,-0.10703519724116195,2137953.0,211063469.35430145,2651766.1,2473264.3666666667,261250913.2612335,208515081.07414308,0.03188895712794439,0.034040091946046264,yfinance_info_static_sharesOutstanding,1,1,1,22492731818.358833,0.009383629834684151
2020-03-09,Hang Seng Stock Connect Greater Bay Area Composite Index,Inclusion,3319,3319.HK,"A-Living Services Co., Ltd.",812,Inclusion,Hang Seng Stock Connect Greater Bay Area Composite Index,unchanged,1,1,3319.HK,3319.HK,parse_ok,3319.HK,2020-03-06,36.95000076293945,0.0587392305854324,0.21147543485047393,0.42115387549767136,-0.01203210547005129,-0.01203210547005129,4803612.0,177493467.0648651,5742845.25,6059490.25,203076165.08807832,188137077.26916236,0.025950216960907373,0.029441492803365433,yfinance_info_static_sharesOutstanding,1,1,1,52415074404.76055,0.0033863057351444766
2020-03-09,Hang Seng Stock Connect Greater Bay Area Composite Index,Inclusion,3331,3331.HK,Vinda International Holdings Ltd.,813,Inclusion,Hang Seng Stock Connect Greater Bay Area Composite Index,unchanged,1,1,3331.HK,3331.HK,parse_ok,3331.HK,2020-03-06,21.0,0.04738158598946307,0.052104256674860405,0.401869201717276,-0.014084471727988102,-0.014084471727988102,5178516.0,108748836.0,2565138.5,1787024.1666666667,51854654.62974119,33953418.22746024,0.022612702409927722,0.02351505892581929,yfinance_info_static_sharesOutstanding,1,1,1,25269089664.0,0.004303630935899156
2020-03-09,Hang Seng Stock Connect Greater Bay Area Composite Index,Inclusion,603983,603983.SH,"Guangdong Marubi Biotechnology Co., Ltd",814,Inclusion,Hang Seng Stock Connect Greater Bay Area Composite Index,unchanged,1,1,603983.SH,603983.SS,parse_ok,603983.SS,2020-03-06,77.0,0.01569717029058726,0.17378051510742276,0.21451101177923126,-0.06553399788691705,-0.06553399788691705,1672788.0,128804676.0,2529428.2,2410789.683333333,189696952.71595496,164495812.33539188,0.030531374504221657,0.028441487723826802,yfinance_info_static_sharesOutstanding,1,1,1,30877000000.0,0.004171541147132169
2020-03-09,Hang Seng Stock Connect Greater Bay Area Composite Index,Inclusion,6049,6049.HK,"Poly Property Development Co., Ltd.",815,Inclusion,Hang Seng Stock Connect Greater Bay Area Composite Index,unchanged,1,1,6049.HK,6049.HK,parse_ok,6049.HK,2020-03-06,69.80000305175781,0.050413939162780474,0.14332520760107648,,-0.0035688792163974803,-0.0035688792163974803,578129.0,40353405.96430969,1383304.25,3661713.1923076925,90587507.76079711,184507552.7849611,0.025511829894979965,0.0304541199988127,yfinance_info_static_sharesOutstanding,1,1,1,24220607340.960236,0.0016660773776744553
2020-03-09,Hang Seng Stock Connect Greater Bay Area Composite Index,Inclusion,6055,6055.HK,China Tobacco International (HK) Co. Ltd.,816,Inclusion,Hang Seng Stock Connect Greater Bay Area Composite Index,unchanged,1,1,6055.HK,6055.HK,parse_ok,6055.HK,2020-03-06,17.440000534057617,0.04057281001726731,0.0927318604243863,-0.03218645443797252,-0.12537612502717776,-0.3528756942359572,4110100.0,71680146.19503021,3506183.7,2895364.15,62034940.071074106,51724166.29401302,0.04026219475492466,0.030528405647677864,yfinance_info_static_sharesOutstanding,1,1,1,12062899569.396973,0.005942198704603285
2020-03-09,Hang Seng Stock Connect Greater Bay Area Composite Index,Removal,8,000008.SZ,"China High Speed Railway Technology Co., Ltd.",817,Removal,Hang Seng Stock Connect Greater Bay Area Composite Index,unchanged,1,1,000008.SZ,000008.SZ,parse_ok,000008.SZ,2020-03-06,3.4700000286102295,0.11217953714393492,0.13770494520007492,-0.028011178292021377,-0.09162301328509537,-0.30181082996053377,56518332.0,196118613.65700245,38645502.25,34228399.38333333,127085658.87035067,119030305.35130744,0.02509225756015045,0.02464353438167354,yfinance_info_static_sharesOutstanding,1,1,1,9425830637.726189,0.020806507266537575
2020-03-09,Hang Seng Stock Connect Greater Bay Area Composite Index,Removal,36,000036.SZ,China Union Holdings Ltd.,818,Removal,Hang Seng Stock Connect Greater Bay Area Composite Index,unchanged,1,1,000036.SZ,000036.SZ,parse_ok,000036.SZ,2020-03-06,3.8299999237060547,0.08498582287471623,0.10693638193057309,-0.030379777855453316,-0.11342597881584782,-0.3853086469827893,13479071.0,51624840.901628494,14134815.55,9917015.633333333,52877129.1146221,38734052.572648,0.022658580202645925,0.021911278551853364,yfinance_info_static_sharesOutstanding,1,1,1,5376625609.647131,0.009601717629176089
2020-03-09,Hang Seng Stock Connect Greater Bay Area Composite Index,Removal,2016,002016.SZ,"Guangdong Shirongzhaoye Co., Ltd.",819,Removal,Hang Seng Stock Connect Greater Bay Area Composite Index,unchanged,1,1,002016.SZ,002016.SZ,parse_ok,002016.SZ,2020-03-06,7.75,0.07340723340855959,0.0869565042928051,-0.08500593203421203,-0.17989416334150532,-0.30493271164599745,9521204.0,73789331.0,6795748.75,6393773.766666667,51767818.13146255,52819245.08687102,0.021265781128281102,0.023579988113057993,yfinance_info_static_sharesOutstanding,1,1,1,6270491148.0,0.011767711533016903
2020-03-09,Hang Seng Stock Connect Greater Bay Area Composite Index,Removal,178,0178.HK,Sa Sa International Holdings Ltd.,820,Removal,Hang Seng Stock Connect Greater Bay Area Composite Index,unchanged,1,1,0178.HK,0178.HK,parse_ok,0178.HK,2020-03-06,1.4800000190734863,0.0,0.03496508626543049,-0.13450293213017928,-0.19565217813832536,-0.4770317812816979,3870146.0,5727816.153817177,7910841.95,9140837.4,12143347.333593935,15005844.457724754,0.026777925706747197,0.026886454145104263,yfinance_info_static_sharesOutstanding,1,1,1,4592720457.028642,0.0012471510529345191
2020-03-09,Hang Seng Stock Connect Greater Bay Area Composite Index,Removal,511,0511.HK,Television Broadcasts Ltd.,821,Removal,Hang Seng Stock Connect Greater Bay Area Composite Index,unchanged,1,1,0511.HK,0511.HK,parse_ok,0511.HK,2020-03-06,11.199999809265137,0.014492739851898806,-0.06976745475492585,-0.08045980881414283,-0.111111153160242,-0.31203935277149575,199900.0,2238879.961872101,242665.85,309015.51666666666,2818654.6302512167,3705535.0954576177,0.017742039471249537,0.015138015339744997,yfinance_info_static_sharesOutstanding,1,1,1,5229972474.134098,0.00042808637577825524
2020-03-09,Hang Seng Stock Connect Greater Bay Area Composite Index,Removal,751,0751.HK,Skyworth Group Ltd.,822,Removal,Hang Seng Stock Connect Greater Bay Area Composite Index,unchanged,1,1,0751.HK,0751.HK,parse_ok,0751.HK,2020-03-06,1.8799999952316284,-0.03589746191813492,-0.11320750154859627,-0.11737094167946072,-0.2598425104463008,-0.34265732021341966,3196534.0,6009483.904757738,5657017.65,6377362.95,11380723.128026783,14036027.718957746,0.017368758196605515,0.02351065259892165,yfinance_info_static_sharesOutstanding,1,1,1,3550283607.1551747,0.0016926771406786593
2020-03-09,Hang Seng Stock Connect Greater Bay Area Composite Index,Removal,3933,3933.HK,The United Laboratories International Holdings Ltd.,823,Removal,Hang Seng Stock Connect Greater Bay Area Composite Index,unchanged,1,1,3933.HK,3933.HK,parse_ok,3933.HK,2020-03-06,5.960000038146973,0.14615389553047686,0.09157509093529081,0.24947590397879127,0.0,0.0,10007700.0,59645892.38176346,4377383.3,4431361.933333334,24466784.973402403,24314657.943097044,0.02695772104328404,0.026896400668796044,yfinance_info_static_sharesOutstanding,1,1,1,11759238062.944988,0.0050722582587826035
2020-03-09,Hang Seng Stock Connect Greater Bay Area Composite Index,Removal,600499,600499.SH,"Keda Clean Energy Co., Ltd.",824,Removal,Hang Seng Stock Connect Greater Bay Area Composite Index,unchanged,1,1,600499.SH,600499.SS,parse_ok,600499.SS,2020-03-06,5.210000038146973,0.02964428795725116,0.24343674629998846,0.30576441746722627,-0.04753194918048953,-0.14590161973768168,15151506.0,78939346.83798409,28358604.95,18390172.916666668,145244735.91468978,89555097.27962731,0.03610754550173204,0.030579457460783773,yfinance_info_static_sharesOutstanding,1,1,1,9992031870.270416,0.007900229689304197
2020-03-09,Hang Seng Stock Connect Greater Bay Area Composite Index,Removal,603898,603898.SH,"Guangzhou Holike Creative Home Co., Ltd",825,Removal,Hang Seng Stock Connect Greater Bay Area Composite Index,unchanged,1,1,603898.SH,603898.SS,parse_ok,603898.SS,2020-03-06,15.819999694824219,0.10474860558426946,0.07036535728299076,0.10013905208089668,-0.09236951131168247,-0.28545618198070666,1196816.0,18933628.754760742,1080090.35,1317657.65,16517505.360080862,20724804.08024632,0.023502355384917253,0.02447809687261343,yfinance_info_static_sharesOutstanding,1,1,1,4925478785.825027,0.0038440179276072795
2020-06-08,Hang Seng China Enterprises Index,Inclusion,762,0762.HK,China Unicom (Hong Kong) Ltd.,826,Inclusion,Hang Seng China Enterprises Index,unchanged,1,1,0762.HK,0762.HK,parse_ok,0762.HK,2020-06-05,4.619999885559082,0.028953256362537205,-0.07228918315975852,-0.2129471932487006,-0.20207255336829044,-0.4677419673817026,148913379.0,687979793.9382162,61167355.35,59550912.916666664,281261092.68768287,281912079.9862774,0.025514650051765758,0.03819238751522471,yfinance_info_static_sharesOutstanding,1,1,1,141362756498.3368,0.00486676838355448
2020-06-08,Hang Seng China Enterprises Index,Inclusion,813,0813.HK,Shimao Property Holdings Ltd.,827,Inclusion,Hang Seng China Enterprises Index,unchanged,1,1,0813.HK,0813.HK,parse_ok,0813.HK,2020-06-05,34.91055679321289,0.09316772634711712,0.1336553923307131,0.2988930177350355,0.0,0.0,18901619.0,659866043.5831718,7820879.6,10478624.866666667,254685515.12204093,301326227.7070294,0.02057645413537741,0.0319604057868726,yfinance_info_static_sharesOutstanding,1,1,1,319873325473.68274,0.0020628980006570184
2020-06-08,Hang Seng China Enterprises Index,Inclusion,2319,2319.HK,China Mengniu Dairy Co Ltd.,828,Inclusion,Hang Seng China Enterprises Index,unchanged,1,1,2319.HK,2319.HK,parse_ok,2319.HK,2020-06-05,29.649999618530273,0.07039706866000439,0.0742753336495201,0.051418397743322464,-0.013311135729978885,-0.11360242325074466,47862553.0,1419124678.191885,16336312.85,13618452.633333333,470960612.9656606,377148881.445535,0.024674454505658344,0.025408246497673235,yfinance_info_static_sharesOutstanding,1,1,1,114832451535.79344,0.012358219816891584
2020-06-08,Hang Seng China Enterprises Index,Removal,1336,1336.HK,New China Life Insurance Co Ltd. - H Shares,829,Removal,Hang Seng China Enterprises Index,unchanged,1,1,1336.HK,1336.HK,parse_ok,1336.HK,2020-06-05,26.350000381469727,0.09336099437284684,-0.025877962119561504,-0.045289854446496025,-0.052158233646920626,-0.33375471833692705,18629414.0,490885066.00655746,8646539.75,11104215.283333333,221385889.7247755,273853180.79452974,0.025040807462452155,0.03072634311653945,yfinance_info_static_sharesOutstanding,1,1,1,27248726695.480614,0.018014972644133646
2020-06-08,Hang Seng China Enterprises Index,Removal,1800,1800.HK,China Communications Construction Co Ltd. - H Shares,830,Removal,Hang Seng China Enterprises Index,unchanged,1,1,1800.HK,1800.HK,parse_ok,1800.HK,2020-06-05,5.019999980926514,0.018255609679852736,-0.0059406353812402335,-0.12237759352114996,-0.13298790777195157,-0.3252688249572465,74515286.0,374066734.2987337,24710462.75,23181263.266666666,120325062.52451737,118661102.03484909,0.018576410804000104,0.023297372895595823,yfinance_info_static_sharesOutstanding,1,1,1,59364733281.94374,0.006301160868055464
2020-09-07,Hang Seng (China A) Corporate Sustainability Index,Inclusion,2371,002371.SZ,"NAURA Technology Group Co.,Ltd.",832,Inclusion,Hang Seng (China A) Corporate Sustainability Index,unchanged,1,1,002371.SZ,002371.SZ,parse_ok,002371.SZ,2020-09-04,138.55555725097656,-0.019345734206856924,-0.1036944909605716,0.20196637771032666,-0.1843987161819085,-0.1843987161819085,15774756.0,2185680108.078186,9832392.0,12882565.466666667,1458486055.5020034,1823305502.1805646,0.029154539389328764,0.042852811034638505,yfinance_info_static_sharesOutstanding,1,1,1,100429587023.56311,0.021763308730577323
2020-09-07,Hang Seng (China A) Corporate Sustainability Index,Inclusion,2594,002594.SZ,BYD Company Limited,833,Inclusion,Hang Seng (China A) Corporate Sustainability Index,unchanged,1,1,002594.SZ,002594.SZ,parse_ok,002594.SZ,2020-09-04,30.0,0.0541110669384226,0.0541110669384226,0.4737186908423654,-0.08069452899902652,-0.08069452899902652,65826324.0,1974789720.0,63529289.85,81114515.45,1809822355.208739,2246621742.5799336,0.028444651259385167,0.034527293178975224,yfinance_info_static_sharesOutstanding,1,1,1,163013926950.0,0.012114239298128876
2020-09-07,Hang Seng (China A) Corporate Sustainability Index,Inclusion,300124,300124.SZ,"Shenzhen Inovance Technology Co., Ltd",834,Inclusion,Hang Seng (China A) Corporate Sustainability Index,unchanged,1,1,300124.SZ,300124.SZ,parse_ok,300124.SZ,2020-09-04,36.619998931884766,-0.05080359787832445,0.06165443884355826,0.529231577983186,-0.06549844639339275,-0.06549844639339275,14757292.0,540412017.2775116,22160502.25,23486538.833333332,817630133.3955549,764911988.7227577,0.028154869256225123,0.029844863638676198,yfinance_info_static_sharesOutstanding,1,1,1,99138708879.80788,0.005451069752508955
2020-09-07,Hang Seng (China A) Corporate Sustainability Index,Inclusion,600028,600028.SH,China Petroleum & Chemical Corporation,835,Inclusion,Hang Seng (China A) Corporate Sustainability Index,unchanged,1,1,600028.SH,600028.SS,parse_ok,600028.SS,2020-09-04,3.9800000190734863,-0.012406994573640806,-0.002506263268008846,-0.026894897166398257,-0.06791568223616307,-0.2574627015048393,118317300.0,470902856.2567234,145583607.7,158281767.98333332,586371872.8077805,642519899.6739372,0.004512951878906361,0.010450036255832226,yfinance_info_static_sharesOutstanding,1,1,1,386628798068.41406,0.0012179714977501419
2020-09-07,Hang Seng (China A) Corporate Sustainability Index,Inclusion,600183,600183.SH,"Shengyi Technology Co.,Ltd.",836,Inclusion,Hang Seng (China A) Corporate Sustainability Index,unchanged,1,1,600183.SH,600183.SS,parse_ok,600183.SS,2020-09-04,24.729999542236328,-0.013562032577849825,-0.10138084553484283,-0.09080886586108305,-0.28977599773177787,-0.28977599773177787,23518701.0,581617464.9639931,31828516.8,40441540.03333333,831361128.7159686,1172900584.6432083,0.02115168867274967,0.02875909619201297,yfinance_info_static_sharesOutstanding,1,1,1,60072117445.93746,0.009681987079736717
2020-09-07,Hang Seng (China A) Corporate Sustainability Index,Inclusion,601231,601231.SH,"Universal Scientific Industrial(Shanghai)Co., Ltd.",837,Inclusion,Hang Seng (China A) Corporate Sustainability Index,unchanged,1,1,601231.SH,601231.SS,parse_ok,601231.SS,2020-09-04,22.709999084472656,-0.04459408299863121,-0.14688210486447684,0.1187192087678659,-0.15888892279730904,-0.15888892279730904,18420482.0,418329129.35554504,24417896.3,27580039.816666666,588153524.8363873,639124958.7458379,0.04338854199591545,0.040672110742542456,yfinance_info_static_sharesOutstanding,1,1,1,54256574134.088974,0.007710201685821372
2020-09-07,Hang Seng (China A) Corporate Sustainability Index,Inclusion,601727,601727.SH,Shanghai Electric Group Company Limited,838,Inclusion,Hang Seng (China A) Corporate Sustainability Index,unchanged,1,1,601727.SH,601727.SS,parse_ok,601727.SS,2020-09-04,5.559999942779541,0.0018017570632469226,-0.01766782814990553,0.16075156306027116,-0.08250825160415187,-0.08250825160415187,31458087.0,174906961.91995382,61357843.65,62382141.35,356281046.5899526,348676742.5385543,0.019144358503552013,0.027142985053487743,yfinance_info_static_sharesOutstanding,1,1,1,70142955654.28731,0.002493578439751178
2020-09-07,Hang Seng (China A) Corporate Sustainability Index,Inclusion,603019,603019.SH,"Dawning Information Industry Co.,Ltd",839,Inclusion,Hang Seng (China A) Corporate Sustainability Index,unchanged,1,1,603019.SH,603019.SS,parse_ok,603019.SS,2020-09-04,42.869998931884766,-0.056765715901999636,-0.07806453909925237,0.1323295890323728,-0.18914318520950857,-0.18914318520950857,24695401.0,1058691814.492466,27216336.3,46456908.63333333,1220895133.603343,2066379390.536536,0.018569009330935075,0.03315509580135061,yfinance_info_static_sharesOutstanding,1,1,1,62723772097.30374,0.01687863754192129
2020-09-07,Hang Seng (China A) Corporate Sustainability Index,Removal,825,000825.SZ,"Shanxi Taigang Stainless Steel Co.,Ltd",840,Removal,Hang Seng (China A) Corporate Sustainability Index,unchanged,1,1,000825.SZ,000825.SZ,parse_ok,000825.SZ,2020-09-04,3.8299999237060547,0.029569864045651872,0.015915104266073676,0.14328359186211181,-0.02046039907122854,-0.08809521484807403,31081102.0,119040618.2887001,42552902.75,42051752.766666666,161687680.79437023,154514838.76011387,0.017191020304099254,0.019496835236450943,yfinance_info_static_sharesOutstanding,1,1,1,21816628624.090782,0.005456416769970166
2020-09-07,Hang Seng (China A) Corporate Sustainability Index,Removal,2415,002415.SZ,"Hangzhou Hikvision Digital Technology Co.,Ltd.",841,Removal,Hang Seng (China A) Corporate Sustainability Index,unchanged,1,1,002415.SZ,002415.SZ,parse_ok,002415.SZ,2020-09-04,37.810001373291016,-0.00395146772390198,-0.023249747674177756,0.2922078290337702,-0.05427709339148057,-0.05427709339148057,40953894.0,1548466788.3816147,53889697.15,67864447.23333333,2085606366.8185773,2439855282.554341,0.017675042133438408,0.02754748608970598,yfinance_info_static_sharesOutstanding,1,1,1,346523805891.53577,0.004468572611909656
2020-09-07,Hang Seng (China A) Corporate Sustainability Index,Removal,2916,002916.SZ,"Shennan Circuits Co., Ltd.",842,Removal,Hang Seng (China A) Corporate Sustainability Index,unchanged,1,1,002916.SZ,002916.SZ,parse_ok,002916.SZ,2020-09-04,106.23076629638672,-0.007403194059423357,-0.0851275694380017,-0.10318857105537216,-0.2883644116965205,-0.2883644116965205,5249601.0,557669136.980278,6830833.85,8920602.1,747616609.44342,1099420167.684696,0.018970818944804103,0.026698385848765802,yfinance_info_static_sharesOutstanding,1,1,1,72360849362.3505,0.0077067798663849624
2020-09-07,Hang Seng (China A) Corporate Sustainability Index,Removal,600089,600089.SH,"TBEA Co.,Ltd.",843,Removal,Hang Seng (China A) Corporate Sustainability Index,unchanged,1,1,600089.SH,600089.SS,parse_ok,600089.SS,2020-09-04,6.130768775939941,-0.03041352062610847,-0.12417588915143696,0.1500721011521784,-0.12417588915143696,-0.12417588915143696,33712725.0,206684921.78184986,101210927.8,128928985.41666667,672221112.68416,818533952.1543982,0.016644564280584282,0.026136654047107216,yfinance_info_static_sharesOutstanding,1,1,1,30977502925.5881,0.0066720975631358445
2020-09-07,Hang Seng (China A) Corporate Sustainability Index,Removal,601601,601601.SH,"China Pacific Insurance (Group) Co., Ltd.",844,Removal,Hang Seng (China A) Corporate Sustainability Index,unchanged,1,1,601601.SH,601601.SS,parse_ok,601601.SS,2020-09-04,30.18000030517578,-0.04281637653251047,0.006335463004591091,0.009364571579191017,-0.10710056253242639,-0.24587706246962282,21991178.0,663693758.7511749,43416355.85,44898769.13333333,1377607651.5186646,1390001665.590832,0.022330580535473966,0.027573897048764364,yfinance_info_static_sharesOutstanding,1,1,1,206583353200.84088,0.003212716554687396
2020-09-07,Hang Seng (China A) Corporate Sustainability Index,Removal,601607,601607.SH,"Shanghai Pharmaceuticals Holding Co.,Ltd",845,Removal,Hang Seng (China A) Corporate Sustainability Index,unchanged,1,1,601607.SH,601607.SS,parse_ok,601607.SS,2020-09-04,22.229999542236328,0.01879009409470167,-0.11785718772957243,0.22209999392878044,-0.11785718772957243,-0.11785718772957243,19877964.0,441887130.6205902,26975795.95,33026275.033333335,607613365.9762408,707782451.3034796,0.022071962022717998,0.026898634338214353,yfinance_info_static_sharesOutstanding,1,1,1,62005895527.31477,0.00712653412812868
2020-09-07,Hang Seng (China A) Corporate Sustainability Index,Removal,601618,601618.SH,Metallurgical Corporation of China Ltd.,846,Removal,Hang Seng (China A) Corporate Sustainability Index,unchanged,1,1,601618.SH,601618.SS,parse_ok,601618.SS,2020-09-04,2.7899999618530273,-0.010638287978706695,0.0,0.10714285038496096,-0.07308971073331139,-0.07308971073331139,35896206.0,100150413.37066841,78880553.7,94596085.15,226051046.16398492,269196493.880151,0.01170729476997223,0.018896549039967514,yfinance_info_static_sharesOutstanding,1,1,1,49808806803.27663,0.002010696898767712
2020-09-07,Hang Seng (China A) Corporate Sustainability Index,Removal,601991,601991.SH,"Datang International Power Generation Co.,Ltd.",847,Removal,Hang Seng (China A) Corporate Sustainability Index,unchanged,1,1,601991.SH,601991.SS,parse_ok,601991.SS,2020-09-04,2.4200000762939453,-0.035856539645922725,0.00833332505491069,0.14150953157044532,-0.11678829639745181,-0.1387899908993675,10574677.0,25590719.14678383,32851239.85,24893882.4,84626993.03125289,61008764.46597898,0.02710918500795245,0.022611187653929367,yfinance_info_static_sharesOutstanding,1,1,1,29998536582.266544,0.000853065584602938
2020-09-07,Hang Seng China 50 Index,Inclusion,300760,300760.SZ,"Shenzhen Mindray Bio-Medical Electronics Co., Ltd.",848,Inclusion,Hang Seng China 50 Index,unchanged,1,1,300760.SZ,300760.SZ,parse_ok,300760.SZ,2020-09-04,336.1499938964844,-0.009342253210272489,0.02757310206657171,0.2277209966519831,-0.045543622572280285,-0.045543622572280285,4563203.0,1533920660.5984192,4161870.35,5670028.766666667,1353854394.5679002,1803147898.9745986,0.017927587568379394,0.023329352808134092,yfinance_info_static_sharesOutstanding,1,1,1,407562167192.945,0.003763648307111494
2020-09-07,Hang Seng China 50 Index,Inclusion,3690,3690.HK,Meituan Dianping - W,849,Inclusion,Hang Seng China 50 Index,unchanged,1,1,3690.HK,3690.HK,parse_ok,3690.HK,2020-09-04,261.79998779296875,-0.012820604289445647,0.177158250799337,0.6403507379765814,-0.04032258244948328,-0.04032258244948328,44935057.0,11763997374.076355,24578114.6,25828491.7,6077536866.790427,5381978097.289483,0.03576484564659702,0.03770710654817988,yfinance_info_static_sharesOutstanding,1,1,1,1464831233140.0483,0.008030957497307563
2020-09-07,Hang Seng China 50 Index,Inclusion,601816,601816.SH,"Beijing-Shanghai High Speed Railway Co.,Ltd.",850,Inclusion,Hang Seng China 50 Index,unchanged,1,1,601816.SH,601816.SS,parse_ok,601816.SS,2020-09-04,6.190000057220459,-0.004823108357414729,-0.001612863282630106,-0.06636501502648351,-0.10289855483098576,-0.20437019405004087,52658861.0,325958352.6031642,74789621.95,103464498.68333334,468647880.2938901,663161258.2015833,0.006720016672070622,0.01623891785625713,yfinance_info_static_sharesOutstanding,1,1,1,302849958099.84985,0.0010763031127635008
2020-09-07,Hang Seng China 50 Index,Inclusion,9988,9988.HK,Alibaba Group Holding Ltd. - SW,851,Inclusion,Hang Seng China 50 Index,unchanged,1,1,9988.HK,9988.HK,parse_ok,9988.HK,2020-09-04,274.0,-0.010830324909747335,0.09951847253396506,0.2708719491800242,-0.05906597350965337,-0.05906597350965337,78861798.0,21608132652.0,27262481.05,28408872.866666667,7272557273.33988,6951914751.490064,0.02301591263923615,0.027271866582464745,yfinance_info_static_sharesOutstanding,1,1,1,5242730039212.0,0.004121542114582687
2020-09-07,Hang Seng China 50 Index,Removal,762,0762.HK,China Unicom (Hong Kong) Ltd.,852,Removal,Hang Seng China 50 Index,unchanged,1,1,0762.HK,0762.HK,parse_ok,0762.HK,2020-09-04,5.289999961853027,-0.07517479792149007,0.2160919719146197,0.14008623148081067,-0.18989283432070747,-0.39055302121375923,52703780.0,278802994.18951035,101583014.85,62230079.983333334,594575560.5814149,325715442.88546765,0.06481530973882355,0.042124453450431434,yfinance_info_static_sharesOutstanding,1,1,1,161863418832.77893,0.0017224583306098438
2020-09-07,Hang Seng China 50 Index,Removal,1800,1800.HK,China Communications Construction Company Limited,853,Removal,Hang Seng China 50 Index,unchanged,1,1,1800.HK,1800.HK,parse_ok,1800.HK,2020-09-04,4.119999885559082,-0.08240532392431266,-0.0844444698757596,-0.1710261449728937,-0.16935486817086998,-0.3850746264407777,20173900.0,83116465.69128036,19577218.0,19045317.433333334,87297652.38666782,87416280.9585176,0.016169585179741482,0.020083422302994546,yfinance_info_static_sharesOutstanding,1,1,1,48721652441.66243,0.0017059451296484876
2020-09-07,Hang Seng China 50 Index,Removal,2328,2328.HK,PICC Property and Casualty Co. Ltd. - H Shares,854,Removal,Hang Seng China 50 Index,unchanged,1,1,2328.HK,2328.HK,parse_ok,2328.HK,2020-09-04,5.900000095367432,-0.01993353587031299,-0.05144689800935809,-0.2027027000903735,-0.2307692259869908,-0.4192913204747496,37581052.0,221728210.3840084,37678133.25,42546468.25,232423307.09439135,281396279.44296825,0.010048968194997569,0.028116145666175006,yfinance_info_static_sharesOutstanding,1,1,1,40705834272.66793,0.005447086746798076
2020-09-07,Hang Seng China 50 Index,Removal,600050,600050.SH,China United Network Communications Limited,855,Removal,Hang Seng China 50 Index,unchanged,1,1,600050.SH,600050.SS,parse_ok,600050.SS,2020-09-04,5.090000152587891,-0.0249041461357965,0.011928417550071346,0.018000030517578036,-0.10544813683634047,-0.2391629134450758,91415447.0,465304639.1788902,179992963.4,187322416.06666666,949424655.5250486,981719889.8667634,0.012603875010143662,0.019634109072271765,yfinance_info_static_sharesOutstanding,1,1,1,159135929685.00272,0.0029239445805854455
2020-09-07,Hang Seng China 50 Index,Removal,600887,600887.SH,"Inner Mongolia Yili Industrial Group Co.,Ltd.",856,Removal,Hang Seng China 50 Index,unchanged,1,1,600887.SH,600887.SS,parse_ok,600887.SS,2020-09-04,40.97999954223633,0.009608262827847547,0.12489704087139697,0.39625209572771447,-0.022889821552385392,-0.022889821552385392,68140896.0,2792413886.8875732,72086925.25,78503296.53333333,2745266903.5332656,2740806329.3076825,0.02774281454597726,0.02600058433018613,yfinance_info_static_sharesOutstanding,1,1,1,259213277238.13968,0.010772649906826253
2020-09-07,Hang Seng China A Industry Top Index,Inclusion,3816,003816.SZ,"CGN Power Co.,Ltd.",857,Inclusion,Hang Seng China A Industry Top Index,unchanged,1,1,003816.SZ,003816.SZ,parse_ok,003816.SZ,2020-09-04,3.0,-0.009900980750178201,-0.009900980750178201,0.006711402952518153,-0.08814588608374652,-0.4208494016567974,50853848.0,152561544.0,57064938.8,64383628.85,173725242.25629553,199216968.40347517,0.008139344370870912,0.014047546950533691,yfinance_info_static_sharesOutstanding,1,1,1,118004958300.0,0.00129284011619366
2020-09-07,Hang Seng China A Industry Top Index,Inclusion,600031,600031.SH,"Sany Heavy Industry Co.,Ltd.",858,Inclusion,Hang Seng China A Industry Top Index,unchanged,1,1,600031.SH,600031.SS,parse_ok,600031.SS,2020-09-04,23.18000030517578,0.03713646127694048,0.09494568831544892,0.1979328086925416,-0.025231302108694953,-0.025231302108694953,74518765.0,1727344995.4413223,76386584.35,91320003.16666667,1675685094.466065,1919253284.5287216,0.021184603729965154,0.024549998146409062,yfinance_info_static_sharesOutstanding,1,1,1,196436363643.8386,0.008793407510705068
2020-09-07,Hang Seng China A Industry Top Index,Inclusion,600188,600188.SH,Yanzhou Coal Mining Company Limited,859,Inclusion,Hang Seng China A Industry Top Index,unchanged,1,1,600188.SH,600188.SS,parse_ok,600188.SS,2020-09-04,4.712820053100586,-0.0032539093050308887,0.0143488775144609,0.057537373329043406,-0.12476191859342722,-0.195975509040608,31293034.0,147478438.15755844,32106975.0,47522889.78333333,151936784.28387457,231058649.71627188,0.01072468911683694,0.024869826060404904,yfinance_info_static_sharesOutstanding,1,1,1,28097741463.95874,0.005248764864134384
2020-09-07,Hang Seng China A Industry Top Index,Inclusion,600346,600346.SH,"Hengli Petrochemical Co.,Ltd.",860,Inclusion,Hang Seng China A Industry Top Index,unchanged,1,1,600346.SH,600346.SS,parse_ok,600346.SS,2020-09-04,20.100000381469727,-0.004950513747167595,0.04906057106177797,0.38620692285998115,-0.04874580313326937,-0.04874580313326937,21495729.0,432064161.09996986,41779271.35,45360522.56666667,818668759.4955564,782654684.2868894,0.02100019857592945,0.0285796601581718,yfinance_info_static_sharesOutstanding,1,1,1,141485908383.80347,0.00305376108501156
2020-09-07,Hang Seng China A Industry Top Index,Inclusion,600585,600585.SH,Anhui Conch Cement Company Limited,861,Inclusion,Hang Seng China A Industry Top Index,unchanged,1,1,600585.SH,600585.SS,parse_ok,600585.SS,2020-09-04,59.45000076293945,-0.0426730720820544,-0.033333320927813825,0.028190956013808943,-0.05168285108861259,-0.05168285108861259,16676326.0,991407593.423027,23965314.0,36663135.75,1450115143.0492692,2159056377.931186,0.015987809607084052,0.02152601303638645,yfinance_info_static_sharesOutstanding,1,1,1,237782321373.0809,0.004169391516148531
2020-09-07,Hang Seng China A Industry Top Index,Inclusion,600606,600606.SH,Greenland Holdings Corporation Limited,862,Inclusion,Hang Seng China A Industry Top Index,unchanged,1,1,600606.SH,600606.SS,parse_ok,600606.SS,2020-09-04,6.640692234039307,-0.026649655014313822,-0.021683625084052083,0.35035228901807525,-0.18835982086096492,-0.18835982086096492,73254009.0,486457328.6785455,121431064.4,156195981.61666667,870256858.9205469,1095898321.7868567,0.02574094217483617,0.0365635120570226,yfinance_info_static_sharesOutstanding,1,1,1,93329738413.2728,0.005212243567258991
2020-09-07,Hang Seng China A Industry Top Index,Inclusion,601698,601698.SH,"China Satellite Communications Co.,Ltd.",863,Inclusion,Hang Seng China A Industry Top Index,unchanged,1,1,601698.SH,601698.SS,parse_ok,601698.SS,2020-09-04,22.510000228881836,-0.025541131724879707,-0.10211406051476346,0.1687435078596924,-0.13423076042762172,-0.13423076042762172,13059877.0,293977834.2591686,26473052.0,41736288.416666664,630245144.9356325,939175729.8355414,0.03208573113240371,0.03988619547179379,yfinance_info_static_sharesOutstanding,1,1,1,95090916591.0051,0.003091544858312753
2020-09-07,Hang Seng China A Industry Top Index,Inclusion,601816,601816.SH,"Beijing-Shanghai High Speed Railway Co.,Ltd.",864,Inclusion,Hang Seng China A Industry Top Index,unchanged,1,1,601816.SH,601816.SS,parse_ok,601816.SS,2020-09-04,6.190000057220459,-0.004823108357414729,-0.001612863282630106,-0.06636501502648351,-0.10289855483098576,-0.20437019405004087,52658861.0,325958352.6031642,74789621.95,103464498.68333334,468647880.2938901,663161258.2015833,0.006720016672070622,0.01623891785625713,yfinance_info_static_sharesOutstanding,1,1,1,302849958099.84985,0.0010763031127635008
2020-09-07,Hang Seng China A Industry Top Index,Inclusion,603259,603259.SH,"WuXi Apptec Co.,Ltd.",865,Inclusion,Hang Seng China A Industry Top Index,unchanged,1,1,603259.SH,603259.SS,parse_ok,603259.SS,2020-09-04,87.68333435058594,-0.0520720610747466,-0.05969614637441356,0.2940598251141171,-0.10068375025040066,-0.10068375025040066,22229242.0,1949134058.6460876,19142138.9,20803715.5,1728014454.8925228,1782688319.5066133,0.017367088518749605,0.02584694315280837,yfinance_info_static_sharesOutstanding,1,1,1,216865458752.71744,0.008987757063095065
2020-09-07,Hang Seng China A Industry Top Index,Removal,338,000338.SZ,"Weichai Power Co.,Ltd.",866,Removal,Hang Seng China A Industry Top Index,unchanged,1,1,000338.SZ,000338.SZ,parse_ok,000338.SZ,2020-09-04,15.0,0.006711435169794333,-0.08592320905075868,0.07219444213050985,-0.13093859785123807,-0.13093859785123807,31251612.0,468774180.0,42600108.4,56188673.05,657621323.223333,868544146.1185075,0.016043354292291753,0.02191438119055236,yfinance_info_static_sharesOutstanding,1,1,1,101540356440.0,0.004616629253975465
2020-09-07,Hang Seng China A Industry Top Index,Removal,600023,600023.SH,"Zhejiang Zheneng Electric Power Co.,Ltd.",867,Removal,Hang Seng China A Industry Top Index,unchanged,1,1,600023.SH,600023.SS,parse_ok,600023.SS,2020-09-04,3.880000114440918,0.015706853991273695,0.11174788075600683,0.09295779339639632,-0.007672626785479197,-0.05365848666071282,25157929.0,97612767.39909649,27734306.05,22251551.233333334,103240120.89680916,81124058.99349162,0.011181400468422246,0.015360791217680563,yfinance_info_static_sharesOutstanding,1,1,1,52025884600.627686,0.0018762346502786578
2020-09-07,Hang Seng China A Industry Top Index,Removal,600118,600118.SH,"China Spacesat Co.,Ltd.",868,Removal,Hang Seng China A Industry Top Index,unchanged,1,1,600118.SH,600118.SS,parse_ok,600118.SS,2020-09-04,37.29999923706055,-0.053779782606760196,-0.035677379969683565,0.1459293428981645,-0.17805204144721443,-0.17805204144721443,18818189.0,701918435.3428612,46722240.7,41213409.15,1864753765.1186783,1528897028.2970653,0.04485345788439884,0.03843152807517733,yfinance_info_static_sharesOutstanding,1,1,1,44106843833.33238,0.015914048123579588
2020-09-07,Hang Seng China A Industry Top Index,Removal,600688,600688.SH,Sinopec Shanghai Petrochemical Company Limited,869,Removal,Hang Seng China A Industry Top Index,unchanged,1,1,600688.SH,600688.SS,parse_ok,600688.SS,2020-09-04,3.440000057220459,-0.014326633862365212,-0.04444440323629384,-0.060109296024865366,-0.12690355145647725,-0.34351141078649383,9058361.0,31160762.358323574,17019955.3,21471214.566666666,60939195.33523824,79150248.60935234,0.00861226552372096,0.01630255447351346,yfinance_info_static_sharesOutstanding,1,1,1,25211118859.35807,0.0012359928384041974
2020-09-07,Hang Seng China A Industry Top Index,Removal,601111,601111.SH,Air China Limited,870,Removal,Hang Seng China A Industry Top Index,unchanged,1,1,601111.SH,601111.SS,parse_ok,601111.SS,2020-09-04,7.420000076293945,0.0363128819026175,0.06303725730918597,0.05397728927556655,-0.017218557769104414,-0.24285714980812168,95916798.0,711702648.477871,74295073.85,70780421.66666667,539202114.8297637,504883667.9746383,0.01347793818465747,0.01857728541060186,yfinance_info_static_sharesOutstanding,1,1,1,92696653586.88579,0.007677759886022021
2020-09-07,Hang Seng China A Industry Top Index,Removal,601186,601186.SH,China Railway Construction Corporation Limited,871,Removal,Hang Seng China A Industry Top Index,unchanged,1,1,601186.SH,601186.SS,parse_ok,601186.SS,2020-09-04,8.75,-0.014639652338461984,-0.016853890444890163,0.006904536537854833,-0.09607440866283046,-0.2009132280900725,28448882.0,248927717.5,60673011.75,75195525.25,547754466.6494709,682847743.7024801,0.012832108721807319,0.018511183046723986,yfinance_info_static_sharesOutstanding,1,1,1,100653398125.0,0.002473117869213519
2020-09-07,Hang Seng China A Industry Top Index,Removal,601607,601607.SH,"Shanghai Pharmaceuticals Holding Co.,Ltd",872,Removal,Hang Seng China A Industry Top Index,unchanged,1,1,601607.SH,601607.SS,parse_ok,601607.SS,2020-09-04,22.229999542236328,0.01879009409470167,-0.11785718772957243,0.22209999392878044,-0.11785718772957243,-0.11785718772957243,19877964.0,441887130.6205902,26975795.95,33026275.033333335,607613365.9762408,707782451.3034796,0.022071962022717998,0.026898634338214353,yfinance_info_static_sharesOutstanding,1,1,1,62005895527.31477,0.00712653412812868
2020-09-07,Hang Seng China A Industry Top Index,Removal,601898,601898.SH,China Coal Energy Company Limited,873,Removal,Hang Seng China A Industry Top Index,unchanged,1,1,601898.SH,601898.SS,parse_ok,601898.SS,2020-09-04,4.090000152587891,-0.0048661752498319055,0.009876533325735348,0.06788517860602195,-0.08089880272077932,-0.2149711856734322,10452090.0,42749049.694862366,11715803.15,16778189.45,48270546.3615881,69468036.80133945,0.009392044412798114,0.019394261288291744,yfinance_info_static_sharesOutstanding,1,1,1,37431683032.484436,0.0011420552385465368
2020-09-07,Hang Seng China A Top 100 Index,Inclusion,2475,002475.SZ,"Luxshare Precision Industry Co., Ltd.",874,Inclusion,Hang Seng China A Top 100 Index,unchanged,1,1,002475.SZ,002475.SZ,parse_ok,002475.SZ,2020-09-04,55.060001373291016,-0.013261610643142241,0.019818478636035586,0.30804834513451085,-0.08172111050699715,-0.08172111050699715,53685137.0,2955903716.9453163,84456118.25,95706649.81666666,4584571996.874295,5126964732.666354,0.0289579840643581,0.03179244847766374,yfinance_info_static_sharesOutstanding,1,1,1,401166333699.4375,0.007368274624859083
2020-09-07,Hang Seng China A Top 100 Index,Inclusion,3816,003816.SZ,"CGN Power Co.,Ltd.",875,Inclusion,Hang Seng China A Top 100 Index,unchanged,1,1,003816.SZ,003816.SZ,parse_ok,003816.SZ,2020-09-04,3.0,-0.009900980750178201,-0.009900980750178201,0.006711402952518153,-0.08814588608374652,-0.4208494016567974,50853848.0,152561544.0,57064938.8,64383628.85,173725242.25629553,199216968.40347517,0.008139344370870912,0.014047546950533691,yfinance_info_static_sharesOutstanding,1,1,1,118004958300.0,0.00129284011619366
2020-09-07,Hang Seng China A Top 100 Index,Inclusion,600276,600276.SH,"Jiangsu Hengrui Medicine Co.,Ltd.",876,Inclusion,Hang Seng China A Top 100 Index,unchanged,1,1,600276.SH,600276.SS,parse_ok,600276.SS,2020-09-04,77.92500305175781,-0.019708551537690466,0.025328987523129065,0.10610371082070191,-0.09204770378551319,-0.09204770378551319,30535742.0,2379497788.537689,32555041.25,38340704.3,2512951918.633986,2997080652.307716,0.012263357197279284,0.0188832648725159,yfinance_info_static_sharesOutstanding,1,1,1,497083771668.62,0.004786915051662513
2020-09-07,Hang Seng China A Top 100 Index,Inclusion,601658,601658.SH,"Postal Savings Bank of China Co.,Ltd.",877,Inclusion,Hang Seng China A Top 100 Index,unchanged,1,1,601658.SH,601658.SS,parse_ok,601658.SS,2020-09-04,4.579999923706055,-0.021367501773620345,-0.010799176997623228,-0.055670100254768706,-0.12761906215122765,-0.23411372757559645,44152676.0,202219252.71141815,64525588.25,97621148.66666667,302996607.35244215,468951384.5858852,0.01000559227030123,0.01741478140429136,yfinance_info_static_sharesOutstanding,1,1,1,459094092485.73987,0.00044047452585702654
2020-09-07,Hang Seng China A Top 100 Index,Inclusion,601816,601816.SH,"Beijing-Shanghai High Speed Railway Co.,Ltd.",878,Inclusion,Hang Seng China A Top 100 Index,unchanged,1,1,601816.SH,601816.SS,parse_ok,601816.SS,2020-09-04,6.190000057220459,-0.004823108357414729,-0.001612863282630106,-0.06636501502648351,-0.10289855483098576,-0.20437019405004087,52658861.0,325958352.6031642,74789621.95,103464498.68333334,468647880.2938901,663161258.2015833,0.006720016672070622,0.01623891785625713,yfinance_info_static_sharesOutstanding,1,1,1,302849958099.84985,0.0010763031127635008
2020-09-07,Hang Seng China A Top 100 Index,Inclusion,601916,601916.SH,"China Zheshang Bank Co.,Ltd.",879,Inclusion,Hang Seng China A Top 100 Index,unchanged,1,1,601916.SH,601916.SS,parse_ok,601916.SS,2020-09-04,3.898343086242676,-0.002403931071893628,0.0,0.0532993769553487,-0.1894531383612562,-0.1894531383612562,35688920.0,139127654.53746796,65354945.85,121389928.03333333,258359903.7487847,505632955.61321986,0.011649884649288915,0.025247603471839256,yfinance_info_static_sharesOutstanding,1,1,1,83987602983.35912,0.0016565260776049773
2020-09-07,Hang Seng China A Top 100 Index,Inclusion,603288,603288.SH,Foshan Haitian Flavouring and Food Company Ltd.,880,Inclusion,Hang Seng China A Top 100 Index,unchanged,1,1,603288.SH,603288.SS,parse_ok,603288.SS,2020-09-04,98.01997375488281,-0.05588719388121777,0.12000785978136097,0.4965826308605312,-0.13951024111269617,-0.13951024111269617,28796944.0,2822675695.10083,12246212.4,10960587.033333333,1218080526.6574836,925513172.911774,0.03339236175602205,0.024297766697739785,yfinance_info_static_sharesOutstanding,1,1,1,545049919384.2671,0.00517874711052073
2020-09-07,Hang Seng China A Top 100 Index,Removal,600011,600011.SH,"Huaneng Power International,Inc.",881,Removal,Hang Seng China A Top 100 Index,unchanged,1,1,600011.SH,600011.SS,parse_ok,600011.SS,2020-09-04,5.539999961853027,-0.005386033910911192,0.21225377543892243,0.3004694047415968,-0.10645159156711925,-0.1681681548377637,38463298.0,213086669.45274162,75727522.0,47889697.56666667,428284929.1359629,247274228.01969808,0.0389197554461651,0.026793125795589273,yfinance_info_static_sharesOutstanding,1,1,1,60927312531.73066,0.0034973915736356675
2020-09-07,Hang Seng China A Top 100 Index,Removal,600023,600023.SH,"Zhejiang Zheneng Electric Power Co.,Ltd.",882,Removal,Hang Seng China A Top 100 Index,unchanged,1,1,600023.SH,600023.SS,parse_ok,600023.SS,2020-09-04,3.880000114440918,0.015706853991273695,0.11174788075600683,0.09295779339639632,-0.007672626785479197,-0.05365848666071282,25157929.0,97612767.39909649,27734306.05,22251551.233333334,103240120.89680916,81124058.99349162,0.011181400468422246,0.015360791217680563,yfinance_info_static_sharesOutstanding,1,1,1,52025884600.627686,0.0018762346502786578
2020-09-07,Hang Seng China A Top 100 Index,Removal,600362,600362.SH,Jiangxi Copper Company Limited,884,Removal,Hang Seng China A Top 100 Index,unchanged,1,1,600362.SH,600362.SS,parse_ok,600362.SS,2020-09-04,15.449999809265137,0.0,-0.06983749298380515,0.144444430315936,-0.09543326239589567,-0.1064199542412857,20932913.0,323413501.8573637,22412335.25,35119585.85,348577511.3215729,547916429.8029345,0.02069380107843695,0.027831320584373133,yfinance_info_static_sharesOutstanding,1,1,1,32062572011.42797,0.010086948163175754
2020-09-07,Hang Seng China A Top 100 Index,Removal,600688,600688.SH,Sinopec Shanghai Petrochemical Company Limited,885,Removal,Hang Seng China A Top 100 Index,unchanged,1,1,600688.SH,600688.SS,parse_ok,600688.SS,2020-09-04,3.440000057220459,-0.014326633862365212,-0.04444440323629384,-0.060109296024865366,-0.12690355145647725,-0.34351141078649383,9058361.0,31160762.358323574,17019955.3,21471214.566666666,60939195.33523824,79150248.60935234,0.00861226552372096,0.01630255447351346,yfinance_info_static_sharesOutstanding,1,1,1,25211118859.35807,0.0012359928384041974
2020-09-07,Hang Seng China A Top 100 Index,Removal,600795,600795.SH,"GD Power Development Co.,Ltd.",886,Removal,Hang Seng China A Top 100 Index,unchanged,1,1,600795.SH,600795.SS,parse_ok,600795.SS,2020-09-04,2.0899999141693115,0.019512176967531936,0.029556622475449545,0.1420764290473817,-0.0368664328626489,-0.16733070832260366,59110086.0,123540074.66654062,79817363.5,87048205.75,166933990.8926889,174812521.76783794,0.015067355207308931,0.013895931782133537,yfinance_info_static_sharesOutstanding,1,1,1,37276442350.53654,0.003314159476508156
2020-09-07,Hang Seng China A Top 100 Index,Removal,601898,601898.SH,China Coal Energy Company Limited,887,Removal,Hang Seng China A Top 100 Index,unchanged,1,1,601898.SH,601898.SS,parse_ok,601898.SS,2020-09-04,4.090000152587891,-0.0048661752498319055,0.009876533325735348,0.06788517860602195,-0.08089880272077932,-0.2149711856734322,10452090.0,42749049.694862366,11715803.15,16778189.45,48270546.3615881,69468036.80133945,0.009392044412798114,0.019394261288291744,yfinance_info_static_sharesOutstanding,1,1,1,37431683032.484436,0.0011420552385465368
2020-09-07,Hang Seng China Enterprises Index,Inclusion,1810,1810.HK,Xiaomi Corporation - W,888,Inclusion,Hang Seng China Enterprises Index,unchanged,1,1,1810.HK,1810.HK,parse_ok,1810.HK,2020-09-04,24.5,0.0888888888888888,0.5867876078913588,0.8645357199286501,-0.046692635304116714,-0.046692635304116714,758759875.0,18589616937.5,311651627.8,238006883.15,6546354697.451525,4171568208.8929315,0.04074913977836552,0.03917634963923677,yfinance_info_static_sharesOutstanding,1,1,1,523752546226.0,0.03549312947774874
2020-09-07,Hang Seng China Enterprises Index,Inclusion,3690,3690.HK,Meituan Dianping - W,889,Inclusion,Hang Seng China Enterprises Index,unchanged,1,1,3690.HK,3690.HK,parse_ok,3690.HK,2020-09-04,261.79998779296875,-0.012820604289445647,0.177158250799337,0.6403507379765814,-0.04032258244948328,-0.04032258244948328,44935057.0,11763997374.076355,24578114.6,25828491.7,6077536866.790427,5381978097.289483,0.03576484564659702,0.03770710654817988,yfinance_info_static_sharesOutstanding,1,1,1,1464831233140.0483,0.008030957497307563
2020-09-07,Hang Seng China Enterprises Index,Inclusion,9988,9988.HK,Alibaba Group Holding Ltd. - SW,890,Inclusion,Hang Seng China Enterprises Index,unchanged,1,1,9988.HK,9988.HK,parse_ok,9988.HK,2020-09-04,274.0,-0.010830324909747335,0.09951847253396506,0.2708719491800242,-0.05906597350965337,-0.05906597350965337,78861798.0,21608132652.0,27262481.05,28408872.866666667,7272557273.33988,6951914751.490064,0.02301591263923615,0.027271866582464745,yfinance_info_static_sharesOutstanding,1,1,1,5242730039212.0,0.004121542114582687
2020-09-07,Hang Seng China Enterprises Index,Removal,1099,1099.HK,Sinopharm Group Co. Ltd. - H Shares,891,Removal,Hang Seng China Enterprises Index,unchanged,1,1,1099.HK,1099.HK,parse_ok,1099.HK,2020-09-04,18.059999465942383,-0.05543939993537761,-0.051470661894021164,-0.08971777585462004,-0.12963857995458394,-0.38675724964090685,27106440.0,489542291.92359924,10712096.85,13601912.15,203204827.9847744,263619132.4042426,0.014933635639288883,0.02230444424762457,yfinance_info_static_sharesOutstanding,1,1,1,24233101247.795753,0.020201388461088036
2020-09-07,Hang Seng China Enterprises Index,Removal,1211,1211.HK,BYD Co. Ltd. - H Shares,892,Removal,Hang Seng China Enterprises Index,unchanged,1,1,1211.HK,1211.HK,parse_ok,1211.HK,2020-09-04,27.316665649414062,0.06221647965625299,0.0459476266655372,0.5714285244044985,-0.08741648791644696,-0.08741648791644696,57809709.0,1579168492.042923,26986053.75,31675245.2,707248359.2045705,778914518.0382092,0.035715644861637544,0.047635116332931736,yfinance_info_static_sharesOutstanding,1,1,1,100618206253.05176,0.015694659553673235
2020-09-07,Hang Seng China Enterprises Index,Removal,6030,6030.HK,CITIC Securities Co. Ltd. - H Shares,893,Removal,Hang Seng China Enterprises Index,unchanged,1,1,6030.HK,6030.HK,parse_ok,6030.HK,2020-09-04,18.093475341796875,0.0021668805445693717,-0.006444677286440159,0.21073303449364245,-0.10843373041032833,-0.10843373041032833,53512668.0,968230138.9317627,23367906.3,37520297.13333333,426981517.51689804,675026492.9433708,0.01459741448086565,0.03940596313478754,yfinance_info_static_sharesOutstanding,1,1,1,47406295969.55521,0.020424083323311523
2020-09-07,Hang Seng Composite Index,Inclusion,35,0035.HK,Far East Consortium International Ltd.,894,Inclusion,Hang Seng Composite Index,unchanged,1,1,0035.HK,0035.HK,parse_ok,0035.HK,2020-09-04,2.2272720336914062,-0.008097266152034432,0.05150222949598149,-0.016064454143283502,-0.0503876626968085,-0.3875000885129123,478814.0,1066449.031539917,797737.85,1154275.1,1788986.3636645316,2536068.4014241653,0.013715488468013261,0.020419130180361237,yfinance_info_static_sharesOutstanding,1,1,1,6813315315.48848,0.0001565242443888652
2020-09-07,Hang Seng Composite Index,Inclusion,41,0041.HK,Great Eagle Holdings Ltd.,895,Inclusion,Hang Seng Composite Index,unchanged,1,1,0041.HK,0041.HK,parse_ok,0041.HK,2020-09-04,20.149999618530273,0.04404147228345612,0.13841800847380004,0.030163607806594772,-0.01225490218994485,-0.3039723976682779,230191.0,4638348.562189102,250665.85,222863.2,4813464.657072258,4258515.376269786,0.01963108989727472,0.015763594752380816,yfinance_info_static_sharesOutstanding,1,1,1,15091228266.050406,0.0003073539463069182
2020-09-07,Hang Seng Composite Index,Inclusion,1141,1141.HK,CMBC Capital Holdings Ltd.,897,Inclusion,Hang Seng Composite Index,unchanged,1,1,1141.HK,1141.HK,parse_ok,1141.HK,2020-09-04,6.320000171661377,0.1879699187467716,0.13669069005455747,-0.07058823611909537,-0.08139533916636388,-0.08139533916636388,166100.0,1049752.0285129547,461756.4,360135.15,2324274.7915742397,2065365.7118548632,0.0385047488248608,0.027598627215809447,yfinance_info_static_sharesOutstanding,1,1,1,6932842328.067156,0.00015141726565208365
2020-09-07,Hang Seng Composite Index,Inclusion,1475,1475.HK,Nissin Foods Co. Ltd.,898,Inclusion,Hang Seng Composite Index,unchanged,1,1,1475.HK,1475.HK,parse_ok,1475.HK,2020-09-04,9.0,0.08827079828647677,0.07398566552411623,0.4018691422189833,-0.05362778302917037,-0.05362778302917037,6845455.0,61609095.0,6179437.1,5264184.65,52545922.950035475,40410957.601956725,0.035998074338098256,0.033875852922349146,yfinance_info_static_sharesOutstanding,1,1,1,9393185133.0,0.00655891416251936
2020-09-07,Hang Seng Composite Index,Inclusion,1675,1675.HK,AsiaInfo Technologies Ltd.,899,Inclusion,Hang Seng Composite Index,unchanged,1,1,1675.HK,1675.HK,parse_ok,1675.HK,2020-09-04,13.140000343322754,0.15061298209614282,0.36448600074451964,0.34081633546758505,-0.01646701489580782,-0.01646701489580782,5010768.0,65841493.24031067,5191678.75,2237716.816666667,61250751.59854865,25524957.462607242,0.04258155021426494,0.031288735049600086,yfinance_info_static_sharesOutstanding,1,1,1,12351092330.310116,0.005330823499613293
2020-09-07,Hang Seng Composite Index,Inclusion,1773,1773.HK,Tianli Education International Holdings Ltd.,900,Inclusion,Hang Seng Composite Index,unchanged,1,1,1773.HK,1773.HK,parse_ok,1773.HK,2020-09-04,6.809999942779541,-0.1592593059182199,-0.2062937059050669,0.4187499317030139,-0.22613638691173066,-0.22613638691173066,15893000.0,108231329.09059525,8265625.6,6995125.983333333,61108089.95484581,47881896.01828565,0.06669712757957758,0.05059580369263865,yfinance_info_static_sharesOutstanding,1,1,1,13837783683.729172,0.007821435250346953
2020-09-07,Hang Seng Composite Index,Inclusion,1801,1801.HK,"Innovent Biologics, Inc.",901,Inclusion,Hang Seng Composite Index,unchanged,1,1,1801.HK,1801.HK,parse_ok,1801.HK,2020-09-04,51.79999923706055,-0.09122808356034129,0.03496503549802599,0.07916665077209473,-0.15909090064633113,-0.15909090064633113,5177666.0,268203094.84975433,6640820.0,7903698.016666667,346695633.645805,414241659.2553822,0.04197776337880067,0.039394121479404784,yfinance_info_static_sharesOutstanding,1,1,1,89137494113.13297,0.003008869584210568
2020-09-07,Hang Seng Composite Index,Inclusion,1817,1817.HK,Mulsanne Group Holding Ltd.,902,Inclusion,Hang Seng Composite Index,unchanged,1,1,1817.HK,1817.HK,parse_ok,1817.HK,2020-09-04,5.5,0.009174347244904846,0.007326000288198298,-0.157733564581092,-0.2567567663352971,-0.3678160780943087,1130500.0,6217750.0,2117825.0,1504958.3333333333,11945104.86357212,8880511.123108864,0.02196037202319543,0.028054708118650972,yfinance_info_static_sharesOutstanding,1,1,1,5076500000.0,0.001224810400866739
2020-09-07,Hang Seng Composite Index,Inclusion,1995,1995.HK,Ever Sunshine Lifestyle Services Group Ltd.,903,Inclusion,Hang Seng Composite Index,unchanged,1,1,1995.HK,1995.HK,parse_ok,1995.HK,2020-09-04,16.399999618530273,0.012345607788387003,0.07189538654133676,0.37815127262632453,-0.01678661160207673,-0.01678661160207673,4473578.0,73366677.49346542,7026241.6,8435390.883333333,108188099.13095689,117008246.2702151,0.038676608663666255,0.03756705939770389,yfinance_info_static_sharesOutstanding,1,1,1,28244112143.032074,0.0025975919201115783
2020-09-07,Hang Seng Composite Index,Inclusion,2342,2342.HK,Comba Telecom Systems Holdings Ltd.,904,Inclusion,Hang Seng Composite Index,unchanged,1,1,2342.HK,2342.HK,parse_ok,2342.HK,2020-09-04,3.319999933242798,-0.014836781606593186,-0.034883756389998966,0.05732478417994069,-0.11466668446858719,-0.11466668446858719,16569853.0,55011910.85384297,25030590.9,36930051.983333334,84468984.82973847,124942290.71306838,0.02490146054006541,0.03131786924969497,yfinance_info_static_sharesOutstanding,1,1,1,10343441817.538298,0.00531853050698898
2020-09-07,Hang Seng Composite Index,Inclusion,2356,2356.HK,Dah Sing Banking Group Ltd.,905,Inclusion,Hang Seng Composite Index,unchanged,1,1,2356.HK,2356.HK,parse_ok,2356.HK,2020-09-04,7.239999771118164,-0.0268817586779716,-0.010929016211355558,0.0013830915654629017,-0.0870113584056682,-0.3811965906713207,432389.0,3130496.261034012,879943.0,832803.85,6604769.120602846,6124708.811853162,0.02098320341443893,0.019400174135583606,yfinance_info_static_sharesOutstanding,1,1,1,10177645113.928871,0.0003075855196355484
2020-09-07,Hang Seng Composite Index,Inclusion,2500,2500.HK,Venus Medtech (Hangzhou) Inc. - B - H Shares,906,Inclusion,Hang Seng Composite Index,unchanged,1,1,2500.HK,2500.HK,parse_ok,2500.HK,2020-09-04,73.5999984741211,0.049928674410629315,-0.041666724615624595,0.2075471296609639,-0.14119018558925722,-0.14119018558925722,1205500.0,88724798.16055298,956457.85,1025896.4666666667,66127117.757823944,73373978.36746272,0.05406940845286721,0.04940394379729735,yfinance_info_static_sharesOutstanding,1,1,1,32458352623.071785,0.002733496650026728
2020-09-07,Hang Seng Composite Index,Inclusion,3759,3759.HK,"Pharmaron Beijing Co., Ltd. - H Shares",907,Inclusion,Hang Seng Composite Index,unchanged,1,1,3759.HK,3759.HK,parse_ok,3759.HK,2020-09-04,44.44444274902344,-0.05303035967934433,0.21951220533381233,0.40056015943831635,-0.05303035967934433,-0.05303035967934433,2489175.0,110629995.77980042,2076896.75,2665772.216666667,85233330.20995903,99311795.53671871,0.03322461387467187,0.03276329440072273,yfinance_info_static_sharesOutstanding,1,1,1,15999016589.685928,0.006914799741574126
2020-09-07,Hang Seng Composite Index,Inclusion,3813,3813.HK,Pou Sheng International (Holdings) Ltd.,908,Inclusion,Hang Seng Composite Index,unchanged,1,1,3813.HK,3813.HK,parse_ok,3813.HK,2020-09-04,1.9600000381469727,0.08287298348589056,0.1736527476135834,0.08287298348589056,0.0,-0.3378378334839559,13790000.0,27028400.526046753,3285581.85,2535346.4166666665,6255823.033327246,4693893.243172155,0.02731436977336248,0.024222532405537324,yfinance_info_static_sharesOutstanding,1,1,1,10139177913.136192,0.002665738855516984
2020-09-07,Hang Seng Composite Index,Inclusion,6078,6078.HK,"Hygeia Healthcare Holdings Co., Ltd.",909,Inclusion,Hang Seng Composite Index,unchanged,1,1,6078.HK,6078.HK,parse_ok,6078.HK,2020-09-04,46.599998474121094,0.19640558565689537,0.2980500416003877,,0.0,0.0,1664800.0,77579677.4597168,1991521.5,4475382.367346939,81067609.77350464,137424377.24945223,0.055768743945287816,0.046109785116400286,yfinance_info_static_sharesOutstanding,1,1,1,28667769181.297302,0.0027061637398116544
2020-09-07,Hang Seng Composite Index,Inclusion,6099,6099.HK,"China Merchants Securities Co., Ltd. - H Shares",910,Inclusion,Hang Seng Composite Index,unchanged,1,1,6099.HK,6099.HK,parse_ok,6099.HK,2020-09-04,9.779999732971191,-0.012121201028581163,0.018749931703013978,0.2696430991179355,-0.2676525542783069,-0.2676525542783069,5876346.0,57470662.31084633,8351355.8,11318958.616666667,83289489.58986583,116208667.4350017,0.033757732598741506,0.05478911500030386,yfinance_info_static_sharesOutstanding,1,1,1,12464820262.186033,0.004610629042537621
2020-09-07,Hang Seng Composite Index,Inclusion,6160,6160.HK,"BeiGene, Ltd.",911,Inclusion,Hang Seng Composite Index,unchanged,1,1,6160.HK,6160.HK,parse_ok,6160.HK,2020-09-04,142.0,-0.04054054054054057,0.062874202939601,0.3653846153846154,-0.06578947368421051,-0.06578947368421051,179800.0,25531600.0,296473.55,390903.5333333333,40455329.957761765,51424658.21307462,0.029749494613371893,0.038214532550558136,yfinance_info_static_sharesOutstanding,1,1,1,188568310558.0,0.0001353970872648136
2020-09-07,Hang Seng Composite Index,Inclusion,6185,6185.HK,CanSino Biologics Inc. - B - H Shares,912,Inclusion,Hang Seng Composite Index,unchanged,1,1,6185.HK,6185.HK,parse_ok,6185.HK,2020-09-04,169.39999389648438,-0.02475534327751938,-0.29709546101043827,-0.04991592261885658,-0.3758290430872455,-0.3758290430872455,1267000.0,214629792.2668457,2052780.75,2071989.7,386658115.7975327,441127599.988382,0.050297947538800555,0.05198590985793184,yfinance_info_static_sharesOutstanding,1,1,1,22474449650.24109,0.009549946521806968
2020-09-07,Hang Seng Composite Index,Inclusion,6855,6855.HK,Ascentage Pharma Group International - B,913,Inclusion,Hang Seng Composite Index,unchanged,1,1,6855.HK,6855.HK,parse_ok,6855.HK,2020-09-04,32.349998474121094,-0.04852945664349728,-0.1292059987780647,0.09475462975812499,-0.35685886749902906,-0.35685886749902906,450200.0,14563969.313049316,408650.0,1166501.3166666667,14451901.844882965,46780313.524833426,0.03644278521263313,0.053213252354803176,yfinance_info_static_sharesOutstanding,1,1,1,12076956166.556305,0.0012059304606387565
2020-09-07,Hang Seng Composite Index,Inclusion,6889,6889.HK,"Dynam Japan Holdings Co., Ltd. - F",914,Inclusion,Hang Seng Composite Index,unchanged,1,1,6889.HK,6889.HK,parse_ok,6889.HK,2020-09-04,7.739999771118164,-0.0549450344714274,0.08251743606730866,0.054495859702297755,-0.13904338507502845,-0.27392121182842455,161200.0,1247687.963104248,862647.05,548053.5166666667,7004225.296127081,4051940.0848234417,0.030386008274612516,0.028145472395344578,yfinance_info_static_sharesOutstanding,1,1,1,5351769404.781235,0.00023313559847880816
2020-09-07,Hang Seng Composite Index,Inclusion,9909,9909.HK,Powerlong Commercial Management Holdings Ltd.,915,Inclusion,Hang Seng Composite Index,unchanged,1,1,9909.HK,9909.HK,parse_ok,9909.HK,2020-09-04,24.75,-0.011976017812276418,0.10491073310223187,0.5240147998041444,-0.05893533391728667,-0.05893533391728667,1050378.0,25996855.5,1529483.3,1308132.4833333334,36562636.22735758,27493769.062140528,0.02942756600638654,0.030661513651959304,yfinance_info_static_sharesOutstanding,1,1,1,15911775000.0,0.001633812412505833
2020-09-07,Hang Seng Composite Index,Inclusion,9922,9922.HK,Jiumaojiu International Holdings Ltd.,916,Inclusion,Hang Seng Composite Index,unchanged,1,1,9922.HK,9922.HK,parse_ok,9922.HK,2020-09-04,17.200000762939453,-0.06825560043461931,0.2665685463601595,0.2591508751881866,-0.06825560043461931,-0.06825560043461931,9835372.0,169168405.90379333,10848422.95,11050923.983333332,177606788.49903646,153876029.47540712,0.04009179953187506,0.033679961250767776,yfinance_info_static_sharesOutstanding,1,1,1,23352109075.82817,0.00724424527799504
2020-09-07,Hang Seng Composite Index,Inclusion,9923,9923.HK,Yeahka Ltd.,917,Inclusion,Hang Seng Composite Index,unchanged,1,1,9923.HK,9923.HK,parse_ok,9923.HK,2020-09-04,53.900001525878906,-0.038358568072201726,-0.06585787152192335,2.40707980819451,-0.19612231062432683,-0.19612231062432683,1721050.0,92764597.62611389,4408136.8,5174726.083333333,245943211.97101575,201105635.7419506,0.09615982332175542,0.08883682618773996,yfinance_info_static_sharesOutstanding,1,1,1,20932954780.900246,0.004431509961066492
2020-09-07,Hang Seng Composite Index,Inclusion,9926,9926.HK,"Akeso, Inc. - B",918,Inclusion,Hang Seng Composite Index,unchanged,1,1,9926.HK,9926.HK,parse_ok,9926.HK,2020-09-04,27.25,-0.09015027359466621,-0.06678084630101744,-0.021543999039545514,-0.2771883435400936,-0.2771883435400936,872000.0,23762000.0,1652801.4,2661779.85,48942339.59349489,85384228.53153057,0.03529918455654041,0.035555859539388925,yfinance_info_static_sharesOutstanding,1,1,1,25101151546.0,0.0009466497963830109
2020-09-07,Hang Seng Composite Index,Inclusion,9928,9928.HK,Times Neighborhood Holdings Ltd.,919,Inclusion,Hang Seng Composite Index,unchanged,1,1,9928.HK,9928.HK,parse_ok,9928.HK,2020-09-04,10.979999542236328,-0.03514943481388899,-0.15668209245806253,0.10240958837176106,-0.1744361364832694,-0.1744361364832694,4735153.0,51991977.772418976,5799839.6,7143227.7,69117643.5423524,82901314.54183441,0.03026529650100559,0.032384865719520824,yfinance_info_static_sharesOutstanding,1,1,1,10785903312.388332,0.0048203637902726896
2020-09-07,Hang Seng Composite Index,Inclusion,9966,9966.HK,Alphamab Oncology - B,920,Inclusion,Hang Seng Composite Index,unchanged,1,1,9966.HK,9966.HK,parse_ok,9966.HK,2020-09-04,15.5,-0.08284021598410107,-0.0773809104819938,-0.16034665391518976,-0.18076110266929002,-0.32900434008504464,1705000.0,26427500.0,1327350.0,2983660.65,21392735.9498024,51809576.189265795,0.03271143000455292,0.03162092757467377,yfinance_info_static_sharesOutstanding,1,1,1,15012907803.5,0.0017603185436094455
2020-09-07,Hang Seng Composite Index,Inclusion,9968,9968.HK,Huijing Holdings Co. Ltd.,921,Inclusion,Hang Seng Composite Index,unchanged,1,1,9968.HK,9968.HK,parse_ok,9968.HK,2020-09-04,2.3499999046325684,-0.032921876513111736,-0.03688530757266251,0.16336630040694033,-0.14545458013361146,-0.14545458013361146,3678000.0,8643299.649238586,4092400.0,5374900.0,10279904.979133606,12031462.934684753,0.039135477745248996,0.027598967262085872,yfinance_info_static_sharesOutstanding,1,1,1,12346899498.939514,0.0007000380662352493
2020-09-07,Hang Seng Composite Index,Inclusion,9969,9969.HK,InnoCare Pharma Ltd. - B,922,Inclusion,Hang Seng Composite Index,unchanged,1,1,9969.HK,9969.HK,parse_ok,9969.HK,2020-09-04,12.100000381469727,-0.09295350501758504,-0.1585535267612086,-0.12063952178778448,-0.25584254543999985,-0.25584254543999985,1681000.0,20340100.64125061,1651581.5,2203683.1666666665,21413808.979944706,31293226.026459917,0.024272317472556783,0.026991631162982897,yfinance_info_static_sharesOutstanding,1,1,1,18074959213.338806,0.001125319310609575
2020-09-07,Hang Seng Composite Index,Inclusion,9983,9983.HK,Central China New Life Ltd.,923,Inclusion,Hang Seng Composite Index,unchanged,1,1,9983.HK,9983.HK,parse_ok,9983.HK,2020-09-04,10.119999885559082,-0.08000001040371985,-0.10124336768649966,0.04979248186114482,-0.11228068208797126,-0.11228068208797126,4729000.0,47857479.4588089,5724723.45,7701166.15,61135892.84353957,76650860.40428396,0.03239984969105713,0.033475715452339336,yfinance_info_static_sharesOutstanding,1,1,1,13045064412.481308,0.003668627301910417
2020-09-07,Hang Seng Composite Index,Inclusion,9996,9996.HK,Peijia Medical Ltd. - B,924,Inclusion,Hang Seng Composite Index,unchanged,1,1,9996.HK,9996.HK,parse_ok,9996.HK,2020-09-04,26.25,-0.02597405354815674,-0.10409553981157482,-0.04197078958178313,-0.26675976091011433,-0.26675976091011433,395022.0,10369327.5,1136179.6,1897138.9,31341379.857960127,59146108.30718927,0.02803060075077257,0.031445693707875096,yfinance_info_static_sharesOutstanding,1,1,1,17501615092.5,0.0005924783195834073
2020-09-07,Hang Seng Composite Index,Removal,78,0078.HK,Regal Hotels International Holdings Ltd.,926,Removal,Hang Seng Composite Index,unchanged,1,1,0078.HK,0078.HK,parse_ok,0078.HK,2020-09-04,2.9200000762939453,0.017421669940284046,0.013888875091518038,-0.051948003693320643,-0.08176100157393751,-0.351111094156901,154000.0,449680.0117492676,153834.0,232100.3,447540.38993849757,693381.4445729216,0.016656733387252345,0.015691925309317192,yfinance_info_static_sharesOutstanding,1,1,1,2624496068.572998,0.00017133956386292836
2020-09-07,Hang Seng Composite Index,Removal,317,0317.HK,CSSC Offshore & Marine Engineering (Group) Co. Ltd. - H Shs,927,Removal,Hang Seng Composite Index,unchanged,1,1,0317.HK,0317.HK,parse_ok,0317.HK,2020-09-04,8.029999732971191,-0.1243184660673945,-0.26330275100927614,0.49813424122177064,-0.3428805599426047,-0.3428805599426047,2764000.0,22194919.261932373,5919206.85,12489623.75,55700474.487247705,131251619.2689369,0.029552981446153107,0.07926964874434961,yfinance_info_static_sharesOutstanding,1,1,1,4754331553.809934,0.004668357477960543
2020-09-07,Hang Seng Composite Index,Removal,451,0451.HK,GCL New Energy Holdings Ltd.,928,Removal,Hang Seng Composite Index,unchanged,1,1,0451.HK,0451.HK,parse_ok,0451.HK,2020-09-04,2.799999952316284,-0.07284769205287711,0.014492739851898806,0.3333333711775539,-0.19075146779020158,-0.5254237445665821,1747800.0,4893839.9166584015,4927822.5,3632273.316666667,15727886.496890187,10025073.234438626,0.06531286368544298,0.04666393715022274,yfinance_info_static_sharesOutstanding,1,1,1,4352104118.684107,0.0011244767549674552
2020-09-07,Hang Seng Composite Index,Removal,525,0525.HK,Guangshen Railway Co. Ltd. - H Shares,929,Removal,Hang Seng Composite Index,unchanged,1,1,0525.HK,0525.HK,parse_ok,0525.HK,2020-09-04,1.4900000095367432,-0.038709641693780994,-0.038709641693780994,-0.038709641693780994,-0.12865498462130487,-0.4224805993806292,10148600.0,15121414.096784592,6619790.95,8471276.266666668,10291719.192258913,13243787.113614792,0.01586586539312095,0.02430701620262117,yfinance_info_static_sharesOutstanding,1,1,1,2132637013.6499405,0.007090477188569832
2020-09-07,Hang Seng Composite Index,Removal,582,0582.HK,Landing International Development Ltd.,930,Removal,Hang Seng Composite Index,unchanged,1,1,0582.HK,0582.HK,parse_ok,0582.HK,2020-09-04,1.889670968055725,-0.04958656676390216,-0.07999986767355483,-0.04166639209489631,-0.17857139896025087,-0.7927928197603255,150536.0,284463.50884723663,94742.7,331321.7166666667,190955.40978229642,672893.6323021889,0.026056442296235778,0.0295694821478133,yfinance_info_static_sharesOutstanding,1,1,1,6900098365.520081,4.122600777239728e-05
2020-09-07,Hang Seng Composite Index,Removal,607,0607.HK,Fullshare Holdings Ltd.,931,Removal,Hang Seng Composite Index,unchanged,1,1,0607.HK,0607.HK,parse_ok,0607.HK,2020-09-04,6.900000095367432,-0.21590909706659545,-0.21142856052943637,0.10400001525878899,-0.23333332273695206,-0.48888888182463475,1280350.0,8834415.122103691,1211408.75,1589188.6,9802384.62699399,12528626.798967632,0.038959973121722835,0.03572935463869998,yfinance_info_static_sharesOutstanding,1,1,1,4393671205.326541,0.0020107137537723674
2020-09-07,Hang Seng Composite Index,Removal,687,0687.HK,Tysan Holdings Ltd.,932,Removal,Hang Seng Composite Index,unchanged,1,1,0687.HK,0687.HK,parse_ok,0687.HK,2020-09-04,0.5400000214576721,0.05882359128509962,0.3500000335276121,0.22727278269026918,-0.5135135004518676,-0.668711642308357,23480000.0,12679200.503826141,24507116.6,8376505.533333333,18333863.22456851,6196818.408517885,0.2621096770204048,0.14999964472415464,yfinance_info_static_sharesOutstanding,1,1,1,1817659355.0872905,0.006975564738431003
2020-09-07,Hang Seng Composite Index,Removal,709,0709.HK,Giordano International Ltd.,933,Removal,Hang Seng Composite Index,unchanged,1,1,0709.HK,0709.HK,parse_ok,0709.HK,2020-09-04,1.3200000524520874,0.023255884873024435,0.1282052144182928,0.08196723073504653,-0.057142803620318094,-0.4980988612113839,1464000.0,1932480.076789856,2697500.0,3534765.85,3563006.983911991,4260126.576146235,0.03932470205115547,0.030829864199493705,yfinance_info_static_sharesOutstanding,1,1,1,2133493008.537392,0.0009057822402308506
2020-09-07,Hang Seng Composite Index,Removal,732,0732.HK,Truly International Holdings Ltd.,934,Removal,Hang Seng Composite Index,unchanged,1,1,0732.HK,0732.HK,parse_ok,0732.HK,2020-09-04,1.0,-0.01960782480441492,0.1111111405455043,0.28205132907664465,-0.13043476458082537,-0.25373136187268897,4636000.0,4636000.0,8913085.1,9579800.7,9007637.172483008,9379171.758810217,0.0354712924980949,0.04696100602733709,yfinance_info_static_sharesOutstanding,1,1,1,2967341398.0,0.001562341294171504
2020-09-07,Hang Seng Composite Index,Removal,1205,1205.HK,CITIC Resources Holdings Ltd.,937,Removal,Hang Seng Composite Index,unchanged,1,1,1205.HK,1205.HK,parse_ok,1205.HK,2020-09-04,0.2849999964237213,-0.050000049670535285,-0.017241363363798556,0.09615387260561259,-0.2083333747254461,-0.46226412866326794,558000.0,159029.9980044365,1858647.75,4893439.55,562247.1483321339,1535831.4850580613,0.024750444128799117,0.03829292034662188,yfinance_info_static_sharesOutstanding,1,1,1,2239452209.363578,7.101290098511665e-05
2020-09-07,Hang Seng Composite Index,Removal,1286,1286.HK,Impro Precision Industries Ltd.,938,Removal,Hang Seng Composite Index,unchanged,1,1,1286.HK,1286.HK,parse_ok,1286.HK,2020-09-04,2.6600000858306885,-0.0567375358864356,0.0,-0.022058802260453536,-0.1713395469720247,-0.2999999686291339,139000.0,369740.0119304657,186200.0,289600.0,499382.5083017349,822167.1645482382,0.014909482128222625,0.02637049385392649,yfinance_info_static_sharesOutstanding,1,1,1,5020180030.887028,7.365074751415548e-05
2020-09-07,Hang Seng Composite Index,Removal,1681,1681.HK,Consun Pharmaceutical Group Ltd.,939,Removal,Hang Seng Composite Index,unchanged,1,1,1681.HK,1681.HK,parse_ok,1681.HK,2020-09-04,3.359999895095825,0.018181801105005002,0.1275167361040772,-0.023255860695907793,-0.06925207957474577,-0.31845841539752695,1313000.0,4411679.8622608185,872657.25,763899.0333333333,2772121.429293573,2430351.7081433097,0.021762153562591834,0.024621376515419145,yfinance_info_static_sharesOutstanding,1,1,1,2827131164.6927767,0.0015604793712286902
2020-09-07,Hang Seng Composite Index,Removal,1905,1905.HK,"Haitong UniTrust International Leasing Co., Ltd. - H Shares",941,Removal,Hang Seng Composite Index,unchanged,1,1,1905.HK,1905.HK,parse_ok,1905.HK,2020-09-04,1.25,-0.015748016714081325,0.016260146842582035,-0.18300652067034584,-0.18831166820555023,-0.3055555371590598,448000.0,560000.0,1874203.55,3243141.533333333,2370988.4105739594,4603817.109828635,0.01343197636299729,0.020601606404608435,yfinance_info_static_sharesOutstanding,1,1,1,7243066470.0,7.731531973639337e-05
2020-09-07,Hang Seng Composite Index,Removal,2003,2003.HK,VCREDIT Holdings Ltd.,942,Removal,Hang Seng Composite Index,unchanged,1,1,2003.HK,2003.HK,parse_ok,2003.HK,2020-09-04,4.25,-0.0406320170008061,0.004728127857288822,-0.011627950817908794,-0.15674602536357418,-0.529867254653303,762600.0,3241050.0,600000.0,611606.6666666666,2637579.908185005,2680433.5442908606,0.021736762410242777,0.029897186870649257,yfinance_info_static_sharesOutstanding,1,1,1,2063511378.25,0.0015706479906830628
2020-09-07,Hang Seng Composite Index,Removal,2051,2051.HK,51 Credit Card Inc.,943,Removal,Hang Seng Composite Index,unchanged,1,1,2051.HK,2051.HK,parse_ok,2051.HK,2020-09-04,0.7200000286102295,0.2203390857879588,0.05882356034843128,0.5319149583753497,-0.08860758347611408,-0.8153846125630938,2174500.0,1565640.062212944,1675750.0,3573178.3333333335,1104321.0061982274,2425659.9868545434,0.05223542688163271,0.06976813336090928,yfinance_info_static_sharesOutstanding,1,1,1,1173588688.6342227,0.0013340619906919652
2020-09-07,Hang Seng Composite Index,Removal,2255,2255.HK,Haichang Ocean Park Holdings Ltd.,944,Removal,Hang Seng Composite Index,unchanged,1,1,2255.HK,2255.HK,parse_ok,2255.HK,2020-09-04,0.2849999964237213,-0.050000049670535285,-0.16176472521776952,0.11764706569834438,-0.2875000195577738,-0.5250000248352676,12620000.0,3596699.954867363,53096300.0,55480376.333333336,18080540.521743894,15237249.258212661,0.052727645894170914,0.05240336384372181,yfinance_info_static_sharesOutstanding,1,1,1,3765990522.7430463,0.0009550475321556634
2020-09-07,Hang Seng Composite Index,Removal,2280,2280.HK,HC Group Inc.,945,Removal,Hang Seng Composite Index,unchanged,1,1,2280.HK,2280.HK,parse_ok,2280.HK,2020-09-04,1.350000023841858,0.20535715901273854,0.16379315748934942,0.07142859846015659,-0.049295729125592325,-0.613180509984854,3082500.0,4161375.073492527,1261600.0,1578987.75,1454912.0008438826,1943095.1313428183,0.028508997671228362,0.0301655906017113,yfinance_info_static_sharesOutstanding,1,1,1,1768407041.8811917,0.0023531771673255437
2020-09-07,Hang Seng Composite Index,Removal,2362,2362.HK,Jinchuan Group International Resources Co. Ltd.,946,Removal,Hang Seng Composite Index,unchanged,1,1,2362.HK,2362.HK,parse_ok,2362.HK,2020-09-04,0.7799999713897705,-0.07142857649699375,-0.07142857649699375,0.471698138670551,-0.13333334216365134,-0.13333334216365134,1578000.0,1230839.9548530579,9527909.7,9210822.383333333,7583134.955347967,6809555.679693431,0.0483105805787692,0.049130600610486755,yfinance_info_static_sharesOutstanding,1,1,1,10243023624.06812,0.00012016373290020955
2020-09-07,Hang Seng Composite Index,Removal,3382,3382.HK,Tianjin Port Development Holdings Ltd.,947,Removal,Hang Seng Composite Index,unchanged,1,1,3382.HK,3382.HK,parse_ok,3382.HK,2020-09-04,0.5600000023841858,-0.034482726727597,-0.050847411395418596,0.05660383512049805,-0.12499997671693508,-0.30000000745058053,384000.0,215040.00091552734,630607.8,955133.6166666667,370459.67832648754,559384.3339760463,0.01263370458283057,0.026439087793859024,yfinance_info_static_sharesOutstanding,1,1,1,3448480014.681816,6.235790841182201e-05
2020-09-07,Hang Seng Composite Index,Removal,3983,3983.HK,China BlueChemical Ltd. - H Shares,948,Removal,Hang Seng Composite Index,unchanged,1,1,3983.HK,3983.HK,parse_ok,3983.HK,2020-09-04,1.090000033378601,-0.0683760056755851,-0.06034477177329478,-0.16153840510802653,-0.1349206018820308,-0.5090090003012451,10147516.0,11060792.778709888,6970649.65,7549619.1,8230803.283740437,8870588.286127869,0.018331975406993283,0.021896090778351387,yfinance_info_static_sharesOutstanding,1,1,1,1957640192.9279716,0.005650064204171586
2020-09-07,Hang Seng Corporate Sustainability Index,Inclusion,8,0008.HK,PCCW Ltd.,949,Inclusion,Hang Seng Corporate Sustainability Index,unchanged,1,1,0008.HK,0008.HK,parse_ok,0008.HK,2020-09-04,4.519999980926514,-0.031980370675372294,-0.03988267258077782,0.054837342010206624,-0.05340552746245575,-0.05340552746245575,8512764.0,38477693.11763191,12199934.3,12007672.366666667,57306369.186806515,53551186.44618676,0.010574270629034972,0.014967948527108452,yfinance_info_static_sharesOutstanding,1,1,1,35019886433.58316,0.001098738375140269
2020-09-07,Hang Seng Corporate Sustainability Index,Inclusion,659,0659.HK,NWS Holdings Ltd.,950,Inclusion,Hang Seng Corporate Sustainability Index,unchanged,1,1,0659.HK,0659.HK,parse_ok,0659.HK,2020-09-04,5.836362838745117,-0.01078597552435312,0.04901956583037581,-0.13709686004450106,-0.11813191009480861,-0.5401146867118802,11161757.0,65144063.76990318,18172725.3,10326448.316666666,110333865.60025172,62516063.0031751,0.03321302924455122,0.029125224292793114,yfinance_info_static_sharesOutstanding,1,1,1,26643914418.745995,0.0024449884782721506
2020-09-07,Hang Seng Corporate Sustainability Index,Inclusion,2319,2319.HK,China Mengniu Dairy Co. Ltd.,951,Inclusion,Hang Seng Corporate Sustainability Index,unchanged,1,1,2319.HK,2319.HK,parse_ok,2319.HK,2020-09-04,37.79999923706055,-0.035714323944669335,0.06629050560071792,0.24342104313776414,-0.035714323944669335,-0.035714323944669335,19092810.0,721708203.433342,10123293.3,10334726.333333334,372157208.52410793,356922612.85814,0.029573645135535988,0.024409603874937333,yfinance_info_static_sharesOutstanding,1,1,1,146396851139.58688,0.0049298068764143405
2020-09-07,Hang Seng Corporate Sustainability Index,Removal,14,0014.HK,Hysan Development Co. Ltd.,952,Removal,Hang Seng Corporate Sustainability Index,unchanged,1,1,0014.HK,0014.HK,parse_ok,0014.HK,2020-09-04,24.5,-0.01606424195414846,0.0888888888888888,-0.018036102171502977,-0.04109586177746383,-0.2473118103147307,999696.0,24492552.0,1624616.9,2427379.433333333,39629932.65454569,57111752.6787988,0.01608125798990908,0.01795867265393853,yfinance_info_static_sharesOutstanding,1,1,1,25161701463.5,0.0009734060327966819
2020-09-07,Hang Seng Corporate Sustainability Index,Removal,69,0069.HK,Shangri-La Asia Ltd.,953,Removal,Hang Seng Corporate Sustainability Index,unchanged,1,1,0069.HK,0069.HK,parse_ok,0069.HK,2020-09-04,6.489999771118164,0.0062015446567253996,0.13461538621852198,-0.08848316356278263,-0.06752877362827447,-0.2523042001221758,1996047.0,12954344.573141098,3131568.55,2356289.6,19409806.466047715,14549350.03271045,0.02098003993271087,0.02250189882319542,yfinance_info_static_sharesOutstanding,1,1,1,23104679559.660774,0.0005606805556290214
2020-09-07,Hang Seng Corporate Sustainability Index,Removal,1109,1109.HK,China Resources Land Ltd.,954,Removal,Hang Seng Corporate Sustainability Index,unchanged,1,1,1109.HK,1109.HK,parse_ok,1109.HK,2020-09-04,36.900001525878906,0.0040816741735756334,0.13016844720914889,0.10313903390883761,-0.028947328266344607,-0.06345177419239278,22388977.0,826153285.4628677,10146946.45,11390786.083333334,364480332.2274496,384319906.41954935,0.02371376078319146,0.023967870979863228,yfinance_info_static_sharesOutstanding,1,1,1,263131681346.0503,0.003139695232579673
2020-09-07,Hang Seng ESG 50 Index,Inclusion,148,0148.HK,Kingboard Holdings Ltd.,955,Inclusion,Hang Seng ESG 50 Index,unchanged,1,1,0148.HK,0148.HK,parse_ok,0148.HK,2020-09-04,26.200000762939453,0.0939457172578333,0.14912287893204534,0.3034826002835971,0.0,0.0,3525200.0,92360242.68951416,1279230.7,1136857.25,30987708.318763636,25889879.99707702,0.02231644385927333,0.023873546489181396,yfinance_info_static_sharesOutstanding,1,1,1,29037768328.77475,0.0031806935589464877
2020-09-07,Hang Seng ESG 50 Index,Inclusion,288,0288.HK,WH Group Ltd.,956,Inclusion,Hang Seng ESG 50 Index,unchanged,1,1,0288.HK,0288.HK,parse_ok,0288.HK,2020-09-04,6.619999885559082,-0.023598867153101555,-0.047482004714032855,-0.03216378101184281,-0.11140938858465899,-0.24601365752902538,56873671.0,376503695.5113249,41443698.9,42020053.15,281524987.780877,292195510.81754386,0.02117111663360572,0.021777937282444926,yfinance_info_static_sharesOutstanding,1,1,1,84936051952.69789,0.0044327901621917295
2020-09-07,Hang Seng ESG 50 Index,Inclusion,384,0384.HK,China Gas Holdings Ltd.,957,Inclusion,Hang Seng ESG 50 Index,unchanged,1,1,0384.HK,0384.HK,parse_ok,0384.HK,2020-09-04,22.100000381469727,0.037558740519447076,-0.03070170521992821,-0.20360358985694682,-0.2163120644126496,-0.3640287660008712,16165188.0,357250660.96652985,7351279.4,8659312.783333333,164147611.8346204,209575884.9622235,0.021293364269491258,0.022105619318757527,yfinance_info_static_sharesOutstanding,1,1,1,120404177654.40533,0.0029670952281401907
2020-09-07,Hang Seng ESG 50 Index,Inclusion,659,0659.HK,NWS Holdings Ltd.,958,Inclusion,Hang Seng ESG 50 Index,unchanged,1,1,0659.HK,0659.HK,parse_ok,0659.HK,2020-09-04,5.836362838745117,-0.01078597552435312,0.04901956583037581,-0.13709686004450106,-0.11813191009480861,-0.5401146867118802,11161757.0,65144063.76990318,18172725.3,10326448.316666666,110333865.60025172,62516063.0031751,0.03321302924455122,0.029125224292793114,yfinance_info_static_sharesOutstanding,1,1,1,26643914418.745995,0.0024449884782721506
2020-09-07,Hang Seng ESG 50 Index,Inclusion,836,0836.HK,China Resources Power Holdings Co. Ltd.,959,Inclusion,Hang Seng ESG 50 Index,unchanged,1,1,0836.HK,0836.HK,parse_ok,0836.HK,2020-09-04,8.880000114440918,-0.045161297600011974,-0.10212337652381775,-0.06427815293881434,-0.12598422757823413,-0.2210525954749324,2999843.0,26638606.183304787,6037851.1,6465166.9,57415758.48243351,61444895.451600775,0.01461544912868646,0.01764845165021317,yfinance_info_static_sharesOutstanding,1,1,1,45972273323.66724,0.0005794493997665941
2020-09-07,Hang Seng ESG 50 Index,Inclusion,2319,2319.HK,China Mengniu Dairy Co. Ltd.,960,Inclusion,Hang Seng ESG 50 Index,unchanged,1,1,2319.HK,2319.HK,parse_ok,2319.HK,2020-09-04,37.79999923706055,-0.035714323944669335,0.06629050560071792,0.24342104313776414,-0.035714323944669335,-0.035714323944669335,19092810.0,721708203.433342,10123293.3,10334726.333333334,372157208.52410793,356922612.85814,0.029573645135535988,0.024409603874937333,yfinance_info_static_sharesOutstanding,1,1,1,146396851139.58688,0.0049298068764143405
2020-09-07,Hang Seng ESG 50 Index,Inclusion,2688,2688.HK,ENN Energy Holdings Ltd.,961,Inclusion,Hang Seng ESG 50 Index,unchanged,1,1,2688.HK,2688.HK,parse_ok,2688.HK,2020-09-04,90.55000305175781,0.04621605845129739,-0.03155076949991642,-0.03155076949991642,-0.06262935318766139,-0.06985100697429336,4002267.0,362405289.0639496,2172588.2,2347666.4166666665,194655959.08781663,214589746.30715993,0.019853080829063084,0.01904251556374957,yfinance_info_static_sharesOutstanding,1,1,1,100625291362.56981,0.0036015328170145864
2020-09-07,Hang Seng ESG 50 Index,Removal,175,0175.HK,Geely Automobile Holdings Ltd.,962,Removal,Hang Seng ESG 50 Index,unchanged,1,1,0175.HK,0175.HK,parse_ok,0175.HK,2020-09-04,16.34000015258789,0.03811946570486535,-0.029691211132391926,0.3459637306826948,-0.1427072082669656,-0.1427072082669656,88593839.0,1447623342.778347,71276988.25,97875757.21666667,1163698428.238586,1549485194.4238818,0.028593209965269376,0.03988992302859941,yfinance_info_static_sharesOutstanding,1,1,1,176467700910.88907,0.008203333161286857
2020-09-07,Hang Seng ESG 50 Index,Removal,390,0390.HK,China Railway Group Ltd. - H Shares,963,Removal,Hang Seng ESG 50 Index,unchanged,1,1,0390.HK,0390.HK,parse_ok,0390.HK,2020-09-04,3.799999952316284,-0.05236914328658504,-0.050000011920928955,-0.12240184312431646,-0.20668058818809643,-0.28571431772537215,17124758.0,65074079.583427906,21039936.95,17522488.0,85388467.73887196,72932397.7197388,0.01646853381761076,0.02064835312920185,yfinance_info_static_sharesOutstanding,1,1,1,15988081799.37601,0.0040701617867609135
2020-09-07,Hang Seng ESG 50 Index,Removal,1112,1112.HK,Health and Happiness (H&H) International Holdings Ltd.,964,Removal,Hang Seng ESG 50 Index,unchanged,1,1,1112.HK,1112.HK,parse_ok,1112.HK,2020-09-04,33.45000076293945,-0.03183787260235782,0.0485893781487321,-0.10321711937987954,-0.08104397360648796,-0.12089352342590098,449000.0,15019050.342559814,618570.65,843191.6,20359703.65605583,28401963.044994578,0.01859068191324488,0.02202908446946055,yfinance_info_static_sharesOutstanding,1,1,1,21594027783.824226,0.000695518709752257
2020-09-07,Hang Seng ESG 50 Index,Removal,1316,1316.HK,Nexteer Automotive Group Ltd.,965,Removal,Hang Seng ESG 50 Index,unchanged,1,1,1316.HK,1316.HK,parse_ok,1316.HK,2020-09-04,5.289999961853027,0.03725491387713031,0.08401636020434422,-0.16164817593915948,-0.17984494290152098,-0.3428571631660897,5497000.0,29079129.79030609,7470738.05,9682095.1,39349560.12516437,52386518.44721858,0.037541701524342955,0.04013122280509972,yfinance_info_static_sharesOutstanding,1,1,1,13276970414.227802,0.0021901931602667773
2020-09-07,Hang Seng ESG 50 Index,Removal,1658,1658.HK,"Postal Savings Bank of China Co., Ltd. - H Shares",966,Removal,Hang Seng ESG 50 Index,unchanged,1,1,1658.HK,1658.HK,parse_ok,1658.HK,2020-09-04,3.5399999618530273,-0.11720704244445024,-0.16509430355005283,-0.27310060676795456,-0.26859507226250157,-0.34322819117968006,53356750.0,188882892.96460152,34428294.6,29213233.633333333,133099548.52550933,125194242.54725692,0.02288860066850297,0.018988134646708548,yfinance_info_static_sharesOutstanding,1,1,1,70290830422.54733,0.0026871626331506984
2020-09-07,Hang Seng ESG 50 Index,Removal,3377,3377.HK,Sino-Ocean Group Holding Ltd.,967,Removal,Hang Seng ESG 50 Index,unchanged,1,1,3377.HK,3377.HK,parse_ok,3377.HK,2020-09-04,1.7799999713897705,-0.05820106621041676,-0.07291666084590043,-0.11000001430511475,-0.20179374162995767,-0.45230770111083984,13144095.0,23396488.723944426,6162327.55,5831026.166666667,11697791.48754186,11363554.331485542,0.01694790912164169,0.022629137029747372,yfinance_info_static_sharesOutstanding,1,1,1,21069324119.86932,0.0011104527411907098
2020-09-07,Hang Seng ESG 50 Index,Removal,3988,3988.HK,Bank of China Ltd. - H Shares,968,Removal,Hang Seng ESG 50 Index,unchanged,1,1,3988.HK,3988.HK,parse_ok,3988.HK,2020-09-04,2.490000009536743,-0.027343724534147795,-0.03488368869407976,-0.16722407973418962,-0.21202533484040031,-0.26112756851810603,473963561.0,1180169271.4100688,245796804.5,288511097.45,631727675.9131476,794914646.5316551,0.007027248170370748,0.015816595603731793,yfinance_info_static_sharesOutstanding,1,1,1,208219469021.03418,0.0056679102917645465
2020-09-07,Hang Seng Index,Inclusion,1810,1810.HK,Xiaomi Corporation - W,969,Inclusion,Hang Seng Index,unchanged,1,1,1810.HK,1810.HK,parse_ok,1810.HK,2020-09-04,24.5,0.0888888888888888,0.5867876078913588,0.8645357199286501,-0.046692635304116714,-0.046692635304116714,758759875.0,18589616937.5,311651627.8,238006883.15,6546354697.451525,4171568208.8929315,0.04074913977836552,0.03917634963923677,yfinance_info_static_sharesOutstanding,1,1,1,523752546226.0,0.03549312947774874
2020-09-07,Hang Seng Index,Inclusion,2269,2269.HK,WuXi Biologics (Cayman) Inc.,970,Inclusion,Hang Seng Index,unchanged,1,1,2269.HK,2269.HK,parse_ok,2269.HK,2020-09-04,62.733333587646484,-0.06923839514218122,0.10705887770075528,0.47031259359792443,-0.06923839514218122,-0.06923839514218122,59905077.0,3758045179.034649,27759904.8,18949158.3,1724604643.719815,1050458933.6319771,0.03352652649076449,0.030345935284706024,yfinance_info_static_sharesOutstanding,1,1,1,259313191133.4235,0.014492302387737133
2020-09-07,Hang Seng Index,Inclusion,9988,9988.HK,Alibaba Group Holding Ltd. - SW,971,Inclusion,Hang Seng Index,unchanged,1,1,9988.HK,9988.HK,parse_ok,9988.HK,2020-09-04,274.0,-0.010830324909747335,0.09951847253396506,0.2708719491800242,-0.05906597350965337,-0.05906597350965337,78861798.0,21608132652.0,27262481.05,28408872.866666667,7272557273.33988,6951914751.490064,0.02301591263923615,0.027271866582464745,yfinance_info_static_sharesOutstanding,1,1,1,5242730039212.0,0.004121542114582687
2020-09-07,Hang Seng Index,Removal,83,0083.HK,Sino Land Co. Ltd.,972,Removal,Hang Seng Index,unchanged,1,1,0083.HK,0083.HK,parse_ok,0083.HK,2020-09-04,9.050000190734863,-0.009846843458123145,-0.03104924594382108,-0.08493428952760529,-0.16048233627919617,-0.27016125248820555,64827330.0,586687348.8648319,12180830.65,7908314.183333334,111531435.56239462,74831821.29253091,0.017371477753016534,0.017925011346479006,yfinance_info_static_sharesOutstanding,1,1,1,85834676427.67375,0.006835085460585246
2020-09-07,Hang Seng Index,Removal,151,0151.HK,Want Want China Holdings Ltd.,973,Removal,Hang Seng Index,unchanged,1,1,0151.HK,0151.HK,parse_ok,0151.HK,2020-09-04,5.559999942779541,0.025830233305333072,-0.03972366504124769,-0.04957264385993898,-0.1032257880926375,-0.24559022671439779,133931102.0,744656919.4564009,28509237.05,19974571.766666666,157108466.751476,114690269.90587665,0.018905623927355685,0.020032553884913273,yfinance_info_static_sharesOutstanding,1,1,1,65617290835.30296,0.011348486198942027
2020-09-07,Hang Seng Index,Removal,1088,1088.HK,China Shenhua Energy Co. Ltd. - H Shares,974,Removal,Hang Seng Index,unchanged,1,1,1088.HK,1088.HK,parse_ok,1088.HK,2020-09-04,13.359999656677246,0.06200315879981377,0.04374995762482348,0.02140670753856222,-0.0484330703008089,-0.2141176672542796,95362751.0,1274046320.6197977,27913134.0,23886408.95,360912649.7123027,311226035.5966854,0.012616775455588898,0.017096255420815654,yfinance_info_static_sharesOutstanding,1,1,1,45123158360.43358,0.028234865796472046
2020-09-07,Hang Seng Stock Connect Greater Bay Area Composite Index,Inclusion,2243,002243.SZ,"Shenzhen Beauty Star Co.,Ltd",975,Inclusion,Hang Seng Stock Connect Greater Bay Area Composite Index,unchanged,1,1,002243.SZ,002243.SZ,parse_ok,002243.SZ,2020-09-04,14.1899995803833,-0.028082245916020487,-0.13051471533522352,0.08819015505325623,-0.2674239047196193,-0.2674239047196193,4754010.0,67459399.90513802,8553897.45,11852108.866666667,133185921.29625377,190292753.01749328,0.02593182779311982,0.03368787817946481,yfinance_info_static_sharesOutstanding,1,1,1,17178473359.620255,0.003926972932513793
2020-09-07,Hang Seng Stock Connect Greater Bay Area Composite Index,Inclusion,2791,002791.SZ,"Guangdong Kinlong Hardware Products Co.,Ltd.",976,Inclusion,Hang Seng Stock Connect Greater Bay Area Composite Index,unchanged,1,1,002791.SZ,002791.SZ,parse_ok,002791.SZ,2020-09-04,137.55999755859375,-0.024328021852134896,-0.15633244413416314,0.6383992265196885,-0.16024662957833535,-0.16024662957833535,1273536.0,175187609.05078125,1953548.35,1985042.5666666667,270207227.9664936,232832258.27856523,0.05049448717341218,0.047781413423669594,yfinance_info_static_sharesOutstanding,1,1,1,48680421524.30292,0.003598728268269445
2020-09-07,Hang Seng Stock Connect Greater Bay Area Composite Index,Inclusion,41,0041.HK,Great Eagle Holdings Ltd.,977,Inclusion,Hang Seng Stock Connect Greater Bay Area Composite Index,unchanged,1,1,0041.HK,0041.HK,parse_ok,0041.HK,2020-09-04,20.149999618530273,0.04404147228345612,0.13841800847380004,0.030163607806594772,-0.01225490218994485,-0.3039723976682779,230191.0,4638348.562189102,250665.85,222863.2,4813464.657072258,4258515.376269786,0.01963108989727472,0.015763594752380816,yfinance_info_static_sharesOutstanding,1,1,1,15091228266.050406,0.0003073539463069182
2020-09-07,Hang Seng Stock Connect Greater Bay Area Composite Index,Inclusion,1268,1268.HK,China MeiDong Auto Holdings Ltd.,978,Inclusion,Hang Seng Stock Connect Greater Bay Area Composite Index,unchanged,1,1,1268.HK,1268.HK,parse_ok,1268.HK,2020-09-04,27.049999237060547,0.015009366763823362,0.18380738667281693,0.5911764257094438,-0.016363664106889164,-0.016363664106889164,3276174.0,88620504.2004776,2789440.95,3241194.0166666666,71074944.8566163,70067987.42098643,0.030330042963070226,0.03343263390477736,yfinance_info_static_sharesOutstanding,1,1,1,36415985759.9449,0.0024335604913915065
2020-09-07,Hang Seng Stock Connect Greater Bay Area Composite Index,Inclusion,2039,2039.HK,"China Int'l Marine Containers (Group) Co., Ltd.",979,Inclusion,Hang Seng Stock Connect Greater Bay Area Composite Index,unchanged,1,1,2039.HK,2039.HK,parse_ok,2039.HK,2020-09-04,5.486666202545166,0.012300023120443537,0.10469799211855313,0.342577558002231,-0.017899746058582022,-0.017899746058582022,3378096.0,18534485.152153015,1385147.1,1778350.8333333333,7444073.761143637,8714462.0326274,0.025632603952551444,0.02799555069856345,yfinance_info_static_sharesOutstanding,1,1,1,16952909149.8398,0.0010932923068444663
2020-09-07,Hang Seng Stock Connect Greater Bay Area Composite Index,Inclusion,2356,2356.HK,Dah Sing Banking Group Ltd.,980,Inclusion,Hang Seng Stock Connect Greater Bay Area Composite Index,unchanged,1,1,2356.HK,2356.HK,parse_ok,2356.HK,2020-09-04,7.239999771118164,-0.0268817586779716,-0.010929016211355558,0.0013830915654629017,-0.0870113584056682,-0.3811965906713207,432389.0,3130496.261034012,879943.0,832803.85,6604769.120602846,6124708.811853162,0.02098320341443893,0.019400174135583606,yfinance_info_static_sharesOutstanding,1,1,1,10177645113.928871,0.0003075855196355484
2020-09-07,Hang Seng Stock Connect Greater Bay Area Composite Index,Inclusion,600143,600143.SH,"Kingfa Sci.&Tech. Co.,Ltd.",981,Inclusion,Hang Seng Stock Connect Greater Bay Area Composite Index,unchanged,1,1,600143.SH,600143.SS,parse_ok,600143.SS,2020-09-04,17.450000762939453,-0.0152369391014342,0.0040277103310149,0.3340979254375418,-0.06982939498719098,-0.06982939498719098,52679681.0,919260473.641407,71028579.05,73842473.2,1194978930.8221385,1193602109.7934384,0.026530657549797953,0.035890477891261506,yfinance_info_static_sharesOutstanding,1,1,1,45977716198.81273,0.019993608853176244
2020-09-07,Hang Seng Stock Connect Greater Bay Area Composite Index,Inclusion,9922,9922.HK,Jiumaojiu International Holdings Ltd.,982,Inclusion,Hang Seng Stock Connect Greater Bay Area Composite Index,unchanged,1,1,9922.HK,9922.HK,parse_ok,9922.HK,2020-09-04,17.200000762939453,-0.06825560043461931,0.2665685463601595,0.2591508751881866,-0.06825560043461931,-0.06825560043461931,9835372.0,169168405.90379333,10848422.95,11050923.983333332,177606788.49903646,153876029.47540712,0.04009179953187506,0.033679961250767776,yfinance_info_static_sharesOutstanding,1,1,1,23352109075.82817,0.00724424527799504
2020-09-07,Hang Seng Stock Connect Greater Bay Area Composite Index,Inclusion,9926,9926.HK,"Akeso, Inc. - B",983,Inclusion,Hang Seng Stock Connect Greater Bay Area Composite Index,unchanged,1,1,9926.HK,9926.HK,parse_ok,9926.HK,2020-09-04,27.25,-0.09015027359466621,-0.06678084630101744,-0.021543999039545514,-0.2771883435400936,-0.2771883435400936,872000.0,23762000.0,1652801.4,2661779.85,48942339.59349489,85384228.53153057,0.03529918455654041,0.035555859539388925,yfinance_info_static_sharesOutstanding,1,1,1,25101151546.0,0.0009466497963830109
2020-09-07,Hang Seng Stock Connect Greater Bay Area Composite Index,Removal,2168,002168.SZ,"Shenzhen Hifuture Information Technology Co., Ltd.",984,Removal,Hang Seng Stock Connect Greater Bay Area Composite Index,unchanged,1,1,002168.SZ,002168.SZ,parse_ok,002168.SZ,2020-09-04,7.639999866485596,-0.001307219445381702,-0.0937129786585118,0.003942146181978634,-0.1923890237127186,-0.19324185310898323,9386011.0,71709122.78683233,12254875.25,30510283.766666666,98206717.34302184,259633397.2023594,0.020873607093644695,0.0332369409974485,yfinance_info_static_sharesOutstanding,1,1,1,5991008026.822895,0.01196945863964408
2020-09-07,Hang Seng Stock Connect Greater Bay Area Composite Index,Removal,2475,002475.SZ,"Luxshare Precision Industry Co., Ltd.",985,Removal,Hang Seng Stock Connect Greater Bay Area Composite Index,unchanged,1,1,002475.SZ,002475.SZ,parse_ok,002475.SZ,2020-09-04,55.060001373291016,-0.013261610643142241,0.019818478636035586,0.30804834513451085,-0.08172111050699715,-0.08172111050699715,53685137.0,2955903716.9453163,84456118.25,95706649.81666666,4584571996.874295,5126964732.666354,0.0289579840643581,0.03179244847766374,yfinance_info_static_sharesOutstanding,1,1,1,401166333699.4375,0.007368274624859083
2020-09-07,Hang Seng Stock Connect Greater Bay Area Composite Index,Removal,2482,002482.SZ,"Shenzhen Grandland Group Co.,Ltd.",986,Removal,Hang Seng Stock Connect Greater Bay Area Composite Index,unchanged,1,1,002482.SZ,002482.SZ,parse_ok,002482.SZ,2020-09-04,3.869999885559082,0.007812492724042164,0.005194800369332064,0.1656626395709213,-0.08293837015017325,-0.25,5006554.0,19375363.407045364,15862444.35,11275178.966666667,62997075.25534908,42907596.55096495,0.027237880810986385,0.023016962109196504,yfinance_info_static_sharesOutstanding,1,1,1,14516223915.546425,0.001334738532539096
2020-09-07,Hang Seng Stock Connect Greater Bay Area Composite Index,Removal,2815,002815.SZ,"Suntak Technology Co., Ltd.",987,Removal,Hang Seng Stock Connect Greater Bay Area Composite Index,unchanged,1,1,002815.SZ,002815.SZ,parse_ok,002815.SZ,2020-09-04,19.200000762939453,0.001564981039442248,-0.01639342660450327,0.024000040690104196,-0.19966648828173172,-0.19966648828173172,7591278.0,145752543.3916855,7418531.8,13192687.616666667,144513384.59264335,267282666.56603277,0.015377279588859795,0.02847388606305508,yfinance_info_static_sharesOutstanding,1,1,1,23695706362.382736,0.006151010700532215
2020-09-07,Hang Seng Stock Connect Greater Bay Area Composite Index,Removal,215,0215.HK,Hutchison Telecommunications Hong Kong Holdings Ltd.,988,Removal,Hang Seng Stock Connect Greater Bay Area Composite Index,unchanged,1,1,0215.HK,0215.HK,parse_ok,0215.HK,2020-09-04,1.2200000286102295,-0.008130073421291018,-0.02399997711181645,-0.05426351574634625,-0.10294116486933824,-0.2781065163886669,2054000.0,2505880.0587654114,2223283.75,2884667.25,2777897.143151605,3645178.168061634,0.00905994257143497,0.014926993430644991,yfinance_info_static_sharesOutstanding,1,1,1,5879297511.635448,0.0004262209989894437
2020-09-07,Hang Seng Stock Connect Greater Bay Area Composite Index,Removal,308,0308.HK,China Travel International Investment Hong Kong Ltd.,989,Removal,Hang Seng Stock Connect Greater Bay Area Composite Index,unchanged,1,1,0308.HK,0308.HK,parse_ok,0308.HK,2020-09-04,1.149999976158142,-0.041666724615624595,0.0,0.026785688626827175,-0.10852712390299724,-0.2123288040336503,4142000.0,4763299.901247025,8309664.2,11790002.666666666,9982852.857508421,13933385.409036327,0.022306359507702683,0.03435819654844299,yfinance_info_static_sharesOutstanding,1,1,1,6367128633.346366,0.0007481080052789167
2020-09-07,Hang Seng Stock Connect Greater Bay Area Composite Index,Removal,315,0315.HK,SmarTone Telecommunications Holdings Ltd.,990,Removal,Hang Seng Stock Connect Greater Bay Area Composite Index,unchanged,1,1,0315.HK,0315.HK,parse_ok,0315.HK,2020-09-04,4.199999809265137,-0.00943395377648304,0.0421835212422661,-0.09287263381152311,-0.0687362314599167,-0.4190871648430009,1738985.0,7303736.668314934,1172802.8,894958.9666666667,4951509.3107048515,3760127.5189573127,0.014011308561653482,0.014188075581237247,yfinance_info_static_sharesOutstanding,1,1,1,4623996514.210147,0.0015795290169163395
2020-09-07,Hang Seng Stock Connect Greater Bay Area Composite Index,Removal,300633,300633.SZ,Sonoscape Medical Corp.,992,Removal,Hang Seng Stock Connect Greater Bay Area Composite Index,unchanged,1,1,300633.SZ,300633.SZ,parse_ok,300633.SZ,2020-09-04,31.3799991607666,-0.06828981958339608,-0.05225011832358861,-0.08406302690786926,-0.210566058848639,-0.210566058848639,2653923.0,83280101.51273918,2492206.5,4803806.466666667,80080125.04090671,169229796.29738343,0.02139478786077565,0.03185453641842943,yfinance_info_static_sharesOutstanding,1,1,1,13578514905.753298,0.00613322606270093
2020-12-07,Hang Seng China Enterprises Index,Inclusion,241,0241.HK,Alibaba Health Information Technology Ltd.,993,Inclusion,Hang Seng China Enterprises Index,unchanged,1,1,0241.HK,0241.HK,parse_ok,0241.HK,2020-12-04,22.549999237060547,0.0022221883138020537,0.03440367092880359,0.22821342524066246,-0.028017306228594774,-0.04852326957209241,67690594.0,1526422843.0561752,42727352.0,30530351.55,909950641.7752441,630669618.9640015,0.04550884846742469,0.03451798409394634,yfinance_info_static_sharesOutstanding,1,1,1,363611341072.35156,0.004197951688070276
2020-12-07,Hang Seng China Enterprises Index,Inclusion,688,0688.HK,China Overseas Land & Investment Ltd.,994,Inclusion,Hang Seng China Enterprises Index,unchanged,1,1,0688.HK,0688.HK,parse_ok,0688.HK,2020-12-04,18.600000381469727,-0.041237074886146474,-0.08148146264347034,-0.12470586440142462,-0.14874141616748981,-0.3941368104484432,63974223.0,1189920572.2042294,43872146.2,26382369.433333334,840573640.9567162,514990503.908522,0.02795702588340231,0.018977347321031696,yfinance_info_static_sharesOutstanding,1,1,1,203574837926.14172,0.005845125971000111
2020-12-07,Hang Seng China Enterprises Index,Inclusion,981,0981.HK,Semiconductor Manufacturing International Corporation,995,Inclusion,Hang Seng China Enterprises Index,unchanged,1,1,0981.HK,0981.HK,parse_ok,0981.HK,2020-12-04,21.0,-0.0561797752808989,-0.1286307191867635,0.15131580392079358,-0.14979759711145568,-0.49940406154766126,148286863.0,3114024123.0,69553326.6,77288070.33333333,1581839262.0882716,1632287570.638751,0.02792769167934636,0.03402268698652499,yfinance_info_static_sharesOutstanding,1,1,1,126284804310.0,0.024658739743190248
2020-12-07,Hang Seng China Enterprises Index,Inclusion,3333,3333.HK,China Evergrande Group,996,Inclusion,Hang Seng China Enterprises Index,unchanged,1,1,3333.HK,3333.HK,parse_ok,3333.HK,2020-12-04,15.699999809265137,-0.06436238576795161,-0.04244292340494038,-0.04591644775336068,-0.2207139878316463,-0.43640927098268145,33424144.0,524759054.42485046,19219682.0,34294705.61666667,317552047.4303438,555098393.3809837,0.021694701911127472,0.04935941474813477,yfinance_info_static_sharesOutstanding,1,1,1,207307503964.6797,0.0025313075715496388
2020-12-07,Hang Seng China Enterprises Index,Inclusion,3692,3692.HK,Hansoh Pharmaceutical Group Co. Ltd.,997,Inclusion,Hang Seng China Enterprises Index,unchanged,1,1,3692.HK,3692.HK,parse_ok,3692.HK,2020-12-04,35.900001525878906,-0.012379558930726176,0.014124293176498215,0.011267648616307246,-0.08301404529580125,-0.09113920187648339,14266000.0,512149421.7681885,6073995.4,4155767.216666667,215826555.8483509,149888419.74933606,0.021686324719972835,0.018578130018090232,yfinance_info_static_sharesOutstanding,1,1,1,217337008923.3029,0.0023564758910845384
2020-12-07,Hang Seng China Enterprises Index,Inclusion,6186,6186.HK,China Feihe Ltd.,998,Inclusion,Hang Seng China Enterprises Index,unchanged,1,1,6186.HK,6186.HK,parse_ok,6186.HK,2020-12-04,17.639999389648438,-0.01672247131986715,-0.008988755857864406,0.08088233575413906,-0.06369430749577887,-0.06369430749577887,254174461.0,4483637336.904221,32150805.15,27657893.416666668,568408151.8282667,494597002.5494272,0.026945794375683143,0.02355432206900459,yfinance_info_static_sharesOutstanding,1,1,1,155367200002.7881,0.02885832618997936
2020-12-07,Hang Seng China Enterprises Index,Inclusion,6862,6862.HK,Haidilao International Holding Ltd.,999,Inclusion,Hang Seng China Enterprises Index,unchanged,1,1,6862.HK,6862.HK,parse_ok,6862.HK,2020-12-04,55.400001525878906,0.06949811470735923,-0.019468999541966236,0.029739819916506427,-0.10355983479274311,-0.10355983479274311,18465591.0,1022993769.5762558,5865810.95,6322374.7,319989806.03835714,351923986.14079225,0.032458472722597,0.03143691027586698,yfinance_info_static_sharesOutstanding,1,1,1,300017508299.36414,0.003409780233743858
2020-12-07,Hang Seng China Enterprises Index,Inclusion,9618,9618.HK,"JD.com, Inc. - SW",1000,Inclusion,Hang Seng China Enterprises Index,unchanged,1,1,9618.HK,9618.HK,parse_ok,9618.HK,2020-12-04,339.3999938964844,-0.009918302268253743,-0.05248469477907469,0.10987576012025002,-0.07771740788998815,-0.07771740788998815,7503488.0,2546683781.4023438,7742376.55,5230732.816666666,2599713662.4305496,1691712843.617227,0.04650952134185389,0.032107023415172034,yfinance_info_static_sharesOutstanding,1,1,1,877045279944.0737,0.0029037084397338497
2020-12-07,Hang Seng China Enterprises Index,Inclusion,9999,9999.HK,"NetEase, Inc. - S",1001,Inclusion,Hang Seng China Enterprises Index,unchanged,1,1,9999.HK,9999.HK,parse_ok,9999.HK,2020-12-04,137.8000030517578,-0.04570630972088463,-0.026148388326799887,-0.05745549980728215,-0.08620689480714483,-0.14990747771002577,10233380.0,1410159795.2297974,5172624.5,4118006.1333333333,729780060.4940002,580595684.8842008,0.02527961745114935,0.022774319768435677,yfinance_info_static_sharesOutstanding,1,1,1,436273627475.63904,0.003232282921590393
2020-12-07,Hang Seng China Enterprises Index,Removal,151,0151.HK,Want Want China Holdings Ltd.,1002,Removal,Hang Seng China Enterprises Index,unchanged,1,1,0151.HK,0151.HK,parse_ok,0151.HK,2020-12-04,5.539999961853027,0.02025785211637121,0.06333971617847145,0.0018082733571946896,-0.07357860465168198,-0.24830392837478754,88731450.0,491572229.6151638,30854466.4,20872641.166666668,169668606.14819986,112885313.65712617,0.026399907743759207,0.018011599304448577,yfinance_info_static_sharesOutstanding,1,1,1,65381257637.70197,0.007518549617676666
2020-12-07,Hang Seng China Enterprises Index,Removal,656,0656.HK,Fosun International Ltd.,1003,Removal,Hang Seng China Enterprises Index,unchanged,1,1,0656.HK,0656.HK,parse_ok,0656.HK,2020-12-04,11.180000305175781,0.010849898825161297,0.14902372365437833,0.3060747379818938,-0.001785670038387921,-0.0925324202830431,43122659.0,482111340.77999115,15079971.3,12307583.716666667,165505201.94220906,121117389.28356323,0.019306384079175794,0.016140002176682062,yfinance_info_static_sharesOutstanding,1,1,1,90912953998.53279,0.005302999403008858
2020-12-07,Hang Seng China Enterprises Index,Removal,728,0728.HK,China Telecom Corporation Ltd. - H Shares,1004,Removal,Hang Seng China Enterprises Index,unchanged,1,1,0728.HK,0728.HK,parse_ok,0728.HK,2020-12-04,2.3499999046325684,-0.032921876513111736,-0.08203126673470285,-0.06374505435801148,-0.17543860236179964,-0.2900302280189231,277954855.0,653193882.7421594,118980822.15,84259352.35,290906892.49056053,206955907.39289647,0.03497637501591849,0.028390373184502545,yfinance_info_static_sharesOutstanding,1,1,1,32611912176.54705,0.020029303378656393
2020-12-07,Hang Seng China Enterprises Index,Removal,966,0966.HK,China Taiping Insurance Holdings Co. Ltd.,1005,Removal,Hang Seng China Enterprises Index,unchanged,1,1,0966.HK,0966.HK,parse_ok,0966.HK,2020-12-04,13.880000114440918,-0.02937063431412179,0.10862616668946745,0.13584286506858856,-0.05962060303488104,-0.31960782480441496,52112770.0,723325253.5638332,24803119.65,16988322.033333335,335883878.3612908,216849537.63369516,0.03234409493081825,0.026710481760574403,yfinance_info_static_sharesOutstanding,1,1,1,49884977718.74278,0.014499861213570624
2020-12-07,Hang Seng China Enterprises Index,Removal,998,0998.HK,China CITIC Bank Corporation Ltd. - H Shares,1006,Removal,Hang Seng China Enterprises Index,unchanged,1,1,0998.HK,0998.HK,parse_ok,0998.HK,2020-12-04,3.440000057220459,-0.002898547920302419,0.03303307388427257,0.07836990455035675,-0.014326633862365212,-0.2788259809275132,164520323.0,565949920.5339284,56411019.25,49015062.3,191212030.58801284,159834565.52033287,0.019533130361477264,0.018374812620878075,yfinance_info_static_sharesOutstanding,1,1,1,51194641492.4442,0.011054866369509723
2020-12-07,Hang Seng China Enterprises Index,Removal,1088,1088.HK,China Shenhua Energy Co. Ltd. - H Shares,1007,Removal,Hang Seng China Enterprises Index,unchanged,1,1,1088.HK,1088.HK,parse_ok,1088.HK,2020-12-04,14.760000228881836,-0.03906246362021115,0.054285730634416884,0.12844039105313487,-0.041558402954656515,-0.1119133884735325,106950627.0,1578591278.9990559,34577663.05,25875476.2,512164088.20463926,366759076.63764817,0.020055208034260846,0.015784196568984634,yfinance_info_static_sharesOutstanding,1,1,1,49851635093.04428,0.03166578741204246
2020-12-07,Hang Seng China Enterprises Index,Removal,1988,1988.HK,"China Minsheng Banking Corp., Ltd. - H Shares",1008,Removal,Hang Seng China Enterprises Index,unchanged,1,1,1988.HK,1988.HK,parse_ok,1988.HK,2020-12-04,4.429999828338623,-0.008948537747316632,0.020737251748036645,-0.039045618213151556,-0.049356228885117814,-0.26043405715996093,106890887.0,473526611.06096315,36726036.3,37445071.63333333,160419820.44301093,160180327.4483103,0.021850511611008542,0.018674747602444933,yfinance_info_static_sharesOutstanding,1,1,1,36858906701.99665,0.012847006420711663
2020-12-07,Hang Seng China Enterprises Index,Removal,2202,2202.HK,"China Vanke Co., Ltd. - H Shares",1009,Removal,Hang Seng China Enterprises Index,unchanged,1,1,2202.HK,2202.HK,parse_ok,2202.HK,2020-12-04,27.549999237060547,-0.07239062190738199,0.00364293156071982,0.12219959646561684,-0.07239062190738199,-0.19796214087705388,49667999.0,1368353334.556324,12356964.1,9564795.033333333,350290606.158939,250204900.8938233,0.021350878605476672,0.01982991217750544,yfinance_info_static_sharesOutstanding,1,1,1,60789429758.464226,0.022509724799084772
2020-12-07,Hang Seng China Enterprises Index,Removal,2328,2328.HK,PICC Property and Casualty Co. Ltd. - H Shares,1010,Removal,Hang Seng China Enterprises Index,unchanged,1,1,2328.HK,2328.HK,parse_ok,2328.HK,2020-12-04,6.440000057220459,-0.021276575700436062,0.11418682066691366,0.09152541578381079,-0.021276575700436062,-0.3421858955756818,149941814.0,965625290.7397394,70454932.4,49492644.63333333,440413176.1174051,290727758.98561686,0.020754490316962106,0.019497330960213298,yfinance_info_static_sharesOutstanding,1,1,1,44431452679.30076,0.021732921894529782
2020-12-07,Hang Seng Composite LargeCap & MidCap Index,Inclusion,909,0909.HK,Ming Yuan Cloud Group Holdings Ltd. MidCap Information Technology,1011,Inclusion,Hang Seng Composite LargeCap & MidCap Index,unchanged,1,1,0909.HK,0909.HK,parse_ok,0909.HK,2020-12-04,40.5,0.04247108341530592,0.0012360750585289626,,0.0,0.0,15923236.0,644891058.0,5619038.4,13819024.936170213,212139224.6907814,450866816.2177926,0.04857780645769117,0.04967999596904743,yfinance_info_static_sharesOutstanding,1,1,1,75207569310.0,0.00857481585851827
2020-12-07,Hang Seng Composite LargeCap & MidCap Index,Inclusion,1179,1179.HK,Huazhu Group Ltd. - S MidCap Consumer Discretionary,1012,Inclusion,Hang Seng Composite LargeCap & MidCap Index,unchanged,1,1,1179.HK,1179.HK,parse_ok,1179.HK,2020-12-04,39.599998474121094,0.002024241281143757,0.22071517110105643,,-0.03414637867997328,-0.03414637867997328,920500.0,36451798.59542847,820691.0,1872231.0,31572296.0900383,62965379.77573089,0.023900107930603952,0.02532106042384636,yfinance_info_static_sharesOutstanding,1,1,1,121836569637.3571,0.00029918602193024766
2020-12-07,Hang Seng Composite LargeCap & MidCap Index,Inclusion,2057,2057.HK,ZTO Express (Cayman) Inc. - SW LargeCap Industrials,1013,Inclusion,Hang Seng Composite LargeCap & MidCap Index,unchanged,1,1,2057.HK,2057.HK,parse_ok,2057.HK,2020-12-04,222.0,-0.028871417004805222,-0.08340213543668584,,-0.14549649564683997,-0.14549649564683997,48700.0,10811400.0,252616.45,413404.5777777778,60646745.68079452,97544894.07472806,0.027459604601990154,0.025881921698849883,yfinance_info_static_sharesOutstanding,1,1,1,123034731222.0,8.787274855335158e-05
2020-12-07,Hang Seng Composite LargeCap & MidCap Index,Inclusion,9668,9668.HK,"China Bohai Bank Co., Ltd. - H Shares MidCap Financial",1014,Inclusion,Hang Seng Composite LargeCap & MidCap Index,unchanged,1,1,9668.HK,9668.HK,parse_ok,9668.HK,2020-12-04,5.480000019073486,-0.007246369925949403,0.20971297246481324,0.14644346831382316,-0.041958003482745365,-0.041958003482745365,4004240.0,21943235.276374817,18260624.2,6745816.4,95121752.02087598,34735589.643793754,0.041810370367232105,0.026580516166967213,yfinance_info_static_sharesOutstanding,1,1,1,33979041518.2662,0.0006457873529063125
2020-12-07,Hang Seng Composite LargeCap & MidCap Index,Inclusion,9688,9688.HK,Zai Lab Ltd. - SB MidCap Healthcare,1015,Inclusion,Hang Seng Composite LargeCap & MidCap Index,unchanged,1,1,9688.HK,9688.HK,parse_ok,9688.HK,2020-12-04,83.19999694824219,0.02085885826064038,0.2390170522360715,,-0.03255817502043967,-0.03255817502043967,196000.0,16307199.401855469,367761.5,700330.4347826086,28484326.108234406,46945221.020978846,0.028982799781422687,0.02733669898728661,yfinance_info_static_sharesOutstanding,1,1,1,93741005585.60028,0.0001739601500963677
2020-12-07,Hang Seng Composite LargeCap & MidCap Index,Inclusion,9987,9987.HK,"Yum China Holdings, Inc. - S MidCap Consumer Discretionary",1016,Inclusion,Hang Seng Composite LargeCap & MidCap Index,unchanged,1,1,9987.HK,9987.HK,parse_ok,9987.HK,2020-12-04,447.0,-0.01541850220264318,0.037122969837587005,,-0.05256462152315966,-0.05256462152315966,231750.0,103592250.0,277295.3,589569.9827586206,126752221.21927032,242223751.43476605,0.015363253565077731,0.015136598826616032,yfinance_info_static_sharesOutstanding,1,1,1,156912542190.0,0.0006601910118476298
2020-12-07,Hang Seng Composite LargeCap & MidCap Index,Inclusion,9990,9990.HK,Archosaur Games Inc. MidCap Information Technology,1017,Inclusion,Hang Seng Composite LargeCap & MidCap Index,unchanged,1,1,9990.HK,9990.HK,parse_ok,9990.HK,2020-12-04,20.5,0.05128205128205132,0.15819204047285873,-0.23076921975841447,-0.20849419683646708,-0.23076921975841447,3064000.0,62812000.0,1812975.0,2043571.8,33906152.04223633,43016277.678173475,0.041752010754240496,0.03826199566332387,yfinance_info_static_sharesOutstanding,1,1,1,16407392915.0,0.0038282742618162015
2020-12-07,Hang Seng Index,Inclusion,1876,1876.HK,Budweiser Brewing Co. APAC Ltd.,1018,Inclusion,Hang Seng Index,unchanged,1,1,1876.HK,1876.HK,parse_ok,1876.HK,2020-12-04,27.049999237060547,-0.025225252718538815,0.19955654777159926,0.09072580924267326,-0.07204118040999163,-0.07204118040999163,52524322.0,1420782870.0271225,18237461.7,11465449.083333334,486773017.41995937,290876172.9031632,0.0393895303608974,0.030065694853008737,yfinance_info_static_sharesOutstanding,1,1,1,357865241464.68726,0.003970161684918259
2020-12-07,Hang Seng Index,Inclusion,2020,2020.HK,ANTA Sports Products Ltd.,1019,Inclusion,Hang Seng Index,unchanged,1,1,2020.HK,2020.HK,parse_ok,2020.HK,2020-12-04,110.5999984741211,0.023126734831531826,0.09396637134897423,0.4678168641517171,-0.017761989583504834,-0.017761989583504834,22377866.0,2474991945.4540863,8663339.75,6748971.45,921879926.074287,634985235.3677057,0.033498421488713556,0.026997137820742586,yfinance_info_static_sharesOutstanding,1,1,1,306417250094.7531,0.008077195212373803
2020-12-07,Hang Seng Index,Inclusion,3690,3690.HK,Meituan - W,1020,Inclusion,Hang Seng Index,unchanged,1,1,3690.HK,3690.HK,parse_ok,3690.HK,2020-12-04,288.6000061035156,-0.07499998043744993,-0.11689101320791118,0.16277199698635836,-0.139021492859415,-0.139021492859415,54036264.0,15594866120.211182,30978469.15,22543151.25,9100237087.926811,6265011099.970208,0.05057557538108294,0.037493953019629336,yfinance_info_static_sharesOutstanding,1,1,1,1614783508542.9758,0.009657558451462312
2020-12-07,Hang Seng Index,Removal,19,0019.HK,Swire Pacific Ltd. 'A',1021,Removal,Hang Seng Index,unchanged,1,1,0019.HK,0019.HK,parse_ok,0019.HK,2020-12-04,45.099998474121094,-0.030107559696320618,0.177545675522641,0.08153471580277194,-0.040425564380402235,-0.4104575362859988,11662275.0,525968584.7047806,5595922.05,2869331.6166666667,249868972.1053055,121128400.98842163,0.03333889701251467,0.02287895398789583,yfinance_info_static_sharesOutstanding,1,1,1,35132357611.35864,0.014971058604240374
2020-12-07,Hang Seng TECH Index,Inclusion,909,0909.HK,Ming Yuan Cloud Group Holdings Ltd.,1022,Inclusion,Hang Seng TECH Index,unchanged,1,1,0909.HK,0909.HK,parse_ok,0909.HK,2020-12-04,40.5,0.04247108341530592,0.0012360750585289626,,0.0,0.0,15923236.0,644891058.0,5619038.4,13819024.936170213,212139224.6907814,450866816.2177926,0.04857780645769117,0.04967999596904743,yfinance_info_static_sharesOutstanding,1,1,1,75207569310.0,0.00857481585851827
2020-12-07,Hang Seng TECH Index,Inclusion,9990,9990.HK,Archosaur Games Inc.,1023,Inclusion,Hang Seng TECH Index,unchanged,1,1,9990.HK,9990.HK,parse_ok,9990.HK,2020-12-04,20.5,0.05128205128205132,0.15819204047285873,-0.23076921975841447,-0.20849419683646708,-0.23076921975841447,3064000.0,62812000.0,1812975.0,2043571.8,33906152.04223633,43016277.678173475,0.041752010754240496,0.03826199566332387,yfinance_info_static_sharesOutstanding,1,1,1,16407392915.0,0.0038282742618162015
2020-12-07,Hang Seng TECH Index,Removal,136,0136.HK,HengTen Networks Group Ltd.,1024,Removal,Hang Seng TECH Index,unchanged,1,1,0136.HK,0136.HK,parse_ok,0136.HK,2020-12-04,2.5,-0.12280698819100189,-0.2753623288560628,0.02459013990675496,-0.375,-0.375,40825672.0,102064180.0,19679739.95,53361157.31666667,58359515.724734284,174647525.17090434,0.030793546073597283,0.0832910090787658,yfinance_info_static_sharesOutstanding,1,1,1,42001536537.5,0.0024300106237512193
2020-12-07,Hang Seng TECH Index,Removal,777,0777.HK,NetDragon Websoft Holdings Ltd.,1025,Removal,Hang Seng TECH Index,unchanged,1,1,0777.HK,0777.HK,parse_ok,0777.HK,2020-12-04,16.760000228881836,-0.012956379227647363,-0.035673127837908325,-0.09405404168206288,-0.07810781366651998,-0.3938517012618784,2395053.0,40141088.82818413,1218855.55,1580970.0166666666,20723797.850190736,27020900.39369879,0.017329635795304738,0.018917149555015216,yfinance_info_static_sharesOutstanding,1,1,1,8817440293.65479,0.004552465056902112
2021-03-15,Hang Seng China 50 Index,Inclusion,2475,002475.SZ,"Luxshare Precision Industry Co., Ltd.",1026,Inclusion,Hang Seng China 50 Index,unchanged,1,1,002475.SZ,002475.SZ,parse_ok,002475.SZ,2021-03-12,40.849998474121094,-0.1423473113993451,-0.17508081388321772,-0.21138997923199243,-0.34229595761245524,-0.34229595761245524,110237031.0,4503182548.14164,80848688.6,90496723.11666666,3808655831.411647,4780905296.1076565,0.031156597616694905,0.030735086685106636,yfinance_info_static_sharesOutstanding,1,1,1,297632468411.81946,0.015130011091097784
2021-03-15,Hang Seng China 50 Index,Inclusion,1810,1810.HK,Xiaomi Corporation - W,1027,Inclusion,Hang Seng China 50 Index,unchanged,1,1,1810.HK,1810.HK,parse_ok,1810.HK,2021-03-12,22.75,-0.06952968138619697,-0.17122042376352042,-0.22089043131552832,-0.35552406539104486,-0.35552406539104486,609797203.0,13872886368.25,288882636.45,261497428.53333333,7292426917.30347,7459571841.671451,0.0394204212161689,0.035660744857464455,yfinance_info_static_sharesOutstanding,1,1,1,486341650067.0,0.02852498108343965
2021-03-15,Hang Seng China 50 Index,Inclusion,300750,300750.SZ,"Contemporary Amperex Technology Co., Limited",1028,Inclusion,Hang Seng China 50 Index,unchanged,1,1,300750.SZ,300750.SZ,parse_ok,300750.SZ,2021-03-12,189.6999969482422,0.06706252353906716,-0.0856607756179717,0.28940409686902924,-0.17368052165318681,-0.17368052165318681,34113673.0,6471363663.993332,36140147.05,33270639.05,7030329411.969263,6621037854.397509,0.04430186414454363,0.044070114183094616,yfinance_info_static_sharesOutstanding,1,1,1,836225648678.7001,0.007738776817260481
2021-03-15,Hang Seng China 50 Index,Inclusion,300999,300999.SZ,"Yihai Kerry Arawana Holdings Co.,Ltd",1029,Inclusion,Hang Seng China 50 Index,unchanged,1,1,300999.SZ,300999.SZ,parse_ok,300999.SZ,2021-03-12,83.56999969482422,-0.02394303884602067,-0.2649955854188243,0.2228563677649691,-0.4236551745184537,-0.4236551745184537,25352439.0,2118703319.4930496,32843852.0,46316577.766666666,3192213180.3881674,5045163390.089483,0.051992598957828574,0.05624014732647442,yfinance_info_static_sharesOutstanding,1,1,1,453082403008.98157,0.004676198646035366
2021-03-15,Hang Seng China 50 Index,Inclusion,601888,601888.SH,China Tourism Group Duty Free Corporation Limited,1030,Inclusion,Hang Seng China 50 Index,unchanged,1,1,601888.SH,601888.SS,parse_ok,601888.SS,2021-03-12,309.4100036621094,0.011540469213243476,-0.10820004964438823,0.4889797840139736,-0.20226366382792704,-0.20226366382792704,14059687.0,4350207806.158112,15299193.05,14703496.116666667,4950650942.182472,4337754396.658881,0.045756545671158354,0.042274598584500424,yfinance_info_static_sharesOutstanding,1,1,1,604115465219.219,0.0072009542158956745
2021-03-15,Hang Seng China 50 Index,Inclusion,9618,9618.HK,"JD.com, Inc. - SW",1031,Inclusion,Hang Seng China 50 Index,unchanged,1,1,9618.HK,9618.HK,parse_ok,9618.HK,2021-03-12,343.3999938964844,-0.03917179697561746,-0.10572918256123864,0.08946694351943951,-0.1761036373468977,-0.1761036373468977,12357281.0,4243490219.9771423,6429637.8,6155176.716666667,2370661422.6256685,2191069464.712789,0.036133249472969114,0.03181751230300962,yfinance_info_static_sharesOutstanding,1,1,1,887381700636.0737,0.00478203485257293
2021-03-15,Hang Seng China 50 Index,Inclusion,9633,9633.HK,"Nongfu Spring Co., Ltd. - H Shares",1032,Inclusion,Hang Seng China 50 Index,unchanged,1,1,9633.HK,9633.HK,parse_ok,9633.HK,2021-03-12,43.29999923706055,-0.047304763251666326,-0.2965069086306551,0.014051486262310453,-0.3498498464097455,-0.3498498464097455,30695316.0,1329107159.3813324,16496018.65,12745027.416666666,832844669.9521021,704178259.0516409,0.039640543984759136,0.03918870436444944,yfinance_info_static_sharesOutstanding,1,1,1,218001051278.85437,0.006096792430974176
2021-03-15,Hang Seng China 50 Index,Inclusion,9999,9999.HK,"NetEase, Inc. - S",1033,Inclusion,Hang Seng China 50 Index,unchanged,1,1,9999.HK,9999.HK,parse_ok,9999.HK,2021-03-12,167.39999389648438,0.002995805981335753,-0.18101761792976445,0.23999995478877323,-0.18500487404664134,-0.18500487404664134,3238379.0,542104624.8345032,5035011.15,5148773.883333334,888040129.8527619,876807784.3186488,0.03144437466622647,0.028856924447150586,yfinance_info_static_sharesOutstanding,1,1,1,529986944551.7219,0.0010228641109132051
2021-03-15,Hang Seng China 50 Index,Removal,267,0267.HK,CITIC Ltd.,1034,Removal,Hang Seng China 50 Index,unchanged,1,1,0267.HK,0267.HK,parse_ok,0267.HK,2021-03-12,6.659999847412109,0.013698580426060092,0.09359600665724166,0.19784171150236718,-0.02346045751055914,-0.23711337953792788,25464958.0,169596616.39435577,31998012.4,25394325.0,211808937.67347416,157008345.25995556,0.017759648394966954,0.015801787596765562,yfinance_info_static_sharesOutstanding,1,1,1,193741144676.97818,0.0008753773839682931
2021-03-15,Hang Seng China 50 Index,Removal,728,0728.HK,China Telecom Corporation Ltd. - H Shares,1035,Removal,Hang Seng China 50 Index,unchanged,1,1,0728.HK,0728.HK,parse_ok,0728.HK,2021-03-12,2.640000104904175,-0.018587342473125656,0.2165898673206148,0.22790697107062363,-0.03296700129689223,-0.09897609394049833,262656330.0,693412738.7537456,292049971.4,346841021.2,762168227.1046093,789319090.9999526,0.03335051430288113,0.03285645372107365,yfinance_info_static_sharesOutstanding,1,1,1,36636363855.79825,0.018926898463041734
2021-03-15,Hang Seng China 50 Index,Removal,1109,1109.HK,China Resources Land Ltd.,1036,Removal,Hang Seng China 50 Index,unchanged,1,1,1109.HK,1109.HK,parse_ok,1109.HK,2021-03-12,35.900001525878906,-0.019125600476107563,0.1360759839398833,0.143312164395474,-0.054018424133010834,-0.06874183563236058,14395465.0,516797215.4657364,17907008.0,15337735.916666666,636178005.9047196,510630946.6270986,0.028579911691410973,0.02518413945187659,yfinance_info_static_sharesOutstanding,1,1,1,256000741767.0503,0.0020187332735777763
2021-03-15,Hang Seng China 50 Index,Removal,1766,1766.HK,CRRC Corporation Ltd.,1037,Removal,Hang Seng China 50 Index,unchanged,1,1,1766.HK,1766.HK,parse_ok,1766.HK,2021-03-12,3.569999933242798,-0.0110803221649306,0.08181817722057838,0.2352940497077145,-0.10301509644870133,-0.304093595788961,51834469.0,185049050.86967587,76437694.75,122747039.36666666,284460529.4669589,412340234.8588556,0.03605966517769078,0.0443079673822203,yfinance_info_static_sharesOutstanding,1,1,1,15604705470.99986,0.011858541720865878
2021-03-15,Hang Seng China 50 Index,Removal,2007,2007.HK,Country Garden Holdings Co. Ltd.,1038,Removal,Hang Seng China 50 Index,unchanged,1,1,2007.HK,2007.HK,parse_ok,2007.HK,2021-03-12,9.289999961853027,0.0,-0.002148276784341485,-0.07285433758089577,-0.1333955475331462,-0.17495561518513736,50769349.0,471647250.27330303,36010291.65,29356718.95,340526023.23451835,286357867.4088085,0.021449787083365143,0.020420496414308768,yfinance_info_static_sharesOutstanding,1,1,1,400820608328.5842,0.001176704092736311
2021-03-15,Hang Seng China 50 Index,Removal,3333,3333.HK,China Evergrande Group,1039,Removal,Hang Seng China 50 Index,unchanged,1,1,3333.HK,3333.HK,parse_ok,3333.HK,2021-03-12,15.100000381469727,-0.009186311794686208,-0.06211179977057324,-0.024547750129435997,-0.12514483306887192,-0.4579477499017469,11338898.0,171217364.12544632,15951602.1,15015998.516666668,254056198.12783343,236361210.48151252,0.02462242212326382,0.031063088562231105,yfinance_info_static_sharesOutstanding,1,1,1,199384931654.64062,0.0008587277017604118
2021-03-15,Hang Seng China 50 Index,Removal,601668,601668.SH,China State Construction Engineering Corporation Ltd.,1040,Removal,Hang Seng China 50 Index,unchanged,1,1,601668.SH,601668.SS,parse_ok,601668.SS,2021-03-12,5.119999885559082,0.017892578925789326,0.0801688043860973,-0.0038910469739347198,-0.0038910469739347198,-0.1217838846377951,543474220.0,2782587944.2043114,231089985.6,225888705.6,1157564325.7883422,1127234436.5476608,0.013708127842337383,0.011703181356320464,yfinance_info_static_sharesOutstanding,1,1,1,211560394344.5366,0.01315268839815419
2021-03-15,Hang Seng China 50 Index,Removal,6818,6818.HK,China Everbright Bank Co. Ltd.,1041,Removal,Hang Seng China 50 Index,unchanged,1,1,6818.HK,6818.HK,parse_ok,6818.HK,2021-03-12,3.4200000762939453,-0.002915449057909525,0.020895574225114677,0.1515151661107179,-0.020057287407311386,-0.07567566696791173,12523023.0,42828739.61543083,22482126.5,19925583.716666665,75776081.67971063,65037227.20040957,0.021146032470305474,0.021082502048139527,yfinance_info_static_sharesOutstanding,1,1,1,43361276377.31075,0.0009877186096357952
2021-03-15,Hang Seng China Enterprises Index,Inclusion,6098,6098.HK,Country Garden Services Holdings Co. Ltd.,1042,Inclusion,Hang Seng China Enterprises Index,unchanged,1,1,6098.HK,6098.HK,parse_ok,6098.HK,2021-03-12,61.04999923706055,0.06266315798629929,-0.046093761920928955,0.29617836974250067,-0.11585812398445083,-0.11585812398445083,24398128.0,1489505695.7857056,9792223.85,9944402.833333334,600924265.8899959,599076149.0492362,0.033454951235890575,0.0383166534197161,yfinance_info_static_sharesOutstanding,1,1,1,198804559943.9972,0.007492311525476559
2021-03-15,Hang Seng China Enterprises Index,Inclusion,9633,9633.HK,"Nongfu Spring Co., Ltd. - H Shares",1043,Inclusion,Hang Seng China Enterprises Index,unchanged,1,1,9633.HK,9633.HK,parse_ok,9633.HK,2021-03-12,43.29999923706055,-0.047304763251666326,-0.2965069086306551,0.014051486262310453,-0.3498498464097455,-0.3498498464097455,30695316.0,1329107159.3813324,16496018.65,12745027.416666666,832844669.9521021,704178259.0516409,0.039640543984759136,0.03918870436444944,yfinance_info_static_sharesOutstanding,1,1,1,218001051278.85437,0.006096792430974176
2021-03-15,Hang Seng China Enterprises Index,Removal,586,0586.HK,China Conch Venture Holdings Ltd.,1044,Removal,Hang Seng China Enterprises Index,unchanged,1,1,0586.HK,0586.HK,parse_ok,0586.HK,2021-03-12,26.04849624633789,0.036231846669802836,-0.0013966787839878592,-0.025885627967137448,-0.11945817548289706,-0.11945817548289706,25476550.0,663625817.0446396,8011816.75,6276851.283333333,206823091.3433299,168930912.7648946,0.01552857783558518,0.013101799771437833,yfinance_info_static_sharesOutstanding,1,1,1,46679974798.64488,0.014216499042838058
2021-03-15,Hang Seng China Enterprises Index,Removal,857,0857.HK,PetroChina Co. Ltd. - H Shares,1045,Removal,Hang Seng China Enterprises Index,unchanged,1,1,0857.HK,0857.HK,parse_ok,0857.HK,2021-03-12,3.0399999618530273,0.037542625457196,0.24590159449260907,0.2614107276287452,-0.00327868544904808,-0.00653594160147164,345753215.0,1051089760.4105616,272557152.0,166320902.23333332,777543501.8255396,444566021.45535666,0.036633940232199375,0.025162277687221336,yfinance_info_static_sharesOutstanding,1,1,1,64140655195.14084,0.016387262606107428
2021-03-15,Hang Seng China Enterprises Index,Removal,1044,1044.HK,Hengan International Group Co. Ltd.,1046,Removal,Hang Seng China Enterprises Index,unchanged,1,1,1044.HK,1044.HK,parse_ok,1044.HK,2021-03-12,55.599998474121094,0.016453340011494344,0.02772643331436564,0.052034060158896445,-0.04549358842710571,-0.21690142994195638,10590864.0,588852022.239624,4511486.75,4353357.083333333,246564191.7435692,240002289.2356872,0.014435032389678037,0.016148999202594876,yfinance_info_static_sharesOutstanding,1,1,1,63251721249.32824,0.009309660047328402
2021-03-15,Hang Seng China Enterprises Index,Removal,1193,1193.HK,China Resources Gas Group Ltd.,1047,Removal,Hang Seng China Enterprises Index,unchanged,1,1,1193.HK,1193.HK,parse_ok,1193.HK,2021-03-12,41.5,0.07373863807515812,0.013430994549780584,0.04534003028888778,-0.03488372093023251,-0.07572386214551141,13297635.0,551851852.5,3389539.65,3014470.2666666666,135888327.71882266,122657375.7745767,0.02085851578280719,0.018232350183994127,yfinance_info_static_sharesOutstanding,1,1,1,94782252010.5,0.005822312097404751
2021-03-15,Hang Seng Composite Index,Inclusion,775,0775.HK,"CK Life Sciences Int'l., (Holdings) Inc.",1048,Inclusion,Hang Seng Composite Index,unchanged,1,1,0775.HK,0775.HK,parse_ok,0775.HK,2021-03-12,0.8799999952316284,0.0,0.011494241848790887,-0.07368420392192299,-0.06382978993230626,-0.1698112804382943,3010000.0,2648799.9856472015,7118361.75,6656224.85,6360401.767174119,5942592.746110153,0.018052037726324584,0.016463315982217307,yfinance_info_static_sharesOutstanding,1,1,1,8457744194.170833,0.0003131804326114264
2021-03-15,Hang Seng Composite Index,Inclusion,873,0873.HK,Shimao Services Holdings Ltd.,1049,Inclusion,Hang Seng Composite Index,unchanged,1,1,0873.HK,0873.HK,parse_ok,0873.HK,2021-03-12,14.279999732971191,0.034782575043628805,0.017094000838336676,0.15909091612805737,-0.11851857651517061,-0.1397590719990771,2984326.0,42616174.483098984,3504811.9,3816024.6333333333,49498205.40969105,54166083.832050085,0.02934247051583471,0.03827799992306969,yfinance_info_static_sharesOutstanding,1,1,1,35245509780.926704,0.0012091235095757064
2021-03-15,Hang Seng Composite Index,Inclusion,1167,1167.HK,"Jacobio Pharmaceuticals Group Co., Ltd. - B",1050,Inclusion,Hang Seng Composite Index,unchanged,1,1,1167.HK,1167.HK,parse_ok,1167.HK,2021-03-12,16.399999618530273,-0.017964139563091508,-0.24770641318877384,,-0.32510287516724623,-0.32510287516724623,540300.0,8860919.793891907,636557.05,2489363.375,12318190.41011181,40623740.0721238,0.060574622768736805,0.05358489751209514,yfinance_info_static_sharesOutstanding,1,1,1,12885989412.26738,0.0006876398474653695
2021-03-15,Hang Seng Composite Index,Inclusion,1209,1209.HK,China Resources Mixc Lifestyle Services Ltd.,1051,Inclusion,Hang Seng Composite Index,unchanged,1,1,1209.HK,1209.HK,parse_ok,1209.HK,2021-03-12,40.79999923706055,-0.03886929319726706,-0.14465411772571435,0.37373731276034183,-0.19685039665718373,-0.19685039665718373,4069934.0,166053304.09488678,4635129.65,5246742.416666667,201438326.97761974,214661191.4971983,0.05590368983820812,0.045700584705272114,yfinance_info_static_sharesOutstanding,1,1,1,93125998258.5907,0.0017831036144578313
2021-03-15,Hang Seng Composite Index,Inclusion,1477,1477.HK,Ocumension Therapeutics - B,1052,Inclusion,Hang Seng Composite Index,unchanged,1,1,1477.HK,1477.HK,parse_ok,1477.HK,2021-03-12,22.799999237060547,-0.06748472287902452,-0.13307985176927262,-0.04201680806959163,-0.234899334872952,-0.383783804403769,719000.0,16393199.451446533,1227724.85,1594968.55,30009411.736132048,43744903.60641861,0.03555807775310701,0.03292697192433446,yfinance_info_static_sharesOutstanding,1,1,1,18349656875.17905,0.0008933790731324819
2021-03-15,Hang Seng Composite Index,Inclusion,1516,1516.HK,Sunac Services Holdings Ltd.,1053,Inclusion,Hang Seng Composite Index,unchanged,1,1,1516.HK,1516.HK,parse_ok,1516.HK,2021-03-12,23.0,0.11111107015891442,-0.055441493236980555,0.5646258706414082,-0.16058392991927672,-0.16058392991927672,9239603.0,212510869.0,7588454.35,7337811.783333333,176074703.77276888,157493195.55401325,0.04918551620740298,0.0452295012421544,yfinance_info_static_sharesOutstanding,1,1,1,69812222000.0,0.0030440353123268303
2021-03-15,Hang Seng Composite Index,Inclusion,1755,1755.HK,"S-Enjoy Service Group Co., Ltd.",1054,Inclusion,Hang Seng Composite Index,unchanged,1,1,1755.HK,1755.HK,parse_ok,1755.HK,2021-03-12,22.899999618530273,0.14499998092651367,0.2180851355242277,0.3762019506308465,-0.07287453800851496,-0.15963304152182478,10215100.0,233925786.1032486,3522532.75,3193936.65,72418872.18490143,65732449.0078331,0.06511210510221518,0.0557182197145298,yfinance_info_static_sharesOutstanding,1,1,1,19953479567.6136,0.011723558555818627
2021-03-15,Hang Seng Composite Index,Inclusion,1769,1769.HK,Scholar Education Group,1055,Inclusion,Hang Seng Composite Index,unchanged,1,1,1769.HK,1769.HK,parse_ok,1769.HK,2021-03-12,10.619999885559082,-0.12086093107350415,-0.020295227300000218,-0.31306598581147294,-0.2920000076293945,-0.5752000045776366,1163000.0,12351059.866905212,1425269.15,2543884.1333333333,15915397.931131076,27313850.7355391,0.04917714950972575,0.07921556045077162,yfinance_info_static_sharesOutstanding,1,1,1,7010570435.454226,0.0017617767313830531
2021-03-15,Hang Seng Composite Index,Inclusion,1772,1772.HK,"Ganfeng Lithium Co., Ltd. - H Shares",1056,Inclusion,Hang Seng Composite Index,unchanged,1,1,1772.HK,1772.HK,parse_ok,1772.HK,2021-03-12,71.57142639160156,0.028219616778430545,-0.22385750763793388,0.3377836708710573,-0.32205684020865677,-0.32205684020865677,8581154.0,614165431.8659973,9838264.75,9275117.7,762781919.120504,726589824.2323111,0.07498669246519049,0.06134285165984691,yfinance_info_static_sharesOutstanding,1,1,1,34576206547.63832,0.017762660892825646
2021-03-15,Hang Seng Composite Index,Inclusion,1877,1877.HK,"Shanghai Junshi Biosciences Co., Ltd. - H Shares",1058,Inclusion,Hang Seng Composite Index,unchanged,1,1,1877.HK,1877.HK,parse_ok,1877.HK,2021-03-12,75.30000305175781,0.02448983743888178,-0.11619711562312007,0.7036199491402475,-0.17161714204900014,-0.17161714204900014,1486200.0,111910864.53552246,1592112.65,1757384.05,124223336.84844017,127230846.03194739,0.046458371948398025,0.05323615373847505,yfinance_info_static_sharesOutstanding,1,1,1,19600267004.359436,0.0057096602056814615
2021-03-15,Hang Seng Composite Index,Inclusion,1952,1952.HK,Everest Medicines Ltd. - B,1059,Inclusion,Hang Seng Composite Index,unchanged,1,1,1952.HK,1952.HK,parse_ok,1952.HK,2021-03-12,81.94999694824219,0.12183427138501957,-0.12819152182721072,0.32712545665169523,-0.18780975511458642,-0.18780975511458642,337500.0,27658123.97003174,327397.65,357348.4,25553588.176376343,29378564.115446854,0.0653194193773829,0.05325039639687092,yfinance_info_static_sharesOutstanding,1,1,1,28952282337.38823,0.000955300298875393
2021-03-15,Hang Seng Composite Index,Inclusion,1981,1981.HK,Cathay Media and Education Group Inc.,1060,Inclusion,Hang Seng Composite Index,unchanged,1,1,1981.HK,1981.HK,parse_ok,1981.HK,2021-03-12,7.239999771118164,-0.0473684392147119,-0.021621665160441172,0.3923076993614967,-0.14723204166062898,-0.14723204166062898,2349000.0,17006759.462356567,4924990.35,7890592.766666667,38053305.47761478,56193149.044452585,0.05002098527370861,0.04994585841972933,yfinance_info_static_sharesOutstanding,1,1,1,11750063508.5392,0.0014473759609892436
2021-03-15,Hang Seng Composite Index,Inclusion,2096,2096.HK,Simcere Pharmaceutical Group Ltd.,1062,Inclusion,Hang Seng Composite Index,unchanged,1,1,2096.HK,2096.HK,parse_ok,2096.HK,2021-03-12,8.3100004196167,0.023399080878747425,0.013414708891489546,0.0626598768796729,-0.10162157625765411,-0.2773912678594175,1149000.0,9548190.482139587,1168170.0,1631525.2666666666,9724775.676441193,13969484.025155831,0.025067266714365634,0.02436825250516568,yfinance_info_static_sharesOutstanding,1,1,1,21463672539.396484,0.00044485352935821784
2021-03-15,Hang Seng Composite Index,Inclusion,2126,2126.HK,JW (Cayman) Therapeutics Co. Ltd - B,1063,Inclusion,Hang Seng Composite Index,unchanged,1,1,2126.HK,2126.HK,parse_ok,2126.HK,2021-03-12,33.79999923706055,0.07643310979895523,-0.16748767223217864,0.16955016204873807,-0.33725491692038145,-0.33725491692038145,2294520.0,77554774.24942017,1865063.85,1878070.7833333334,75086129.77517891,68927497.05834706,0.08047558810398348,0.06416997368844343,yfinance_info_static_sharesOutstanding,1,1,1,14068662711.639702,0.00551259034629178
2021-03-15,Hang Seng Composite Index,Inclusion,2142,2142.HK,HBM Holdings Ltd. - B,1064,Inclusion,Hang Seng Composite Index,unchanged,1,1,2142.HK,2142.HK,parse_ok,2142.HK,2021-03-12,8.739999771118164,0.006912380625909265,-0.029966753707527882,-0.2054545662619851,-0.1937269697333337,-0.2068966054388165,132000.0,1153679.9697875977,396012.0,1149757.0,3533868.5748405457,11089519.57858181,0.022135534226889023,0.03583990997849342,yfinance_info_static_sharesOutstanding,1,1,1,7302804364.635227,0.00015797766339934312
2021-03-15,Hang Seng Composite Index,Inclusion,2599,2599.HK,"Shinsun Holdings (Group) Co., Ltd.",1066,Inclusion,Hang Seng Composite Index,unchanged,1,1,2599.HK,2599.HK,parse_ok,2599.HK,2021-03-12,6.159999847412109,0.09999999148505068,0.08260101677771226,0.10196774226568439,0.0,0.0,1917000.0,11808719.707489014,2162950.0,1255100.0,12467003.37922573,7147954.989441236,0.025088464638101906,0.015682252737296364,yfinance_info_static_sharesOutstanding,1,1,1,18747343141.374023,0.0006298876389277811
2021-03-15,Hang Seng Composite Index,Inclusion,2798,2798.HK,Perennial Energy Holdings Ltd.,1067,Inclusion,Hang Seng Composite Index,unchanged,1,1,2798.HK,2798.HK,parse_ok,2798.HK,2021-03-12,15.520000457763672,0.10070922254442727,0.02917775439547099,0.858682604638626,0.0,0.0,1700000.0,26384000.778198242,1625399.25,1173183.1333333333,24709653.614719868,16369904.391392326,0.02923784485094427,0.02739707149010793,yfinance_info_static_sharesOutstanding,1,1,1,24832000732.421875,0.0010625
2021-03-15,Hang Seng Composite Index,Inclusion,3347,3347.HK,"Hangzhou Tigermed Consulting Co., Ltd. - H Shares",1068,Inclusion,Hang Seng Composite Index,unchanged,1,1,3347.HK,3347.HK,parse_ok,3347.HK,2021-03-12,140.89999389648438,0.0049928456738883575,-0.23005467816128755,-0.10311910615940278,-0.2944416822750251,-0.2944416822750251,1132575.0,159579810.5873108,1289932.1,1209334.0833333333,197309600.15407485,206076957.73351237,0.03979593763306055,0.037785195128663525,yfinance_info_static_sharesOutstanding,1,1,1,17348283568.50586,0.00919859362208101
2021-03-15,Hang Seng Composite Index,Inclusion,3913,3913.HK,KWG Living Group Holdings Ltd.,1069,Inclusion,Hang Seng Composite Index,unchanged,1,1,3913.HK,3913.HK,parse_ok,3913.HK,2021-03-12,7.539999961853027,-0.043147226859147514,-0.1714286103540521,0.4334600064182641,-0.23061226376490174,-0.23061226376490174,5942654.0,44807610.93330574,9907362.8,11356812.25,85834203.22413537,88663858.56654786,0.0411293186258077,0.04452474572888396,yfinance_info_static_sharesOutstanding,1,1,1,15274976149.359615,0.002933399731375963
2021-03-15,Hang Seng Composite Index,Inclusion,6100,6100.HK,Tongdao Liepin Group,1070,Inclusion,Hang Seng Composite Index,unchanged,1,1,6100.HK,6100.HK,parse_ok,6100.HK,2021-03-12,20.299999237060547,0.02836876760058149,0.014999961853027433,0.051813473550805345,-0.004901979575474669,-0.004901979575474669,218600.0,4437579.833221436,257477.85,178329.28333333333,5113077.967101669,3510151.3251277925,0.024149933653143798,0.017620782571873952,yfinance_info_static_sharesOutstanding,1,1,1,9516436987.4416,0.00046630685823670175
2021-03-15,Hang Seng Composite Index,Inclusion,6666,6666.HK,Evergrande Property Services Group Ltd.,1071,Inclusion,Hang Seng Composite Index,unchanged,1,1,6666.HK,6666.HK,parse_ok,6666.HK,2021-03-12,15.140000343322754,-0.006561642342339247,-0.1348571232386998,0.8948686829816992,-0.20732984078832017,-0.20732984078832017,7828220.0,118519253.48760605,11542626.3,22986738.316666666,189866048.84819,303998761.3663071,0.04173672071662094,0.056311534595865714,yfinance_info_static_sharesOutstanding,1,1,1,163675682251.5974,0.000724110337328069
2021-03-15,Hang Seng Composite Index,Inclusion,6690,6690.HK,"Haier Smart Home Co., Ltd. - H Shares",1072,Inclusion,Hang Seng Composite Index,unchanged,1,1,6690.HK,6690.HK,parse_ok,6690.HK,2021-03-12,32.29999923706055,0.08389261959748295,-0.09396920464046932,,-0.1386666870117188,-0.1386666870117188,32359167.0,1045201069.4119148,19448168.55,26483125.814814813,622813527.4729795,849030951.8977797,0.03819259234787696,0.0372735097635445,yfinance_info_static_sharesOutstanding,1,1,1,92170866514.6857,0.011339820367701347
2021-03-15,Hang Seng Composite Index,Inclusion,6988,6988.HK,Joy Spreader Interactive Technology. Ltd,1073,Inclusion,Hang Seng Composite Index,unchanged,1,1,6988.HK,6988.HK,parse_ok,6988.HK,2021-03-12,3.2100000381469727,-0.06686046954874991,-0.14627658343385275,-0.14171122193537622,-0.22087375550706423,-0.3326403167705613,12246000.0,39309660.46714783,18010750.0,14732331.666666666,67064564.8099822,53176264.6695298,0.05683989078598483,0.05014807948721753,yfinance_info_static_sharesOutstanding,1,1,1,7613886402.481842,0.005162890328168588
2021-03-15,Hang Seng Composite Index,Inclusion,6989,6989.HK,Excellence Commercial Property & Facilities Mgt Group Ltd.,1074,Inclusion,Hang Seng Composite Index,unchanged,1,1,6989.HK,6989.HK,parse_ok,6989.HK,2021-03-12,9.390000343322754,-0.011578911229183753,-0.047667274819447436,0.036423830951656466,-0.12242985881252577,-0.20017031291403398,1252000.0,11756280.429840088,2087100.0,1626838.3333333333,20188271.241998672,15931265.43138822,0.027361319601740573,0.028797883305299705,yfinance_info_static_sharesOutstanding,1,1,1,11459068138.973236,0.00102593686391095
2021-03-15,Hang Seng Composite Index,Inclusion,6993,6993.HK,Blue Moon Group Holdings Ltd.,1075,Inclusion,Hang Seng Composite Index,unchanged,1,1,6993.HK,6993.HK,parse_ok,6993.HK,2021-03-12,13.920000076293945,-0.036011047036024424,-0.09727626411014334,,-0.24756756344357056,-0.24756756344357056,10354500.0,144134640.78998566,15476357.15,31276512.050847456,238848101.66902485,497520883.8426306,0.033419219251547554,0.031123244578276543,yfinance_info_static_sharesOutstanding,1,1,1,81541749290.4411,0.0017676177178465576
2021-03-15,Hang Seng Composite Index,Inclusion,6996,6996.HK,Antengene Corporation Ltd. - B,1076,Inclusion,Hang Seng Composite Index,unchanged,1,1,6996.HK,6996.HK,parse_ok,6996.HK,2021-03-12,16.3799991607666,0.017391228115692492,-0.1702127988505664,-0.012062772247272036,-0.24689659030958155,-0.24689659030958155,511000.0,8370179.571151733,693375.0,1382975.4833333334,12101694.545030594,26078361.0915301,0.030355580273829466,0.03344799793369494,yfinance_info_static_sharesOutstanding,1,1,1,10006965925.85057,0.0008364353024855819
2021-03-15,Hang Seng Composite Index,Inclusion,9666,9666.HK,"Jinke Smart Services Group Co., Ltd. - H Shares",1078,Inclusion,Hang Seng Composite Index,unchanged,1,1,9666.HK,9666.HK,parse_ok,9666.HK,2021-03-12,65.1500015258789,-0.04191174226648664,-0.1753164363812797,0.18454548228870737,-0.23352939381318938,-0.23352939381318938,684300.0,44582146.044158936,1446650.2,1243154.6166666667,104912528.88461265,89045776.86419684,0.04544550066953973,0.040056442877906835,,0,0,0,,
2021-03-15,Hang Seng Composite Index,Inclusion,9698,9698.HK,GDS Holdings Ltd. - SW,1079,Inclusion,Hang Seng Composite Index,unchanged,1,1,9698.HK,9698.HK,parse_ok,9698.HK,2021-03-12,88.44999694824219,-0.005061918671685484,-0.1576190766834077,0.0051136016845703125,-0.22275927437353493,-0.22275927437353493,3295492.0,291486257.34295654,1562890.2,1314318.6166666667,150429506.89893037,129247038.05525106,0.035714795298820615,0.029082715496911524,yfinance_info_static_sharesOutstanding,1,1,1,137931628892.14557,0.0021132662586830003
2021-03-15,Hang Seng Composite Index,Inclusion,9991,9991.HK,Baozun Inc. - SW,1080,Inclusion,Hang Seng Composite Index,unchanged,1,1,9991.HK,9991.HK,parse_ok,9991.HK,2021-03-12,112.30000305175781,-0.0070733460049191565,-0.1518126266715808,0.21405408704603035,-0.22013886769612634,-0.22013886769612634,109000.0,12240700.332641602,123667.65,212890.63333333333,15012638.910805512,23107295.432635624,0.03182381291690871,0.04882663684653964,,0,0,0,,
2021-03-15,Hang Seng Composite Index,Inclusion,9992,9992.HK,Pop Mart International Group Ltd.,1081,Inclusion,Hang Seng Composite Index,unchanged,1,1,9992.HK,9992.HK,parse_ok,9992.HK,2021-03-12,65.1500015258789,-0.1278446561246882,-0.2528669288308705,-0.12550333522310197,-0.37952379499162947,-0.37952379499162947,4691600.0,305657747.1588135,5233553.35,4995177.433333334,423417824.5834713,399764670.0551226,0.07595174216698984,0.057571695461597766,,0,0,0,,
2021-03-15,Hang Seng Composite Index,Inclusion,9993,9993.HK,Radiance Holdings (Group) Co. Ltd.,1082,Inclusion,Hang Seng Composite Index,unchanged,1,1,9993.HK,9993.HK,parse_ok,9993.HK,2021-03-12,4.28000020980835,0.0023419739874719347,-0.04464281437804518,-0.004651158148691992,-0.08351174734778477,-0.08351174734778477,2999000.0,12835720.62921524,2392300.0,2739666.6666666665,10339334.983539581,12027772.655399641,0.020977455757819286,0.019752704336892815,,0,0,0,,
2021-03-15,Hang Seng Composite Index,Inclusion,9995,9995.HK,"RemeGen Co., Ltd. - B - H Shares",1083,Inclusion,Hang Seng Composite Index,unchanged,1,1,9995.HK,9995.HK,parse_ok,9995.HK,2021-03-12,111.9000015258789,0.176037832174331,-0.2007142748151507,0.5940171850489075,-0.22291665607028532,-0.22291665607028532,1882900.0,210696512.8730774,793460.4,756965.7666666667,86991091.58375359,80836900.19514516,0.05856343957956967,0.054079132040524114,,0,0,0,,
2021-03-15,Hang Seng Composite Index,Removal,35,0035.HK,Far East Consortium International Ltd.,1084,Removal,Hang Seng Composite Index,unchanged,1,1,0035.HK,0035.HK,parse_ok,0035.HK,2021-03-12,2.5454540252685547,0.0,0.01818161010742192,0.025640907405822366,-0.06040255934590466,-0.18604646021123106,2965061.0,7547426.457616806,1162693.45,1336384.2666666666,2948456.626725626,3401713.1932107764,0.010484419211350153,0.019041285777016213,yfinance_info_static_sharesOutstanding,1,1,1,7786646908.36636,0.0009692781175819693
2021-03-15,Hang Seng Composite Index,Removal,41,0041.HK,Great Eagle Holdings Ltd.,1085,Removal,Hang Seng Composite Index,unchanged,1,1,0041.HK,0041.HK,parse_ok,0041.HK,2021-03-12,26.649999618530273,-0.0074488178807431416,0.09896905643423803,0.30637255474862024,-0.1375404547724116,-0.1375404547724116,497252.0,13251765.610313416,402129.6,265107.95,11113914.660091782,6710419.867366155,0.03905649275822816,0.025560199243903323,yfinance_info_static_sharesOutstanding,1,1,1,19959366508.550407,0.0006639371848117766
2021-03-15,Hang Seng Composite Index,Removal,120,0120.HK,Cosmopolitan International Holdings Ltd.,1086,Removal,Hang Seng Composite Index,unchanged,1,1,0120.HK,0120.HK,parse_ok,0120.HK,2021-03-12,4.233333110809326,0.007936500728084939,0.0,-0.12413791946792074,-0.16993466863323037,-0.27428571288439685,475800.0,2014219.8941230774,283240.35,308059.3333333333,1187316.1224805354,1363580.3119583924,0.025984325582528278,0.023722781892376258,yfinance_info_static_sharesOutstanding,1,1,1,5671060030.2356,0.0003551752024108618
2021-03-15,Hang Seng Composite Index,Removal,178,0178.HK,Sa Sa International Holdings Ltd.,1087,Removal,Hang Seng Composite Index,unchanged,1,1,0178.HK,0178.HK,parse_ok,0178.HK,2021-03-12,1.850000023841858,-0.021164001140624777,0.24161074630935242,0.49193549162391315,-0.12322269392442764,-0.12322269392442764,11528000.0,21326800.274848938,34390252.0,17401177.066666666,66518420.849520884,29665060.697299864,0.06297628370156903,0.04189894468692213,yfinance_info_static_sharesOutstanding,1,1,1,5740900571.285802,0.003714887587762616
2021-03-15,Hang Seng Composite Index,Removal,323,0323.HK,Maanshan Iron & Steel Co. Ltd. - H Shares,1088,Removal,Hang Seng Composite Index,unchanged,1,1,0323.HK,0323.HK,parse_ok,0323.HK,2021-03-12,2.7899999618530273,0.01086955488892416,0.26818177335518545,0.27981645707158775,-0.02105261220606125,-0.024475502031601426,10776000.0,30065039.588928223,13819940.65,7212470.15,36586388.954090215,18043658.029201675,0.03757442254206484,0.027779677836611973,yfinance_info_static_sharesOutstanding,1,1,1,4834874633.893967,0.006218370043798653
2021-03-15,Hang Seng Composite Index,Removal,327,0327.HK,PAX Global Technology Ltd.,1089,Removal,Hang Seng Composite Index,unchanged,1,1,0327.HK,0327.HK,parse_ok,0327.HK,2021-03-12,7.130000114440918,-0.023287681075640054,-0.18607306756303343,0.017118385398144698,-0.2060133098107817,-0.2060133098107817,4606000.0,32840780.52711487,3980275.2,5347574.883333334,30265909.22593973,40399733.243361264,0.03555611459845083,0.037962601779433475,,0,0,0,,
2021-03-15,Hang Seng Composite Index,Removal,347,0347.HK,Angang Steel Co. Ltd. - H Shares,1090,Removal,Hang Seng Composite Index,unchanged,1,1,0347.HK,0347.HK,parse_ok,0347.HK,2021-03-12,4.099999904632568,0.04859330297470166,0.35313529483368966,0.29337533310910446,-0.035294140086454484,-0.035294140086454484,23115308.0,94772760.59555244,33997863.9,21650720.816666666,132573352.85459694,77885619.20963222,0.05390682573011308,0.04108727093559885,yfinance_info_static_sharesOutstanding,1,1,1,5787313865.385056,0.016375949671989458
2021-03-15,Hang Seng Composite Index,Removal,467,0467.HK,United Energy Group Ltd.,1091,Removal,Hang Seng Composite Index,unchanged,1,1,0467.HK,0467.HK,parse_ok,0467.HK,2021-03-12,1.3600000143051147,-0.014492739851898917,-0.04895100406320296,-0.0933333237965902,-0.1500000037252902,-0.1500000037252902,6462000.0,8788320.092439651,1781179.4,2115915.533333333,2558274.007873708,2983273.1841405095,0.02741460502445615,0.03396035487113022,yfinance_info_static_sharesOutstanding,1,1,1,34961612766.142555,0.0002513705575090179
2021-03-15,Hang Seng Composite Index,Removal,468,0468.HK,Greatview Aseptic Packaging Co. Ltd.,1092,Removal,Hang Seng Composite Index,unchanged,1,1,0468.HK,0468.HK,parse_ok,0468.HK,2021-03-12,4.230000019073486,0.03170734572311362,0.011961768609626056,0.054862787440038696,-0.08639310701523217,-0.08639310701523217,545000.0,2305350.01039505,1051498.5,1168794.15,4237679.63623929,4923075.363884433,0.02321785846629197,0.02382434505323968,,0,0,0,,
2021-03-15,Hang Seng Composite Index,Removal,496,0496.HK,Kasen International Holdings Ltd.,1093,Removal,Hang Seng Composite Index,unchanged,1,1,0496.HK,0496.HK,parse_ok,0496.HK,2021-03-12,1.5299999713897705,-0.08383232891771164,-0.01923075159625831,0.9870129990766698,-0.38306453241021765,-0.38306453241021765,9607000.0,14698709.725141525,19810100.0,13960981.333333334,34572162.60197163,20143205.125538986,0.1493328832345347,0.09765914970207244,,0,0,0,,
2021-03-15,Hang Seng Composite Index,Removal,563,0563.HK,Shanghai Industrial Urban Development Group Ltd.,1094,Removal,Hang Seng Composite Index,unchanged,1,1,0563.HK,0563.HK,parse_ok,0563.HK,2021-03-12,0.7599999904632568,-0.012987000923330161,0.0,0.0,-0.09523807834335418,-0.21649487830206648,1517000.0,1152919.9855327606,4305260.2,3540953.8666666667,3376867.4551494448,2740755.5158783398,0.019003749941064,0.020435462691467655,,0,0,0,,
2021-03-15,Hang Seng Composite Index,Removal,598,0598.HK,Sinotrans Ltd. - H Shares,1095,Removal,Hang Seng Composite Index,unchanged,1,1,0598.HK,0598.HK,parse_ok,0598.HK,2021-03-12,3.1600000858306885,0.05685621262599416,0.08965516617692204,0.179104480267527,-0.01557630894769324,-0.01557630894769324,17473000.0,55214681.49971962,12779370.7,11499343.333333334,38660605.88531031,33593731.03855911,0.03423050383494544,0.032627451281893045,yfinance_info_static_sharesOutstanding,1,1,1,6371448133.058786,0.008665954794991373
2021-03-15,Hang Seng Composite Index,Removal,686,0686.HK,"Beijing Energy International Holding Co., Ltd.",1096,Removal,Hang Seng Composite Index,unchanged,1,1,0686.HK,0686.HK,parse_ok,0686.HK,2021-03-12,2.5999999046325684,0.01960782480441492,-0.07142858967489152,-0.037037089364844955,-0.17460322986774657,-0.17460322986774657,428600.0,1114359.9591255188,1107307.15,1796688.2166666666,3029096.108668697,5182446.766091271,0.03774643471966557,0.04540918684617478,,0,0,0,,
2021-03-15,Hang Seng Composite Index,Removal,698,0698.HK,Tongda Group Holdings Ltd.,1097,Removal,Hang Seng Composite Index,unchanged,1,1,0698.HK,0698.HK,parse_ok,0698.HK,2021-03-12,27.931324005126953,0.03333333568544394,0.016393408488586614,0.23999991532402332,-0.07462689962503077,-0.21518986392033512,600880.0,16783373.968200684,438618.15,523411.43333333335,12341336.062195396,14223547.70465409,0.032347960166524505,0.03574032699224042,yfinance_info_static_sharesOutstanding,1,1,1,5438568205.247528,0.0030859912636577507
2021-03-15,Hang Seng Composite Index,Removal,808,0808.HK,Prosperity Real Estate Investment Trust,1098,Removal,Hang Seng Composite Index,unchanged,1,1,0808.HK,0808.HK,parse_ok,0808.HK,2021-03-12,2.640000104904175,0.011494333721897787,0.10000000000000009,0.07317075770973958,-0.003773581171086837,-0.09897609394049833,1764476.0,4658216.825100899,2025348.45,1300636.5166666666,5201790.188610959,3246335.683718073,0.01191392730532853,0.009459039756297227,yfinance_info_static_sharesOutstanding,1,1,1,4194060256.656975,0.0011106699808871837
2021-03-15,Hang Seng Composite Index,Removal,1071,1071.HK,Huadian Power International Corporation Ltd. - H Shares,1100,Removal,Hang Seng Composite Index,unchanged,1,1,1071.HK,1071.HK,parse_ok,1071.HK,2021-03-12,2.1500000953674316,-0.004629625030506013,0.08040205279593704,0.12565451986398157,-0.013761454344538682,-0.20074347597263698,70774000.0,152164106.7495346,15153025.05,15810995.183333334,32376981.05451771,32499014.6839873,0.014542820881190924,0.018418448588407816,yfinance_info_static_sharesOutstanding,1,1,1,3692052403.768158,0.04121396180461412
2021-03-15,Hang Seng Composite Index,Removal,1269,1269.HK,China First Capital Group Ltd.,1101,Removal,Hang Seng Composite Index,unchanged,1,1,1269.HK,1269.HK,parse_ok,1269.HK,2021-03-12,0.5199999809265137,-0.07142860944173757,-0.12605049424770132,-0.11864406094746938,-0.23529415373983642,-0.614814835745938,10092400.0,5248047.807502747,32457112.15,20872189.8,20022078.75637856,12899274.9186847,0.03167951746325312,0.029093188805016705,yfinance_info_static_sharesOutstanding,1,1,1,960959964.7521973,0.005461255411255412
2021-03-15,Hang Seng Composite Index,Removal,1293,1293.HK,Grand Baoxin Auto Group Ltd.,1102,Removal,Hang Seng Composite Index,unchanged,1,1,1293.HK,1293.HK,parse_ok,1293.HK,2021-03-12,0.8500000238418579,0.011904821881092875,-0.1499999761581421,-0.03409087676400968,-0.27966096472445423,-0.44444441847292115,521500.0,443275.0124335289,2922394.2,3175286.25,2795121.0104943216,2801029.071742377,0.062413532483274775,0.047720584014200707,yfinance_info_static_sharesOutstanding,1,1,1,2411884782.301544,0.00018378780598737106
2021-03-15,Hang Seng Composite Index,Removal,1528,1528.HK,Red Star Macalline Group Corporation Ltd. - H Shares,1103,Removal,Hang Seng Composite Index,unchanged,1,1,1528.HK,1528.HK,parse_ok,1528.HK,2021-03-12,4.730000019073486,0.002118692653888754,-0.01046029048958308,0.0605381117975714,-0.177391301030698,-0.177391301030698,529200.0,2503116.010093689,701400.75,1259456.0833333333,3368656.585697174,6368538.708194764,0.01689794839060226,0.018262429475239074,yfinance_info_static_sharesOutstanding,1,1,1,3506281062.9589014,0.0007138948547328788
2021-03-15,Hang Seng Composite Index,Removal,1618,1618.HK,Metallurgical Corporation of China Ltd. - H Shares,1104,Removal,Hang Seng Composite Index,unchanged,1,1,1618.HK,1618.HK,parse_ok,1618.HK,2021-03-12,1.850000023841858,-0.046391768414455026,0.1935484391965694,0.4122138203430388,-0.20940167021390732,-0.20940167021390732,28187000.0,52145950.67203045,68719676.15,37414450.2,145787512.07762986,71095472.91241899,0.06811528083401472,0.045797278045043265,yfinance_info_static_sharesOutstanding,1,1,1,5311350068.449974,0.00981783350748868
2021-03-15,Hang Seng Composite Index,Removal,1666,1666.HK,Tong Ren Tang Technologies Co. Ltd. - H Shares,1105,Removal,Hang Seng Composite Index,unchanged,1,1,1666.HK,1666.HK,parse_ok,1666.HK,2021-03-12,5.159999847412109,-0.02824860583499622,0.00978467956777096,0.013752395427459652,-0.09473683858292026,-0.2521739454936436,2079000.0,10727639.682769775,2774590.0,2197818.6166666667,14740458.247423172,11194935.049296435,0.03617240178486577,0.02552435277800458,,0,0,0,,
2021-03-15,Hang Seng Composite Index,Removal,1728,1728.HK,China ZhengTong Auto Services Holdings Ltd.,1106,Removal,Hang Seng Composite Index,unchanged,1,1,1728.HK,1728.HK,parse_ok,1728.HK,2021-03-12,0.8199999928474426,-0.023809501846360326,0.037974646297370906,-0.07865167862085831,-0.11827958436463792,-0.6095237951970689,2834000.0,2323879.9797296524,12003325.0,10508133.416666666,10301980.746226013,8780938.390076408,0.037335404637786083,0.0347089873908111,yfinance_info_static_sharesOutstanding,1,1,1,8213161702.439621,0.0002829458452083528
2021-03-15,Hang Seng Composite Index,Removal,1881,1881.HK,Regal Real Estate Investment Trust,1107,Removal,Hang Seng Composite Index,unchanged,1,1,1881.HK,1881.HK,parse_ok,1881.HK,2021-03-12,1.4600000381469727,-0.026666641235351562,0.0895522401337634,0.057971045791138875,-0.06410250532086104,-0.13095233111289473,281000.0,410260.0107192993,671880.8,450522.88333333336,1004344.4376665354,634675.1402471721,0.025950831899050765,0.017214442348839846,yfinance_info_static_sharesOutstanding,1,1,1,4755849660.2011385,8.626429345580875e-05
2021-03-15,Hang Seng Composite Index,Removal,1970,1970.HK,"IMAX China Holding, Inc.",1108,Removal,Hang Seng Composite Index,unchanged,1,1,1970.HK,1970.HK,parse_ok,1970.HK,2021-03-12,17.260000228881836,0.027381012661389592,0.2328571592058455,0.2977443595005069,-0.06399133790676359,-0.06399133790676359,571900.0,9870994.130897522,1413729.8,645127.3,24567281.89713087,10478870.3507027,0.07607947702402172,0.04625476132154633,yfinance_info_static_sharesOutstanding,1,1,1,5841101523.377823,0.00168991997338017
2021-03-15,Hang Seng Composite Index,Removal,2009,2009.HK,BBMG Corporation - H Shares,1109,Removal,Hang Seng Composite Index,unchanged,1,1,2009.HK,2009.HK,parse_ok,2009.HK,2021-03-12,1.649999976158142,0.024844696582373427,0.11486483438769124,0.0927152229000574,-0.023668686217741874,-0.2857142783420351,24931000.0,41136149.40559864,33136098.1,15923113.466666667,53555797.07111429,25528668.35360356,0.026944932868227266,0.019797991643526473,,0,0,0,,
2021-03-15,Hang Seng Composite Index,Removal,3306,3306.HK,JNBY Design Ltd.,1110,Removal,Hang Seng Composite Index,unchanged,1,1,3306.HK,3306.HK,parse_ok,3306.HK,2021-03-12,13.119999885559082,0.02982732506027097,0.2519084407096648,0.594167753986776,-0.03387334615105331,-0.03387334615105331,875000.0,11479999.899864197,1646182.9,974388.8666666667,20278780.36735921,10592382.980526272,0.04733856154506502,0.034593653711566426,,0,0,0,,
2021-03-15,Hang Seng Composite Index,Removal,6889,6889.HK,"DYNAM JAPAN HOLDINGS Co., Ltd.",1111,Removal,Hang Seng Composite Index,unchanged,1,1,6889.HK,6889.HK,parse_ok,6889.HK,2021-03-12,7.800000190734863,-0.013906404399392502,-0.007633580376634641,-0.022556369412079502,-0.08018860710010567,-0.13716811685295494,251200.0,1959360.0479125977,401209.6,264981.11666666664,3214007.8527208804,2097597.8166968664,0.016260333902822603,0.011490106253742721,yfinance_info_static_sharesOutstanding,1,1,1,5393256280.682304,0.000363298153460773
2021-03-15,Hang Seng Composite Index,Removal,9668,9668.HK,"China Bohai Bank Co., Ltd. - H Shares",1112,Removal,Hang Seng Composite Index,unchanged,1,1,9668.HK,9668.HK,parse_ok,9668.HK,2021-03-12,3.2200000286102295,0.11034480093775789,-0.2184465732883687,-0.2747747776773627,-0.36738704674240596,-0.43706291141273934,3490301.0,11238769.319858313,5289582.5,2789283.2333333334,17850483.838763714,10770575.691535799,0.05253452685034396,0.03971354351734314,yfinance_info_static_sharesOutstanding,1,1,1,19965787277.3993,0.0005629013854404969
2021-03-15,Hang Seng Index,Inclusion,241,0241.HK,Alibaba Health Information Technology Ltd.,1113,Inclusion,Hang Seng Index,unchanged,1,1,0241.HK,0241.HK,parse_ok,0241.HK,2021-03-12,23.899999618530273,-0.018480523855839537,-0.10820894407041592,-0.06090377595062024,-0.20066889888124118,-0.20066889888124118,96162421.0,2298281825.2169476,45384030.85,42933814.18333333,1186567864.031362,1085074601.7475095,0.05105701428613191,0.04926867333766612,yfinance_info_static_sharesOutstanding,1,1,1,385379654409.9258,0.005963682303716741
2021-03-15,Hang Seng Index,Inclusion,960,0960.HK,Longfor Group Holdings Ltd.,1114,Inclusion,Hang Seng Index,unchanged,1,1,0960.HK,0960.HK,parse_ok,0960.HK,2021-03-12,49.150001525878906,0.009240261927919713,0.1800720222144514,0.1537559456894546,-0.016999969482421884,-0.03248027039295509,34934786.0,1717044785.206253,10325934.8,8411575.366666667,482711780.8515976,378336992.8476706,0.023588717081818925,0.02038577356735139,yfinance_info_static_sharesOutstanding,1,1,1,337918022282.3826,0.005081246550890965
2021-03-15,Hang Seng Index,Inclusion,6862,6862.HK,Haidilao International Holding Ltd.,1115,Inclusion,Hang Seng Index,unchanged,1,1,6862.HK,6862.HK,parse_ok,6862.HK,2021-03-12,57.54999923706055,-0.037625418540232713,-0.2908194928535185,-0.013710355749458225,-0.3111909379415666,-0.3111909379415666,29019749.0,1670086532.8096886,13428427.6,11882625.6,873660487.1294123,775332783.660818,0.0455456712384916,0.04130626413247847,yfinance_info_static_sharesOutstanding,1,1,1,311660774335.31793,0.005358667725739625
2021-03-15,Hang Seng Stock Connect Greater Bay Area Composite Index,Inclusion,2351,002351.SZ,"Edifier Technology Co.,Ltd.",1116,Inclusion,Hang Seng Stock Connect Greater Bay Area Composite Index,unchanged,1,1,002351.SZ,002351.SZ,parse_ok,002351.SZ,2021-03-12,14.970000267028809,-0.0279220365034335,0.2882960769761269,-0.06437498331069946,-0.06437498331069946,-0.3762499888737997,11382088.0,170389860.3993454,27279387.55,17484726.533333335,402993618.5169405,243836203.05761576,0.03814348862193739,0.03282831144577971,,0,0,0,,
2021-03-15,Hang Seng Stock Connect Greater Bay Area Composite Index,Inclusion,2850,002850.SZ,"Shenzhen Kedali Industry Co.,Ltd",1117,Inclusion,Hang Seng Stock Connect Greater Bay Area Composite Index,unchanged,1,1,002850.SZ,002850.SZ,parse_ok,002850.SZ,2021-03-12,63.97999954223633,-0.08232933990199531,-0.14120805983575402,-0.12127452702153285,-0.38117806441691393,-0.38117806441691393,1616523.0,103425140.8000145,1662876.55,2619138.25,118002778.99084416,210082330.41671404,0.027916611688711044,0.036510204780049564,,0,0,0,,
2021-03-15,Hang Seng Stock Connect Greater Bay Area Composite Index,Inclusion,2967,002967.SZ,"Guangzhou Grg Metrology & Test Co.,Ltd.",1118,Inclusion,Hang Seng Stock Connect Greater Bay Area Composite Index,unchanged,1,1,002967.SZ,002967.SZ,parse_ok,002967.SZ,2021-03-12,31.5,-0.014084530585095734,-0.1451831396378015,0.10526315789473695,-0.1972477407592511,-0.1972477407592511,2321052.0,73113138.0,6368621.1,6531073.216666667,226405818.55511397,227423664.84460333,0.04290724963953937,0.03663492219277409,,0,0,0,,
2021-03-15,Hang Seng Stock Connect Greater Bay Area Composite Index,Inclusion,909,0909.HK,Ming Yuan Cloud Group Holdings Ltd.,1119,Inclusion,Hang Seng Stock Connect Greater Bay Area Composite Index,unchanged,1,1,0909.HK,0909.HK,parse_ok,0909.HK,2021-03-12,38.45000076293945,0.003916489004359036,-0.2819794339730033,-0.26057690840501047,-0.33706895236311285,-0.33706895236311285,10149578.0,390251281.8435135,11998608.8,11059327.016666668,549808167.3076818,543309574.7363207,0.05042017735845386,0.046007078406025435,yfinance_info_static_sharesOutstanding,1,1,1,71400767835.76103,0.005465645449936694
2021-03-15,Hang Seng Stock Connect Greater Bay Area Composite Index,Inclusion,1209,1209.HK,China Resources Mixc Lifestyle Services Ltd.,1120,Inclusion,Hang Seng Stock Connect Greater Bay Area Composite Index,unchanged,1,1,1209.HK,1209.HK,parse_ok,1209.HK,2021-03-12,40.79999923706055,-0.03886929319726706,-0.14465411772571435,0.37373731276034183,-0.19685039665718373,-0.19685039665718373,4069934.0,166053304.09488678,4635129.65,5246742.416666667,201438326.97761974,214661191.4971983,0.05590368983820812,0.045700584705272114,yfinance_info_static_sharesOutstanding,1,1,1,93125998258.5907,0.0017831036144578313
2021-03-15,Hang Seng Stock Connect Greater Bay Area Composite Index,Inclusion,1999,1999.HK,Man Wah Holdings Ltd.,1121,Inclusion,Hang Seng Stock Connect Greater Bay Area Composite Index,unchanged,1,1,1999.HK,1999.HK,parse_ok,1999.HK,2021-03-12,15.65999984741211,-0.045121938312854715,-0.25605698741113614,0.07554940907236385,-0.28165135800602614,-0.28165135800602614,13212400.0,206906181.98394775,21577207.25,16989009.0,371343639.59025925,294786644.3636124,0.05808381426953887,0.04511443532344821,yfinance_info_static_sharesOutstanding,1,1,1,60730782320.251465,0.0034069408309754675
2021-03-15,Hang Seng Stock Connect Greater Bay Area Composite Index,Inclusion,300348,300348.SZ,"Shenzhen Sunline Tech Co., Ltd.",1122,Inclusion,Hang Seng Stock Connect Greater Bay Area Composite Index,unchanged,1,1,300348.SZ,300348.SZ,parse_ok,300348.SZ,2021-03-12,16.450000762939453,-0.09366385076147354,0.016687296209586755,-0.14545450582132713,-0.16071426312360448,-0.3987572954689317,5025048.0,82662043.43380737,10406225.95,11433113.15,184975334.4603445,208078713.54684913,0.028906552167631022,0.0262809131269501,,0,0,0,,
2021-03-15,Hang Seng Stock Connect Greater Bay Area Composite Index,Inclusion,300737,300737.SZ,"Keshun Waterproof Technologies Co., Ltd.",1123,Inclusion,Hang Seng Stock Connect Greater Bay Area Composite Index,unchanged,1,1,300737.SZ,300737.SZ,parse_ok,300737.SZ,2021-03-12,14.699999809265137,0.0,-0.018909866825263077,0.3092529739423777,-0.072555239402332,-0.14424314759037815,0.0,0.0,14405954.7,20663758.683333334,208220900.40481567,279379111.09493244,0.027236506393575905,0.03348432003069101,,0,0,0,,
2021-03-15,Hang Seng Stock Connect Greater Bay Area Composite Index,Inclusion,6666,6666.HK,Evergrande Property Services Group Ltd.,1124,Inclusion,Hang Seng Stock Connect Greater Bay Area Composite Index,unchanged,1,1,6666.HK,6666.HK,parse_ok,6666.HK,2021-03-12,15.140000343322754,-0.006561642342339247,-0.1348571232386998,0.8948686829816992,-0.20732984078832017,-0.20732984078832017,7828220.0,118519253.48760605,11542626.3,22986738.316666666,189866048.84819,303998761.3663071,0.04173672071662094,0.056311534595865714,yfinance_info_static_sharesOutstanding,1,1,1,163675682251.5974,0.000724110337328069
2021-03-15,Hang Seng Stock Connect Greater Bay Area Composite Index,Inclusion,6993,6993.HK,Blue Moon Group Holdings Ltd.,1125,Inclusion,Hang Seng Stock Connect Greater Bay Area Composite Index,unchanged,1,1,6993.HK,6993.HK,parse_ok,6993.HK,2021-03-12,13.920000076293945,-0.036011047036024424,-0.09727626411014334,,-0.24756756344357056,-0.24756756344357056,10354500.0,144134640.78998566,15476357.15,31276512.050847456,238848101.66902485,497520883.8426306,0.033419219251547554,0.031123244578276543,yfinance_info_static_sharesOutstanding,1,1,1,81541749290.4411,0.0017676177178465576
2021-03-15,Hang Seng Stock Connect Greater Bay Area Composite Index,Inclusion,9923,9923.HK,Yeahka Ltd.,1126,Inclusion,Hang Seng Stock Connect Greater Bay Area Composite Index,unchanged,1,1,9923.HK,9923.HK,parse_ok,9923.HK,2021-03-12,78.19999694824219,0.03507602633277074,-0.17423443011321316,1.1021504124846424,-0.35371903348560174,-0.35371903348560174,4906495.0,383687894.02656555,4487459.6,5020473.75,395178486.451416,354532165.0847911,0.09263542211039745,0.07254889673912332,yfinance_info_static_sharesOutstanding,1,1,1,30370258880.19951,0.012633672157359135
2021-03-15,Hang Seng Stock Connect Greater Bay Area Composite Index,Removal,2047,002047.SZ,"Shenzhen Bauing Construction Group Co.,Ltd.",1127,Removal,Hang Seng Stock Connect Greater Bay Area Composite Index,unchanged,1,1,002047.SZ,002047.SZ,parse_ok,002047.SZ,2021-03-12,3.299999952316284,0.0030395108143479455,0.1340205687225149,-0.2500000270930197,-0.24829155975394335,-0.4378194179467213,17737842.0,58534877.75419378,15335542.85,14132272.133333333,49915770.01620974,48857926.651696354,0.029460392412228482,0.025456964702501632,,0,0,0,,
2021-03-15,Hang Seng Stock Connect Greater Bay Area Composite Index,Removal,2303,002303.SZ,"Mys Group Co., Ltd.",1128,Removal,Hang Seng Stock Connect Greater Bay Area Composite Index,unchanged,1,1,002303.SZ,002303.SZ,parse_ok,002303.SZ,2021-03-12,3.5399999618530273,-0.043243265883429416,0.05988025533631114,-0.19909504507945053,-0.19362185204644067,-0.3767605512607096,6847300.0,24239441.738796234,9944710.2,11952142.983333332,35342917.40996404,44851611.05719176,0.020630557408834977,0.02708000195101985,,0,0,0,,
2021-03-15,Hang Seng Stock Connect Greater Bay Area Composite Index,Removal,2611,002611.SZ,"Guangdong Dongfang Precision Science &
Technology Co.,Ltd.",1129,Removal,Hang Seng Stock Connect Greater Bay Area Composite Index,unchanged,1,1,002611.SZ,002611.SZ,parse_ok,002611.SZ,2021-03-12,4.03000020980835,-0.019464700999327622,-0.05399061190516807,-0.15513622098053514,-0.14799150241911685,-0.2591911456950502,5298125.0,21351444.861590862,12112401.2,11424106.633333333,50595382.94532721,48937227.21236073,0.019107239232414783,0.022747541430143806,,0,0,0,,
2021-03-15,Hang Seng Stock Connect Greater Bay Area Composite Index,Removal,2717,002717.SZ,"Lingnan Eco&Culture-Tourism Co., Ltd.",1130,Removal,Hang Seng Stock Connect Greater Bay Area Composite Index,unchanged,1,1,002717.SZ,002717.SZ,parse_ok,002717.SZ,2021-03-12,3.0999999046325684,-0.009584731217720188,0.08391609032863334,-0.22305766986890507,-0.2326732836871882,-0.4493783585046319,11124265.0,34485220.43910742,13928294.75,12788605.216666667,42278235.443632424,41057564.60256175,0.018355979999748653,0.019368686198120703,,0,0,0,,
2021-03-15,Hang Seng Stock Connect Greater Bay Area Composite Index,Removal,41,0041.HK,Great Eagle Holdings Ltd.,1131,Removal,Hang Seng Stock Connect Greater Bay Area Composite Index,unchanged,1,1,0041.HK,0041.HK,parse_ok,0041.HK,2021-03-12,26.649999618530273,-0.0074488178807431416,0.09896905643423803,0.30637255474862024,-0.1375404547724116,-0.1375404547724116,497252.0,13251765.610313416,402129.6,265107.95,11113914.660091782,6710419.867366155,0.03905649275822816,0.025560199243903323,yfinance_info_static_sharesOutstanding,1,1,1,19959366508.550407,0.0006639371848117766
2021-03-15,Hang Seng Stock Connect Greater Bay Area Composite Index,Removal,59,0059.HK,Skyfame Realty (Holdings) Ltd.,1132,Removal,Hang Seng Stock Connect Greater Bay Area Composite Index,unchanged,1,1,0059.HK,0059.HK,parse_ok,0059.HK,2021-03-12,0.9599999785423279,0.0,-0.030303061318608826,-0.020408204226431526,-0.0769230636971937,-0.08571426462964848,6596105.0,6332260.658462942,4638204.7,5579164.483333333,4517992.056638476,5421931.726604556,0.01799121824361211,0.01211808218752799,,0,0,0,,
2021-03-15,Hang Seng Stock Connect Greater Bay Area Composite Index,Removal,440,0440.HK,Dah Sing Financial Holdings Ltd.,1133,Removal,Hang Seng Stock Connect Greater Bay Area Composite Index,unchanged,1,1,0440.HK,0440.HK,parse_ok,0440.HK,2021-03-12,27.0,0.034482743501002,0.18161923629094234,0.21896164627525816,-0.00917431192660545,-0.00917431192660545,347400.0,9379800.0,473880.15,376378.48333333334,12112053.103796959,8988046.859235318,0.0168763252772565,0.016264643686587896,,0,0,0,,
2021-03-15,Hang Seng Stock Connect Greater Bay Area Composite Index,Removal,806,0806.HK,Value Partners Group Ltd.,1134,Removal,Hang Seng Stock Connect Greater Bay Area Composite Index,unchanged,1,1,0806.HK,0806.HK,parse_ok,0806.HK,2021-03-12,5.550000190734863,-0.01595738969526128,-0.024604545707858083,0.37717119151187317,-0.1539633781790446,-0.1539633781790446,13829000.0,76750952.63767242,9023364.25,9560108.933333334,49973323.622821406,52403071.470136486,0.04630286980515422,0.04410756400563379,,0,0,0,,
2021-03-15,Hang Seng Stock Connect Greater Bay Area Composite Index,Removal,1383,1383.HK,Suncity Group Holdings Ltd.,1135,Removal,Hang Seng Stock Connect Greater Bay Area Composite Index,unchanged,1,1,1383.HK,1383.HK,parse_ok,1383.HK,2021-03-12,0.6600000262260437,-0.0704224701794175,0.01538469297646361,-0.08333333333333337,-0.1538460891862804,-0.5629138871560121,5940000.0,3920400.1557826996,12066715.5,6831894.8,9009350.639273167,4814238.473896144,0.03749272402382412,0.028529192673625452,,0,0,0,,
2021-03-15,Hang Seng Stock Connect Greater Bay Area Composite Index,Removal,1668,1668.HK,China South City Holdings Ltd.,1136,Removal,Hang Seng Stock Connect Greater Bay Area Composite Index,unchanged,1,1,1668.HK,1668.HK,parse_ok,1668.HK,2021-03-12,0.8999999761581421,-0.0322580975953628,0.07142857649699375,-0.0909091237491153,-0.2241379292626443,-0.2241379292626443,27957466.0,25161718.733442068,34486800.55,28374142.916666668,32148220.92788448,26886704.5590984,0.02936951564171308,0.03595498398980337,,0,0,0,,
2021-03-15,Hang Seng TECH Index,Inclusion,6690,6690.HK,"Haier Smart Home Co., Ltd. - H Shares",1137,Inclusion,Hang Seng TECH Index,unchanged,1,1,6690.HK,6690.HK,parse_ok,6690.HK,2021-03-12,32.29999923706055,0.08389261959748295,-0.09396920464046932,,-0.1386666870117188,-0.1386666870117188,32359167.0,1045201069.4119148,19448168.55,26483125.814814813,622813527.4729795,849030951.8977797,0.03819259234787696,0.0372735097635445,yfinance_info_static_sharesOutstanding,1,1,1,92170866514.6857,0.011339820367701347
2021-03-15,Hang Seng TECH Index,Inclusion,9698,9698.HK,GDS Holdings Ltd. - SW,1138,Inclusion,Hang Seng TECH Index,unchanged,1,1,9698.HK,9698.HK,parse_ok,9698.HK,2021-03-12,88.44999694824219,-0.005061918671685484,-0.1576190766834077,0.0051136016845703125,-0.22275927437353493,-0.22275927437353493,3295492.0,291486257.34295654,1562890.2,1314318.6166666667,150429506.89893037,129247038.05525106,0.035714795298820615,0.029082715496911524,yfinance_info_static_sharesOutstanding,1,1,1,137931628892.14557,0.0021132662586830003
2021-03-15,Hang Seng TECH Index,Removal,1478,1478.HK,Q Technology (Group) Co. Ltd.,1139,Removal,Hang Seng TECH Index,unchanged,1,1,1478.HK,1478.HK,parse_ok,1478.HK,2021-03-12,14.239999771118164,0.0,-0.1563980758828748,0.34848477322646154,-0.20535715901273843,-0.20535715901273843,12591185.0,179298471.51810646,7268617.35,10969167.05,112007009.11776976,163500153.8489755,0.039796382273106744,0.04188382376869615,,0,0,0,,
2021-03-15,Hang Seng TECH Index,Removal,1896,1896.HK,Maoyan Entertainment,1140,Removal,Hang Seng TECH Index,unchanged,1,1,1896.HK,1896.HK,parse_ok,1896.HK,2021-03-12,13.800000190734863,-0.038997178226392815,-0.10621757993647074,0.16357509192383368,-0.23588036551391056,-0.23588036551391056,8191126.0,113037540.3623333,12040321.3,6906685.483333333,196054481.7940004,104308305.20379907,0.060787845901602376,0.046841650267797255,yfinance_info_static_sharesOutstanding,1,1,1,16037512032.260334,0.007048321468751019
2021-03-15,Hang Seng TECH Index,Removal,2400,2400.HK,XD Inc.,1141,Removal,Hang Seng TECH Index,unchanged,1,1,2400.HK,2400.HK,parse_ok,2400.HK,2021-03-12,55.099998474121094,-0.08925622356824636,-0.4935662047002959,0.4038216171750597,-0.5027076086958019,-0.5027076086958019,7179204.0,395574129.44540405,6053014.1,4782268.716666667,434109856.7388096,319261207.98757565,0.07321917070239548,0.07740702705814975,yfinance_info_static_sharesOutstanding,1,1,1,26659151002.23072,0.014838211817484516
2021-03-15,Hang Seng TECH Index,Removal,2858,2858.HK,Yixin Group Ltd.,1142,Removal,Hang Seng TECH Index,unchanged,1,1,2858.HK,2858.HK,parse_ok,2858.HK,2021-03-12,2.609999895095825,-0.07117439564282824,-0.1270903388725385,-0.11525428714987729,-0.3021390672618971,-0.3021390672618971,12726093.0,33215101.394979715,12164968.3,11807518.65,39320814.00761608,36447325.18885126,0.060488654311114644,0.0495906239622977,yfinance_info_static_sharesOutstanding,1,1,1,17714535697.60662,0.0018750195862862694
2021-06-07,Hang Seng China Enterprises Index,Inclusion,1211,1211.HK,BYD Company Limited - H shares,1143,Inclusion,Hang Seng China Enterprises Index,unchanged,1,1,1211.HK,1211.HK,parse_ok,1211.HK,2021-06-04,63.96666717529297,0.0799099645580923,0.24772433340583233,0.0959452163270007,-0.021417666735918717,-0.3107040401753379,75032565.0,4799583112.663536,32631507.0,29664743.5,1816513470.4911346,1709595396.8623724,0.03335354704396321,0.03291230395202174,yfinance_info_static_sharesOutstanding,1,1,1,235614821873.47412,0.020370463430526144
2021-06-07,Hang Seng China Enterprises Index,Inclusion,6666,6666.HK,Evergrande Property Services Group Limited,1144,Inclusion,Hang Seng China Enterprises Index,unchanged,1,1,6666.HK,6666.HK,parse_ok,6666.HK,2021-06-04,9.100000381469727,-0.24040060691262655,-0.3259258976689091,-0.37671231892435986,-0.44376527860812987,-0.5235601989674155,98127672.0,892961852.6327362,41346056.05,19551546.166666668,427013602.74881774,229211676.90327972,0.05108086601656287,0.03752558127723226,yfinance_info_static_sharesOutstanding,1,1,1,98378384223.99712,0.009076809501155834
2021-06-07,Hang Seng China Enterprises Index,Removal,270,0270.HK,Guangdong Investment Limited,1145,Removal,Hang Seng China Enterprises Index,unchanged,1,1,0270.HK,0270.HK,parse_ok,0270.HK,2021-06-04,11.399999618530273,-0.013840899245549543,-0.04201680806959163,-0.1937765670625584,-0.2083333388522821,-0.26451615364320813,47152741.0,537541229.4126568,24443643.15,16397362.183333334,279023283.23802847,198977341.98893288,0.017701707202478635,0.015322699445575797,yfinance_info_static_sharesOutstanding,1,1,1,74531161922.01904,0.007212301748026939
2021-06-07,Hang Seng China Enterprises Index,Removal,762,0762.HK,China Unicom (Hong Kong) Limited,1146,Removal,Hang Seng China Enterprises Index,unchanged,1,1,0762.HK,0762.HK,parse_ok,0762.HK,2021-06-04,4.210000038146973,0.0023810069847565174,-0.07268720847551802,-0.16798417277563238,-0.15799999237060547,-0.3552833226829969,101956160.0,429235437.48931885,47766448.95,61993786.416666664,205102784.93609926,278520947.6403467,0.011069802690823647,0.010622592520408671,yfinance_info_static_sharesOutstanding,1,1,1,128817581167.22107,0.0033321184391136675
2021-06-07,Hang Seng China Enterprises Index,Removal,788,0788.HK,China Tower Corporation Limited - H shares,1147,Removal,Hang Seng China Enterprises Index,unchanged,1,1,0788.HK,0788.HK,parse_ok,0788.HK,2021-06-04,11.100000381469727,0.04716980962322137,0.009090943769975102,-0.0975609585899887,-0.0975609585899887,-0.3148148235361159,85003004.0,943533376.8260727,27443378.3,31262170.1,297185336.59692764,354827287.7483827,0.009211694692129133,0.012586566698379296,yfinance_info_static_sharesOutstanding,1,1,1,50468794644.44294,0.018695381640741523
2021-06-07,Hang Seng Composite Index,Inclusion,2158,2158.HK,Yidu Tech Inc.,1148,Inclusion,Hang Seng Composite Index,unchanged,1,1,2158.HK,2158.HK,parse_ok,2158.HK,2021-06-04,40.150001525878906,0.0255427831679389,-0.04404758271716891,0.1152778201633029,-0.12336239749562616,-0.3842024017615945,865888.0,34765404.521240234,1656375.35,1431601.9,63687690.307312205,55740025.59937445,0.029254228796615694,0.0349882059746177,,0,0,0,,
2021-06-07,Hang Seng Composite Index,Inclusion,2160,2160.HK,Microport Cardioflow Medtech Corporation - B,1149,Inclusion,Hang Seng Composite Index,unchanged,1,1,2160.HK,2160.HK,parse_ok,2160.HK,2021-06-04,88.30000305175781,0.04620854804941055,0.09825872358144272,0.1408268903229215,-0.01779753556133712,-0.18240737915039062,561504.0,49580804.91357422,315008.15,348582.56666666665,26587472.18256416,27781619.26809667,0.02970538550019737,0.032165716208069746,,0,0,0,,
2021-06-07,Hang Seng Composite Index,Inclusion,2518,2518.HK,Autohome Inc. - S,1150,Inclusion,Hang Seng Composite Index,unchanged,1,1,2518.HK,2518.HK,parse_ok,2518.HK,2021-06-04,145.10000610351562,-0.039072807261485876,-0.17085710797991072,,-0.2656882509026701,-0.2656882509026701,271920.0,39455593.65966797,51474.85,214835.5,7950107.397239685,39068112.69325937,0.02329536725410782,0.020542122811535644,,0,0,0,,
2021-06-07,Hang Seng Composite Index,Inclusion,6606,6606.HK,New Horizon Health Limited - B,1151,Inclusion,Hang Seng Composite Index,unchanged,1,1,6606.HK,6606.HK,parse_ok,6606.HK,2021-06-04,77.05000305175781,0.05547949385969608,0.1586466624324483,0.4874518182740055,-0.005806412235383029,-0.08273805890764507,987500.0,76086878.01361084,609739.6,542443.9166666666,43634511.033259585,35096180.088732526,0.031329900271491705,0.03046215050655349,,0,0,0,,
2021-06-07,Hang Seng Index,Inclusion,968,0968.HK,Xinyi Solar Holdings Limited,1152,Inclusion,Hang Seng Index,unchanged,1,1,0968.HK,0968.HK,parse_ok,0968.HK,2021-06-04,13.100000381469727,-0.04934683343095003,0.18231051188383218,0.0396825384811359,-0.12666664123535154,-0.4072398119751285,95687703.0,1253508945.801962,64596950.3,67052502.8,794688402.4356344,874891277.4953276,0.03335895194890138,0.03890675006957117,yfinance_info_static_sharesOutstanding,1,1,1,119826274845.82022,0.010461052447928007
2021-06-07,Hang Seng Index,Inclusion,1211,1211.HK,BYD Company Limited - H shares,1153,Inclusion,Hang Seng Index,unchanged,1,1,1211.HK,1211.HK,parse_ok,1211.HK,2021-06-04,63.96666717529297,0.0799099645580923,0.24772433340583233,0.0959452163270007,-0.021417666735918717,-0.3107040401753379,75032565.0,4799583112.663536,32631507.0,29664743.5,1816513470.4911346,1709595396.8623724,0.03335354704396321,0.03291230395202174,yfinance_info_static_sharesOutstanding,1,1,1,235614821873.47412,0.020370463430526144
2021-06-07,Hang Seng Index,Inclusion,6098,6098.HK,Country Garden Services Holdings Company Limited,1154,Inclusion,Hang Seng Index,unchanged,1,1,6098.HK,6098.HK,parse_ok,6098.HK,2021-06-04,76.44999694824219,-0.02920638795882935,-0.0688185338719568,0.3799638058228254,-0.06995134079652743,-0.06995134079652743,37998751.0,2905004397.987015,10932313.95,9711187.616666667,854609936.4304359,725873880.2541773,0.024275379689205488,0.02521496055926773,yfinance_info_static_sharesOutstanding,1,1,1,248953451121.23877,0.011668865745397102
2021-06-07,Hang Seng TECH Index,Inclusion,2518,2518.HK,Autohome Inc. - S,1155,Inclusion,Hang Seng TECH Index,unchanged,1,1,2518.HK,2518.HK,parse_ok,2518.HK,2021-06-04,145.10000610351562,-0.039072807261485876,-0.17085710797991072,,-0.2656882509026701,-0.2656882509026701,271920.0,39455593.65966797,51474.85,214835.5,7950107.397239685,39068112.69325937,0.02329536725410782,0.020542122811535644,,0,0,0,,
2021-06-07,Hang Seng TECH Index,Inclusion,9626,9626.HK,Bilibili Inc. - SW,1156,Inclusion,Hang Seng TECH Index,unchanged,1,1,9626.HK,9626.HK,parse_ok,9626.HK,2021-06-04,824.5,0.01790123456790127,0.007946210268948706,,-0.12566277836691409,-0.12566277836691409,1328100.0,1095018450.0,759294.05,724032.3260869565,604448917.75,594901953.5652174,0.041382420483729636,0.034820787176205716,,0,0,0,,
2021-06-07,Hang Seng TECH Index,Removal,763,0763.HK,ZTE Corporation - H shares,1157,Removal,Hang Seng TECH Index,unchanged,1,1,0763.HK,0763.HK,parse_ok,0763.HK,2021-06-04,21.649999618530273,0.0334128319856255,0.11828506900739844,0.09787020143904246,-0.006880716687148847,-0.2198198335664766,22329188.0,483426911.68209076,8278051.15,8311603.766666667,169825235.6361251,169082636.48139194,0.01902970982756374,0.02153869806788697,yfinance_info_static_sharesOutstanding,1,1,1,16356629572.898655,0.029555411127184916
2021-06-07,Hang Seng TECH Index,Removal,6088,6088.HK,Fit Hon Teng Limited,1158,Removal,Hang Seng TECH Index,unchanged,1,1,6088.HK,6088.HK,parse_ok,6088.HK,2021-06-04,2.200000047683716,-0.0045248824844553726,-0.03508768627628134,-0.1439688308054624,-0.19117646156504087,-0.5100222361178783,36020804.0,79245770.51760578,12840468.95,9683848.266666668,27759898.11916703,22951066.312491477,0.03382086188225869,0.02679636104924438,yfinance_info_static_sharesOutstanding,1,1,1,15576203996.005123,0.005087617659471473
2021-06-07,Hang Seng TECH Index,Removal,9990,9990.HK,Archosaur Games Inc.,1159,Removal,Hang Seng TECH Index,unchanged,1,1,9990.HK,9990.HK,parse_ok,9990.HK,2021-06-04,13.720000267028809,-0.031073417028582462,-0.08042894122847821,-0.08897743129159863,-0.19577956057861312,-0.4851782190087155,4407369.0,60469103.85689449,2238375.55,2589133.6666666665,32820229.074223854,37846963.72181735,0.04227475192085605,0.03492478871330947,yfinance_info_static_sharesOutstanding,1,1,1,10980948057.319345,0.005506728885452549
2021-09-06,Hang Seng (China A) Corporate Sustainability Index,Inclusion,1979,001979.SZ,"China Merchants Shekou Industrial Zone Holdings Co., Ltd.",1160,Inclusion,Hang Seng (China A) Corporate Sustainability Index,unchanged,1,1,001979.SZ,001979.SZ,parse_ok,001979.SZ,2021-09-03,10.479999542236328,0.04382465956723891,0.13052848163122532,-0.06512047220575345,-0.10042919438666464,-0.37988166989392325,25680496.0,269131586.32440186,26932567.15,22512914.083333332,272883034.14947873,236831946.31033328,0.02324745155316407,0.02154556883361891,yfinance_info_static_sharesOutstanding,1,1,1,94488013024.86801,0.0028483145925988513
2021-09-06,Hang Seng (China A) Corporate Sustainability Index,Inclusion,2460,002460.SZ,"Ganfeng Lithium Co., Ltd.",1161,Inclusion,Hang Seng (China A) Corporate Sustainability Index,unchanged,1,1,002460.SZ,002460.SZ,parse_ok,002460.SZ,2021-09-03,128.80714416503906,-0.08158898991059493,-0.055962707781182064,0.4585085952867818,-0.18031815075456514,-0.18031815075456514,59678066.0,7686961250.752716,51430486.55,54787858.4,6841440781.942764,6474994567.419437,0.048607434832340486,0.049321480121208607,yfinance_info_static_sharesOutstanding,1,1,1,207842396210.89166,0.03698456807124654
2021-09-06,Hang Seng (China A) Corporate Sustainability Index,Inclusion,2601,002601.SZ,"LB Group Co., Ltd.",1162,Inclusion,Hang Seng (China A) Corporate Sustainability Index,unchanged,1,1,002601.SZ,002601.SZ,parse_ok,002601.SZ,2021-09-03,33.66999816894531,-0.07270732868348617,0.11674953880436001,-0.055540063735937784,-0.10213338216145829,-0.3077714105376621,54404236.0,1831790526.5028687,53720421.8,35613577.55,1851782415.837246,1190323578.5715163,0.04474323115253317,0.03517137065627184,yfinance_info_static_sharesOutstanding,1,1,1,80277627679.83142,0.02281819455114615
2021-09-06,Hang Seng (China A) Corporate Sustainability Index,Inclusion,300274,300274.SZ,"Sungrow Power Supply Co., Ltd.",1163,Inclusion,Hang Seng (China A) Corporate Sustainability Index,unchanged,1,1,300274.SZ,300274.SZ,parse_ok,300274.SZ,2021-09-03,99.9000015258789,-0.062474859769602764,-0.12456184945993864,0.47205553884224893,-0.1665077118494912,-0.1665077118494912,42825732.0,4278290692.146881,52157240.9,54588186.75,5486359996.303748,5128820483.142118,0.04199000220683926,0.050922272773621095,yfinance_info_static_sharesOutstanding,1,1,1,207113824421.06958,0.020656712337313456
2021-09-06,Hang Seng (China A) Corporate Sustainability Index,Inclusion,600588,600588.SH,"Yonyou Network Technology Co., Ltd.",1164,Inclusion,Hang Seng (China A) Corporate Sustainability Index,unchanged,1,1,600588.SH,600588.SS,parse_ok,600588.SS,2021-09-03,32.720001220703125,-0.07466061493436693,-0.16509307559904818,-0.07308776408269013,-0.20947084553747697,-0.35968684544533347,13611515.0,445368787.4156189,22335106.2,24450120.166666668,823332718.8191249,875010294.3257891,0.02656630375572249,0.030973322733541822,yfinance_info_static_sharesOutstanding,1,1,1,111804159393.61942,0.003983472438155425
2021-09-06,Hang Seng (China A) Corporate Sustainability Index,Inclusion,600958,600958.SH,"Orient Securities Co., Ltd.",1166,Inclusion,Hang Seng (China A) Corporate Sustainability Index,unchanged,1,1,600958.SH,600958.SS,parse_ok,600958.SS,2021-09-03,15.407078742980957,-0.05481933237119552,0.27353890012480386,0.6141974096694018,-0.10852276991263732,-0.10852276991263732,246220653.0,3793540988.9191904,329526913.3,198377496.8,5031680609.066829,2653770107.5551934,0.050031773645033646,0.04139869188954285,yfinance_info_static_sharesOutstanding,1,1,1,115082910654.99492,0.032963547474844306
2021-09-06,Hang Seng (China A) Corporate Sustainability Index,Inclusion,601088,601088.SH,"China Shenhua Energy Co., Ltd.",1167,Inclusion,Hang Seng (China A) Corporate Sustainability Index,unchanged,1,1,601088.SH,601088.SS,parse_ok,601088.SS,2021-09-03,19.969999313354492,0.09966957495323525,0.13984011367449178,-0.02251595618942559,-0.02964045736700438,-0.04768717371216902,58237252.0,1162997882.4516525,47802761.5,33872171.1,893911353.2078282,633405556.7626377,0.01905999202953052,0.02281226871820003,yfinance_info_static_sharesOutstanding,1,1,1,365689674937.0602,0.003180286352497699
2021-09-06,Hang Seng (China A) Corporate Sustainability Index,Removal,300124,300124.SZ,"Shenzhen Inovance Technology Co., Ltd.",1168,Removal,Hang Seng (China A) Corporate Sustainability Index,unchanged,1,1,300124.SZ,300124.SZ,parse_ok,300124.SZ,2021-09-03,69.0,-0.08122501462131337,-0.18256134336630458,0.10047845550879697,-0.21196891361461834,-0.21196891361461834,22085923.0,1523928687.0,29177939.95,30704868.533333335,2151602177.1782556,2306459712.797234,0.03345662267153927,0.03857405927504159,yfinance_info_static_sharesOutstanding,1,1,1,186798774228.0,0.008158130016099283
2021-09-06,Hang Seng (China A) Corporate Sustainability Index,Removal,600183,600183.SH,"Shengyi Technology Co., Ltd.",1169,Removal,Hang Seng (China A) Corporate Sustainability Index,unchanged,1,1,600183.SH,600183.SS,parse_ok,600183.SS,2021-09-03,22.940000534057617,-0.07499995000900606,-0.19649733285178628,0.009683152612324664,-0.21005510293245644,-0.24464932827981212,29640565.0,679954576.9297695,35811750.55,36546541.38333333,914135045.0211445,925253209.6176391,0.015539319041436616,0.023251275881173834,yfinance_info_static_sharesOutstanding,1,1,1,55723996433.489624,0.012202186139706283
2021-09-06,Hang Seng (China A) Corporate Sustainability Index,Removal,600377,600377.SH,Jiangsu Expressway Company Ltd.*,1170,Removal,Hang Seng (China A) Corporate Sustainability Index,unchanged,1,1,600377.SH,600377.SS,parse_ok,600377.SS,2021-09-03,8.640000343322754,0.0069930559615649646,0.02857151615376763,-0.13772455602750688,-0.1554251485886179,-0.1794871260756573,9902743.0,85559702.919837,8157133.25,6825791.783333333,69945884.29624733,61700409.088975094,0.009766593543598467,0.01237677239782625,yfinance_info_static_sharesOutstanding,1,1,1,32968059710.03294,0.002595230161324878
2021-09-06,Hang Seng (China A) Corporate Sustainability Index,Removal,600690,600690.SH,"Haier Smart Home Co., Ltd.",1171,Removal,Hang Seng (China A) Corporate Sustainability Index,unchanged,1,1,600690.SH,600690.SS,parse_ok,600690.SS,2021-09-03,28.440000534057617,0.08549617198052517,0.06278027992550506,0.006725682621508522,-0.017955751617887428,-0.19456246309947656,44709044.0,1271525235.2372055,40414188.3,43492512.8,1108836975.3923402,1155490013.7264657,0.026492183482871558,0.026503941093832376,,0,0,0,,
2021-09-06,Hang Seng (China A) Corporate Sustainability Index,Removal,601727,601727.SH,"Shanghai Electric Group Co., Ltd.",1172,Removal,Hang Seng (China A) Corporate Sustainability Index,unchanged,1,1,601727.SH,601727.SS,parse_ok,601727.SS,2021-09-03,4.929999828338623,0.04449153548340434,0.14651153712997722,0.12557070765462974,-0.014000034332275368,-0.18914475490099203,126959349.0,625909568.7759833,156269671.95,91765893.5,732280514.3908521,408275209.6868593,0.036492026469986456,0.028743973074849653,yfinance_info_static_sharesOutstanding,1,1,1,62195101239.86193,0.010063647398242788
2021-09-06,Hang Seng (China A) Corporate Sustainability Index,Removal,601808,601808.SH,China Oilfield Services Ltd.*,1173,Removal,Hang Seng (China A) Corporate Sustainability Index,unchanged,1,1,601808.SH,601808.SS,parse_ok,601808.SS,2021-09-03,14.109999656677246,0.08288564434680801,0.1462225163040729,-0.09318770718742508,-0.12032426114027095,-0.3056102426875894,11663364.0,164570062.03570175,10175111.1,9588740.683333334,133746242.89876875,131502609.28853661,0.018312970592689493,0.019251218135399165,yfinance_info_static_sharesOutstanding,1,1,1,41772202463.60397,0.00393970277672314
2021-09-06,Hang Seng (China A) Corporate Sustainability Index,Removal,601988,601988.SH,Bank of China Ltd.,1174,Removal,Hang Seng (China A) Corporate Sustainability Index,unchanged,1,1,601988.SH,601988.SS,parse_ok,601988.SS,2021-09-03,3.059999942779541,0.013245020564786714,0.023411348835963075,-0.012903213897927035,-0.009708728874782357,-0.08928570288176407,171108945.0,523593361.90906763,106731462.75,111247773.9,323469491.608115,338946128.4190455,0.005903854961449778,0.0047362540472965595,,0,0,0,,
2021-09-06,Hang Seng (China A) Corporate Sustainability Index,Removal,603019,603019.SH,"Dawning Information Industry Co., Ltd.",1175,Removal,Hang Seng (China A) Corporate Sustainability Index,unchanged,1,1,603019.SH,603019.SS,parse_ok,603019.SS,2021-09-03,28.31999969482422,-0.036734691759157445,-0.11500000953674316,-0.015299044873294254,-0.14698798060157547,-0.37689770694312663,12746083.0,360969066.67020416,21372979.25,27527928.216666665,639351509.0389178,829375176.0859959,0.0196263327745104,0.025689368342150114,yfinance_info_static_sharesOutstanding,1,1,1,41435438556.3725,0.008711602416832378
2021-09-06,Hang Seng China 50 Index,Inclusion,2714,002714.SZ,"Muyuan Foods Co., Ltd.",1176,Inclusion,Hang Seng China 50 Index,unchanged,1,1,002714.SZ,002714.SZ,parse_ok,002714.SZ,2021-09-03,45.849998474121094,0.06826655242720348,0.0844370813126023,-0.2825849071570967,-0.2762431005763776,-0.49416867180254165,68368785.0,3134708687.927513,50985900.15,45131855.61666667,2326666454.3682284,2216544180.131411,0.034718713836114294,0.03325890846377093,,0,0,0,,
2021-09-06,Hang Seng China 50 Index,Inclusion,1024,1024.HK,Kuaishou Technology - W,1177,Inclusion,Hang Seng China 50 Index,unchanged,1,1,1024.HK,1024.HK,parse_ok,1024.HK,2021-09-03,90.1500015258789,0.26172155880122516,0.061837454719005036,-0.5567846399653353,-0.5682471254393022,-0.7827710806605328,44578986.0,4018795655.9221344,33269838.35,18432983.35,2627527720.227352,1873439934.3148024,0.05901240235978811,0.0540808260424194,,0,0,0,,
2021-09-06,Hang Seng China 50 Index,Inclusion,1211,1211.HK,"BYD Co., Ltd.",1178,Inclusion,Hang Seng China 50 Index,unchanged,1,1,1211.HK,1211.HK,parse_ok,1211.HK,2021-09-03,84.80000305175781,-0.030487775625323232,-0.07625272077663581,0.275188015815907,-0.09337130955566986,-0.09337130955566986,26390196.0,2237888701.336487,28774082.55,35948414.9,2506440139.078774,2858902551.444171,0.029828935740694864,0.03982879265426285,yfinance_info_static_sharesOutstanding,1,1,1,312352331240.8447,0.007164629418472064
2021-09-06,Hang Seng China 50 Index,Inclusion,601012,601012.SH,"Longi Green Energy Technology Co., Ltd.",1179,Inclusion,Hang Seng China 50 Index,unchanged,1,1,601012.SH,601012.SS,parse_ok,601012.SS,2021-09-03,61.13571548461914,-0.05748267562090881,-0.06866161681025007,0.1560637155221105,-0.12034941748749439,-0.12034941748749439,132832788.0,8120827534.196732,146063855.55,144663502.98333332,9046309675.555613,8927785366.494446,0.03913755597100925,0.036478236630240496,yfinance_info_static_sharesOutstanding,1,1,1,463290490812.3516,0.01752858669720882
2021-09-06,Hang Seng China 50 Index,Inclusion,6618,6618.HK,JD Health International Inc.,1180,Inclusion,Hang Seng China 50 Index,unchanged,1,1,6618.HK,6618.HK,parse_ok,6618.HK,2021-09-03,78.30000305175781,0.1185714721679687,0.025540335515496837,-0.2434782313839825,-0.3119507824956218,-0.5984615228114984,12033057.0,942188399.8219757,12509385.6,9448050.483333332,902777675.3226776,777156734.7136762,0.0633384815294968,0.0636959391825208,,0,0,0,,
2021-09-06,Hang Seng China 50 Index,Inclusion,9888,9888.HK,"Baidu, Inc. - SW",1181,Inclusion,Hang Seng China 50 Index,unchanged,1,1,9888.HK,9888.HK,parse_ok,9888.HK,2021-09-03,158.60000610351562,0.053820638561565604,-0.014906794388101718,-0.1366357717022637,-0.20461378656886753,-0.37063489641462055,4691827.0,744123790.8366394,3662776.45,3161507.1166666667,544922165.0411507,521223520.6364644,0.033010001662253124,0.029728767596964138,,0,0,0,,
2021-09-06,Hang Seng China 50 Index,Removal,688,0688.HK,China Overseas Land & Investment Ltd.,1182,Removal,Hang Seng China 50 Index,unchanged,1,1,0688.HK,0688.HK,parse_ok,0688.HK,2021-09-03,18.15999984741211,0.024830730875142537,0.1073170896231741,-0.05416671219799074,-0.08004052391215177,-0.2052516610836027,19855197.0,360570374.4903374,21752324.35,20265982.4,392999337.43942595,364429795.43775517,0.023297016336149914,0.01925103797559223,yfinance_info_static_sharesOutstanding,1,1,1,198759083325.5433,0.0018141076546412057
2021-09-06,Hang Seng China 50 Index,Removal,788,0788.HK,China Tower Corporation Ltd.,1183,Removal,Hang Seng China 50 Index,unchanged,1,1,0788.HK,0788.HK,parse_ok,0788.HK,2021-09-03,10.5,0.029411783955364257,-0.03669721399350001,-0.03669721399350001,-0.045454545454545414,-0.30000000000000004,6892801.0,72374410.5,16126015.4,23785750.533333335,167052033.47947997,250650837.07339826,0.010594044704632832,0.010501850394501298,yfinance_info_static_sharesOutstanding,1,1,1,47740750050.0,0.001515988132239242
2021-09-06,Hang Seng China 50 Index,Removal,998,0998.HK,China CITIC Bank Corporation Ltd.,1184,Removal,Hang Seng China 50 Index,unchanged,1,1,0998.HK,0998.HK,parse_ok,0998.HK,2021-09-03,3.630000114440918,0.019662969883848636,0.03714288984026237,-0.13157888432648746,-0.12740378663737173,-0.15384611964589112,26026483.0,94476136.2684946,26177981.4,29051248.833333332,93507225.86775854,107806679.19175419,0.009887673031770055,0.013612651468248227,yfinance_info_static_sharesOutstanding,1,1,1,54022253309.63839,0.0017488373860858305
2021-09-06,Hang Seng China 50 Index,Removal,1339,1339.HK,"The People's Insurance Co., (Group) of China Ltd.",1185,Removal,Hang Seng China 50 Index,unchanged,1,1,1339.HK,1339.HK,parse_ok,1339.HK,2021-09-03,2.4800000190734863,0.012244886043219827,0.0376568662003971,-0.15358363052249224,-0.14482760775245118,-0.15358363052249224,44990923.0,111577489.89813375,33715744.25,28457543.883333333,81863760.86145236,72153198.53993545,0.01286489511162093,0.013582959862310394,yfinance_info_static_sharesOutstanding,1,1,1,21641060486.439705,0.005155823577502047
2021-09-06,Hang Seng China 50 Index,Removal,1988,1988.HK,"China Minsheng Banking Corp., Ltd.",1186,Removal,Hang Seng China 50 Index,unchanged,1,1,1988.HK,1988.HK,parse_ok,1988.HK,2021-09-03,3.3499999046325684,0.012084580829157865,0.056782278866397196,-0.17690423505188801,-0.17487685915111006,-0.3313373749325671,24751662.0,82918065.33949757,21909270.5,28412354.566666666,72128986.37744023,99272039.58639574,0.011999295511031972,0.014390814290967072,yfinance_info_static_sharesOutstanding,1,1,1,27872988424.664806,0.0029748537930767184
2021-09-06,Hang Seng China 50 Index,Removal,600104,600104.SH,SAIC Motor Corporation Ltd.,1187,Removal,Hang Seng China 50 Index,unchanged,1,1,600104.SH,600104.SS,parse_ok,600104.SS,2021-09-03,19.440000534057617,0.02911599588036906,0.01461381465946765,-0.025563920269579543,-0.13867962796137645,-0.3154929297473119,50760930.0,986792506.3092613,44469840.45,51217839.583333336,850753100.4582359,1045462291.5886215,0.016264314734135702,0.021987787215960126,,0,0,0,,
2021-09-06,Hang Seng China A Industry Top Index,Inclusion,63,000063.SZ,ZTE Corporation,1188,Inclusion,Hang Seng China A Industry Top Index,unchanged,1,1,000063.SZ,000063.SZ,parse_ok,000063.SZ,2021-09-03,33.2400016784668,-0.03428229381903747,-0.1616645548734319,0.0039263384391057254,-0.19045298181385406,-0.19045298181385406,49625039.0,1649536379.6539803,81117841.4,88822769.9,2870589339.792508,3187512510.5772705,0.025322462064871706,0.026923976002111105,yfinance_info_static_sharesOutstanding,1,1,1,133891802174.63857,0.0123199206587902
2021-09-06,Hang Seng China A Industry Top Index,Inclusion,2475,002475.SZ,"Luxshare Precision Industry Co., Ltd.",1189,Inclusion,Hang Seng China A Industry Top Index,unchanged,1,1,002475.SZ,002475.SZ,parse_ok,002475.SZ,2021-09-03,34.20000076293945,-0.09952603540959137,-0.15867159952831011,-0.15304606591641767,-0.2798483985220278,-0.44936402468430325,43619042.0,1491771269.678688,68461490.2,82341581.51666667,2587965921.2947454,3396991378.3378415,0.02856850435215164,0.02999904308928517,yfinance_info_static_sharesOutstanding,1,1,1,249180686094.96527,0.005986705041457985
2021-09-06,Hang Seng China A Industry Top Index,Inclusion,300999,300999.SZ,"Yihai Kerry Arawana Holdings Co., Ltd.",1190,Inclusion,Hang Seng China A Industry Top Index,unchanged,1,1,300999.SZ,300999.SZ,parse_ok,300999.SZ,2021-09-03,67.87999725341797,-0.0030841400465136948,-0.045154019550311064,-0.28396629674834895,-0.2636945931684852,-0.5318620879074623,8809564.0,597993180.1238098,12614846.85,15423688.033333333,906917697.1174129,1206364511.4253612,0.022255542556636337,0.02433011644626647,yfinance_info_static_sharesOutstanding,1,1,1,368017618572.8341,0.0016249036729350538
2021-09-06,Hang Seng China A Industry Top Index,Inclusion,600690,600690.SH,"Haier Smart Home Co., Ltd.",1191,Inclusion,Hang Seng China A Industry Top Index,unchanged,1,1,600690.SH,600690.SS,parse_ok,600690.SS,2021-09-03,28.440000534057617,0.08549617198052517,0.06278027992550506,0.006725682621508522,-0.017955751617887428,-0.19456246309947656,44709044.0,1271525235.2372055,40414188.3,43492512.8,1108836975.3923402,1155490013.7264657,0.026492183482871558,0.026503941093832376,,0,0,0,,
2021-09-06,Hang Seng China A Industry Top Index,Inclusion,600905,600905.SH,"China Three Gorges Renewables (Group) Co., Ltd.",1192,Inclusion,Hang Seng China A Industry Top Index,unchanged,1,1,600905.SH,600905.SS,parse_ok,600905.SS,2021-09-03,6.5,0.17540682701443644,0.09427608373485197,0.701570710364424,-0.18648308057581398,-0.18648308057581398,1811661815.0,11775801797.5,534939498.45,891237697.75,3168309914.655298,5489122719.820489,0.033083580513539226,0.04822604970324859,,0,0,0,,
2021-09-06,Hang Seng China A Industry Top Index,Inclusion,601808,601808.SH,China Oilfield Services Ltd.,1193,Inclusion,Hang Seng China A Industry Top Index,unchanged,1,1,601808.SH,601808.SS,parse_ok,601808.SS,2021-09-03,14.109999656677246,0.08288564434680801,0.1462225163040729,-0.09318770718742508,-0.12032426114027095,-0.3056102426875894,11663364.0,164570062.03570175,10175111.1,9588740.683333334,133746242.89876875,131502609.28853661,0.018312970592689493,0.019251218135399165,yfinance_info_static_sharesOutstanding,1,1,1,41772202463.60397,0.00393970277672314
2021-09-06,Hang Seng China A Industry Top Index,Inclusion,601888,601888.SH,China Tourism Group Duty Free Corporation Ltd.,1194,Inclusion,Hang Seng China A Industry Top Index,unchanged,1,1,601888.SH,601888.SS,parse_ok,601888.SS,2021-09-03,236.39999389648438,-0.015943062478336545,-0.061904786125062006,-0.24583678829595446,-0.23987140226210812,-0.39050172014468665,13567389.0,3207330676.7912292,13287254.4,13157169.366666667,3229650341.375933,3486525150.6020784,0.03254269160160137,0.030949809525125,yfinance_info_static_sharesOutstanding,1,1,1,461565206684.635,0.006948813797792696
2021-09-06,Hang Seng China A Industry Top Index,Inclusion,601919,601919.SH,"COSCO SHIPPING Holdings Co., Ltd.",1195,Inclusion,Hang Seng China A Industry Top Index,unchanged,1,1,601919.SH,601919.SS,parse_ok,601919.SS,2021-09-03,19.950000762939453,-0.08233666177663646,-0.011397400334891894,0.0361567022237721,-0.20444783164594416,-0.20444783164594416,220742075.0,4403804564.662838,294332224.7,340659073.0,6169946516.241484,7210774580.591038,0.03260588291253875,0.04038847833527581,yfinance_info_static_sharesOutstanding,1,1,1,250496360895.32654,0.017580313537980022
2021-09-06,Hang Seng China A Industry Top Index,Inclusion,603501,603501.SH,"Will Semiconductor Co., Ltd.",1196,Inclusion,Hang Seng China A Industry Top Index,unchanged,1,1,603501.SH,603501.SS,parse_ok,603501.SS,2021-09-03,172.22222900390625,-0.12633397180630312,-0.24749973431572736,-0.18469678834236392,-0.3192996384496486,-0.3192996384496486,12767726.0,2198886231.031128,12791880.8,13064480.733333332,2488482820.514708,2821901107.92932,0.037236552620361525,0.03741125207524886,,0,0,0,,
2021-09-06,Hang Seng China A Industry Top Index,Inclusion,688981,688981.SH,Semiconductor Manufacturing International Corporation,1197,Inclusion,Hang Seng China A Industry Top Index,unchanged,1,1,688981.SH,688981.SS,parse_ok,688981.SS,2021-09-03,56.77000045776367,-0.01985493348648326,-0.15846425691946853,-0.0015828376999965643,-0.15846425691946853,-0.1983902753121216,50609795.0,2873118085.3173256,47956076.0,59081462.35,2845446263.564139,3568320704.287839,0.023902379745574562,0.03512127619020213,,0,0,0,,
2021-09-06,Hang Seng China A Industry Top Index,Removal,725,000725.SZ,"BOE Technology Group Co., Ltd.",1198,Removal,Hang Seng China A Industry Top Index,unchanged,1,1,000725.SZ,000725.SZ,parse_ok,000725.SZ,2021-09-03,5.820000171661377,0.021052695861705883,0.008665544350111798,-0.02020200074126499,-0.11009171168062937,-0.21031204042958052,452277518.0,2632255232.3985815,507126612.2,645623343.7333333,2923237393.6712503,3915928738.367709,0.012747044560855616,0.016203921282174575,,0,0,0,,
2021-09-06,Hang Seng China A Industry Top Index,Removal,2024,002024.SZ,"Suning.Com Co., Ltd.",1199,Removal,Hang Seng China A Industry Top Index,unchanged,1,1,002024.SZ,002024.SZ,parse_ok,002024.SZ,2021-09-03,5.400000095367432,0.018867905855434186,-0.014598526172921567,-0.15624999767169356,-0.16018658794230822,-0.46268656787233553,25360859.0,136948641.0186,21807016.6,29459977.816666666,117585702.24159288,172110294.21576568,0.00760876713942576,0.027132433438217283,yfinance_info_static_sharesOutstanding,1,1,1,50029746020.757095,0.0027373443183537384
2021-09-06,Hang Seng China A Industry Top Index,Removal,2304,002304.SZ,"Jiangsu Yanghe Brewery Joint-Stock Co., Ltd.",1200,Removal,Hang Seng China A Industry Top Index,unchanged,1,1,002304.SZ,002304.SZ,parse_ok,002304.SZ,2021-09-03,166.32000732421875,-0.016439968533147664,-0.022107211114513303,-0.2915015662440096,-0.2299999660915799,-0.36928327787243076,6540174.0,1087761787.581665,6706278.35,9281967.516666668,1139018176.6878884,1758998338.1582599,0.027165878310114036,0.031372910467208984,yfinance_info_static_sharesOutstanding,1,1,1,250551955741.21326,0.0043414619708863015
2021-09-06,Hang Seng China A Industry Top Index,Removal,600018,600018.SH,"Shanghai International Port (Group) Co., Ltd.",1201,Removal,Hang Seng China A Industry Top Index,unchanged,1,1,600018.SH,600018.SS,parse_ok,600018.SS,2021-09-03,5.829999923706055,0.11685826782226916,0.16599998474121103,0.23255811843485708,-0.020168048639635616,-0.020168048639635616,63121486.0,367998258.5642128,46178020.15,44387393.86666667,249430877.1332214,228853055.40617746,0.02103942214585033,0.017932770350634144,yfinance_info_static_sharesOutstanding,1,1,1,135722167962.19997,0.0027114086378778163
2021-09-06,Hang Seng China A Industry Top Index,Removal,600188,600188.SH,"Yanzhou Coal Mining Co., Ltd.",1202,Removal,Hang Seng China A Industry Top Index,unchanged,1,1,600188.SH,600188.SS,parse_ok,600188.SS,2021-09-03,13.282051086425781,0.21197944500182175,0.47578345404730893,0.7312836077603231,-0.033582079713289636,-0.033582079713289636,76585288.0,1017209707.6846313,75108854.8,64064294.35,780370675.8563787,589963687.9608264,0.052557019267902544,0.046308641802703804,yfinance_info_static_sharesOutstanding,1,1,1,79187330161.68457,0.0128456118624999
2021-09-06,Hang Seng China A Industry Top Index,Removal,600606,600606.SH,Greenland Holdings Corporation Ltd.,1203,Removal,Hang Seng China A Industry Top Index,unchanged,1,1,600606.SH,600606.SS,parse_ok,600606.SS,2021-09-03,4.236362934112549,0.06150323858781781,0.056689420887187536,-0.1635899057601442,-0.13551237132491922,-0.3814159586562387,60778571.0,257480085.37272787,41968094.85,32968508.8,171589682.90319735,141838736.4765529,0.015088428003507483,0.01575854299762288,yfinance_info_static_sharesOutstanding,1,1,1,59538769533.35536,0.004324578545891513
2021-09-06,Hang Seng China A Industry Top Index,Removal,600703,600703.SH,"Sanan Optoelectronics Co., Ltd.",1204,Removal,Hang Seng China A Industry Top Index,unchanged,1,1,600703.SH,600703.SS,parse_ok,600703.SS,2021-09-03,33.029998779296875,-0.10024517561844126,-0.21729862127622956,0.11550145553694091,-0.2646927843792387,-0.2646927843792387,82231911.0,2716119919.9492493,101079230.95,128390943.36666666,3799939595.5741477,4657556272.539911,0.025453396730948683,0.040865202820064964,,0,0,0,,
2021-09-06,Hang Seng China A Industry Top Index,Removal,600795,600795.SH,"GD Power Development Co., Ltd.",1205,Removal,Hang Seng China A Industry Top Index,unchanged,1,1,600795.SH,600795.SS,parse_ok,600795.SS,2021-09-03,2.75,0.11788616152684028,0.17021281344688965,0.12244895774590314,0.0,0.0,274282406.0,754276616.5,101232144.3,59752418.166666664,255799090.15563926,146731111.6216587,0.022530514860216205,0.016668728464855943,yfinance_info_static_sharesOutstanding,1,1,1,49047952475.5,0.015378350745156377
2021-09-06,Hang Seng China A Industry Top Index,Removal,601006,601006.SH,"Daqin Railway Co., Ltd.",1206,Removal,Hang Seng China A Industry Top Index,unchanged,1,1,601006.SH,601006.SS,parse_ok,601006.SS,2021-09-03,6.170000076293945,0.023217224148329718,0.056506834774622705,-0.08456969053125885,-0.06938160334945376,-0.12976023363809663,38435805.0,237148919.7824192,28558951.7,32933633.483333334,171901879.139175,204287020.84276706,0.0059706345918906735,0.013523172855797818,yfinance_info_static_sharesOutstanding,1,1,1,124308088044.82767,0.001907751325858211
2021-09-06,Hang Seng China A Industry Top Index,Removal,601360,601360.SH,360 Security Technology Inc.,1207,Removal,Hang Seng China A Industry Top Index,unchanged,1,1,601360.SH,601360.SS,parse_ok,601360.SS,2021-09-03,12.180000305175781,0.033955906729354446,0.0,-0.06951870411034355,-0.09911243396581504,-0.3541887639976732,41817161.0,509333033.7415848,37850439.5,57441629.583333336,456410584.57905996,714082241.47667,0.013200086826202988,0.018475719666555385,yfinance_info_static_sharesOutstanding,1,1,1,85254617102.31555,0.005974257477812907
2021-09-06,Hang Seng China A Industry Top Index,Removal,601816,601816.SH,"Beijing-Shanghai High Speed Railway Co., Ltd.",1208,Removal,Hang Seng China A Industry Top Index,unchanged,1,1,601816.SH,601816.SS,parse_ok,601816.SS,2021-09-03,4.869999885559082,0.056399076901212375,0.07982253623222113,-0.15889466016499065,-0.15889466016499065,-0.21829857613975756,75827430.0,369279575.4222393,58946788.2,58519371.35,274165809.15076864,294022177.2209143,0.016588986955882023,0.01303444802637845,yfinance_info_static_sharesOutstanding,1,1,1,238268052932.80035,0.001549849301561165
2021-09-06,Hang Seng China A Top 100 Index,Inclusion,63,000063.SZ,ZTE Corporation,1209,Inclusion,Hang Seng China A Top 100 Index,unchanged,1,1,000063.SZ,000063.SZ,parse_ok,000063.SZ,2021-09-03,33.2400016784668,-0.03428229381903747,-0.1616645548734319,0.0039263384391057254,-0.19045298181385406,-0.19045298181385406,49625039.0,1649536379.6539803,81117841.4,88822769.9,2870589339.792508,3187512510.5772705,0.025322462064871706,0.026923976002111105,yfinance_info_static_sharesOutstanding,1,1,1,133891802174.63857,0.0123199206587902
2021-09-06,Hang Seng China A Top 100 Index,Inclusion,2493,002493.SZ,"Rongsheng Petrochemical Co., Ltd.",1210,Inclusion,Hang Seng China A Top 100 Index,unchanged,1,1,002493.SZ,002493.SZ,parse_ok,002493.SZ,2021-09-03,19.75,0.04221631687873639,0.057846808746261136,0.10644255338519115,-0.048651262897227654,-0.32823128380069966,98434515.0,1944081671.25,61916804.95,58764293.983333334,1200341374.161789,1110495280.9647763,0.029880076668205663,0.032401734441158334,,0,0,0,,
2021-09-06,Hang Seng China A Top 100 Index,Inclusion,2714,002714.SZ,"Muyuan Foods Co., Ltd.",1211,Inclusion,Hang Seng China A Top 100 Index,unchanged,1,1,002714.SZ,002714.SZ,parse_ok,002714.SZ,2021-09-03,45.849998474121094,0.06826655242720348,0.0844370813126023,-0.2825849071570967,-0.2762431005763776,-0.49416867180254165,68368785.0,3134708687.927513,50985900.15,45131855.61666667,2326666454.3682284,2216544180.131411,0.034718713836114294,0.03325890846377093,,0,0,0,,
2021-09-06,Hang Seng China A Top 100 Index,Inclusion,300760,300760.SZ,"Shenzhen Mindray Bio-Medical Electronics Co., Ltd.",1212,Inclusion,Hang Seng China A Top 100 Index,unchanged,1,1,300760.SZ,300760.SZ,parse_ok,300760.SZ,2021-09-03,331.20001220703125,0.024594005280839104,-0.13761223087039265,-0.31865869564193794,-0.33224456394669155,-0.33224456394669155,6710716.0,2222589221.11792,11136617.25,7307237.766666667,3622031713.528604,2764113750.0018234,0.053795996185292135,0.04365502006450234,yfinance_info_static_sharesOutstanding,1,1,1,401560604493.11,0.005534878661524814
2021-09-06,Hang Seng China A Top 100 Index,Inclusion,300999,300999.SZ,"Yihai Kerry Arawana Holdings Co., Ltd.",1213,Inclusion,Hang Seng China A Top 100 Index,unchanged,1,1,300999.SZ,300999.SZ,parse_ok,300999.SZ,2021-09-03,67.87999725341797,-0.0030841400465136948,-0.045154019550311064,-0.28396629674834895,-0.2636945931684852,-0.5318620879074623,8809564.0,597993180.1238098,12614846.85,15423688.033333333,906917697.1174129,1206364511.4253612,0.022255542556636337,0.02433011644626647,yfinance_info_static_sharesOutstanding,1,1,1,368017618572.8341,0.0016249036729350538
2021-09-06,Hang Seng China A Top 100 Index,Inclusion,601012,601012.SH,"Longi Green Energy Technology Co., Ltd.",1214,Inclusion,Hang Seng China A Top 100 Index,unchanged,1,1,601012.SH,601012.SS,parse_ok,601012.SS,2021-09-03,61.13571548461914,-0.05748267562090881,-0.06866161681025007,0.1560637155221105,-0.12034941748749439,-0.12034941748749439,132832788.0,8120827534.196732,146063855.55,144663502.98333332,9046309675.555613,8927785366.494446,0.03913755597100925,0.036478236630240496,yfinance_info_static_sharesOutstanding,1,1,1,463290490812.3516,0.01752858669720882
2021-09-06,Hang Seng China A Top 100 Index,Inclusion,601066,601066.SH,"China Securities Co., Ltd.",1215,Inclusion,Hang Seng China A Top 100 Index,unchanged,1,1,601066.SH,601066.SS,parse_ok,601066.SS,2021-09-03,30.989999771118164,0.148628624793129,0.17475362990942545,-0.0357809471178977,-0.0467548024882013,-0.42031424800156525,142113605.0,4404100586.422777,52662146.6,35397826.266666666,1548243881.2846553,1041086715.6464717,0.038334819936669484,0.02893416335371029,yfinance_info_static_sharesOutstanding,1,1,1,201300843887.90887,0.021878202303389892
2021-09-06,Hang Seng China A Top 100 Index,Inclusion,601919,601919.SH,"COSCO SHIPPING Holdings Co., Ltd.",1216,Inclusion,Hang Seng China A Top 100 Index,unchanged,1,1,601919.SH,601919.SS,parse_ok,601919.SS,2021-09-03,19.950000762939453,-0.08233666177663646,-0.011397400334891894,0.0361567022237721,-0.20444783164594416,-0.20444783164594416,220742075.0,4403804564.662838,294332224.7,340659073.0,6169946516.241484,7210774580.591038,0.03260588291253875,0.04038847833527581,yfinance_info_static_sharesOutstanding,1,1,1,250496360895.32654,0.017580313537980022
2021-09-06,Hang Seng China A Top 100 Index,Removal,600029,600029.SH,"China Southern Airlines Co., Ltd.",1217,Removal,Hang Seng China A Top 100 Index,unchanged,1,1,600029.SH,600029.SS,parse_ok,600029.SS,2021-09-03,6.010000228881836,0.059964752735968796,0.14258554512638,-0.047543536706524225,-0.041467265205040404,-0.16178519317557583,57099721.0,343169336.279089,27097524.9,31076143.1,153640743.65431678,181236123.24795818,0.010871812267336498,0.014451124372677544,yfinance_info_static_sharesOutstanding,1,1,1,80996585632.73337,0.004236837066628189
2021-09-06,Hang Seng China A Top 100 Index,Removal,600115,600115.SH,China Eastern Airlines Corporation Ltd.,1218,Removal,Hang Seng China A Top 100 Index,unchanged,1,1,600115.SH,600115.SS,parse_ok,600115.SS,2021-09-03,4.849999904632568,0.04077254580297329,0.12268511849789232,-0.07619049435570124,-0.07442745868715439,-0.16089970093731498,31107206.0,150869946.13338566,25676698.45,24196077.016666666,118859534.16466181,116267733.67117803,0.012432080208456667,0.014344173339299795,yfinance_info_static_sharesOutstanding,1,1,1,82571078107.42282,0.0018271524314737394
2021-09-06,Hang Seng China A Top 100 Index,Removal,600188,600188.SH,"Yanzhou Coal Mining Co., Ltd.",1219,Removal,Hang Seng China A Top 100 Index,unchanged,1,1,600188.SH,600188.SS,parse_ok,600188.SS,2021-09-03,13.282051086425781,0.21197944500182175,0.47578345404730893,0.7312836077603231,-0.033582079713289636,-0.033582079713289636,76585288.0,1017209707.6846313,75108854.8,64064294.35,780370675.8563787,589963687.9608264,0.052557019267902544,0.046308641802703804,yfinance_info_static_sharesOutstanding,1,1,1,79187330161.68457,0.0128456118624999
2021-09-06,Hang Seng China A Top 100 Index,Removal,600340,600340.SH,"China Fortune Land Development Co., Ltd.",1220,Removal,Hang Seng China A Top 100 Index,unchanged,1,1,600340.SH,600340.SS,parse_ok,600340.SS,2021-09-03,4.170000076293945,0.03990020904730085,0.007246427723635707,-0.18713450618540506,-0.2735191215030971,-0.7606199737066189,69441003.0,289568987.8079281,50519720.0,52280599.71666667,205307782.03676167,249387941.65632468,0.028193328787351323,0.02629320598674389,,0,0,0,,
2021-09-06,Hang Seng China A Top 100 Index,Removal,600383,600383.SH,Gemdale Corporation,1221,Removal,Hang Seng China A Top 100 Index,unchanged,1,1,600383.SH,600383.SS,parse_ok,600383.SS,2021-09-03,11.539999961853027,0.13248286919153585,0.25982534433265503,0.08458642758363055,-0.026160372121291964,-0.2732997557500766,49203361.0,567806784.0630407,57037553.7,31961068.916666668,615563687.9621845,331880585.31803006,0.04521696530247476,0.03209686325496495,,0,0,0,,
2021-09-06,Hang Seng China A Top 100 Index,Removal,600886,600886.SH,"SDIC Power Holdings Co., Ltd.",1222,Removal,Hang Seng China A Top 100 Index,unchanged,1,1,600886.SH,600886.SS,parse_ok,600886.SS,2021-09-03,9.960000038146973,0.10543837792810296,0.131818161621567,0.032124397085096845,0.0,-0.043227648017401754,46891983.0,467044152.4687872,17978974.55,17346014.433333334,166688874.10511693,160869871.53813776,0.024320674337200147,0.02134255359974658,,0,0,0,,
2021-09-06,Hang Seng China A Top 100 Index,Removal,601111,601111.SH,Air China Ltd.,1223,Removal,Hang Seng China A Top 100 Index,unchanged,1,1,601111.SH,601111.SS,parse_ok,601111.SS,2021-09-03,7.559999942779541,0.05439328623929107,0.198098258531739,-0.10107014507189638,-0.09569374961142907,-0.18971061043947313,58654592.0,443428712.1637573,35712318.75,34090393.666666664,250504292.76585513,247174162.1465193,0.013625665066963208,0.016913126702793962,yfinance_info_static_sharesOutstanding,1,1,1,94445645364.83566,0.004695067839822886
2021-09-06,Hang Seng China A Top 100 Index,Removal,601607,601607.SH,"Shanghai Pharmaceuticals Holding Co., Ltd.",1224,Removal,Hang Seng China A Top 100 Index,unchanged,1,1,601607.SH,601607.SS,parse_ok,601607.SS,2021-09-03,19.68000030517578,0.03742757077073078,0.03907073654974336,-0.09225092121066669,-0.08337210365280812,-0.15318414376090583,23153906.0,455668877.14601135,12504330.2,13012017.716666667,239798871.86665696,258203708.5150492,0.009734264426029074,0.011863324304467878,yfinance_info_static_sharesOutstanding,1,1,1,54893210437.62348,0.00830100614471801
2021-09-06,Hang Seng China Enterprises Index,Inclusion,2331,2331.HK,"Li Ning Co., Ltd.",1225,Inclusion,Hang Seng China Enterprises Index,unchanged,1,1,2331.HK,2331.HK,parse_ok,2331.HK,2021-09-03,99.9000015258789,0.016793908660345025,0.19927968626611947,0.36475417610352623,-0.05038018608470918,-0.05038018608470918,56708577.0,5665186928.830421,19093113.35,18068068.416666668,1813657258.315104,1611562823.3760538,0.03355895453980573,0.04501550335344208,yfinance_info_static_sharesOutstanding,1,1,1,257244920110.57507,0.022022541500120885
2021-09-06,Hang Seng China Enterprises Index,Inclusion,2618,2618.HK,"JD Logistics, Inc.",1226,Inclusion,Hang Seng China Enterprises Index,unchanged,1,1,2618.HK,2618.HK,parse_ok,2618.HK,2021-09-03,33.849998474121094,0.10620908667110518,0.1815008350725269,-0.24188135907449382,-0.22892944652481095,-0.27978726650806185,17991039.0,608996642.6978531,7915136.3,6969056.7,237207392.26958638,235570653.89882496,0.04036963394018672,0.03759974516133337,,0,0,0,,
2021-09-06,Hang Seng China Enterprises Index,Removal,813,0813.HK,Shimao Group Holdings Ltd.,1227,Removal,Hang Seng China Enterprises Index,unchanged,1,1,0813.HK,0813.HK,parse_ok,0813.HK,2021-09-03,16.639999389648438,0.07078503413742898,0.05316450561856012,-0.26044447157118056,-0.26534217792944126,-0.5396992458670208,17760700.0,295538037.159729,11379733.7,9400390.483333332,183738985.89946517,160287625.64098957,0.03021551549886422,0.02542213804950929,yfinance_info_static_sharesOutstanding,1,1,1,152466543921.8003,0.001938379591730693
2021-09-06,Hang Seng China Enterprises Index,Removal,914,0914.HK,"Anhui Conch Cement Co., Ltd.",1228,Removal,Hang Seng China Enterprises Index,unchanged,1,1,0914.HK,0914.HK,parse_ok,0914.HK,2021-09-03,46.29999923706055,0.1278928160188666,0.1251518230914972,0.08051343957510415,0.0,-0.20446737748939303,25061633.0,1160353588.7794914,10544596.1,9534659.283333333,455802401.87640536,394312512.65182894,0.024589142177809657,0.02235954434534494,yfinance_info_static_sharesOutstanding,1,1,1,60171479008.48389,0.019284112803939674
2021-09-06,Hang Seng Composite Index,Inclusion,13,0013.HK,HUTCHMED (China) Ltd.,1229,Inclusion,Hang Seng Composite Index,unchanged,1,1,0013.HK,0013.HK,parse_ok,0013.HK,2021-09-03,65.69999694824219,0.13963564977096588,-0.004545500784209233,,-0.1533505381426966,-0.1533505381426966,1339800.0,88024855.91125488,769127.65,2176053.212765957,47839731.92691593,137228129.48350483,0.030343931289340976,0.04725702005487182,,0,0,0,,
2021-09-06,Hang Seng Composite Index,Inclusion,1137,1137.HK,"Hong Kong Technology Venture Co., Ltd.",1231,Inclusion,Hang Seng Composite Index,unchanged,1,1,1137.HK,1137.HK,parse_ok,1137.HK,2021-09-03,11.279999732971191,0.13366833660314237,0.07633589939681906,0.1498470183971643,-0.032590061699293904,-0.3071253527511101,7469546.0,84256476.88541603,3249648.9,3164523.45,32669665.137361813,32805462.10411029,0.031439371673774544,0.03404157680078847,,0,0,0,,
2021-09-06,Hang Seng Composite Index,Inclusion,2150,2150.HK,Nayuki Holdings Ltd.,1232,Inclusion,Hang Seng Composite Index,unchanged,1,1,2150.HK,2150.HK,parse_ok,2150.HK,2021-09-03,13.460000038146973,0.2650375567510146,0.38335053148968057,,-0.21378508304152122,-0.21378508304152122,5084050.0,68431313.19394112,2619657.25,8476077.29787234,29442211.272604655,126743684.27387205,0.04724004624333061,0.07009856564484142,,0,0,0,,
2021-09-06,Hang Seng Composite Index,Inclusion,2171,2171.HK,CARsgen Therapeutics Holdings Ltd. - B,1233,Inclusion,Hang Seng Composite Index,unchanged,1,1,2171.HK,2171.HK,parse_ok,2171.HK,2021-09-03,48.599998474121094,0.32968534852504816,0.8236397437067335,,0.0,0.0,1722562.0,83716510.57157898,1300723.15,2333513.4909090907,47445640.81130028,73550926.51890065,0.05943291033495793,0.05866769648989108,,0,0,0,,
2021-09-06,Hang Seng Composite Index,Inclusion,2362,2362.HK,"Jinchuan Group International Resources Co., Ltd.",1234,Inclusion,Hang Seng Composite Index,unchanged,1,1,2362.HK,2362.HK,parse_ok,2362.HK,2021-09-03,1.3899999856948853,0.1119999885559082,0.24107141051517456,0.21929824836586542,0.0,-0.06711410953141472,94378000.0,131185418.64991188,53829506.0,26498297.1,67817102.64527217,32820851.110158134,0.049527189943655694,0.04225809194987856,yfinance_info_static_sharesOutstanding,1,1,1,18253593863.034058,0.007186826859097577
2021-09-06,Hang Seng Composite Index,Inclusion,2616,2616.HK,CStone Pharmaceuticals - B,1235,Inclusion,Hang Seng Composite Index,unchanged,1,1,2616.HK,2616.HK,parse_ok,2616.HK,2021-09-03,14.0600004196167,0.06515156233168451,0.03994082422851841,-0.009859112079500965,-0.22747253680082313,-0.22747253680082313,4157248.0,58450908.62445068,3445412.05,5446565.216666667,45256056.92485519,84454315.57555658,0.048463410252137316,0.04823940875325116,,0,0,0,,
2021-09-06,Hang Seng Composite Index,Inclusion,3738,3738.HK,Vobile Group Ltd.,1236,Inclusion,Hang Seng Composite Index,unchanged,1,1,3738.HK,3738.HK,parse_ok,3738.HK,2021-09-03,7.809999942779541,0.012970156178702563,0.24561402975083624,-0.056193316880577826,-0.13125693641612368,-0.32817204793294275,19865000.0,155145648.86331558,10088891.6,10689704.916666666,74675682.64144902,81245582.40535665,0.04402375038916693,0.05169758346639342,,0,0,0,,
2021-09-06,Hang Seng Composite Index,Inclusion,6601,6601.HK,Cheerwin Group Ltd.,1238,Inclusion,Hang Seng Composite Index,unchanged,1,1,6601.HK,6601.HK,parse_ok,6601.HK,2021-09-03,4.619999885559082,-0.04938276571234812,-0.21561969604666364,-0.46279073481046384,-0.4646581895371873,-0.4978260889846572,3467000.0,16017539.603233337,1729300.0,1680175.5166666666,8753357.768666744,10711629.65960111,0.02480185738960803,0.029011994798956532,,0,0,0,,
2021-09-06,Hang Seng Composite Index,Inclusion,6608,6608.HK,Bairong Inc. - W,1239,Inclusion,Hang Seng Composite Index,unchanged,1,1,6608.HK,6608.HK,parse_ok,6608.HK,2021-09-03,15.380000114440918,0.252443033296359,0.2924370258375224,-0.2658711429906898,-0.2728132202439404,-0.4417422671376491,2562400.0,39409712.29324341,512431.5,466525.6666666667,6568095.063445568,7179360.469037787,0.058993231421573165,0.05590651016612312,,0,0,0,,
2021-09-06,Hang Seng Composite Index,Inclusion,6699,6699.HK,Angelalign Technology Inc.,1240,Inclusion,Hang Seng Composite Index,unchanged,1,1,6699.HK,6699.HK,parse_ok,6699.HK,2021-09-03,360.0,-0.05610905673557132,-0.09999999999999998,,-0.21908893709327548,-0.21908893709327548,261558.0,94160880.0,222907.95,680539.1578947369,86009873.38469696,272163974.8521273,0.02625015392298305,0.041762943087755584,,0,0,0,,
2021-09-06,Hang Seng Composite Index,Inclusion,6865,6865.HK,"Flat Glass Group Co., Ltd. - H Shares",1241,Inclusion,Hang Seng Composite Index,unchanged,1,1,6865.HK,6865.HK,parse_ok,6865.HK,2021-09-03,40.0,0.0443864437807735,-0.024390243902439046,0.7316017030063364,-0.1189427608895739,-0.1189427608895739,7375079.0,295003160.0,10170808.2,10853294.433333334,373017681.18336153,362942947.1100499,0.0674797362035226,0.05925028537415916,yfinance_info_static_sharesOutstanding,1,1,1,17668600000.0,0.016696464915160227
2021-09-06,Hang Seng Composite Index,Inclusion,9858,9858.HK,China Youran Dairy Group Ltd.,1242,Inclusion,Hang Seng Composite Index,unchanged,1,1,9858.HK,9858.HK,parse_ok,9858.HK,2021-09-03,4.989999771118164,0.1550924937114342,0.0527426185805544,,-0.2079365682469756,-0.2079365682469756,1744000.0,8702559.600830078,1257000.0,8331938.381818182,5908443.419837952,49277906.78026316,0.02880126069550802,0.0376600415437574,,0,0,0,,
2021-09-06,Hang Seng Composite Index,Inclusion,9939,9939.HK,Kintor Pharmaceutical Ltd. - B,1243,Inclusion,Hang Seng Composite Index,unchanged,1,1,9939.HK,9939.HK,parse_ok,9939.HK,2021-09-03,78.0,0.08333333333333326,0.10559881822792594,0.328790442695287,-0.08235294117647063,-0.08235294117647063,2714500.0,211731000.0,2023952.95,2466531.966666667,151183827.55427855,168971366.22793987,0.045534742384992895,0.05450055966642196,,0,0,0,,
2021-09-06,Hang Seng Composite Index,Inclusion,9959,9959.HK,Linklogis Inc. - W,1244,Inclusion,Hang Seng Composite Index,unchanged,1,1,9959.HK,9959.HK,parse_ok,9959.HK,2021-09-03,11.319999694824219,0.0500927620806344,-0.07516340633149377,-0.276214869160338,-0.3738938195468844,-0.5379591961296237,11828000.0,133892956.39038086,2373930.0,4629937.7,27386403.646297455,61218614.73964036,0.03118756974710303,0.047182439699363636,,0,0,0,,
2021-09-06,Hang Seng Composite Index,Inclusion,9961,9961.HK,Trip.com Group Ltd. - S,1245,Inclusion,Hang Seng Composite Index,unchanged,1,1,9961.HK,9961.HK,parse_ok,9961.HK,2021-09-03,246.0,0.10017886084544325,0.2752722020925029,-0.1534755855704576,-0.16040955631399323,-0.2369726902693886,552032.0,135799872.0,223968.9,201857.96666666667,48748834.710919954,47194897.719947815,0.02604544369111566,0.030181176061333862,,0,0,0,,
2021-09-06,Hang Seng Composite Index,Removal,315,0315.HK,SmarTone Telecommunications Holdings Ltd.,1246,Removal,Hang Seng Composite Index,unchanged,1,1,0315.HK,0315.HK,parse_ok,0315.HK,2021-09-03,4.579999923706055,0.04090905100846176,0.0456620557167875,-0.012931022522848834,-0.04583338714307994,-0.09842519832859187,1065080.0,4878066.318740845,417643.65,414279.5833333333,1852918.51060791,1875822.0907299677,0.009875088870370311,0.0103516018009217,yfinance_info_static_sharesOutstanding,1,1,1,5042358248.584059,0.0009674176403690974
2021-09-06,Hang Seng Composite Index,Removal,548,0548.HK,"Shenzhen Expressway Co., Ltd. - H Shares",1247,Removal,Hang Seng Composite Index,unchanged,1,1,0548.HK,0548.HK,parse_ok,0548.HK,2021-09-03,7.5,0.014884998038128039,0.0273972334300725,-0.015748016714081325,-0.020887708955524942,-0.12280703711243035,1410971.0,10582282.5,987086.5,1593784.45,7307313.204924678,11885790.854218205,0.009657568239799616,0.012697454015439393,yfinance_info_static_sharesOutstanding,1,1,1,5606250000.0,0.0018875866220735785
2021-09-06,Hang Seng Composite Index,Removal,874,0874.HK,"Guangzhou Baiyunshan Pharmaceutical Holdings Co., Ltd.- H
Shares",1248,Removal,Hang Seng Composite Index,unchanged,1,1,0874.HK,0874.HK,parse_ok,0874.HK,2021-09-03,20.799999237060547,0.049444982710683094,-0.016548481691842643,-0.07142858967489152,-0.152749495582021,-0.152749495582021,1408000.0,29286398.92578125,1399436.1,1744348.2166666666,28597967.42564211,38947249.50027631,0.01698494592330629,0.02260820677141385,,0,0,0,,
2021-09-06,Hang Seng Composite Index,Removal,978,0978.HK,China Merchants Land Ltd.,1249,Removal,Hang Seng Composite Index,unchanged,1,1,0978.HK,0978.HK,parse_ok,0978.HK,2021-09-03,1.0099999904632568,-0.00980391240220746,0.009999990463256836,-0.09009011040820591,-0.09821429806856474,-0.17886180910464322,5112000.0,5163119.951248169,1002400.0,1167761.6166666667,1023447.979927063,1241629.1818836867,0.017433089276212226,0.015951644821558836,,0,0,0,,
2021-09-06,Hang Seng Composite Index,Removal,1119,1119.HK,iDreamSky Technology Holdings Ltd.,1250,Removal,Hang Seng Composite Index,unchanged,1,1,1119.HK,1119.HK,parse_ok,1119.HK,2021-09-03,4.590000152587891,-0.0801602478712421,-0.027542297326771936,-0.08383234672779316,-0.4255318793400239,-0.4255318793400239,11923400.0,54728407.819366455,13594383.2,25516750.883333333,66184198.14915605,149182313.1519299,0.040258217499138306,0.057834743082923884,,0,0,0,,
2021-09-06,Hang Seng Composite Index,Removal,1138,1138.HK,"COSCO SHIPPING Energy Transportation Co., Ltd. - H Shares",1251,Removal,Hang Seng Composite Index,unchanged,1,1,1138.HK,1138.HK,parse_ok,1138.HK,2021-09-03,3.1500000953674316,0.06060608249941013,0.08247422764877088,-0.10511360442158091,-0.15094337925108037,-0.2124999761581421,7740000.0,24381000.73814392,4764516.1,5647118.816666666,14217192.162963485,18672378.142722435,0.015788408781519454,0.01832144808558668,yfinance_info_static_sharesOutstanding,1,1,1,4082400123.5961914,0.0059722222222222225
2021-09-06,Hang Seng Composite Index,Removal,1383,1383.HK,Suncity Group Holdings Ltd.,1252,Removal,Hang Seng Composite Index,unchanged,1,1,1383.HK,1383.HK,parse_ok,1383.HK,2021-09-03,0.3100000023841858,-0.031249970896168877,-0.17333332697550452,-0.36082475620472043,-0.33333333333333337,-0.6352941250718587,4560000.0,1413600.0108718872,11395300.0,11780555.0,3663335.0113660097,4520458.457036018,0.027481933837502952,0.030155153251191353,,0,0,0,,
2021-09-06,Hang Seng Composite Index,Removal,1508,1508.HK,China Reinsurance (Group) Corporation - H Shares,1253,Removal,Hang Seng Composite Index,unchanged,1,1,1508.HK,1508.HK,parse_ok,1508.HK,2021-09-03,0.8199999928474426,0.012345667202249944,0.07894737254879813,-0.023809501846360326,-0.03529415312110251,-0.10869567611717734,29502000.0,24191639.788985252,25142336.5,24972318.683333334,19848150.22333253,19726252.555838082,0.017121196045586623,0.015799637730076407,yfinance_info_static_sharesOutstanding,1,1,1,5477121646.225089,0.004416852747037028
2021-09-06,Hang Seng Composite Index,Removal,1569,1569.HK,"Minsheng Education Group Co., Ltd.",1255,Removal,Hang Seng Composite Index,unchanged,1,1,1569.HK,1569.HK,parse_ok,1569.HK,2021-09-03,1.149999976158142,-0.008620681681899223,-0.057377090828291566,-0.1221373844352337,-0.19014083738484022,-0.35754189906928846,200000.0,229999.99523162842,1368800.0,1894847.2833333334,1730994.995856285,2433216.7710005064,0.04336576172102782,0.03826831976643298,,0,0,0,,
2021-09-06,Hang Seng Composite Index,Removal,1778,1778.HK,"Colour Life Services Group Co., Ltd.",1256,Removal,Hang Seng Composite Index,unchanged,1,1,1778.HK,1778.HK,parse_ok,1778.HK,2021-09-03,2.6500000953674316,-0.025735269303862496,0.039215743106313594,-0.18711653278537044,-0.18960241259188415,-0.3391521336380652,304000.0,805600.0289916992,262444.8,313909.93333333335,699047.6440086842,881714.6306366841,0.019687091490866747,0.017717682010874123,,0,0,0,,
2021-09-06,Hang Seng Composite Index,Removal,1817,1817.HK,Mulsanne Group Holding Ltd.,1257,Removal,Hang Seng Composite Index,unchanged,1,1,1817.HK,1817.HK,parse_ok,1817.HK,2021-09-03,5.710000038146973,-0.08346709138595587,-0.19915849277728814,0.010619458719785868,-0.20694441813745545,-0.2880299610682103,801000.0,4573710.030555725,870000.0,1075733.3333333333,5591470.224916935,6835004.399609566,0.029714978492045404,0.032108922457457806,yfinance_info_static_sharesOutstanding,1,1,1,5270330035.209656,0.0008678223185265439
2021-09-06,Hang Seng Composite Index,Removal,1848,1848.HK,China Aircraft Leasing Group Holdings Ltd.,1258,Removal,Hang Seng Composite Index,unchanged,1,1,1848.HK,1848.HK,parse_ok,1848.HK,2021-09-03,5.610000133514404,0.016304375525157955,0.04859817448906889,-0.09223296288949134,-0.09807068766130145,-0.2637794989805572,31293.0,175553.73417806625,122499.35,162279.35,673816.364341855,936155.3674754143,0.014779107889210441,0.012770143279532771,,0,0,0,,
2021-09-06,Hang Seng Composite Index,Removal,2329,2329.HK,Guorui Properties Ltd.,1259,Removal,Hang Seng Composite Index,unchanged,1,1,2329.HK,2329.HK,parse_ok,2329.HK,2021-09-03,0.38499999046325684,0.20312499708961695,0.16666659140827988,0.18461539872299326,-0.12500001693313778,-0.6681034469469832,437000.0,168244.99583244324,532600.0,1948700.0,177682.99896717072,741309.3231561322,0.04495243669303204,0.05741603344785085,yfinance_info_static_sharesOutstanding,1,1,1,1711100882.2247272,9.832558534695841e-05
2021-09-06,Hang Seng Composite Index,Removal,2386,2386.HK,"SINOPEC Engineering (Group) Co., Ltd. - H Shares",1260,Removal,Hang Seng Composite Index,unchanged,1,1,2386.HK,2386.HK,parse_ok,2386.HK,2021-09-03,4.170000076293945,0.03473941915557699,-0.09740255853073054,-0.1693226908091917,-0.1949806535743871,-0.2057142711821056,3948000.0,16463160.301208496,2856214.5,3969832.8,12191954.186104607,18352644.63546033,0.019476468351740207,0.017410462609539427,,0,0,0,,
2021-09-06,Hang Seng Composite Index,Removal,2877,2877.HK,China Shineway Pharmaceutical Group Ltd.,1262,Removal,Hang Seng Composite Index,unchanged,1,1,2877.HK,2877.HK,parse_ok,2877.HK,2021-09-03,8.6899995803833,0.14795236239421627,0.061050064177976315,0.11267601076198885,-0.07651437605780831,-0.07651437605780831,1765000.0,15337849.259376526,1087511.55,1489989.6,8821994.722616792,12478648.715096513,0.033747749704019996,0.03590943290779192,yfinance_info_static_sharesOutstanding,1,1,1,6564425683.021545,0.002336510458035478
2021-09-06,Hang Seng Composite Index,Removal,3836,3836.HK,China Harmony Auto Holding Ltd.,1263,Removal,Hang Seng Composite Index,unchanged,1,1,3836.HK,3836.HK,parse_ok,3836.HK,2021-09-03,4.519999980926514,0.024943341796021867,0.17402599815333963,0.28409091063028535,0.0,0.0,2902000.0,13117039.944648743,6872997.5,5271724.166666667,29303666.836920977,20760925.82153797,0.013722452656771546,0.020425365211329708,,0,0,0,,
2021-09-06,Hang Seng Composite Index,Removal,3958,3958.HK,DFZQ - H Shares,1264,Removal,Hang Seng Composite Index,unchanged,1,1,3958.HK,3958.HK,parse_ok,3958.HK,2021-09-03,7.909999847412109,-0.0025220657452024176,0.06174497314414662,0.5124282635879216,-0.07916185018587207,-0.07916185018587207,12755200.0,100893630.05371094,26934474.55,12742776.55,216401215.44035617,96411689.2747081,0.03909081051386609,0.030819685587028356,yfinance_info_static_sharesOutstanding,1,1,1,8124854648.747452,0.012417899693659746
2021-09-06,Hang Seng Composite Index,Removal,6806,6806.HK,"Shenwan Hongyuan Group Co., Ltd. - H Shares",1266,Removal,Hang Seng Composite Index,unchanged,1,1,6806.HK,6806.HK,parse_ok,6806.HK,2021-09-03,2.0899999141693115,0.09999996862913396,0.05025120811725392,-0.05000005960464349,-0.05000005960464349,-0.1640000343322754,132023200.0,275928476.66835785,23721422.6,9791936.616666667,47040017.820430204,19506503.54777928,0.020447313262045862,0.0183566339379098,yfinance_info_static_sharesOutstanding,1,1,1,5233359785.079956,0.052724920127795526
2021-09-06,Hang Seng Composite Index,Removal,6869,6869.HK,"Yangtze Optical Fibre and Cable Joint Stock Ltd. Co., - H Shares",1267,Removal,Hang Seng Composite Index,unchanged,1,1,6869.HK,6869.HK,parse_ok,6869.HK,2021-09-03,11.579999923706055,0.12865493814594942,0.008710834970141912,0.1352941313966889,-0.028523502551318747,-0.19020980634609563,3577100.0,41422817.72708893,1007901.8,1145673.9166666667,11277159.877173234,12067479.324457677,0.030945095634287535,0.024990191903434364,yfinance_info_static_sharesOutstanding,1,1,1,4881743442.357006,0.008485250856831005
2021-09-06,Hang Seng Corporate Sustainability Index,Inclusion,66,0066.HK,MTR Corporation Ltd.,1268,Inclusion,Hang Seng Corporate Sustainability Index,unchanged,1,1,0066.HK,0066.HK,parse_ok,0066.HK,2021-09-03,43.849998474121094,-0.006795085875183071,-0.023385367841304516,0.013872797089504951,-0.06702130906125336,-0.1051020719567124,4258501.0,186735262.35204315,2813399.65,3540821.183333333,125594940.20581226,158589244.67385647,0.005493593841254181,0.007657749206471232,yfinance_info_static_sharesOutstanding,1,1,1,272527106445.68466,0.0006851988588858406
2021-09-06,Hang Seng Corporate Sustainability Index,Inclusion,288,0288.HK,WH Group Ltd.,1269,Inclusion,Hang Seng Corporate Sustainability Index,unchanged,1,1,0288.HK,0288.HK,parse_ok,0288.HK,2021-09-03,6.110000133514404,-0.023961675700166052,-0.028616825028659476,-0.16415866192316975,-0.1537395691043063,-0.1776581056959965,33325374.0,203618039.58941746,50214824.3,39819306.13333333,310277596.70482576,256791292.70703036,0.04286661933636845,0.02749048356307752,yfinance_info_static_sharesOutstanding,1,1,1,78392643163.51912,0.0025974126062402415
2021-09-06,Hang Seng Corporate Sustainability Index,Inclusion,941,0941.HK,China Mobile Ltd.,1270,Inclusion,Hang Seng Corporate Sustainability Index,unchanged,1,1,0941.HK,0941.HK,parse_ok,0941.HK,2021-09-03,48.25,0.01685983612639652,-0.019308958296908263,-0.013292464327120945,-0.07032758031922037,-0.1512752630597859,41009534.0,1978710015.5,34693296.35,31333007.966666665,1732420788.8501592,1534708652.3058085,0.015288338339131778,0.013219766141042835,yfinance_info_static_sharesOutstanding,1,1,1,999198953064.0,0.0019802963258041574
2021-09-06,Hang Seng Corporate Sustainability Index,Inclusion,1109,1109.HK,China Resources Land Ltd.,1271,Inclusion,Hang Seng Corporate Sustainability Index,unchanged,1,1,1109.HK,1109.HK,parse_ok,1109.HK,2021-09-03,30.299999237060547,0.048442894014179005,0.16538458604079032,-0.1641379520810884,-0.1709986355803449,-0.25735294598884106,20840955.0,631480920.5996132,17195573.4,15278664.366666667,493406663.2486175,452082191.9633916,0.027165033328614842,0.026938065575890034,yfinance_info_static_sharesOutstanding,1,1,1,216067463803.22485,0.002922609954707064
2021-09-06,Hang Seng Corporate Sustainability Index,Inclusion,1347,1347.HK,Hua Hong Semiconductor Ltd.,1272,Inclusion,Hang Seng Corporate Sustainability Index,unchanged,1,1,1347.HK,1347.HK,parse_ok,1347.HK,2021-09-03,45.70000076293945,0.006607912488495016,-0.16146787590936784,0.09330147361393015,-0.16146787590936784,-0.28201100286920366,7555599.0,345290880.06446457,11743835.25,14343377.9,532767125.3242878,632847055.6993581,0.029724138639179592,0.036959393204731204,yfinance_info_static_sharesOutstanding,1,1,1,60774794634.70586,0.0056814816428402025
2021-09-06,Hang Seng Corporate Sustainability Index,Inclusion,1929,1929.HK,Chow Tai Fook Jewellery Group Ltd.,1273,Inclusion,Hang Seng Corporate Sustainability Index,unchanged,1,1,1929.HK,1929.HK,parse_ok,1929.HK,2021-09-03,15.880000114440918,0.08027213064533845,0.06720430055840576,-0.007499992847442627,-0.10484778357807212,-0.10484778357807212,4545988.0,72190289.96024704,5777505.7,7944683.466666667,86916657.61805515,127223719.07774691,0.030356566803905832,0.02950824386896355,,0,0,0,,
2021-09-06,Hang Seng Corporate Sustainability Index,Inclusion,2382,2382.HK,Sunny Optical Technology (Group) Company Ltd.,1274,Inclusion,Hang Seng Corporate Sustainability Index,unchanged,1,1,2382.HK,2382.HK,parse_ok,2382.HK,2021-09-03,237.39999389648438,0.08105640846192941,-0.0008418021965206357,0.22308081623591702,-0.057188280304800054,-0.057188280304800054,5046579.0,1198057823.7981262,6055824.25,6544030.866666666,1353113640.8448067,1480040388.1004403,0.022873279992625496,0.03236980419953488,yfinance_info_static_sharesOutstanding,1,1,1,254770503969.89136,0.004702498150805212
2021-09-06,Hang Seng Corporate Sustainability Index,Removal,8,0008.HK,PCCW Ltd.*,1275,Removal,Hang Seng Corporate Sustainability Index,unchanged,1,1,0008.HK,0008.HK,parse_ok,0008.HK,2021-09-03,4.090000152587891,0.017412978107836707,-0.026190395636349395,-0.012077225968644578,-0.026190395636349395,-0.18687873121505783,6028478.0,24656475.93987274,8462222.2,11087395.1,34693796.28420214,45518476.80751876,0.0058652629422319075,0.007241135925453903,yfinance_info_static_sharesOutstanding,1,1,1,31688349880.83474,0.0007780927701377437
2021-09-06,Hang Seng Corporate Sustainability Index,Removal,19,0019.HK,Swire Pacific Ltd.*,1276,Removal,Hang Seng Corporate Sustainability Index,unchanged,1,1,0019.HK,0019.HK,parse_ok,0019.HK,2021-09-03,53.04999923706055,-0.004690431586838906,0.09720787820614074,-0.09393680737264043,-0.08376514958554204,-0.1723868876770993,777369.0,41239424.85691452,1270981.75,1178574.9,67666578.20668927,62054181.61784534,0.02037212993819149,0.017619508190477327,yfinance_info_static_sharesOutstanding,1,1,1,41325312805.67932,0.0009979216624646336
2021-09-06,Hang Seng Corporate Sustainability Index,Removal,257,0257.HK,China Everbright Environment Group Ltd.*,1277,Removal,Hang Seng Corporate Sustainability Index,unchanged,1,1,0257.HK,0257.HK,parse_ok,0257.HK,2021-09-03,5.420000076293945,0.05859378856257624,0.21524664348340017,0.19383262595485595,-0.023423443238423602,-0.023423443238423602,36724237.0,199045367.34183693,36785563.6,22297572.2,194056472.3670358,107925119.16238125,0.03681924963692889,0.023849386315209407,,0,0,0,,
2021-09-06,Hang Seng Corporate Sustainability Index,Removal,293,0293.HK,Cathay Pacific Airways Ltd.*,1278,Removal,Hang Seng Corporate Sustainability Index,unchanged,1,1,0293.HK,0293.HK,parse_ok,0293.HK,2021-09-03,6.570000171661377,0.03464571186344578,0.059677479641744524,-0.0533141041078421,-0.07334273197959107,-0.16730034438038333,1933929.0,12705913.861980915,3784837.6,4915108.666666667,24166267.72606511,32256694.816418607,0.015622911827868239,0.013718607499000515,yfinance_info_static_sharesOutstanding,1,1,1,39953012253.55481,0.0003180214243007524
2021-09-06,Hang Seng Corporate Sustainability Index,Removal,345,0345.HK,Vitasoy International Holdings Ltd.*,1279,Removal,Hang Seng Corporate Sustainability Index,unchanged,1,1,0345.HK,0345.HK,parse_ok,0345.HK,2021-09-03,20.149999618530273,0.05276908365149047,-0.060606111802815166,-0.33278148644096206,-0.32495814535938894,-0.4402777883741591,2244190.0,45220427.643909454,4784400.05,4777834.366666666,94081565.81901789,111596718.77342539,0.03186396885545819,0.027660507798487013,yfinance_info_static_sharesOutstanding,1,1,1,20478224755.66648,0.0022082201061591838
2021-09-06,Hang Seng Corporate Sustainability Index,Removal,659,0659.HK,NWS Holdings Ltd.*,1280,Removal,Hang Seng Corporate Sustainability Index,unchanged,1,1,0659.HK,0659.HK,parse_ok,0659.HK,2021-09-03,6.699999809265137,-0.0053980352904192674,-0.05148000630235172,-0.13599061888545771,-0.14102568648348868,-0.21176472832174864,3462800.0,23200759.339523315,1993391.25,2139759.35,13525172.601721812,15413250.355763698,0.013656690626287965,0.015102266140956963,yfinance_info_static_sharesOutstanding,1,1,1,30586553039.265347,0.0007585280796348463
2021-09-06,Hang Seng Corporate Sustainability Index,Removal,683,0683.HK,Kerry Properties Ltd.*,1281,Removal,Hang Seng Corporate Sustainability Index,unchanged,1,1,0683.HK,0683.HK,parse_ok,0683.HK,2021-09-03,26.149999618530273,-0.015065899435956376,0.14442009549096957,0.011605386175374877,-0.016917321672406227,-0.04387571284103098,1284300.0,33584444.51007843,1315582.0,1228563.2166666666,33423615.681281377,30612752.367467977,0.01458089096214331,0.013324014089213012,yfinance_info_static_sharesOutstanding,1,1,1,37951644233.5708,0.000884927259103328
2021-09-06,Hang Seng ESG 50 Index,Inclusion,66,0066.HK,MTR Corporation Ltd.,1282,Inclusion,Hang Seng ESG 50 Index,unchanged,1,1,0066.HK,0066.HK,parse_ok,0066.HK,2021-09-03,43.849998474121094,-0.006795085875183071,-0.023385367841304516,0.013872797089504951,-0.06702130906125336,-0.1051020719567124,4258501.0,186735262.35204315,2813399.65,3540821.183333333,125594940.20581226,158589244.67385647,0.005493593841254181,0.007657749206471232,yfinance_info_static_sharesOutstanding,1,1,1,272527106445.68466,0.0006851988588858406
2021-09-06,Hang Seng ESG 50 Index,Inclusion,175,0175.HK,Geely Automobile Holdings Ltd.,1283,Inclusion,Hang Seng ESG 50 Index,unchanged,1,1,0175.HK,0175.HK,parse_ok,0175.HK,2021-09-03,27.399999618530273,0.062015520495496634,0.0036630177386223206,0.2597700974036907,-0.05190311487195387,-0.18934910541396976,62031182.0,1699654363.136982,82402273.85,94826799.9,2212260089.891732,2397740410.973005,0.029579038181458694,0.03061313069566048,yfinance_info_static_sharesOutstanding,1,1,1,295912784118.02734,0.005743767942310529
2021-09-06,Hang Seng ESG 50 Index,Inclusion,656,0656.HK,Fosun International Ltd.,1284,Inclusion,Hang Seng ESG 50 Index,unchanged,1,1,0656.HK,0656.HK,parse_ok,0656.HK,2021-09-03,10.5,0.08921157946565161,0.04790414374326857,-0.10865872342837024,-0.11167510396825342,-0.20694862677378745,4609726.0,48402123.0,4938226.85,4275206.716666667,48763525.820819184,45319966.09918955,0.019848461877780384,0.01959143790603889,yfinance_info_static_sharesOutstanding,1,1,1,85383362337.0,0.0005668800299636998
2021-09-06,Hang Seng ESG 50 Index,Inclusion,669,0669.HK,"Techtronic Industries Co., Ltd.",1285,Inclusion,Hang Seng ESG 50 Index,unchanged,1,1,0669.HK,0669.HK,parse_ok,0669.HK,2021-09-03,173.89999389648438,0.028385497455454933,0.18703067506132687,0.2815032999802658,0.0,0.0,6352877.0,1104765271.525116,5407050.2,4017751.216666667,893479545.154515,600482026.4934415,0.031866855541307255,0.025911121391609553,yfinance_info_static_sharesOutstanding,1,1,1,318191764572.0537,0.003472010889442567
2021-09-06,Hang Seng ESG 50 Index,Inclusion,884,0884.HK,"CIFI Holdings (Group) Co., Ltd.",1286,Inclusion,Hang Seng ESG 50 Index,unchanged,1,1,0884.HK,0884.HK,parse_ok,0884.HK,2021-09-03,5.065421104431152,0.03313826202757908,0.09278358787483776,-0.23076931989181337,-0.22514626580002528,-0.3178893487965384,10232908.0,51833988.142902374,14069487.6,12990463.616666667,72247697.89500181,67679316.5683046,0.029294932900468813,0.027181279975028092,yfinance_info_static_sharesOutstanding,1,1,1,84705518804.40771,0.0006119316530318584
2021-09-06,Hang Seng ESG 50 Index,Inclusion,1113,1113.HK,CK Asset Holdings Ltd.,1287,Inclusion,Hang Seng ESG 50 Index,unchanged,1,1,1113.HK,1113.HK,parse_ok,1113.HK,2021-09-03,49.70000076293945,-0.02068964013912411,-0.051526730616715644,-0.03682166215827598,-0.09800359093871602,-0.09800359093871602,11862516.0,589567054.2503815,5561679.6,6044492.433333334,283158467.9330608,317025835.7795584,0.008553851361742153,0.010810363538007694,yfinance_info_static_sharesOutstanding,1,1,1,173938985820.21896,0.0033895049546842256
2021-09-06,Hang Seng ESG 50 Index,Inclusion,1347,1347.HK,Hua Hong Semiconductor Ltd.,1288,Inclusion,Hang Seng ESG 50 Index,unchanged,1,1,1347.HK,1347.HK,parse_ok,1347.HK,2021-09-03,45.70000076293945,0.006607912488495016,-0.16146787590936784,0.09330147361393015,-0.16146787590936784,-0.28201100286920366,7555599.0,345290880.06446457,11743835.25,14343377.9,532767125.3242878,632847055.6993581,0.029724138639179592,0.036959393204731204,yfinance_info_static_sharesOutstanding,1,1,1,60774794634.70586,0.0056814816428402025
2021-09-06,Hang Seng ESG 50 Index,Inclusion,2382,2382.HK,"Sunny Optical Technology (Group) Co., Ltd.",1289,Inclusion,Hang Seng ESG 50 Index,unchanged,1,1,2382.HK,2382.HK,parse_ok,2382.HK,2021-09-03,237.39999389648438,0.08105640846192941,-0.0008418021965206357,0.22308081623591702,-0.057188280304800054,-0.057188280304800054,5046579.0,1198057823.7981262,6055824.25,6544030.866666666,1353113640.8448067,1480040388.1004403,0.022873279992625496,0.03236980419953488,yfinance_info_static_sharesOutstanding,1,1,1,254770503969.89136,0.004702498150805212
2021-09-06,Hang Seng ESG 50 Index,Inclusion,2689,2689.HK,Nine Dragons Paper (Holdings) Ltd.,1290,Inclusion,Hang Seng ESG 50 Index,unchanged,1,1,2689.HK,2689.HK,parse_ok,2689.HK,2021-09-03,11.180000305175781,0.06476193382626483,0.09607848178785883,0.029465990664353514,-0.01757467550561287,-0.2878980610829015,10104276.0,112965808.76358032,5975958.05,7840532.166666667,63861476.90977182,83234108.20231362,0.02291707097853491,0.02654269030250628,,0,0,0,,
2021-09-06,Hang Seng ESG 50 Index,Inclusion,3380,3380.HK,Logan Group Company Ltd.,1291,Inclusion,Hang Seng ESG 50 Index,unchanged,1,1,3380.HK,3380.HK,parse_ok,3380.HK,2021-09-03,9.359999656677246,-0.008474568565903118,0.12635369242363748,-0.24879617752639693,-0.25239622089046365,-0.3632653212160035,3045318.0,28504175.434473038,2917925.65,3059013.55,27058504.924232148,30393640.745946597,0.025002495593549418,0.024514842687007658,,0,0,0,,
2021-09-06,Hang Seng ESG 50 Index,Inclusion,6098,6098.HK,"Country Garden Services Holdings Co., Ltd.",1292,Inclusion,Hang Seng ESG 50 Index,unchanged,1,1,6098.HK,6098.HK,parse_ok,6098.HK,2021-09-03,62.400001525878906,0.04000002543131509,0.06940879447587367,-0.21902377554188035,-0.26760558965998504,-0.26760558965998504,6541344.0,408179875.5812988,11427699.5,12536543.433333334,683129066.3421808,815357884.6108457,0.029257193010935177,0.04550294656444637,yfinance_info_static_sharesOutstanding,1,1,1,203200737082.5056,0.002008751943727278
2021-09-06,Hang Seng ESG 50 Index,Removal,10,0010.HK,Hang Lung Group Ltd.*,1293,Removal,Hang Seng ESG 50 Index,unchanged,1,1,0010.HK,0010.HK,parse_ok,0010.HK,2021-09-03,18.940000534057617,-0.027720688956274886,-0.05771143409935042,-0.06469133165147567,-0.07156858391048548,-0.11701632352473035,1270830.0,24069520.87869644,433315.0,590668.55,8507320.54927044,11645386.341882229,0.009442334569459542,0.011067244732374934,yfinance_info_static_sharesOutstanding,1,1,1,25789050230.662594,0.000933323277259677
2021-09-06,Hang Seng ESG 50 Index,Removal,14,0014.HK,"Hysan Development Co., Ltd.*",1294,Removal,Hang Seng ESG 50 Index,unchanged,1,1,0014.HK,0014.HK,parse_ok,0014.HK,2021-09-03,27.299999237060547,-0.02150539031087395,-0.06024096543752877,-0.1150729692224417,-0.15479876526631842,-0.1923076966484949,1617484.0,44157311.96595764,830945.35,935887.2333333333,23364109.511840533,28070093.446243063,0.009269366685552446,0.012395510925095618,yfinance_info_static_sharesOutstanding,1,1,1,28037323704.354908,0.0015749474675822532
2021-09-06,Hang Seng ESG 50 Index,Removal,69,0069.HK,Shangri-La Asia Ltd.*,1295,Removal,Hang Seng ESG 50 Index,unchanged,1,1,0069.HK,0069.HK,parse_ok,0069.HK,2021-09-03,6.590000152587891,0.010736222678858098,-0.014947668726047247,-0.13289470588401375,-0.15728900154386694,-0.24771689721416068,2274000.0,14985660.346984863,1032015.0,1097782.0833333333,6872484.822126436,7820960.330694461,0.01995902899751411,0.018191472735885564,yfinance_info_static_sharesOutstanding,1,1,1,23460685237.809483,0.0006387562935644274
2021-09-06,Hang Seng ESG 50 Index,Removal,148,0148.HK,Kingboard Holdings Ltd.,1296,Removal,Hang Seng ESG 50 Index,unchanged,1,1,0148.HK,0148.HK,parse_ok,0148.HK,2021-09-03,37.0,-0.018567659118659208,-0.06329113924050633,-0.1169451395569161,-0.15909090909090906,-0.21775897258345578,1504619.0,55670903.0,1809534.95,2004956.5,67839478.5547556,81838297.84412631,0.022802898876978263,0.02069482138427536,yfinance_info_static_sharesOutstanding,1,1,1,41007534232.0,0.0013575774316261504
2021-09-06,Hang Seng ESG 50 Index,Removal,257,0257.HK,China Everbright Environment Group Ltd.*,1297,Removal,Hang Seng ESG 50 Index,unchanged,1,1,0257.HK,0257.HK,parse_ok,0257.HK,2021-09-03,5.420000076293945,0.05859378856257624,0.21524664348340017,0.19383262595485595,-0.023423443238423602,-0.023423443238423602,36724237.0,199045367.34183693,36785563.6,22297572.2,194056472.3670358,107925119.16238125,0.03681924963692889,0.023849386315209407,,0,0,0,,
2021-09-06,Hang Seng ESG 50 Index,Removal,345,0345.HK,Vitasoy International Holdings Ltd.*,1298,Removal,Hang Seng ESG 50 Index,unchanged,1,1,0345.HK,0345.HK,parse_ok,0345.HK,2021-09-03,20.149999618530273,0.05276908365149047,-0.060606111802815166,-0.33278148644096206,-0.32495814535938894,-0.4402777883741591,2244190.0,45220427.643909454,4784400.05,4777834.366666666,94081565.81901789,111596718.77342539,0.03186396885545819,0.027660507798487013,yfinance_info_static_sharesOutstanding,1,1,1,20478224755.66648,0.0022082201061591838
2021-09-06,Hang Seng ESG 50 Index,Removal,384,0384.HK,China Gas Holdings Ltd.,1299,Removal,Hang Seng ESG 50 Index,unchanged,1,1,0384.HK,0384.HK,parse_ok,0384.HK,2021-09-03,23.049999237060547,0.019911453451115113,-0.07243465258662185,-0.2173175334491948,-0.22128381959446286,-0.31194032128177474,11240542.0,259094484.52414703,9065649.7,11772830.3,212659633.9183386,285047170.0132583,0.016024081636275864,0.0321047795329496,yfinance_info_static_sharesOutstanding,1,1,1,125579916523.43933,0.0020631840798826092
2021-09-06,Hang Seng ESG 50 Index,Removal,659,0659.HK,NWS Holdings Ltd.*,1300,Removal,Hang Seng ESG 50 Index,unchanged,1,1,0659.HK,0659.HK,parse_ok,0659.HK,2021-09-03,6.699999809265137,-0.0053980352904192674,-0.05148000630235172,-0.13599061888545771,-0.14102568648348868,-0.21176472832174864,3462800.0,23200759.339523315,1993391.25,2139759.35,13525172.601721812,15413250.355763698,0.013656690626287965,0.015102266140956963,yfinance_info_static_sharesOutstanding,1,1,1,30586553039.265347,0.0007585280796348463
2021-09-06,Hang Seng ESG 50 Index,Removal,683,0683.HK,Kerry Properties Ltd.*,1301,Removal,Hang Seng ESG 50 Index,unchanged,1,1,0683.HK,0683.HK,parse_ok,0683.HK,2021-09-03,26.149999618530273,-0.015065899435956376,0.14442009549096957,0.011605386175374877,-0.016917321672406227,-0.04387571284103098,1284300.0,33584444.51007843,1315582.0,1228563.2166666666,33423615.681281377,30612752.367467977,0.01458089096214331,0.013324014089213012,yfinance_info_static_sharesOutstanding,1,1,1,37951644233.5708,0.000884927259103328
2021-09-06,Hang Seng ESG 50 Index,Removal,2778,2778.HK,Champion Real Estate Investment Trust*,1302,Removal,Hang Seng ESG 50 Index,unchanged,1,1,2778.HK,2778.HK,parse_ok,2778.HK,2021-09-03,4.369999885559082,-0.015765804225056357,-0.011312260151992382,-0.04585153747711079,-0.05411255545296334,-0.10450824117250346,2499329.0,10922067.443974495,1455045.65,1657929.7333333334,6392345.373043681,7350227.827623169,0.009639082949605037,0.008950149707712927,,0,0,0,,
2021-09-06,Hang Seng ESG 50 Index,Removal,3311,3311.HK,China State Construction International Holdings Ltd.*,1303,Removal,Hang Seng ESG 50 Index,unchanged,1,1,3311.HK,3311.HK,parse_ok,3311.HK,2021-09-03,7.159999847412109,0.14927766059251657,0.37692309808449,0.25834793943916745,0.0,0.0,25522397.0,182740358.62559128,11772517.45,7055641.4,72999258.90977116,40956387.553416684,0.025425773181857424,0.023982110861780023,,0,0,0,,
2021-09-06,Hang Seng Index,Inclusion,868,0868.HK,XinYi Glass Holdings Ltd.,1304,Inclusion,Hang Seng Index,unchanged,1,1,0868.HK,0868.HK,parse_ok,0868.HK,2021-09-03,30.850000381469727,-0.03894075240094208,0.0032520449258448547,0.019834723354371198,-0.08184518504575022,-0.08184518504575022,36205978.0,1116954435.1114845,12207513.25,11001443.716666667,370902294.00279534,330841524.47338355,0.03111470378310112,0.04105012388723504,,0,0,0,,
2021-09-06,Hang Seng Index,Inclusion,2331,2331.HK,"Li Ning Co., Ltd.",1305,Inclusion,Hang Seng Index,unchanged,1,1,2331.HK,2331.HK,parse_ok,2331.HK,2021-09-03,99.9000015258789,0.016793908660345025,0.19927968626611947,0.36475417610352623,-0.05038018608470918,-0.05038018608470918,56708577.0,5665186928.830421,19093113.35,18068068.416666668,1813657258.315104,1611562823.3760538,0.03355895453980573,0.04501550335344208,yfinance_info_static_sharesOutstanding,1,1,1,257244920110.57507,0.022022541500120885
2021-09-06,Hang Seng Index,Inclusion,3968,3968.HK,"China Merchants Bank Co., Ltd. - H Shares",1306,Inclusion,Hang Seng Index,unchanged,1,1,3968.HK,3968.HK,parse_ok,3968.HK,2021-09-03,66.05000305175781,-0.0015116926956074694,0.10175149643349668,-0.03787324714247786,-0.04827087032371169,-0.07944246617759143,66688483.0,4404774505.667099,21205372.3,16300182.716666667,1391058705.7655895,1048990029.1625229,0.026148693319396562,0.023520870071694736,yfinance_info_static_sharesOutstanding,1,1,1,303229036420.9185,0.014526229274272863
2021-09-06,Hang Seng Index,Removal,3328,3328.HK,"Bank of Communications Co., Ltd. - H shares",1307,Removal,Hang Seng Index,unchanged,1,1,3328.HK,3328.HK,parse_ok,3328.HK,2021-09-03,4.579999923706055,0.04090905100846176,0.022321407189022535,-0.12260534333509965,-0.12595417485510152,-0.12761906215122765,129625803.0,593686167.8503361,31992045.45,28054410.966666665,143972780.2633528,132479182.20586927,0.013791727538807193,0.015654827901254244,yfinance_info_static_sharesOutstanding,1,1,1,160354328174.20688,0.003702339529029507
2021-09-06,Hang Seng Stock Connect Greater Bay Area Composite Index,Inclusion,2,0002.HK,CLP Holdings Ltd.,1308,Inclusion,Hang Seng Stock Connect Greater Bay Area Composite Index,unchanged,1,1,0002.HK,0002.HK,parse_ok,0002.HK,2021-09-03,76.8499984741211,-0.010939491731090989,-0.007105982440761549,-0.014743609306139827,-0.050061841475519175,-0.050061841475519175,5508125.0,423299397.84526825,2387308.3,2662538.2,185900778.16801414,208415969.12882283,0.006682109770666899,0.006938100268352887,,0,0,0,,
2021-09-06,Hang Seng Stock Connect Greater Bay Area Composite Index,Inclusion,539,000539.SZ,"Guangdong Electric Power Development Co., Ltd",1309,Inclusion,Hang Seng Stock Connect Greater Bay Area Composite Index,unchanged,1,1,000539.SZ,000539.SZ,parse_ok,000539.SZ,2021-09-03,4.25,0.059850313570951164,0.11842106666591379,0.1333333333333333,0.0,-0.04921695761024136,25392571.0,107918426.75,14517654.1,12128367.966666667,57530908.85395907,46546715.59631056,0.01816122165554015,0.021032932205615366,,0,0,0,,
2021-09-06,Hang Seng Stock Connect Greater Bay Area Composite Index,Inclusion,13,0013.HK,HUTCHMED (China) Ltd.,1310,Inclusion,Hang Seng Stock Connect Greater Bay Area Composite Index,unchanged,1,1,0013.HK,0013.HK,parse_ok,0013.HK,2021-09-03,65.69999694824219,0.13963564977096588,-0.004545500784209233,,-0.1533505381426966,-0.1533505381426966,1339800.0,88024855.91125488,769127.65,2176053.212765957,47839731.92691593,137228129.48350483,0.030343931289340976,0.04725702005487182,,0,0,0,,
2021-09-06,Hang Seng Stock Connect Greater Bay Area Composite Index,Inclusion,2163,002163.SZ,"Hainan Development Holdings Nanhai Co., Ltd.",1311,Inclusion,Hang Seng Stock Connect Greater Bay Area Composite Index,unchanged,1,1,002163.SZ,002163.SZ,parse_ok,002163.SZ,2021-09-03,14.569999694824219,-0.023458470487934813,-0.00478146494924514,-0.2090119633834625,-0.221688021941846,-0.3380281897632488,7831544.0,114105593.69000244,11370764.35,8720475.35,167192466.76149648,138259956.41325474,0.030241599729441182,0.025536318829996574,,0,0,0,,
2021-09-06,Hang Seng Stock Connect Greater Bay Area Composite Index,Inclusion,2240,002240.SZ,"Shenzhen Chengxin Lithium Group Co., Ltd.",1312,Inclusion,Hang Seng Stock Connect Greater Bay Area Composite Index,unchanged,1,1,002240.SZ,002240.SZ,parse_ok,002240.SZ,2021-09-03,62.79999923706055,0.15867155632959973,0.3771930118089981,0.9269714312067519,0.0,0.0,87992981.0,5525959139.666683,64857252.65,55858930.733333334,3201431776.8238993,2448366015.7863555,0.053303847036340515,0.05312417286585165,,0,0,0,,
2021-09-06,Hang Seng Stock Connect Greater Bay Area Composite Index,Inclusion,3012,003012.SZ,"Guangdong Dongpeng Holdings Co., Ltd.",1313,Inclusion,Hang Seng Stock Connect Greater Bay Area Composite Index,unchanged,1,1,003012.SZ,003012.SZ,parse_ok,003012.SZ,2021-09-03,14.109999656677246,-0.04533153507434173,-0.03024058613674796,-0.16459442471472208,-0.17146217922692464,-0.4013576648549687,3401885.0,48000596.18205547,5152396.05,4791381.416666667,75897803.1976119,72530875.74598975,0.024162147184157715,0.021380463188152572,,0,0,0,,
2021-09-06,Hang Seng Stock Connect Greater Bay Area Composite Index,Inclusion,69,0069.HK,Shangri-La Asia Ltd.,1314,Inclusion,Hang Seng Stock Connect Greater Bay Area Composite Index,unchanged,1,1,0069.HK,0069.HK,parse_ok,0069.HK,2021-09-03,6.590000152587891,0.010736222678858098,-0.014947668726047247,-0.13289470588401375,-0.15728900154386694,-0.24771689721416068,2274000.0,14985660.346984863,1032015.0,1097782.0833333333,6872484.822126436,7820960.330694461,0.01995902899751411,0.018191472735885564,yfinance_info_static_sharesOutstanding,1,1,1,23460685237.809483,0.0006387562935644274
2021-09-06,Hang Seng Stock Connect Greater Bay Area Composite Index,Inclusion,522,0522.HK,ASM Pacific Technology Ltd.,1315,Inclusion,Hang Seng Stock Connect Greater Bay Area Composite Index,unchanged,1,1,0522.HK,0522.HK,parse_ok,0522.HK,2021-09-03,95.80000305175781,0.06503620124502896,-0.06445310913841262,-0.06078428380629597,-0.14464282989501953,-0.26981703292607173,2017259.0,193253418.3561859,1935174.5,2241157.6333333333,181386398.49963492,225064208.6142274,0.01877706426649281,0.018873655824153644,,0,0,0,,
2021-09-06,Hang Seng Stock Connect Greater Bay Area Composite Index,Inclusion,551,0551.HK,Yue Yuen Industrial (Holdings) Ltd.,1316,Inclusion,Hang Seng Stock Connect Greater Bay Area Composite Index,unchanged,1,1,0551.HK,0551.HK,parse_ok,0551.HK,2021-09-03,16.219999313354492,0.029187758743154157,0.022698591706821425,-0.17997984073350182,-0.16391754472708053,-0.22577571729507206,1044342.0,16939226.522907257,902899.2,1176113.2166666666,14261165.792706108,20426836.384216882,0.019096549748348058,0.01836570515260218,,0,0,0,,
2021-09-06,Hang Seng Stock Connect Greater Bay Area Composite Index,Inclusion,2150,2150.HK,Nayuki Holdings Ltd.,1317,Inclusion,Hang Seng Stock Connect Greater Bay Area Composite Index,unchanged,1,1,2150.HK,2150.HK,parse_ok,2150.HK,2021-09-03,13.460000038146973,0.2650375567510146,0.38335053148968057,,-0.21378508304152122,-0.21378508304152122,5084050.0,68431313.19394112,2619657.25,8476077.29787234,29442211.272604655,126743684.27387205,0.04724004624333061,0.07009856564484142,,0,0,0,,
2021-09-06,Hang Seng Stock Connect Greater Bay Area Composite Index,Inclusion,300083,300083.SZ,"Guangdong Create Century Intelligent Equipment
Group Corporation Ltd.",1318,Inclusion,Hang Seng Stock Connect Greater Bay Area Composite Index,unchanged,1,1,300083.SZ,300083.SZ,parse_ok,300083.SZ,2021-09-03,14.649999618530273,-0.035549702223191315,0.3502303321159703,0.3115487482960648,-0.0809284815440382,-0.0809284815440382,113751264.0,1666455974.2073364,119108198.7,62988181.11666667,1661348351.5700638,806955069.6149455,0.058823400175194475,0.04156156079085316,,0,0,0,,
2021-09-06,Hang Seng Stock Connect Greater Bay Area Composite Index,Inclusion,300832,300832.SZ,"Shenzhen New Industries Biomedical Engineering
Co., Ltd.",1319,Inclusion,Hang Seng Stock Connect Greater Bay Area Composite Index,unchanged,1,1,300832.SZ,300832.SZ,parse_ok,300832.SZ,2021-09-03,46.09000015258789,-0.023516961703592076,-0.11023164418094067,-0.3264650015045839,-0.3338632963393904,-0.5510560694219384,2840317.0,130910210.96339798,3202884.25,2858993.1166666667,160198308.505122,158340273.33302385,0.044283001222620015,0.0338810153680079,,0,0,0,,
2021-09-06,Hang Seng Stock Connect Greater Bay Area Composite Index,Inclusion,300888,300888.SZ,"Winner Medical Co., Ltd.",1320,Inclusion,Hang Seng Stock Connect Greater Bay Area Composite Index,unchanged,1,1,300888.SZ,300888.SZ,parse_ok,300888.SZ,2021-09-03,56.728572845458984,-0.030162417683782583,-0.10442036862501847,-0.3756780151143213,-0.40101063724805064,-0.6205627876833264,1999663.0,113438028.16186905,2614400.35,3118568.1166666667,162374643.40753022,223379154.32959983,0.027693415615450044,0.029894235449011087,,0,0,0,,
2021-09-06,Hang Seng Stock Connect Greater Bay Area Composite Index,Inclusion,6969,6969.HK,Smoore International Holdings Ltd.,1321,Inclusion,Hang Seng Stock Connect Greater Bay Area Composite Index,unchanged,1,1,6969.HK,6969.HK,parse_ok,6969.HK,2021-09-03,40.29999923706055,-0.018270402288409482,0.016393384266514932,-0.14528106186929057,-0.1398078858140971,-0.5230769321057924,6020218.0,242614780.80693817,18418407.15,19045182.533333335,757915626.8612974,782902783.9083861,0.04784609999726563,0.04549216908475705,,0,0,0,,
2021-09-06,Hang Seng Stock Connect Greater Bay Area Composite Index,Removal,25,000025.SZ,"Shenzhen Tellus Holding Co., Ltd.",1322,Removal,Hang Seng Stock Connect Greater Bay Area Composite Index,unchanged,1,1,000025.SZ,000025.SZ,parse_ok,000025.SZ,2021-09-03,15.010000228881836,-0.027849699688320184,-0.03843686361253429,-0.006618095967409254,-0.10972718354078104,-0.3991192752624819,3035471.0,45562420.404764175,5925954.45,4706757.4,93741852.036581,72872950.53003804,0.019792047568036812,0.01685099425820234,,0,0,0,,
2021-09-06,Hang Seng Stock Connect Greater Bay Area Composite Index,Removal,70,000070.SZ,"Shenzhen SDG Information Co., Ltd.",1323,Removal,Hang Seng Stock Connect Greater Bay Area Composite Index,unchanged,1,1,000070.SZ,000070.SZ,parse_ok,000070.SZ,2021-09-03,7.539999961853027,0.01754387545450764,0.010723850307905236,-0.030848360087799342,-0.15942031913109955,-0.4248665019596153,12812317.0,96604869.6912489,12233204.45,15911750.433333334,90856304.28510363,125020592.81001247,0.017781561592884482,0.02363692700943458,,0,0,0,,
2021-09-06,Hang Seng Stock Connect Greater Bay Area Composite Index,Removal,2292,002292.SZ,Alpha Group,1324,Removal,Hang Seng Stock Connect Greater Bay Area Composite Index,unchanged,1,1,002292.SZ,002292.SZ,parse_ok,002292.SZ,2021-09-03,5.46999979019165,0.028195416107182236,0.04190472194126671,-0.2174535093988086,-0.215208040911398,-0.4118279916121782,12560803.0,68707589.77463865,10718867.05,13986065.716666667,56755014.937378146,83036971.8469215,0.014333382958480028,0.02047784549046934,,0,0,0,,
2021-09-06,Hang Seng Stock Connect Greater Bay Area Composite Index,Removal,2421,002421.SZ,"Shenzhen Das Intellitech Co., Ltd.",1325,Removal,Hang Seng Stock Connect Greater Bay Area Composite Index,unchanged,1,1,002421.SZ,002421.SZ,parse_ok,002421.SZ,2021-09-03,3.7200000286102295,0.021978000384744734,-0.01846963956394687,-0.06060606243050637,-0.12264145532507931,-0.18421050980480735,22122499.0,82295696.91292977,21532979.7,35021189.03333333,81351149.67368738,137614998.3259572,0.014907087771488924,0.022647501097154018,,0,0,0,,
2021-09-06,Hang Seng Stock Connect Greater Bay Area Composite Index,Removal,2600,002600.SZ,"Lingyi Itech (Guangdong) Co.,",1327,Removal,Hang Seng Stock Connect Greater Bay Area Composite Index,unchanged,1,1,002600.SZ,002600.SZ,parse_ok,002600.SZ,2021-09-03,7.019999980926514,0.026315763789935165,0.00862068138659322,-0.11363637458303844,-0.2579281234018268,-0.5124999884102077,79002344.0,554596453.3731499,60878182.05,96613281.85,426677215.41122407,781760720.8515441,0.019348553786424326,0.028475465649066167,,0,0,0,,
2021-09-06,Hang Seng Stock Connect Greater Bay Area Composite Index,Removal,895,0895.HK,"Dongjiang Environmental Co., Ltd.",1328,Removal,Hang Seng Stock Connect Greater Bay Area Composite Index,unchanged,1,1,0895.HK,0895.HK,parse_ok,0895.HK,2021-09-03,3.9000000953674316,0.02631582744894323,-0.06024096247107813,-0.13525501165343434,-0.13525501165343434,-0.3838862334323567,468450.0,1826955.0446748734,449935.0,281819.76666666666,1774169.7574982047,1155223.6188767075,0.01209219563291574,0.010754177947844536,,0,0,0,,
2021-09-06,Hang Seng Stock Connect Greater Bay Area Composite Index,Removal,1052,1052.HK,Yuexiu Transport Infrastructure Ltd.,1329,Removal,Hang Seng Stock Connect Greater Bay Area Composite Index,unchanged,1,1,1052.HK,1052.HK,parse_ok,1052.HK,2021-09-03,4.619999885559082,0.002169143547736674,0.12682926659070604,0.0,-0.029411835418260313,-0.17500000638621205,982738.0,4540249.447534561,1763803.75,1797612.1666666667,8100197.653805876,7969190.244512947,0.025280424472750408,0.01728373148762819,,0,0,0,,
2021-09-06,Hang Seng Stock Connect Greater Bay Area Composite Index,Removal,1908,1908.HK,C&D International Investment Group Ltd.,1331,Removal,Hang Seng Stock Connect Greater Bay Area Composite Index,unchanged,1,1,1908.HK,1908.HK,parse_ok,1908.HK,2021-09-03,17.18000030517578,0.11413749806574813,0.2763744618488826,0.2064607149798261,0.0,0.0,731000.0,12558580.223083496,1594321.5,1422677.5166666666,25692330.49039154,21435541.527215164,0.021981129642079107,0.02308701530478148,,0,0,0,,
2021-09-06,Hang Seng Stock Connect Greater Bay Area Composite Index,Removal,300377,300377.SZ,"Shenzhen Ysstech Info-Tech Co., Ltd",1332,Removal,Hang Seng Stock Connect Greater Bay Area Composite Index,unchanged,1,1,300377.SZ,300377.SZ,parse_ok,300377.SZ,2021-09-03,12.319999694824219,0.00818325905157491,0.2019511897389481,0.15680752451749003,-0.07159010777453678,-0.07159010777453678,77131930.0,950265354.061203,66304757.55,47590834.71666667,827171300.0035884,552072786.955128,0.061041112501502987,0.046651008046839755,,0,0,0,,
2021-09-06,Hang Seng Stock Connect Greater Bay Area Composite Index,Removal,300676,300676.SZ,"Bgi Genomics Co., Ltd.",1333,Removal,Hang Seng Stock Connect Greater Bay Area Composite Index,unchanged,1,1,300676.SZ,300676.SZ,parse_ok,300676.SZ,2021-09-03,95.12999725341797,-0.03558396348285886,-0.12724773162001868,-0.22802893238689959,-0.20632407167531597,-0.46559181962243823,3737343.0,355533429.3250809,3215887.65,3771042.816666667,325098308.46313936,409927534.9307161,0.01514779255980626,0.023563947813936906,,0,0,0,,
2021-09-06,Hang Seng Stock Connect Greater Bay Area Composite Index,Removal,3613,3613.HK,"Beijing Tong Ren Tang Chinese Medicine Co., Ltd.",1334,Removal,Hang Seng Stock Connect Greater Bay Area Composite Index,unchanged,1,1,3613.HK,3613.HK,parse_ok,3613.HK,2021-09-03,11.119999885559082,0.055028455958749944,0.005424906298915122,-0.09740258433360771,-0.14723927008517468,-0.20910387242632578,839000.0,9329679.90398407,946720.5,1434230.1166666667,10870767.085119247,16943349.96919737,0.04036596003859798,0.032975725739295206,,0,0,0,,
2021-09-06,Hang Seng Stock Connect Greater Bay Area Composite Index,Removal,6055,6055.HK,"China Tobacco International (HK) Co., Ltd.",1335,Removal,Hang Seng Stock Connect Greater Bay Area Composite Index,unchanged,1,1,6055.HK,6055.HK,parse_ok,6055.HK,2021-09-03,15.760000228881836,0.0128534578323658,0.014157031375087392,-0.11955304107565945,-0.14254619431524984,-0.2423076535117682,789000.0,12434640.180587769,508780.0,807721.4,7802340.254154205,13173820.31655801,0.01520510054113987,0.015253531448861492,yfinance_info_static_sharesOutstanding,1,1,1,10900876958.312988,0.001140700902151284
2021-09-06,Hang Seng TECH Index,Inclusion,9961,9961.HK,Trip.com Group Ltd. - S,1336,Inclusion,Hang Seng TECH Index,unchanged,1,1,9961.HK,9961.HK,parse_ok,9961.HK,2021-09-03,246.0,0.10017886084544325,0.2752722020925029,-0.1534755855704576,-0.16040955631399323,-0.2369726902693886,552032.0,135799872.0,223968.9,201857.96666666667,48748834.710919954,47194897.719947815,0.02604544369111566,0.030181176061333862,,0,0,0,,
2021-09-06,Hang Seng TECH Index,Removal,1797,1797.HK,Koolearn Technology Holding Ltd.,1337,Removal,Hang Seng TECH Index,unchanged,1,1,1797.HK,1797.HK,parse_ok,1797.HK,2021-09-03,5.179999828338623,0.2758620446660185,0.05930469729469512,-0.4980620172947734,-0.5076046004811885,-0.860377357375044,26181754.0,135621481.22560406,14716375.7,17510369.216666665,68495026.93134622,99991535.80736427,0.05374128016775772,0.08471977864198663,,0,0,0,,
2021-12-06,Hang Seng China Enterprises Index,Inclusion,1801,1801.HK,"Innovent Biologics, Inc.",1338,Inclusion,Hang Seng China Enterprises Index,unchanged,1,1,1801.HK,1801.HK,parse_ok,1801.HK,2021-12-03,66.4000015258789,-0.0965986186955251,-0.037681137306102785,0.0,-0.17310088415463176,-0.3590733349048708,17215659.0,1143119783.869011,7049729.95,5734056.883333334,523015869.184042,412774756.40680146,0.03466974391018086,0.0315393940878104,yfinance_info_static_sharesOutstanding,1,1,1,114261193673.73405,0.010004444616018283
2021-12-06,Hang Seng China Enterprises Index,Removal,3333,3333.HK,China Evergrande Group,1339,Removal,Hang Seng China Enterprises Index,unchanged,1,1,3333.HK,3333.HK,parse_ok,3333.HK,2021-12-03,2.25,-0.09999999999999998,-0.021739110153428554,-0.4186046339701759,-0.3935310035404195,-0.8696407896776857,89578910.0,201552547.5,121322252.95,115759779.93333334,313662246.63955843,312073856.89901674,0.051936412140270054,0.05829770740476934,yfinance_info_static_sharesOutstanding,1,1,1,29709674496.0,0.0067840712131375346
2021-12-06,Hang Seng Composite Index,Inclusion,2137,2137.HK,Brii Biosciences Ltd. – B,1340,Inclusion,Hang Seng Composite Index,unchanged,1,1,2137.HK,2137.HK,parse_ok,2137.HK,2021-12-03,42.70000076293945,-0.026225718385379904,0.6811024174893359,0.04146343324242574,-0.16110020662318358,-0.16110020662318358,2139500.0,91356651.63230896,3024248.75,2185482.933333333,109045521.66521874,80620035.1701382,0.12479221051534364,0.09028037897010716,,0,0,0,,
2021-12-06,Hang Seng Composite Index,Inclusion,2192,2192.HK,"Medlive Technology Co., Ltd.",1341,Inclusion,Hang Seng Composite Index,unchanged,1,1,2192.HK,2192.HK,parse_ok,2192.HK,2021-12-03,39.0,-0.13236931394771256,-0.051094855281889395,0.17647053408290891,-0.14379800980833635,-0.14379800980833635,613500.0,23926500.0,565917.95,427363.3333333333,24001991.2442667,16958906.299710337,0.03820171038160003,0.03263766837282238,,0,0,0,,
2021-12-06,Hang Seng Composite Index,Inclusion,9869,9869.HK,"Helens International Holdings Co., Ltd.",1342,Inclusion,Hang Seng Composite Index,unchanged,1,1,9869.HK,9869.HK,parse_ok,9869.HK,2021-12-03,16.579999923706055,-0.055808631665225095,0.09801321224154003,,-0.3176954549685963,-0.3176954549685963,639500.0,10602909.951210022,1452605.0,3379497.7192982454,25055614.678764343,72229941.21615727,0.038385296910720804,0.03691583427240334,,0,0,0,,
2021-12-06,Hang Seng Index,Inclusion,291,0291.HK,"China Resources Beer (Holdings) Co., Ltd.",1343,Inclusion,Hang Seng Index,unchanged,1,1,0291.HK,0291.HK,parse_ok,0291.HK,2021-12-03,62.349998474121094,-0.03706566063133443,0.005645136679372387,-0.044444467829561796,-0.05957774352669498,-0.1730769600485853,25760266.0,1606152545.7929535,7197905.35,7328343.7,457424337.9085859,445308575.402868,0.015098715483455403,0.022309940027322544,yfinance_info_static_sharesOutstanding,1,1,1,202263395050.04883,0.007940895807644883
2021-12-06,Hang Seng Index,Inclusion,2688,2688.HK,ENN Energy Holdings Ltd.,1344,Inclusion,Hang Seng Index,unchanged,1,1,2688.HK,2688.HK,parse_ok,2688.HK,2021-12-03,147.0,-0.01934619089102174,0.1386521537584724,-0.04915915784910696,-0.06190170476803569,-0.1694915254237288,13385241.0,1967630427.0,4008846.7,3332521.8333333335,584014221.8922317,453263379.73265976,0.020893795219265827,0.028265524972280652,yfinance_info_static_sharesOutstanding,1,1,1,163356348225.0,0.012045019666391358
2021-12-06,Hang Seng Index,Inclusion,9618,9618.HK,"JD.com, Inc. – SW",1345,Inclusion,Hang Seng Index,unchanged,1,1,9618.HK,9618.HK,parse_ok,9618.HK,2021-12-03,321.6000061035156,-0.07052021357365423,0.03808915034054983,0.016434931439134326,-0.10467707356826095,-0.22840687254708003,16502634.0,5307247195.124084,6012234.6,4864700.683333334,2037356665.7402954,1549504867.275443,0.031700873069279115,0.029747165971365425,yfinance_info_static_sharesOutstanding,1,1,1,831048239408.9263,0.006386208337194486
2021-12-06,Hang Seng Index,Inclusion,9999,9999.HK,"Netease, Inc. – S",1346,Inclusion,Hang Seng Index,unchanged,1,1,9999.HK,9999.HK,parse_ok,9999.HK,2021-12-03,169.1999969482422,-0.053161724466909366,0.06683474424211644,0.14247123548380247,-0.08242948726329635,-0.17624147041837757,22082259.0,3736318155.4102936,6704729.3,6347428.716666667,1169656270.9488747,963095783.212938,0.03069609540241808,0.030769092032846727,yfinance_info_static_sharesOutstanding,1,1,1,535685738771.36096,0.006974832229022645
2022-06-13,Hang Seng China Enterprises Index,Inclusion,992,0992.HK,Lenovo Group Ltd.,1347,Inclusion,Hang Seng China Enterprises Index,unchanged,1,1,0992.HK,0992.HK,parse_ok,0992.HK,2022-06-10,7.75,0.03748329553850849,-0.02882205745911648,0.00518806247148107,-0.1426991114266113,-0.19605811991820954,167028390.0,1294470022.5,55278717.45,50810637.63333333,424249016.19293004,399956367.6546309,0.02553749393897638,0.026837858337822332,yfinance_info_static_sharesOutstanding,1,1,1,96136109590.5,0.013464971986217312
2022-06-13,Hang Seng China Enterprises Index,Removal,3692,3692.HK,Hansoh Pharmaceutical Group Co. Ltd.,1348,Removal,Hang Seng China Enterprises Index,unchanged,1,1,3692.HK,3692.HK,parse_ok,3692.HK,2022-06-10,13.5,0.08173080890841877,0.04489163469667923,-0.14772728093727883,-0.17177910233850313,-0.6181046511251469,19757336.0,266724036.0,6577624.75,4885431.266666667,88467616.87033983,66491016.876259774,0.03452324061603774,0.04238204522564717,yfinance_info_static_sharesOutstanding,1,1,1,81728398210.5,0.0032635417044761415
2022-06-13,Hang Seng Composite Index,Inclusion,9866,9866.HK,NIO INC. - SW,1349,Inclusion,Hang Seng Composite Index,unchanged,1,1,9866.HK,9866.HK,parse_ok,9866.HK,2022-06-10,154.6999969482422,0.09560906722220763,0.5332011358648456,-0.026431699871419023,-0.15464482541944158,-0.15464482541944158,3253328.0,503289831.67163086,712034.3,396960.2,100238187.54687805,56639020.5754687,0.05050006375473998,0.07446944258256155,,0,0,0,,
2022-06-13,Hang Seng Index,Inclusion,316,0316.HK,Orient Overseas (International) Ltd.,1350,Inclusion,Hang Seng Index,unchanged,1,1,0316.HK,0316.HK,parse_ok,0316.HK,2022-06-10,235.39999389648438,-0.11636636903244724,0.15392153870825664,0.07292616428945298,-0.15748031840080023,-0.15748031840080023,5711932.0,1344588757.9371338,2929649.7,2280641.55,722552325.0917625,519687593.6366806,0.05069884719578321,0.046930198466859314,yfinance_info_static_sharesOutstanding,1,1,1,155451870083.20126,0.008649550225529486
2022-06-13,Hang Seng Index,Inclusion,881,0881.HK,Zhongsheng Group Holdings Ltd.,1351,Inclusion,Hang Seng Index,unchanged,1,1,0881.HK,0881.HK,parse_ok,0881.HK,2022-06-10,60.0,0.02564102564102555,0.17878189000631783,0.218274111675127,-0.008264462809917328,-0.21722115061220792,10617876.0,637072560.0,5171210.0,4584137.433333334,289049593.46789324,245917754.58054498,0.022125359756338423,0.029923753337380156,,0,0,0,,
2022-06-13,Hang Seng Index,Inclusion,981,0981.HK,Semiconductor Manufacturing International Corporation,1352,Inclusion,Hang Seng Index,unchanged,1,1,0981.HK,0981.HK,parse_ok,0981.HK,2022-06-10,18.860000610351562,0.09651161475462744,0.19670052896247125,0.043141631080583664,0.0,-0.3300177312280812,82102116.0,1548445957.8711548,31482398.9,28443075.533333335,538068535.3057444,475062870.1027691,0.02259358266477308,0.03213078243258638,yfinance_info_static_sharesOutstanding,1,1,1,113415785064.98703,0.013652825812420187
2022-06-13,Hang Seng Index,Inclusion,1378,1378.HK,China Hongqiao Group Ltd.,1353,Inclusion,Hang Seng Index,unchanged,1,1,1378.HK,1378.HK,parse_ok,1378.HK,2022-06-10,9.649999618530273,-0.007201712610645061,0.11948952977328098,-0.03500003814697261,-0.11630040740756908,-0.30475507644338573,69236329.0,668130548.4384365,20045900.55,19726948.483333334,192519362.4673709,193284525.86001983,0.02049717398502781,0.038279174446019,yfinance_info_static_sharesOutstanding,1,1,1,95757427180.30688,0.006977323515390372
2022-06-13,Hang Seng Index,Removal,2018,2018.HK,AAC Technologies Holdings Inc.,1354,Removal,Hang Seng Index,unchanged,1,1,2018.HK,2018.HK,parse_ok,2018.HK,2022-06-10,17.739999771118164,0.024249427465028006,0.10323382184628271,-0.09118855762821199,-0.10584679260679375,-0.6985556460308284,16656363.0,295483875.80766106,10564621.3,10397259.55,177216464.59811383,181076922.9752453,0.030667114961799084,0.041793526729887474,yfinance_info_static_sharesOutstanding,1,1,1,20219288369.19033,0.014613960215232516
2022-06-13,Hang Seng TECH Index,Inclusion,9866,9866.HK,NIO INC. - SW,1355,Inclusion,Hang Seng TECH Index,unchanged,1,1,9866.HK,9866.HK,parse_ok,9866.HK,2022-06-10,154.6999969482422,0.09560906722220763,0.5332011358648456,-0.026431699871419023,-0.15464482541944158,-0.15464482541944158,3253328.0,503289831.67163086,712034.3,396960.2,100238187.54687805,56639020.5754687,0.05050006375473998,0.07446944258256155,,0,0,0,,
2022-06-13,Hang Seng TECH Index,Removal,522,0522.HK,ASM Pacific Technology Ltd.,1356,Removal,Hang Seng TECH Index,unchanged,1,1,0522.HK,0522.HK,parse_ok,0522.HK,2022-06-10,74.94999694824219,0.05045548074435957,0.01010781712731279,-0.027255107337308737,-0.1264569430955671,-0.33080359867640907,12839574.0,962326032.1167297,2847897.65,1874740.2333333334,207270779.33345833,142332974.38385454,0.022511050902279346,0.02427000960577815,,0,0,0,,
2022-12-05,Hang Seng China Enterprises Index,Inclusion,857,0857.HK,PetroChina Co. Ltd. - H Shares,1357,Inclusion,Hang Seng China Enterprises Index,unchanged,1,1,0857.HK,0857.HK,parse_ok,0857.HK,2022-12-02,3.569999933242798,0.034782575043628805,0.12264146487370908,-0.045454565738090036,-0.027247994815338017,-0.2013422593271006,365036730.0,1303181101.7311692,109187017.8,109001648.36666666,373671147.0375268,363611490.6318472,0.01598916604085928,0.02033198410136548,yfinance_info_static_sharesOutstanding,1,1,1,75323071591.49646,0.017301220916730257
2022-12-05,Hang Seng China Enterprises Index,Inclusion,881,0881.HK,Zhongsheng Group Holdings Ltd.,1358,Inclusion,Hang Seng China Enterprises Index,unchanged,1,1,0881.HK,0881.HK,parse_ok,0881.HK,2022-12-02,42.349998474121094,0.19295770349636876,0.21870499206103866,0.22931778044197548,0.0,-0.36363641574615246,17005024.0,720162740.4523926,5408310.25,5069447.716666667,210559744.812599,178608254.91326857,0.038910615227443504,0.038500201235887634,,0,0,0,,
2022-12-05,Hang Seng China Enterprises Index,Inclusion,2015,2015.HK,Li Auto Inc. - W,1359,Inclusion,Hang Seng China Enterprises Index,unchanged,1,1,2015.HK,2015.HK,parse_ok,2015.HK,2022-12-02,81.0999984741211,0.21316380441678606,0.08422453429586096,-0.2268827712637005,-0.23562677058942427,-0.503368052917816,21979590.0,1782544715.4618073,11300984.1,10263437.116666667,821391923.9854877,779525555.3190389,0.0576823935938561,0.057091166051904285,,0,0,0,,
2022-12-05,Hang Seng China Enterprises Index,Inclusion,6690,6690.HK,"Haier Smart Home Co., Ltd. - H Shares",1360,Inclusion,Hang Seng China Enterprises Index,unchanged,1,1,6690.HK,6690.HK,parse_ok,6690.HK,2022-12-02,25.299999237060547,0.03265303008410392,0.14999996532093385,0.0019801678043780413,-0.030651384395272152,-0.25037039297598385,84302485.0,2132852806.1823082,15339398.1,11254986.983333332,375635123.2231162,267863715.22940895,0.03130377619619039,0.031863599992432934,yfinance_info_static_sharesOutstanding,1,1,1,72195755652.6857,0.029542634285080246
2022-12-05,Hang Seng China Enterprises Index,Removal,241,0241.HK,Alibaba Health Information Technology Ltd.,1361,Removal,Hang Seng China Enterprises Index,unchanged,1,1,0241.HK,0241.HK,parse_ok,0241.HK,2022-12-02,7.25,0.3016157588084105,0.794554472390302,0.713947982815375,0.0,-0.055989562233055734,274562024.0,1990574674.0,123187826.6,75380846.61666666,709683769.5210947,361662162.4838505,0.05717616708963039,0.05438867448064493,yfinance_info_static_sharesOutstanding,1,1,1,116903871927.5,0.017027448630910103
2022-12-05,Hang Seng China Enterprises Index,Removal,384,0384.HK,China Gas Holdings Ltd.,1362,Removal,Hang Seng China Enterprises Index,unchanged,1,1,0384.HK,0384.HK,parse_ok,0384.HK,2022-12-02,9.670000076293945,0.11921292731975464,0.247741945328251,-0.11770072603677928,-0.1634948334530788,-0.4493166076087355,56029561.0,541805859.1447163,19944461.3,13539648.35,179352858.67508394,121378604.21323897,0.03409909842030226,0.03232923887718582,yfinance_info_static_sharesOutstanding,1,1,1,52683637421.131065,0.010284139168557131
2022-12-05,Hang Seng China Enterprises Index,Removal,1801,1801.HK,"Innovent Biologics, Inc.",1363,Removal,Hang Seng China Enterprises Index,unchanged,1,1,1801.HK,1801.HK,parse_ok,1801.HK,2022-12-02,27.75,-0.008928571428571397,-0.12044371882573102,-0.04145080246338517,-0.20487109493611533,-0.61025279228351,35193199.0,976611272.25,11908524.2,12135083.083333334,372432526.2178529,348019144.01782477,0.03659632821989429,0.04726349633260209,yfinance_info_static_sharesOutstanding,1,1,1,47752229692.5,0.02045163709713407
2022-12-05,Hang Seng China Enterprises Index,Removal,9626,9626.HK,Bilibili Inc. - W,1364,Removal,Hang Seng China Enterprises Index,unchanged,1,1,9626.HK,9626.HK,parse_ok,9626.HK,2022-12-02,133.5,0.3457661704329882,0.5705882352941176,-0.24276802218314575,-0.26567657998337313,-0.7497656982193064,6085227.0,812377804.5,5407273.0,3999703.533333333,596563552.7053455,420862144.3150248,0.08268340796793987,0.07278379617980306,,0,0,0,,
2022-12-05,Hang Seng Composite Index,Inclusion,1698,1698.HK,Tencent Music Entertainment Group - SW,1365,Inclusion,Hang Seng Composite Index,unchanged,1,1,1698.HK,1698.HK,parse_ok,1698.HK,2022-12-02,26.950000762939453,0.18984552833684343,0.7800528501853901,,0.0,0.0,112000.0,3018400.0854492188,116755.95,103477.28846153847,2649654.321144104,1982023.6595843388,0.0747147671859301,0.06030262797509902,,0,0,0,,
2022-12-05,Hang Seng Composite Index,Inclusion,1880,1880.HK,China Tourism Group Duty Free Corporation Ltd. - H Shares,1366,Inclusion,Hang Seng Composite Index,unchanged,1,1,1880.HK,1880.HK,parse_ok,1880.HK,2022-12-02,195.0,0.1607142857142858,0.06557377049180335,0.14302457809807523,-0.07054338816242367,-0.07054338816242367,805046.0,156983970.0,1150744.1,791767.3,215096382.74121246,146702367.10479152,0.038030649881841086,0.03723261297717317,,0,0,0,,
2022-12-05,Hang Seng Composite Index,Inclusion,9863,9863.HK,"Zhejiang Leapmotor Technology Co., Ltd. - H Shares",1367,Inclusion,Hang Seng Composite Index,unchanged,1,1,9863.HK,9863.HK,parse_ok,9863.HK,2022-12-02,23.75,0.1875,0.1875,,-0.2554858845138057,-0.2554858845138057,417658.0,9919377.5,279372.65,879985.9347826086,5879957.047469616,24379605.228713285,0.060253091631073875,0.0684805601411922,,0,0,0,,
2022-12-05,Hang Seng Index,Inclusion,322,0322.HK,Tingyi (Cayman Islands) Holding Corp.,1368,Inclusion,Hang Seng Index,unchanged,1,1,0322.HK,0322.HK,parse_ok,0322.HK,2022-12-02,12.199999809265137,0.006600653833452208,0.05719236131662253,-0.10294121565703185,-0.15395286097663918,-0.3362350181545768,46423421.0,566365727.3454351,11420875.25,9179514.95,136822287.82798162,117554412.6945146,0.01989148511619685,0.01854958234843008,yfinance_info_static_sharesOutstanding,1,1,1,68765498516.91983,0.008236190234352483
2022-12-05,Hang Seng Index,Inclusion,1209,1209.HK,China Resources Mixc Lifestyle Services Ltd.,1369,Inclusion,Hang Seng Index,unchanged,1,1,1209.HK,1209.HK,parse_ok,1209.HK,2022-12-02,37.099998474121094,0.046544363206519224,0.3321363722065134,0.0660919335484107,-0.009345855318772744,-0.20215057044900875,16870003.0,625877085.5584183,4383767.25,3348304.1,150672868.24797392,104533289.73230025,0.03148120006007208,0.03943664734894487,yfinance_info_static_sharesOutstanding,1,1,1,84680746517.1814,0.007391019934282585
2022-12-05,Hang Seng Index,Inclusion,6690,6690.HK,"Haier Smart Home Co., Ltd. - H Shares",1370,Inclusion,Hang Seng Index,unchanged,1,1,6690.HK,6690.HK,parse_ok,6690.HK,2022-12-02,25.299999237060547,0.03265303008410392,0.14999996532093385,0.0019801678043780413,-0.030651384395272152,-0.25037039297598385,84302485.0,2132852806.1823082,15339398.1,11254986.983333332,375635123.2231162,267863715.22940895,0.03130377619619039,0.031863599992432934,yfinance_info_static_sharesOutstanding,1,1,1,72195755652.6857,0.029542634285080246
2022-12-05,Hang Seng Stock Connect China Enterprises Index,Inclusion,857,0857.HK,PetroChina Co. Ltd. - H Shares,1371,Inclusion,Hang Seng Stock Connect China Enterprises Index,unchanged,1,1,0857.HK,0857.HK,parse_ok,0857.HK,2022-12-02,3.569999933242798,0.034782575043628805,0.12264146487370908,-0.045454565738090036,-0.027247994815338017,-0.2013422593271006,365036730.0,1303181101.7311692,109187017.8,109001648.36666666,373671147.0375268,363611490.6318472,0.01598916604085928,0.02033198410136548,yfinance_info_static_sharesOutstanding,1,1,1,75323071591.49646,0.017301220916730257
2022-12-05,Hang Seng Stock Connect China Enterprises Index,Inclusion,881,0881.HK,Zhongsheng Group Holdings Ltd.,1372,Inclusion,Hang Seng Stock Connect China Enterprises Index,unchanged,1,1,0881.HK,0881.HK,parse_ok,0881.HK,2022-12-02,42.349998474121094,0.19295770349636876,0.21870499206103866,0.22931778044197548,0.0,-0.36363641574615246,17005024.0,720162740.4523926,5408310.25,5069447.716666667,210559744.812599,178608254.91326857,0.038910615227443504,0.038500201235887634,,0,0,0,,
2022-12-05,Hang Seng Stock Connect China Enterprises Index,Inclusion,2015,2015.HK,Li Auto Inc. - W,1373,Inclusion,Hang Seng Stock Connect China Enterprises Index,unchanged,1,1,2015.HK,2015.HK,parse_ok,2015.HK,2022-12-02,81.0999984741211,0.21316380441678606,0.08422453429586096,-0.2268827712637005,-0.23562677058942427,-0.503368052917816,21979590.0,1782544715.4618073,11300984.1,10263437.116666667,821391923.9854877,779525555.3190389,0.0576823935938561,0.057091166051904285,,0,0,0,,
2022-12-05,Hang Seng Stock Connect China Enterprises Index,Inclusion,6690,6690.HK,"Haier Smart Home Co., Ltd. - H Shares",1374,Inclusion,Hang Seng Stock Connect China Enterprises Index,unchanged,1,1,6690.HK,6690.HK,parse_ok,6690.HK,2022-12-02,25.299999237060547,0.03265303008410392,0.14999996532093385,0.0019801678043780413,-0.030651384395272152,-0.25037039297598385,84302485.0,2132852806.1823082,15339398.1,11254986.983333332,375635123.2231162,267863715.22940895,0.03130377619619039,0.031863599992432934,yfinance_info_static_sharesOutstanding,1,1,1,72195755652.6857,0.029542634285080246
2022-12-05,Hang Seng Stock Connect China Enterprises Index,Removal,241,0241.HK,Alibaba Health Information Technology Ltd.,1375,Removal,Hang Seng Stock Connect China Enterprises Index,unchanged,1,1,0241.HK,0241.HK,parse_ok,0241.HK,2022-12-02,7.25,0.3016157588084105,0.794554472390302,0.713947982815375,0.0,-0.055989562233055734,274562024.0,1990574674.0,123187826.6,75380846.61666666,709683769.5210947,361662162.4838505,0.05717616708963039,0.05438867448064493,yfinance_info_static_sharesOutstanding,1,1,1,116903871927.5,0.017027448630910103
2022-12-05,Hang Seng Stock Connect China Enterprises Index,Removal,384,0384.HK,China Gas Holdings Ltd.,1376,Removal,Hang Seng Stock Connect China Enterprises Index,unchanged,1,1,0384.HK,0384.HK,parse_ok,0384.HK,2022-12-02,9.670000076293945,0.11921292731975464,0.247741945328251,-0.11770072603677928,-0.1634948334530788,-0.4493166076087355,56029561.0,541805859.1447163,19944461.3,13539648.35,179352858.67508394,121378604.21323897,0.03409909842030226,0.03232923887718582,yfinance_info_static_sharesOutstanding,1,1,1,52683637421.131065,0.010284139168557131
2022-12-05,Hang Seng Stock Connect China Enterprises Index,Removal,1801,1801.HK,"Innovent Biologics, Inc.",1377,Removal,Hang Seng Stock Connect China Enterprises Index,unchanged,1,1,1801.HK,1801.HK,parse_ok,1801.HK,2022-12-02,27.75,-0.008928571428571397,-0.12044371882573102,-0.04145080246338517,-0.20487109493611533,-0.61025279228351,35193199.0,976611272.25,11908524.2,12135083.083333334,372432526.2178529,348019144.01782477,0.03659632821989429,0.04726349633260209,yfinance_info_static_sharesOutstanding,1,1,1,47752229692.5,0.02045163709713407
2022-12-05,Hang Seng Stock Connect China Enterprises Index,Removal,601857,601857.SH,PetroChina Company Limited,1378,Removal,Hang Seng Stock Connect China Enterprises Index,unchanged,1,1,601857.SH,601857.SS,parse_ok,601857.SS,2022-12-02,5.199999809265137,0.003861000306814244,0.05050505245112613,-0.0298508060193573,-0.07308383502522686,-0.16264093762923937,87684841.0,455961156.47544384,100915100.2,117809540.71666667,513967844.4247637,611011841.0028431,0.011533704497974848,0.016623213957327736,,0,0,0,,
2023-12-04,Hang Seng Composite Index,Inclusion,3650,3650.HK,Keep Inc.,1379,Inclusion,Hang Seng Composite Index,unchanged,1,1,3650.HK,3650.HK,parse_ok,3650.HK,2023-12-01,28.850000381469727,0.04909092296253559,0.01763668406603669,-0.0956112624932084,-0.22654152891228663,-0.276942373980668,591500.0,17064775.225639343,334515.0,282745.0,9551550.335683823,8621035.146007538,0.03045931708000515,0.030068308542135585,,0,0,0,,
2023-12-04,Hang Seng Composite Index,Inclusion,9690,9690.HK,TUHU Car Inc. - W,1380,Inclusion,Hang Seng Composite Index,unchanged,1,1,9690.HK,9690.HK,parse_ok,9690.HK,2023-12-01,33.0,-0.023668617015333404,-0.06382978723404253,,-0.09090907180216712,-0.09090907180216712,1995100.0,65838300.0,1756725.0,1569248.9361702127,57927077.0528698,49997890.49249203,0.04212394377158402,0.0359069446010155,,0,0,0,,
2023-12-04,Hang Seng Hong Kong-Listed Biotech Index,Inclusion,3933,3933.HK,The United Laboratories International Holdings Ltd.,1381,Inclusion,Hang Seng Hong Kong-Listed Biotech Index,unchanged,1,1,3933.HK,3933.HK,parse_ok,3933.HK,2023-12-01,7.989999771118164,-0.008684943530296252,-0.0012500286102294922,0.1143653676567411,-0.10526321410233297,-0.10526321410233297,9297654.0,74288253.33193588,6053736.7,10322760.75,47557969.16566189,79536180.12844099,0.02124941214825616,0.03810805126557708,yfinance_info_static_sharesOutstanding,1,1,1,15764481347.33007,0.00471238169497518
2023-12-04,Hang Seng Hong Kong-Listed Biotech Index,Inclusion,9885,9885.HK,YSB Inc.,1382,Inclusion,Hang Seng Hong Kong-Listed Biotech Index,unchanged,1,1,9885.HK,9885.HK,parse_ok,9885.HK,2023-12-01,19.780000686645508,0.15672516054911556,0.026998985025134647,-0.6340425353219445,-0.6604291727614505,-0.6814814625979674,1398600.0,27664308.960342407,1439237.05,899502.35,26638481.32774458,25984268.806324355,0.05666924259007561,0.0941122420498895,,0,0,0,,
2023-12-04,Hang Seng Hong Kong-Listed Biotech Index,Removal,6929,6929.HK,OrbusNeich Medical Group Holdings Ltd.,1383,Removal,Hang Seng Hong Kong-Listed Biotech Index,unchanged,1,1,6929.HK,6929.HK,parse_ok,6929.HK,2023-12-01,5.980000019073486,-0.25062656581700216,-0.258983860568319,-0.3173516138324577,-0.3485838975733041,-0.5734664890283923,913500.0,5462730.01742363,273675.0,150808.33333333334,1999688.7327075005,1175202.0745952923,0.04006819839999428,0.02809053756560785,,0,0,0,,
2023-12-04,Hang Seng Hong Kong-Listed Biotech Index,Removal,9955,9955.HK,ClouDr Group Ltd.,1384,Removal,Hang Seng Hong Kong-Listed Biotech Index,unchanged,1,1,9955.HK,9955.HK,parse_ok,9955.HK,2023-12-01,6.5,-0.07010011261270477,-0.05660375530377537,0.015624984866008385,-0.11924120606976218,-0.6348314450223878,2160600.0,14043900.0,1253708.7,1171880.8,8592930.06312952,7897674.5989718195,0.014527584230404199,0.022044758454548487,,0,0,0,,
2023-12-04,Hang Seng Index,Inclusion,2015,2015.HK,Li Auto Inc. - W,1385,Inclusion,Hang Seng Index,unchanged,1,1,2015.HK,2015.HK,parse_ok,2015.HK,2023-12-01,146.60000610351562,-0.09000620391462277,0.0478914403097741,-0.0721518601043315,-0.10935601052578303,-0.20455776627228117,26737925.0,3919779968.195343,8646251.55,6433571.65,1327065253.8648095,941222860.0090514,0.04066822375788614,0.03212689573390335,,0,0,0,,
2023-12-04,Hang Seng Index,Inclusion,2359,2359.HK,"WuXi AppTec Co., Ltd. - H Shares",1386,Inclusion,Hang Seng Index,unchanged,1,1,2359.HK,2359.HK,parse_ok,2359.HK,2023-12-01,91.5,-0.015069983884649418,-0.038360498868580506,0.06148495637349205,-0.10469664645548915,-0.16666668982815513,10879303.0,995456224.5,2623012.65,2764437.85,247256850.940926,257878568.88054338,0.022168633702747503,0.027866101332246134,yfinance_info_static_sharesOutstanding,1,1,1,46708637173.5,0.021312037446144308
2024-03-04,Hang Seng China Enterprises Index,Inclusion,762,0762.HK,China Unicom (Hong Kong) Ltd.,1387,Inclusion,Hang Seng China Enterprises Index,unchanged,1,1,0762.HK,0762.HK,parse_ok,0762.HK,2024-03-01,5.820000171661377,0.030088508570704775,0.08582090050161306,0.1640000343322754,0.0,-0.09345792795985897,138156378.0,804070143.6761141,30490687.95,32721730.233333334,169765691.407615,168110521.7894446,0.022487447384736306,0.02303232530896504,yfinance_info_static_sharesOutstanding,1,1,1,178080365252.4948,0.004515209425452644
2024-03-04,Hang Seng China Enterprises Index,Removal,881,0881.HK,Zhongsheng Group Holdings Ltd.,1388,Removal,Hang Seng China Enterprises Index,unchanged,1,1,0881.HK,0881.HK,parse_ok,0881.HK,2024-03-01,14.380000114440918,-0.01775957805905526,0.09436832105931292,-0.1810933626546557,-0.23183757254827997,-0.6592417096098822,15170384.0,218150123.65611267,5202489.5,4442920.933333334,73382506.28578524,67316137.80411378,0.03241072050673479,0.03602365774408329,,0,0,0,,
2024-03-04,Hang Seng Composite Index,Inclusion,412,0412.HK,Shandong Hi-Speed Holdings Group Ltd.,1389,Inclusion,Hang Seng Composite Index,unchanged,1,1,0412.HK,0412.HK,parse_ok,0412.HK,2024-03-01,5.179999828338623,-0.02448213104365282,-0.06666672967217491,-0.15081968699626747,-0.21752267101419231,-0.21752267101419231,3005000.0,15565899.484157562,4000375.2,3581951.8,22308096.13177979,20864205.56987113,0.029204408872973143,0.024341941928391474,yfinance_info_static_sharesOutstanding,1,1,1,31161486111.951313,0.0004995236564852919
2024-03-04,Hang Seng Composite Index,Inclusion,666,0666.HK,"REPT BATTERO Energy Co., Ltd. - H Shares",1390,Inclusion,Hang Seng Composite Index,unchanged,1,1,0666.HK,0666.HK,parse_ok,0666.HK,2024-03-01,14.5,-0.07878016449488645,-0.174259655979902,,-0.3348623620431309,-0.3348623620431309,177400.0,2572300.0,46020.0,176096.0,749178.0052757263,3383225.946609497,0.02279483933415047,0.03915125530214165,,0,0,0,,
2024-03-04,Hang Seng Composite Index,Inclusion,813,0813.HK,Shimao Group Holdings Ltd.,1391,Inclusion,Hang Seng Composite Index,unchanged,1,1,0813.HK,0813.HK,parse_ok,0813.HK,2024-03-01,0.5199999809265137,-0.13333339956071377,0.18181814487315395,-0.1875000116415324,-0.19999999999999996,-0.8823529475224534,11439953.0,5948775.341800213,10278873.9,8565389.05,5226444.81244438,4500479.553378747,0.05536791597567559,0.051010415461989485,yfinance_info_static_sharesOutstanding,1,1,1,4764579497.556259,0.0012485415228880796
2024-03-04,Hang Seng Composite Index,Inclusion,884,0884.HK,"CIFI Holdings (Group) Co., Ltd.",1392,Inclusion,Hang Seng Composite Index,unchanged,1,1,0884.HK,0884.HK,parse_ok,0884.HK,2024-03-01,0.33500000834465027,0.09836065733954968,0.5227273189085577,0.13559329910410178,-0.04285710271523857,-0.6809523585161644,47076000.0,15770460.392832756,40820279.45,42099736.61666667,11760093.660769224,10987716.006538494,0.055152168910767345,0.0570054634426845,yfinance_info_static_sharesOutstanding,1,1,1,5601972456.246791,0.002815162073002881
2024-03-04,Hang Seng Composite Index,Inclusion,921,0921.HK,"Hisense Home Appliances Group Co., Ltd. - H Shares",1393,Inclusion,Hang Seng Composite Index,unchanged,1,1,0921.HK,0921.HK,parse_ok,0921.HK,2024-03-01,24.75,0.125,0.31648941512775086,0.3109110752203579,-0.002016098330593019,-0.002016098330593019,1808000.0,44748000.0,1119815.25,1355921.4333333333,24748603.280865002,26100742.662934843,0.02708650593650045,0.028926402052426203,yfinance_info_static_sharesOutstanding,1,1,1,11374847748.0,0.003933942764892645
2024-03-04,Hang Seng Composite Index,Inclusion,1519,1519.HK,J&T Global Express Ltd. - W,1395,Inclusion,Hang Seng Composite Index,unchanged,1,1,1519.HK,1519.HK,parse_ok,1519.HK,2024-03-01,11.9399995803833,0.013582330308911983,-0.22568096489575573,-0.14592274883055512,-0.27106225933258865,-0.27106225933258865,3801600.0,45391102.404785156,3937348.2,3799922.566666667,49218810.25991211,53455193.21283951,0.06507330309239154,0.04686605107612658,,0,0,0,,
2024-03-04,Hang Seng Composite Index,Inclusion,1541,1541.HK,ImmuneOnco Biopharmaceuticals (Shanghai) Inc. - B - H Shares,1396,Inclusion,Hang Seng Composite Index,unchanged,1,1,1541.HK,1541.HK,parse_ok,1541.HK,2024-03-01,18.639999389648438,-0.20849256927725335,-0.26469431522084497,-0.38175788970185454,-0.3918434054929276,-0.399677943714724,140600.0,2620783.9141845703,104270.0,103010.0,2200459.800300598,2649163.020995458,0.07234062137306993,0.05796921042201905,,0,0,0,,
2024-03-04,Hang Seng Composite Index,Inclusion,1735,1735.HK,Central New Energy Holding Group Ltd.,1397,Inclusion,Hang Seng Composite Index,unchanged,1,1,1735.HK,1735.HK,parse_ok,1735.HK,2024-03-01,5.900000095367432,-0.005058977038722157,0.22661126103008122,0.2756756962956608,-0.005058977038722157,-0.005058977038722157,5442000.0,32107800.518989563,4895750.0,3962067.2,26751581.803655624,20239237.908853278,0.030005067532493268,0.03264901729970545,,0,0,0,,
2024-03-04,Hang Seng Composite Index,Inclusion,1963,1963.HK,"Bank of Chongqing Co., Ltd. - H Shares",1398,Inclusion,Hang Seng Composite Index,unchanged,1,1,1963.HK,1963.HK,parse_ok,1963.HK,2024-03-01,4.289999961853027,-0.006944492735242669,0.051470598547516566,0.09160302518591945,-0.006944492735242669,-0.08333330786126203,1141000.0,4894889.956474304,1541587.3,1381848.7666666666,6489650.72199812,5621716.998599657,0.011166193820649147,0.010399049917665347,yfinance_info_static_sharesOutstanding,1,1,1,6773999223.245136,0.0007225997221371646
2024-03-04,Hang Seng Composite Index,Inclusion,1969,1969.HK,"China Chunlai Education Group Co., Ltd.",1399,Inclusion,Hang Seng Composite Index,unchanged,1,1,1969.HK,1969.HK,parse_ok,1969.HK,2024-03-01,5.429999828338623,-0.02513471077344609,-0.02513471077344609,-0.1024793955123714,-0.1298076878990646,-0.28552632941103395,208000.0,1129439.9642944336,492900.0,568754.7666666667,2739923.141812706,3273613.2141423067,0.011783136836108987,0.01763905631613001,,0,0,0,,
2024-03-04,Hang Seng Composite Index,Inclusion,2169,2169.HK,Canggang Railway Ltd.,1400,Inclusion,Hang Seng Composite Index,unchanged,1,1,2169.HK,2169.HK,parse_ok,2169.HK,2024-03-01,1.5199999809265137,0.04827581444195017,-0.251231525936477,-0.25672375343812404,-0.29302329604466926,-0.5272161674942845,2100000.0,3191999.9599456787,1990248.0,2183749.3333333335,3379659.048333168,4259266.18080616,0.07480365307228584,0.046704144449471956,,0,0,0,,
2024-03-04,Hang Seng Composite Index,Inclusion,2268,2268.HK,WuXi XDC Cayman Inc.,1401,Inclusion,Hang Seng Composite Index,unchanged,1,1,2268.HK,2268.HK,parse_ok,2268.HK,2024-03-01,18.65999984741211,0.049493764160963405,-0.06231154748181578,-0.42049691287930613,-0.44131739536137404,-0.44131739536137404,2010544.0,37516750.73321533,4119266.2,2547625.683333333,70681387.20353565,56371655.83270969,0.08988038275795508,0.07012565989462086,,0,0,0,,
2024-03-04,Hang Seng Composite Index,Inclusion,2429,2429.HK,Beijing UBOX Online Technology Corp. - H Shares,1402,Inclusion,Hang Seng Composite Index,unchanged,1,1,2429.HK,2429.HK,parse_ok,2429.HK,2024-03-01,19.420000076293945,-0.016210724343189375,-0.08396229351827178,0.20471458221198713,-0.12126698004145242,-0.12126698004145242,310500.0,6029910.02368927,247575.0,316590.6666666667,4831155.240154266,5562136.559034984,0.04746509306787298,0.04035609141355144,,0,0,0,,
2024-03-04,Hang Seng Composite Index,Inclusion,2511,2511.HK,"HighTide Therapeutics, Inc. - B",1403,Inclusion,Hang Seng Composite Index,unchanged,1,1,2511.HK,2511.HK,parse_ok,2511.HK,2024-03-01,11.180000305175781,-0.010619458719785979,-0.07450328015020058,,-0.13734565800400234,-0.13734565800400234,685000.0,7658300.20904541,563975.0,618380.4347826086,6593627.014231682,7426129.134758659,0.025635086602707476,0.025510839754237576,,0,0,0,,
2024-03-04,Hang Seng Composite Index,Inclusion,2517,2517.HK,"Guoquan Food (Shanghai) Co., Ltd. - H Shares",1404,Inclusion,Hang Seng Composite Index,unchanged,1,1,2517.HK,2517.HK,parse_ok,2517.HK,2024-03-01,6.050000190734863,-0.09431132541816944,-0.3737059745031317,-0.17687071166876334,-0.488155639006991,-0.488155639006991,1049400.0,6348870.2001571655,340970.0,461805.5333333333,2407442.110595703,3830466.249970245,0.049859936920110176,0.06384714185860613,,0,0,0,,
2024-03-04,Hang Seng Composite Index,Inclusion,2877,2877.HK,China Shineway Pharmaceutical Group Ltd.,1405,Inclusion,Hang Seng Composite Index,unchanged,1,1,2877.HK,2877.HK,parse_ok,2877.HK,2024-03-01,8.619999885559082,-0.06810812048009929,0.09252218395773526,0.26764700643744166,-0.06810812048009929,-0.1195097120380878,514000.0,4430679.941177368,355350.0,393184.11666666664,3051955.9535741806,3072416.1654070537,0.024680274292227716,0.02202392284866811,yfinance_info_static_sharesOutstanding,1,1,1,6511547913.551331,0.0006804342070426265
2024-03-04,Hang Seng Composite Index,Inclusion,6666,6666.HK,Evergrande Property Services Group Ltd.,1406,Inclusion,Hang Seng Composite Index,unchanged,1,1,6666.HK,6666.HK,parse_ok,6666.HK,2024-03-01,0.5899999737739563,0.1346153757981292,0.4749999124556792,0.1799999475479126,-0.15714288025486267,-0.7434782669539715,22557100.0,13308688.40841651,20802953.65,10421140.85,12028764.897374643,5527162.826814828,0.08868125479184366,0.06102538223705208,yfinance_info_static_sharesOutstanding,1,1,1,6378378206.475199,0.002086531713485695
2024-03-04,Hang Seng Composite Index,Inclusion,6682,6682.HK,"Beijing Fourth Paradigm Technology Co., Ltd. - H Shares",1407,Inclusion,Hang Seng Composite Index,unchanged,1,1,6682.HK,6682.HK,parse_ok,6682.HK,2024-03-01,42.0,0.031941012596842455,-0.16334662626127228,-0.21641788814083185,-0.23705721013480185,-0.28205128205128205,88600.0,3721200.0,42750.0,96060.0,1769843.482723236,4714396.7404174805,0.05905217705485263,0.042959902973741255,,0,0,0,,
2024-03-04,Hang Seng Composite Index,Inclusion,6683,6683.HK,Star Plus Legend Holdings Ltd.,1408,Inclusion,Hang Seng Composite Index,unchanged,1,1,6683.HK,6683.HK,parse_ok,6683.HK,2024-03-01,8.489999771118164,-0.0011764975155100776,0.03033980666798919,-0.0670330312945594,-0.06291397594909276,-0.1960227808943279,746000.0,6333539.82925415,849950.0,1127057.9833333334,7136597.024869919,9326691.11126531,0.020615354028026313,0.030954488811708918,,0,0,0,,
2024-03-04,Hang Seng Composite Index,Inclusion,6990,6990.HK,"Sichuan Kelun-Biotech Biopharmaceutical Co., Ltd. - B - H Sh",1409,Inclusion,Hang Seng Composite Index,unchanged,1,1,6990.HK,6990.HK,parse_ok,6990.HK,2024-03-01,103.69999694824219,-0.0262911084672095,0.2802468759042245,0.08302868875448755,-0.06576579325907939,-0.06576579325907939,77700.0,8057489.762878418,188877.65,144893.9,17597076.74104309,13339435.6308019,0.053808727836692945,0.04670857209608747,,0,0,0,,
2024-03-04,Hang Seng Composite Index,Inclusion,9638,9638.HK,Ferretti S.p.A. - F,1410,Inclusion,Hang Seng Composite Index,unchanged,1,1,9638.HK,9638.HK,parse_ok,9638.HK,2024-03-01,29.25,0.05595664961620983,0.18181818181818188,0.17234465352994022,-0.0017064586471833287,-0.0017064586471833287,1056700.0,30908475.0,482580.0,270523.3333333333,13438271.355409622,7189180.610396068,0.0187965842618478,0.015253613788956712,,0,0,0,,
2024-03-04,Hang Seng Composite Index,Inclusion,9676,9676.HK,"Shiyue Daotian Group Co., Ltd. - H Shares",1411,Inclusion,Hang Seng Composite Index,unchanged,1,1,9676.HK,9676.HK,parse_ok,9676.HK,2024-03-01,24.200000762939453,0.05676860987182031,-0.028112404269672764,-0.1135530608335239,-0.13416815376163949,-0.13416815376163949,184500.0,4464900.140762329,115920.0,131015.0,2656122.7494335175,3290012.4970817566,0.035713177603183745,0.048147554862191536,,0,0,0,,
2024-03-04,Hang Seng Composite Index,Inclusion,9880,9880.HK,UBTECH ROBOTICS CORP LTD - H Shares,1412,Inclusion,Hang Seng Composite Index,unchanged,1,1,9880.HK,9880.HK,parse_ok,9880.HK,2024-03-01,100.30000305175781,0.10038399750636406,0.09857611937754163,,0.0,0.0,173400.0,17392020.529174805,33590.25,98583.6046511628,3195707.187412262,8937932.721696012,0.029053756545382718,0.045921499742617965,,0,0,0,,
2024-03-04,Hang Seng Composite Index,Inclusion,9890,9890.HK,ZX Inc.,1413,Inclusion,Hang Seng Composite Index,unchanged,1,1,9890.HK,9890.HK,parse_ok,9890.HK,2024-03-01,29.5,-0.3473451437596491,-0.5845070422535211,-0.054487202607981344,-0.5845070422535211,-0.5845070422535211,4718000.0,139181000.0,1883255.8,1057391.8166666667,56894160.392505646,41905130.67023315,0.3817191198145801,0.22242347572342638,,0,0,0,,
2024-03-04,Hang Seng Composite Index,Removal,3877,3877.HK,"CSSC (Hong Kong) Shipping Co., Ltd.",1414,Removal,Hang Seng Composite Index,unchanged,1,1,3877.HK,3877.HK,parse_ok,3877.HK,2024-03-01,1.5,0.04166662527455389,0.0,0.09489050713806946,-0.013157882353605488,-0.032258034744817476,2778000.0,4167000.0,4682130.0,2614867.5,6655567.998428345,3751473.510374725,0.02206772983605055,0.01759394007112153,,0,0,0,,
2024-03-04,Hang Seng Composite Index,Removal,6610,6610.HK,Flowing Cloud Technology Ltd,1415,Removal,Hang Seng Composite Index,unchanged,1,1,6610.HK,6610.HK,parse_ok,6610.HK,2024-03-01,15.600000381469727,-0.012658215623466695,-0.390624994179234,-0.6157635229613778,-0.6176470423239735,-0.8336887007043932,8055500.0,125665803.07292938,2386932.5,1296317.7666666666,40645091.93362713,31474093.26776937,0.09376670071319929,0.05947043821263947,,0,0,0,,
2024-03-04,Hang Seng Composite Index,Removal,6878,6878.HK,Differ Group Auto Ltd.,1416,Removal,Hang Seng Composite Index,unchanged,1,1,6878.HK,6878.HK,parse_ok,6878.HK,2024-03-01,0.24400000274181366,-0.22539681082980456,-0.4048780369021082,-0.5481481610256944,-0.6611111207692708,-0.8821255987387542,31862200.0,7774376.887360215,27274550.0,64431771.666666664,9421275.61242029,35371789.548873596,0.048164407469106586,0.06100031846320624,,0,0,0,,
2024-03-04,Hang Seng Composite Index,Removal,6929,6929.HK,OrbusNeich Medical Group Holdings Ltd.,1417,Removal,Hang Seng Composite Index,unchanged,1,1,6929.HK,6929.HK,parse_ok,6929.HK,2024-03-01,4.400000095367432,-0.1439688308054624,-0.14230019547534534,-0.2642140332218348,-0.37588652818053414,-0.6861626282664705,561000.0,2468400.053501129,78406.0,173610.33333333334,369770.60257196426,992322.2017288208,0.026600087944319836,0.02833295979057551,,0,0,0,,
2024-03-04,Hang Seng Composite Index,Removal,9930,9930.HK,Horizon Construction Development Ltd.,1418,Removal,Hang Seng Composite Index,unchanged,1,1,9930.HK,9930.HK,parse_ok,9930.HK,2024-03-01,2.450000047683716,0.0251045774669314,-0.07894738021461079,-0.35863871976460726,-0.4662309441749408,-0.4662309441749408,454470.0,1113451.5216708183,2010145.6,2372971.5,5022271.358410704,6023262.46460909,0.03170577309976295,0.07590800711480888,,0,0,0,,
2024-03-04,Hang Seng Composite Index,Removal,9939,9939.HK,Kintor Pharmaceutical Ltd. - B,1419,Removal,Hang Seng Composite Index,unchanged,1,1,9939.HK,9939.HK,parse_ok,9939.HK,2024-03-01,1.309999942779541,-0.09655179331050101,0.08264454667762733,-0.28415305351982356,-0.3141361436268497,-0.8702970402671497,6502500.0,8518274.627923965,30013440.25,14389741.566666666,49737823.006229326,23561334.793088444,0.11996474283241303,0.07283888813383643,,0,0,0,,
2024-03-04,Hang Seng Composite Index,Removal,9985,9985.HK,WEILONG Delicious Global Holdings Ltd.,1420,Removal,Hang Seng Composite Index,unchanged,1,1,9985.HK,9985.HK,parse_ok,9985.HK,2024-03-01,5.579999923706055,-0.029565230659816533,0.027624327828630113,-0.201716722973019,-0.24594596597380292,-0.5287162287336269,1621480.0,9047858.276290894,873439.1,500968.7,5249367.02608943,3049644.790849924,0.047192561090571836,0.037489794764235695,,0,0,0,,
2024-03-04,Hang Seng Hong Kong-Listed Biotech Index,Inclusion,1513,1513.HK,Livzon Pharmaceutical Group Inc. - H Shares,1421,Inclusion,Hang Seng Hong Kong-Listed Biotech Index,unchanged,1,1,1513.HK,1513.HK,parse_ok,1513.HK,2024-03-01,28.100000381469727,0.02930407204272578,0.18067232278366485,0.21120687316345754,0.0,-0.06333332061767583,878173.0,24676661.634996414,598791.75,591832.95,15724288.674928665,14622696.562324524,0.022877820529100035,0.017523106460913082,yfinance_info_static_sharesOutstanding,1,1,1,8424580102.067339,0.0029291265957505606
2024-03-04,Hang Seng Hong Kong-Listed Biotech Index,Inclusion,2268,2268.HK,WuXi XDC Cayman Inc.,1422,Inclusion,Hang Seng Hong Kong-Listed Biotech Index,unchanged,1,1,2268.HK,2268.HK,parse_ok,2268.HK,2024-03-01,18.65999984741211,0.049493764160963405,-0.06231154748181578,-0.42049691287930613,-0.44131739536137404,-0.44131739536137404,2010544.0,37516750.73321533,4119266.2,2547625.683333333,70681387.20353565,56371655.83270969,0.08988038275795508,0.07012565989462086,,0,0,0,,
2024-03-04,Hang Seng Hong Kong-Listed Biotech Index,Removal,512,0512.HK,Grand Pharmaceutical Group Ltd.,1423,Removal,Hang Seng Hong Kong-Listed Biotech Index,unchanged,1,1,0512.HK,0512.HK,parse_ok,0512.HK,2024-03-01,3.5,-0.0410959154652657,0.038575702924497524,-0.1879350240216402,-0.19354841545040236,-0.34456930711812483,4775230.0,16713305.0,2287138.6,2213620.7666666666,8054078.259669995,8312927.5250971075,0.019218610759523042,0.020161248138307757,yfinance_info_static_sharesOutstanding,1,1,1,12256333768.0,0.0013636463657375815
2024-03-04,Hang Seng Hong Kong-Listed Biotech Index,Removal,6185,6185.HK,CanSino Biologics Inc. - H Shares,1424,Removal,Hang Seng Hong Kong-Listed Biotech Index,unchanged,1,1,6185.HK,6185.HK,parse_ok,6185.HK,2024-03-01,17.940000534057617,0.023972606468045443,0.10467985141002267,-0.31264366774513463,-0.279518039803226,-0.743531074814315,972800.0,17452032.51953125,992172.7,1150545.8333333333,16957461.065256644,23034966.67648298,0.04042457074709782,0.033719897549912295,yfinance_info_static_sharesOutstanding,1,1,1,2380116016.8539047,0.0073324293420787825
2024-03-04,Hang Seng Stock Connect China Enterprises Index,Inclusion,000333,000333.SZ,"Midea Group Co., Ltd.",1425,Inclusion,Hang Seng Stock Connect China Enterprises Index,unchanged,1,1,000333.SZ,000333.SZ,parse_ok,000333.SZ,2024-03-01,64.47000122070312,0.08134858060563599,0.14409943152547133,0.23956937706747095,0.0,0.0,32844906.0,2117511129.9138794,33610037.75,26865192.216666665,2028493226.3061936,1515944774.5356162,0.01495551568169251,0.012675205983478674,yfinance_info_static_sharesOutstanding,1,1,1,448289503835.579,0.004723534929540816
2024-03-04,Hang Seng Stock Connect China Enterprises Index,Inclusion,762,0762.HK,China Unicom (Hong Kong) Ltd.,1426,Inclusion,Hang Seng Stock Connect China Enterprises Index,unchanged,1,1,0762.HK,0762.HK,parse_ok,0762.HK,2024-03-01,5.820000171661377,0.030088508570704775,0.08582090050161306,0.1640000343322754,0.0,-0.09345792795985897,138156378.0,804070143.6761141,30490687.95,32721730.233333334,169765691.407615,168110521.7894446,0.022487447384736306,0.02303232530896504,yfinance_info_static_sharesOutstanding,1,1,1,178080365252.4948,0.004515209425452644
2024-03-04,Hang Seng Stock Connect China Enterprises Index,Removal,881,0881.HK,Zhongsheng Group Holdings Ltd.,1427,Removal,Hang Seng Stock Connect China Enterprises Index,unchanged,1,1,0881.HK,0881.HK,parse_ok,0881.HK,2024-03-01,14.380000114440918,-0.01775957805905526,0.09436832105931292,-0.1810933626546557,-0.23183757254827997,-0.6592417096098822,15170384.0,218150123.65611267,5202489.5,4442920.933333334,73382506.28578524,67316137.80411378,0.03241072050673479,0.03602365774408329,,0,0,0,,
2024-03-04,Hang Seng Stock Connect China Enterprises Index,Removal,600438,600438.SH,"Tongwei Co., Ltd.",1428,Removal,Hang Seng Stock Connect China Enterprises Index,unchanged,1,1,600438.SH,600438.SS,parse_ok,600438.SS,2024-03-01,26.780000686645508,0.01786397682415508,0.024091819399829184,0.07205769325038336,0.0,-0.3673517711261044,40262969.0,1078242337.4663868,41489304.45,39246808.88333333,1051526631.736446,980062579.6753061,0.027771591902130698,0.0241317773757217,,0,0,0,,
2024-03-04,Hang Seng Stock Connect Greater Bay Area Composite Index,Inclusion,001323,001323.SZ,"De Rucci Healthy Sleep Co., Ltd.",1429,Inclusion,Hang Seng Stock Connect Greater Bay Area Composite Index,unchanged,1,1,001323.SZ,001323.SZ,parse_ok,001323.SZ,2024-03-01,28.881818771362305,0.00793151461263264,0.05935316762694165,-0.00501089124199583,-0.022160643711906847,-0.3293223487125465,1508230.0,43560425.52553177,1424229.5,1058711.1833333333,40384657.26154347,29475666.356655218,0.020583937214245153,0.016084846527919087,,0,0,0,,
2024-03-04,Hang Seng Stock Connect Greater Bay Area Composite Index,Inclusion,1735,1735.HK,Central New Energy Holding Group Ltd.,1430,Inclusion,Hang Seng Stock Connect Greater Bay Area Composite Index,unchanged,1,1,1735.HK,1735.HK,parse_ok,1735.HK,2024-03-01,5.900000095367432,-0.005058977038722157,0.22661126103008122,0.2756756962956608,-0.005058977038722157,-0.005058977038722157,5442000.0,32107800.518989563,4895750.0,3962067.2,26751581.803655624,20239237.908853278,0.030005067532493268,0.03264901729970545,,0,0,0,,
2024-03-04,Hang Seng Stock Connect Greater Bay Area Composite Index,Inclusion,1942,1942.HK,MOG Digitech Holdings Ltd.,1431,Inclusion,Hang Seng Stock Connect Greater Bay Area Composite Index,unchanged,1,1,1942.HK,1942.HK,parse_ok,1942.HK,2024-03-01,1.309999942779541,0.0076923006385032355,-0.12080541315779325,-0.2918919319476059,-0.25988703000221713,-0.9867207306384492,26666000.0,34932458.47415924,40140188.15,46131574.56666667,53343720.19747173,69681863.25072083,0.040237413560416845,0.041575054270216925,,0,0,0,,
2024-03-04,Hang Seng Stock Connect Greater Bay Area Composite Index,Inclusion,301510,301510.SZ,"Googol Technology Co., Ltd.",1432,Inclusion,Hang Seng Stock Connect Greater Bay Area Composite Index,unchanged,1,1,301510.SZ,301510.SZ,parse_ok,301510.SZ,2024-03-01,32.58000183105469,0.03625958262189455,0.07453832978158847,-0.21964067470527693,-0.22094686588228507,-0.5208823260139017,4896309.0,159521756.18540955,4417282.7,2938488.25,131514500.09410353,96998708.35660626,0.06488028795366094,0.04299424004834942,,0,0,0,,
2024-03-04,Hang Seng Stock Connect Greater Bay Area Composite Index,Inclusion,6666,6666.HK,Evergrande Property Services Group Ltd.,1433,Inclusion,Hang Seng Stock Connect Greater Bay Area Composite Index,unchanged,1,1,6666.HK,6666.HK,parse_ok,6666.HK,2024-03-01,0.5899999737739563,0.1346153757981292,0.4749999124556792,0.1799999475479126,-0.15714288025486267,-0.7434782669539715,22557100.0,13308688.40841651,20802953.65,10421140.85,12028764.897374643,5527162.826814828,0.08868125479184366,0.06102538223705208,yfinance_info_static_sharesOutstanding,1,1,1,6378378206.475199,0.002086531713485695
2024-03-04,Hang Seng Stock Connect Greater Bay Area Composite Index,Inclusion,688114,688114.SH,"Mgi Tech Co., Ltd.",1434,Inclusion,Hang Seng Stock Connect Greater Bay Area Composite Index,unchanged,1,1,688114.SH,688114.SS,parse_ok,688114.SS,2024-03-01,68.95999908447266,-0.06125782815250769,-0.15021567729137786,-0.2761624696720145,-0.3159408713963011,-0.3644239715716806,3212687.0,221546892.5786972,3251841.65,2867359.3666666667,231195386.0304386,237072244.85114098,0.05849251295639001,0.03999866077251858,,0,0,0,,
2024-03-04,Hang Seng Stock Connect Greater Bay Area Composite Index,Inclusion,688318,688318.SH,"Shenzhen Fortune Trend Technology Co., Ltd.",1435,Inclusion,Hang Seng Stock Connect Greater Bay Area Composite Index,unchanged,1,1,688318.SH,688318.SS,parse_ok,688318.SS,2024-03-01,62.86224365234375,0.058232398904814575,0.0461917075567424,-0.10366652898086648,-0.14845530999526457,-0.2773606845018991,9040466.0,568303976.4227295,6781071.5,5091408.3,382639877.1329662,308369153.60507053,0.044323142949895075,0.03797199223273671,,0,0,0,,
2024-03-04,Hang Seng Stock Connect Greater Bay Area Composite Index,Inclusion,9880,9880.HK,UBTECH ROBOTICS CORP LTD - H Shares,1436,Inclusion,Hang Seng Stock Connect Greater Bay Area Composite Index,unchanged,1,1,9880.HK,9880.HK,parse_ok,9880.HK,2024-03-01,100.30000305175781,0.10038399750636406,0.09857611937754163,,0.0,0.0,173400.0,17392020.529174805,33590.25,98583.6046511628,3195707.187412262,8937932.721696012,0.029053756545382718,0.045921499742617965,,0,0,0,,
2024-03-04,Hang Seng Stock Connect Greater Bay Area Composite Index,Inclusion,9885,9885.HK,YSB Inc.,1437,Inclusion,Hang Seng Stock Connect Greater Bay Area Composite Index,unchanged,1,1,9885.HK,9885.HK,parse_ok,9885.HK,2024-03-01,9.039999961853027,0.040276225359068274,0.323572483577393,-0.542972717490531,-0.7166144178697164,-0.8544283384222584,3718400.0,33614335.8581543,2162487.5,4174174.4,16955462.840912342,50652795.11638629,0.05241085302059427,0.11198890925451971,,0,0,0,,
2024-03-04,Hang Seng Stock Connect Greater Bay Area Composite Index,Removal,000078,000078.SZ,"Shenzhen Neptunus Bioengineering Co., Ltd.",1438,Removal,Hang Seng Stock Connect Greater Bay Area Composite Index,unchanged,1,1,000078.SZ,000078.SZ,parse_ok,000078.SZ,2024-03-01,2.5299999713897705,-0.007843129921765946,-0.14527029095120958,-0.18910254352896805,-0.2792022853949193,-0.2792022853949193,20872728.0,52808001.24282646,23016654.95,28889700.633333333,57136122.15556936,86598056.96084353,0.042442402261627765,0.033686382611475295,,0,0,0,,
2024-03-04,Hang Seng Stock Connect Greater Bay Area Composite Index,Removal,000893,000893.SZ,"Asia-Potash International Investment (Guangzhou) Co., Ltd.",1439,Removal,Hang Seng Stock Connect Greater Bay Area Composite Index,unchanged,1,1,000893.SZ,000893.SZ,parse_ok,000893.SZ,2024-03-01,22.639999389648438,-0.004397554198603659,0.015702039468167284,-0.17069596987702562,-0.19886768555259016,-0.24834001464706923,10207467.0,231097046.64985657,10101933.7,7437299.95,226305746.66459256,178453181.60785714,0.036178069423937795,0.026558276651236622,,0,0,0,,
2024-03-04,Hang Seng Stock Connect Greater Bay Area Composite Index,Removal,002163,002163.SZ,"Hainan Development Holdings Nanhai Co., Ltd.",1440,Removal,Hang Seng Stock Connect Greater Bay Area Composite Index,unchanged,1,1,002163.SZ,002163.SZ,parse_ok,002163.SZ,2024-03-01,8.15999984741211,0.018726543601012224,-0.02275455393741843,-0.10917030749542211,-0.11207832208935009,-0.35646690449358087,6280400.0,51248063.04168701,11985145.9,7312618.75,94995815.6542128,60637202.69403831,0.04910768851432063,0.03114455272646834,,0,0,0,,
2024-03-04,Hang Seng Stock Connect Greater Bay Area Composite Index,Removal,002670,002670.SZ,Guosheng Financial Holding Inc.,1441,Removal,Hang Seng Stock Connect Greater Bay Area Composite Index,unchanged,1,1,002670.SZ,002670.SZ,parse_ok,002670.SZ,2024-03-01,10.149999618530273,0.023185437547118992,-0.07559198163108538,0.07863972190410551,-0.11508287861971156,-0.11508287861971156,43879818.0,445380135.9611778,68549392.9,48292975.68333333,678515875.847414,479836569.83184654,0.03370003063025479,0.028970258712573093,,0,0,0,,
2024-03-04,Hang Seng Stock Connect Greater Bay Area Composite Index,Removal,336,0336.HK,Huabao International Holdings Ltd.,1442,Removal,Hang Seng Stock Connect Greater Bay Area Composite Index,unchanged,1,1,0336.HK,0336.HK,parse_ok,0336.HK,2024-03-01,2.369999885559082,0.05803565869145877,0.08715587751541154,-0.08494209880342407,-0.09195403033835436,-0.4045226446730521,2520000.0,5972399.711608887,2069300.0,1278414.3333333333,4725559.025156498,3002470.018303951,0.03413762738521884,0.0248100485873185,,0,0,0,,
2024-03-04,Hang Seng Stock Connect Greater Bay Area Composite Index,Removal,1686,1686.HK,SUNeVision Holdings Ltd.,1443,Removal,Hang Seng Stock Connect Greater Bay Area Composite Index,unchanged,1,1,1686.HK,1686.HK,parse_ok,1686.HK,2024-03-01,2.569999933242798,-0.07885305792768282,-0.04104482491580841,-0.11379315561119752,-0.16828478814579706,-0.4589473824752005,2979000.0,7656029.801130295,1358048.05,1015060.1166666667,3688699.4252924086,2850067.88091743,0.016671897396154753,0.01852719971349334,yfinance_info_static_sharesOutstanding,1,1,1,6067279828.208974,0.0012618553977903984
2024-03-04,Hang Seng Stock Connect Greater Bay Area Composite Index,Removal,2150,2150.HK,Nayuki Holdings Ltd.,1444,Removal,Hang Seng Stock Connect Greater Bay Area Composite Index,unchanged,1,1,2150.HK,2150.HK,parse_ok,2150.HK,2024-03-01,3.130000114440918,-0.09537569944154922,0.24206354687753961,-0.08746354124707367,-0.09537569944154922,-0.6463276859293066,3448000.0,10792240.394592285,6638270.1,6927600.55,18929255.670264196,20243098.27590679,0.04737620604482826,0.03794952453286998,,0,0,0,,
2024-03-04,Hang Seng Stock Connect Greater Bay Area Composite Index,Removal,300671,300671.SZ,"Fine Made Microelectronics Group Co., Ltd.",1445,Removal,Hang Seng Stock Connect Greater Bay Area Composite Index,unchanged,1,1,300671.SZ,300671.SZ,parse_ok,300671.SZ,2024-03-01,26.010000228881836,0.06511057115562435,-0.022547928136323336,-0.25258618393352517,-0.24124850772776685,-0.5693708680166568,6677011.0,173669057.63824654,6065844.55,3324097.6166666667,138799366.64538917,85908043.12883797,0.06931422692198316,0.04303059431569511,,0,0,0,,
2024-03-04,Hang Seng Stock Connect Greater Bay Area Composite Index,Removal,3319,3319.HK,"A-Living Smart City Services Co., Ltd. - H Shares",1446,Removal,Hang Seng Stock Connect Greater Bay Area Composite Index,unchanged,1,1,3319.HK,3319.HK,parse_ok,3319.HK,2024-03-01,4.019999980926514,0.09836062476870633,0.33999999364217115,0.07774797865150207,-0.040572810017267424,-0.5421412183157177,7883400.0,31691267.849636078,10002659.2,9630993.4,36212528.58887185,32655302.500473343,0.043631692501357365,0.037569688628705585,yfinance_info_static_sharesOutstanding,1,1,1,5702532983.943486,0.005557401936800467
2024-03-04,Hang Seng TECH Index,Inclusion,780,0780.HK,Tongcheng Travel Holdings Ltd.,1447,Inclusion,Hang Seng TECH Index,unchanged,1,1,0780.HK,0780.HK,parse_ok,0780.HK,2024-03-01,19.579999923706055,-0.0010204314986942409,0.23299746741817962,0.3808180184988601,-0.009109327079495078,-0.009109327079495078,57810029.0,1131920363.4094448,9857090.8,6521569.2,184802410.69230837,110270143.97361305,0.020246340717517575,0.02235268060863165,yfinance_info_static_sharesOutstanding,1,1,1,46095471994.34787,0.024555998982898765
2024-03-04,Hang Seng TECH Index,Removal,9698,9698.HK,GDS Holdings Ltd. - SW,1448,Removal,Hang Seng TECH Index,unchanged,1,1,9698.HK,9698.HK,parse_ok,9698.HK,2024-03-01,6.630000114440918,-0.019230785508778214,0.27992284443131976,-0.31508265439868477,-0.313664573585156,-0.6804819221956184,38625282.0,256085624.08031273,13293650.9,8461691.35,86100775.68266554,57919242.82714908,0.04667035570490266,0.047554964883885886,yfinance_info_static_sharesOutstanding,1,1,1,10339024837.672665,0.024768837303418074
2024-06-11,Hang Seng China Enterprises Index,Inclusion,2899,2899.HK,"Zijin Mining Group Co., Ltd. - H Shares",1449,Inclusion,Hang Seng China Enterprises Index,unchanged,1,1,2899.HK,2899.HK,parse_ok,2899.HK,2024-06-07,17.5,0.05804105388963032,-0.0034168261826403867,0.1920980678610722,-0.10986774487164785,-0.10986774487164785,131222154.0,2296387695.0,51187917.65,45264394.8,907479089.275069,771181810.4272302,0.029632238695356507,0.024742528186573753,,0,0,0,,
2024-06-11,Hang Seng China Enterprises Index,Removal,968,0968.HK,Xinyi Solar Holdings Ltd.,1450,Removal,Hang Seng China Enterprises Index,unchanged,1,1,0968.HK,0968.HK,parse_ok,0968.HK,2024-06-07,4.429999828338623,-0.13813230672949905,-0.24402735027211864,-0.2504230215372262,-0.33682635596108923,-0.5322070006943596,161250401.0,714339248.7495341,45831132.35,46104416.36666667,235411925.67092776,264091911.77033514,0.03800192352193311,0.03617336750098672,yfinance_info_static_sharesOutstanding,1,1,1,40521401644.2559,0.01762869051324623
2024-06-11,Hang Seng Composite Index,Inclusion,2498,2498.HK,"RoboSense Technology Co., Ltd",1451,Inclusion,Hang Seng Composite Index,unchanged,1,1,2498.HK,2498.HK,parse_ok,2498.HK,2024-06-07,79.94999694824219,0.2905568355710324,1.0062735259616722,1.0395406987805131,0.0,0.0,42300.0,3381884.8709106445,32155.0,15571.666666666666,2089051.4895057678,890889.5797220865,0.104426397214179,0.06668668447850658,,0,0,0,,
2024-06-11,Hang Seng Hong Kong-Listed Biotech Index,Inclusion,6855,6855.HK,Ascentage Pharma Group International - B,1453,Inclusion,Hang Seng Hong Kong-Listed Biotech Index,unchanged,1,1,6855.HK,6855.HK,parse_ok,6855.HK,2024-06-07,20.799999237060547,0.1685393330665903,0.0666666275415666,-0.1297071310020531,-0.14928431132858955,-0.2517985680614051,1354639.0,28176490.166492462,1251590.55,1450425.3333333333,24213277.425129127,28197679.79573822,0.036665349061733875,0.04116133946923858,yfinance_info_static_sharesOutstanding,1,1,1,7765090908.778152,0.0036286104692785973
2024-06-11,Hang Seng Hong Kong-Listed Biotech Index,Inclusion,6990,6990.HK,"Sichuan Kelun-Biotech Biopharmaceutical Co., Ltd. - B - H Shares",1454,Inclusion,Hang Seng Hong Kong-Listed Biotech Index,unchanged,1,1,6990.HK,6990.HK,parse_ok,6990.HK,2024-06-07,178.3000030517578,0.03542396173995921,0.004507059446522854,0.525235249995154,-0.05810882103891157,-0.05810882103891157,469100.0,83640531.43157959,493584.85,443158.9666666667,86383817.14997634,71345128.95079753,0.04329533056917964,0.04822266313486927,,0,0,0,,
2024-06-11,Hang Seng Hong Kong-Listed Biotech Index,Removal,314,0314.HK,"Sipai Health Technology Co., Ltd.",1455,Removal,Hang Seng Hong Kong-Listed Biotech Index,unchanged,1,1,0314.HK,0314.HK,parse_ok,0314.HK,2024-06-07,5.769999980926514,-0.08846760656067676,-0.0399334839958857,-0.023688641302909597,-0.14008942650916112,-0.8436314432973704,1628400.0,9395867.968940735,863140.0,717859.5166666667,5195702.576079369,4351817.290206432,0.029550351719355085,0.027717589654995184,,0,0,0,,
2024-06-11,Hang Seng Hong Kong-Listed Biotech Index,Removal,9886,9886.HK,Dingdang Health Technology Group Ltd.,1456,Removal,Hang Seng Hong Kong-Listed Biotech Index,unchanged,1,1,9886.HK,9886.HK,parse_ok,9886.HK,2024-06-07,1.2599999904632568,-0.080291980965148,-0.015624985448084439,-0.023255792462719804,-0.4349775875846146,-0.5827814574764671,12855500.0,16197929.877400398,47366293.6,16457451.783333333,83815531.22395492,28727707.10338519,0.13989073039000202,0.08352036772818691,,0,0,0,,
2024-06-11,Hang Seng Index,Inclusion,285,0285.HK,BYD Electronic International Co. Ltd.,1458,Inclusion,Hang Seng Index,unchanged,1,1,0285.HK,0285.HK,parse_ok,0285.HK,2024-06-07,35.54999923706055,0.05177514909767167,0.11093747615814209,0.19495795754825362,-0.05326231799296732,-0.11013770818148949,24589117.0,874143090.5899925,12150977.5,9090380.566666666,420687291.89166796,281967343.61037755,0.03069228820000987,0.03103451292130702,,0,0,0,,
2024-06-11,Hang Seng Index,Removal,6098,6098.HK,Country Garden Services Holdings Co. Ltd.,1459,Removal,Hang Seng Index,unchanged,1,1,6098.HK,6098.HK,parse_ok,6098.HK,2024-06-07,5.579999923706055,-0.01933218495750577,-0.024475502031601426,0.003597118908694741,-0.21408450723143713,-0.49180326444990363,57106353.0,318653445.383131,51645305.75,36079592.63333333,320438062.0479659,204094759.03128037,0.043078336783460194,0.040843539494971305,yfinance_info_static_sharesOutstanding,1,1,1,18170834450.17472,0.017536533407802143
2024-06-11,Hang Seng Stock Connect China Enterprises Index,Inclusion,2899,2899.HK,"Zijin Mining Group Co., Ltd. - H Shares",1460,Inclusion,Hang Seng Stock Connect China Enterprises Index,unchanged,1,1,2899.HK,2899.HK,parse_ok,2899.HK,2024-06-07,17.5,0.05804105388963032,-0.0034168261826403867,0.1920980678610722,-0.10986774487164785,-0.10986774487164785,131222154.0,2296387695.0,51187917.65,45264394.8,907479089.275069,771181810.4272302,0.029632238695356507,0.024742528186573753,,0,0,0,,
2024-06-11,Hang Seng Stock Connect China Enterprises Index,Inclusion,601319,601319.SH,The People's Insurance Company (Group) of China Limited,1461,Inclusion,Hang Seng Stock Connect China Enterprises Index,unchanged,1,1,601319.SH,601319.SS,parse_ok,601319.SS,2024-06-07,5.25,-0.009433997912352998,-0.025974001846660322,-0.0019011841153402376,-0.057450657414599315,-0.18981481719954563,72220802.0,379159210.5,73265497.85,72281835.51666667,397328774.5015267,383423074.98064923,0.0106450811811147,0.013220698556664258,yfinance_info_static_sharesOutstanding,1,1,1,186363222060.75,0.0020345173597417364
2024-06-11,Hang Seng Stock Connect China Enterprises Index,Inclusion,601998,601998.SH,China Citic Bank Corporation Limited,1462,Inclusion,Hang Seng Stock Connect China Enterprises Index,unchanged,1,1,601998.SH,601998.SS,parse_ok,601998.SS,2024-06-07,6.940000057220459,-0.03744798606074706,-0.01560285539551709,0.08437499278225014,-0.12484234458370402,-0.12484234458370402,49123351.0,340916058.7508607,49403958.45,64383733.833333336,348412539.2099023,445824150.25317025,0.014300996895547617,0.024563336812013274,,0,0,0,,
2024-06-11,Hang Seng Stock Connect China Enterprises Index,Removal,968,0968.HK,Xinyi Solar Holdings Ltd.,1463,Removal,Hang Seng Stock Connect China Enterprises Index,unchanged,1,1,0968.HK,0968.HK,parse_ok,0968.HK,2024-06-07,4.429999828338623,-0.13813230672949905,-0.24402735027211864,-0.2504230215372262,-0.33682635596108923,-0.5322070006943596,161250401.0,714339248.7495341,45831132.35,46104416.36666667,235411925.67092776,264091911.77033514,0.03800192352193311,0.03617336750098672,yfinance_info_static_sharesOutstanding,1,1,1,40521401644.2559,0.01762869051324623
2024-06-11,Hang Seng Stock Connect China Enterprises Index,Removal,601633,601633.SH,"Great Wall Motor Co., Ltd.",1464,Removal,Hang Seng Stock Connect China Enterprises Index,unchanged,1,1,601633.SH,601633.SS,parse_ok,601633.SS,2024-06-07,25.010000228881836,-0.036965695412205846,-0.038076914273775575,0.07569893457556276,-0.11781305494341365,-0.19270495163227308,16155571.0,404050834.40771675,20881562.85,21836341.216666665,556729577.3717448,559167289.7558867,0.02405664346191224,0.021384612326762326,yfinance_info_static_sharesOutstanding,1,1,1,156029328128.88998,0.002589582607661718
2024-06-11,Hang Seng Stock Connect China Enterprises Index,Removal,601899,601899.SH,"Zijin Mining Group Co., Ltd.",1465,Removal,Hang Seng Stock Connect China Enterprises Index,unchanged,1,1,601899.SH,601899.SS,parse_ok,601899.SS,2024-06-07,17.760000228881836,0.02010341094412782,-0.026315764707210976,0.19274679780958492,-0.08782738288541003,-0.08782738288541003,173772656.0,3086202410.3334045,172540985.15,194267714.76666668,3121780235.1184564,3367490075.4582496,0.023213355683844798,0.0243653741369497,yfinance_info_static_sharesOutstanding,1,1,1,365887850881.77625,0.008434831610002275
2024-09-09,Hang Seng (China A) Corporate Sustainability Benchmark Index,Inclusion,00567,00567.HK,SHANYING INTERNATION,1532,Add,Hang Seng (China A) Corporate Sustainability Benchmark Index,unchanged,1,1,00567.HK,0567.HK,parse_ok,0567.HK,2024-09-05,0.07000000029802322,0.060606070868568285,0.07692312100935417,-0.24731184260144146,-0.23913043302207448,-0.4399999976158142,1080000.0,75600.00032186508,146400.0,67133.33333333333,10607.300163805485,4849.100073675315,0.061007198003457365,0.0767563780823386,,0,0,0,,
2024-09-09,Hang Seng (China A) Corporate Sustainability Benchmark Index,Inclusion,00655,00655.HK,YYTM,1533,Add,Hang Seng (China A) Corporate Sustainability Benchmark Index,unchanged,1,1,00655.HK,0655.HK,parse_ok,0655.HK,2024-09-05,0.24199999868869781,0.0,-0.03200000524520874,-0.16551722188908702,-0.1796609849294195,-0.4372093147364996,220250.0,53300.499711185694,122798.95,80914.6,30594.02751101926,20652.30153768932,0.014821708712678093,0.01905949009768317,,0,0,0,,
2024-09-09,Hang Seng (China A) Corporate Sustainability Benchmark Index,Inclusion,01788,01788.HK,EB SECURITIES,1536,Add,Hang Seng (China A) Corporate Sustainability Benchmark Index,unchanged,1,1,01788.HK,1788.HK,parse_ok,1788.HK,2024-09-05,0.6100000143051147,-0.016129016752173708,-0.016129016752173708,0.05172419285802743,-0.0895522401337635,-0.0895522401337635,3543000.0,2161230.0506830215,4889545.4,12180372.166666666,3009194.846604371,7596286.197993791,0.009836685677231508,0.0200922678629347,,0,0,0,,
2024-09-09,Hang Seng (China A) Corporate Sustainability Benchmark Index,Inclusion,01857,01857.HK,PETROCHINA,1537,Add,Hang Seng (China A) Corporate Sustainability Benchmark Index,unchanged,1,1,01857.HK,1857.HK,parse_ok,1857.HK,2024-09-05,1.340000033378601,-0.02189778925938224,-0.10067112429400504,-0.09459458370988971,-0.12418296834253117,-0.1298700866419331,171000.0,229140.00570774078,509558.5,393354.61666666664,730406.5821122527,575847.5562782605,0.016167620261900634,0.012754891249881915,,0,0,0,,
2024-09-09,Hang Seng (China A) Corporate Sustainability Benchmark Index,Inclusion,01865,01865.HK,FLAT GLASS,1538,Add,Hang Seng (China A) Corporate Sustainability Benchmark Index,unchanged,1,1,01865.HK,1865.HK,parse_ok,1865.HK,2024-09-05,0.17277799546718597,0.0,0.05555827146743986,-0.34482809085508237,-0.34482809085508237,-0.9552941996676877,1426058.0,246391.4426599443,881147.0,843904.7166666667,151718.74554172083,156058.34174895362,0.020569162477026934,0.03190361590360956,,0,0,0,,
2024-09-09,Hang Seng (China A) Corporate Sustainability Benchmark Index,Inclusion,01939,01939.HK,CCB,1539,Add,Hang Seng (China A) Corporate Sustainability Benchmark Index,unchanged,1,1,01939.HK,1939.HK,parse_ok,1939.HK,2024-09-05,0.7200000286102295,0.0,-0.09999997764825852,0.04347830593924007,-0.09999997764825852,-0.09999997764825852,0.0,0.0,4700.0,4000.0,3343.999934196472,2773.333328962326,0.02151722866256512,0.02219988651781408,,0,0,0,,
2024-09-09,Hang Seng (China A) Corporate Sustainability Benchmark Index,Inclusion,00016,00016.HK,MINSHENG BANK,1543,Add 0,Hang Seng (China A) Corporate Sustainability Benchmark Index,unchanged,1,1,00016.HK,0016.HK,parse_ok,0016.HK,2024-09-05,75.1500015258789,-0.015717052681395005,0.04665735838069818,0.049581049265537525,-0.017004518956925452,-0.16915418395335413,5289099.0,397475797.9205246,3246712.95,3737963.6,239965495.09749374,263935217.38771477,0.013040191808409802,0.01725161473856088,,0,0,0,,
2024-09-09,Hang Seng (China A) Corporate Sustainability Benchmark Index,Inclusion,00008,00008.HK,BEIJING CAPITAL,1544,Add 6,Hang Seng (China A) Corporate Sustainability Benchmark Index,unchanged,1,1,00008.HK,0008.HK,parse_ok,0008.HK,2024-09-05,4.400000095367432,0.0022779565343908903,0.04265410287321525,0.1578947764684624,-0.002267517548905529,-0.002267517548905529,4094147.0,18014247.190448284,7233277.5,7251007.433333334,31201140.04100449,29833494.785507645,0.010690302505719005,0.008978274504766749,yfinance_info_static_sharesOutstanding,1,1,1,34090155818.084213,0.0005284295937682999
2024-09-09,Hang Seng (China A) Corporate Sustainability Benchmark Index,Inclusion,00048,00048.HK,PRE,1545,Add 6,Hang Seng (China A) Corporate Sustainability Benchmark Index,unchanged,1,1,00048.HK,0048.HK,parse_ok,0048.HK,2024-09-05,0.1889999955892563,0.0,0.0,0.0,0.0,0.0,0.0,0.0,0.0,0.0,0.0,0.0,0.0,0.0,,0,0,0,,
2024-09-09,Hang Seng (China A) Corporate Sustainability Benchmark Index,Inclusion,00124,00124.HK,INOVANCE,1546,Add 6,Hang Seng (China A) Corporate Sustainability Benchmark Index,unchanged,1,1,00124.HK,0124.HK,parse_ok,0124.HK,2024-09-05,0.3700000047683716,0.027777750183035854,0.1384615948919734,-0.11904758018971451,-0.10843370552245668,-0.46376810717848105,0.0,0.0,114930.55,146001.85,41568.65160144567,52554.008891109625,0.020423981030599996,0.019634374928750996,,0,0,0,,
2024-09-09,Hang Seng (China A) Corporate Sustainability Benchmark Index,Inclusion,00333,00333.HK,MIDEA GROUP,1547,Add 6,Hang Seng (China A) Corporate Sustainability Benchmark Index,unchanged,1,1,00333.HK,0333.HK,parse_ok,0333.HK,2024-09-05,0.27000001072883606,-0.09999999999999998,0.0,-0.2058823297386766,-0.2058823297386766,-0.2987012534624881,0.0,0.0,14340.0,7780.0,4115.200048685074,2226.7333636681237,0.04913794249721643,0.037115762666091054,,0,0,0,,
2024-09-09,Hang Seng (China A) Corporate Sustainability Benchmark Index,Inclusion,00347,00347.HK,TIGERMED,1548,Add 6,Hang Seng (China A) Corporate Sustainability Benchmark Index,unchanged,1,1,00347.HK,0347.HK,parse_ok,0347.HK,2024-09-05,1.0700000524520874,-0.027272700672307915,-0.08547000709448127,-0.18320603115311973,-0.20740738255169866,-0.504629625030506,1471300.0,1574291.0771727562,3806712.0,4183069.7,4290296.86669215,5014042.7605366465,0.018594464931368092,0.01827593478402826,yfinance_info_static_sharesOutstanding,1,1,1,1510347874.0382195,0.0010423367385975601
2024-09-09,Hang Seng (China A) Corporate Sustainability Benchmark Index,Inclusion,00759,00759.HK,PHARMARON,1549,Add 6,Hang Seng (China A) Corporate Sustainability Benchmark Index,unchanged,1,1,00759.HK,0759.HK,parse_ok,0759.HK,2024-09-05,0.1599999964237213,-0.08045976420881429,-0.08045976420881429,-0.25581398250090825,-0.23809523133734167,-0.5733333428700764,202000.0,32319.999277591705,40300.0,50033.333333333336,6658.199881017208,9284.866540133953,0.01556757895545601,0.02271896282828349,,0,0,0,,
2024-09-09,Hang Seng (China A) Corporate Sustainability Benchmark Index,Inclusion,00760,00760.HK,MINDRAY,1550,Add 6,Hang Seng (China A) Corporate Sustainability Benchmark Index,unchanged,1,1,00760.HK,0760.HK,parse_ok,0760.HK,2024-09-05,0.11500000208616257,0.0,-0.07999998331069946,-0.20689651451552982,-0.20689651451552982,-0.5892857085837393,0.0,0.0,34275.0,39095.833333333336,3941.625071503222,4769.279192077617,0.018644690509753297,0.018996089005473855,,0,0,0,,
2024-09-09,Hang Seng (China A) Corporate Sustainability Benchmark Index,Inclusion,00825,00825.HK,STSS,1551,Add 6,Hang Seng (China A) Corporate Sustainability Benchmark Index,unchanged,1,1,00825.HK,0825.HK,parse_ok,0825.HK,2024-09-05,0.24400000274181366,-0.061538416570458665,-0.004081640845286283,0.02521007193253655,-0.09629632205138872,-0.6411764703304297,14000.0,3416.0000383853912,143900.0,281924.15,35840.24993702769,70802.46817937642,0.025007125356259183,0.028771639665461115,,0,0,0,,
2024-09-09,Hang Seng (China A) Corporate Sustainability Benchmark Index,Inclusion,02129,02129.HK,TZE,1552,Add 6,Hang Seng (China A) Corporate Sustainability Benchmark Index,unchanged,1,1,02129.HK,2129.HK,parse_ok,2129.HK,2024-09-05,0.09799999743700027,0.01030922212868468,0.0,-0.10909092756342309,-0.13274337041722528,-0.20325207536522538,0.0,0.0,92000.0,162166.66666666666,8962.499974295497,16981.25002036492,0.011553748597159786,0.020448336809896963,,0,0,0,,
2024-09-09,Hang Seng (China A) Corporate Sustainability Benchmark Index,Inclusion,02352,02352.HK,SF HOLDING,1553,Add 6,Hang Seng (China A) Corporate Sustainability Benchmark Index,unchanged,1,1,02352.HK,2352.HK,parse_ok,2352.HK,2024-09-05,6.119999885559082,0.046153843645826864,0.2239999771118164,0.09481211422254221,0.0,-0.21638925347021143,0.0,0.0,340.0,10600.0,1850.0999593734741,57125.53304672241,0.01521736818989429,0.014421427912359962,,0,0,0,,
2024-09-09,Hang Seng (China A) Corporate Sustainability Benchmark Index,Removal,00029,00029.HK,CHINA SOUTH AIR,1554,Remove,Hang Seng (China A) Corporate Sustainability Benchmark Index,unchanged,1,1,00029.HK,0029.HK,parse_ok,0029.HK,2024-09-05,6.989999771118164,0.010115562724344329,-0.008510697587718052,-0.12075472467661741,-0.11964739033451088,-0.38031915455755305,2000.0,13979.999542236328,21210.0,33603.333333333336,147447.70143032074,244067.90090401968,0.011168047276470345,0.017528238957047935,,0,0,0,,
2024-09-09,Hang Seng (China A) Corporate Sustainability Benchmark Index,Removal,00104,00104.HK,SAIC MOTOR,1555,Remove,Hang Seng (China A) Corporate Sustainability Benchmark Index,unchanged,1,1,00104.HK,0104.HK,parse_ok,0104.HK,2024-09-05,0.18199999630451202,0.016759726774314032,-0.13333332387227836,-0.32592596639821403,-0.3381818459644784,-0.4567164424746246,5000.0,909.9999815225601,76561.5,284070.5,14660.352848015726,58890.4674314931,0.03795648570933503,0.04608885167825582,,0,0,0,,
2024-09-09,Hang Seng (China A) Corporate Sustainability Benchmark Index,Removal,00115,00115.HK,CHINA EAST AIR,1556,Remove,Hang Seng (China A) Corporate Sustainability Benchmark Index,unchanged,1,1,00115.HK,0115.HK,parse_ok,0115.HK,2024-09-05,5.0,0.06157111666757453,0.06382983040626322,1.0,-0.1708126324992426,-0.1708126324992426,0.0,0.0,1361.0,2711.7833333333333,6456.699873924255,13731.436581484477,0.007169813119589116,0.047376279070790096,,0,0,0,,
2024-09-09,Hang Seng (China A) Corporate Sustainability Benchmark Index,Removal,00380,00380.HK,JOINCARE,1557,Remove,Hang Seng (China A) Corporate Sustainability Benchmark Index,unchanged,1,1,00380.HK,0380.HK,parse_ok,0380.HK,2024-09-05,0.08100000023841858,0.0,-0.024096345525984497,-0.22857140221563244,-0.28318582612072063,-0.3360655792768332,0.0,0.0,62800.0,76933.33333333333,5739.600121974945,7461.800063649814,0.035987515014606376,0.042071786032470616,,0,0,0,,
2024-09-09,Hang Seng (China A) Corporate Sustainability Benchmark Index,Removal,00588,00588.HK,YONYOU,1558,Remove,Hang Seng (China A) Corporate Sustainability Benchmark Index,unchanged,1,1,00588.HK,0588.HK,parse_ok,0588.HK,2024-09-05,0.6000000238418579,0.0,-0.07692300638503313,-0.10447759866236506,-0.14285709420028914,-0.29411763880904596,792000.0,475200.01888275146,2161200.0,3851750.0,1350623.9973425865,2461864.788188537,0.01382037381399614,0.016260455099352766,,0,0,0,,
2024-09-09,Hang Seng (China A) Corporate Sustainability Benchmark Index,Removal,00732,00732.HK,SHANGHAI XINMEI,1559,Remove,Hang Seng (China A) Corporate Sustainability Benchmark Index,unchanged,1,1,00732.HK,0732.HK,parse_ok,0732.HK,2024-09-05,0.9399999976158142,-0.06930692426574747,-0.05050506205987393,0.05617978957818792,-0.1607142914162606,-0.1607142914162606,4142000.0,3893479.9901247025,3421800.0,5145858.933333334,3326738.9779388905,5179259.5304874815,0.022377462207796742,0.029337353039562617,yfinance_info_static_sharesOutstanding,1,1,1,2789300907.0453067,0.0013958623038089668
2024-09-09,Hang Seng (China A) Corporate Sustainability Benchmark Index,Removal,00919,00919.HK,BANK OF JIANGSU,1560,Remove,Hang Seng (China A) Corporate Sustainability Benchmark Index,unchanged,1,1,00919.HK,0919.HK,parse_ok,0919.HK,2024-09-05,0.10499999672174454,0.0,0.01941744272058754,0.41891885633186576,-0.045454570084564105,-0.2905405718340671,0.0,0.0,11000.0,51000.0,1102.3999854922295,4483.0666954318685,0.03327687366314195,0.028816500352219086,,0,0,0,,
2024-09-09,Hang Seng (China A) Corporate Sustainability Benchmark Index,Removal,01088,01088.HK,CHINA SHENHUA,1562,Remove,Hang Seng (China A) Corporate Sustainability Benchmark Index,unchanged,1,1,01088.HK,1088.HK,parse_ok,1088.HK,2024-09-05,31.549999237060547,-0.07478003962363144,-0.003159569752764879,-0.20328281684963412,-0.21712159219976745,-0.21712159219976745,12997865.0,410082630.833416,11808018.05,17458264.833333332,391409512.9120983,609195187.1262182,0.014308426998253092,0.02300033364312437,yfinance_info_static_sharesOutstanding,1,1,1,106559554523.18573,0.0038483891253898615
2024-09-09,Hang Seng (China A) Corporate Sustainability Benchmark Index,Removal,01108,01108.HK,CAITONG SECURITIES,1563,Remove,Hang Seng (China A) Corporate Sustainability Benchmark Index,unchanged,1,1,01108.HK,1108.HK,parse_ok,1108.HK,2024-09-05,4.0,0.01522841165181843,-0.04076740364116049,-0.12472650990167455,-0.13043476458082537,-0.31506851104661837,906000.0,3624000.0,544600.0,352500.0,2225470.990538597,1469443.3351914089,0.01861797076517447,0.016269413796278116,,0,0,0,,
2024-09-09,Hang Seng (China A) Corporate Sustainability Benchmark Index,Removal,02236,02236.HK,DAHUA INC,1564,Remove,Hang Seng (China A) Corporate Sustainability Benchmark Index,unchanged,1,1,02236.HK,2236.HK,parse_ok,2236.HK,2024-09-05,0.17499999701976776,-0.15458939562834484,-0.16267946540909428,-0.19724770077811404,-0.22907489651898372,-0.573170735253102,8323000.0,1456524.975195527,7079900.0,6759033.333333333,1423941.7022556067,1361277.1901361644,0.032450197873981866,0.04116252757078875,,0,0,0,,
2024-09-09,Hang Seng (China A) Corporate Sustainability Benchmark Index,Removal,03993,03993.HK,CMOC,1565,Remove,Hang Seng (China A) Corporate Sustainability Benchmark Index,unchanged,1,1,03993.HK,3993.HK,parse_ok,3993.HK,2024-09-05,5.809999942779541,-0.09360373150005685,-0.011904790867173776,-0.1723646782670325,-0.2560819480989919,-0.303357333755359,27828462.0,161683362.62764263,21499072.75,29983096.266666666,133941718.60271597,199991714.86977425,0.022336661427338117,0.027574938981592818,yfinance_info_static_sharesOutstanding,1,1,1,22853448854.925156,0.007074790490223894
2024-09-09,Hang Seng (China A) Corporate Sustainability Index,Inclusion,300750,300750.SZ,"Contemporary Amperex Technology Co., Ltd.",1566,Inclusion,Hang Seng (China A) Corporate Sustainability Index,unchanged,1,1,300750.SZ,300750.SZ,parse_ok,300750.SZ,2024-09-06,185.9499969482422,0.008733864827687565,0.09382351146024814,0.00573312543724902,-0.023012687651316144,-0.22033544256502224,7525486.0,1399364098.7340393,14424196.8,16186387.9,2590963244.2500687,2935278648.0160418,0.013291922614679203,0.01446861316441696,yfinance_info_static_sharesOutstanding,1,1,1,819695093944.9501,0.0017071763745703462
2024-09-09,Hang Seng (China A) Corporate Sustainability Index,Inclusion,600028,600028.SH,China Petroleum & Chemical Corporation,1567,Inclusion,Hang Seng (China A) Corporate Sustainability Index,unchanged,1,1,600028.SH,600028.SS,parse_ok,600028.SS,2024-09-06,6.599999904632568,-0.03083701026600305,0.006097555213709249,0.07317069955886746,-0.08077993559510444,-0.08077993559510444,85728765.0,565809840.8242679,119441565.9,134289265.66666666,810641648.2275991,874915949.8029078,0.018247104936327814,0.015231619229533476,yfinance_info_static_sharesOutstanding,1,1,1,641143220640.9298,0.000882501479558103
2024-09-09,Hang Seng (China A) Corporate Sustainability Index,Inclusion,600600,600600.SH,"Tsingtao Brewery Co., Ltd.",1568,Inclusion,Hang Seng (China A) Corporate Sustainability Index,unchanged,1,1,600600.SH,600600.SS,parse_ok,600600.SS,2024-09-06,56.86000061035156,-0.04356602387467878,-0.16024218905371734,-0.26613321958170477,-0.2729829781875013,-0.4058515943202863,3038899.0,172791798.99479675,5329015.45,5661680.316666666,319226429.35764825,377658670.6654659,0.017870706416300543,0.01767546150111612,yfinance_info_static_sharesOutstanding,1,1,1,40320901551.79613,0.004285415066248677
2024-09-09,Hang Seng (China A) Corporate Sustainability Index,Inclusion,601318,601318.SH,"Ping An Insurance (Group) Company of China, Ltd.",1569,Inclusion,Hang Seng (China A) Corporate Sustainability Index,unchanged,1,1,601318.SH,601318.SS,parse_ok,601318.SS,2024-09-06,43.25,-0.017715166952574024,0.06500860256021501,0.032959185653676615,-0.017715166952574024,-0.15937804939443445,39025775.0,1687864768.75,41674587.05,41416038.65,1783475123.0740662,1746959979.2550192,0.014463545524247076,0.01389368915271361,yfinance_info_static_sharesOutstanding,1,1,1,461047814839.75,0.0036609321515527937
2024-09-09,Hang Seng (China A) Corporate Sustainability Index,Inclusion,601808,601808.SH,China Oilfield Services Limited,1570,Inclusion,Hang Seng (China A) Corporate Sustainability Index,unchanged,1,1,601808.SH,601808.SS,parse_ok,601808.SS,2024-09-06,13.720000267028809,-0.07359892786661382,-0.06919942468981322,-0.18381911344934987,-0.2191234772149453,-0.30846773379489123,4509349.0,61868269.48412609,6696555.2,6731213.883333334,96372070.62933736,103744048.2026746,0.016766679413501503,0.016951168911817725,yfinance_info_static_sharesOutstanding,1,1,1,40617621750.53024,0.0015231878878609734
2024-09-09,Hang Seng (China A) Corporate Sustainability Index,Inclusion,601899,601899.SH,"Zijin Mining Group Co., Ltd.",1571,Inclusion,Hang Seng (China A) Corporate Sustainability Index,unchanged,1,1,601899.SH,601899.SS,parse_ok,601899.SS,2024-09-06,14.760000228881836,-0.07749998569488525,-0.03780964262951503,-0.13633703352268423,-0.23165013366334475,-0.24191059325010156,98102619.0,1447994678.8939075,110235527.9,138248453.51666668,1724062517.073695,2315203492.3006735,0.01679306472177298,0.022364852343375586,yfinance_info_static_sharesOutstanding,1,1,1,304082471461.77625,0.00476184856013946
2024-09-09,Hang Seng (China A) Corporate Sustainability Index,Removal,000776,000776.SZ,"Gf Securities Co., Ltd",1572,Removal,Hang Seng (China A) Corporate Sustainability Index,unchanged,1,1,000776.SZ,000776.SZ,parse_ok,000776.SZ,2024-09-06,12.289999961853027,0.038006740157581875,0.018227031697701568,-0.033044852480990095,-0.034563990275368384,-0.21015426539713578,29552900.0,363205139.87264633,19115172.6,18558044.383333333,229214967.59831452,224172493.6627002,0.011667021017325521,0.012064096696952646,yfinance_info_static_sharesOutstanding,1,1,1,72560765806.9684,0.005005530686361166
2024-09-09,Hang Seng (China A) Corporate Sustainability Index,Removal,002179,002179.SZ,"Avic Jonhon Optronic Technology Co., Ltd.",1573,Removal,Hang Seng (China A) Corporate Sustainability Index,unchanged,1,1,002179.SZ,002179.SZ,parse_ok,002179.SZ,2024-09-06,37.369998931884766,0.01301164408181088,0.0013397437692765912,-0.04546622029676106,-0.048867445632555295,-0.1695555792914496,4398772.0,164382104.9416046,7746269.65,9564507.283333333,282614753.2397116,357878608.6728563,0.016699144182413656,0.019504795144900954,yfinance_info_static_sharesOutstanding,1,1,1,79128265692.91336,0.0020774132164042424
2024-09-09,Hang Seng (China A) Corporate Sustainability Index,Removal,600030,600030.SH,"CITIC Securities Co., Ltd.",1574,Removal,Hang Seng (China A) Corporate Sustainability Index,unchanged,1,1,600030.SH,600030.SS,parse_ok,600030.SS,2024-09-06,19.059999465942383,-0.01192335089003671,0.008999474949009434,0.02308106948718125,-0.05596835256190735,-0.19882308816969263,117612817.0,2241700229.207979,60193635.5,78937608.93333334,1141978023.450711,1499132738.4146206,0.01400305889096267,0.016086679273997435,,0,0,0,,
2024-09-09,Hang Seng (China A) Corporate Sustainability Index,Removal,600104,600104.SH,SAIC Motor Corporation Limited,1575,Removal,Hang Seng (China A) Corporate Sustainability Index,unchanged,1,1,600104.SH,600104.SS,parse_ok,600104.SS,2024-09-06,12.279999732971191,-0.022293047555013712,-0.11399711131629564,-0.1412587713860629,-0.17639169291456436,-0.20723047679653095,20286281.0,249115525.26297855,17359628.45,17157703.916666668,221705679.96615395,236835919.46740532,0.013979539837748588,0.01222155114970684,,0,0,0,,
2024-09-09,Hang Seng (China A) Corporate Sustainability Index,Removal,600547,600547.SH,"Shandong Gold Mining Co., Ltd.",1576,Removal,Hang Seng (China A) Corporate Sustainability Index,unchanged,1,1,600547.SH,600547.SS,parse_ok,600547.SS,2024-09-06,25.670000076293945,-0.04925925643355755,-0.11421668454888312,-0.06925307660245472,-0.17855999755859375,-0.2247055390186723,17121516.0,439509317.026268,21783440.75,22564234.9,608712215.9846599,646153588.6453308,0.01944567147882123,0.02186948197406937,yfinance_info_static_sharesOutstanding,1,1,1,92782760993.25014,0.004736971742608973
2024-09-09,Hang Seng (China A) Corporate Sustainability Index,Removal,601012,601012.SH,"LONGi Green Energy Technology Co., Ltd.",1577,Removal,Hang Seng (China A) Corporate Sustainability Index,unchanged,1,1,601012.SH,601012.SS,parse_ok,601012.SS,2024-09-06,13.529999732971191,-0.020275212030245515,-0.020275212030245515,-0.1907894564227287,-0.19175627730206102,-0.5185053541175957,45070111.0,609798589.794982,77138489.95,90216210.23333333,1043089638.7921524,1268798546.8115568,0.01965899352863922,0.020816794454277733,yfinance_info_static_sharesOutstanding,1,1,1,102531231822.35805,0.005947442344704268
2024-09-09,Hang Seng China A Industry Top Index,Inclusion,000568,000568.SZ,"Luzhou Laojiao Co., Ltd",1578,Inclusion,Hang Seng China A Industry Top Index,unchanged,1,1,000568.SZ,000568.SZ,parse_ok,000568.SZ,2024-09-06,110.5999984741211,-0.07276995635484818,-0.14363140765791582,-0.2910256508069161,-0.2966166712648113,-0.5414213374539699,6750540.0,746609713.6994934,8588967.75,9623851.3,1020245978.4062653,1272659507.5122285,0.022356355767156732,0.02057185002500428,,0,0,0,,
2024-09-09,Hang Seng China A Industry Top Index,Inclusion,300122,300122.SZ,"Chongqing Zhifei Biological Products Co., Ltd.",1579,Inclusion,Hang Seng China A Industry Top Index,unchanged,1,1,300122.SZ,300122.SZ,parse_ok,300122.SZ,2024-09-06,21.329999923706055,-0.07462036313602216,-0.16385732135130604,-0.2992772815545417,-0.29557465521745196,-0.6862312611002466,19002871.0,405331236.980196,20072136.1,18694256.5,470072832.9158985,485623508.4734154,0.021413055677646783,0.025862218375622494,,0,0,0,,
2024-09-09,Hang Seng China A Industry Top Index,Inclusion,600938,600938.SH,Cnooc Limited,1580,Inclusion,Hang Seng China A Industry Top Index,unchanged,1,1,600938.SH,600938.SS,parse_ok,600938.SS,2024-09-06,26.559999465942383,-0.0953678844073993,-0.06048818408673495,-0.13513512674210937,-0.244166194443178,-0.244166194443178,23007140.0,611069626.1128616,33863790.75,43367079.016666666,961396967.1147261,1320554598.342716,0.0190520719650762,0.02275838885552975,,0,0,0,,
2024-09-09,Hang Seng China A Industry Top Index,Inclusion,601600,601600.SH,Aluminum Corporation of China Limited,1581,Inclusion,Hang Seng China A Industry Top Index,unchanged,1,1,601600.SH,601600.SS,parse_ok,601600.SS,2024-09-06,6.460000038146973,-0.05417275105302122,-0.0015455567803629444,-0.16429495184900855,-0.19851120324703608,-0.23368922843564832,68660307.0,443545585.83918285,110987097.45,129137263.38333334,744802507.014912,921847719.858851,0.015017856303939533,0.024133685543089662,yfinance_info_static_sharesOutstanding,1,1,1,85343095123.09985,0.005197205294692061
2024-09-09,Hang Seng China A Industry Top Index,Inclusion,603993,603993.SH,CMOC Group Limited,1582,Inclusion,Hang Seng China A Industry Top Index,unchanged,1,1,603993.SH,603993.SS,parse_ok,603993.SS,2024-09-06,6.909999847412109,-0.07743657428970363,-0.02124647260384771,-0.16545892871272738,-0.24645585715144447,-0.2710970273125094,57347200.0,396269143.2495117,98337315.85,130459528.98333333,719759991.9276097,1029051595.7106467,0.018050370304920606,0.025367502701626462,yfinance_info_static_sharesOutstanding,1,1,1,120654416771.84692,0.0032843318450483426
2024-09-09,Hang Seng China A Industry Top Index,Inclusion,688036,688036.SH,"Shenzhen Transsion Holdings Co., Ltd.",1583,Inclusion,Hang Seng China A Industry Top Index,unchanged,1,1,688036.SH,688036.SS,parse_ok,688036.SS,2024-09-06,81.0999984741211,0.013749980926513583,0.09832072719788365,-0.0844434771089746,-0.05587896352145849,-0.5299640568570767,3938520.0,319413965.9902954,6273785.0,6389139.666666667,500541888.89705926,505978922.4963132,0.02763514211904375,0.02625808816704968,,0,0,0,,
2024-09-09,Hang Seng China A Industry Top Index,Removal,002493,002493.SZ,"Rongsheng Petrochemical Co., Ltd.",1584,Removal,Hang Seng China A Industry Top Index,unchanged,1,1,002493.SZ,002493.SZ,parse_ok,002493.SZ,2024-09-06,8.539999961853027,-0.030647042554331594,-0.06768557815361154,-0.11502587570529899,-0.14343031764049696,-0.3168000030517578,8553830.0,73049707.87369728,18365947.35,20743313.733333334,159003515.1420799,190270278.21752152,0.01655402858397595,0.01802765047427454,,0,0,0,,
2024-09-09,Hang Seng China A Industry Top Index,Removal,600188,600188.SH,"Yankuang Energy Group Co., Ltd.",1585,Removal,Hang Seng China A Industry Top Index,unchanged,1,1,600188.SH,600188.SS,parse_ok,600188.SS,2024-09-06,13.890000343322754,-0.02183094859903567,-0.019067761793705174,-0.24193949994009312,-0.23259668228830832,-0.34266472442524143,18370358.0,255164278.9269619,26862710.8,25907656.4,382304967.26715964,400275001.51380056,0.019370262511606662,0.023328096955220517,yfinance_info_static_sharesOutstanding,1,1,1,82811911803.04358,0.0030812509139244854
2024-09-09,Hang Seng China A Industry Top Index,Removal,600196,600196.SH,"Shanghai Fosun Pharmaceutical (Group) Co., Ltd.",1586,Removal,Hang Seng China A Industry Top Index,unchanged,1,1,600196.SH,600196.SS,parse_ok,600196.SS,2024-09-06,22.510000228881836,-0.001330997578835147,-0.04049441145202737,-0.028904230693402644,-0.05697530634838632,-0.23174058651818252,4753347.0,106997842.05795479,7951448.1,8037901.833333333,182053472.6046359,183932567.35094103,0.010193830243524249,0.011453059996060427,yfinance_info_static_sharesOutstanding,1,1,1,47687183935.63361,0.002243744193458278
2024-09-09,Hang Seng China A Industry Top Index,Removal,600346,600346.SH,"Hengli Petrochemical Co., Ltd.",1587,Removal,Hang Seng China A Industry Top Index,unchanged,1,1,600346.SH,600346.SS,parse_ok,600346.SS,2024-09-06,12.699999809265137,-0.05435595527345671,-0.047976037181573616,-0.0941512557346299,-0.1331057924942639,-0.23123489967600475,13625617.0,173045333.3011198,11403975.55,12906758.683333334,151400329.56649533,177099485.44149482,0.013775387175008832,0.017037363789184013,yfinance_info_static_sharesOutstanding,1,1,1,89396565939.59827,0.001935704481288909
2024-09-09,Hang Seng China A Industry Top Index,Removal,603288,603288.SH,Foshan Haitian Flavouring and Food Company Ltd.,1588,Removal,Hang Seng China A Industry Top Index,unchanged,1,1,603288.SH,603288.SS,parse_ok,603288.SS,2024-09-06,35.4900016784668,-0.04081076544684337,0.0,-0.012520783679378589,-0.04081076544684337,-0.15840637373794753,4576924.0,162435040.44221497,8591766.25,8591348.333333334,305597336.9120995,301254981.3534617,0.022624679201842395,0.018198979744598345,yfinance_info_static_sharesOutstanding,1,1,1,197345722639.84338,0.0008230988656321651
2024-09-09,Hang Seng China A Industry Top Index,Removal,603501,603501.SH,"Will Semiconductor Co., Ltd. Shanghai",1589,Removal,Hang Seng China A Industry Top Index,unchanged,1,1,603501.SH,603501.SS,parse_ok,603501.SS,2024-09-06,85.51000213623047,-0.0554511953027268,-0.07225774292093656,-0.16567466173732381,-0.23033300350450847,-0.24166370595734865,5905180.0,504951954.41482544,9336084.95,10232925.0,841074349.3658645,1011028011.3251917,0.018596141917446043,0.01829735707049302,,0,0,0,,
2024-09-09,Hang Seng China Enterprises Index,Inclusion,1519,1519.HK,J&T Global Express Ltd. - W,1590,Inclusion,Hang Seng China Enterprises Index,unchanged,1,1,1519.HK,1519.HK,parse_ok,1519.HK,2024-09-05,6.340000152587891,0.0566666920979817,0.035947756722663815,-0.20151132154937001,-0.27542855398995536,-0.6129425837961293,15652800.0,99238754.38842773,12112362.1,15262001.15,79770008.78034668,114407236.53766829,0.033643979613109554,0.030717701632814544,,0,0,0,,
2024-09-09,Hang Seng China Enterprises Index,Inclusion,9901,9901.HK,New Oriental Education & Technology Group Inc. - S,1591,Inclusion,Hang Seng China Enterprises Index,unchanged,1,1,9901.HK,9901.HK,parse_ok,9901.HK,2024-09-05,47.70000076293945,-0.0020920183204430343,-0.08533078873892619,-0.17687661544527788,-0.26046510445055115,-0.37890626474594014,2377448.0,113404271.41384888,3287525.8,4140008.5833333335,165628457.50934505,223811086.80375963,0.02517340282628984,0.03449099115669943,,0,0,0,,
2024-09-09,Hang Seng China Enterprises Index,Removal,20,0020.HK,SenseTime Group Inc. - W,1592,Removal,Hang Seng China Enterprises Index,unchanged,1,1,0020.HK,0020.HK,parse_ok,0020.HK,2024-09-05,1.1299999952316284,-0.02586204504569778,0.046296250305059905,-0.19285713251756142,-0.3024691407990481,-0.32738093421910563,136181654.0,153885268.37063527,189688326.3,372322814.9,214445663.12067336,489389755.87245524,0.027839253468100355,0.04299473721285433,,0,0,0,,
2024-09-09,Hang Seng China Enterprises Index,Removal,2618,2618.HK,"JD Logistics, Inc.",1593,Removal,Hang Seng China Enterprises Index,unchanged,1,1,2618.HK,2618.HK,parse_ok,2618.HK,2024-09-05,9.5,0.003167870340578638,0.20711564652394188,0.14320090496917093,-0.0471414497934487,-0.13636363636363635,12910072.0,122645684.0,12336094.25,7531883.733333333,116479040.32898383,67005390.65986759,0.04943393253641362,0.03355764164334295,,0,0,0,,
2024-09-09,Hang Seng Composite Index,Inclusion,10,0010.HK,Hang Lung Group Ltd.,1594,Inclusion,Hang Seng Composite Index,unchanged,1,1,0010.HK,0010.HK,parse_ok,0010.HK,2024-09-05,8.65999984741211,-0.028058361872207227,0.03712568284791118,0.0011560958754741613,-0.04520395382659992,-0.23090589064116895,683000.0,5914779.895782471,1148082.75,1463048.55,9956145.99676771,12620947.300424734,0.013033617316674781,0.013994474513989736,yfinance_info_static_sharesOutstanding,1,1,1,11791613767.953545,0.0005016090258873015
2024-09-09,Hang Seng Composite Index,Inclusion,173,0173.HK,K. Wah International Holdings Ltd.,1595,Inclusion,Hang Seng Composite Index,unchanged,1,1,0173.HK,0173.HK,parse_ok,0173.HK,2024-09-05,1.7400000095367432,0.011627895694091173,0.011627895694091173,-0.01694913656104502,-0.05434783805858867,-0.27500002483526764,368103.0,640499.2235105038,663589.25,811708.0,1159440.1497557522,1427211.8552170238,0.014104751177566814,0.013460975581492257,yfinance_info_static_sharesOutstanding,1,1,1,5485747806.246763,0.00011675695750744333
2024-09-09,Hang Seng Composite Index,Inclusion,317,0317.HK,"CSSC Offshore & Marine Engineering (Group) Co., Ltd. - H Shares",1596,Inclusion,Hang Seng Composite Index,unchanged,1,1,0317.HK,0317.HK,parse_ok,0317.HK,2024-09-05,13.199999809265137,-0.07433382907454666,-0.08839777440859675,-0.10690121463137747,-0.2841648900776603,-0.2841648900776603,510000.0,6731999.90272522,1567230.0,2116983.8666666667,21783689.905757904,33474682.10376943,0.017922666673073098,0.031226646964468162,yfinance_info_static_sharesOutstanding,1,1,1,7815339687.471381,0.0008613828920983637
2024-09-09,Hang Seng Composite Index,Inclusion,598,0598.HK,Sinotrans Ltd. - H Shares,1597,Inclusion,Hang Seng Composite Index,unchanged,1,1,0598.HK,0598.HK,parse_ok,0598.HK,2024-09-05,3.509999990463257,0.06363637611557316,0.023323592463275977,-0.0906735528872028,-0.10913707119602256,-0.24839401860379628,12650000.0,44401499.8793602,7074837.95,7218814.1,24576027.91968932,25961721.909292437,0.020192585810372303,0.021531917204825737,yfinance_info_static_sharesOutstanding,1,1,1,7077146290.771246,0.006273927096471176
2024-09-09,Hang Seng Composite Index,Inclusion,975,0975.HK,Mongolian Mining Corporation,1600,Inclusion,Hang Seng Composite Index,unchanged,1,1,0975.HK,0975.HK,parse_ok,0975.HK,2024-09-05,7.599999904632568,-0.03184713414486362,0.02013424150439369,-0.18716581876353633,-0.3153153474372882,-0.46478873192140735,1279100.0,9721159.878015518,1558375.7,2214233.45,11869171.735122394,19655615.549422216,0.02544476114115788,0.035446835911392305,,0,0,0,,
2024-09-09,Hang Seng Composite Index,Inclusion,1071,1071.HK,Huadian Power International Corporation Ltd. - H Shares,1601,Inclusion,Hang Seng Composite Index,unchanged,1,1,1071.HK,1071.HK,parse_ok,1071.HK,2024-09-05,4.039999961853027,-0.031175086825527054,0.004975119657066207,-0.20628686822357278,-0.2362948977342032,-0.2362948977342032,8592770.0,34714790.47221184,13992456.0,19974297.866666667,57644744.05854931,85616630.68270366,0.02007403660070837,0.025908890633950445,yfinance_info_static_sharesOutstanding,1,1,1,6937623678.492737,0.005003844555568911
2024-09-09,Hang Seng Composite Index,Inclusion,1274,1274.HK,"iMotion Automotive Technology (Suzhou) Co., Ltd. - H Shares",1602,Inclusion,Hang Seng Composite Index,unchanged,1,1,1274.HK,1274.HK,parse_ok,1274.HK,2024-09-05,28.299999237060547,-0.030821969259027693,0.28929377008690027,-0.6214046924807954,-0.660060069224498,-0.7479964517541696,347400.0,9831419.734954834,279435.0,351780.01666666666,7403774.501028061,16314653.994077047,0.0779656106165383,0.16876809496861067,,0,0,0,,
2024-09-09,Hang Seng Composite Index,Inclusion,1277,1277.HK,Kinetic Development Group Ltd.,1603,Inclusion,Hang Seng Composite Index,unchanged,1,1,1277.HK,1277.HK,parse_ok,1277.HK,2024-09-05,1.1299999952316284,-0.04237284282951548,0.008928562875609058,0.17708335467614278,-0.058333374725446085,-0.058333374725446085,7766000.0,8775579.962968826,4565500.0,4751284.8,5378750.997686386,5215184.534641045,0.021603648380113596,0.03309542864488346,,0,0,0,,
2024-09-09,Hang Seng Composite Index,Inclusion,1341,1341.HK,Hao Tian International Construction Investment Group Ltd.,1604,Inclusion,Hang Seng Composite Index,unchanged,1,1,1341.HK,1341.HK,parse_ok,1341.HK,2024-09-05,0.5,0.1235955236777111,-0.43820223816114445,-0.3670886247858288,-0.4897959282973168,-0.6932515328449751,9296000.0,4648000.0,18734012.7,15077944.9,9917676.020309582,11287734.522664512,0.11467631400804804,0.07212700020719845,,0,0,0,,
2024-09-09,Hang Seng Composite Index,Inclusion,1405,1405.HK,DPC Dash Ltd,1605,Inclusion,Hang Seng Composite Index,unchanged,1,1,1405.HK,1405.HK,parse_ok,1405.HK,2024-09-05,69.94999694824219,0.013768071713654795,0.014503263876148642,0.20603443014210665,-0.0007143293108259341,-0.06358768666739245,94247.0,6592577.362380981,93177.35,109626.48333333334,6322557.586991119,7311850.333179982,0.0298067450520445,0.02370724266126136,,0,0,0,,
2024-09-09,Hang Seng Composite Index,Inclusion,1709,1709.HK,DL Holdings Group Ltd.,1607,Inclusion,Hang Seng Composite Index,unchanged,1,1,1709.HK,1709.HK,parse_ok,1709.HK,2024-09-05,4.019607067108154,-0.002433053457237655,-0.05092605258580363,-0.03529415669161329,-0.21153860363734722,-0.21153860363734722,803760.0,3230799.37625885,1166676.0,1606002.3,4716748.808556318,7065727.168969759,0.01988015601111269,0.025735100494846834,,0,0,0,,
2024-09-09,Hang Seng Composite Index,Inclusion,1773,1773.HK,Tianli International Holdings Ltd.,1608,Inclusion,Hang Seng Composite Index,unchanged,1,1,1773.HK,1773.HK,parse_ok,1773.HK,2024-09-05,4.409999847412109,0.05000001135326615,0.09701489262089757,-0.04956897105423663,-0.10000004865685197,-0.21808511492748062,3223000.0,14213429.508209229,1854292.85,2100461.75,7853334.579403067,9082337.02920405,0.024868674446040243,0.03086785780144753,yfinance_info_static_sharesOutstanding,1,1,1,8961031489.944458,0.0015861376588352247
2024-09-09,Hang Seng Composite Index,Inclusion,1836,1836.HK,Stella International Holdings Ltd.,1609,Inclusion,Hang Seng Composite Index,unchanged,1,1,1836.HK,1836.HK,parse_ok,1836.HK,2024-09-05,14.760000228881836,0.0027173886635465383,0.11312216999309133,0.04237290875249422,-0.07402756477821004,-0.07402756477821004,570500.0,8420580.130577087,693024.5,1257661.85,9947677.772766113,17614211.059501458,0.0282879203991692,0.02917152516122509,yfinance_info_static_sharesOutstanding,1,1,1,12355706891.598701,0.0006815134256950272
2024-09-09,Hang Seng Composite Index,Inclusion,1855,1855.HK,ZONQING Environmental Ltd.,1610,Inclusion,Hang Seng Composite Index,unchanged,1,1,1855.HK,1855.HK,parse_ok,1855.HK,2024-09-05,8.3100004196167,0.010948923316814296,-0.09279469890335779,-0.08007370248906898,-0.1676125874701706,-0.20857138860793345,570000.0,4736700.239181519,527900.0,558166.6666666666,4538933.048057556,5114229.90398407,0.0364720847773947,0.03168755862456681,,0,0,0,,
2024-09-09,Hang Seng Composite Index,Inclusion,1921,1921.HK,Dalipal Holdings Ltd.,1611,Inclusion,Hang Seng Composite Index,unchanged,1,1,1921.HK,1921.HK,parse_ok,1921.HK,2024-09-05,3.640000104904175,-0.0690537020459302,-0.08080806317177147,-0.2571428501918783,-0.2631578820360869,-0.3745704471577188,1792000.0,6522880.187988281,2052200.0,2064500.0,7972963.0741119385,8781456.055498123,0.01813609547551596,0.018787219918339124,,0,0,0,,
2024-09-09,Hang Seng Composite Index,Inclusion,2016,2016.HK,"China Zheshang Bank Co., Ltd. - H Shares",1612,Inclusion,Hang Seng Composite Index,unchanged,1,1,2016.HK,2016.HK,parse_ok,2016.HK,2024-09-05,1.9800000190734863,-0.03414630969318089,-0.04807687899064572,-0.10810811101069606,-0.11210762235951421,-0.1680672588796892,4090000.0,8098200.078010559,10743290.05,9410748.366666667,22355240.688583948,19761072.935855314,0.009564078566534484,0.013777863413221434,yfinance_info_static_sharesOutstanding,1,1,1,11721996112.918854,0.0006908550386811257
2024-09-09,Hang Seng Composite Index,Inclusion,2039,2039.HK,"China Int'l Marine Containers (Group) Co., Ltd. - H Shares",1613,Inclusion,Hang Seng Composite Index,unchanged,1,1,2039.HK,2039.HK,parse_ok,2039.HK,2024-09-05,5.369999885559082,-0.03068593456038282,-0.014678885597399938,-0.28400001525878904,-0.2980392393967468,-0.34830096666005417,303465.0,1629607.0152711868,619909.1,1352185.2666666666,3447573.054109621,8539039.944818752,0.01670753814504038,0.024612206181337026,yfinance_info_static_sharesOutstanding,1,1,1,16592429142.546116,9.821389027918566e-05
2024-09-09,Hang Seng Composite Index,Inclusion,2155,2155.HK,"Morimatsu International Holdings Co., Ltd.",1614,Inclusion,Hang Seng Composite Index,unchanged,1,1,2155.HK,2155.HK,parse_ok,2155.HK,2024-09-05,3.8499999046325684,-0.020356275003996394,-0.14444446563720703,-0.3572620948675125,-0.3760129891367686,-0.42708332963760876,1593000.0,6133049.848079681,2625455.8,1455876.8166666667,10313878.80807743,6369743.642758345,0.03057091587973395,0.024940812975922908,,0,0,0,,
2024-09-09,Hang Seng Composite Index,Inclusion,2228,2228.HK,QuantumPharm Inc. - P,1615,Inclusion,Hang Seng Composite Index,unchanged,1,1,2228.HK,2228.HK,parse_ok,2228.HK,2024-09-05,15.119999885559082,0.855214796719922,1.5890410086477358,,0.0,0.0,4563696.0,69003082.99772644,3780519.75,4337895.75,30476957.37421751,27390911.597560246,0.093186061590573,0.0631133823281535,,0,0,0,,
2024-09-09,Hang Seng Composite Index,Inclusion,2356,2356.HK,Dah Sing Banking Group Ltd.,1616,Inclusion,Hang Seng Composite Index,unchanged,1,1,2356.HK,2356.HK,parse_ok,2356.HK,2024-09-05,6.889999866485596,0.1077170576999813,0.17376490644162335,0.12950819249244105,-0.011477751235894229,-0.04172464372007789,533600.0,3676503.928756714,651220.5,579156.5166666667,4286615.236666965,3710279.6852130573,0.02098489145511032,0.018284688416672683,yfinance_info_static_sharesOutstanding,1,1,1,9685632001.791842,0.00037958327634960326
2024-09-09,Hang Seng Composite Index,Inclusion,2386,2386.HK,"SINOPEC Engineering (Group) Co., Ltd. - H Shares",1617,Inclusion,Hang Seng Composite Index,unchanged,1,1,2386.HK,2386.HK,parse_ok,2386.HK,2024-09-05,5.099999904632568,-0.06934308633545683,-0.05380333377301438,-0.00970877472018683,-0.14141416574008536,-0.14141416574008536,5775000.0,29452499.449253082,7274310.9,5213652.433333334,40230362.87195859,27784656.38752494,0.029093943928168074,0.021712917035472137,,0,0,0,,
2024-09-09,Hang Seng Composite Index,Inclusion,2419,2419.HK,Dekon Food and Agriculture Group - H Shares,1618,Inclusion,Hang Seng Composite Index,unchanged,1,1,2419.HK,2419.HK,parse_ok,2419.HK,2024-09-05,54.45000076293945,0.28117648853975186,0.18241045961014213,-0.0009174171937714748,-0.00457038384850228,-0.10074316351745716,134100.0,7301745.102310181,65490.0,68933.33333333333,3126173.783683777,3440428.0194536843,0.03816900529801328,0.035809764449866735,,0,0,0,,
2024-09-09,Hang Seng Composite Index,Inclusion,2443,2443.HK,Autostreets Development Ltd.,1619,Inclusion,Hang Seng Composite Index,unchanged,1,1,2443.HK,2443.HK,parse_ok,2443.HK,2024-09-05,5.800000190734863,0.07011072123466677,0.01933218495750566,-0.46983542840943593,-0.4746376620674052,-0.5639097663490789,100600.0,583480.0191879272,190810.0,255923.33333333334,1142664.7907447815,1817552.2381035488,0.04920811301233485,0.06784898477217348,,0,0,0,,
2024-09-09,Hang Seng Composite Index,Inclusion,2453,2453.HK,"Concord Healthcare Group Co., Ltd. - H Shares",1620,Inclusion,Hang Seng Composite Index,unchanged,1,1,2453.HK,2453.HK,parse_ok,2453.HK,2024-09-05,28.399999618530273,0.044117603747491074,-0.2736572704132654,-0.24568397164580724,-0.4784205836437694,-0.4784205836437694,175800.0,4992719.932937622,173090.0,178786.66666666666,5287712.509422302,7014156.673990886,0.02725954418996489,0.056116547828597915,,0,0,0,,
2024-09-09,Hang Seng Composite Index,Inclusion,2459,2459.HK,Sanergy Group Ltd.,1621,Inclusion,Hang Seng Composite Index,unchanged,1,1,2459.HK,2459.HK,parse_ok,2459.HK,2024-09-05,0.7799999713897705,-0.9636363662635655,-0.9606060605330827,-0.9302325626030019,-0.9637209315632664,-0.9637209315632664,819051385.0,638860056.8667519,164240668.9,55359989.63333333,113677279.18757777,47878611.041570045,0.9455912167990715,0.5442124846741205,,0,0,0,,
2024-09-09,Hang Seng Composite Index,Inclusion,2550,2550.HK,Easou Technology Holdings Ltd.,1622,Inclusion,Hang Seng Composite Index,unchanged,1,1,2550.HK,2550.HK,parse_ok,2550.HK,2024-09-05,19.959999084472656,0.0439329606887684,-0.09887135764216914,0.277848862401463,-0.16833337148030603,-0.16833337148030603,959500.0,19151619.121551514,538400.0,415624.0,11076741.706943512,8378640.355611801,0.03176025912781406,0.05018076222201428,,0,0,0,,
2024-09-09,Hang Seng Composite Index,Inclusion,2555,2555.HK,"Sichuan Baicha Baidao Industrial Co., Ltd. - H Shares",1623,Inclusion,Hang Seng Composite Index,unchanged,1,1,2555.HK,2555.HK,parse_ok,2555.HK,2024-09-05,7.110000133514404,0.09384617438683152,0.0,-0.3317669263068811,-0.45307691280658424,-0.45307691280658424,247400.0,1759014.0330314636,381235.0,362608.3333333333,2459711.798336506,3241460.2747162185,0.049640242774491146,0.04443972254394882,,0,0,0,,
2024-09-09,Hang Seng Composite Index,Inclusion,2556,2556.HK,Marketingforce Management Ltd,1624,Inclusion,Hang Seng Composite Index,unchanged,1,1,2556.HK,2556.HK,parse_ok,2556.HK,2024-09-05,100.69999694824219,0.009017974638914739,0.02598059483158477,0.21691839212377273,-0.04910296980841866,-0.04910296980841866,337000.0,33935898.97155762,264225.0,218803.08333333334,26399745.234947205,20570133.562897366,0.014671748208979409,0.025062053125090723,,0,0,0,,
2024-09-09,Hang Seng Composite Index,Inclusion,2602,2602.HK,Onewo Inc. - H Shares,1625,Inclusion,Hang Seng Composite Index,unchanged,1,1,2602.HK,2602.HK,parse_ok,2602.HK,2024-09-05,18.719999313354492,0.15129145447999948,-0.008474568565903118,-0.23435588019573061,-0.25269461542901184,-0.3544827822981209,1302900.0,24390287.105369568,1165119.1,820575.2666666667,20368805.901171304,16099165.696966361,0.03515837198538039,0.02719578449552166,,0,0,0,,
2024-09-09,Hang Seng Composite Index,Inclusion,3306,3306.HK,JNBY Design Ltd.,1626,Inclusion,Hang Seng Composite Index,unchanged,1,1,3306.HK,3306.HK,parse_ok,3306.HK,2024-09-05,13.640000343322754,0.04441040620755787,0.10355992898058153,-0.08945255272775055,-0.1580247098181119,-0.1580247098181119,851000.0,11607640.292167664,393434.65,656174.2,5185681.124047184,9157093.52372497,0.020758255632638507,0.019134400173052367,,0,0,0,,
2024-09-09,Hang Seng Composite Index,Inclusion,3877,3877.HK,"CSSC (Hong Kong) Shipping Co., Ltd.",1627,Inclusion,Hang Seng Composite Index,unchanged,1,1,3877.HK,3877.HK,parse_ok,3877.HK,2024-09-05,1.5199999809265137,0.013333320617675781,-0.019354820846890552,-0.05000002607703169,-0.06748467155024951,-0.06748467155024951,1170000.0,1778399.977684021,959884.5,1791139.65,1474710.7867319584,2754512.773612392,0.009536974995902165,0.016664765933921105,,0,0,0,,
2024-09-09,Hang Seng Composite Index,Inclusion,6181,6181.HK,"Laopu Gold Co., Ltd. - H Shares",1628,Inclusion,Hang Seng Composite Index,unchanged,1,1,6181.HK,6181.HK,parse_ok,6181.HK,2024-09-05,93.5,0.04120263722162276,0.1374696286044017,,0.0,0.0,118700.0,11098450.0,151545.0,621745.0612244898,13576019.750366211,46727285.940898664,0.020836345537102147,0.03248454939750802,,0,0,0,,
2024-09-09,Hang Seng Composite Index,Inclusion,6963,6963.HK,"Sunshine Insurance Group Co., Ltd. - H Shares",1629,Inclusion,Hang Seng Composite Index,unchanged,1,1,6963.HK,6963.HK,parse_ok,6963.HK,2024-09-05,2.680000066757202,-0.06944445824181533,-0.03249094396715779,0.13080177053468134,-0.16249999161809692,-0.3936651537335917,3389500.0,9083860.226273537,2593400.0,2210741.8833333333,7506652.309799194,6118015.733592749,0.030256857257679848,0.02795221791588678,,0,0,0,,
2024-09-09,Hang Seng Composite Index,Inclusion,9699,9699.HK,"Hangzhou SF Intra-city Industrial Co., Ltd. - H Shares",1630,Inclusion,Hang Seng Composite Index,unchanged,1,1,9699.HK,9699.HK,parse_ok,9699.HK,2024-09-05,11.039999961853027,-0.04166670805877948,0.1151515542676349,-0.061224511310852936,-0.07846407481646944,-0.12380955336405575,3355200.0,37041407.87200928,572680.0,519886.6666666667,6175407.709321976,5676751.450424194,0.03048779263122405,0.024361598619100377,,0,0,0,,
2024-09-09,Hang Seng Composite Index,Inclusion,9899,9899.HK,Cloud Music Inc.,1631,Inclusion,Hang Seng Composite Index,unchanged,1,1,9899.HK,9899.HK,parse_ok,9899.HK,2024-09-05,96.44999694824219,0.007310673088691155,0.05989007635430976,-0.06631177058226678,-0.06631177058226678,-0.12397821721212221,81703.0,7880254.100662231,57160.0,139483.45,5415414.489517212,13690252.609526189,0.01387271604319437,0.014957631440047385,,0,0,0,,
2024-09-09,Hang Seng Composite Index,Removal,120,0120.HK,Cosmopolitan International Holdings Ltd.,1632,Removal,Hang Seng Composite Index,unchanged,1,1,0120.HK,0120.HK,parse_ok,0120.HK,2024-09-05,0.210999995470047,-0.09051723473491602,-0.437333345413208,-0.6540983761936319,-0.648333354857232,-0.966293931668476,9516000.0,2007875.9568929672,16057930.0,20681180.0,4616770.5711732805,7700337.815853506,0.054184160986805376,0.05600044328903915,yfinance_info_static_sharesOutstanding,1,1,1,282659929.98158187,0.007103504048217236
2024-09-09,Hang Seng Composite Index,Removal,302,0302.HK,CMGE Technology Group Ltd.,1633,Removal,Hang Seng Composite Index,unchanged,1,1,0302.HK,0302.HK,parse_ok,0302.HK,2024-09-05,0.7099999785423279,0.014285700905079413,-0.07792208294861247,-0.3931623892436129,-0.3826087015112317,-0.5477707294127652,12423040.0,8820358.133430481,17919466.7,19261640.566666666,13046653.086983997,16724543.88571118,0.03749855554476386,0.031667697715980055,yfinance_info_static_sharesOutstanding,1,1,1,2126743717.3953934,0.00414735356276623
2024-09-09,Hang Seng Composite Index,Removal,520,0520.HK,"Xiabuxiabu Catering Management (China) Holdings Co., Ltd.",1634,Removal,Hang Seng Composite Index,unchanged,1,1,0520.HK,0520.HK,parse_ok,0520.HK,2024-09-05,0.8999999761581421,-0.08163269526359607,-0.15094337288532833,-0.45121952194603066,-0.4545454611134596,-0.7727272809372788,6430000.0,5786999.846696854,5521837.25,4927738.466666667,5330541.902772891,5954143.034207542,0.03083397671776367,0.030585650116653533,,0,0,0,,
2024-09-09,Hang Seng Composite Index,Removal,650,0650.HK,"Productive Technologies Co., Ltd.",1635,Removal,Hang Seng Composite Index,unchanged,1,1,0650.HK,0650.HK,parse_ok,0650.HK,2024-09-05,0.1809999942779541,0.03428569920208968,-0.14218010348891985,-0.39666670971446394,-0.39666670971446394,-0.7586666742960612,4522000.0,818481.9741249084,19977600.0,29491680.7,3997596.609593928,7119006.208127741,0.02829831022249103,0.03462455551263041,,0,0,0,,
2024-09-09,Hang Seng Composite Index,Removal,697,0697.HK,Shoucheng Holdings Ltd.,1636,Removal,Hang Seng Composite Index,unchanged,1,1,0697.HK,0697.HK,parse_ok,0697.HK,2024-09-05,1.2899999618530273,-0.03731348528365808,0.015748016714081325,-0.03731348528365808,-0.06521741571708839,-0.32105264313663484,1558000.0,2009819.9405670166,979710.5,1035392.5,1271369.8281441927,1358556.7912309368,0.014099623374754351,0.014012578936655537,yfinance_info_static_sharesOutstanding,1,1,1,10569696165.130371,0.00019014926343838067
2024-09-09,Hang Seng Composite Index,Removal,813,0813.HK,Shimao Group Holdings Ltd.,1637,Removal,Hang Seng Composite Index,unchanged,1,1,0813.HK,0813.HK,parse_ok,0813.HK,2024-09-05,0.6499999761581421,0.1403508496746788,-0.07142858967489152,-0.15584416589722483,-0.26136365945427886,-0.507575795204951,95105000.0,61818247.7325201,63284260.65,69019677.78333333,41570930.738752864,50619319.07444567,0.0479359076971527,0.04823856943659273,yfinance_info_static_sharesOutstanding,1,1,1,5955724371.945324,0.010379635435064358
2024-09-09,Hang Seng Composite Index,Removal,933,0933.HK,"Viva Goods Co., Ltd.",1638,Removal,Hang Seng Composite Index,unchanged,1,1,0933.HK,0933.HK,parse_ok,0933.HK,2024-09-05,0.5400000214576721,0.0,-0.018181800448205276,-0.2285713847802603,-0.2285713847802603,-0.5909090909090908,464000.0,250560.00995635986,1705642.3,1961018.9833333334,957286.1790385902,1212862.3727829645,0.021187574633341512,0.021458254190586497,,0,0,0,,
2024-09-09,Hang Seng Composite Index,Removal,1176,1176.HK,"Zhuguang Holdings Group Co., Ltd.",1639,Removal,Hang Seng Composite Index,unchanged,1,1,1176.HK,1176.HK,parse_ok,1176.HK,2024-09-05,0.09200000017881393,-0.0891089408365644,-0.3185185442736109,-0.4556212999490892,-0.46820806983183993,-0.8789473666667608,70238000.0,6461896.012559533,124904900.0,98250000.0,16010767.608573288,13304184.728889912,0.054724089497774235,0.046829929462287714,,0,0,0,,
2024-09-09,Hang Seng Composite Index,Removal,1238,1238.HK,Powerlong Real Estate Holdings Ltd.,1640,Removal,Hang Seng Composite Index,unchanged,1,1,1238.HK,1238.HK,parse_ok,1238.HK,2024-09-05,0.47999998927116394,-0.04000002145767212,-0.15789474509759638,-0.27272731788230486,-0.2941176702613234,-0.6097561123350792,20454000.0,9817919.780552387,10941343.8,8980285.6,5597911.1517649535,5070689.537532266,0.028770330915430936,0.03127224660550016,,0,0,0,,
2024-09-09,Hang Seng Composite Index,Removal,1244,1244.HK,3D Medicines Inc.,1641,Removal,Hang Seng Composite Index,unchanged,1,1,1244.HK,1244.HK,parse_ok,1244.HK,2024-09-05,2.9200000762939453,0.010380612560830782,-0.2980768789906457,-0.5042444579822664,-0.5149501519027347,-0.9008488964126432,677000.0,1976840.051651001,934461.35,846661.1333333333,2762625.9133215784,3352324.4025175213,0.05253864136327292,0.04013812945981024,,0,0,0,,
2024-09-09,Hang Seng Composite Index,Removal,1521,1521.HK,Frontage Holdings Corporation,1642,Removal,Hang Seng Composite Index,unchanged,1,1,1521.HK,1521.HK,parse_ok,1521.HK,2024-09-05,0.550000011920929,-0.09836065733954968,-0.2567567502259338,-0.46601939106967305,-0.46601939106967305,-0.762931022522849,3856000.0,2120800.045967102,17815631.25,12565927.466666667,12077391.800486669,9429255.34945441,0.03450152553618188,0.0433634655413144,,0,0,0,,
2024-09-09,Hang Seng Composite Index,Removal,1563,1563.HK,Alliance International Education Leasing Holdings Ltd.,1643,Removal,Hang Seng Composite Index,unchanged,1,1,1563.HK,1563.HK,parse_ok,1563.HK,2024-09-05,0.35499998927116394,0.04411760452090707,-0.17441864333454438,-0.3301886633309057,-0.39830507618433675,-0.8680297465725779,6527000.0,2317084.929972887,10074000.0,16799681.666666668,3760815.543411672,7757823.641579151,0.04376713233593454,0.0418398527534834,,0,0,0,,
2024-09-09,Hang Seng Composite Index,Removal,1668,1668.HK,China South City Holdings Ltd.,1644,Removal,Hang Seng Composite Index,unchanged,1,1,1668.HK,1668.HK,parse_ok,1668.HK,2024-09-05,0.1720000058412552,0.08176108114582248,-0.01714280702629778,-0.21818178739429483,-0.23555550934355818,-0.6489795867476251,19830000.0,3410760.1158320904,24835433.3,23221895.216666665,4358769.814773699,4413322.9165503215,0.03705928668526698,0.03193715930995766,,0,0,0,,
2024-09-09,Hang Seng Composite Index,Removal,1765,1765.HK,"XJ International Holdings Co., Ltd.",1645,Removal,Hang Seng Composite Index,unchanged,1,1,1765.HK,1765.HK,parse_ok,1765.HK,2024-09-05,0.20999999344348907,0.044776060758779046,0.014492710848729162,-0.009433981494022747,-0.023255860695907793,-0.6037735758875132,24454000.0,5135339.839667082,37397100.0,47087116.7,7502232.273362577,9621310.58726086,0.02406876886732959,0.029233993684371715,,0,0,0,,
2024-09-09,Hang Seng Composite Index,Removal,1877,1877.HK,"Shanghai Junshi Biosciences Co., Ltd. - H Shares",1646,Removal,Hang Seng Composite Index,unchanged,1,1,1877.HK,1877.HK,parse_ok,1877.HK,2024-09-05,10.699999809265137,-0.07279030809052167,-0.10385258079534687,-0.12581699270018398,-0.19306186843351014,-0.5485232293326711,501187.0,5362700.804406166,983372.35,749431.75,11406881.557170535,8901238.833751472,0.03334048346528691,0.030741434774027913,yfinance_info_static_sharesOutstanding,1,1,1,2785163940.3525352,0.0019254524757804296
2024-09-09,Hang Seng Composite Index,Removal,1890,1890.HK,China Kepei Education Group Ltd.,1647,Removal,Hang Seng Composite Index,unchanged,1,1,1890.HK,1890.HK,parse_ok,1890.HK,2024-09-05,1.350000023841858,0.05468754220055505,-0.05594400464366045,-0.10596024346484412,-0.1346153375900221,-0.3835616490552637,1100000.0,1485000.0262260437,2496964.55,2380221.5166666666,3259393.3374821306,3378190.76091247,0.02107172408090981,0.023012093534457132,,0,0,0,,
2024-09-09,Hang Seng Composite Index,Removal,2138,2138.HK,EC Healthcare,1648,Removal,Hang Seng Composite Index,unchanged,1,1,2138.HK,2138.HK,parse_ok,2138.HK,2024-09-05,0.8299999833106995,-0.10752690652985541,-0.3083333747254461,-0.4195804099615954,-0.42758623723042466,-0.78987342448327,2478343.0,2057024.6486381888,1967717.15,2022888.3333333333,1926079.7374979467,2270236.9635875793,0.0393849697939088,0.042224671140830984,,0,0,0,,
2024-09-09,Hang Seng Composite Index,Removal,2160,2160.HK,MicroPort CardioFlow Medtech Corporation - B,1649,Removal,Hang Seng Composite Index,unchanged,1,1,2160.HK,2160.HK,parse_ok,2160.HK,2024-09-05,3.0999999046325684,-0.015873075943202752,-0.1948051996306679,-0.3541667121979907,-0.3541667121979907,-0.6787564738676426,862800.0,2674679.91771698,859173.65,859625.45,2782801.7243768694,3270356.748457956,0.028464473515225564,0.03200348230892403,,0,0,0,,
2024-09-09,Hang Seng Composite Index,Removal,2257,2257.HK,Sirnaomics Ltd. - B,1650,Removal,Hang Seng Composite Index,unchanged,1,1,2257.HK,2257.HK,parse_ok,2257.HK,2024-09-05,3.2899999618530273,0.21851848287019937,-0.2384259650184769,-0.46153847954817373,-0.46590908387194263,-0.9381578963407661,3919200.0,12894167.850494385,2095192.75,2219918.683333333,6491395.22193042,9432096.8530853,0.06282653538693914,0.05362887406883292,,0,0,0,,
2024-09-09,Hang Seng Composite Index,Removal,2415,2415.HK,MedSci Healthcare Holdings Ltd.,1651,Removal,Hang Seng Composite Index,unchanged,1,1,2415.HK,2415.HK,parse_ok,2415.HK,2024-09-05,1.1699999570846558,-0.13333338042836052,-0.5894736855314049,-0.5301205009624355,-0.5894736855314049,-0.8450331221818451,1873250.0,2191702.4196088314,5003750.0,4132566.6666666665,9624555.663894117,8907199.209681153,0.043144028951756154,0.06492589638865903,,0,0,0,,
2024-09-09,Hang Seng Composite Index,Removal,2416,2416.HK,Edianyun Ltd.,1652,Removal,Hang Seng Composite Index,unchanged,1,1,2416.HK,2416.HK,parse_ok,2416.HK,2024-09-05,1.25,0.059322080986147885,-0.10714284193759038,-0.5078740083570407,-0.49799196979418536,-0.8767258424381482,4133500.0,5166875.0,10173500.0,8164855.866666666,12046295.594877005,12538714.020184262,0.07053274895227786,0.05049715129360827,,0,0,0,,
2024-09-09,Hang Seng Composite Index,Removal,3377,3377.HK,Sino-Ocean Group Holding Ltd.,1653,Removal,Hang Seng Composite Index,unchanged,1,1,3377.HK,3377.HK,parse_ok,3377.HK,2024-09-05,0.23000000417232513,-0.1481481665446427,-0.30303031808198044,-0.5257732012609146,-0.5353535314005695,-0.7228915556661792,129598000.0,29807540.540724993,58236207.45,60746604.05,15838457.4465109,21298647.927819487,0.041779235111708196,0.04074016637096156,yfinance_info_static_sharesOutstanding,1,1,1,2722440850.2065573,0.0109488294441598
2024-09-09,Hang Seng Composite Index,Removal,6100,6100.HK,Tongdao Liepin Group,1654,Removal,Hang Seng Composite Index,unchanged,1,1,6100.HK,6100.HK,parse_ok,6100.HK,2024-09-05,1.9700000286102295,0.0,-0.034313693407726165,-0.21825395098378886,-0.27838827294997137,-0.7383798175670477,1088400.0,2144148.031139374,2328522.15,3526147.8333333335,4741138.436712503,8102917.6352734165,0.03185826294720734,0.03321872793294155,yfinance_info_static_sharesOutstanding,1,1,1,923516346.90219,0.0023217217955390037
2024-09-09,Hang Seng Composite Index,Removal,6185,6185.HK,CanSino Biologics Inc. - H Shares,1655,Removal,Hang Seng Composite Index,unchanged,1,1,6185.HK,6185.HK,parse_ok,6185.HK,2024-09-05,18.579999923706055,0.07523143434046409,-0.027225154312989552,-0.16494382365366045,-0.17969093878017095,-0.3399644697872246,636400.0,11824311.951446533,992581.45,655778.1833333333,18132268.56516552,12402730.33606119,0.03285649231012562,0.028846315531218858,yfinance_info_static_sharesOutstanding,1,1,1,2465025311.8780136,0.004796831859887888
2024-09-09,Hang Seng Composite Index,Removal,9668,9668.HK,"China Bohai Bank Co., Ltd. - H Shares",1656,Removal,Hang Seng Composite Index,unchanged,1,1,9668.HK,9668.HK,parse_ok,9668.HK,2024-09-05,1.0199999809265137,-0.01923075159625831,0.10869561132952099,0.04081628681073313,-0.06422022964083118,-0.20930231698508794,7409500.0,7557689.858675003,12033621.0,5798873.666666667,12126823.34754312,5741923.369108617,0.03397516785532973,0.021002582547961238,yfinance_info_static_sharesOutstanding,1,1,1,6324565981.733799,0.0011949736757435423
2024-09-09,Hang Seng Composite Index,Removal,9857,9857.HK,Linmon Media Ltd.,1657,Removal,Hang Seng Composite Index,unchanged,1,1,9857.HK,9857.HK,parse_ok,9857.HK,2024-09-05,4.0,-0.004975119657066318,-0.3055555831502974,-0.4219653242919864,-0.44521498213084176,-0.6047430785342327,32900.0,131600.0,189825.0,213725.0,829290.0058507919,1220385.0544691086,0.05135809289068618,0.037081759671797596,,0,0,0,,
2024-09-09,Hang Seng Composite Index,Removal,9877,9877.HK,"Jenscare Scientific Co., Ltd. - B - H Shares",1658,Removal,Hang Seng Composite Index,unchanged,1,1,9877.HK,9877.HK,parse_ok,9877.HK,2024-09-05,2.380000114440918,-0.02057611149904548,-0.3514986199007659,-0.40050375383143755,-0.4123456784309256,-0.9461538444941275,814800.0,1939224.09324646,784780.0,1076119.0,2031138.9035439491,3743304.42971619,0.04245606011580817,0.03162375238848857,,0,0,0,,
2024-09-09,Hang Seng Composite Index,Removal,9886,9886.HK,Dingdang Health Technology Group Ltd.,1659,Removal,Hang Seng Composite Index,unchanged,1,1,9886.HK,9886.HK,parse_ok,9886.HK,2024-09-05,0.6200000047683716,-0.11428569239013009,-0.45132742709323337,-0.5230769019155099,-0.540740745319424,-0.7720588241739257,50380000.0,31235600.24023056,15387874.0,15022495.25,12263048.268731486,15263572.613222254,0.059847844916074845,0.049289567721577186,,0,0,0,,
2024-09-09,Hang Seng Composite Index,Removal,9955,9955.HK,ClouDr Group Ltd.,1660,Removal,Hang Seng Composite Index,unchanged,1,1,9955.HK,9955.HK,parse_ok,9955.HK,2024-09-05,1.2400000095367432,-0.05343506587815028,-0.3297297332128353,-0.47679321965695887,-0.48117156689980145,-0.8319783210964515,8062300.0,9997252.076888084,4935845.0,5242093.483333333,7216676.306538582,9294042.420973647,0.03370861658258753,0.03429108026090726,,0,0,0,,
2024-09-09,Hang Seng Corporate Sustainability Benchmark Index,Inclusion,10,0010.HK,HANG LUNG GROUP,1661,Add,Hang Seng Corporate Sustainability Benchmark Index,unchanged,1,1,0010.HK,0010.HK,parse_ok,0010.HK,2024-09-05,8.65999984741211,-0.028058361872207227,0.03712568284791118,0.0011560958754741613,-0.04520395382659992,-0.23090589064116895,683000.0,5914779.895782471,1148082.75,1463048.55,9956145.99676771,12620947.300424734,0.013033617316674781,0.013994474513989736,yfinance_info_static_sharesOutstanding,1,1,1,11791613767.953545,0.0005016090258873015
2024-09-09,Hang Seng Corporate Sustainability Benchmark Index,Inclusion,123,0123.HK,YUEXIU PROPERTY,1662,Add,Hang Seng Corporate Sustainability Benchmark Index,unchanged,1,1,0123.HK,0123.HK,parse_ok,0123.HK,2024-09-05,4.099999904632568,0.04591832266207474,-0.09691631297742798,-0.29065748169436245,-0.30272111822528347,-0.5980392175195586,10714822.0,43930769.178154945,11722779.8,11760967.183333334,48321120.148148954,56819280.62744531,0.02525415997576073,0.027183331890306552,yfinance_info_static_sharesOutstanding,1,1,1,16504110559.408617,0.002661807736928363
2024-09-09,Hang Seng Corporate Sustainability Benchmark Index,Inclusion,144,0144.HK,CHINA MER PORT,1663,Add,Hang Seng Corporate Sustainability Benchmark Index,unchanged,1,1,0144.HK,0144.HK,parse_ok,0144.HK,2024-09-05,12.279999732971191,0.04244482269388716,0.09252668888173532,0.030201313286331244,-0.009677410423445276,-0.0300158071896498,5513167.0,67701689.28782558,3372025.6,3743121.9,40147047.99179635,44298476.54835744,0.014926005369874285,0.0175449688667667,yfinance_info_static_sharesOutstanding,1,1,1,51551551683.09061,0.0013132813092419946
2024-09-09,Hang Seng Corporate Sustainability Benchmark Index,Inclusion,267,0267.HK,CITIC,1664,Add,Hang Seng Corporate Sustainability Benchmark Index,unchanged,1,1,0267.HK,0267.HK,parse_ok,0267.HK,2024-09-05,7.440000057220459,-0.046153862142468416,0.05982907085970002,-0.023622025071121988,-0.046153862142468416,-0.14580941163769534,9961641.0,74114609.61000967,12667340.8,14212725.816666666,95343817.94596222,104473422.60520983,0.012242210560981579,0.01773264870619749,yfinance_info_static_sharesOutstanding,1,1,1,216431555631.75818,0.00034243901908698584
2024-09-09,Hang Seng Corporate Sustainability Benchmark Index,Inclusion,384,0384.HK,CHINA GAS HOLD,1665,Add,Hang Seng Corporate Sustainability Benchmark Index,unchanged,1,1,0384.HK,0384.HK,parse_ok,0384.HK,2024-09-05,6.340000152587891,-0.03206107359264243,-0.1057827903891152,-0.1291208832595906,-0.1524063988741543,-0.24523804279681805,9391843.0,59544286.05308151,6797431.2,8042385.316666666,46069343.77512598,56880560.01165069,0.01619931206706448,0.016811451506285515,yfinance_info_static_sharesOutstanding,1,1,1,34541289209.26213,0.0017238582408532366
2024-09-09,Hang Seng Corporate Sustainability Benchmark Index,Inclusion,700,0700.HK,TENCENT,1666,Add,Hang Seng Corporate Sustainability Benchmark Index,unchanged,1,1,0700.HK,0700.HK,parse_ok,0700.HK,2024-09-05,373.3999938964844,-0.011122913504084675,0.01412270917180014,0.007011882926402091,-0.05944585920281009,-0.05944585920281009,9576319.0,3575797456.1507874,15005223.1,16457767.433333334,5634880689.172949,6151545097.069368,0.011193749461730811,0.015134981509033538,yfinance_info_static_sharesOutstanding,1,1,1,3374378039657.946,0.0010596908272059698
2024-09-09,Hang Seng Corporate Sustainability Benchmark Index,Inclusion,884,0884.HK,CIFI HOLD GP,1667,Add,Hang Seng Corporate Sustainability Benchmark Index,unchanged,1,1,0884.HK,0884.HK,parse_ok,0884.HK,2024-09-05,0.2549999952316284,0.07594933127424852,-0.05555561074503923,-0.27142857264499276,-0.3200000127156576,-0.6644736862743991,89860000.0,22914299.57151413,68604451.5,73465668.41666667,17593137.766425837,22086771.887741975,0.04096959545959811,0.03815031080067722,yfinance_info_static_sharesOutstanding,1,1,1,4264187803.126834,0.00537366097119634
2024-09-09,Hang Seng Corporate Sustainability Benchmark Index,Inclusion,1044,1044.HK,HENGAN INT'L,1668,Add,Hang Seng Corporate Sustainability Benchmark Index,unchanged,1,1,1044.HK,1044.HK,parse_ok,1044.HK,2024-09-05,24.100000381469727,-0.004132247037895498,-0.03018108605580805,-0.05118107309388098,-0.06225682233352303,-0.19262981328367024,1948922.0,46969020.94345474,1753292.25,1382904.3666666667,42913150.55870648,33749860.84715264,0.022306788118800425,0.017308599255595268,yfinance_info_static_sharesOutstanding,1,1,1,27416664533.66794,0.0017131559123749831
2024-09-09,Hang Seng Corporate Sustainability Benchmark Index,Inclusion,2020,2020.HK,ANTA SPORTS,1669,Add,Hang Seng Corporate Sustainability Benchmark Index,unchanged,1,1,2020.HK,2020.HK,parse_ok,2020.HK,2024-09-05,75.5,-0.010484967493580966,0.09738367225364541,-0.0809494997244038,-0.08318152521003075,-0.19893899204244037,6706304.0,506325952.0,8151935.5,7255463.65,588495536.5368137,528694685.2326983,0.019619262025358547,0.02002493505892041,yfinance_info_static_sharesOutstanding,1,1,1,209172718818.5,0.002420611802819951
2024-09-09,Hang Seng Corporate Sustainability Benchmark Index,Inclusion,2269,2269.HK,WUXI BIO,1670,Add,Hang Seng Corporate Sustainability Benchmark Index,unchanged,1,1,2269.HK,2269.HK,parse_ok,2269.HK,2024-09-05,11.0600004196167,0.027881058025408523,-0.012499945717197591,-0.1180222924033909,-0.09934848044653077,-0.7831372466741824,17313803.0,191490668.44516087,47479321.95,43156047.03333333,523434041.82869834,486003319.7865031,0.034826312828168504,0.02978630053767071,yfinance_info_static_sharesOutstanding,1,1,1,45717385618.29878,0.004188574343335046
2024-09-09,Hang Seng Corporate Sustainability Benchmark Index,Inclusion,2727,2727.HK,SH ELECTRIC,1671,Add,Hang Seng Corporate Sustainability Benchmark Index,unchanged,1,1,2727.HK,2727.HK,parse_ok,2727.HK,2024-09-05,1.5299999713897705,0.04794515850262693,0.019999980926513672,0.019999980926513672,-0.012903213897927035,-0.18181819920407716,2056000.0,3145679.941177368,2579301.95,3267415.716666667,3823768.7940909863,4899430.106115019,0.008239987074962854,0.0116155470122699,yfinance_info_static_sharesOutstanding,1,1,1,4474457376.329899,0.0007030304853987817
2024-09-09,Hang Seng Corporate Sustainability Benchmark Index,Inclusion,3899,3899.HK,CIMC ENRIC,1672,Add,Hang Seng Corporate Sustainability Benchmark Index,unchanged,1,1,3899.HK,3899.HK,parse_ok,3899.HK,2024-09-05,6.03000020980835,-0.05485891823737665,-0.10666663558394818,-0.19599997202555342,-0.23863634447968274,-0.27611041236053513,912000.0,5499360.191345215,1856674.8,2015320.5166666666,11950284.043609595,14179449.803178923,0.012257070700487305,0.016880766453482795,,0,0,0,,
2024-09-09,Hang Seng Corporate Sustainability Benchmark Index,Removal,69,0069.HK,SHANGRI-LA ASIA,1673,Remove,Hang Seng Corporate Sustainability Benchmark Index,unchanged,1,1,0069.HK,0069.HK,parse_ok,0069.HK,2024-09-05,4.75,-0.004192868135531769,-0.036511122638168914,-0.12361624849866681,-0.15780139850254526,-0.21617160976055771,480000.0,2280000.0,1521414.65,900536.1833333333,7308682.197926355,4539989.994650292,0.015006670743472703,0.019057365227708886,yfinance_info_static_sharesOutstanding,1,1,1,16910205204.75,0.0001348298244990876
2024-09-09,Hang Seng Corporate Sustainability Benchmark Index,Removal,165,0165.HK,CHINA EB LTD,1674,Remove,Hang Seng Corporate Sustainability Benchmark Index,unchanged,1,1,0165.HK,0165.HK,parse_ok,0165.HK,2024-09-05,3.430000066757202,-0.08042894122847821,-0.09973750176623741,-0.16341459840482853,-0.185273150670347,-0.3014256266087185,334000.0,1145620.0222969055,1132288.35,1041060.9833333333,4107801.496850276,3997508.8444990637,0.015731369430661328,0.0136395152166192,,0,0,0,,
2024-09-09,Hang Seng Corporate Sustainability Benchmark Index,Removal,215,0215.HK,HUTCHTEL HK,1675,Remove,Hang Seng Corporate Sustainability Benchmark Index,unchanged,1,1,0215.HK,0215.HK,parse_ok,0215.HK,2024-09-05,0.9599999785423279,-0.010309329662834377,-0.020408204226431526,-0.030303061318608826,-0.06796115999206509,-0.15044249328023562,1114857.0,1070262.696077764,2928603.5,2414853.466666667,2851920.5804361133,2379239.310232843,0.010504427876472886,0.009776445274847397,yfinance_info_static_sharesOutstanding,1,1,1,4626332256.273414,0.00023134151132929613
2024-09-09,Hang Seng Corporate Sustainability Benchmark Index,Removal,489,0489.HK,DONGFENG GROUP,1676,Remove,Hang Seng Corporate Sustainability Benchmark Index,unchanged,1,1,0489.HK,0489.HK,parse_ok,0489.HK,2024-09-05,2.0399999618530273,-0.009708728874782357,-0.03317532546115076,-0.11688311152148012,-0.21839078779804721,-0.49379656187411425,16865982.0,34406602.636613846,19048492.6,23654728.366666667,39224252.90999748,53625875.09143383,0.020629613325056372,0.024642763105211494,yfinance_info_static_sharesOutstanding,1,1,1,5084087904.930115,0.00676750742316026
2024-09-09,Hang Seng Corporate Sustainability Benchmark Index,Removal,762,0762.HK,CHINA UNICOM,1677,Remove,Hang Seng Corporate Sustainability Benchmark Index,unchanged,1,1,0762.HK,0762.HK,parse_ok,0762.HK,2024-09-05,6.320000171661377,-0.03658533128225516,-0.040971164594053144,0.0063694204644377805,-0.16291390569538078,-0.16291390569538078,22862091.0,144488419.04453802,43586340.3,46104626.05,278802917.4424369,314076734.5827744,0.024644848510187747,0.021654212016983965,yfinance_info_static_sharesOutstanding,1,1,1,193379365252.4948,0.0007471759918948951
2024-09-09,Hang Seng Corporate Sustainability Benchmark Index,Removal,960,0960.HK,LONGFOR GROUP,1678,Remove,Hang Seng Corporate Sustainability Benchmark Index,unchanged,1,1,0960.HK,0960.HK,parse_ok,0960.HK,2024-09-05,8.59000015258789,0.012971770788864134,-0.10334026920693118,-0.28297157923059657,-0.3050161495799628,-0.5201117130921372,14802567.0,127154052.78869247,15240200.9,12774950.933333334,134142879.03105001,127825563.82881445,0.023057696957026,0.026966945961563953,yfinance_info_static_sharesOutstanding,1,1,1,59058306670.43826,0.0021530257123396268
2024-09-09,Hang Seng Corporate Sustainability Benchmark Index,Removal,2208,2208.HK,GOLDWIND,1679,Remove,Hang Seng Corporate Sustainability Benchmark Index,unchanged,1,1,2208.HK,2208.HK,parse_ok,2208.HK,2024-09-05,4.699999809265137,0.028446309129240177,0.1868686272701241,0.3055555371590597,-0.01052635594418172,-0.01052635594418172,7059400.0,33179178.653526306,9633696.1,9193834.55,42735833.54281141,37047365.9079903,0.029398386819365418,0.031177598189040857,yfinance_info_static_sharesOutstanding,1,1,1,3635790127.7527742,0.00912571339040239
2024-09-09,Hang Seng Corporate Sustainability Benchmark Index,Removal,6818,6818.HK,CEB BANK,1680,Remove,Hang Seng Corporate Sustainability Benchmark Index,unchanged,1,1,6818.HK,6818.HK,parse_ok,6818.HK,2024-09-05,2.309999942779541,-0.03347286971263186,-0.012820501064172207,-0.07228918315975852,-0.07600002288818364,-0.11832059401536577,10754809.0,24843608.174604893,9887798.75,11378109.516666668,23531145.990702152,27261478.147597842,0.011410296840806598,0.013763909171294912,yfinance_info_static_sharesOutstanding,1,1,1,29287878279.516937,0.0008482556482071891
2024-09-09,Hang Seng Corporate Sustainability Index,Inclusion,8,0008.HK,PCCW Ltd.,1681,Inclusion,Hang Seng Corporate Sustainability Index,unchanged,1,1,0008.HK,0008.HK,parse_ok,0008.HK,2024-09-05,4.400000095367432,0.0022779565343908903,0.04265410287321525,0.1578947764684624,-0.002267517548905529,-0.002267517548905529,4094147.0,18014247.190448284,7233277.5,7251007.433333334,31201140.04100449,29833494.785507645,0.010690302505719005,0.008978274504766749,yfinance_info_static_sharesOutstanding,1,1,1,34090155818.084213,0.0005284295937682999
2024-09-09,Hang Seng Corporate Sustainability Index,Inclusion,688,0688.HK,China Overseas Land & Investment Ltd.,1682,Inclusion,Hang Seng Corporate Sustainability Index,unchanged,1,1,0688.HK,0688.HK,parse_ok,0688.HK,2024-09-05,11.800000190734863,-0.005058977038722157,-0.06200315879981377,-0.18732783617609716,-0.1839557289346304,-0.3415178493026416,15117845.0,178390573.8835001,16060372.4,17232964.966666665,196658990.34748167,224650964.62960747,0.021602143493469148,0.01982165465400706,yfinance_info_static_sharesOutstanding,1,1,1,129149627800.57086,0.0013812705225830437
2024-09-09,Hang Seng Corporate Sustainability Index,Inclusion,2378,2378.HK,Prudential plc,1683,Inclusion,Hang Seng Corporate Sustainability Index,unchanged,1,1,2378.HK,2378.HK,parse_ok,2378.HK,2024-09-05,65.0,-0.038461516757525294,0.048387096774193505,-0.08321581662766775,-0.1333333333333333,-0.35515874968154093,105950.0,6886750.0,112901.85,111871.51666666666,7553815.197735215,7639317.324763489,0.015276591755833574,0.019660360930109016,,0,0,0,,
2024-09-09,Hang Seng Corporate Sustainability Index,Removal,17,0017.HK,"New World Development Co., Ltd.",1684,Removal,Hang Seng Corporate Sustainability Index,unchanged,1,1,0017.HK,0017.HK,parse_ok,0017.HK,2024-09-05,6.75,-0.12451362300871005,-0.09152084038347463,-0.13239076889867107,-0.15307400530838833,-0.6120689570124167,9648107.0,65124722.25,9595427.15,7270789.3,68679083.65736957,53215788.310203195,0.03674657350966291,0.028512451532042696,,0,0,0,,
2024-09-09,Hang Seng Corporate Sustainability Index,Removal,656,0656.HK,Fosun International Ltd.,1685,Removal,Hang Seng Corporate Sustainability Index,unchanged,1,1,0656.HK,0656.HK,parse_ok,0656.HK,2024-09-05,4.0,-0.04761900436850974,-0.05213265429609393,-0.09502264005526995,-0.1071428609441738,-0.2233009852566583,1312000.0,5248000.0,2558522.45,2027389.7,10551778.19265474,8469580.649258895,0.017024032871158175,0.016836443378205543,yfinance_info_static_sharesOutstanding,1,1,1,32526995176.0,0.0001613429083013555
2024-09-09,Hang Seng Corporate Sustainability Index,Removal,1347,1347.HK,Hua Hong Semiconductor Ltd.,1686,Removal,Hang Seng Corporate Sustainability Index,unchanged,1,1,1347.HK,1347.HK,parse_ok,1347.HK,2024-09-05,16.139999389648438,-0.05392732151783364,-0.16286313201077973,-0.27785238862769635,-0.3439024740094677,-0.3439024740094677,7511000.0,121227535.41564941,10447428.35,13810503.583333334,182498748.6151782,289237073.33354294,0.020261173056968042,0.031416648119818896,yfinance_info_static_sharesOutstanding,1,1,1,21464007263.33531,0.0056479451357030405
2024-09-09,Hang Seng ESG 50 Index,Inclusion,123,0123.HK,"Yuexiu Property Co., Ltd.",1687,Inclusion,Hang Seng ESG 50 Index,unchanged,1,1,0123.HK,0123.HK,parse_ok,0123.HK,2024-09-05,4.099999904632568,0.04591832266207474,-0.09691631297742798,-0.29065748169436245,-0.30272111822528347,-0.5980392175195586,10714822.0,43930769.178154945,11722779.8,11760967.183333334,48321120.148148954,56819280.62744531,0.02525415997576073,0.027183331890306552,yfinance_info_static_sharesOutstanding,1,1,1,16504110559.408617,0.002661807736928363
2024-09-09,Hang Seng ESG 50 Index,Inclusion,144,0144.HK,"China Merchants Port Holdings Co., Ltd.",1688,Inclusion,Hang Seng ESG 50 Index,unchanged,1,1,0144.HK,0144.HK,parse_ok,0144.HK,2024-09-05,12.279999732971191,0.04244482269388716,0.09252668888173532,0.030201313286331244,-0.009677410423445276,-0.0300158071896498,5513167.0,67701689.28782558,3372025.6,3743121.9,40147047.99179635,44298476.54835744,0.014926005369874285,0.0175449688667667,yfinance_info_static_sharesOutstanding,1,1,1,51551551683.09061,0.0013132813092419946
2024-09-09,Hang Seng ESG 50 Index,Inclusion,700,0700.HK,Tencent Holdings Ltd.,1689,Inclusion,Hang Seng ESG 50 Index,unchanged,1,1,0700.HK,0700.HK,parse_ok,0700.HK,2024-09-05,373.3999938964844,-0.011122913504084675,0.01412270917180014,0.007011882926402091,-0.05944585920281009,-0.05944585920281009,9576319.0,3575797456.1507874,15005223.1,16457767.433333334,5634880689.172949,6151545097.069368,0.011193749461730811,0.015134981509033538,yfinance_info_static_sharesOutstanding,1,1,1,3374378039657.946,0.0010596908272059698
2024-09-09,Hang Seng ESG 50 Index,Inclusion,2018,2018.HK,AAC Technologies Holdings Inc.,1690,Inclusion,Hang Seng ESG 50 Index,unchanged,1,1,2018.HK,2018.HK,parse_ok,2018.HK,2024-09-05,31.450000762939453,-0.055555511006203706,0.22373540191842167,0.03284072167305485,-0.08442497350812017,-0.08442497350812017,2211484.0,69551173.4872284,5516774.55,6450033.016666667,169493520.77178583,197454237.8160339,0.0222448128048258,0.02743670502047338,yfinance_info_static_sharesOutstanding,1,1,1,35845357544.615555,0.001940311891174758
2024-09-09,Hang Seng ESG 50 Index,Inclusion,2269,2269.HK,WuXi Biologics (Cayman) Inc.,1691,Inclusion,Hang Seng ESG 50 Index,unchanged,1,1,2269.HK,2269.HK,parse_ok,2269.HK,2024-09-05,11.0600004196167,0.027881058025408523,-0.012499945717197591,-0.1180222924033909,-0.09934848044653077,-0.7831372466741824,17313803.0,191490668.44516087,47479321.95,43156047.03333333,523434041.82869834,486003319.7865031,0.034826312828168504,0.02978630053767071,yfinance_info_static_sharesOutstanding,1,1,1,45717385618.29878,0.004188574343335046
2024-09-09,Hang Seng ESG 50 Index,Inclusion,2282,2282.HK,MGM China Holdings Ltd.,1692,Inclusion,Hang Seng ESG 50 Index,unchanged,1,1,2282.HK,2282.HK,parse_ok,2282.HK,2024-09-05,10.5,0.06060610147364853,-0.0948276159737812,-0.2222222222222222,-0.2256637407761376,-0.3119266158248689,5857600.0,61504800.0,6113452.85,5337164.483333333,64968374.25703764,62283658.532166146,0.020998571538373995,0.021813906497132277,yfinance_info_static_sharesOutstanding,1,1,1,39853957416.0,0.0015432545219538959
2024-09-09,Hang Seng ESG 50 Index,Removal,656,0656.HK,Fosun International Ltd.,1693,Removal,Hang Seng ESG 50 Index,unchanged,1,1,0656.HK,0656.HK,parse_ok,0656.HK,2024-09-05,4.0,-0.04761900436850974,-0.05213265429609393,-0.09502264005526995,-0.1071428609441738,-0.2233009852566583,1312000.0,5248000.0,2558522.45,2027389.7,10551778.19265474,8469580.649258895,0.017024032871158175,0.016836443378205543,yfinance_info_static_sharesOutstanding,1,1,1,32526995176.0,0.0001613429083013555
2024-09-09,Hang Seng ESG 50 Index,Removal,683,0683.HK,Kerry Properties Ltd.,1694,Removal,Hang Seng ESG 50 Index,unchanged,1,1,0683.HK,0683.HK,parse_ok,0683.HK,2024-09-05,14.600000381469727,0.01388894223872672,0.07669616000516499,0.06725146606508958,-0.002732237767417156,-0.12679419969781303,2688000.0,39244801.025390625,1237684.4,1379718.2,17594718.48931036,19034099.19561189,0.013529214650402065,0.01365531870905583,yfinance_info_static_sharesOutstanding,1,1,1,21189064182.4292,0.001852125260818925
2024-09-09,Hang Seng ESG 50 Index,Removal,762,0762.HK,China Unicom (Hong Kong) Ltd.,1695,Removal,Hang Seng ESG 50 Index,unchanged,1,1,0762.HK,0762.HK,parse_ok,0762.HK,2024-09-05,6.320000171661377,-0.03658533128225516,-0.040971164594053144,0.0063694204644377805,-0.16291390569538078,-0.16291390569538078,22862091.0,144488419.04453802,43586340.3,46104626.05,278802917.4424369,314076734.5827744,0.024644848510187747,0.021654212016983965,yfinance_info_static_sharesOutstanding,1,1,1,193379365252.4948,0.0007471759918948951
2024-09-09,Hang Seng ESG 50 Index,Removal,1691,1691.HK,"JS Global Lifestyle Co., Ltd.",1696,Removal,Hang Seng ESG 50 Index,unchanged,1,1,1691.HK,1691.HK,parse_ok,1691.HK,2024-09-05,1.4800000190734863,-0.05732486010942195,-0.04516124864274451,-0.006711402952518042,-0.12426037339451901,-0.12426037339451901,7637500.0,11303500.145673752,3685456.85,5393388.266666667,5812443.641484886,8306942.728682528,0.01648363417927825,0.015350941444613745,yfinance_info_static_sharesOutstanding,1,1,1,5142366296.232197,0.0021981125992436216
2024-09-09,Hang Seng ESG 50 Index,Removal,2202,2202.HK,"China Vanke Co., Ltd. - H Shares",1697,Removal,Hang Seng ESG 50 Index,unchanged,1,1,2202.HK,2202.HK,parse_ok,2202.HK,2024-09-05,4.070000171661377,0.08823533724148547,-0.009732350499663811,-0.24067162867908554,-0.23207546694501957,-0.5954274351992075,37264331.0,151665833.56684637,34986470.7,35613492.9,140208549.56684446,157542468.9036032,0.03525986776083589,0.03140463882674592,yfinance_info_static_sharesOutstanding,1,1,1,8980508036.433048,0.016888335598782698
2024-09-09,Hang Seng ESG 50 Index,Removal,2689,2689.HK,Nine Dragons Paper (Holdings) Ltd.,1698,Removal,Hang Seng ESG 50 Index,unchanged,1,1,2689.HK,2689.HK,parse_ok,2689.HK,2024-09-05,2.9100000858306885,-0.04276311764921792,-0.026755827241100705,-0.14662756229174645,-0.18715079669101642,-0.37284479104203827,4664000.0,13572240.400314331,3214817.35,4183412.3,9599571.539809633,13349727.40207913,0.01993638298531285,0.01926395631550314,,0,0,0,,
2024-09-09,Hang Seng Hong Kong-Listed Biotech Index,Removal,6660,6660.HK,"AIM Vaccine Co., Ltd. - H Shares",1700,Removal,Hang Seng Hong Kong-Listed Biotech Index,unchanged,1,1,6660.HK,6660.HK,parse_ok,6660.HK,2024-09-05,4.28000020980835,-0.04888884226481116,-0.33229324310572306,-0.3885713985988072,-0.40883973133781804,-0.913360322315654,440800.0,1886624.0924835205,416090.0,220410.0,1971007.4298620224,1214403.374265035,0.03438412750726225,0.026304960425442545,,0,0,0,,
2024-09-09,Hang Seng Stock Connect China Enterprises Index,Inclusion,1519,1519.HK,J&T Global Express Ltd. - W,1701,Inclusion,Hang Seng Stock Connect China Enterprises Index,unchanged,1,1,1519.HK,1519.HK,parse_ok,1519.HK,2024-09-05,6.340000152587891,0.0566666920979817,0.035947756722663815,-0.20151132154937001,-0.27542855398995536,-0.6129425837961293,15652800.0,99238754.38842773,12112362.1,15262001.15,79770008.78034668,114407236.53766829,0.033643979613109554,0.030717701632814544,,0,0,0,,
2024-09-09,Hang Seng Stock Connect China Enterprises Index,Inclusion,600406,600406.SH,"NARI Technology Co., Ltd.",1702,Inclusion,Hang Seng Stock Connect China Enterprises Index,unchanged,1,1,600406.SH,600406.SS,parse_ok,600406.SS,2024-09-06,25.110000610351562,0.01990250830281526,0.06714831609005367,0.05062765736963204,-0.010638241108865465,-0.036084401314364634,12574325.0,315741308.4247589,18767182.0,23223664.083333332,453412615.17539275,565181081.4709177,0.013594808493939988,0.012751985318642398,yfinance_info_static_sharesOutstanding,1,1,1,201677401979.35492,0.0015655760403789829
2024-09-09,Hang Seng Stock Connect China Enterprises Index,Inclusion,601225,601225.SH,"Shaanxi Coal Industry Co., Ltd.",1703,Inclusion,Hang Seng Stock Connect China Enterprises Index,unchanged,1,1,601225.SH,601225.SS,parse_ok,601225.SS,2024-09-06,22.799999237060547,-0.07542581597163944,0.008403300379478784,-0.16727538583232815,-0.17361366034925707,-0.18015103650100217,41957493.0,956630808.3889732,19366799.7,21744504.316666666,461779489.76089,538400277.8332268,0.01950532986131721,0.018628824845407947,yfinance_info_static_sharesOutstanding,1,1,1,221045992603.302,0.004327745538937597
2024-09-09,Hang Seng Stock Connect China Enterprises Index,Removal,20,0020.HK,SenseTime Group Inc. - W,1704,Removal,Hang Seng Stock Connect China Enterprises Index,unchanged,1,1,0020.HK,0020.HK,parse_ok,0020.HK,2024-09-05,1.1299999952316284,-0.02586204504569778,0.046296250305059905,-0.19285713251756142,-0.3024691407990481,-0.32738093421910563,136181654.0,153885268.37063527,189688326.3,372322814.9,214445663.12067336,489389755.87245524,0.027839253468100355,0.04299473721285433,,0,0,0,,
2024-09-09,Hang Seng Stock Connect China Enterprises Index,Removal,2618,2618.HK,"JD Logistics, Inc.",1705,Removal,Hang Seng Stock Connect China Enterprises Index,unchanged,1,1,2618.HK,2618.HK,parse_ok,2618.HK,2024-09-05,9.5,0.003167870340578638,0.20711564652394188,0.14320090496917093,-0.0471414497934487,-0.13636363636363635,12910072.0,122645684.0,12336094.25,7531883.733333333,116479040.32898383,67005390.65986759,0.04943393253641362,0.03355764164334295,,0,0,0,,
2024-09-09,Hang Seng Stock Connect China Enterprises Index,Removal,300015,300015.SZ,"Aier Eye Hospital Group Co., Ltd.",1706,Removal,Hang Seng Stock Connect China Enterprises Index,unchanged,1,1,300015.SZ,300015.SZ,parse_ok,300015.SZ,2024-09-06,9.3100004196167,-0.04020612343475738,-0.1282771391771541,-0.2008583069128702,-0.19184027346609933,-0.5099999779149106,37978061.0,353575763.8462286,59522446.8,70808779.85,584017364.7787199,737701290.8711594,0.02365316176189869,0.02610443850328292,,0,0,0,,
2024-09-09,Hang Seng Stock Connect Greater Bay Area Composite Index,Inclusion,000060,000060.SZ,"Shenzhen Zhongjin Lingnan Nonfemet Co., Ltd.",1707,Inclusion,Hang Seng Stock Connect Greater Bay Area Composite Index,unchanged,1,1,000060.SZ,000060.SZ,parse_ok,000060.SZ,2024-09-06,4.039999961853027,-0.03809520349480777,-0.019417457749564604,-0.0755148586608797,-0.09009011040820591,-0.26142593842558826,24825285.0,100294150.45299053,28001257.75,30081268.75,115445157.9497201,126507642.2363963,0.01352195386396511,0.014960766203359337,,0,0,0,,
2024-09-09,Hang Seng Stock Connect Greater Bay Area Composite Index,Inclusion,000893,000893.SZ,"Asia-Potash International Investment (Guangzhou) Co., Ltd.",1708,Inclusion,Hang Seng Stock Connect Greater Bay Area Composite Index,unchanged,1,1,000893.SZ,000893.SZ,parse_ok,000893.SZ,2024-09-06,16.010000228881836,-0.07829594384818606,-0.03496081485060021,-0.05934196249807533,-0.10558656033109015,-0.4684595025632371,5864363.0,93888452.97224617,7167583.5,9276146.416666666,120532552.01029834,150117970.46911857,0.019602246793057696,0.023949377674200963,,0,0,0,,
2024-09-09,Hang Seng Stock Connect Greater Bay Area Composite Index,Inclusion,1415,1415.HK,Cowell e Holdings Inc.,1709,Inclusion,Hang Seng Stock Connect Greater Bay Area Composite Index,unchanged,1,1,1415.HK,1415.HK,parse_ok,1415.HK,2024-09-05,21.5,-0.04231629089775879,0.03117504108575253,0.033653884068044704,-0.14512921168559345,-0.14512921168559345,1994000.0,42871000.0,2101008.6,3362692.566666667,47165318.577422716,76543497.31457561,0.030341957818185977,0.03553713621440362,,0,0,0,,
2024-09-09,Hang Seng Stock Connect Greater Bay Area Composite Index,Inclusion,2018,2018.HK,AAC Technologies Holdings Inc.,1710,Inclusion,Hang Seng Stock Connect Greater Bay Area Composite Index,unchanged,1,1,2018.HK,2018.HK,parse_ok,2018.HK,2024-09-05,31.450000762939453,-0.055555511006203706,0.22373540191842167,0.03284072167305485,-0.08442497350812017,-0.08442497350812017,2211484.0,69551173.4872284,5516774.55,6450033.016666667,169493520.77178583,197454237.8160339,0.0222448128048258,0.02743670502047338,yfinance_info_static_sharesOutstanding,1,1,1,35845357544.615555,0.001940311891174758
2024-09-09,Hang Seng Stock Connect Greater Bay Area Composite Index,Inclusion,2228,2228.HK,QuantumPharm Inc. - P,1711,Inclusion,Hang Seng Stock Connect Greater Bay Area Composite Index,unchanged,1,1,2228.HK,2228.HK,parse_ok,2228.HK,2024-09-05,15.119999885559082,0.855214796719922,1.5890410086477358,,0.0,0.0,4563696.0,69003082.99772644,3780519.75,4337895.75,30476957.37421751,27390911.597560246,0.093186061590573,0.0631133823281535,,0,0,0,,
2024-09-09,Hang Seng Stock Connect Greater Bay Area Composite Index,Inclusion,2498,2498.HK,"RoboSense Technology Co., Ltd",1712,Inclusion,Hang Seng Stock Connect Greater Bay Area Composite Index,unchanged,1,1,2498.HK,2498.HK,parse_ok,2498.HK,2024-09-05,11.0600004196167,-0.026408384342178404,-0.24246574447669078,-0.8617499947547913,-0.8572903171662362,-0.8781938320716545,3150900.0,34848955.32217026,4533995.9,3495735.0166666666,62499648.44027233,54296910.95760961,0.05078656509845319,0.15517102691242793,,0,0,0,,
2024-09-09,Hang Seng Stock Connect Greater Bay Area Composite Index,Inclusion,2602,2602.HK,Onewo Inc. - H Shares,1713,Inclusion,Hang Seng Stock Connect Greater Bay Area Composite Index,unchanged,1,1,2602.HK,2602.HK,parse_ok,2602.HK,2024-09-05,18.719999313354492,0.15129145447999948,-0.008474568565903118,-0.23435588019573061,-0.25269461542901184,-0.3544827822981209,1302900.0,24390287.105369568,1165119.1,820575.2666666667,20368805.901171304,16099165.696966361,0.03515837198538039,0.02719578449552166,,0,0,0,,
2024-09-09,Hang Seng Stock Connect Greater Bay Area Composite Index,Inclusion,300735,300735.SZ,"DBG Technology Co., Ltd",1714,Inclusion,Hang Seng Stock Connect Greater Bay Area Composite Index,unchanged,1,1,300735.SZ,300735.SZ,parse_ok,300735.SZ,2024-09-06,17.809999465942383,-0.06114917709013801,-0.02836881941778724,-0.16969702412720356,-0.20562000868260488,-0.46209606953694116,30678935.0,546391815.9656811,24770778.75,27374753.583333332,456595736.93243057,548171935.8531982,0.03269246504932131,0.03348792790787379,,0,0,0,,
2024-09-09,Hang Seng Stock Connect Greater Bay Area Composite Index,Inclusion,3899,3899.HK,CIMC Enric Holdings Ltd.,1715,Inclusion,Hang Seng Stock Connect Greater Bay Area Composite Index,unchanged,1,1,3899.HK,3899.HK,parse_ok,3899.HK,2024-09-05,6.03000020980835,-0.05485891823737665,-0.10666663558394818,-0.19599997202555342,-0.23863634447968274,-0.27611041236053513,912000.0,5499360.191345215,1856674.8,2015320.5166666666,11950284.043609595,14179449.803178923,0.012257070700487305,0.016880766453482795,,0,0,0,,
2024-09-09,Hang Seng Stock Connect Greater Bay Area Composite Index,Inclusion,3933,3933.HK,"United Laboratories International Holdings Ltd., The",1716,Inclusion,Hang Seng Stock Connect Greater Bay Area Composite Index,unchanged,1,1,3933.HK,3933.HK,parse_ok,3933.HK,2024-09-05,9.199999809265137,0.03370788804420255,0.09523812226968142,0.0623556548923494,-0.03157896744577504,-0.13043479436600214,3222000.0,29642399.38545227,4043963.0,3601663.316666667,36230458.75152073,31201995.682901748,0.030180478258880074,0.0262822490060283,yfinance_info_static_sharesOutstanding,1,1,1,18151843497.27506,0.001633024182359338
2024-09-09,Hang Seng Stock Connect Greater Bay Area Composite Index,Inclusion,688177,688177.SH,"Bio-Thera Solutions, Ltd.",1717,Inclusion,Hang Seng Stock Connect Greater Bay Area Composite Index,unchanged,1,1,688177.SH,688177.SS,parse_ok,688177.SS,2024-09-06,19.709999084472656,-0.012525050674700666,-0.07464789716148901,-0.21002010093122947,-0.21692494935523354,-0.5619026817261423,1318640.0,25990393.192749023,1578427.85,2159204.466666667,31829220.968982983,45546288.76325906,0.01223907834426411,0.030008974693532604,,0,0,0,,
2024-09-09,Hang Seng Stock Connect Greater Bay Area Composite Index,Inclusion,688343,688343.SH,"Shenzhen Intellifusion Technologies Co., Ltd.",1718,Inclusion,Hang Seng Stock Connect Greater Bay Area Composite Index,unchanged,1,1,688343.SH,688343.SS,parse_ok,688343.SS,2024-09-06,21.950000762939453,-0.05834400403955342,-0.14955438910784935,-0.3338391424977526,-0.33705827972479796,-0.6350789658168887,2795574.0,61362851.4328537,2994809.85,5305543.0,70284466.61578102,148863382.2797882,0.02517859357057466,0.03017279731491532,,0,0,0,,
2024-09-09,Hang Seng Stock Connect Greater Bay Area Composite Index,Inclusion,688525,688525.SH,"Biwin Storage Technology Co., Ltd.",1720,Inclusion,Hang Seng Stock Connect Greater Bay Area Composite Index,unchanged,1,1,688525.SH,688525.SS,parse_ok,688525.SS,2024-09-06,42.54999923706055,-0.05862835135285449,-0.13110071112124833,-0.23028219651487924,-0.36831949448465906,-0.4962708817076259,8218946.0,349716146.02944183,11432621.25,18342900.466666665,525268030.32569104,1039283916.8076264,0.02526262104129157,0.03439614109311666,,0,0,0,,
2024-09-09,Hang Seng Stock Connect Greater Bay Area Composite Index,Inclusion,6963,6963.HK,"Sunshine Insurance Group Co., Ltd. - H Shares",1721,Inclusion,Hang Seng Stock Connect Greater Bay Area Composite Index,unchanged,1,1,6963.HK,6963.HK,parse_ok,6963.HK,2024-09-05,2.680000066757202,-0.06944445824181533,-0.03249094396715779,0.13080177053468134,-0.16249999161809692,-0.3936651537335917,3389500.0,9083860.226273537,2593400.0,2210741.8833333333,7506652.309799194,6118015.733592749,0.030256857257679848,0.02795221791588678,,0,0,0,,
2024-09-09,Hang Seng Stock Connect Greater Bay Area Composite Index,Inclusion,9890,9890.HK,ZX Inc.,1722,Inclusion,Hang Seng Stock Connect Greater Bay Area Composite Index,unchanged,1,1,9890.HK,9890.HK,parse_ok,9890.HK,2024-09-05,7.010000228881836,0.014471835553973023,-0.3533210211986666,-0.7079166571299236,-0.7173386917526089,-0.9012676024101149,909200.0,6373492.208099365,1479445.0,1954634.3333333333,12861050.633909702,28341385.79950018,0.030066492303245318,0.03787562492765272,,0,0,0,,
2024-09-09,Hang Seng Stock Connect Greater Bay Area Composite Index,Removal,002191,002191.SZ,"Shenzhen Jinjia Group Co., Ltd.",1723,Removal,Hang Seng Stock Connect Greater Bay Area Composite Index,unchanged,1,1,002191.SZ,002191.SZ,parse_ok,002191.SZ,2024-09-06,3.390000104904175,-0.017391287521814403,-0.1395938944996593,-0.14609569761365826,-0.1524999737739563,-0.4792626750050907,11086786.0,37584205.70305014,12774534.7,11929925.816666666,45086523.50326915,43740163.50961421,0.026178439480618303,0.021666820280239755,,0,0,0,,
2024-09-09,Hang Seng Stock Connect Greater Bay Area Composite Index,Removal,002429,002429.SZ,"Shenzhen Mtc Co., Ltd.",1724,Removal,Hang Seng Stock Connect Greater Bay Area Composite Index,unchanged,1,1,002429.SZ,002429.SZ,parse_ok,002429.SZ,2024-09-06,4.650000095367432,-0.0021458696077492068,-0.01063823743123149,-0.060606005142905706,-0.08644401650887013,-0.21979864671055171,29672524.0,137977239.4297924,19720781.35,29824577.7,91642346.61482497,141618516.94697893,0.012424943949296835,0.024870340573348367,,0,0,0,,
2024-09-09,Hang Seng Stock Connect Greater Bay Area Composite Index,Removal,002967,002967.SZ,"Grg Metrology & Test Group Co., Ltd.",1725,Removal,Hang Seng Stock Connect Greater Bay Area Composite Index,unchanged,1,1,002967.SZ,002967.SZ,parse_ok,002967.SZ,2024-09-06,12.619999885559082,-0.06794683005065816,0.03868315076421891,-0.02018635299469651,-0.06794683005065816,-0.25457769296667176,11024745.0,139132280.63831806,11627447.05,7612654.316666666,150200906.7550094,96182115.96139118,0.031491557496762496,0.0258965271337158,,0,0,0,,
2024-09-09,Hang Seng Stock Connect Greater Bay Area Composite Index,Removal,200,0200.HK,"Akeso, Inc.",1726,Removal,Hang Seng Stock Connect Greater Bay Area Composite Index,unchanged,1,1,0200.HK,0200.HK,parse_ok,0200.HK,2024-09-05,4.110000133514404,0.00488997070424535,-0.00963854480333115,-0.3033898191389016,-0.31613977088332457,-0.4362139705046455,1595000.0,6555450.212955475,1737750.25,1869568.8,7238613.24863789,8826097.737556966,0.016965490738649662,0.016880073946293775,yfinance_info_static_sharesOutstanding,1,1,1,9349891192.483604,0.0007011258289535406
2024-09-09,Hang Seng Stock Connect Greater Bay Area Composite Index,Removal,314,0314.HK,"Helens International Holdings Co., Ltd.",1727,Removal,Hang Seng Stock Connect Greater Bay Area Composite Index,unchanged,1,1,0314.HK,0314.HK,parse_ok,0314.HK,2024-09-05,5.800000190734863,-0.030100305646238334,-0.05537454122866958,-0.011924990832866356,-0.10631735049574897,-0.3378995389050121,925200.0,5366160.1764678955,1011630.0,1131392.8666666667,5955402.138118744,6887024.906115341,0.01665544833677784,0.021571051916544418,,0,0,0,,
2024-09-09,Hang Seng Stock Connect Greater Bay Area Composite Index,Removal,345,0345.HK,Smoore International Holdings Ltd.,1728,Removal,Hang Seng Stock Connect Greater Bay Area Composite Index,unchanged,1,1,0345.HK,0345.HK,parse_ok,0345.HK,2024-09-05,4.929999828338623,0.024948001452519408,-0.07850468855714687,-0.25189685672425755,-0.26086959940817855,-0.5357815554176828,2080572.0,10257219.602846146,2048659.2,1975402.9333333333,10317096.445839692,10934537.617688108,0.013853965159232857,0.017643404804966966,yfinance_info_static_sharesOutstanding,1,1,1,5010305034.312416,0.002047224576667673
2024-09-09,Hang Seng Stock Connect Greater Bay Area Composite Index,Removal,558,0558.HK,Evergrande Property Services Group Ltd.,1729,Removal,Hang Seng Stock Connect Greater Bay Area Composite Index,unchanged,1,1,0558.HK,0558.HK,parse_ok,0558.HK,2024-09-05,2.5899999141693115,0.052845477238391725,-0.07829182672246393,-0.26628897020936193,-0.2805555603386445,-0.6822085846138508,2139429.0,5541120.926371336,2963272.15,2901553.183333333,7785016.072100937,8680693.13332883,0.03078034520610227,0.026318332758976902,,0,0,0,,
2024-09-09,Hang Seng Stock Connect Greater Bay Area Composite Index,Removal,1268,1268.HK,Midea Real Estate Holding Ltd.,1730,Removal,Hang Seng Stock Connect Greater Bay Area Composite Index,unchanged,1,1,1268.HK,1268.HK,parse_ok,1268.HK,2024-09-05,1.7300000190734863,0.04216870714434928,-0.06486486660641766,-0.3396946203666259,-0.24122805228854127,-0.7292644671016307,1364046.0,2359799.6060171127,2338940.15,4124348.25,3998976.608520138,8356448.59252073,0.026588792901959635,0.03393638297460911,yfinance_info_static_sharesOutstanding,1,1,1,2329007683.4076276,0.0010132210481008086
2024-09-09,Hang Seng Stock Connect Greater Bay Area Composite Index,Removal,1942,1942.HK,MOG Digitech Holdings Ltd.,1731,Removal,Hang Seng Stock Connect Greater Bay Area Composite Index,unchanged,1,1,1942.HK,1942.HK,parse_ok,1942.HK,2024-09-05,0.7200000286102295,0.04347830593924007,-0.20879120015389785,-0.40495867280065767,-0.4193548201026084,-0.9924409445815199,17202000.0,12385440.492153168,13538093.6,17422293.4,10505589.265319014,17202996.76789615,0.03608134914416476,0.03959329482113505,,0,0,0,,
2024-09-09,Hang Seng Stock Connect Greater Bay Area Composite Index,Removal,300737,300737.SZ,"Keshun Waterproof Technologies Co., Ltd.",1732,Removal,Hang Seng Stock Connect Greater Bay Area Composite Index,unchanged,1,1,300737.SZ,300737.SZ,parse_ok,300737.SZ,2024-09-06,4.119999885559082,-0.039627057763542584,-0.06150341438225637,-0.14699793982650633,-0.11965811182055919,-0.5152941311106962,12543180.0,51677900.16454697,14360274.75,13369751.583333334,59453643.59516897,56769923.94567322,0.030592723770067866,0.025802358244453177,,0,0,0,,
2024-09-09,Hang Seng Stock Connect Greater Bay Area Composite Index,Removal,300973,300973.SZ,"Ligao Foods Co., Ltd.",1733,Removal,Hang Seng Stock Connect Greater Bay Area Composite Index,unchanged,1,1,300973.SZ,300973.SZ,parse_ok,300973.SZ,2024-09-06,24.079999923706055,-0.013519046528836398,-0.09303199187692157,-0.25425830780553904,-0.2465581785512314,-0.6597428138204489,2181496.0,52530423.51356506,2988921.55,2690372.966666667,71621016.84042434,69523840.7267395,0.023936791858261693,0.025472359872744436,,0,0,0,,
2024-09-09,Hang Seng Stock Connect Greater Bay Area Composite Index,Removal,3990,3990.HK,China MeiDong Auto Holdings Ltd.,1734,Removal,Hang Seng Stock Connect Greater Bay Area Composite Index,unchanged,1,1,3990.HK,3990.HK,parse_ok,3990.HK,2024-09-05,7.349999904632568,-0.02130496929067205,0.0824742188403067,0.7334906371219547,-0.05038758113932784,-0.08921930823038693,12125890.0,89125290.34358501,3507171.7,4167577.566666667,25791791.76208811,27774379.851577148,0.022922801816616368,0.07079280253405308,yfinance_info_static_sharesOutstanding,1,1,1,10550274263.158493,0.008447675209241725
2024-09-09,Hang Seng Stock Connect Greater Bay Area Composite Index,Removal,6666,6666.HK,L.K. Technology Holdings Ltd.,1735,Removal,Hang Seng Stock Connect Greater Bay Area Composite Index,unchanged,1,1,6666.HK,6666.HK,parse_ok,6666.HK,2024-09-05,0.699999988079071,0.014492739851898806,0.1111111005988279,-0.07894737254879813,-0.09090908387194263,-0.22222221486362392,10445228.0,7311659.475483179,18312004.6,16055308.8,12495606.901790176,11074363.412587706,0.03279395076288423,0.027638701935022665,yfinance_info_static_sharesOutstanding,1,1,1,7567567571.12509,0.0009661835730917875
2024-09-09,Hang Seng Stock Connect Greater Bay Area Composite Index,Removal,6969,6969.HK,Vitasoy International Holdings Ltd.,1736,Removal,Hang Seng Stock Connect Greater Bay Area Composite Index,unchanged,1,1,6969.HK,6969.HK,parse_ok,6969.HK,2024-09-05,8.899999618530273,0.004514668555645196,0.04705877865062047,0.01714281354631697,-0.12055338743330524,-0.12055338743330524,5439204.0,48408913.52510834,7561824.7,10195182.233333332,67308647.6728855,92438140.10421225,0.027823942961184553,0.032567853807781245,,0,0,0,,
2024-09-09,Hang Seng Stock Connect Greater Bay Area Composite Index,Removal,9869,9869.HK,"Sipai Health Technology Co., Ltd.",1737,Removal,Hang Seng Stock Connect Greater Bay Area Composite Index,unchanged,1,1,9869.HK,9869.HK,parse_ok,9869.HK,2024-09-05,1.6399999856948853,-0.10869567611717734,-0.15463920756548832,-0.3834586718884516,-0.3834586718884516,-0.8101851943834325,601000.0,985639.991402626,1337956.0,1374177.1666666667,2330655.7226834297,2848463.7652193704,0.033207070066717866,0.03332560417204299,,0,0,0,,
2024-09-09,Hang Seng Stock Connect Greater Bay Area Composite Index,Removal,9926,9926.HK,Melco International Development Ltd.,1738,Removal,Hang Seng Stock Connect Greater Bay Area Composite Index,unchanged,1,1,9926.HK,9926.HK,parse_ok,9926.HK,2024-09-05,48.20000076293945,-0.0010362536178352144,0.09670079468084514,0.22802549714495424,-0.041749473279789506,-0.0721847920101516,4528443.0,218270956.05492783,4767575.6,5058076.216666667,223105825.2545561,210359148.77204165,0.024969999683427554,0.030238681617846642,yfinance_info_static_sharesOutstanding,1,1,1,44399101785.97647,0.00491611197692898
2024-09-09,Hang Seng TECH Index,Inclusion,522,0522.HK,ASMPT Ltd.,1739,Inclusion,Hang Seng TECH Index,unchanged,1,1,0522.HK,0522.HK,parse_ok,0522.HK,2024-09-05,85.94999694824219,-0.010362712051711576,0.17337879792822108,-0.11254519047608924,-0.26412675768377336,-0.26412675768377336,4591900.0,394673790.9866333,2562643.2,2488714.1333333333,218601534.80637437,224504987.55936432,0.0219883750368084,0.04435203405740376,,0,0,0,,
2024-09-09,Hang Seng TECH Index,Removal,1833,1833.HK,"Ping An Healthcare and Technology Co., Ltd.",1740,Removal,Hang Seng TECH Index,unchanged,1,1,1833.HK,1833.HK,parse_ok,1833.HK,2024-09-05,9.529999732971191,-0.04028203020256693,-0.13520877158791444,-0.15364124873401008,-0.20317728239340993,-0.5211055318766364,9226222.0,87925893.19633293,6948847.25,5022244.35,70882806.64045095,54100868.958161354,0.025084881517912595,0.027336935294125064,yfinance_info_static_sharesOutstanding,1,1,1,20266744849.9896,0.00433843194095267
2024-12-09,Hang Seng China Enterprises Index,Inclusion,2328,2328.HK,"PICC Property and Casualty Co., Ltd. - H Shares",1741,Inclusion,Hang Seng China Enterprises Index,unchanged,1,1,2328.HK,2328.HK,parse_ok,2328.HK,2024-12-06,12.380000114440918,0.05093381961549448,-0.011182135639295376,0.1880998103451148,-0.11823360768677804,-0.11823360768677804,60266094.0,746094250.6169071,23478833.5,31796859.85,285773883.7216538,378880005.2893355,0.012175284091457355,0.027914993640916902,yfinance_info_static_sharesOutstanding,1,1,1,85413258442.10152,0.008735110499532772
2024-12-09,Hang Seng China Enterprises Index,Removal,960,0960.HK,Longfor Group Holdings Ltd.,1742,Removal,Hang Seng China Enterprises Index,unchanged,1,1,0960.HK,0960.HK,parse_ok,0960.HK,2024-12-06,11.199999809265137,0.025641001008694042,-0.1836734991776644,0.4249363382971514,-0.40298509207786415,-0.40298509207786415,30420553.0,340710187.79774,18185950.45,43067740.55,206308127.44291407,561046662.7546566,0.027314290570322447,0.07109400534152092,yfinance_info_static_sharesOutstanding,1,1,1,77002678893.45218,0.004424653696388631
2024-12-09,Hang Seng Composite Index,Inclusion,300,0300.HK,"Midea Group Co., Ltd. - H Shares",1743,Inclusion,Hang Seng Composite Index,unchanged,1,1,0300.HK,0300.HK,parse_ok,0300.HK,2024-12-06,71.55000305175781,0.031723210180858,-0.006249957614474777,,-0.24684207313939144,-0.24684207313939144,28856058.0,2064651037.9617004,5979651.65,6088480.729166667,426647356.4952129,476123558.7550499,0.02410707597860417,0.5305444036024546,,0,0,0,,
2024-12-09,Hang Seng Composite Index,Inclusion,2533,2533.HK,Black Sesame International Holding Ltd.,1744,Inclusion,Hang Seng Composite Index,unchanged,1,1,2533.HK,2533.HK,parse_ok,2533.HK,2024-12-06,35.349998474121094,0.15711945521876203,0.46680489272113834,0.6104782344156587,-0.007022472211107966,-0.007022472211107966,475918.0,16823700.573806763,215040.9,252578.8,6566645.447658539,6953537.719729741,0.04381804602203223,0.05207041952227736,,0,0,0,,
2024-12-09,Hang Seng Hong Kong-Listed Biotech Index,Inclusion,512,0512.HK,Grand Pharmaceutical Group Ltd.,1745,Inclusion,Hang Seng Hong Kong-Listed Biotech Index,unchanged,1,1,0512.HK,0512.HK,parse_ok,0512.HK,2024-12-06,4.730000019073486,0.04415006622562556,0.002118692653888754,0.08986171722898284,-0.15836296879160128,-0.15836296879160128,4577000.0,21649210.087299347,3457875.0,3599413.1,15962470.581293106,17184825.90772082,0.01871261618485552,0.02553357943966518,yfinance_info_static_sharesOutstanding,1,1,1,16563559701.831718,0.0013070384915451006
2024-12-09,Hang Seng Hong Kong-Listed Biotech Index,Inclusion,2228,2228.HK,QuantumPharm Inc. - P,1746,Inclusion,Hang Seng Hong Kong-Listed Biotech Index,unchanged,1,1,2228.HK,2228.HK,parse_ok,2228.HK,2024-12-06,4.980000019073486,0.527607372282787,-0.25112782742023,-0.6807692373527812,-0.6463068149106439,-0.6807692373527812,147175000.0,732931502.8071404,65933868.1,25069193.883333333,303432834.5347741,132909159.32686268,0.11284806131959192,0.07554092308883062,,0,0,0,,
2024-12-09,Hang Seng Hong Kong-Listed Biotech Index,Inclusion,6086,6086.HK,Fangzhou Inc.,1747,Inclusion,Hang Seng Hong Kong-Listed Biotech Index,unchanged,1,1,6086.HK,6086.HK,parse_ok,6086.HK,2024-12-06,6.449999809265137,0.0749999682108562,-0.13422819135597253,0.43333329094780826,-0.18969852030721257,-0.18969852030721257,713500.0,4602074.863910675,606525.05,656915.85,3733791.5982287405,4276528.2817157265,0.05347767204731934,0.055737659567251546,,0,0,0,,
2024-12-09,Hang Seng Hong Kong-Listed Biotech Index,Removal,1244,1244.HK,3D Medicines Inc.,1748,Removal,Hang Seng Hong Kong-Listed Biotech Index,unchanged,1,1,1244.HK,1244.HK,parse_ok,1244.HK,2024-12-06,1.8300000429153442,0.08928577383967662,-0.1448598349497332,-0.3345454389398749,-0.568396192994902,-0.8042780782616732,268500.0,491355.0115227699,378975.0,494007.1666666667,750815.606572032,1292373.0370822747,0.04562593867476281,0.07577744211412756,,0,0,0,,
2024-12-09,Hang Seng Hong Kong-Listed Biotech Index,Removal,2171,2171.HK,CARsgen Therapeutics Holdings Ltd. - B,1749,Removal,Hang Seng Hong Kong-Listed Biotech Index,unchanged,1,1,2171.HK,2171.HK,parse_ok,2171.HK,2024-12-06,6.929999828338623,0.04210522239935699,-0.08333334910175805,1.5666665577594165,-0.18085108781435322,-0.2720588765636952,5494700.0,38078270.05677223,13737220.35,12451136.416666666,99013336.41624789,73853471.1569369,0.0697755197557353,0.08480724405003993,,0,0,0,,
2024-12-09,Hang Seng Hong Kong-Listed Biotech Index,Removal,3759,3759.HK,"Pharmaron Beijing Co., Ltd. - H Shares",1750,Removal,Hang Seng Hong Kong-Listed Biotech Index,unchanged,1,1,3759.HK,3759.HK,parse_ok,3759.HK,2024-12-06,14.65999984741211,0.0989505007290532,-0.08717308001779078,0.6343366121512988,-0.39043657744398774,-0.39043657744398774,16365700.0,239921159.50279236,7282968.65,12738879.766666668,104028802.02338123,192013722.65232337,0.034330859958846945,0.07944218383604307,yfinance_info_static_sharesOutstanding,1,1,1,5277275768.491734,0.045463070346873836
2024-12-09,Hang Seng Index,Inclusion,1024,1024.HK,Kuaishou Technology - W,1751,Inclusion,Hang Seng Index,unchanged,1,1,1024.HK,1024.HK,parse_ok,1024.HK,2024-12-06,47.599998474121094,-0.01244818006890358,-0.11359408197677756,0.21895004876072166,-0.22285716776945153,-0.23472672202148037,66966648.0,3187612342.6170044,42852651.15,50019477.78333333,2073976939.2822952,2453599137.044069,0.039206384919822417,0.044267459072329214,,0,0,0,,
2024-12-09,Hang Seng Index,Inclusion,9901,9901.HK,New Oriental Education & Technology Group Inc. - S,1752,Inclusion,Hang Seng Index,unchanged,1,1,9901.HK,9901.HK,parse_ok,9901.HK,2024-12-06,49.650001525878906,0.07004310114488588,0.06889129624067958,0.024767817214512045,-0.24371667369562633,-0.35351563082076587,12520061.0,621621047.754097,4621816.65,6385925.4,212664930.6568144,331200320.92510337,0.030006862030063492,0.04173068112551188,,0,0,0,,
2024-12-09,Hang Seng Index,Removal,17,0017.HK,New World Development Co. Ltd.,1753,Removal,Hang Seng Index,unchanged,1,1,0017.HK,0017.HK,parse_ok,0017.HK,2024-12-06,6.480000019073486,0.0077760796375918595,-0.18592964974633586,-0.009174303230812364,-0.3886792654836667,-0.4653465280313762,26293098.0,170379275.54150105,12393800.7,17400851.833333332,84393540.91614819,143566998.48590577,0.023471748827988397,0.04353186512229659,,0,0,0,,
2024-12-09,Hang Seng TECH Index,Inclusion,300,0300.HK,"Midea Group Co., Ltd. - H Shares",1754,Inclusion,Hang Seng TECH Index,unchanged,1,1,0300.HK,0300.HK,parse_ok,0300.HK,2024-12-06,71.55000305175781,0.031723210180858,-0.006249957614474777,,-0.24684207313939144,-0.24684207313939144,28856058.0,2064651037.9617004,5979651.65,6088480.729166667,426647356.4952129,476123558.7550499,0.02410707597860417,0.5305444036024546,,0,0,0,,
2024-12-09,Hang Seng TECH Index,Removal,9898,9898.HK,Weibo Corporation - SW,1755,Removal,Hang Seng TECH Index,unchanged,1,1,9898.HK,9898.HK,parse_ok,9898.HK,2024-12-06,75.94999694824219,0.03122872199201665,0.07425742894788812,0.34424773359720695,-0.18421054572461748,-0.18421054572461748,370957.0,28174183.017929077,120463.7,141037.36666666667,8649449.154251862,10618622.267998377,0.026848763017531196,0.041970991311469856,,0,0,0,,
2025-03-10,Hang Seng Biotech Index,Inclusion,1302,1302.HK,LifeTech Scientific Corporation,1756,Inclusion,Hang Seng Biotech Index,unchanged,1,1,1302.HK,1302.HK,parse_ok,1302.HK,2025-03-07,1.649999976158142,0.01226992698467555,0.19565216076772174,0.10738252724652297,-0.07303370636019069,-0.18316832092179702,37522000.0,61911299.10540581,35316452.4,23292679.666666668,56129592.00491097,35009849.808574386,0.0409749366920021,0.02980924183866598,,0,0,0,,
2025-03-10,Hang Seng Biotech Index,Removal,1541,1541.HK,ImmuneOnco Biopharmaceuticals (Shanghai) Inc. - B - H Shares,1757,Removal,Hang Seng Biotech Index,unchanged,1,1,1541.HK,1541.HK,parse_ok,1541.HK,2025-03-07,5.699999809265137,0.03074133689095815,0.04587156123840486,-0.05940596318706948,-0.10236222128022898,-0.7620041909106996,10306800.0,58748758.03413391,11104190.0,9549565.083333334,62729797.958717346,52576670.375382505,0.06349361847396164,0.05333288637183543,,0,0,0,,
2025-03-10,Hang Seng China Enterprises Index,Inclusion,2057,2057.HK,ZTO Express (Cayman) Inc. - W,1758,Inclusion,Hang Seng China Enterprises Index,unchanged,1,1,2057.HK,2057.HK,parse_ok,2057.HK,2025-03-07,158.5,0.05878425672112986,0.0531561461794019,0.08859885546510915,-0.022208550079983902,-0.2641596820277954,5233427.0,829498179.5,1906670.1,1506770.95,297966078.44395065,229095104.77219924,0.022040526457506197,0.02028648632415602,yfinance_info_static_sharesOutstanding,1,1,1,87842364408.5,0.009443031105612343
2025-03-10,Hang Seng China Enterprises Index,Inclusion,6160,6160.HK,"BeiGene, Ltd.",1759,Inclusion,Hang Seng China Enterprises Index,unchanged,1,1,6160.HK,6160.HK,parse_ok,6160.HK,2025-03-07,152.1999969482422,-0.08698260507168476,0.10289852861045068,0.2537067136345763,-0.08698260507168476,-0.08698260507168476,13005094.0,1979375267.1116028,5246390.35,2937822.7666666666,806599517.2151031,409614270.80655515,0.037528006478195236,0.0295601098375839,yfinance_info_static_sharesOutstanding,1,1,1,202113354165.2309,0.009793391808704694
2025-03-10,Hang Seng China Enterprises Index,Removal,1177,1177.HK,Sino Biopharmaceutical Ltd.,1760,Removal,Hang Seng China Enterprises Index,unchanged,1,1,1177.HK,1177.HK,parse_ok,1177.HK,2025-03-07,3.3399999141693115,0.03726704487356014,0.1245790848467494,0.03086416800562497,-0.02906980854295338,-0.19518076206848967,140838768.0,470401473.0317116,100544581.25,68793903.43333334,329869777.35687876,217179319.93901828,0.025739222403736575,0.021515271318067377,yfinance_info_static_sharesOutstanding,1,1,1,59708317871.206894,0.007878323989069418
2025-03-10,Hang Seng China Enterprises Index,Removal,2331,2331.HK,"Li Ning Co., Ltd.",1761,Removal,Hang Seng China Enterprises Index,unchanged,1,1,2331.HK,2331.HK,parse_ok,2331.HK,2025-03-07,18.65999984741211,0.09250585074728868,0.14760145047644424,0.1618929307552852,0.0,-0.2241164058476377,94137894.0,1756613087.6756973,34732709.5,24018848.5,591943024.8396579,398030454.36908275,0.02422378123117093,0.023405244257985208,yfinance_info_static_sharesOutstanding,1,1,1,48049950917.84249,0.03655806206085864
2025-03-10,Hang Seng Composite Index,Inclusion,41,0041.HK,Great Eagle Holdings Ltd.,1762,Inclusion,Hang Seng Composite Index,unchanged,1,1,0041.HK,0041.HK,parse_ok,0041.HK,2025-03-07,12.100000381469727,0.050347213598865403,0.13721804427038498,0.07651251137579052,0.0,-0.06346746826486338,634007.0,7671484.941854477,252225.3,185989.86666666667,2873790.4090289595,2071000.8210879962,0.013586688179842342,0.0117234500794407,yfinance_info_static_sharesOutstanding,1,1,1,9062226860.199594,0.0008465341974108904
2025-03-10,Hang Seng Composite Index,Inclusion,308,0308.HK,China Travel International Investment Hong Kong Ltd.,1763,Inclusion,Hang Seng Composite Index,unchanged,1,1,0308.HK,0308.HK,parse_ok,0308.HK,2025-03-07,1.059999942779541,0.059999942779541016,0.04950490375089078,0.07070700259442764,-0.009345896432088385,-0.2318840967810123,4090950.0,4336406.765913963,3341213.3,2246988.316666667,3458840.828619468,2289910.035153977,0.021219906187458594,0.019013951237533192,yfinance_info_static_sharesOutstanding,1,1,1,5868831414.731277,0.0007388876012061285
2025-03-10,Hang Seng Composite Index,Inclusion,697,0697.HK,Shoucheng Holdings Ltd.,1764,Inclusion,Hang Seng Composite Index,unchanged,1,1,0697.HK,0697.HK,parse_ok,0697.HK,2025-03-07,1.7599999904632568,0.03529408299799286,0.5042735512988668,0.7254902189944814,-0.0687830667807291,-0.0687830667807291,51649600.0,90903295.50743103,42755447.7,15122416.416666666,70551093.68250112,24435829.326231282,0.06449806720836762,0.04423079628512669,yfinance_info_static_sharesOutstanding,1,1,1,14420671085.220093,0.0063036799723279755
2025-03-10,Hang Seng Composite Index,Inclusion,999,0999.HK,Xiaocaiyuan International Holding Ltd.,1765,Inclusion,Hang Seng Composite Index,unchanged,1,1,0999.HK,0999.HK,parse_ok,0999.HK,2025-03-07,10.619999885559082,0.0152963524692733,0.06412829385554675,,-0.05178570835566021,-0.05178570835566021,1314400.0,13958927.849578857,841240.0,729079.2558139535,8780499.965934753,7285425.317687988,0.031628103338555716,0.029914144829553884,,0,0,0,,
2025-03-10,Hang Seng Composite Index,Inclusion,1318,1318.HK,"Mao Geping Cosmetics Co., Ltd. - H Shares",1766,Inclusion,Hang Seng Composite Index,unchanged,1,1,1318.HK,1318.HK,parse_ok,1318.HK,2025-03-07,85.30000305175781,0.13205049474624797,0.18390006160696104,,0.0,0.0,1556300.0,132752394.74945068,1587498.9,3210429.5517241377,120262081.55896835,190943767.60071105,0.04169780599334539,0.03856692998635304,,0,0,0,,
2025-03-10,Hang Seng Composite Index,Inclusion,2232,2232.HK,Crystal International Group Ltd.,1767,Inclusion,Hang Seng Composite Index,unchanged,1,1,2232.HK,2232.HK,parse_ok,2232.HK,2025-03-07,5.0,-0.001996053577839385,0.05263157894736836,0.17096019258414352,-0.04761904761904767,-0.04761904761904767,1936000.0,9680000.0,2183894.55,1379261.2666666666,10862167.75067308,6529643.980217544,0.018408432968859727,0.019643535201724207,yfinance_info_static_sharesOutstanding,1,1,1,14264110000.0,0.000678626286533124
2025-03-10,Hang Seng Composite Index,Inclusion,2410,2410.HK,"TYK Medicines, Inc - B - H Shares",1768,Inclusion,Hang Seng Composite Index,unchanged,1,1,2410.HK,2410.HK,parse_ok,2410.HK,2025-03-07,30.600000381469727,-0.05409577048516112,0.3814898830007356,-0.2791519474321247,-0.45112106939067753,-0.45112106939067753,795000.0,24327000.303268433,567305.0,273360.81666666665,16908069.17509079,8710842.89271183,0.0895335889420932,0.09866722744208299,,0,0,0,,
2025-03-10,Hang Seng Composite Index,Inclusion,2431,2431.HK,"Minieye Technology Co., Ltd - H Shares",1769,Inclusion,Hang Seng Composite Index,unchanged,1,1,2431.HK,2431.HK,parse_ok,2431.HK,2025-03-07,28.700000762939453,0.04553733935365267,0.26431717173312785,,-0.05280523149862337,-0.05280523149862337,3571600.0,102504922.72491455,629655.0,540551.0425531915,18006295.308790207,12922205.432273379,0.045787217288184454,0.04545163731920401,,0,0,0,,
2025-03-10,Hang Seng Composite Index,Inclusion,2432,2432.HK,Shenzhen Dobot Corp Ltd - H Shares,1770,Inclusion,Hang Seng Composite Index,unchanged,1,1,2432.HK,2432.HK,parse_ok,2432.HK,2025-03-07,34.599998474121094,0.09841264997209831,0.295880055634572,,-0.008596075605766251,-0.008596075605766251,1944600.0,67283157.03277588,1225245.9,953095.2653061225,38282644.348908044,25209612.626582008,0.03462139007832244,0.056426336826174775,,0,0,0,,
2025-03-10,Hang Seng Composite Index,Inclusion,2460,2460.HK,"China Resources Beverage (Holdings) Co., Ltd.",1771,Inclusion,Hang Seng Composite Index,unchanged,1,1,2460.HK,2460.HK,parse_ok,2460.HK,2025-03-07,14.220000267028809,0.09049082121378316,0.1655738106019975,0.13397131660975936,0.0,-0.14748201397716032,8351800.0,118762598.2301712,4579674.65,3187241.533333333,58732961.00086818,39305645.62182627,0.03173851182386306,0.027951909469666327,,0,0,0,,
2025-03-10,Hang Seng Composite Index,Inclusion,2506,2506.HK,"Xunfei Healthcare Technology Co., Ltd. - H Shares",1772,Inclusion,Hang Seng Composite Index,unchanged,1,1,2506.HK,2506.HK,parse_ok,2506.HK,2025-03-07,148.0,0.18684846529249466,0.463897153647179,,0.0,0.0,346920.0,51344160.0,224757.1,127054.08695652174,28720132.42386017,15056532.656412208,0.062190046202048016,0.04832679588309303,,0,0,0,,
2025-03-10,Hang Seng Composite Index,Inclusion,2507,2507.HK,Cirrus Aircraft Ltd.,1773,Inclusion,Hang Seng Composite Index,unchanged,1,1,2507.HK,2507.HK,parse_ok,2507.HK,2025-03-07,30.200000762939453,0.09420291107007861,0.38215104053504234,0.48768482255925605,0.0,0.0,259200.0,7827840.197753906,79240.0,33405.833333333336,2228404.0161323547,885448.421758016,0.05217879422995507,0.03247180148921212,,0,0,0,,
2025-03-10,Hang Seng Composite Index,Inclusion,2510,2510.HK,T.S. Lines Ltd.,1774,Inclusion,Hang Seng Composite Index,unchanged,1,1,2510.HK,2510.HK,parse_ok,2510.HK,2025-03-07,4.699999809265137,0.0444444020589192,0.06818175168076968,0.14914416477253112,0.0,0.0,1452000.0,6824399.7230529785,1334681.1,957027.0333333333,6091120.905910683,4194636.664982224,0.01958237200881289,0.018448772533475603,,0,0,0,,
2025-03-10,Hang Seng Composite Index,Inclusion,2522,2522.HK,"Jiangxi Rimag Group Co., Ltd. - H Shares",1775,Inclusion,Hang Seng Composite Index,unchanged,1,1,2522.HK,2522.HK,parse_ok,2522.HK,2025-03-07,42.0,-0.08596301844080245,0.2669682674739018,-0.2097836539186163,-0.4067796865870724,-0.4067796865870724,216000.0,9072000.0,164310.0,96364.15,7472367.1812438965,4643494.2153500235,0.09848743610218164,0.07205407117191784,,0,0,0,,
2025-03-10,Hang Seng Composite Index,Inclusion,2562,2562.HK,Synagistics Ltd.,1776,Inclusion,Hang Seng Composite Index,unchanged,1,1,2562.HK,2562.HK,parse_ok,2562.HK,2025-03-07,29.649999618530273,0.23541665077209473,0.05892855780465256,-0.15285715375627795,-0.3948979669687699,-0.3948979669687699,3607000.0,106947548.6240387,919659.0,903961.5,24393375.082582474,26345401.610107422,0.07030249133817056,0.07339295450501782,,0,0,0,,
2025-03-10,Hang Seng Composite Index,Inclusion,2563,2563.HK,"Beijing Biostar Pharmaceuticals Co., Ltd. - B - H Shares",1777,Inclusion,Hang Seng Composite Index,unchanged,1,1,2563.HK,2563.HK,parse_ok,2563.HK,2025-03-07,15.4399995803833,-0.033792238881219405,-0.003870994813980566,-0.4766101837158203,-0.5644570028747429,-0.5644570028747429,211400.0,3264015.91129303,73190.0,135536.66666666666,1163640.5828094482,3467423.888613383,0.0343057070632496,0.0745231118904197,,0,0,0,,
2025-03-10,Hang Seng Composite Index,Inclusion,2570,2570.HK,Shanghai REFIRE Group Ltd. - H Shares,1778,Inclusion,Hang Seng Composite Index,unchanged,1,1,2570.HK,2570.HK,parse_ok,2570.HK,2025-03-07,246.0,0.2190287228930603,0.08370044052863435,,-0.03453690324316938,-0.03453690324316938,22840.0,5618640.0,32067.0,42876.0,7425006.0197143555,7953202.551651001,0.06547623392082376,0.05629186532159939,,0,0,0,,
2025-03-10,Hang Seng Composite Index,Inclusion,2577,2577.HK,"InnoScience (Suzhou) Technology Holding Co., Ltd. - H Shares",1779,Inclusion,Hang Seng Composite Index,unchanged,1,1,2577.HK,2577.HK,parse_ok,2577.HK,2025-03-07,56.45000076293945,0.06509435401772556,0.1884210686934622,,-0.13020031686085576,-0.13020031686085576,108600.0,6130470.082855225,241629.25,371988.3695652174,13365736.65294838,15345049.748822087,0.06267741185303283,0.055300527949716675,,0,0,0,,
2025-03-10,Hang Seng Composite Index,Inclusion,2582,2582.HK,"Jiangsu Guofu Hydrogen Energy Equipment Co., Ltd. - H Shares",1780,Inclusion,Hang Seng Composite Index,unchanged,1,1,2582.HK,2582.HK,parse_ok,2582.HK,2025-03-07,149.10000610351562,0.042657385339270215,0.18333338177393355,0.5222053164769536,-0.03495141680572411,-0.03495141680572411,65700.0,9795870.401000977,97854.25,91959.75,14145601.211791992,11677137.168024698,0.03337875690214121,0.03375811682441312,,0,0,0,,
2025-03-10,Hang Seng Composite Index,Inclusion,2586,2586.HK,Dmall Inc.,1781,Inclusion,Hang Seng Composite Index,unchanged,1,1,2586.HK,2586.HK,parse_ok,2586.HK,2025-03-07,9.800000190734863,0.46487296067476236,0.4626866372716716,,-0.2898550684575749,-0.2898550684575749,7888100.0,77303381.50453568,1578802.5,1405001.15,12302616.615191698,10230081.306107465,0.0681905395276185,0.0951800339980711,,0,0,0,,
2025-03-10,Hang Seng Composite Index,Inclusion,2587,2587.HK,HealthyWay Inc.,1782,Inclusion,Hang Seng Composite Index,unchanged,1,1,2587.HK,2587.HK,parse_ok,2587.HK,2025-03-07,19.780000686645508,-0.010009952961612223,0.4480234925033937,,-0.13435447017820812,-0.13435447017820812,1305500.0,25822790.89641571,1190897.0,1493059.5652173914,23093418.36220455,23883057.624954555,0.08323526234178528,0.06833568149264876,,0,0,0,,
2025-03-10,Hang Seng Composite Index,Inclusion,2778,2778.HK,Champion Real Estate Investment Trust,1783,Inclusion,Hang Seng Composite Index,unchanged,1,1,2778.HK,2778.HK,parse_ok,2778.HK,2025-03-07,1.7899999618530273,0.0,0.07831325171422598,0.05294112449698951,-0.05789474509759629,-0.14761902707504215,6940689.0,12423833.045233727,2972597.6,1835825.6666666667,5235053.987400085,3161505.103630384,0.026289443363381775,0.019630180733369224,,0,0,0,,
2025-03-10,Hang Seng Composite Index,Inclusion,2799,2799.HK,"China CITIC Financial Asset Management Co., Ltd. - H Shares",1784,Inclusion,Hang Seng Composite Index,unchanged,1,1,2799.HK,2799.HK,parse_ok,2799.HK,2025-03-07,0.8100000023841858,0.0945945837098896,0.2089551973247301,0.2857142992300783,0.0,-0.14736840784384586,70520000.0,57121200.16813278,38003869.65,26088183.033333335,27993666.32472517,17817048.035178646,0.02837994659442024,0.025334993831707665,yfinance_info_static_sharesOutstanding,1,1,1,28643431721.1102,0.0019942163608152605
2025-03-10,Hang Seng Composite Index,Inclusion,3931,3931.HK,"CALB Group Co., Ltd. - H Shares",1785,Inclusion,Hang Seng Composite Index,unchanged,1,1,3931.HK,3931.HK,parse_ok,3931.HK,2025-03-07,17.31999969482422,0.06519061814399962,0.20445059506159846,0.4433333079020183,-0.03240223106516904,-0.03240223106516904,7488796.0,129705944.43460083,1491887.35,760919.4333333333,24814944.29303384,11722515.282355659,0.03923126105669163,0.030970955451597157,,0,0,0,,
2025-03-10,Hang Seng Composite Index,Inclusion,3939,3939.HK,Wanguo Gold Group Ltd.,1786,Inclusion,Hang Seng Composite Index,unchanged,1,1,3939.HK,3939.HK,parse_ok,3939.HK,2025-03-07,3.200000047683716,-0.022900777251825155,-0.08961594532556816,0.16363638097589672,-0.1432395883369586,-0.1432395883369586,3748120.0,11993984.178724289,4709577.6,3956534.533333333,16405227.449180316,12782316.88331793,0.0266181747917439,0.025423893970144364,,0,0,0,,
2025-03-10,Hang Seng Composite Index,Inclusion,6086,6086.HK,Fangzhou Inc.,1787,Inclusion,Hang Seng Composite Index,unchanged,1,1,6086.HK,6086.HK,parse_ok,6086.HK,2025-03-07,4.420000076293945,0.042452904455773544,0.33534747815804855,-0.29392972608829315,-0.4333333374088645,-0.4447236111668552,748000.0,3306160.057067871,755710.05,741937.6,3090017.937876272,3364836.974286433,0.05994004637827608,0.10616341204020072,,0,0,0,,
2025-03-10,Hang Seng Composite Index,Inclusion,6623,6623.HK,Lufax Holding Ltd,1788,Inclusion,Hang Seng Composite Index,unchanged,1,1,6623.HK,6623.HK,parse_ok,6623.HK,2025-03-07,10.899999618530273,0.0,0.0,0.11909649637280628,-0.010889367899150737,-0.43406025498458223,0.0,0.0,0.0,39770.96666666667,0.0,405365.5278786023,0.0,0.01666145699133773,,0,0,0,,
2025-03-10,Hang Seng Composite Index,Inclusion,9660,9660.HK,Horizon Robotics - W,1789,Inclusion,Hang Seng Composite Index,unchanged,1,1,9660.HK,9660.HK,parse_ok,9660.HK,2025-03-07,9.15999984741211,0.10361441408606797,0.5165562757059834,1.1966426090699227,-0.06625897496444622,-0.06625897496444622,117666600.0,1077826038.0455017,93862739.5,52807727.88333333,743977582.2089483,342108491.0414874,0.06853679938418758,0.05289224711253248,,0,0,0,,
2025-03-10,Hang Seng Composite Index,Inclusion,9985,9985.HK,WEILONG Delicious Global Holdings Ltd.,1790,Inclusion,Hang Seng Composite Index,unchanged,1,1,9985.HK,9985.HK,parse_ok,9985.HK,2025-03-07,9.579999923706055,-0.010330617594738856,0.2506527564674308,0.3123287223834541,-0.010330617594738856,-0.010330617594738856,3797800.0,36382923.710250854,1811163.3,1388983.7166666666,15779088.888257217,11040658.19421514,0.029231403927182074,0.02458396165785196,,0,0,0,,
2025-03-10,Hang Seng Composite Index,Removal,95,0095.HK,"LVGEM (China) Real Estate Investment Co., Ltd.",1791,Removal,Hang Seng Composite Index,unchanged,1,1,0095.HK,0095.HK,parse_ok,0095.HK,2025-03-07,0.4300000071525574,-0.2321428476395656,0.2285714699297543,-0.20370372210019827,-0.2711863961585512,-0.6055045926744472,104496000.0,44933280.747413635,98550350.0,52418650.0,47022166.59044474,23893403.013126552,0.08116006532091229,0.05615289773928173,,0,0,0,,
2025-03-10,Hang Seng Composite Index,Removal,338,0338.HK,"Sinopec Shanghai Petrochemical Co., Ltd.- H Shares",1792,Removal,Hang Seng Composite Index,unchanged,1,1,0338.HK,0338.HK,parse_ok,0338.HK,2025-03-07,1.2599999904632568,0.03278685320900654,0.041322273338813664,0.06779664955205078,0.0,-0.11888109323092111,18761000.0,23638859.82108116,15069325.95,12636214.766666668,18621556.24413668,15250952.52255959,0.015301596845246714,0.01755694261837617,yfinance_info_static_sharesOutstanding,1,1,1,4049393009.3507767,0.005837630421768098
2025-03-10,Hang Seng Composite Index,Removal,410,0410.HK,SOHO China Ltd.,1793,Removal,Hang Seng Composite Index,unchanged,1,1,0410.HK,0410.HK,parse_ok,0410.HK,2025-03-07,0.6700000166893005,0.11666665010982147,0.03076929425347008,-0.09459458370988971,-0.1298700866419331,-0.2872340229907797,11605616.0,7775762.913689613,12198360.6,5477403.533333333,7841741.512883762,3575170.4140040805,0.03880481058895401,0.02632002213652033,,0,0,0,,
2025-03-10,Hang Seng Composite Index,Removal,659,0659.HK,CTF Services Ltd.,1794,Removal,Hang Seng Composite Index,unchanged,1,1,0659.HK,0659.HK,parse_ok,0659.HK,2025-03-07,7.254545211791992,0.0088495493065881,0.09465026794097198,-0.024449855801637277,-0.029197054208916495,-0.1326086887114437,1232279.0,8939623.719041824,1403654.7,954510.2,9958496.65890186,6686000.150887386,0.01302326396975606,0.013529979724657613,yfinance_info_static_sharesOutstanding,1,1,1,33118140031.79226,0.000269931334019969
2025-03-10,Hang Seng Composite Index,Removal,743,0743.HK,Asia Cement (China) Holdings Corporation,1795,Removal,Hang Seng Composite Index,unchanged,1,1,0743.HK,0743.HK,parse_ok,0743.HK,2025-03-07,2.069999933242798,0.0,0.0,0.0,0.0,-0.3765060316670148,0.0,0.0,0.0,0.0,0.0,0.0,0.0,0.0,,0,0,0,,
2025-03-10,Hang Seng Composite Index,Removal,806,0806.HK,Value Partners Group Ltd.,1796,Removal,Hang Seng Composite Index,unchanged,1,1,0806.HK,0806.HK,parse_ok,0806.HK,2025-03-07,1.7000000476837158,0.036585403970846864,0.1038961622039043,0.07594936804365715,-0.028571401323590928,-0.3584905711303361,2163000.0,3677100.1031398773,5467869.9,2646166.5,9027628.596933108,4248574.619242189,0.04043145301822513,0.03154245144244346,,0,0,0,,
2025-03-10,Hang Seng Composite Index,Removal,884,0884.HK,"CIFI Holdings (Group) Co., Ltd.",1797,Removal,Hang Seng Composite Index,unchanged,1,1,0884.HK,0884.HK,parse_ok,0884.HK,2025-03-07,0.2750000059604645,0.0,0.03773592756753197,-0.1666666817183441,-0.2666666507720947,-0.6874999915334311,47506640.0,13064326.28316164,54659297.05,36371818.11666667,15125126.331091454,10405744.59350626,0.062376549406290664,0.045023111221304486,yfinance_info_static_sharesOutstanding,1,1,1,4598634090.997707,0.0028409145030121844
2025-03-10,Hang Seng Composite Index,Removal,1119,1119.HK,iDreamSky Technology Holdings Ltd.,1798,Removal,Hang Seng Composite Index,unchanged,1,1,1119.HK,1119.HK,parse_ok,1119.HK,2025-03-07,1.2899999618530273,0.031999969482421786,-0.25862071564213596,-0.5309091047807173,-0.5239852606293336,-0.5930599587362884,34844400.0,44949274.670791626,59922916.8,32106792.633333333,97122069.81137672,57228656.067360595,0.05557009985348409,0.05437725155508644,,0,0,0,,
2025-03-10,Hang Seng Composite Index,Removal,1268,1268.HK,China MeiDong Auto Holdings Ltd.,1799,Removal,Hang Seng Composite Index,unchanged,1,1,1268.HK,1268.HK,parse_ok,1268.HK,2025-03-07,2.5299999713897705,0.24630542219056872,0.016064241646516875,0.18224291933063208,-0.015564187895738879,-0.24702379452972678,13393000.0,33884289.6168232,10166521.2,5137055.783333333,22884109.03664229,11533846.47473925,0.042386526994588364,0.03340722804472367,yfinance_info_static_sharesOutstanding,1,1,1,3406005380.0135584,0.009948395799858751
2025-03-10,Hang Seng Composite Index,Removal,1385,1385.HK,"Shanghai Fudan Microelectronics Group Co., Ltd. - H Shares",1800,Removal,Hang Seng Composite Index,unchanged,1,1,1385.HK,1385.HK,parse_ok,1385.HK,2025-03-07,28.700000762939453,0.27272734962099165,0.6647332450096668,0.936572291088692,0.0,0.0,39417322.0,1131277171.47303,21017465.7,9643761.3,470041355.0021046,197781017.71114808,0.04945323137342466,0.04029555724270468,,0,0,0,,
2025-03-10,Hang Seng Composite Index,Removal,1468,1468.HK,Kingkey Financial International (Holdings) Ltd.,1801,Removal,Hang Seng Composite Index,unchanged,1,1,1468.HK,1468.HK,parse_ok,1468.HK,2025-03-07,0.375,-0.12790699125045413,-0.4932432497740662,-0.4485294175653308,-0.5481927619995821,-0.8684210482286503,253434000.0,95037750.0,210995011.65,142837373.91666666,109128452.3412942,89495656.07452434,0.062493106361892536,0.053170841164191275,,0,0,0,,
2025-03-10,Hang Seng Composite Index,Removal,1541,1541.HK,ImmuneOnco Biopharmaceuticals (Shanghai) Inc. - B - H Shares,1802,Removal,Hang Seng Composite Index,unchanged,1,1,1541.HK,1541.HK,parse_ok,1541.HK,2025-03-07,5.699999809265137,0.03074133689095815,0.04587156123840486,-0.05940596318706948,-0.10236222128022898,-0.7620041909106996,10306800.0,58748758.03413391,11104190.0,9549565.083333334,62729797.958717346,52576670.375382505,0.06349361847396164,0.05333288637183543,,0,0,0,,
2025-03-10,Hang Seng Composite Index,Removal,1600,1600.HK,Tian Lun Gas Holdings Ltd.,1803,Removal,Hang Seng Composite Index,unchanged,1,1,1600.HK,1600.HK,parse_ok,1600.HK,2025-03-07,2.9800000190734863,0.038327574181410196,-0.10778440249911214,-0.1362318904678802,-0.19459459981925298,-0.4213592303126209,2689595.0,8014993.151299953,2008354.05,1573580.9166666667,6183689.544149542,5226794.567663761,0.016472261258100133,0.01760748143066659,,0,0,0,,
2025-03-10,Hang Seng Composite Index,Removal,1799,1799.HK,"Xinte Energy Co., Ltd. - H Shares",1804,Removal,Hang Seng Composite Index,unchanged,1,1,1799.HK,1799.HK,parse_ok,1799.HK,2025-03-07,7.360000133514404,0.04694166626704144,-0.051546402521829404,-0.10134303899806207,-0.09135805100061622,-0.37627118520783276,4854400.0,35728384.648132324,3639981.95,2630650.066666667,26854326.87275672,19643304.575178783,0.029296505554403333,0.02566761656086255,,0,0,0,,
2025-03-10,Hang Seng Composite Index,Removal,1942,1942.HK,MOG Digitech Holdings Ltd.,1805,Removal,Hang Seng Composite Index,unchanged,1,1,1942.HK,1942.HK,parse_ok,1942.HK,2025-03-07,0.8100000023841858,-0.05813954777818142,-0.19801979204706432,-0.31932776181864886,-0.3360655873861722,-0.5178571263847702,47886881.0,38788373.72417122,88358394.05,51030148.71666667,85534518.63872154,51429114.43169558,0.06185164581562314,0.045931810336847845,,0,0,0,,
2025-03-10,Hang Seng Composite Index,Removal,2105,2105.HK,"Laekna, Inc. - B",1806,Removal,Hang Seng Composite Index,unchanged,1,1,2105.HK,2105.HK,parse_ok,2105.HK,2025-03-07,14.739999771118164,0.1773162326026807,0.7020785255005468,0.10164421861322781,-0.010738245067679508,-0.09348096164622255,7286000.0,107395638.33236694,9723391.1,7877603.533333333,116023667.76251335,89023736.53059146,0.06331838875117901,0.06304682234571032,,0,0,0,,
2025-03-10,Hang Seng Composite Index,Removal,2121,2121.HK,"AInnovation Technology Group Co., Ltd.- H Shares",1807,Removal,Hang Seng Composite Index,unchanged,1,1,2121.HK,2121.HK,parse_ok,2121.HK,2025-03-07,5.769999980926514,0.14484127472197272,-0.07085347093681382,-0.1388059484796652,-0.23474800926809547,-0.25548387342883694,20976594.0,121034946.97990322,23258188.15,20528172.616666667,142824085.64602578,127945650.41397546,0.050192442099429815,0.051199074255206804,,0,0,0,,
2025-03-10,Hang Seng Composite Index,Removal,2150,2150.HK,Nayuki Holdings Ltd.,1808,Removal,Hang Seng Composite Index,unchanged,1,1,2150.HK,2150.HK,parse_ok,2150.HK,2025-03-07,1.6399999856948853,-0.21904759039413768,0.27131785596264546,0.16312058476469726,-0.23720934281418637,-0.5,212930500.0,349206016.95400476,126428298.4,50945034.46666667,234924156.63223648,89984021.97512099,0.10029716916060677,0.06316555210692235,,0,0,0,,
2025-03-10,Hang Seng Composite Index,Removal,2171,2171.HK,CARsgen Therapeutics Holdings Ltd. - B,1809,Removal,Hang Seng Composite Index,unchanged,1,1,2171.HK,2171.HK,parse_ok,2171.HK,2025-03-07,16.059999465942383,0.006265628293007142,0.7194859960995335,1.3445255021217166,-0.044047607424037016,-0.044047607424037016,9557550.0,153494247.89571762,11169401.75,9750937.0,153753525.7808311,109546650.89017157,0.060483106094672,0.06567397414955524,,0,0,0,,
2025-03-10,Hang Seng Composite Index,Removal,2390,2390.HK,Zhihu Inc. - W,1810,Removal,Hang Seng Composite Index,unchanged,1,1,2390.HK,2390.HK,parse_ok,2390.HK,2025-03-07,14.34000015258789,0.10307693481445312,0.6635731256344231,0.4984326656084901,-0.05657892549136967,-0.05657892549136967,353300.0,5066322.053909302,681175.0,241775.0,9227811.091899872,3208792.2303390503,0.07892188574571415,0.0512880464317633,,0,0,0,,
2025-03-10,Hang Seng Composite Index,Removal,2407,2407.HK,Gaush Meditech Ltd,1811,Removal,Hang Seng Composite Index,unchanged,1,1,2407.HK,2407.HK,parse_ok,2407.HK,2025-03-07,8.09000015258789,-0.013414592589741092,-0.10607735004578167,-0.2236084363383959,-0.23390153114392231,-0.7303333282470703,565600.0,4575704.086303711,798340.0,476437.4666666667,7117800.221376419,4395688.18224926,0.034916992707154246,0.026717981818834446,,0,0,0,,
2025-03-10,Hang Seng Composite Index,Removal,2411,2411.HK,Shenzhen Pagoda Industrial (Group) Corporation Ltd. - H Shares,1812,Removal,Hang Seng Composite Index,unchanged,1,1,2411.HK,2411.HK,parse_ok,2411.HK,2025-03-07,1.4199999570846558,0.028985479703797834,0.18333325054910787,0.18333325054910787,-0.04054058190241916,-0.5884058152294738,8973000.0,12741659.614920616,9459225.0,14554283.166666666,12752595.197176933,19308679.839288965,0.021987323900183132,0.03794740840353394,,0,0,0,,
2025-03-10,Hang Seng Composite Index,Removal,2487,2487.HK,Cutia Therapeutics - B,1813,Removal,Hang Seng Composite Index,unchanged,1,1,2487.HK,2487.HK,parse_ok,2487.HK,2025-03-07,6.699999809265137,0.2181817835027522,0.3617885580018121,-0.12188732519356271,-0.11725959491836091,-0.5973557659242985,13236400.0,88683877.47535706,26878179.25,11157547.75,151733078.84768403,61361631.109318614,0.09543795698675676,0.06975605339574983,,0,0,0,,
2025-03-10,Hang Seng Composite Index,Removal,2511,2511.HK,"HighTide Therapeutics, Inc. - B",1814,Removal,Hang Seng Composite Index,unchanged,1,1,2511.HK,2511.HK,parse_ok,2511.HK,2025-03-07,1.0099999904632568,-0.12173912051945401,-0.15833337472544606,0.020202000741265103,-0.2518518721288774,-0.9096601106535143,1463500.0,1478134.9860429764,742850.0,533575.0,875561.4994585514,614633.6676110824,0.04335436546044568,0.04108411446807386,,0,0,0,,
2025-03-10,Hang Seng Composite Index,Removal,2678,2678.HK,Texhong International Group Ltd.,1815,Removal,Hang Seng Composite Index,unchanged,1,1,2678.HK,2678.HK,parse_ok,2678.HK,2025-03-07,3.9700000286102295,0.012755089628354144,-0.005012526536017692,0.002525250092658027,-0.05476185502378628,-0.23800383885942744,988000.0,3922360.0282669067,513104.15,411134.7166666667,2017508.7057380439,1632391.0798618714,0.014041309496346292,0.01686073068342408,,0,0,0,,
2025-03-10,Hang Seng Composite Index,Removal,3309,3309.HK,C-MER Medical Holdings Ltd.,1816,Removal,Hang Seng Composite Index,unchanged,1,1,3309.HK,3309.HK,parse_ok,3309.HK,2025-03-07,1.8200000524520874,0.04000002997262131,-0.07614211877142063,-0.08542711370349709,-0.12918654201215019,-0.44171777368825715,5222000.0,9504040.2739048,3822100.0,1944500.0,7200921.993112564,3723939.9881362915,0.030173083504397995,0.021297396341650617,,0,0,0,,
2025-03-10,Hang Seng Composite Index,Removal,3347,3347.HK,"Hangzhou Tigermed Consulting Co., Ltd. - H Shares",1817,Removal,Hang Seng Composite Index,unchanged,1,1,3347.HK,3347.HK,parse_ok,3347.HK,2025-03-07,35.5,0.04874450813167286,0.2054329059534017,0.05970149253731338,-0.08031084447320513,-0.3831450830473857,3040548.0,107939454.0,5887217.4,2780212.4833333334,200579363.56627265,91864986.63139273,0.0535224889788003,0.03484909498028631,yfinance_info_static_sharesOutstanding,1,1,1,4370930400.0,0.024694846204826322
2025-03-10,Hang Seng Composite Index,Removal,3383,3383.HK,Agile Group Holdings Ltd.,1818,Removal,Hang Seng Composite Index,unchanged,1,1,3383.HK,3383.HK,parse_ok,3383.HK,2025-03-07,0.6600000262260437,-0.029411736347271344,0.01538469297646361,-0.18518515520571144,-0.29032255790318806,-0.661538456365672,13222426.0,8726801.506771922,13982855.9,9162491.266666668,9140286.825058106,6274464.833270415,0.05605071402124762,0.0462302363178306,,0,0,0,,
2025-03-10,Hang Seng Composite Index,Removal,3650,3650.HK,Keep Inc.,1819,Removal,Hang Seng Composite Index,unchanged,1,1,3650.HK,3650.HK,parse_ok,3650.HK,2025-03-07,6.289999961853027,0.1499086294540144,-0.11904760791696622,0.04485049531261942,-0.15796517556640377,-0.3420502420746525,19199562.0,120765244.24759483,17099243.1,9581037.7,116197651.05393963,63678378.71021058,0.05694478925043794,0.05343830340993416,,0,0,0,,
2025-03-10,Hang Seng Composite Index,Removal,3669,3669.HK,China Yongda Automobiles Services Holdings Ltd.,1820,Removal,Hang Seng Composite Index,unchanged,1,1,3669.HK,3669.HK,parse_ok,3669.HK,2025-03-07,3.0299999713897705,0.11808115451599965,0.13483141753146222,0.5074626794855994,0.0,0.0,28875000.0,87491249.17387962,22569622.9,18124999.983333334,59979462.072549984,45711250.11095862,0.05477101682787984,0.04847434794529499,yfinance_info_static_sharesOutstanding,1,1,1,5570308051.793368,0.01570671646170658
2025-03-10,Hang Seng Composite Index,Removal,3759,3759.HK,"Pharmaron Beijing Co., Ltd. - H Shares",1821,Removal,Hang Seng Composite Index,unchanged,1,1,3759.HK,3759.HK,parse_ok,3759.HK,2025-03-07,16.260000228881836,0.05721717216468991,0.0912752110852546,0.20088628321211321,-0.15400620136422072,-0.3239084929439201,8263983.0,134372365.4714756,11080434.2,6906639.766666667,185003742.64260286,107499647.54438633,0.05228274715742372,0.03752896681168964,yfinance_info_static_sharesOutstanding,1,1,1,5853240525.0124,0.022956918462049863
2025-03-10,Hang Seng Composite Index,Removal,6639,6639.HK,Arrail Group Ltd.,1822,Removal,Hang Seng Composite Index,unchanged,1,1,6639.HK,6639.HK,parse_ok,6639.HK,2025-03-07,2.619999885559082,-0.06428573922235181,-0.04029308891790284,-0.12956814157469532,-0.1324503635409675,-0.6083707229970292,4400000.0,11527999.496459961,4054155.2,2677952.7,11234685.341011357,7280820.337592649,0.035838977964522796,0.039491077340122756,,0,0,0,,
2025-03-10,Hang Seng Composite Index,Removal,6660,6660.HK,"AIM Vaccine Co., Ltd. - H Shares",1823,Removal,Hang Seng Composite Index,unchanged,1,1,6660.HK,6660.HK,parse_ok,6660.HK,2025-03-07,5.03000020980835,-0.12062930169446429,-0.14601013177787803,-0.2602941075410813,-0.27625894275525165,-0.6355072362110963,15991800.0,80438757.35521317,12134170.0,5787280.0,69982120.24804115,33632520.311813354,0.05304818826643135,0.039438099159592614,,0,0,0,,
2025-03-10,Hang Seng Composite Index,Removal,6698,6698.HK,STAR CM Holdings Ltd.,1824,Removal,Hang Seng Composite Index,unchanged,1,1,6698.HK,6698.HK,parse_ok,6698.HK,2025-03-07,3.180000066757202,-0.03343461895782818,-0.11173180599813204,-0.2570093666187936,-0.26218094919360857,-0.6054590693298711,2088700.0,6642066.139435768,4051765.0,2935348.3333333335,14442652.205296755,10748294.748805761,0.02743890000262893,0.027518338432693055,,0,0,0,,
2025-03-10,Hang Seng Composite Index,Removal,9638,9638.HK,Ferretti S.p.A.,1825,Removal,Hang Seng Composite Index,unchanged,1,1,9638.HK,9638.HK,parse_ok,9638.HK,2025-03-07,23.200000762939453,-0.019027436061277436,-0.0042917801457279525,0.010893245825233766,-0.02725365233265531,-0.20819107962314953,700.0,16240.000534057617,12910.0,33160.0,302318.2473087311,769644.9960581461,0.014100257498352383,0.013822476592353774,,0,0,0,,
2025-03-10,Hang Seng Composite Index,Removal,9669,9669.HK,Beisen Holding Ltd.,1826,Removal,Hang Seng Composite Index,unchanged,1,1,9669.HK,9669.HK,parse_ok,9669.HK,2025-03-07,5.800000190734863,0.08007454643195278,0.2184873764380746,0.2917595738073866,-0.042904249917438686,-0.06148861620695478,1374772.0,7973677.862216949,1030128.6,507262.86666666664,5679751.073038673,2647020.8941308977,0.043451130549581406,0.02790823925947214,,0,0,0,,
2025-03-10,Hang Seng Composite Index,Removal,9869,9869.HK,"Helens International Holdings Co., Ltd.",1827,Removal,Hang Seng Composite Index,unchanged,1,1,9869.HK,9869.HK,parse_ok,9869.HK,2025-03-07,2.140000104904175,-0.05309729471922886,0.004694830951162521,-0.10833332505491078,-0.3354037000341856,-0.45268540717959427,38022000.0,81367083.98866653,23165573.7,18239841.066666666,51415564.91414194,45449510.64785095,0.04495236398037641,0.05238848343068329,,0,0,0,,
2025-03-10,Hang Seng Composite Index,Removal,9959,9959.HK,Linklogis Inc. - W,1828,Removal,Hang Seng Composite Index,unchanged,1,1,9959.HK,9959.HK,parse_ok,9959.HK,2025-03-07,1.7100000381469727,0.01183430783985151,0.005882347166332069,0.01183430783985151,-0.22272727223467237,-0.2565217071309651,23655500.0,40450905.90238571,44366944.2,32651536.0,87512213.73675169,60534212.530098915,0.06860224465340918,0.05393431290967154,,0,0,0,,
2025-03-10,Hang Seng Composite Index,Removal,9966,9966.HK,Alphamab Oncology - B,1829,Removal,Hang Seng Composite Index,unchanged,1,1,9966.HK,9966.HK,parse_ok,9966.HK,2025-03-07,6.070000171661377,0.03231293427254034,0.6767956805401696,0.6361186278297586,-0.0016446960806181243,-0.0016446960806181243,8505000.0,51625351.45998001,8344015.0,4504794.316666666,43771912.27036238,20606854.26868278,0.07022448003695797,0.04884662180011713,yfinance_info_static_sharesOutstanding,1,1,1,5879248577.056866,0.008780943820174976
2025-03-10,Hang Seng Composite Index,Removal,9995,9995.HK,"RemeGen Co., Ltd. - H Shares",1830,Removal,Hang Seng Composite Index,unchanged,1,1,9995.HK,9995.HK,parse_ok,9995.HK,2025-03-07,17.799999237060547,-0.010011140698471532,0.23098196335424004,0.04705877865062047,-0.05919666145438962,-0.45648857291418177,3173500.0,56488297.578811646,4113639.3,2226806.6166666667,69554748.09796643,35141255.50482777,0.046419370210339664,0.035786770105787354,,0,0,0,,
2025-03-10,Hang Seng Composite Index,Removal,9996,9996.HK,Peijia Medical Ltd. - B,1831,Removal,Hang Seng Composite Index,unchanged,1,1,9996.HK,9996.HK,parse_ok,9996.HK,2025-03-07,4.840000152587891,0.2069825128008771,0.30107529982898584,0.2604167345756059,0.0,-0.06382977153505409,3865000.0,18706600.589752197,2124708.25,966816.0833333334,9122508.73586763,4029352.8826963543,0.04914209421592145,0.03458145773590878,yfinance_info_static_sharesOutstanding,1,1,1,3226964560.6946487,0.005796964992303895
2025-03-10,Hang Seng TECH Index,Inclusion,1698,1698.HK,Tencent Music Entertainment Group - SW,1832,Inclusion,Hang Seng TECH Index,unchanged,1,1,1698.HK,1698.HK,parse_ok,1698.HK,2025-03-07,52.79999923706055,0.08196721439623,0.10229639989748907,0.12460060445278764,-0.07368422391121843,-0.15520001220703128,2117700.0,111814558.38432312,467451.25,202389.95,24464877.572533417,10236358.46882248,0.046217802046868726,0.032392457475060435,,0,0,0,,
2025-03-10,Hang Seng TECH Index,Inclusion,9660,9660.HK,Horizon Robotics - W,1833,Inclusion,Hang Seng TECH Index,unchanged,1,1,9660.HK,9660.HK,parse_ok,9660.HK,2025-03-07,9.15999984741211,0.10361441408606797,0.5165562757059834,1.1966426090699227,-0.06625897496444622,-0.06625897496444622,117666600.0,1077826038.0455017,93862739.5,52807727.88333333,743977582.2089483,342108491.0414874,0.06853679938418758,0.05289224711253248,,0,0,0,,
2025-03-10,Hang Seng TECH Index,Removal,1797,1797.HK,East Buy Holding Ltd.,1834,Removal,Hang Seng TECH Index,unchanged,1,1,1797.HK,1797.HK,parse_ok,1797.HK,2025-03-07,14.0,0.08024691040060583,0.008645524824904882,-0.0437158694203621,-0.2432432432432432,-0.5155709278617638,35285179.0,493992506.0,24983720.2,21860244.183333334,340775110.08353996,332628023.45066696,0.03660416437280983,0.04522032142598103,,0,0,0,,
2025-03-10,Hang Seng TECH Index,Removal,6060,6060.HK,"ZhongAn Online P & C Insurance Co., Ltd. - H Shares",1835,Removal,Hang Seng TECH Index,unchanged,1,1,6060.HK,6060.HK,parse_ok,6060.HK,2025-03-07,12.9399995803833,0.11359722098316594,0.04523420523148136,0.05374591708174403,-0.13733336130777996,-0.37184469219606464,61111152.0,790778281.2367401,30071297.8,12804582.533333333,399033441.767249,166247118.4314348,0.06612013975872262,0.041625308124627995,yfinance_info_static_sharesOutstanding,1,1,1,21154478240.005207,0.03738112905764323
2025-06-09,Hang Seng Biotech Index,Inclusion,2410,2410.HK,"TYK Medicines, Inc - B - H Shares",1836,Inclusion,Hang Seng Biotech Index,unchanged,1,1,2410.HK,2410.HK,parse_ok,2410.HK,2025-06-06,23.700000762939453,0.17910449319138233,-0.23424878259393733,-0.2254901808010652,-0.3333332975649569,-0.574887878691669,599500.0,14208150.457382202,1402777.0,2110592.3333333335,35588903.47243309,62452405.34119924,0.07275452722284695,0.06885337318780538,,0,0,0,,
2025-06-09,Hang Seng Biotech Index,Removal,9966,9966.HK,Alphamab Oncology - B,1838,Removal,Hang Seng Biotech Index,unchanged,1,1,9966.HK,9966.HK,parse_ok,9966.HK,2025-06-06,7.96999979019165,-0.1075028535472412,0.08583101151321348,0.31301475532087797,-0.1289617352495761,-0.1289617352495761,2142000.0,17071739.550590515,4831847.15,4265855.416666667,39809859.3830256,31256138.814400945,0.059780013363567815,0.07674074287084924,yfinance_info_static_sharesOutstanding,1,1,1,7719540131.874941,0.002211496962118142
2025-06-09,Hang Seng Biotech Index,Removal,9995,9995.HK,"RemeGen Co., Ltd. - H Shares",1839,Removal,Hang Seng Biotech Index,unchanged,1,1,9995.HK,9995.HK,parse_ok,9995.HK,2025-06-06,46.0,-0.04564316863312201,0.2283043808512184,1.5842697736877174,-0.10156251338776179,-0.10156251338776179,8163940.0,375541240.0,10041768.3,9964112.633333333,461797073.600701,352782321.62613446,0.051382146130561725,0.06922271109391202,,0,0,0,,
2025-06-09,Hang Seng Composite Index,Inclusion,325,0325.HK,Bloks Group Ltd.,1840,Inclusion,Hang Seng Composite Index,unchanged,1,1,0325.HK,0325.HK,parse_ok,0325.HK,2025-06-06,158.0,0.03065881836059292,0.21913574505390376,0.6631578947368422,-0.08617694865509962,-0.08617694865509962,1850500.0,292379000.0,850045.9,1037449.15,131805016.8139824,135809919.27352333,0.038735671124032506,0.06363443845226836,,0,0,0,,
2025-06-09,Hang Seng Composite Index,Inclusion,1364,1364.HK,Guming Holdings Ltd.,1841,Inclusion,Hang Seng Composite Index,unchanged,1,1,1364.HK,1364.HK,parse_ok,1364.HK,2025-06-06,26.5,0.00569258506105208,0.06854841996926408,1.345132703778888,-0.10169491525423724,-0.10169491525423724,13378546.0,354531469.0,4147702.1,4676996.533333333,110687549.28345613,95793230.61390094,0.04269503317716102,0.06148610830333575,,0,0,0,,
2025-06-09,Hang Seng Composite Index,Inclusion,2097,2097.HK,MIXUE Group - H Shares,1842,Inclusion,Hang Seng Composite Index,unchanged,1,1,2097.HK,2097.HK,parse_ok,2097.HK,2025-06-06,536.5,-0.01287948482060719,0.11353261434812656,0.5112676056338028,-0.12835093419983756,-0.12835093419983756,1023914.0,549329861.0,483259.2,609859.6166666667,254413782.8765045,274961755.09814656,0.04989292340517974,0.050659591559165634,,0,0,0,,
2025-06-09,Hang Seng Index,Inclusion,300,0300.HK,"Midea Group Co., Ltd. - H Shares",1843,Inclusion,Hang Seng Index,unchanged,1,1,0300.HK,0300.HK,parse_ok,0300.HK,2025-06-06,76.19999694824219,-0.07524277260710388,0.0,0.03462315505135827,-0.09014929017024254,-0.19789476896587166,12072115.0,919895126.1588287,5536332.3,7421758.883333334,439884882.99882853,555348124.7277141,0.021998220824463344,0.0301356224885138,,0,0,0,,
2025-06-09,Hang Seng Index,Inclusion,2057,2057.HK,ZTO Express (Cayman) Inc. - W,1844,Inclusion,Hang Seng Index,unchanged,1,1,2057.HK,2057.HK,parse_ok,2057.HK,2025-06-06,134.1999969482422,-0.02964574123676067,-0.09078596613251944,-0.1533123220931092,-0.22067363921859762,-0.3769730698658459,7072600.0,949142898.4161377,2728830.9,2649871.9833333334,376643847.9015892,389442757.8904325,0.024866474577871146,0.02608289306854015,yfinance_info_static_sharesOutstanding,1,1,1,74375047542.88377,0.01276157703117935
2025-06-09,Hang Seng TECH Index,Inclusion,1211,1211.HK,BYD Co. Ltd. - H Shares,1845,Inclusion,Hang Seng TECH Index,unchanged,1,1,1211.HK,1211.HK,parse_ok,1211.HK,2025-06-06,134.3333282470703,0.02596736662476329,0.04134362982225048,0.13457201449198308,-0.13370596004959046,-0.13370596004959046,87648522.0,11774117676.196564,44951344.8,44278906.2,6247731468.851537,5752246149.230275,0.037321019089716655,0.039542488689036565,yfinance_info_static_sharesOutstanding,1,1,1,494803381265.2588,0.02379554813487539
2025-06-09,Hang Seng TECH Index,Removal,772,0772.HK,China Literature Ltd.,1846,Removal,Hang Seng TECH Index,unchanged,1,1,0772.HK,0772.HK,parse_ok,0772.HK,2025-06-06,29.100000381469727,0.08582094066736423,0.10018901860461704,0.09193248773016571,-0.018549721556043952,-0.19166665607028532,30476326.0,886861098.2257957,9415965.2,6986558.083333333,258111103.6427582,185311726.46362874,0.03628211031016091,0.03384336684983841,yfinance_info_static_sharesOutstanding,1,1,1,29724930077.361885,0.029835599139094948
2025-12-08,Hang Seng China Enterprises Index,Inclusion,1378,1378.HK,China Hongqiao Group Ltd.,1847,Inclusion,Hang Seng China Enterprises Index,unchanged,1,1,1378.HK,1378.HK,parse_ok,1378.HK,2025-12-05,33.7400016784668,0.09332472492399035,0.043935705354291255,0.4081804243612053,-0.03323781652421853,-0.03323781652421853,60383180.0,2037328594.5511627,68107541.2,44118521.1,2126028700.4809768,1286468502.63018,0.028547829154255945,0.0315643042082348,yfinance_info_static_sharesOutstanding,1,1,1,334803718290.8497,0.0060851432742491255
2025-12-08,Hang Seng China Enterprises Index,Inclusion,1801,1801.HK,"Innovent Biologics, Inc.",1848,Inclusion,Hang Seng China Enterprises Index,unchanged,1,1,1801.HK,1801.HK,parse_ok,1801.HK,2025-12-05,92.0,-0.022316668524693162,0.07981224525029873,-0.08820615848649149,-0.12129892376711682,-0.14018691588785048,33885838.0,3117497096.0,11393617.65,16087640.166666666,1043122671.0281398,1459519127.505685,0.02582083809885528,0.030974579856063448,yfinance_info_static_sharesOutstanding,1,1,1,158313698440.0,0.019691897332444128
2025-12-08,Hang Seng China Enterprises Index,Inclusion,9987,9987.HK,"Yum China Holdings, Inc.",1849,Inclusion,Hang Seng China Enterprises Index,unchanged,1,1,9987.HK,9987.HK,parse_ok,9987.HK,2025-12-05,360.20001220703125,-0.040490095728782816,0.06631150154981968,0.04224538728492555,-0.04759386414336386,-0.1407442707107116,1865795.0,672059381.7758179,684803.65,631067.8666666667,252318892.36667633,221893802.3303838,0.014724319764716328,0.015349449846993237,yfinance_info_static_sharesOutstanding,1,1,1,126442728439.0924,0.005315128754909379
2025-12-08,Hang Seng China Enterprises Index,Removal,2688,2688.HK,ENN Energy Holdings Ltd.,1850,Removal,Hang Seng China Enterprises Index,unchanged,1,1,2688.HK,2688.HK,parse_ok,2688.HK,2025-12-05,73.80000305175781,0.04016922094576958,0.07423590000095515,0.13538466233473567,0.0,0.0,7726007.0,570179340.1779022,4705786.1,3771806.8666666667,331539424.2998718,255923255.56754488,0.01314740704498542,0.012661041678882783,yfinance_info_static_sharesOutstanding,1,1,1,82011557806.31981,0.006952426650941683
2025-12-08,Hang Seng China Enterprises Index,Removal,6862,6862.HK,Haidilao International Holding Ltd.,1851,Removal,Hang Seng China Enterprises Index,unchanged,1,1,6862.HK,6862.HK,parse_ok,6862.HK,2025-12-05,13.65999984741211,-0.00654546564275571,0.04594176175478415,0.020926736216466013,-0.03394628601528371,-0.268736636817546,20810613.0,284272970.40455246,22315260.3,21942375.7,307146755.8011144,291529671.3927735,0.01741151073408901,0.015726075776494628,yfinance_info_static_sharesOutstanding,1,1,1,73975433298.06358,0.0038428023700672765
2025-12-08,Hang Seng China Enterprises Index,Removal,9901,9901.HK,New Oriental Education & Technology Group Inc. - S,1852,Removal,Hang Seng China Enterprises Index,unchanged,1,1,9901.HK,9901.HK,parse_ok,9901.HK,2025-12-05,41.400001525878906,0.02729534267104361,-0.010988988957608914,0.024752474312641715,-0.12362404625505996,-0.18423642313539101,7381160.0,305580035.26275635,4209474.4,5433875.6,172850858.565633,231455229.96263644,0.02043672860917231,0.02621813644344952,,0,0,0,,
2025-12-08,Hang Seng Composite Index,Inclusion,1828,1828.HK,FWD Group Holdings Ltd.,1853,Inclusion,Hang Seng Composite Index,unchanged,1,1,1828.HK,1828.HK,parse_ok,1828.HK,2025-12-05,39.08000183105469,-0.0005114231162858252,-0.01013165440272401,-0.19422676637000647,-0.2149457053159317,-0.2149457053159317,1506526.0,58875038.838531494,442457.85,371797.4666666667,17351587.94805031,15717388.338201713,0.008071899573943553,0.015694643433598866,,0,0,0,,
2025-12-08,Hang Seng Composite Index,Inclusion,2525,2525.HK,Hesai Group - W,1854,Inclusion,Hang Seng Composite Index,unchanged,1,1,2525.HK,2525.HK,parse_ok,2525.HK,2025-12-05,160.6999969482422,0.07491636754677056,-0.07430880588553268,,-0.3132478762895633,-0.3132478762895633,2121302.0,340893224.92630005,1006373.1,914536.2142857143,150598825.76205292,171806914.48679733,0.06431870922601364,0.045427664944198615,,0,0,0,,
2025-12-08,Hang Seng Composite Index,Inclusion,2580,2580.HK,"Aux Electric Co., Ltd.",1855,Inclusion,Hang Seng Composite Index,unchanged,1,1,2580.HK,2580.HK,parse_ok,2580.HK,2025-12-05,15.8100004196167,-0.009398472316525686,0.029967428450508482,-0.018012419564089055,-0.03538736983712476,-0.040655287696003795,3351200.0,52982473.40621948,1479360.0,2577472.8666666667,23374252.23584175,39252120.32394482,0.021247272624739456,0.030996268024666932,,0,0,0,,
2025-12-08,Hang Seng Composite Index,Inclusion,2590,2590.HK,"Beijing Geekplus Technology Co., Ltd. - W - H Shares",1856,Inclusion,Hang Seng Composite Index,unchanged,1,1,2590.HK,2590.HK,parse_ok,2590.HK,2025-12-05,24.799999237060547,-0.008000030517578138,0.012244866818797773,0.14708595163680416,-0.23314783178577014,-0.23314783178577014,2644125.0,65574297.98269272,2225516.85,3261666.5166666666,52580519.38981457,86363790.43936901,0.03704003687965104,0.04279461068295942,,0,0,0,,
2025-12-08,Hang Seng Composite Index,Inclusion,2591,2591.HK,"Guangzhou Innogen Pharmaceutical Group Co., Ltd. - B - H Shares",1857,Inclusion,Hang Seng Composite Index,unchanged,1,1,2591.HK,2591.HK,parse_ok,2591.HK,2025-12-05,44.0,0.0013655297033747793,0.46666666666666656,-0.06183371922234837,-0.03126372140446709,-0.23144104803493448,1193000.0,52492000.0,593715.7,488626.4666666667,22611826.216039658,18639519.874936804,0.07824041603103746,0.052393414265374826,,0,0,0,,
2025-12-08,Hang Seng Composite Index,Inclusion,9973,9973.HK,"Chery Automobile Co., Ltd. - H Shares",1858,Inclusion,Hang Seng Composite Index,unchanged,1,1,9973.HK,9973.HK,parse_ok,9973.HK,2025-12-05,32.86000061035156,0.06000001968876001,0.07596593402997143,,-0.0072506910825742565,-0.0072506910825742565,4906480.0,161226935.79467773,1882630.1,4879745.775510204,59067756.599545576,155386853.99084195,0.017973042330677893,0.01809494134632726,,0,0,0,,
2025-12-08,Hang Seng HKEX Stock Connect China Enterprises Index,Inclusion,002371,002371.SZ,"NAURA Technology Group Co., Ltd.",1859,Inclusion,Hang Seng HKEX Stock Connect China Enterprises Index,unchanged,1,1,002371.SZ,002371.SZ,parse_ok,002371.SZ,2025-12-05,450.5,0.052816093540265285,0.08882175226586098,0.28365859618275935,-0.022097752968720186,-0.022097752968720186,6150632.0,2770859716.0,7558602.25,9165209.0,3179625802.883261,3813719827.372287,0.029288101606138286,0.02847266906418423,yfinance_info_static_sharesOutstanding,1,1,1,326537093508.0,0.008485589450902966
2025-12-08,Hang Seng HKEX Stock Connect China Enterprises Index,Inclusion,1378,1378.HK,China Hongqiao Group Ltd.,1860,Inclusion,Hang Seng HKEX Stock Connect China Enterprises Index,unchanged,1,1,1378.HK,1378.HK,parse_ok,1378.HK,2025-12-05,33.7400016784668,0.09332472492399035,0.043935705354291255,0.4081804243612053,-0.03323781652421853,-0.03323781652421853,60383180.0,2037328594.5511627,68107541.2,44118521.1,2126028700.4809768,1286468502.63018,0.028547829154255945,0.0315643042082348,yfinance_info_static_sharesOutstanding,1,1,1,334803718290.8497,0.0060851432742491255
2025-12-08,Hang Seng HKEX Stock Connect China Enterprises Index,Inclusion,1801,1801.HK,"Innovent Biologics, Inc.",1861,Inclusion,Hang Seng HKEX Stock Connect China Enterprises Index,unchanged,1,1,1801.HK,1801.HK,parse_ok,1801.HK,2025-12-05,92.0,-0.022316668524693162,0.07981224525029873,-0.08820615848649149,-0.12129892376711682,-0.14018691588785048,33885838.0,3117497096.0,11393617.65,16087640.166666666,1043122671.0281398,1459519127.505685,0.02582083809885528,0.030974579856063448,yfinance_info_static_sharesOutstanding,1,1,1,158313698440.0,0.019691897332444128
2025-12-08,Hang Seng HKEX Stock Connect China Enterprises Index,Inclusion,9987,9987.HK,"Yum China Holdings, Inc.",1862,Inclusion,Hang Seng HKEX Stock Connect China Enterprises Index,unchanged,1,1,9987.HK,9987.HK,parse_ok,9987.HK,2025-12-05,360.20001220703125,-0.040490095728782816,0.06631150154981968,0.04224538728492555,-0.04759386414336386,-0.1407442707107116,1865795.0,672059381.7758179,684803.65,631067.8666666667,252318892.36667633,221893802.3303838,0.014724319764716328,0.015349449846993237,yfinance_info_static_sharesOutstanding,1,1,1,126442728439.0924,0.005315128754909379
2025-12-08,Hang Seng HKEX Stock Connect China Enterprises Index,Removal,2688,2688.HK,ENN Energy Holdings Ltd.,1863,Removal,Hang Seng HKEX Stock Connect China Enterprises Index,unchanged,1,1,2688.HK,2688.HK,parse_ok,2688.HK,2025-12-05,73.80000305175781,0.04016922094576958,0.07423590000095515,0.13538466233473567,0.0,0.0,7726007.0,570179340.1779022,4705786.1,3771806.8666666667,331539424.2998718,255923255.56754488,0.01314740704498542,0.012661041678882783,yfinance_info_static_sharesOutstanding,1,1,1,82011557806.31981,0.006952426650941683
2025-12-08,Hang Seng HKEX Stock Connect China Enterprises Index,Removal,600025,600025.SH,Huaneng Lancang River Hydropower Inc.,1864,Removal,Hang Seng HKEX Stock Connect China Enterprises Index,unchanged,1,1,600025.SH,600025.SS,parse_ok,600025.SS,2025-12-05,9.600000381469727,0.013727572415550338,-0.02240318942885977,0.03225808436366906,-0.056974450522478626,-0.056974450522478626,19173449.0,184065117.71409035,20696583.75,26916875.283333335,197837282.30648795,259596785.1543945,0.007110745100448145,0.009438979475068622,yfinance_info_static_sharesOutstanding,1,1,1,178858511974.39844,0.0010291101926445478
2025-12-08,Hang Seng HKEX Stock Connect China Enterprises Index,Removal,600887,600887.SH,"Inner Mongolia Yili Industrial Group Co., Ltd.",1865,Removal,Hang Seng HKEX Stock Connect China Enterprises Index,unchanged,1,1,600887.SH,600887.SS,parse_ok,600887.SS,2025-12-05,28.920000076293945,-0.015656878747870362,0.059728805646143135,0.026988644637783166,-0.02231236812421933,-0.06649449633250959,26363035.0,762418974.21134,50208240.85,50198086.95,1453434684.7576656,1410483560.164306,0.01222662264282525,0.009379347726684792,yfinance_info_static_sharesOutstanding,1,1,1,182929430972.2267,0.004167831114759737
2025-12-08,Hang Seng HKEX Stock Connect China Enterprises Index,Removal,6862,6862.HK,Haidilao International Holding Ltd.,1866,Removal,Hang Seng HKEX Stock Connect China Enterprises Index,unchanged,1,1,6862.HK,6862.HK,parse_ok,6862.HK,2025-12-05,13.65999984741211,-0.00654546564275571,0.04594176175478415,0.020926736216466013,-0.03394628601528371,-0.268736636817546,20810613.0,284272970.40455246,22315260.3,21942375.7,307146755.8011144,291529671.3927735,0.01741151073408901,0.015726075776494628,yfinance_info_static_sharesOutstanding,1,1,1,73975433298.06358,0.0038428023700672765
2025-12-08,Hang Seng Index,Inclusion,1801,1801.HK,"Innovent Biologics, Inc.",1867,Inclusion,Hang Seng Index,unchanged,1,1,1801.HK,1801.HK,parse_ok,1801.HK,2025-12-05,92.0,-0.022316668524693162,0.07981224525029873,-0.08820615848649149,-0.12129892376711682,-0.14018691588785048,33885838.0,3117497096.0,11393617.65,16087640.166666666,1043122671.0281398,1459519127.505685,0.02582083809885528,0.030974579856063448,yfinance_info_static_sharesOutstanding,1,1,1,158313698440.0,0.019691897332444128
2025-12-08,Hang Seng TECH Index,Inclusion,9863,9863.HK,"Zhejiang Leapmotor Technology Co., Ltd. - H Shares",1868,Inclusion,Hang Seng TECH Index,unchanged,1,1,9863.HK,9863.HK,parse_ok,9863.HK,2025-12-05,52.849998474121094,-0.0028302174694133653,-0.08564015273836856,-0.1818885491879242,-0.2340579931286798,-0.28095240171263813,31322843.0,1655412204.7551346,9966607.6,7252901.9,521637300.8648378,415947981.7108378,0.026871600667730727,0.026529372711987475,,0,0,0,,
2025-12-08,Hang Seng TECH Index,Removal,522,0522.HK,ASMPT Ltd.,1869,Removal,Hang Seng TECH Index,unchanged,1,1,0522.HK,0522.HK,parse_ok,0522.HK,2025-12-05,78.5999984741211,0.04382463862710617,-0.03142332721884933,0.14744523319884806,-0.1756685922186576,-0.1756685922186576,17886116.0,1405848690.307953,3942456.45,3538547.783333333,301399128.5274021,287648451.2479544,0.02202486403813716,0.031822131347669244,,0,0,0,,
2026-03-09,Hang Seng HKEX Stock Connect China Enterprises Index,Inclusion,2423,2423.HK,KE Holdings Inc. - W,1870,Inclusion,Hang Seng HKEX Stock Connect China Enterprises Index,unchanged,1,1,2423.HK,2423.HK,parse_ok,2423.HK,2026-03-06,43.47999954223633,-0.0018365892684232277,-0.09642559211641899,0.006015694451407372,-0.16304140705124937,-0.352976167904816,16835712.0,732016750.0532227,10575412.8,11110212.733333332,485073159.8661121,506576632.5088489,0.026798765704754725,0.025191181091256707,,0,0,0,,
2026-03-09,Hang Seng HKEX Stock Connect China Enterprises Index,Inclusion,300308,300308.SZ,"Zhongji Innolight Co., Ltd.",1871,Inclusion,Hang Seng HKEX Stock Connect China Enterprises Index,unchanged,1,1,300308.SZ,300308.SZ,parse_ok,300308.SZ,2026-03-06,545.47998046875,0.021498090765449396,-0.11137899786006566,0.006420628171125431,-0.15950696383859786,-0.15950696383859786,21966767.0,11982431634.121582,35140212.2,32668679.883333333,19767961402.49659,19089026393.543056,0.04307438268368724,0.03752198450409228,,0,0,0,,
2026-03-09,Hang Seng HKEX Stock Connect China Enterprises Index,Inclusion,601211,601211.SH,"Guotai Haitong Securities Co., Ltd.",1872,Inclusion,Hang Seng HKEX Stock Connect China Enterprises Index,unchanged,1,1,601211.SH,601211.SS,parse_ok,601211.SS,2026-03-06,18.459999084472656,-0.024828378929007133,-0.06767677799096838,-0.05527132960349401,-0.1718260060001472,-0.1718260060001472,56920284.0,1050748390.5279236,88731165.55,102237132.61666666,1722426220.9557633,2068663058.6877873,0.012061076893565066,0.015334479207439413,yfinance_info_static_sharesOutstanding,1,1,1,260713631079.11536,0.004030277919028586
2026-03-09,Hang Seng HKEX Stock Connect China Enterprises Index,Inclusion,9660,9660.HK,Horizon Robotics - W,1873,Inclusion,Hang Seng HKEX Stock Connect China Enterprises Index,unchanged,1,1,9660.HK,9660.HK,parse_ok,9660.HK,2026-03-06,7.679999828338623,-0.06455544547451342,-0.050679890793093985,-0.07358264611837873,-0.20743032395107386,-0.28954675946155606,228554997.0,1755302337.7259345,121682077.85,137503552.78333333,993830656.702245,1194905789.4359343,0.02701556443737479,0.027302611060450885,,0,0,0,,
2026-03-09,Hang Seng HKEX Stock Connect China Enterprises Index,Removal,000568,000568.SZ,Luzhou Laojiao Company Limited,1874,Removal,Hang Seng HKEX Stock Connect China Enterprises Index,unchanged,1,1,000568.SZ,000568.SZ,parse_ok,000568.SZ,2026-03-06,105.9800033569336,-0.04090494699607605,-0.14690493042622477,-0.20727054064209038,-0.20135639944084072,-0.2620290863692508,8045189.0,852629157.2271652,13473424.0,11146502.416666666,1577590374.0650392,1319086224.670736,0.017732375170548376,0.019358025022579235,,0,0,0,,
2026-03-09,Hang Seng HKEX Stock Connect China Enterprises Index,Removal,291,0291.HK,China Resources Beer (Holdings) Co. Ltd.,1875,Removal,Hang Seng HKEX Stock Connect China Enterprises Index,unchanged,1,1,0291.HK,0291.HK,parse_ok,0291.HK,2026-03-06,26.799999237060547,-0.028985548309857667,-0.00593471264263723,-0.018315018826859042,-0.032491028920224485,-0.10815308094889364,15499687.0,415391599.7746773,12666509.4,11752173.316666666,342234334.96589553,312194029.5174148,0.018216872801550852,0.015271675055213938,yfinance_info_static_sharesOutstanding,1,1,1,86939197525.02441,0.0047779553020961775
2026-03-09,Hang Seng HKEX Stock Connect China Enterprises Index,Removal,2319,2319.HK,"China Mengniu Dairy Co., Ltd.",1876,Removal,Hang Seng HKEX Stock Connect China Enterprises Index,unchanged,1,1,2319.HK,2319.HK,parse_ok,2319.HK,2026-03-06,16.15999984741211,-0.001236122211769941,-0.03866743838078013,0.09410963754695079,-0.08545558700407996,-0.20000003776927844,55228795.0,892497318.7727547,30607160.25,24786146.766666666,505352147.8275784,394155228.41477364,0.025814964818894552,0.019361446330701564,yfinance_info_static_sharesOutstanding,1,1,1,62586591000.71738,0.014260200220244058
2026-03-09,Hang Seng HKEX Stock Connect China Enterprises Index,Removal,600406,600406.SH,"NARI Technology Co., Ltd.",1877,Removal,Hang Seng HKEX Stock Connect China Enterprises Index,unchanged,1,1,600406.SH,600406.SS,parse_ok,600406.SS,2026-03-06,30.010000228881836,0.0992674383720269,0.1946655742945298,0.3445340788172524,0.0,0.0,160674149.0,4821831248.265394,99836176.05,87790610.93333334,2710254994.5090947,2244725806.316378,0.017695188606703646,0.01713076519992484,yfinance_info_static_sharesOutstanding,1,1,1,241033004079.8831,0.020004858947313887
