ticker_yf,date,index,change_type,days_since_prev_event
000001.SZ,2018-09-10,Hang Seng (China A) Corporate Sustainability Benchmark Index,Exclusion,
000001.SZ,2018-09-10,Hang Seng (China A) Corporate Sustainability Index,Exclusion,0.0
000001.SZ,2019-09-09,Hang Seng (China A) Corporate Sustainability Benchmark Index,Inclusion,364.0
000002.SZ,2018-09-10,Hang Seng (China A) Corporate Sustainability Index,Inclusion,
000008.SZ,2020-03-09,Hang Seng Stock Connect Greater Bay Area Composite Index,Removal,
000009.SZ,2017-09-04,Hang Seng China A Industry Top Index,Exclusion,
000021.SZ,2019-09-09,Hang Seng (China A) Corporate Sustainability Benchmark Index,Inclusion,
000025.SZ,2021-09-06,Hang Seng Stock Connect Greater Bay Area Composite Index,Removal,
000035.SZ,2019-09-09,Hang Seng (China A) Corporate Sustainability Benchmark Index,Inclusion,
000036.SZ,2020-03-09,Hang Seng Stock Connect Greater Bay Area Composite Index,Removal,
000039.SZ,2017-03-06,Hang Seng China AH Index Series,Exclusion,
000039.SZ,2017-09-04,Hang Seng China A Top 100 Index,Exclusion,182.0
000039.SZ,2017-09-04,Hang Seng China AH Index Series,Inclusion,0.0
000039.SZ,2017-09-04,Hang Seng Corporate Sustainability Benchmark Index,Exclusion,0.0
000039.SZ,2019-09-09,Hang Seng (China A) Corporate Sustainability Benchmark Index,Inclusion,735.0
000046.SZ,2019-09-09,Hang Seng (China A) Corporate Sustainability Benchmark Index,Inclusion,
000050.SZ,2019-09-09,Hang Seng (China A) Corporate Sustainability Benchmark Index,Inclusion,
000060.SZ,2024-09-09,Hang Seng Stock Connect Greater Bay Area Composite Index,Inclusion,
000063.SZ,2017-09-04,Hang Seng China A Industry Top Index,Exclusion,
000063.SZ,2017-09-04,Hang Seng China A Top 100 Index,Exclusion,0.0
000063.SZ,2018-09-10,Hang Seng (China A) Corporate Sustainability Benchmark Index,Exclusion,371.0
000063.SZ,2018-09-10,Hang Seng (China A) Corporate Sustainability Index,Exclusion,0.0
000063.SZ,2018-09-10,Hang Seng China A Industry Top Index,Inclusion,0.0
000063.SZ,2018-09-10,Hang Seng China A Top 100 Index,Inclusion,0.0
000063.SZ,2019-09-09,Hang Seng (China A) Corporate Sustainability Benchmark Index,Inclusion,364.0
000063.SZ,2019-09-09,Hang Seng (China A) Corporate Sustainability Index,Inclusion,0.0
000063.SZ,2019-09-09,Hang Seng China A Industry Top Index,Exclusion,0.0
000063.SZ,2019-09-09,Hang Seng China A Top 100 Index,Exclusion,0.0
000063.SZ,2021-09-06,Hang Seng China A Industry Top Index,Inclusion,728.0
000063.SZ,2021-09-06,Hang Seng China A Top 100 Index,Inclusion,0.0
000066.SZ,2019-09-09,Hang Seng (China A) Corporate Sustainability Benchmark Index,Inclusion,
000069.SZ,2017-09-04,Hang Seng China A Industry Top Index,Exclusion,
000070.SZ,2021-09-06,Hang Seng Stock Connect Greater Bay Area Composite Index,Removal,
000078.SZ,2024-03-04,Hang Seng Stock Connect Greater Bay Area Composite Index,Removal,
000100.SZ,2019-09-09,Hang Seng (China A) Corporate Sustainability Benchmark Index,Inclusion,
000100.SZ,2019-09-09,Hang Seng (China A) Corporate Sustainability Index,Inclusion,0.0
000157.SZ,2016-09-05,Hang Seng China A Top 100 Index,Exclusion,
000157.SZ,2019-03-11,Hang Seng Stock Connect China AH Index Series,Exclusion,917.0
000157.SZ,2019-09-09,Hang Seng Stock Connect China AH Index Series,Inclusion,182.0
000166.SZ,2018-03-05,Hang Seng China 50 Index,Exclusion,
000166.SZ,2019-09-09,Hang Seng Stock Connect China AH Index Series,Inclusion,553.0
0002.HK,2021-09-06,Hang Seng Stock Connect Greater Bay Area Composite Index,Inclusion,
000333.SZ,2017-03-06,Hang Seng China 50 Index,Inclusion,
000333.SZ,2024-03-04,Hang Seng Stock Connect China Enterprises Index,Inclusion,2555.0
000338.SZ,2019-09-09,Hang Seng China A Industry Top Index,Inclusion,
000338.SZ,2020-09-07,Hang Seng China A Industry Top Index,Removal,364.0
0004.HK,2018-03-05,Hang Seng Index,Exclusion,
000488.SZ,2017-09-04,Hang Seng China AH Index Series,Inclusion,
000488.SZ,2019-03-11,Hang Seng Stock Connect China AH Index Series,Exclusion,553.0
000513.SZ,2018-03-05,Hang Seng China AH Index Series,Inclusion,
000513.SZ,2019-09-09,Hang Seng (China A) Corporate Sustainability Benchmark Index,Inclusion,553.0
000528.SZ,2019-09-09,Hang Seng (China A) Corporate Sustainability Benchmark Index,Inclusion,
000538.SZ,2019-09-09,Hang Seng China A Industry Top Index,Inclusion,
000539.SZ,2021-09-06,Hang Seng Stock Connect Greater Bay Area Composite Index,Inclusion,
000540.SZ,2019-09-09,Hang Seng (China A) Corporate Sustainability Benchmark Index,Inclusion,
000546.SZ,2019-09-09,Hang Seng (China A) Corporate Sustainability Benchmark Index,Inclusion,
000555.SZ,2020-03-09,Hang Seng Stock Connect Greater Bay Area Composite Index,Inclusion,
000568.SZ,2024-09-09,Hang Seng China A Industry Top Index,Inclusion,
000568.SZ,2026-03-09,Hang Seng HKEX Stock Connect China Enterprises Index,Removal,546.0
000625.SZ,2019-09-09,Hang Seng China A Top 100 Index,Exclusion,
000725.SZ,2021-09-06,Hang Seng China A Industry Top Index,Removal,
000776.SZ,2016-03-14,Hang Seng China 50 Index,Inclusion,
000776.SZ,2018-03-05,Hang Seng China 50 Index,Exclusion,721.0
000776.SZ,2024-09-09,Hang Seng (China A) Corporate Sustainability Index,Removal,2380.0
0008.HK,2020-09-07,Hang Seng Corporate Sustainability Index,Inclusion,
0008.HK,2021-09-06,Hang Seng Corporate Sustainability Index,Removal,364.0
0008.HK,2024-09-09,Hang Seng (China A) Corporate Sustainability Benchmark Index,Inclusion,1099.0
0008.HK,2024-09-09,Hang Seng Corporate Sustainability Index,Inclusion,0.0
000825.SZ,2017-09-04,Hang Seng Corporate Sustainability Benchmark Index,Exclusion,
000825.SZ,2019-09-09,Hang Seng (China A) Corporate Sustainability Benchmark Index,Inclusion,735.0
000825.SZ,2019-09-09,Hang Seng (China A) Corporate Sustainability Index,Inclusion,0.0
000825.SZ,2020-09-07,Hang Seng (China A) Corporate Sustainability Index,Removal,364.0
000839.SZ,2016-09-05,Hang Seng China A Industry Top Index,Exclusion,
000858.SZ,2017-09-04,Hang Seng China 50 Index,Inclusion,
000858.SZ,2018-09-10,Hang Seng China A Industry Top Index,Inclusion,371.0
000876.SZ,2018-09-10,Hang Seng China A Top 100 Index,Exclusion,
000893.SZ,2024-03-04,Hang Seng Stock Connect Greater Bay Area Composite Index,Removal,
000893.SZ,2024-09-09,Hang Seng Stock Connect Greater Bay Area Composite Index,Inclusion,189.0
000898.SZ,2018-09-10,Hang Seng (China A) Corporate Sustainability Benchmark Index,Inclusion,
000921.SZ,2017-09-04,Hang Seng China AH Index Series,Inclusion,
000921.SZ,2019-03-11,Hang Seng Stock Connect China AH Index Series,Exclusion,553.0
000921.SZ,2019-09-09,Hang Seng Stock Connect China AH Index Series,Inclusion,182.0
000967.SZ,2020-03-09,Hang Seng Stock Connect Greater Bay Area Composite Index,Inclusion,
000997.SZ,2019-09-09,Hang Seng (China A) Corporate Sustainability Benchmark Index,Inclusion,
0010.HK,2016-03-14,Hang Seng Composite LargeCap & MidCap Index,Inclusion,
0010.HK,2018-09-10,Hang Seng Corporate Sustainability Benchmark Index,Inclusion,910.0
0010.HK,2021-09-06,Hang Seng ESG 50 Index,Removal,1092.0
0010.HK,2024-09-09,Hang Seng Composite Index,Inclusion,1099.0
0010.HK,2024-09-09,Hang Seng Corporate Sustainability Benchmark Index,Inclusion,0.0
0013.HK,2021-09-06,Hang Seng Composite Index,Inclusion,
0013.HK,2021-09-06,Hang Seng Stock Connect Greater Bay Area Composite Index,Inclusion,0.0
001323.SZ,2024-03-04,Hang Seng Stock Connect Greater Bay Area Composite Index,Inclusion,
0014.HK,2020-09-07,Hang Seng Corporate Sustainability Index,Removal,
0014.HK,2021-09-06,Hang Seng ESG 50 Index,Removal,364.0
0016.HK,2024-09-09,Hang Seng (China A) Corporate Sustainability Benchmark Index,Inclusion,
0017.HK,2024-09-09,Hang Seng Corporate Sustainability Index,Removal,
0017.HK,2024-12-09,Hang Seng Index,Removal,91.0
0019.HK,2020-12-07,Hang Seng Index,Removal,
0019.HK,2021-09-06,Hang Seng Corporate Sustainability Index,Removal,273.0
001979.SZ,2016-09-05,Hang Seng China A Top 100 Index,Inclusion,
001979.SZ,2019-09-09,Hang Seng (China A) Corporate Sustainability Benchmark Index,Inclusion,1099.0
001979.SZ,2021-09-06,Hang Seng (China A) Corporate Sustainability Index,Inclusion,728.0
0020.HK,2017-09-04,Hang Seng Corporate Sustainability Benchmark Index,Inclusion,
0020.HK,2018-09-10,Hang Seng Corporate Sustainability Benchmark Index,Exclusion,371.0
0020.HK,2019-09-09,Hang Seng Corporate Sustainability Benchmark Index,Inclusion,364.0
0020.HK,2024-09-09,Hang Seng China Enterprises Index,Removal,1827.0
0020.HK,2024-09-09,Hang Seng Stock Connect China Enterprises Index,Removal,0.0
002016.SZ,2020-03-09,Hang Seng Stock Connect Greater Bay Area Composite Index,Removal,
002024.SZ,2018-09-10,Hang Seng (China A) Corporate Sustainability Benchmark Index,Exclusion,
002024.SZ,2021-09-06,Hang Seng China A Industry Top Index,Removal,1092.0
002027.SZ,2017-09-04,Hang Seng China A Industry Top Index,Inclusion,
002027.SZ,2019-09-09,Hang Seng China A Industry Top Index,Exclusion,735.0
002047.SZ,2021-03-15,Hang Seng Stock Connect Greater Bay Area Composite Index,Removal,
002078.SZ,2019-09-09,Hang Seng (China A) Corporate Sustainability Benchmark Index,Inclusion,
002163.SZ,2021-09-06,Hang Seng Stock Connect Greater Bay Area Composite Index,Inclusion,
002163.SZ,2024-03-04,Hang Seng Stock Connect Greater Bay Area Composite Index,Removal,910.0
002168.SZ,2020-09-07,Hang Seng Stock Connect Greater Bay Area Composite Index,Removal,
002179.SZ,2019-09-09,Hang Seng (China A) Corporate Sustainability Benchmark Index,Inclusion,
002179.SZ,2024-09-09,Hang Seng (China A) Corporate Sustainability Index,Removal,1827.0
002191.SZ,2024-09-09,Hang Seng Stock Connect Greater Bay Area Composite Index,Removal,
002202.SZ,2017-09-04,Hang Seng Corporate Sustainability Benchmark Index,Inclusion,
002202.SZ,2019-09-09,Hang Seng (China A) Corporate Sustainability Index,Inclusion,735.0
002240.SZ,2021-09-06,Hang Seng Stock Connect Greater Bay Area Composite Index,Inclusion,
002241.SZ,2016-09-05,Hang Seng China A Industry Top Index,Exclusion,
002241.SZ,2017-09-04,Hang Seng China A Industry Top Index,Inclusion,364.0
002241.SZ,2018-09-10,Hang Seng China A Industry Top Index,Exclusion,371.0
002243.SZ,2020-09-07,Hang Seng Stock Connect Greater Bay Area Composite Index,Inclusion,
002249.SZ,2019-09-09,Hang Seng (China A) Corporate Sustainability Benchmark Index,Inclusion,
002292.SZ,2021-09-06,Hang Seng Stock Connect Greater Bay Area Composite Index,Removal,
0023.HK,2018-09-10,Hang Seng Index,Exclusion,
002303.SZ,2021-03-15,Hang Seng Stock Connect Greater Bay Area Composite Index,Removal,
002304.SZ,2019-09-09,Hang Seng China A Industry Top Index,Inclusion,
002304.SZ,2021-09-06,Hang Seng China A Industry Top Index,Removal,728.0
002351.SZ,2021-03-15,Hang Seng Stock Connect Greater Bay Area Composite Index,Inclusion,
002352.SZ,2017-09-04,Hang Seng China A Industry Top Index,Inclusion,
002352.SZ,2017-09-04,Hang Seng China A Top 100 Index,Inclusion,0.0
002352.SZ,2018-03-05,Hang Seng China 50 Index,Inclusion,182.0
002371.SZ,2019-09-09,Hang Seng (China A) Corporate Sustainability Benchmark Index,Inclusion,
002371.SZ,2020-09-07,Hang Seng (China A) Corporate Sustainability Index,Inclusion,364.0
002371.SZ,2025-12-08,Hang Seng HKEX Stock Connect China Enterprises Index,Inclusion,1918.0
002407.SZ,2019-09-09,Hang Seng (China A) Corporate Sustainability Benchmark Index,Inclusion,
002415.SZ,2019-09-09,Hang Seng (China A) Corporate Sustainability Benchmark Index,Inclusion,
002415.SZ,2019-09-09,Hang Seng (China A) Corporate Sustainability Index,Inclusion,0.0
002415.SZ,2020-09-07,Hang Seng (China A) Corporate Sustainability Index,Removal,364.0
002421.SZ,2021-09-06,Hang Seng Stock Connect Greater Bay Area Composite Index,Removal,
002429.SZ,2024-09-09,Hang Seng Stock Connect Greater Bay Area Composite Index,Removal,
002460.SZ,2019-03-11,Hang Seng Stock Connect China AH Index Series,Inclusion,
002460.SZ,2019-09-09,Hang Seng Stock Connect China AH Index Series,Exclusion,182.0
002460.SZ,2021-09-06,Hang Seng (China A) Corporate Sustainability Index,Inclusion,728.0
002475.SZ,2020-09-07,Hang Seng China A Top 100 Index,Inclusion,
002475.SZ,2020-09-07,Hang Seng Stock Connect Greater Bay Area Composite Index,Removal,0.0
002475.SZ,2021-03-15,Hang Seng China 50 Index,Inclusion,189.0
002475.SZ,2021-09-06,Hang Seng China A Industry Top Index,Inclusion,175.0
002482.SZ,2020-09-07,Hang Seng Stock Connect Greater Bay Area Composite Index,Removal,
002493.SZ,2021-09-06,Hang Seng China A Top 100 Index,Inclusion,
002493.SZ,2024-09-09,Hang Seng China A Industry Top Index,Removal,1099.0
002503.SZ,2021-09-06,Hang Seng Stock Connect Greater Bay Area Composite Index,Removal,
002594.SZ,2016-03-14,Hang Seng China 50 Index,Exclusion,
002594.SZ,2018-09-10,Hang Seng (China A) Corporate Sustainability Benchmark Index,Inclusion,910.0
002594.SZ,2020-09-07,Hang Seng (China A) Corporate Sustainability Index,Inclusion,728.0
002600.SZ,2021-09-06,Hang Seng Stock Connect Greater Bay Area Composite Index,Removal,
002601.SZ,2019-09-09,Hang Seng (China A) Corporate Sustainability Benchmark Index,Inclusion,
002601.SZ,2021-09-06,Hang Seng (China A) Corporate Sustainability Index,Inclusion,728.0
002611.SZ,2021-03-15,Hang Seng Stock Connect Greater Bay Area Composite Index,Removal,
002670.SZ,2024-03-04,Hang Seng Stock Connect Greater Bay Area Composite Index,Removal,
002714.SZ,2021-09-06,Hang Seng China 50 Index,Inclusion,
002714.SZ,2021-09-06,Hang Seng China A Top 100 Index,Inclusion,0.0
002717.SZ,2021-03-15,Hang Seng Stock Connect Greater Bay Area Composite Index,Removal,
002736.SZ,2018-03-05,Hang Seng China 50 Index,Exclusion,
002791.SZ,2020-09-07,Hang Seng Stock Connect Greater Bay Area Composite Index,Inclusion,
002815.SZ,2019-09-09,Hang Seng (China A) Corporate Sustainability Benchmark Index,Inclusion,
002815.SZ,2020-09-07,Hang Seng Stock Connect Greater Bay Area Composite Index,Removal,364.0
002850.SZ,2021-03-15,Hang Seng Stock Connect Greater Bay Area Composite Index,Inclusion,
0029.HK,2024-09-09,Hang Seng (China A) Corporate Sustainability Benchmark Index,Removal,
002916.SZ,2019-09-09,Hang Seng (China A) Corporate Sustainability Benchmark Index,Inclusion,
002916.SZ,2019-09-09,Hang Seng (China A) Corporate Sustainability Index,Inclusion,0.0
002916.SZ,2020-09-07,Hang Seng (China A) Corporate Sustainability Index,Removal,364.0
002967.SZ,2021-03-15,Hang Seng Stock Connect Greater Bay Area Composite Index,Inclusion,
002967.SZ,2024-09-09,Hang Seng Stock Connect Greater Bay Area Composite Index,Removal,1274.0
003012.SZ,2021-09-06,Hang Seng Stock Connect Greater Bay Area Composite Index,Inclusion,
0035.HK,2020-09-07,Hang Seng Composite Index,Inclusion,
0035.HK,2021-03-15,Hang Seng Composite Index,Removal,189.0
003816.SZ,2020-09-07,Hang Seng China A Industry Top Index,Inclusion,
003816.SZ,2020-09-07,Hang Seng China A Top 100 Index,Inclusion,0.0
0041.HK,2018-03-05,Hang Seng Composite LargeCap & MidCap Index,Exclusion,
0041.HK,2018-09-10,Hang Seng Corporate Sustainability Benchmark Index,Exclusion,189.0
0041.HK,2020-09-07,Hang Seng Composite Index,Inclusion,728.0
0041.HK,2020-09-07,Hang Seng Stock Connect Greater Bay Area Composite Index,Inclusion,0.0
0041.HK,2021-03-15,Hang Seng Composite Index,Removal,189.0
0041.HK,2021-03-15,Hang Seng Stock Connect Greater Bay Area Composite Index,Removal,0.0
0041.HK,2025-03-10,Hang Seng Composite Index,Inclusion,1456.0
0043.HK,2017-09-04,Hang Seng Composite LargeCap & MidCap Index,Inclusion,
0043.HK,2018-09-10,Hang Seng Composite LargeCap & MidCap Index,Exclusion,371.0
0043.HK,2021-09-06,Hang Seng Composite Index,Inclusion,1092.0
0045.HK,2018-03-05,Hang Seng Composite LargeCap & MidCap Index,Inclusion,
0045.HK,2018-09-10,Hang Seng Corporate Sustainability Benchmark Index,Inclusion,189.0
0045.HK,2019-09-09,Hang Seng Composite LargeCap & MidCap Index,Exclusion,364.0
0045.HK,2019-09-09,Hang Seng Corporate Sustainability Benchmark Index,Exclusion,0.0
0048.HK,2024-09-09,Hang Seng (China A) Corporate Sustainability Benchmark Index,Inclusion,
0052.HK,2019-09-09,Hang Seng Corporate Sustainability Benchmark Index,Inclusion,
0052.HK,2020-03-09,Hang Seng Composite Index,Removal,182.0
0054.HK,2016-03-14,Hang Seng Composite LargeCap & MidCap Index,Exclusion,
0054.HK,2018-09-10,Hang Seng Composite LargeCap & MidCap Index,Inclusion,910.0
0054.HK,2018-09-10,Hang Seng Corporate Sustainability Benchmark Index,Inclusion,0.0
0054.HK,2019-03-11,Hang Seng Composite LargeCap & MidCap Index,Exclusion,182.0
0059.HK,2021-03-15,Hang Seng Stock Connect Greater Bay Area Composite Index,Removal,
0066.HK,2018-09-10,Hang Seng Corporate Sustainability Benchmark Index,Exclusion,
0066.HK,2018-09-10,Hang Seng Corporate Sustainability Index,Exclusion,0.0
0066.HK,2021-09-06,Hang Seng Corporate Sustainability Index,Inclusion,1092.0
0066.HK,2021-09-06,Hang Seng ESG 50 Index,Inclusion,0.0
0069.HK,2017-09-04,Hang Seng Corporate Sustainability Index,Exclusion,
0069.HK,2018-09-10,Hang Seng Corporate Sustainability Index,Inclusion,371.0
0069.HK,2020-09-07,Hang Seng Corporate Sustainability Index,Removal,728.0
0069.HK,2021-09-06,Hang Seng ESG 50 Index,Removal,364.0
0069.HK,2021-09-06,Hang Seng Stock Connect Greater Bay Area Composite Index,Inclusion,0.0
0069.HK,2024-09-09,Hang Seng Corporate Sustainability Benchmark Index,Removal,1099.0
0078.HK,2018-09-10,Hang Seng Corporate Sustainability Benchmark Index,Inclusion,
0078.HK,2020-09-07,Hang Seng Composite Index,Removal,728.0
0081.HK,2016-09-05,Hang Seng Composite LargeCap & MidCap Index,Exclusion,
0083.HK,2020-09-07,Hang Seng Index,Removal,
0086.HK,2017-03-06,Hang Seng Composite LargeCap & MidCap Index,Exclusion,
0087.HK,2018-03-05,Hang Seng Composite LargeCap & MidCap Index,Inclusion,
0087.HK,2018-09-10,Hang Seng Corporate Sustainability Benchmark Index,Inclusion,189.0
0087.HK,2018-09-10,Hang Seng Corporate Sustainability Index,Inclusion,0.0
0095.HK,2025-03-10,Hang Seng Composite Index,Removal,
0104.HK,2024-09-09,Hang Seng (China A) Corporate Sustainability Benchmark Index,Removal,
0109.HK,2016-03-14,Hang Seng Composite LargeCap & MidCap Index,Inclusion,
0109.HK,2017-03-06,Hang Seng Composite LargeCap & MidCap Index,Exclusion,357.0
0115.HK,2024-09-09,Hang Seng (China A) Corporate Sustainability Benchmark Index,Removal,
0116.HK,2020-03-09,Hang Seng Composite Index,Inclusion,
0120.HK,2020-03-09,Hang Seng Composite Index,Inclusion,
0120.HK,2021-03-15,Hang Seng Composite Index,Removal,371.0
0120.HK,2024-09-09,Hang Seng Composite Index,Removal,1274.0
0123.HK,2019-09-09,Hang Seng Corporate Sustainability Benchmark Index,Inclusion,
0123.HK,2024-09-09,Hang Seng Corporate Sustainability Benchmark Index,Inclusion,1827.0
0123.HK,2024-09-09,Hang Seng ESG 50 Index,Inclusion,0.0
0124.HK,2024-09-09,Hang Seng (China A) Corporate Sustainability Benchmark Index,Inclusion,
0127.HK,2018-03-05,Hang Seng Composite LargeCap & MidCap Index,Inclusion,
0127.HK,2019-09-09,Hang Seng Composite LargeCap & MidCap Index,Exclusion,553.0
0135.HK,2017-12-04,Hang Seng Index,Exclusion,
0136.HK,2016-03-14,Hang Seng Composite LargeCap & MidCap Index,Inclusion,
0136.HK,2017-03-06,Hang Seng Composite LargeCap & MidCap Index,Exclusion,357.0
0136.HK,2017-09-04,Hang Seng Composite LargeCap & MidCap Index,Inclusion,182.0
0136.HK,2020-12-07,Hang Seng TECH Index,Removal,1190.0
0142.HK,2018-09-10,Hang Seng Corporate Sustainability Benchmark Index,Inclusion,
0144.HK,2018-09-10,Hang Seng Index,Exclusion,
0144.HK,2024-09-09,Hang Seng Corporate Sustainability Benchmark Index,Inclusion,2191.0
0144.HK,2024-09-09,Hang Seng ESG 50 Index,Inclusion,0.0
0148.HK,2020-09-07,Hang Seng ESG 50 Index,Inclusion,
0148.HK,2021-09-06,Hang Seng ESG 50 Index,Removal,364.0
0151.HK,2019-09-09,Hang Seng China Enterprises Index,Inclusion,
0151.HK,2020-09-07,Hang Seng Index,Removal,364.0
0151.HK,2020-12-07,Hang Seng China Enterprises Index,Removal,91.0
0163.HK,2018-09-10,Hang Seng Corporate Sustainability Benchmark Index,Inclusion,
0163.HK,2019-09-09,Hang Seng Corporate Sustainability Benchmark Index,Exclusion,364.0
0165.HK,2024-09-09,Hang Seng Corporate Sustainability Benchmark Index,Removal,
0168.HK,2017-03-06,Hang Seng China AH Index Series,Exclusion,
0168.HK,2017-03-06,Hang Seng China Enterprises Index,Exclusion,0.0
0168.HK,2017-09-04,Hang Seng China AH Index Series,Inclusion,182.0
0168.HK,2019-09-09,Hang Seng Corporate Sustainability Benchmark Index,Exclusion,735.0
0173.HK,2018-09-10,Hang Seng Corporate Sustainability Benchmark Index,Inclusion,
0173.HK,2024-09-09,Hang Seng Composite Index,Inclusion,2191.0
0175.HK,2017-03-06,Hang Seng Index,Inclusion,
0175.HK,2018-09-10,Hang Seng Corporate Sustainability Benchmark Index,Inclusion,553.0
0175.HK,2019-09-09,Hang Seng China Enterprises Index,Inclusion,364.0
0175.HK,2020-09-07,Hang Seng ESG 50 Index,Removal,364.0
0175.HK,2021-09-06,Hang Seng ESG 50 Index,Inclusion,364.0
0177.HK,2017-09-04,Hang Seng China AH Index Series,Inclusion,
0178.HK,2020-03-09,Hang Seng Stock Connect Greater Bay Area Composite Index,Removal,
0178.HK,2021-03-15,Hang Seng Composite Index,Removal,371.0
0179.HK,2018-09-10,Hang Seng Corporate Sustainability Benchmark Index,Inclusion,
0200.HK,2018-09-10,Hang Seng Corporate Sustainability Benchmark Index,Exclusion,
0200.HK,2024-09-09,Hang Seng Stock Connect Greater Bay Area Composite Index,Removal,2191.0
0207.HK,2016-09-05,Hang Seng Composite LargeCap & MidCap Index,Exclusion,
0215.HK,2019-09-09,Hang Seng Corporate Sustainability Benchmark Index,Exclusion,
0215.HK,2020-09-07,Hang Seng Stock Connect Greater Bay Area Composite Index,Removal,364.0
0215.HK,2024-09-09,Hang Seng Corporate Sustainability Benchmark Index,Removal,1463.0
0241.HK,2020-12-07,Hang Seng China Enterprises Index,Inclusion,
0241.HK,2021-03-15,Hang Seng Index,Inclusion,98.0
0241.HK,2022-12-05,Hang Seng China Enterprises Index,Removal,630.0
0241.HK,2022-12-05,Hang Seng Stock Connect China Enterprises Index,Removal,0.0
0242.HK,2019-03-11,Hang Seng Composite LargeCap & MidCap Index,Exclusion,
0245.HK,2016-09-05,Hang Seng Composite LargeCap & MidCap Index,Inclusion,
0245.HK,2017-09-04,Hang Seng Composite LargeCap & MidCap Index,Exclusion,364.0
0257.HK,2021-09-06,Hang Seng Corporate Sustainability Index,Removal,
0257.HK,2021-09-06,Hang Seng ESG 50 Index,Removal,0.0
0267.HK,2018-03-05,Hang Seng China Enterprises Index,Inclusion,
0267.HK,2021-03-15,Hang Seng China 50 Index,Removal,1106.0
0267.HK,2024-09-09,Hang Seng Corporate Sustainability Benchmark Index,Inclusion,1274.0
0268.HK,2019-03-11,Hang Seng Composite LargeCap & MidCap Index,Inclusion,
0270.HK,2018-03-05,Hang Seng China Enterprises Index,Inclusion,
0270.HK,2021-06-07,Hang Seng China Enterprises Index,Removal,1190.0
0283.HK,2016-09-05,Hang Seng Composite LargeCap & MidCap Index,Exclusion,
0285.HK,2024-06-11,Hang Seng Index,Inclusion,
0288.HK,2017-09-04,Hang Seng Index,Inclusion,
0288.HK,2018-09-10,Hang Seng Corporate Sustainability Benchmark Index,Inclusion,371.0
0288.HK,2019-09-09,Hang Seng Corporate Sustainability Benchmark Index,Exclusion,364.0
0288.HK,2020-09-07,Hang Seng ESG 50 Index,Inclusion,364.0
0288.HK,2021-09-06,Hang Seng Corporate Sustainability Index,Inclusion,364.0
0291.HK,2016-03-14,Hang Seng Index,Exclusion,
0291.HK,2019-06-17,Hang Seng China Enterprises Index,Inclusion,1190.0
0291.HK,2021-12-06,Hang Seng Index,Inclusion,903.0
0291.HK,2026-03-09,Hang Seng HKEX Stock Connect China Enterprises Index,Removal,1554.0
0293.HK,2017-12-04,Hang Seng Index,Exclusion,
0293.HK,2021-09-06,Hang Seng Corporate Sustainability Index,Removal,1372.0
0297.HK,2017-09-04,Hang Seng Composite LargeCap & MidCap Index,Exclusion,
0297.HK,2018-09-10,Hang Seng Corporate Sustainability Benchmark Index,Exclusion,371.0
0300.HK,2024-12-09,Hang Seng Composite Index,Inclusion,
0300.HK,2024-12-09,Hang Seng TECH Index,Inclusion,0.0
0300.HK,2025-06-09,Hang Seng Index,Inclusion,182.0
0302.HK,2020-03-09,Hang Seng Composite Index,Inclusion,
0302.HK,2024-09-09,Hang Seng Composite Index,Removal,1645.0
0308.HK,2020-09-07,Hang Seng Stock Connect Greater Bay Area Composite Index,Removal,
0308.HK,2025-03-10,Hang Seng Composite Index,Inclusion,1645.0
0314.HK,2024-06-11,Hang Seng Hong Kong-Listed Biotech Index,Removal,
0314.HK,2024-09-09,Hang Seng Stock Connect Greater Bay Area Composite Index,Removal,90.0
0315.HK,2019-03-11,Hang Seng Composite LargeCap & MidCap Index,Exclusion,
0315.HK,2020-09-07,Hang Seng Stock Connect Greater Bay Area Composite Index,Removal,546.0
0315.HK,2021-09-06,Hang Seng Composite Index,Removal,364.0
0316.HK,2018-09-10,Hang Seng Corporate Sustainability Index,Inclusion,
0316.HK,2019-03-11,Hang Seng Composite LargeCap & MidCap Index,Exclusion,182.0
0316.HK,2019-09-09,Hang Seng Corporate Sustainability Benchmark Index,Exclusion,182.0
0316.HK,2019-09-09,Hang Seng Corporate Sustainability Index,Exclusion,0.0
0316.HK,2022-06-13,Hang Seng Index,Inclusion,1008.0
0317.HK,2016-03-14,Hang Seng China AH Index Series,Inclusion,
0317.HK,2018-09-10,Hang Seng Composite LargeCap & MidCap Index,Exclusion,910.0
0317.HK,2018-09-10,Hang Seng Stock Connect China AH Index Series,Exclusion,0.0
0317.HK,2020-09-07,Hang Seng Composite Index,Removal,728.0
0317.HK,2024-09-09,Hang Seng Composite Index,Inclusion,1463.0
0321.HK,2020-03-09,Hang Seng Composite Index,Removal,
0322.HK,2016-09-05,Hang Seng Index,Exclusion,
0322.HK,2022-12-05,Hang Seng Index,Inclusion,2282.0
0323.HK,2017-09-04,Hang Seng China AH Index Series,Inclusion,
0323.HK,2017-09-04,Hang Seng Corporate Sustainability Benchmark Index,Inclusion,0.0
0323.HK,2018-09-10,Hang Seng Corporate Sustainability Benchmark Index,Exclusion,371.0
0323.HK,2021-03-15,Hang Seng Composite Index,Removal,917.0
0325.HK,2025-06-09,Hang Seng Composite Index,Inclusion,
0327.HK,2021-03-15,Hang Seng Composite Index,Removal,
0330.HK,2018-09-10,Hang Seng Composite LargeCap & MidCap Index,Exclusion,
0330.HK,2019-09-09,Hang Seng Corporate Sustainability Benchmark Index,Exclusion,364.0
0333.HK,2024-09-09,Hang Seng (China A) Corporate Sustainability Benchmark Index,Inclusion,
0336.HK,2024-03-04,Hang Seng Stock Connect Greater Bay Area Composite Index,Removal,
0338.HK,2016-09-05,Hang Seng Composite LargeCap & MidCap Index,Inclusion,
0338.HK,2025-03-10,Hang Seng Composite Index,Removal,3108.0
0345.HK,2016-09-05,Hang Seng Composite LargeCap & MidCap Index,Inclusion,
0345.HK,2018-09-10,Hang Seng Corporate Sustainability Benchmark Index,Inclusion,735.0
0345.HK,2019-09-09,Hang Seng Corporate Sustainability Index,Inclusion,364.0
0345.HK,2021-09-06,Hang Seng Corporate Sustainability Index,Removal,728.0
0345.HK,2021-09-06,Hang Seng ESG 50 Index,Removal,0.0
0345.HK,2024-09-09,Hang Seng Stock Connect Greater Bay Area Composite Index,Removal,1099.0
0347.HK,2017-09-04,Hang Seng Corporate Sustainability Benchmark Index,Inclusion,
0347.HK,2018-09-10,Hang Seng Corporate Sustainability Benchmark Index,Exclusion,371.0
0347.HK,2021-03-15,Hang Seng Composite Index,Removal,917.0
0347.HK,2024-09-09,Hang Seng (China A) Corporate Sustainability Benchmark Index,Inclusion,1274.0
0363.HK,2017-09-04,Hang Seng Corporate Sustainability Benchmark Index,Exclusion,
0380.HK,2024-09-09,Hang Seng (China A) Corporate Sustainability Benchmark Index,Removal,
0384.HK,2018-03-05,Hang Seng China Enterprises Index,Inclusion,
0384.HK,2020-09-07,Hang Seng ESG 50 Index,Inclusion,917.0
0384.HK,2021-09-06,Hang Seng ESG 50 Index,Removal,364.0
0384.HK,2022-12-05,Hang Seng China Enterprises Index,Removal,455.0
0384.HK,2022-12-05,Hang Seng Stock Connect China Enterprises Index,Removal,0.0
0384.HK,2024-09-09,Hang Seng Corporate Sustainability Benchmark Index,Inclusion,644.0
0390.HK,2017-09-04,Hang Seng Corporate Sustainability Index,Inclusion,
0390.HK,2018-09-10,Hang Seng Corporate Sustainability Index,Exclusion,371.0
0390.HK,2019-12-09,Hang Seng China Enterprises Index,Exclusion,455.0
0390.HK,2020-09-07,Hang Seng ESG 50 Index,Removal,273.0
0400.HK,2016-03-14,Hang Seng Composite LargeCap & MidCap Index,Inclusion,
0400.HK,2018-09-10,Hang Seng Composite LargeCap & MidCap Index,Exclusion,910.0
0400.HK,2020-03-09,Hang Seng Composite Index,Removal,546.0
0405.HK,2016-03-14,Hang Seng Composite LargeCap & MidCap Index,Inclusion,
0405.HK,2018-09-10,Hang Seng Corporate Sustainability Benchmark Index,Exclusion,910.0
0410.HK,2025-03-10,Hang Seng Composite Index,Removal,
0412.HK,2016-09-05,Hang Seng Composite LargeCap & MidCap Index,Inclusion,
0412.HK,2017-03-06,Hang Seng Composite LargeCap & MidCap Index,Exclusion,182.0
0412.HK,2024-03-04,Hang Seng Composite Index,Inclusion,2555.0
0439.HK,2019-03-11,Hang Seng Composite LargeCap & MidCap Index,Exclusion,
0439.HK,2020-03-09,Hang Seng Composite Index,Removal,364.0
0440.HK,2021-03-15,Hang Seng Stock Connect Greater Bay Area Composite Index,Removal,
0451.HK,2020-09-07,Hang Seng Composite Index,Removal,
0460.HK,2016-09-05,Hang Seng Composite LargeCap & MidCap Index,Inclusion,
0467.HK,2019-03-11,Hang Seng Composite LargeCap & MidCap Index,Inclusion,
0467.HK,2021-03-15,Hang Seng Composite Index,Removal,735.0
0468.HK,2021-03-15,Hang Seng Composite Index,Removal,
0480.HK,2017-09-04,Hang Seng Corporate Sustainability Benchmark Index,Inclusion,
0480.HK,2018-09-10,Hang Seng Corporate Sustainability Benchmark Index,Exclusion,371.0
0486.HK,2018-09-10,Hang Seng Composite LargeCap & MidCap Index,Inclusion,
0489.HK,2019-09-09,Hang Seng China Enterprises Index,Exclusion,
0489.HK,2024-09-09,Hang Seng Corporate Sustainability Benchmark Index,Removal,1827.0
0494.HK,2017-03-06,Hang Seng Index,Exclusion,
0494.HK,2018-09-10,Hang Seng Corporate Sustainability Index,Exclusion,553.0
0496.HK,2021-03-15,Hang Seng Composite Index,Removal,
0506.HK,2017-09-04,Hang Seng Corporate Sustainability Benchmark Index,Inclusion,
0508.HK,2020-03-09,Hang Seng Composite Index,Removal,
0511.HK,2019-09-09,Hang Seng Composite LargeCap & MidCap Index,Exclusion,
0511.HK,2020-03-09,Hang Seng Composite Index,Removal,182.0
0511.HK,2020-03-09,Hang Seng Stock Connect Greater Bay Area Composite Index,Removal,0.0
0512.HK,2020-03-09,Hang Seng Composite Index,Removal,
0512.HK,2024-03-04,Hang Seng Hong Kong-Listed Biotech Index,Removal,1456.0
0512.HK,2024-12-09,Hang Seng Hong Kong-Listed Biotech Index,Inclusion,280.0
0517.HK,2018-09-10,Hang Seng Corporate Sustainability Benchmark Index,Inclusion,
0517.HK,2019-09-09,Hang Seng Corporate Sustainability Benchmark Index,Exclusion,364.0
0520.HK,2024-09-09,Hang Seng Composite Index,Removal,
0522.HK,2021-09-06,Hang Seng Stock Connect Greater Bay Area Composite Index,Inclusion,
0522.HK,2022-06-13,Hang Seng TECH Index,Removal,280.0
0522.HK,2024-09-09,Hang Seng TECH Index,Inclusion,819.0
0522.HK,2025-12-08,Hang Seng TECH Index,Removal,455.0
0525.HK,2019-03-11,Hang Seng Stock Connect China AH Index Series,Exclusion,
0525.HK,2020-09-07,Hang Seng Composite Index,Removal,546.0
0530.HK,2016-09-05,Hang Seng Composite LargeCap & MidCap Index,Exclusion,
0548.HK,2017-09-04,Hang Seng China AH Index Series,Inclusion,
0548.HK,2018-03-05,Hang Seng China AH Index Series,Exclusion,182.0
0548.HK,2019-09-09,Hang Seng Stock Connect China AH Index Series,Inclusion,553.0
0548.HK,2021-09-06,Hang Seng Composite Index,Removal,728.0
0551.HK,2021-09-06,Hang Seng Stock Connect Greater Bay Area Composite Index,Inclusion,
0552.HK,2017-09-04,Hang Seng Corporate Sustainability Benchmark Index,Exclusion,
0558.HK,2024-09-09,Hang Seng Stock Connect Greater Bay Area Composite Index,Removal,
0563.HK,2021-03-15,Hang Seng Composite Index,Removal,
0567.HK,2024-09-09,Hang Seng (China A) Corporate Sustainability Benchmark Index,Inclusion,
0579.HK,2020-03-09,Hang Seng Composite Index,Removal,
0581.HK,2018-09-10,Hang Seng Composite LargeCap & MidCap Index,Inclusion,
0582.HK,2018-03-05,Hang Seng Composite LargeCap & MidCap Index,Inclusion,
0582.HK,2019-09-09,Hang Seng Composite LargeCap & MidCap Index,Exclusion,553.0
0582.HK,2020-09-07,Hang Seng Composite Index,Removal,364.0
0586.HK,2019-09-09,Hang Seng Corporate Sustainability Benchmark Index,Inclusion,
0586.HK,2020-03-09,Hang Seng China Enterprises Index,Inclusion,182.0
0586.HK,2021-03-15,Hang Seng China Enterprises Index,Removal,371.0
0588.HK,2024-09-09,Hang Seng (China A) Corporate Sustainability Benchmark Index,Removal,
0598.HK,2019-09-09,Hang Seng Stock Connect China AH Index Series,Inclusion,
0598.HK,2021-03-15,Hang Seng Composite Index,Removal,553.0
0598.HK,2024-09-09,Hang Seng Composite Index,Inclusion,1274.0
0606.HK,2018-09-10,Hang Seng Corporate Sustainability Benchmark Index,Exclusion,
0607.HK,2016-03-14,Hang Seng Composite LargeCap & MidCap Index,Inclusion,
0607.HK,2020-09-07,Hang Seng Composite Index,Removal,1638.0
0612.HK,2019-03-11,Hang Seng Composite LargeCap & MidCap Index,Inclusion,
0639.HK,2016-09-05,Hang Seng Composite LargeCap & MidCap Index,Exclusion,
0650.HK,2024-09-09,Hang Seng Composite Index,Removal,
0655.HK,2024-09-09,Hang Seng (China A) Corporate Sustainability Benchmark Index,Inclusion,
0656.HK,2019-09-09,Hang Seng China Enterprises Index,Inclusion,
0656.HK,2020-12-07,Hang Seng China Enterprises Index,Removal,455.0
0656.HK,2021-09-06,Hang Seng ESG 50 Index,Inclusion,273.0
0656.HK,2024-09-09,Hang Seng Corporate Sustainability Index,Removal,1099.0
0656.HK,2024-09-09,Hang Seng ESG 50 Index,Removal,0.0
0658.HK,2017-03-06,Hang Seng Composite LargeCap & MidCap Index,Inclusion,
0659.HK,2020-09-07,Hang Seng Corporate Sustainability Index,Inclusion,
0659.HK,2020-09-07,Hang Seng ESG 50 Index,Inclusion,0.0
0659.HK,2021-09-06,Hang Seng Corporate Sustainability Index,Removal,364.0
0659.HK,2021-09-06,Hang Seng ESG 50 Index,Removal,0.0
0659.HK,2025-03-10,Hang Seng Composite Index,Removal,1281.0
0666.HK,2024-03-04,Hang Seng Composite Index,Inclusion,
0667.HK,2019-09-09,Hang Seng Composite LargeCap & MidCap Index,Inclusion,
0669.HK,2019-03-11,Hang Seng Index,Inclusion,
0669.HK,2021-09-06,Hang Seng ESG 50 Index,Inclusion,910.0
0670.HK,2017-09-04,Hang Seng Corporate Sustainability Benchmark Index,Exclusion,
0680.HK,2016-09-05,Hang Seng Composite LargeCap & MidCap Index,Inclusion,
0680.HK,2018-09-10,Hang Seng Composite LargeCap & MidCap Index,Exclusion,735.0
0683.HK,2018-09-10,Hang Seng Corporate Sustainability Index,Inclusion,
0683.HK,2021-09-06,Hang Seng Corporate Sustainability Index,Removal,1092.0
0683.HK,2021-09-06,Hang Seng ESG 50 Index,Removal,0.0
0683.HK,2024-09-09,Hang Seng ESG 50 Index,Removal,1099.0
0686.HK,2021-03-15,Hang Seng Composite Index,Removal,
0687.HK,2020-09-07,Hang Seng Composite Index,Removal,
0688.HK,2020-12-07,Hang Seng China Enterprises Index,Inclusion,
0688.HK,2021-09-06,Hang Seng China 50 Index,Removal,273.0
0688.HK,2024-09-09,Hang Seng Corporate Sustainability Index,Inclusion,1099.0
0691.HK,2019-03-11,Hang Seng Composite LargeCap & MidCap Index,Inclusion,
0691.HK,2019-09-09,Hang Seng Composite LargeCap & MidCap Index,Exclusion,182.0
0696.HK,2016-09-05,Hang Seng Composite LargeCap & MidCap Index,Inclusion,
0697.HK,2020-03-09,Hang Seng Composite Index,Inclusion,
0697.HK,2024-09-09,Hang Seng Composite Index,Removal,1645.0
0697.HK,2025-03-10,Hang Seng Composite Index,Inclusion,182.0
0698.HK,2017-09-04,Hang Seng Composite LargeCap & MidCap Index,Inclusion,
0698.HK,2019-03-11,Hang Seng Composite LargeCap & MidCap Index,Exclusion,553.0
0698.HK,2021-03-15,Hang Seng Composite Index,Removal,735.0
0699.HK,2020-03-09,Hang Seng Composite Index,Removal,
0699.HK,2020-09-07,Hang Seng Composite Index,Inclusion,182.0
0700.HK,2018-03-05,Hang Seng China Enterprises Index,Inclusion,
0700.HK,2024-09-09,Hang Seng Corporate Sustainability Benchmark Index,Inclusion,2380.0
0700.HK,2024-09-09,Hang Seng ESG 50 Index,Inclusion,0.0
0709.HK,2020-09-07,Hang Seng Composite Index,Removal,
0715.HK,2016-03-14,Hang Seng Composite LargeCap & MidCap Index,Inclusion,
0715.HK,2017-03-06,Hang Seng Composite LargeCap & MidCap Index,Exclusion,357.0
0728.HK,2020-12-07,Hang Seng China Enterprises Index,Removal,
0728.HK,2021-03-15,Hang Seng China 50 Index,Removal,98.0
0732.HK,2018-09-10,Hang Seng Composite LargeCap & MidCap Index,Exclusion,
0732.HK,2020-09-07,Hang Seng Composite Index,Removal,728.0
0732.HK,2024-09-09,Hang Seng (China A) Corporate Sustainability Benchmark Index,Removal,1463.0
0737.HK,2019-03-11,Hang Seng Composite LargeCap & MidCap Index,Exclusion,
0737.HK,2019-09-09,Hang Seng Corporate Sustainability Benchmark Index,Exclusion,182.0
0743.HK,2025-03-10,Hang Seng Composite Index,Removal,
0751.HK,2019-03-11,Hang Seng Composite LargeCap & MidCap Index,Exclusion,
0751.HK,2020-03-09,Hang Seng Stock Connect Greater Bay Area Composite Index,Removal,364.0
0753.HK,2019-06-17,Hang Seng China Enterprises Index,Exclusion,
0754.HK,2016-09-05,Hang Seng Composite LargeCap & MidCap Index,Exclusion,
0754.HK,2018-03-05,Hang Seng Composite LargeCap & MidCap Index,Inclusion,546.0
0759.HK,2024-09-09,Hang Seng (China A) Corporate Sustainability Benchmark Index,Inclusion,
0760.HK,2024-09-09,Hang Seng (China A) Corporate Sustainability Benchmark Index,Inclusion,
0762.HK,2020-06-08,Hang Seng China Enterprises Index,Inclusion,
0762.HK,2020-09-07,Hang Seng China 50 Index,Removal,91.0
0762.HK,2021-06-07,Hang Seng China Enterprises Index,Removal,273.0
0762.HK,2024-03-04,Hang Seng China Enterprises Index,Inclusion,1001.0
0762.HK,2024-03-04,Hang Seng Stock Connect China Enterprises Index,Inclusion,0.0
0762.HK,2024-09-09,Hang Seng Corporate Sustainability Benchmark Index,Removal,189.0
0762.HK,2024-09-09,Hang Seng ESG 50 Index,Removal,0.0
0763.HK,2018-09-10,Hang Seng Corporate Sustainability Benchmark Index,Exclusion,
0763.HK,2021-06-07,Hang Seng TECH Index,Removal,1001.0
0772.HK,2018-03-05,Hang Seng Composite LargeCap & MidCap Index,Inclusion,
0772.HK,2025-06-09,Hang Seng TECH Index,Removal,2653.0
0775.HK,2021-03-15,Hang Seng Composite Index,Inclusion,
0777.HK,2017-03-06,Hang Seng Composite LargeCap & MidCap Index,Inclusion,
0777.HK,2019-03-11,Hang Seng Composite LargeCap & MidCap Index,Exclusion,735.0
0777.HK,2020-12-07,Hang Seng TECH Index,Removal,637.0
0778.HK,2017-09-04,Hang Seng Corporate Sustainability Benchmark Index,Inclusion,
0780.HK,2019-03-11,Hang Seng Composite LargeCap & MidCap Index,Inclusion,
0780.HK,2024-03-04,Hang Seng TECH Index,Inclusion,1820.0
0787.HK,2018-03-05,Hang Seng Composite LargeCap & MidCap Index,Exclusion,
0787.HK,2019-09-09,Hang Seng Corporate Sustainability Benchmark Index,Exclusion,553.0
0788.HK,2018-12-10,Hang Seng China Enterprises Index,Inclusion,
0788.HK,2018-12-10,Hang Seng Composite LargeCap & MidCap Index,Inclusion,0.0
0788.HK,2019-09-09,Hang Seng China 50 Index,Inclusion,273.0
0788.HK,2021-06-07,Hang Seng China Enterprises Index,Removal,637.0
0788.HK,2021-09-06,Hang Seng China 50 Index,Removal,91.0
0801.HK,2024-09-09,Hang Seng (China A) Corporate Sustainability Benchmark Index,Inclusion,
0806.HK,2021-03-15,Hang Seng Stock Connect Greater Bay Area Composite Index,Removal,
0806.HK,2025-03-10,Hang Seng Composite Index,Removal,1456.0
0808.HK,2019-09-09,Hang Seng Corporate Sustainability Benchmark Index,Inclusion,
0808.HK,2021-03-15,Hang Seng Composite Index,Removal,553.0
0813.HK,2020-06-08,Hang Seng China Enterprises Index,Inclusion,
0813.HK,2021-09-06,Hang Seng China Enterprises Index,Removal,455.0
0813.HK,2024-03-04,Hang Seng Composite Index,Inclusion,910.0
0813.HK,2024-09-09,Hang Seng Composite Index,Removal,189.0
0819.HK,2018-09-10,Hang Seng Corporate Sustainability Benchmark Index,Exclusion,
0825.HK,2024-09-09,Hang Seng (China A) Corporate Sustainability Benchmark Index,Inclusion,
0826.HK,2020-03-09,Hang Seng Composite Index,Inclusion,
0829.HK,2016-03-14,Hang Seng Composite LargeCap & MidCap Index,Exclusion,
0836.HK,2019-03-11,Hang Seng Index,Exclusion,
0836.HK,2020-09-07,Hang Seng ESG 50 Index,Inclusion,546.0
0839.HK,2018-09-10,Hang Seng Composite LargeCap & MidCap Index,Inclusion,
0857.HK,2021-03-15,Hang Seng China Enterprises Index,Removal,
0857.HK,2022-12-05,Hang Seng China Enterprises Index,Inclusion,630.0
0857.HK,2022-12-05,Hang Seng Stock Connect China Enterprises Index,Inclusion,0.0
0860.HK,2020-03-09,Hang Seng Composite Index,Removal,
0861.HK,2018-03-05,Hang Seng Composite LargeCap & MidCap Index,Exclusion,
0868.HK,2021-09-06,Hang Seng Index,Inclusion,
0873.HK,2021-03-15,Hang Seng Composite Index,Inclusion,
0874.HK,2021-09-06,Hang Seng Composite Index,Removal,
0881.HK,2022-06-13,Hang Seng Index,Inclusion,
0881.HK,2022-12-05,Hang Seng China Enterprises Index,Inclusion,175.0
0881.HK,2022-12-05,Hang Seng Stock Connect China Enterprises Index,Inclusion,0.0
0881.HK,2024-03-04,Hang Seng China Enterprises Index,Removal,455.0
0881.HK,2024-03-04,Hang Seng Stock Connect China Enterprises Index,Removal,0.0
0883.HK,2018-03-05,Hang Seng China Enterprises Index,Inclusion,
0884.HK,2016-09-05,Hang Seng Composite LargeCap & MidCap Index,Inclusion,
0884.HK,2021-09-06,Hang Seng ESG 50 Index,Inclusion,1827.0
0884.HK,2024-03-04,Hang Seng Composite Index,Inclusion,910.0
0884.HK,2024-09-09,Hang Seng Corporate Sustainability Benchmark Index,Inclusion,189.0
0884.HK,2025-03-10,Hang Seng Composite Index,Removal,182.0
0895.HK,2021-09-06,Hang Seng Stock Connect Greater Bay Area Composite Index,Removal,
0902.HK,2017-03-06,Hang Seng China 50 Index,Exclusion,
0902.HK,2019-06-17,Hang Seng China Enterprises Index,Exclusion,833.0
0906.HK,2020-09-07,Hang Seng Composite Index,Removal,
0906.HK,2024-09-09,Hang Seng Composite Index,Inclusion,1463.0
0909.HK,2020-12-07,Hang Seng Composite LargeCap & MidCap Index,Inclusion,
0909.HK,2020-12-07,Hang Seng TECH Index,Inclusion,0.0
0909.HK,2021-03-15,Hang Seng Stock Connect Greater Bay Area Composite Index,Inclusion,98.0
0911.HK,2016-03-14,Hang Seng Composite LargeCap & MidCap Index,Inclusion,
0911.HK,2017-03-06,Hang Seng Composite LargeCap & MidCap Index,Exclusion,357.0
0914.HK,2020-03-09,Hang Seng China 50 Index,Inclusion,
0914.HK,2021-09-06,Hang Seng China Enterprises Index,Removal,546.0
0916.HK,2017-12-04,Hang Seng China Enterprises Index,Exclusion,
0917.HK,2024-09-09,Hang Seng Composite Index,Inclusion,
0919.HK,2024-09-09,Hang Seng (China A) Corporate Sustainability Benchmark Index,Removal,
0921.HK,2017-09-04,Hang Seng China AH Index Series,Inclusion,
0921.HK,2019-03-11,Hang Seng Stock Connect China AH Index Series,Exclusion,553.0
0921.HK,2019-09-09,Hang Seng Stock Connect China AH Index Series,Inclusion,182.0
0921.HK,2024-03-04,Hang Seng Composite Index,Inclusion,1638.0
0931.HK,2018-09-10,Hang Seng Composite LargeCap & MidCap Index,Exclusion,
0931.HK,2020-03-09,Hang Seng Composite Index,Removal,546.0
0933.HK,2017-09-04,Hang Seng Composite LargeCap & MidCap Index,Exclusion,
0933.HK,2024-09-09,Hang Seng Composite Index,Removal,2562.0
0934.HK,2019-03-11,Hang Seng Composite LargeCap & MidCap Index,Exclusion,
0939.HK,2018-09-10,Hang Seng Corporate Sustainability Benchmark Index,Exclusion,
0941.HK,2018-03-05,Hang Seng China Enterprises Index,Inclusion,
0941.HK,2019-09-09,Hang Seng Corporate Sustainability Index,Exclusion,553.0
0941.HK,2021-09-06,Hang Seng Corporate Sustainability Index,Inclusion,728.0
0950.HK,2020-03-09,Hang Seng Composite Index,Removal,
0951.HK,2020-03-09,Hang Seng Composite Index,Removal,
0958.HK,2016-03-14,Hang Seng Composite LargeCap & MidCap Index,Inclusion,
0960.HK,2019-06-17,Hang Seng China Enterprises Index,Inclusion,
0960.HK,2021-03-15,Hang Seng Index,Inclusion,637.0
0960.HK,2024-09-09,Hang Seng Corporate Sustainability Benchmark Index,Removal,1274.0
0960.HK,2024-12-09,Hang Seng China Enterprises Index,Removal,91.0
0966.HK,2019-09-09,Hang Seng China Enterprises Index,Inclusion,
0966.HK,2020-12-07,Hang Seng China Enterprises Index,Removal,455.0
0968.HK,2018-09-10,Hang Seng Corporate Sustainability Benchmark Index,Inclusion,
0968.HK,2021-06-07,Hang Seng Index,Inclusion,1001.0
0968.HK,2024-06-11,Hang Seng China Enterprises Index,Removal,1100.0
0968.HK,2024-06-11,Hang Seng Stock Connect China Enterprises Index,Removal,0.0
0973.HK,2018-09-10,Hang Seng Composite LargeCap & MidCap Index,Inclusion,
0973.HK,2021-03-15,Hang Seng Composite Index,Removal,917.0
0975.HK,2024-09-09,Hang Seng Composite Index,Inclusion,
0978.HK,2021-09-06,Hang Seng Composite Index,Removal,
0981.HK,2018-09-10,Hang Seng Corporate Sustainability Index,Inclusion,
0981.HK,2020-12-07,Hang Seng China Enterprises Index,Inclusion,819.0
0981.HK,2022-06-13,Hang Seng Index,Inclusion,553.0
0991.HK,2017-03-06,Hang Seng China AH Index Series,Exclusion,
0991.HK,2017-09-04,Hang Seng China AH Index Series,Inclusion,182.0
0991.HK,2017-09-04,Hang Seng Composite LargeCap & MidCap Index,Exclusion,0.0
0991.HK,2017-09-04,Hang Seng Corporate Sustainability Benchmark Index,Inclusion,0.0
0991.HK,2019-03-11,Hang Seng Stock Connect China AH Index Series,Exclusion,553.0
0992.HK,2018-06-04,Hang Seng Index,Exclusion,
0992.HK,2022-06-13,Hang Seng China Enterprises Index,Inclusion,1470.0
0996.HK,2018-09-10,Hang Seng Composite LargeCap & MidCap Index,Exclusion,
0998.HK,2017-09-04,Hang Seng Corporate Sustainability Benchmark Index,Exclusion,
0998.HK,2020-12-07,Hang Seng China Enterprises Index,Removal,1190.0
0998.HK,2021-09-06,Hang Seng China 50 Index,Removal,273.0
0999.HK,2024-09-09,Hang Seng (China A) Corporate Sustainability Benchmark Index,Removal,
0999.HK,2025-03-10,Hang Seng Composite Index,Inclusion,182.0
1024.HK,2021-09-06,Hang Seng China 50 Index,Inclusion,
1024.HK,2024-12-09,Hang Seng Index,Inclusion,1190.0
1030.HK,2018-03-05,Hang Seng Composite LargeCap & MidCap Index,Inclusion,
1031.HK,2017-09-04,Hang Seng Composite LargeCap & MidCap Index,Inclusion,
1031.HK,2018-03-05,Hang Seng Composite LargeCap & MidCap Index,Exclusion,182.0
1033.HK,2017-09-04,Hang Seng China AH Index Series,Exclusion,
1038.HK,2016-03-14,Hang Seng Index,Inclusion,
1044.HK,2018-03-05,Hang Seng China Enterprises Index,Inclusion,
1044.HK,2021-03-15,Hang Seng China Enterprises Index,Removal,1106.0
1044.HK,2024-09-09,Hang Seng Corporate Sustainability Benchmark Index,Inclusion,1274.0
1052.HK,2021-09-06,Hang Seng Stock Connect Greater Bay Area Composite Index,Removal,
1065.HK,2017-09-04,Hang Seng China AH Index Series,Inclusion,
1065.HK,2018-03-05,Hang Seng China AH Index Series,Exclusion,182.0
1070.HK,2019-09-09,Hang Seng Corporate Sustainability Benchmark Index,Inclusion,
1071.HK,2016-03-14,Hang Seng Composite LargeCap & MidCap Index,Inclusion,
1071.HK,2017-03-06,Hang Seng Composite LargeCap & MidCap Index,Exclusion,357.0
1071.HK,2021-03-15,Hang Seng Composite Index,Removal,1470.0
1071.HK,2024-09-09,Hang Seng Composite Index,Inclusion,1274.0
1072.HK,2017-03-06,Hang Seng China AH Index Series,Exclusion,
1076.HK,2016-09-05,Hang Seng Composite LargeCap & MidCap Index,Exclusion,
1086.HK,2020-03-09,Hang Seng Composite Index,Removal,
1088.HK,2018-09-10,Hang Seng Corporate Sustainability Benchmark Index,Exclusion,
1088.HK,2020-09-07,Hang Seng Index,Removal,728.0
1088.HK,2020-12-07,Hang Seng China Enterprises Index,Removal,91.0
1088.HK,2024-09-09,Hang Seng (China A) Corporate Sustainability Benchmark Index,Removal,1372.0
1093.HK,2018-03-05,Hang Seng China Enterprises Index,Inclusion,
1093.HK,2018-06-04,Hang Seng Index,Inclusion,91.0
1099.HK,2019-09-09,Hang Seng Corporate Sustainability Benchmark Index,Inclusion,
1099.HK,2020-09-07,Hang Seng China Enterprises Index,Removal,364.0
1108.HK,2024-09-09,Hang Seng (China A) Corporate Sustainability Benchmark Index,Removal,
1109.HK,2017-09-04,Hang Seng Corporate Sustainability Benchmark Index,Inclusion,
1109.HK,2018-03-05,Hang Seng China Enterprises Index,Inclusion,182.0
1109.HK,2018-09-10,Hang Seng Corporate Sustainability Index,Inclusion,189.0
1109.HK,2020-03-09,Hang Seng China 50 Index,Inclusion,546.0
1109.HK,2020-09-07,Hang Seng Corporate Sustainability Index,Removal,182.0
1109.HK,2021-03-15,Hang Seng China 50 Index,Removal,189.0
1109.HK,2021-09-06,Hang Seng Corporate Sustainability Index,Inclusion,175.0
1111.HK,2016-09-05,Hang Seng Composite LargeCap & MidCap Index,Exclusion,
1112.HK,2018-09-10,Hang Seng Corporate Sustainability Benchmark Index,Inclusion,
1112.HK,2020-09-07,Hang Seng ESG 50 Index,Removal,728.0
1113.HK,2017-09-04,Hang Seng Corporate Sustainability Benchmark Index,Exclusion,
1113.HK,2021-09-06,Hang Seng ESG 50 Index,Inclusion,1463.0
1117.HK,2018-09-10,Hang Seng Composite LargeCap & MidCap Index,Exclusion,
1119.HK,2021-09-06,Hang Seng Composite Index,Removal,
1119.HK,2025-03-10,Hang Seng Composite Index,Removal,1281.0
1131.HK,2020-09-07,Hang Seng Composite Index,Removal,
1137.HK,2021-09-06,Hang Seng Composite Index,Inclusion,
1138.HK,2017-09-04,Hang Seng China AH Index Series,Inclusion,
1138.HK,2018-09-10,Hang Seng Corporate Sustainability Benchmark Index,Inclusion,371.0
1138.HK,2021-09-06,Hang Seng Composite Index,Removal,1092.0
1141.HK,2018-03-05,Hang Seng Composite LargeCap & MidCap Index,Inclusion,
1141.HK,2019-09-09,Hang Seng Composite LargeCap & MidCap Index,Exclusion,553.0
1141.HK,2020-09-07,Hang Seng Composite Index,Inclusion,364.0
1157.HK,2016-03-14,Hang Seng Composite LargeCap & MidCap Index,Exclusion,
1157.HK,2019-03-11,Hang Seng Stock Connect China AH Index Series,Exclusion,1092.0
1157.HK,2019-09-09,Hang Seng Stock Connect China AH Index Series,Inclusion,182.0
1165.HK,2016-09-05,Hang Seng Composite LargeCap & MidCap Index,Exclusion,
1167.HK,2021-03-15,Hang Seng Composite Index,Inclusion,
1176.HK,2024-09-09,Hang Seng Composite Index,Removal,
1177.HK,2018-09-10,Hang Seng Index,Inclusion,
1177.HK,2019-12-09,Hang Seng China Enterprises Index,Inclusion,455.0
1177.HK,2025-03-10,Hang Seng China Enterprises Index,Removal,1918.0
1179.HK,2020-12-07,Hang Seng Composite LargeCap & MidCap Index,Inclusion,
1186.HK,2016-03-14,Hang Seng China 50 Index,Inclusion,
1186.HK,2016-12-05,Hang Seng China Enterprises Index,Inclusion,266.0
1186.HK,2018-03-05,Hang Seng China Enterprises Index,Exclusion,455.0
1186.HK,2018-09-10,Hang Seng China 50 Index,Exclusion,189.0
1193.HK,2019-12-09,Hang Seng China Enterprises Index,Inclusion,
1193.HK,2021-03-15,Hang Seng China Enterprises Index,Removal,462.0
1199.HK,2019-09-09,Hang Seng Corporate Sustainability Benchmark Index,Exclusion,
1205.HK,2017-03-06,Hang Seng Composite LargeCap & MidCap Index,Exclusion,
1205.HK,2020-09-07,Hang Seng Composite Index,Removal,1281.0
1208.HK,2019-09-09,Hang Seng Corporate Sustainability Benchmark Index,Exclusion,
1209.HK,2021-03-15,Hang Seng Composite Index,Inclusion,
1209.HK,2021-03-15,Hang Seng Stock Connect Greater Bay Area Composite Index,Inclusion,0.0
1209.HK,2022-12-05,Hang Seng Index,Inclusion,630.0
1211.HK,2016-03-14,Hang Seng China 50 Index,Exclusion,
1211.HK,2020-09-07,Hang Seng China Enterprises Index,Removal,1638.0
1211.HK,2021-06-07,Hang Seng China Enterprises Index,Inclusion,273.0
1211.HK,2021-06-07,Hang Seng Index,Inclusion,0.0
1211.HK,2021-09-06,Hang Seng China 50 Index,Inclusion,91.0
1211.HK,2025-06-09,Hang Seng TECH Index,Inclusion,1372.0
1212.HK,2016-09-05,Hang Seng Composite LargeCap & MidCap Index,Exclusion,
1212.HK,2017-09-04,Hang Seng Composite LargeCap & MidCap Index,Inclusion,364.0
1230.HK,2017-09-04,Hang Seng Composite LargeCap & MidCap Index,Exclusion,
1233.HK,2018-09-10,Hang Seng Composite LargeCap & MidCap Index,Inclusion,
1238.HK,2024-09-09,Hang Seng Composite Index,Removal,
1244.HK,2024-09-09,Hang Seng Composite Index,Removal,
1244.HK,2024-12-09,Hang Seng Hong Kong-Listed Biotech Index,Removal,91.0
1257.HK,2018-09-10,Hang Seng Corporate Sustainability Benchmark Index,Inclusion,
1268.HK,2020-03-09,Hang Seng Composite Index,Inclusion,
1268.HK,2020-09-07,Hang Seng Stock Connect Greater Bay Area Composite Index,Inclusion,182.0
1268.HK,2024-09-09,Hang Seng Stock Connect Greater Bay Area Composite Index,Removal,1463.0
1268.HK,2025-03-10,Hang Seng Composite Index,Removal,182.0
1269.HK,2018-03-05,Hang Seng Composite LargeCap & MidCap Index,Inclusion,
1269.HK,2021-03-15,Hang Seng Composite Index,Removal,1106.0
1274.HK,2024-09-09,Hang Seng Composite Index,Inclusion,
1277.HK,2024-09-09,Hang Seng Composite Index,Inclusion,
1282.HK,2016-03-14,Hang Seng Composite LargeCap & MidCap Index,Inclusion,
1282.HK,2019-03-11,Hang Seng Composite LargeCap & MidCap Index,Exclusion,1092.0
1282.HK,2020-03-09,Hang Seng Composite Index,Inclusion,364.0
1286.HK,2020-03-09,Hang Seng Composite Index,Inclusion,
1286.HK,2020-09-07,Hang Seng Composite Index,Removal,182.0
1293.HK,2019-03-11,Hang Seng Composite LargeCap & MidCap Index,Exclusion,
1293.HK,2021-03-15,Hang Seng Composite Index,Removal,735.0
1299.HK,2018-09-10,Hang Seng Corporate Sustainability Benchmark Index,Inclusion,
1299.HK,2019-09-09,Hang Seng Corporate Sustainability Index,Inclusion,364.0
1302.HK,2025-03-10,Hang Seng Biotech Index,Inclusion,
1308.HK,2016-03-14,Hang Seng Composite LargeCap & MidCap Index,Inclusion,
1308.HK,2018-09-10,Hang Seng Corporate Sustainability Benchmark Index,Exclusion,910.0
1311.HK,2024-09-09,Hang Seng (China A) Corporate Sustainability Benchmark Index,Inclusion,
1315.HK,2017-03-06,Hang Seng Composite LargeCap & MidCap Index,Inclusion,
1315.HK,2018-03-05,Hang Seng Composite LargeCap & MidCap Index,Exclusion,364.0
1316.HK,2017-09-04,Hang Seng Corporate Sustainability Benchmark Index,Inclusion,
1316.HK,2020-09-07,Hang Seng ESG 50 Index,Removal,1099.0
1318.HK,2025-03-10,Hang Seng Composite Index,Inclusion,
1333.HK,2017-09-04,Hang Seng Corporate Sustainability Benchmark Index,Exclusion,
1333.HK,2019-09-09,Hang Seng Corporate Sustainability Benchmark Index,Inclusion,735.0
1336.HK,2018-03-05,Hang Seng China 50 Index,Inclusion,
1336.HK,2019-03-11,Hang Seng China 50 Index,Exclusion,371.0
1336.HK,2020-06-08,Hang Seng China Enterprises Index,Removal,455.0
1337.HK,2018-09-10,Hang Seng Composite LargeCap & MidCap Index,Inclusion,
1339.HK,2017-09-04,Hang Seng Corporate Sustainability Benchmark Index,Exclusion,
1339.HK,2018-03-05,Hang Seng China 50 Index,Exclusion,182.0
1339.HK,2019-03-11,Hang Seng Stock Connect China AH Index Series,Inclusion,371.0
1339.HK,2019-09-09,Hang Seng China 50 Index,Inclusion,182.0
1339.HK,2020-03-09,Hang Seng China Enterprises Index,Removal,182.0
1339.HK,2021-09-06,Hang Seng China 50 Index,Removal,546.0
1341.HK,2024-09-09,Hang Seng Composite Index,Inclusion,
1347.HK,2017-09-04,Hang Seng Corporate Sustainability Benchmark Index,Inclusion,
1347.HK,2021-09-06,Hang Seng Corporate Sustainability Index,Inclusion,1463.0
1347.HK,2021-09-06,Hang Seng ESG 50 Index,Inclusion,0.0
1347.HK,2024-09-09,Hang Seng Corporate Sustainability Index,Removal,1099.0
1357.HK,2017-03-06,Hang Seng Composite LargeCap & MidCap Index,Inclusion,
1359.HK,2016-03-14,Hang Seng China 50 Index,Exclusion,
1359.HK,2019-09-09,Hang Seng China Enterprises Index,Exclusion,1274.0
1361.HK,2020-03-09,Hang Seng Composite Index,Removal,
1363.HK,2016-03-14,Hang Seng Composite LargeCap & MidCap Index,Inclusion,
1363.HK,2018-09-10,Hang Seng Composite LargeCap & MidCap Index,Exclusion,910.0
1364.HK,2025-06-09,Hang Seng Composite Index,Inclusion,
1378.HK,2018-03-05,Hang Seng Composite LargeCap & MidCap Index,Inclusion,
1378.HK,2022-06-13,Hang Seng Index,Inclusion,1561.0
1378.HK,2025-12-08,Hang Seng China Enterprises Index,Inclusion,1274.0
1378.HK,2025-12-08,Hang Seng HKEX Stock Connect China Enterprises Index,Inclusion,0.0
1381.HK,2024-03-04,Hang Seng Composite Index,Inclusion,
1383.HK,2021-03-15,Hang Seng Stock Connect Greater Bay Area Composite Index,Removal,
1383.HK,2021-09-06,Hang Seng Composite Index,Removal,175.0
1385.HK,2025-03-10,Hang Seng Composite Index,Removal,
1387.HK,2017-09-04,Hang Seng Composite LargeCap & MidCap Index,Exclusion,
1398.HK,2018-09-10,Hang Seng Corporate Sustainability Index,Exclusion,
1405.HK,2024-09-09,Hang Seng Composite Index,Inclusion,
1415.HK,2024-09-09,Hang Seng Stock Connect Greater Bay Area Composite Index,Inclusion,
1432.HK,2016-03-14,Hang Seng Composite LargeCap & MidCap Index,Inclusion,
1432.HK,2018-09-10,Hang Seng Composite LargeCap & MidCap Index,Exclusion,910.0
1458.HK,2017-03-06,Hang Seng Composite LargeCap & MidCap Index,Inclusion,
1468.HK,2025-03-10,Hang Seng Composite Index,Removal,
1475.HK,2020-09-07,Hang Seng Composite Index,Inclusion,
1477.HK,2021-03-15,Hang Seng Composite Index,Inclusion,
1478.HK,2021-03-15,Hang Seng TECH Index,Removal,
1508.HK,2016-03-14,Hang Seng Composite LargeCap & MidCap Index,Inclusion,
1508.HK,2021-09-06,Hang Seng Composite Index,Removal,2002.0
1513.HK,2018-03-05,Hang Seng China AH Index Series,Inclusion,
1513.HK,2024-03-04,Hang Seng Hong Kong-Listed Biotech Index,Inclusion,2191.0
1515.HK,2017-09-04,Hang Seng Composite LargeCap & MidCap Index,Inclusion,
1515.HK,2019-09-09,Hang Seng Composite LargeCap & MidCap Index,Exclusion,735.0
1516.HK,2021-03-15,Hang Seng Composite Index,Inclusion,
1519.HK,2024-03-04,Hang Seng Composite Index,Inclusion,
1519.HK,2024-09-09,Hang Seng China Enterprises Index,Inclusion,189.0
1519.HK,2024-09-09,Hang Seng Stock Connect China Enterprises Index,Inclusion,0.0
1521.HK,2024-09-09,Hang Seng Composite Index,Removal,
1528.HK,2016-03-14,Hang Seng Composite LargeCap & MidCap Index,Exclusion,
1528.HK,2018-09-10,Hang Seng Stock Connect China AH Index Series,Inclusion,910.0
1528.HK,2019-03-11,Hang Seng Stock Connect China AH Index Series,Exclusion,182.0
1528.HK,2019-09-09,Hang Seng Stock Connect China AH Index Series,Inclusion,182.0
1528.HK,2021-03-15,Hang Seng Composite Index,Removal,553.0
1541.HK,2024-03-04,Hang Seng Composite Index,Inclusion,
1541.HK,2025-03-10,Hang Seng Biotech Index,Removal,371.0
1541.HK,2025-03-10,Hang Seng Composite Index,Removal,0.0
1548.HK,2018-09-10,Hang Seng Composite LargeCap & MidCap Index,Inclusion,
1558.HK,2021-09-06,Hang Seng Composite Index,Removal,
1558.HK,2021-09-06,Hang Seng Stock Connect Greater Bay Area Composite Index,Removal,0.0
1558.HK,2024-09-09,Hang Seng Composite Index,Inclusion,1099.0
1558.HK,2024-09-09,Hang Seng Hong Kong-Listed Biotech Index,Inclusion,0.0
1563.HK,2024-09-09,Hang Seng Composite Index,Removal,
1569.HK,2021-09-06,Hang Seng Composite Index,Removal,
1578.HK,2016-06-06,Hang Seng Composite LargeCap & MidCap Index,Inclusion,
1579.HK,2019-09-09,Hang Seng Composite LargeCap & MidCap Index,Inclusion,
1600.HK,2025-03-10,Hang Seng Composite Index,Removal,
1618.HK,2019-03-11,Hang Seng Stock Connect China AH Index Series,Exclusion,
1618.HK,2021-03-15,Hang Seng Composite Index,Removal,735.0
1628.HK,2018-03-05,Hang Seng Composite LargeCap & MidCap Index,Inclusion,
1638.HK,2018-03-05,Hang Seng Composite LargeCap & MidCap Index,Inclusion,
1658.HK,2017-03-06,Hang Seng China 50 Index,Inclusion,
1658.HK,2017-03-06,Hang Seng China Enterprises Index,Inclusion,0.0
1658.HK,2018-09-10,Hang Seng Corporate Sustainability Benchmark Index,Inclusion,553.0
1658.HK,2020-09-07,Hang Seng ESG 50 Index,Removal,728.0
1666.HK,2021-03-15,Hang Seng Composite Index,Removal,
1668.HK,2021-03-15,Hang Seng Stock Connect Greater Bay Area Composite Index,Removal,
1668.HK,2024-09-09,Hang Seng Composite Index,Removal,1274.0
1675.HK,2020-09-07,Hang Seng Composite Index,Inclusion,
1680.HK,2018-09-10,Hang Seng Composite LargeCap & MidCap Index,Exclusion,
1680.HK,2020-03-09,Hang Seng Composite Index,Removal,546.0
1681.HK,2020-09-07,Hang Seng Composite Index,Removal,
1686.HK,2018-09-10,Hang Seng Corporate Sustainability Benchmark Index,Inclusion,
1686.HK,2024-03-04,Hang Seng Stock Connect Greater Bay Area Composite Index,Removal,2002.0
1691.HK,2020-03-09,Hang Seng Composite Index,Inclusion,
1691.HK,2024-09-09,Hang Seng ESG 50 Index,Removal,1645.0
1698.HK,2022-12-05,Hang Seng Composite Index,Inclusion,
1698.HK,2025-03-10,Hang Seng TECH Index,Inclusion,826.0
1709.HK,2024-09-09,Hang Seng Composite Index,Inclusion,
1717.HK,2019-09-09,Hang Seng Composite LargeCap & MidCap Index,Inclusion,
1728.HK,2017-03-06,Hang Seng Composite LargeCap & MidCap Index,Exclusion,
1728.HK,2018-09-10,Hang Seng Composite LargeCap & MidCap Index,Inclusion,553.0
1728.HK,2021-03-15,Hang Seng Composite Index,Removal,917.0
1735.HK,2024-03-04,Hang Seng Composite Index,Inclusion,
1735.HK,2024-03-04,Hang Seng Stock Connect Greater Bay Area Composite Index,Inclusion,0.0
1755.HK,2021-03-15,Hang Seng Composite Index,Inclusion,
1765.HK,2024-09-09,Hang Seng Composite Index,Removal,
1766.HK,2020-03-09,Hang Seng China Enterprises Index,Removal,
1766.HK,2021-03-15,Hang Seng China 50 Index,Removal,371.0
1769.HK,2021-03-15,Hang Seng Composite Index,Inclusion,
1772.HK,2019-03-11,Hang Seng Stock Connect China AH Index Series,Inclusion,
1772.HK,2019-09-09,Hang Seng Stock Connect China AH Index Series,Exclusion,182.0
1772.HK,2021-03-15,Hang Seng Composite Index,Inclusion,553.0
1773.HK,2020-09-07,Hang Seng Composite Index,Inclusion,
1773.HK,2024-09-09,Hang Seng Composite Index,Inclusion,1463.0
1776.HK,2016-03-14,Hang Seng China 50 Index,Inclusion,
1776.HK,2018-03-05,Hang Seng China 50 Index,Exclusion,721.0
1776.HK,2019-06-17,Hang Seng China Enterprises Index,Exclusion,469.0
1778.HK,2021-09-06,Hang Seng Composite Index,Removal,
1787.HK,2019-03-11,Hang Seng Stock Connect China AH Index Series,Inclusion,
1788.HK,2024-09-09,Hang Seng (China A) Corporate Sustainability Benchmark Index,Inclusion,
1789.HK,2020-03-09,Hang Seng Composite Index,Inclusion,
1797.HK,2021-09-06,Hang Seng TECH Index,Removal,
1797.HK,2025-03-10,Hang Seng TECH Index,Removal,1281.0
1799.HK,2025-03-10,Hang Seng Composite Index,Removal,
1800.HK,2020-06-08,Hang Seng China Enterprises Index,Removal,
1800.HK,2020-09-07,Hang Seng China 50 Index,Removal,91.0
1801.HK,2020-09-07,Hang Seng Composite Index,Inclusion,
1801.HK,2021-12-06,Hang Seng China Enterprises Index,Inclusion,455.0
1801.HK,2022-12-05,Hang Seng China Enterprises Index,Removal,364.0
1801.HK,2022-12-05,Hang Seng Stock Connect China Enterprises Index,Removal,0.0
1801.HK,2025-12-08,Hang Seng China Enterprises Index,Inclusion,1099.0
1801.HK,2025-12-08,Hang Seng HKEX Stock Connect China Enterprises Index,Inclusion,0.0
1801.HK,2025-12-08,Hang Seng Index,Inclusion,0.0
1806.HK,2020-09-07,Hang Seng Composite Index,Removal,
1810.HK,2020-09-07,Hang Seng China Enterprises Index,Inclusion,
1810.HK,2020-09-07,Hang Seng Index,Inclusion,0.0
1810.HK,2021-03-15,Hang Seng China 50 Index,Inclusion,189.0
1812.HK,2017-09-04,Hang Seng China AH Index Series,Inclusion,
1812.HK,2019-03-11,Hang Seng Stock Connect China AH Index Series,Exclusion,553.0
1816.HK,2019-06-17,Hang Seng China Enterprises Index,Exclusion,
1817.HK,2020-09-07,Hang Seng Composite Index,Inclusion,
1817.HK,2021-09-06,Hang Seng Composite Index,Removal,364.0
1821.HK,2021-03-15,Hang Seng Composite Index,Inclusion,
1828.HK,2025-12-08,Hang Seng Composite Index,Inclusion,
1833.HK,2018-09-10,Hang Seng Composite LargeCap & MidCap Index,Inclusion,
1833.HK,2024-09-09,Hang Seng TECH Index,Removal,2191.0
1836.HK,2020-03-09,Hang Seng Composite Index,Inclusion,
1836.HK,2024-09-09,Hang Seng Composite Index,Inclusion,1645.0
1848.HK,2021-09-06,Hang Seng Composite Index,Removal,
1855.HK,2024-09-09,Hang Seng Composite Index,Inclusion,
1857.HK,2024-09-09,Hang Seng (China A) Corporate Sustainability Benchmark Index,Inclusion,
1865.HK,2024-09-09,Hang Seng (China A) Corporate Sustainability Benchmark Index,Inclusion,
1873.HK,2020-03-09,Hang Seng Composite Index,Inclusion,
1876.HK,2020-12-07,Hang Seng Index,Inclusion,
1877.HK,2021-03-15,Hang Seng Composite Index,Inclusion,
1877.HK,2024-09-09,Hang Seng Composite Index,Removal,1274.0
1880.HK,2022-12-05,Hang Seng Composite Index,Inclusion,
1881.HK,2020-03-09,Hang Seng Composite Index,Inclusion,
1881.HK,2021-03-15,Hang Seng Composite Index,Removal,371.0
1890.HK,2024-09-09,Hang Seng Composite Index,Removal,
1896.HK,2019-06-17,Hang Seng Composite LargeCap & MidCap Index,Inclusion,
1896.HK,2021-03-15,Hang Seng TECH Index,Removal,637.0
1905.HK,2020-09-07,Hang Seng Composite Index,Removal,
1908.HK,2021-09-06,Hang Seng Stock Connect Greater Bay Area Composite Index,Removal,
1910.HK,2018-09-10,Hang Seng Composite LargeCap & MidCap Index,Inclusion,
1913.HK,2018-09-10,Hang Seng Composite LargeCap & MidCap Index,Inclusion,
1916.HK,2020-03-09,Hang Seng Composite Index,Removal,
1918.HK,2019-09-09,Hang Seng China Enterprises Index,Inclusion,
1919.HK,2019-03-11,Hang Seng Composite LargeCap & MidCap Index,Exclusion,
1921.HK,2024-09-09,Hang Seng Composite Index,Inclusion,
1929.HK,2021-09-06,Hang Seng Corporate Sustainability Index,Inclusion,
1939.HK,2024-09-09,Hang Seng (China A) Corporate Sustainability Benchmark Index,Inclusion,
1942.HK,2024-03-04,Hang Seng Stock Connect Greater Bay Area Composite Index,Inclusion,
1942.HK,2024-09-09,Hang Seng Stock Connect Greater Bay Area Composite Index,Removal,189.0
1942.HK,2025-03-10,Hang Seng Composite Index,Removal,182.0
1951.HK,2019-09-09,Hang Seng Composite LargeCap & MidCap Index,Inclusion,
1952.HK,2021-03-15,Hang Seng Composite Index,Inclusion,
1958.HK,2016-09-05,Hang Seng Composite LargeCap & MidCap Index,Inclusion,
1963.HK,2017-09-04,Hang Seng Corporate Sustainability Benchmark Index,Exclusion,
1963.HK,2024-03-04,Hang Seng Composite Index,Inclusion,2373.0
1969.HK,2024-03-04,Hang Seng Composite Index,Inclusion,
1970.HK,2016-03-14,Hang Seng Composite LargeCap & MidCap Index,Inclusion,
1970.HK,2018-09-10,Hang Seng Composite LargeCap & MidCap Index,Exclusion,910.0
1970.HK,2021-03-15,Hang Seng Composite Index,Removal,917.0
1980.HK,2020-03-09,Hang Seng Composite Index,Removal,
1981.HK,2021-03-15,Hang Seng Composite Index,Inclusion,
1988.HK,2020-12-07,Hang Seng China Enterprises Index,Removal,
1988.HK,2021-09-06,Hang Seng China 50 Index,Removal,273.0
1992.HK,2019-03-11,Hang Seng Composite LargeCap & MidCap Index,Inclusion,
1992.HK,2019-09-09,Hang Seng Composite LargeCap & MidCap Index,Exclusion,182.0
1992.HK,2021-03-15,Hang Seng Composite Index,Inclusion,553.0
1995.HK,2020-09-07,Hang Seng Composite Index,Inclusion,
1999.HK,2017-09-04,Hang Seng Corporate Sustainability Benchmark Index,Exclusion,
1999.HK,2021-03-15,Hang Seng Stock Connect Greater Bay Area Composite Index,Inclusion,1288.0
2003.HK,2020-09-07,Hang Seng Composite Index,Removal,
2005.HK,2019-03-11,Hang Seng Composite LargeCap & MidCap Index,Inclusion,
2007.HK,2017-12-04,Hang Seng Index,Inclusion,
2007.HK,2018-03-05,Hang Seng China 50 Index,Inclusion,91.0
2007.HK,2019-06-17,Hang Seng China Enterprises Index,Inclusion,469.0
2007.HK,2021-03-15,Hang Seng China 50 Index,Removal,637.0
2009.HK,2021-03-15,Hang Seng Composite Index,Removal,
2015.HK,2022-12-05,Hang Seng China Enterprises Index,Inclusion,
2015.HK,2022-12-05,Hang Seng Stock Connect China Enterprises Index,Inclusion,0.0
2015.HK,2023-12-04,Hang Seng Index,Inclusion,364.0
2016.HK,2016-06-06,Hang Seng Composite LargeCap & MidCap Index,Inclusion,
2016.HK,2024-09-09,Hang Seng Composite Index,Inclusion,3017.0
2018.HK,2016-09-05,Hang Seng Index,Inclusion,
2018.HK,2022-06-13,Hang Seng Index,Removal,2107.0
2018.HK,2024-09-09,Hang Seng ESG 50 Index,Inclusion,819.0
2018.HK,2024-09-09,Hang Seng Stock Connect Greater Bay Area Composite Index,Inclusion,0.0
2020.HK,2019-06-17,Hang Seng China Enterprises Index,Inclusion,
2020.HK,2020-12-07,Hang Seng Index,Inclusion,539.0
2020.HK,2024-09-09,Hang Seng Corporate Sustainability Benchmark Index,Inclusion,1372.0
2038.HK,2019-09-09,Hang Seng Composite LargeCap & MidCap Index,Exclusion,
2039.HK,2017-03-06,Hang Seng China AH Index Series,Exclusion,
2039.HK,2017-09-04,Hang Seng China AH Index Series,Inclusion,182.0
2039.HK,2018-09-10,Hang Seng Corporate Sustainability Benchmark Index,Exclusion,371.0
2039.HK,2020-09-07,Hang Seng Stock Connect Greater Bay Area Composite Index,Inclusion,728.0
2039.HK,2024-09-09,Hang Seng Composite Index,Inclusion,1463.0
2048.HK,2018-12-10,Hang Seng Composite LargeCap & MidCap Index,Inclusion,
2048.HK,2019-03-11,Hang Seng Composite LargeCap & MidCap Index,Exclusion,91.0
2048.HK,2020-03-09,Hang Seng Composite Index,Inclusion,364.0
2051.HK,2020-09-07,Hang Seng Composite Index,Removal,
2057.HK,2020-12-07,Hang Seng Composite LargeCap & MidCap Index,Inclusion,
2057.HK,2025-03-10,Hang Seng China Enterprises Index,Inclusion,1554.0
2057.HK,2025-06-09,Hang Seng Index,Inclusion,91.0
2066.HK,2016-03-14,Hang Seng Composite LargeCap & MidCap Index,Inclusion,
2066.HK,2017-03-06,Hang Seng Composite LargeCap & MidCap Index,Exclusion,357.0
2096.HK,2021-03-15,Hang Seng Composite Index,Inclusion,
2097.HK,2025-06-09,Hang Seng Composite Index,Inclusion,
2098.HK,2016-03-14,Hang Seng Composite LargeCap & MidCap Index,Inclusion,
2099.HK,2020-03-09,Hang Seng Composite Index,Removal,
2103.HK,2020-03-09,Hang Seng Composite Index,Inclusion,
2105.HK,2025-03-10,Hang Seng Composite Index,Removal,
2121.HK,2025-03-10,Hang Seng Composite Index,Removal,
2126.HK,2021-03-15,Hang Seng Composite Index,Inclusion,
2129.HK,2024-09-09,Hang Seng (China A) Corporate Sustainability Benchmark Index,Inclusion,
2137.HK,2021-12-06,Hang Seng Composite Index,Inclusion,
2138.HK,2024-09-09,Hang Seng Composite Index,Removal,
2142.HK,2021-03-15,Hang Seng Composite Index,Inclusion,
2148.HK,2021-03-15,Hang Seng Composite Index,Inclusion,
2150.HK,2021-09-06,Hang Seng Composite Index,Inclusion,
2150.HK,2021-09-06,Hang Seng Stock Connect Greater Bay Area Composite Index,Inclusion,0.0
2150.HK,2024-03-04,Hang Seng Stock Connect Greater Bay Area Composite Index,Removal,910.0
2150.HK,2025-03-10,Hang Seng Composite Index,Removal,371.0
2155.HK,2024-09-09,Hang Seng Composite Index,Inclusion,
2158.HK,2021-06-07,Hang Seng Composite Index,Inclusion,
2160.HK,2021-06-07,Hang Seng Composite Index,Inclusion,
2160.HK,2024-09-09,Hang Seng Composite Index,Removal,1190.0
2169.HK,2024-03-04,Hang Seng Composite Index,Inclusion,
2171.HK,2021-09-06,Hang Seng Composite Index,Inclusion,
2171.HK,2024-12-09,Hang Seng Hong Kong-Listed Biotech Index,Removal,1190.0
2171.HK,2025-03-10,Hang Seng Composite Index,Removal,91.0
2192.HK,2021-12-06,Hang Seng Composite Index,Inclusion,
2196.HK,2018-03-05,Hang Seng Composite LargeCap & MidCap Index,Inclusion,
2196.HK,2018-09-10,Hang Seng Corporate Sustainability Benchmark Index,Exclusion,189.0
2199.HK,2016-09-05,Hang Seng Composite LargeCap & MidCap Index,Inclusion,
2199.HK,2018-03-05,Hang Seng Composite LargeCap & MidCap Index,Exclusion,546.0
2202.HK,2020-12-07,Hang Seng China Enterprises Index,Removal,
2202.HK,2024-09-09,Hang Seng ESG 50 Index,Removal,1372.0
2208.HK,2017-09-04,Hang Seng Corporate Sustainability Benchmark Index,Inclusion,
2208.HK,2024-09-09,Hang Seng Corporate Sustainability Benchmark Index,Removal,2562.0
2228.HK,2024-09-09,Hang Seng Composite Index,Inclusion,
2228.HK,2024-09-09,Hang Seng Stock Connect Greater Bay Area Composite Index,Inclusion,0.0
2228.HK,2024-12-09,Hang Seng Hong Kong-Listed Biotech Index,Inclusion,91.0
2232.HK,2018-03-05,Hang Seng Composite LargeCap & MidCap Index,Inclusion,
2232.HK,2020-03-09,Hang Seng Composite Index,Removal,735.0
2232.HK,2025-03-10,Hang Seng Composite Index,Inclusion,1827.0
2236.HK,2024-09-09,Hang Seng (China A) Corporate Sustainability Benchmark Index,Removal,
2238.HK,2017-03-06,Hang Seng China AH Index Series,Exclusion,
2238.HK,2017-09-04,Hang Seng China AH Index Series,Inclusion,182.0
2238.HK,2017-09-04,Hang Seng Corporate Sustainability Benchmark Index,Inclusion,0.0
2238.HK,2017-12-04,Hang Seng China Enterprises Index,Inclusion,91.0
2238.HK,2019-09-09,Hang Seng China Enterprises Index,Exclusion,644.0
2255.HK,2020-09-07,Hang Seng Composite Index,Removal,
2257.HK,2024-09-09,Hang Seng Composite Index,Removal,
2268.HK,2024-03-04,Hang Seng Composite Index,Inclusion,
2268.HK,2024-03-04,Hang Seng Hong Kong-Listed Biotech Index,Inclusion,0.0
2269.HK,2017-09-04,Hang Seng Composite LargeCap & MidCap Index,Inclusion,
2269.HK,2020-09-07,Hang Seng Index,Inclusion,1099.0
2269.HK,2024-09-09,Hang Seng Corporate Sustainability Benchmark Index,Inclusion,1463.0
2269.HK,2024-09-09,Hang Seng ESG 50 Index,Inclusion,0.0
2280.HK,2020-09-07,Hang Seng Composite Index,Removal,
2282.HK,2018-09-10,Hang Seng Corporate Sustainability Benchmark Index,Exclusion,
2282.HK,2024-09-09,Hang Seng ESG 50 Index,Inclusion,2191.0
2298.HK,2016-03-14,Hang Seng Composite LargeCap & MidCap Index,Inclusion,
2298.HK,2017-09-04,Hang Seng Composite LargeCap & MidCap Index,Exclusion,539.0
2313.HK,2018-03-05,Hang Seng China Enterprises Index,Inclusion,
2313.HK,2018-09-10,Hang Seng Index,Inclusion,189.0
2319.HK,2020-06-08,Hang Seng China Enterprises Index,Inclusion,
2319.HK,2020-09-07,Hang Seng Corporate Sustainability Index,Inclusion,91.0
2319.HK,2020-09-07,Hang Seng ESG 50 Index,Inclusion,0.0
2319.HK,2026-03-09,Hang Seng HKEX Stock Connect China Enterprises Index,Removal,2009.0
2326.HK,2016-09-05,Hang Seng Composite LargeCap & MidCap Index,Inclusion,
2326.HK,2017-03-06,Hang Seng Composite LargeCap & MidCap Index,Exclusion,182.0
2328.HK,2020-09-07,Hang Seng China 50 Index,Removal,
2328.HK,2020-12-07,Hang Seng China Enterprises Index,Removal,91.0
2328.HK,2024-12-09,Hang Seng China Enterprises Index,Inclusion,1463.0
2329.HK,2018-03-05,Hang Seng Composite LargeCap & MidCap Index,Exclusion,
2329.HK,2021-09-06,Hang Seng Composite Index,Removal,1281.0
2331.HK,2018-09-10,Hang Seng Corporate Sustainability Benchmark Index,Exclusion,
2331.HK,2019-03-11,Hang Seng Composite LargeCap & MidCap Index,Inclusion,182.0
2331.HK,2021-09-06,Hang Seng China Enterprises Index,Inclusion,910.0
2331.HK,2021-09-06,Hang Seng Index,Inclusion,0.0
2331.HK,2025-03-10,Hang Seng China Enterprises Index,Removal,1281.0
2333.HK,2016-03-14,Hang Seng China 50 Index,Exclusion,
2333.HK,2019-06-17,Hang Seng China Enterprises Index,Exclusion,1190.0
2342.HK,2018-09-10,Hang Seng Corporate Sustainability Benchmark Index,Exclusion,
2342.HK,2020-09-07,Hang Seng Composite Index,Inclusion,728.0
2352.HK,2024-09-09,Hang Seng (China A) Corporate Sustainability Benchmark Index,Inclusion,
2356.HK,2019-09-09,Hang Seng Composite LargeCap & MidCap Index,Exclusion,
2356.HK,2020-09-07,Hang Seng Composite Index,Inclusion,364.0
2356.HK,2020-09-07,Hang Seng Stock Connect Greater Bay Area Composite Index,Inclusion,0.0
2356.HK,2024-09-09,Hang Seng Composite Index,Inclusion,1463.0
2359.HK,2019-03-11,Hang Seng Stock Connect China AH Index Series,Inclusion,
2359.HK,2023-12-04,Hang Seng Index,Inclusion,1729.0
2362.HK,2020-09-07,Hang Seng Composite Index,Removal,
2362.HK,2021-09-06,Hang Seng Composite Index,Inclusion,364.0
2378.HK,2024-09-09,Hang Seng Corporate Sustainability Index,Inclusion,
2382.HK,2017-12-04,Hang Seng Index,Inclusion,
2382.HK,2020-03-09,Hang Seng China Enterprises Index,Inclusion,826.0
2382.HK,2021-09-06,Hang Seng Corporate Sustainability Index,Inclusion,546.0
2382.HK,2021-09-06,Hang Seng ESG 50 Index,Inclusion,0.0
2386.HK,2021-09-06,Hang Seng Composite Index,Removal,
2386.HK,2024-09-09,Hang Seng Composite Index,Inclusion,1099.0
2390.HK,2025-03-10,Hang Seng Composite Index,Removal,
2400.HK,2020-03-09,Hang Seng Composite Index,Inclusion,
2400.HK,2021-03-15,Hang Seng TECH Index,Removal,371.0
2407.HK,2025-03-10,Hang Seng Composite Index,Removal,
2410.HK,2025-03-10,Hang Seng Composite Index,Inclusion,
2410.HK,2025-06-09,Hang Seng Biotech Index,Inclusion,91.0
2411.HK,2025-03-10,Hang Seng Composite Index,Removal,
2415.HK,2024-09-09,Hang Seng Composite Index,Removal,
2416.HK,2024-09-09,Hang Seng Composite Index,Removal,
2419.HK,2024-09-09,Hang Seng Composite Index,Inclusion,
2423.HK,2026-03-09,Hang Seng HKEX Stock Connect China Enterprises Index,Inclusion,
2429.HK,2024-03-04,Hang Seng Composite Index,Inclusion,
2431.HK,2025-03-10,Hang Seng Composite Index,Inclusion,
2432.HK,2025-03-10,Hang Seng Composite Index,Inclusion,
2443.HK,2024-09-09,Hang Seng Composite Index,Inclusion,
2453.HK,2024-09-09,Hang Seng Composite Index,Inclusion,
2459.HK,2024-09-09,Hang Seng Composite Index,Inclusion,
2460.HK,2025-03-10,Hang Seng Composite Index,Inclusion,
2487.HK,2025-03-10,Hang Seng Composite Index,Removal,
2498.HK,2024-06-11,Hang Seng Composite Index,Inclusion,
2498.HK,2024-09-09,Hang Seng Stock Connect Greater Bay Area Composite Index,Inclusion,90.0
2500.HK,2020-09-07,Hang Seng Composite Index,Inclusion,
2506.HK,2025-03-10,Hang Seng Composite Index,Inclusion,
2507.HK,2025-03-10,Hang Seng Composite Index,Inclusion,
2510.HK,2025-03-10,Hang Seng Composite Index,Inclusion,
2511.HK,2024-03-04,Hang Seng Composite Index,Inclusion,
2511.HK,2025-03-10,Hang Seng Composite Index,Removal,371.0
2517.HK,2024-03-04,Hang Seng Composite Index,Inclusion,
2518.HK,2021-06-07,Hang Seng Composite Index,Inclusion,
2518.HK,2021-06-07,Hang Seng TECH Index,Inclusion,0.0
2522.HK,2025-03-10,Hang Seng Composite Index,Inclusion,
2525.HK,2025-12-08,Hang Seng Composite Index,Inclusion,
2533.HK,2024-12-09,Hang Seng Composite Index,Inclusion,
2550.HK,2024-09-09,Hang Seng Composite Index,Inclusion,
2555.HK,2024-09-09,Hang Seng Composite Index,Inclusion,
2556.HK,2024-09-09,Hang Seng Composite Index,Inclusion,
2562.HK,2025-03-10,Hang Seng Composite Index,Inclusion,
2563.HK,2025-03-10,Hang Seng Composite Index,Inclusion,
2570.HK,2025-03-10,Hang Seng Composite Index,Inclusion,
2577.HK,2025-03-10,Hang Seng Composite Index,Inclusion,
2580.HK,2025-12-08,Hang Seng Composite Index,Inclusion,
2582.HK,2025-03-10,Hang Seng Composite Index,Inclusion,
2586.HK,2025-03-10,Hang Seng Composite Index,Inclusion,
2587.HK,2025-03-10,Hang Seng Composite Index,Inclusion,
2588.HK,2016-09-05,Hang Seng Composite LargeCap & MidCap Index,Inclusion,
2590.HK,2025-12-08,Hang Seng Composite Index,Inclusion,
2591.HK,2025-12-08,Hang Seng Composite Index,Inclusion,
2599.HK,2021-03-15,Hang Seng Composite Index,Inclusion,
2602.HK,2024-09-09,Hang Seng Composite Index,Inclusion,
2602.HK,2024-09-09,Hang Seng Stock Connect Greater Bay Area Composite Index,Inclusion,0.0
2611.HK,2017-09-04,Hang Seng China AH Index Series,Inclusion,
2611.HK,2017-09-04,Hang Seng Composite LargeCap & MidCap Index,Inclusion,0.0
2611.HK,2019-03-11,Hang Seng Stock Connect China AH Index Series,Exclusion,553.0
2611.HK,2019-09-09,Hang Seng China 50 Index,Exclusion,182.0
2611.HK,2019-09-09,Hang Seng Stock Connect China AH Index Series,Inclusion,0.0
2616.HK,2021-09-06,Hang Seng Composite Index,Inclusion,
2618.HK,2021-09-06,Hang Seng China Enterprises Index,Inclusion,
2618.HK,2024-09-09,Hang Seng China Enterprises Index,Removal,1099.0
2618.HK,2024-09-09,Hang Seng Stock Connect China Enterprises Index,Removal,0.0
2628.HK,2018-09-10,Hang Seng Corporate Sustainability Benchmark Index,Exclusion,
2638.HK,2018-09-10,Hang Seng Composite LargeCap & MidCap Index,Inclusion,
2678.HK,2025-03-10,Hang Seng Composite Index,Removal,
2688.HK,2019-06-17,Hang Seng China Enterprises Index,Inclusion,
2688.HK,2020-09-07,Hang Seng ESG 50 Index,Inclusion,448.0
2688.HK,2021-12-06,Hang Seng Index,Inclusion,455.0
2688.HK,2025-12-08,Hang Seng China Enterprises Index,Removal,1463.0
2688.HK,2025-12-08,Hang Seng HKEX Stock Connect China Enterprises Index,Removal,0.0
2689.HK,2021-09-06,Hang Seng ESG 50 Index,Inclusion,
2689.HK,2024-09-09,Hang Seng ESG 50 Index,Removal,1099.0
2727.HK,2018-09-10,Hang Seng Composite LargeCap & MidCap Index,Exclusion,
2727.HK,2019-03-11,Hang Seng Stock Connect China AH Index Series,Exclusion,182.0
2727.HK,2024-09-09,Hang Seng Corporate Sustainability Benchmark Index,Inclusion,2009.0
2768.HK,2018-09-10,Hang Seng Composite LargeCap & MidCap Index,Inclusion,
2768.HK,2021-09-06,Hang Seng Composite Index,Removal,1092.0
2772.HK,2019-12-09,Hang Seng Composite LargeCap & MidCap Index,Inclusion,
2778.HK,2021-09-06,Hang Seng ESG 50 Index,Removal,
2778.HK,2025-03-10,Hang Seng Composite Index,Inclusion,1281.0
2798.HK,2021-03-15,Hang Seng Composite Index,Inclusion,
2799.HK,2017-09-04,Hang Seng Composite LargeCap & MidCap Index,Inclusion,
2799.HK,2018-06-04,Hang Seng China Enterprises Index,Inclusion,273.0
2799.HK,2019-09-09,Hang Seng China Enterprises Index,Exclusion,462.0
2799.HK,2025-03-10,Hang Seng Composite Index,Inclusion,2009.0
2858.HK,2018-03-05,Hang Seng Composite LargeCap & MidCap Index,Inclusion,
2858.HK,2021-03-15,Hang Seng TECH Index,Removal,1106.0
2866.HK,2019-03-11,Hang Seng Stock Connect China AH Index Series,Exclusion,
2866.HK,2020-03-09,Hang Seng Composite Index,Removal,364.0
2869.HK,2019-03-11,Hang Seng Composite LargeCap & MidCap Index,Inclusion,
2877.HK,2017-09-04,Hang Seng Composite LargeCap & MidCap Index,Exclusion,
2877.HK,2021-09-06,Hang Seng Composite Index,Removal,1463.0
2877.HK,2024-03-04,Hang Seng Composite Index,Inclusion,910.0
2883.HK,2016-12-05,Hang Seng China Enterprises Index,Exclusion,
2883.HK,2017-03-06,Hang Seng China AH Index Series,Exclusion,91.0
2883.HK,2017-09-04,Hang Seng China AH Index Series,Inclusion,182.0
2888.HK,2016-09-05,Hang Seng Composite LargeCap & MidCap Index,Inclusion,
2888.HK,2018-03-05,Hang Seng Composite LargeCap & MidCap Index,Exclusion,546.0
2888.HK,2019-03-11,Hang Seng Composite LargeCap & MidCap Index,Inclusion,371.0
2888.HK,2019-09-09,Hang Seng Composite LargeCap & MidCap Index,Exclusion,182.0
2899.HK,2024-06-11,Hang Seng China Enterprises Index,Inclusion,
2899.HK,2024-06-11,Hang Seng Stock Connect China Enterprises Index,Inclusion,0.0
300015.SZ,2024-09-09,Hang Seng Stock Connect China Enterprises Index,Removal,
300083.SZ,2021-09-06,Hang Seng Stock Connect Greater Bay Area Composite Index,Inclusion,
300122.SZ,2024-09-09,Hang Seng China A Industry Top Index,Inclusion,
300124.SZ,2019-09-09,Hang Seng (China A) Corporate Sustainability Benchmark Index,Inclusion,
300124.SZ,2020-09-07,Hang Seng (China A) Corporate Sustainability Index,Inclusion,364.0
300124.SZ,2021-09-06,Hang Seng (China A) Corporate Sustainability Index,Removal,364.0
300274.SZ,2019-09-09,Hang Seng (China A) Corporate Sustainability Benchmark Index,Inclusion,
300274.SZ,2021-09-06,Hang Seng (China A) Corporate Sustainability Index,Inclusion,728.0
300297.SZ,2020-09-07,Hang Seng Stock Connect Greater Bay Area Composite Index,Removal,
300308.SZ,2026-03-09,Hang Seng HKEX Stock Connect China Enterprises Index,Inclusion,
300348.SZ,2021-03-15,Hang Seng Stock Connect Greater Bay Area Composite Index,Inclusion,
300377.SZ,2021-09-06,Hang Seng Stock Connect Greater Bay Area Composite Index,Removal,
300398.SZ,2019-09-09,Hang Seng (China A) Corporate Sustainability Benchmark Index,Inclusion,
300498.SZ,2019-09-09,Hang Seng China A Industry Top Index,Inclusion,
300498.SZ,2019-09-09,Hang Seng China A Top 100 Index,Inclusion,0.0
300602.SZ,2020-03-09,Hang Seng Stock Connect Greater Bay Area Composite Index,Inclusion,
300633.SZ,2020-09-07,Hang Seng Stock Connect Greater Bay Area Composite Index,Removal,
300671.SZ,2024-03-04,Hang Seng Stock Connect Greater Bay Area Composite Index,Removal,
300676.SZ,2021-09-06,Hang Seng Stock Connect Greater Bay Area Composite Index,Removal,
300735.SZ,2024-09-09,Hang Seng Stock Connect Greater Bay Area Composite Index,Inclusion,
300737.SZ,2021-03-15,Hang Seng Stock Connect Greater Bay Area Composite Index,Inclusion,
300737.SZ,2024-09-09,Hang Seng Stock Connect Greater Bay Area Composite Index,Removal,1274.0
300750.SZ,2019-09-09,Hang Seng (China A) Corporate Sustainability Benchmark Index,Inclusion,
300750.SZ,2019-09-09,Hang Seng (China A) Corporate Sustainability Index,Inclusion,0.0
300750.SZ,2019-09-09,Hang Seng China A Top 100 Index,Inclusion,0.0
300750.SZ,2021-03-15,Hang Seng China 50 Index,Inclusion,553.0
300750.SZ,2024-09-09,Hang Seng (China A) Corporate Sustainability Index,Inclusion,1274.0
300760.SZ,2019-09-09,Hang Seng China A Industry Top Index,Inclusion,
300760.SZ,2020-09-07,Hang Seng China 50 Index,Inclusion,364.0
300760.SZ,2021-09-06,Hang Seng China A Top 100 Index,Inclusion,364.0
300770.SZ,2020-03-09,Hang Seng Stock Connect Greater Bay Area Composite Index,Inclusion,
300832.SZ,2021-09-06,Hang Seng Stock Connect Greater Bay Area Composite Index,Inclusion,
300888.SZ,2021-09-06,Hang Seng Stock Connect Greater Bay Area Composite Index,Inclusion,
300973.SZ,2024-09-09,Hang Seng Stock Connect Greater Bay Area Composite Index,Removal,
300999.SZ,2021-03-15,Hang Seng China 50 Index,Inclusion,
300999.SZ,2021-09-06,Hang Seng China A Industry Top Index,Inclusion,175.0
300999.SZ,2021-09-06,Hang Seng China A Top 100 Index,Inclusion,0.0
301510.SZ,2024-03-04,Hang Seng Stock Connect Greater Bay Area Composite Index,Inclusion,
3259.HK,2024-09-09,Hang Seng (China A) Corporate Sustainability Benchmark Index,Inclusion,
3301.HK,2019-09-09,Hang Seng Composite LargeCap & MidCap Index,Inclusion,
3306.HK,2021-03-15,Hang Seng Composite Index,Removal,
3306.HK,2024-09-09,Hang Seng Composite Index,Inclusion,1274.0
3308.HK,2017-09-04,Hang Seng Composite LargeCap & MidCap Index,Exclusion,
3309.HK,2025-03-10,Hang Seng Composite Index,Removal,
3311.HK,2021-09-06,Hang Seng ESG 50 Index,Removal,
3319.HK,2020-03-09,Hang Seng Composite Index,Inclusion,
3319.HK,2020-03-09,Hang Seng Stock Connect Greater Bay Area Composite Index,Inclusion,0.0
3319.HK,2024-03-04,Hang Seng Stock Connect Greater Bay Area Composite Index,Removal,1456.0
3320.HK,2017-03-06,Hang Seng Composite LargeCap & MidCap Index,Inclusion,
3320.HK,2018-09-10,Hang Seng Corporate Sustainability Benchmark Index,Inclusion,553.0
3323.HK,2016-09-05,Hang Seng China Enterprises Index,Exclusion,
3323.HK,2019-03-11,Hang Seng China Enterprises Index,Inclusion,917.0
3323.HK,2019-12-09,Hang Seng China Enterprises Index,Exclusion,273.0
3328.HK,2018-09-10,Hang Seng Corporate Sustainability Benchmark Index,Exclusion,
3328.HK,2021-09-06,Hang Seng Index,Removal,1092.0
3329.HK,2020-03-09,Hang Seng Composite Index,Removal,
3331.HK,2018-03-05,Hang Seng Composite LargeCap & MidCap Index,Exclusion,
3331.HK,2018-09-10,Hang Seng Corporate Sustainability Benchmark Index,Exclusion,189.0
3331.HK,2020-03-09,Hang Seng Composite Index,Inclusion,546.0
3331.HK,2020-03-09,Hang Seng Stock Connect Greater Bay Area Composite Index,Inclusion,0.0
3333.HK,2018-03-05,Hang Seng China 50 Index,Inclusion,
3333.HK,2020-12-07,Hang Seng China Enterprises Index,Inclusion,1008.0
3333.HK,2021-03-15,Hang Seng China 50 Index,Removal,98.0
3333.HK,2021-12-06,Hang Seng China Enterprises Index,Removal,266.0
3347.HK,2021-03-15,Hang Seng Composite Index,Inclusion,
3347.HK,2025-03-10,Hang Seng Composite Index,Removal,1456.0
3377.HK,2017-09-04,Hang Seng Corporate Sustainability Benchmark Index,Inclusion,
3377.HK,2020-09-07,Hang Seng ESG 50 Index,Removal,1099.0
3377.HK,2024-09-09,Hang Seng Composite Index,Removal,1463.0
3380.HK,2021-09-06,Hang Seng ESG 50 Index,Inclusion,
3382.HK,2020-09-07,Hang Seng Composite Index,Removal,
3383.HK,2025-03-10,Hang Seng Composite Index,Removal,
3396.HK,2019-09-09,Hang Seng Corporate Sustainability Benchmark Index,Inclusion,
3606.HK,2017-09-04,Hang Seng Composite LargeCap & MidCap Index,Inclusion,
3613.HK,2021-09-06,Hang Seng Stock Connect Greater Bay Area Composite Index,Removal,
3618.HK,2018-09-10,Hang Seng Corporate Sustainability Benchmark Index,Inclusion,
3633.HK,2019-03-11,Hang Seng Composite LargeCap & MidCap Index,Inclusion,
3650.HK,2023-12-04,Hang Seng Composite Index,Inclusion,
3650.HK,2025-03-10,Hang Seng Composite Index,Removal,462.0
3669.HK,2018-09-10,Hang Seng Composite LargeCap & MidCap Index,Inclusion,
3669.HK,2025-03-10,Hang Seng Composite Index,Removal,2373.0
3690.HK,2020-09-07,Hang Seng China 50 Index,Inclusion,
3690.HK,2020-09-07,Hang Seng China Enterprises Index,Inclusion,0.0
3690.HK,2020-12-07,Hang Seng Index,Inclusion,91.0
3692.HK,2019-09-09,Hang Seng Composite LargeCap & MidCap Index,Inclusion,
3692.HK,2020-12-07,Hang Seng China Enterprises Index,Inclusion,455.0
3692.HK,2022-06-13,Hang Seng China Enterprises Index,Removal,553.0
3698.HK,2016-03-14,Hang Seng Composite LargeCap & MidCap Index,Inclusion,
3698.HK,2018-03-05,Hang Seng Composite LargeCap & MidCap Index,Exclusion,721.0
3738.HK,2021-09-06,Hang Seng Composite Index,Inclusion,
3759.HK,2020-09-07,Hang Seng Composite Index,Inclusion,
3759.HK,2024-12-09,Hang Seng Hong Kong-Listed Biotech Index,Removal,1554.0
3759.HK,2025-03-10,Hang Seng Composite Index,Removal,91.0
3800.HK,2017-09-04,Hang Seng Corporate Sustainability Benchmark Index,Inclusion,
3813.HK,2020-09-07,Hang Seng Composite Index,Inclusion,
3823.HK,2016-03-14,Hang Seng Composite LargeCap & MidCap Index,Inclusion,
3823.HK,2017-09-04,Hang Seng Composite LargeCap & MidCap Index,Exclusion,539.0
3836.HK,2021-09-06,Hang Seng Composite Index,Removal,
3877.HK,2024-03-04,Hang Seng Composite Index,Removal,
3877.HK,2024-09-09,Hang Seng Composite Index,Inclusion,189.0
3883.HK,2019-09-09,Hang Seng Composite LargeCap & MidCap Index,Inclusion,
3883.HK,2019-09-09,Hang Seng Corporate Sustainability Benchmark Index,Inclusion,0.0
3886.HK,2016-03-14,Hang Seng Composite LargeCap & MidCap Index,Inclusion,
3898.HK,2016-09-05,Hang Seng China Enterprises Index,Inclusion,
3898.HK,2017-09-04,Hang Seng Corporate Sustainability Benchmark Index,Exclusion,364.0
3898.HK,2018-06-04,Hang Seng China Enterprises Index,Exclusion,273.0
3899.HK,2024-09-09,Hang Seng Corporate Sustainability Benchmark Index,Inclusion,
3899.HK,2024-09-09,Hang Seng Stock Connect Greater Bay Area Composite Index,Inclusion,0.0
3908.HK,2016-03-14,Hang Seng Composite LargeCap & MidCap Index,Inclusion,
3913.HK,2021-03-15,Hang Seng Composite Index,Inclusion,
3918.HK,2018-09-10,Hang Seng Composite LargeCap & MidCap Index,Inclusion,
3931.HK,2025-03-10,Hang Seng Composite Index,Inclusion,
3933.HK,2020-03-09,Hang Seng Stock Connect Greater Bay Area Composite Index,Removal,
3933.HK,2023-12-04,Hang Seng Hong Kong-Listed Biotech Index,Inclusion,1365.0
3933.HK,2024-09-09,Hang Seng Stock Connect Greater Bay Area Composite Index,Inclusion,280.0
3939.HK,2025-03-10,Hang Seng Composite Index,Inclusion,
3958.HK,2017-03-06,Hang Seng China AH Index Series,Inclusion,
3958.HK,2017-09-04,Hang Seng China AH Index Series,Exclusion,182.0
3958.HK,2018-03-05,Hang Seng China AH Index Series,Inclusion,182.0
3958.HK,2019-03-11,Hang Seng Stock Connect China AH Index Series,Exclusion,371.0
3958.HK,2019-09-09,Hang Seng Stock Connect China AH Index Series,Inclusion,182.0
3958.HK,2021-09-06,Hang Seng Composite Index,Removal,728.0
3968.HK,2018-09-10,Hang Seng Corporate Sustainability Benchmark Index,Exclusion,
3968.HK,2018-09-10,Hang Seng Corporate Sustainability Index,Exclusion,0.0
3968.HK,2021-09-06,Hang Seng Index,Inclusion,1092.0
3983.HK,2020-09-07,Hang Seng Composite Index,Removal,
3988.HK,2018-09-10,Hang Seng Corporate Sustainability Benchmark Index,Exclusion,
3988.HK,2018-09-10,Hang Seng Corporate Sustainability Index,Exclusion,0.0
3988.HK,2019-09-09,Hang Seng Corporate Sustainability Benchmark Index,Inclusion,364.0
3988.HK,2020-09-07,Hang Seng ESG 50 Index,Removal,364.0
3990.HK,2019-09-09,Hang Seng Composite LargeCap & MidCap Index,Inclusion,
3990.HK,2024-09-09,Hang Seng Stock Connect Greater Bay Area Composite Index,Removal,1827.0
3993.HK,2018-03-05,Hang Seng Composite LargeCap & MidCap Index,Inclusion,
3993.HK,2024-09-09,Hang Seng (China A) Corporate Sustainability Benchmark Index,Removal,2380.0
3996.HK,2016-03-14,Hang Seng Composite LargeCap & MidCap Index,Inclusion,
3998.HK,2019-09-09,Hang Seng Composite LargeCap & MidCap Index,Inclusion,
600000.SS,2018-09-10,Hang Seng (China A) Corporate Sustainability Benchmark Index,Exclusion,
600000.SS,2018-09-10,Hang Seng (China A) Corporate Sustainability Index,Exclusion,0.0
600010.SS,2020-03-09,Hang Seng China 50 Index,Removal,
600011.SS,2017-03-06,Hang Seng China 50 Index,Exclusion,
600011.SS,2019-09-09,Hang Seng (China A) Corporate Sustainability Benchmark Index,Inclusion,917.0
600011.SS,2020-09-07,Hang Seng China A Top 100 Index,Removal,364.0
600012.SS,2019-09-09,Hang Seng (China A) Corporate Sustainability Benchmark Index,Inclusion,
600018.SS,2019-09-09,Hang Seng (China A) Corporate Sustainability Benchmark Index,Inclusion,
600018.SS,2019-09-09,Hang Seng China 50 Index,Exclusion,0.0
600018.SS,2021-09-06,Hang Seng China A Industry Top Index,Removal,728.0
600019.SS,2018-03-05,Hang Seng China 50 Index,Inclusion,
600019.SS,2018-09-10,Hang Seng (China A) Corporate Sustainability Index,Inclusion,189.0
600020.SS,2019-09-09,Hang Seng (China A) Corporate Sustainability Benchmark Index,Inclusion,
600023.SS,2020-09-07,Hang Seng China A Industry Top Index,Removal,
600023.SS,2020-09-07,Hang Seng China A Top 100 Index,Removal,0.0
600025.SS,2019-09-09,Hang Seng (China A) Corporate Sustainability Benchmark Index,Inclusion,
600025.SS,2025-12-08,Hang Seng HKEX Stock Connect China Enterprises Index,Removal,2282.0
600026.SS,2017-09-04,Hang Seng China AH Index Series,Inclusion,
600026.SS,2019-09-09,Hang Seng (China A) Corporate Sustainability Benchmark Index,Inclusion,735.0
600027.SS,2016-09-05,Hang Seng China A Industry Top Index,Inclusion,
600027.SS,2018-09-10,Hang Seng (China A) Corporate Sustainability Benchmark Index,Inclusion,735.0
600027.SS,2018-09-10,Hang Seng China A Industry Top Index,Exclusion,0.0
600027.SS,2018-09-10,Hang Seng China A Top 100 Index,Exclusion,0.0
600028.SS,2020-09-07,Hang Seng (China A) Corporate Sustainability Index,Inclusion,
600028.SS,2024-09-09,Hang Seng (China A) Corporate Sustainability Index,Inclusion,1463.0
600029.SS,2019-09-09,Hang Seng China A Industry Top Index,Exclusion,
600029.SS,2021-09-06,Hang Seng China A Top 100 Index,Removal,728.0
600030.SS,2024-09-09,Hang Seng (China A) Corporate Sustainability Index,Removal,
600031.SS,2016-09-05,Hang Seng China A Top 100 Index,Exclusion,
600031.SS,2019-09-09,Hang Seng China A Top 100 Index,Inclusion,1099.0
600031.SS,2020-09-07,Hang Seng China A Industry Top Index,Inclusion,364.0
600036.SS,2018-09-10,Hang Seng (China A) Corporate Sustainability Benchmark Index,Exclusion,
600036.SS,2018-09-10,Hang Seng (China A) Corporate Sustainability Index,Exclusion,0.0
600050.SS,2018-03-05,Hang Seng China 50 Index,Inclusion,
600050.SS,2020-09-07,Hang Seng China 50 Index,Removal,917.0
600068.SS,2017-09-04,Hang Seng China A Top 100 Index,Inclusion,
600068.SS,2019-09-09,Hang Seng China A Top 100 Index,Exclusion,735.0
600089.SS,2019-09-09,Hang Seng (China A) Corporate Sustainability Index,Inclusion,
600089.SS,2020-09-07,Hang Seng (China A) Corporate Sustainability Index,Removal,364.0
600098.SS,2018-09-10,Hang Seng (China A) Corporate Sustainability Benchmark Index,Exclusion,
600104.SS,2021-09-06,Hang Seng China 50 Index,Removal,
600104.SS,2024-09-09,Hang Seng (China A) Corporate Sustainability Index,Removal,1099.0
600111.SS,2016-09-05,Hang Seng China A Industry Top Index,Exclusion,
600114.SS,2019-09-09,Hang Seng (China A) Corporate Sustainability Benchmark Index,Inclusion,
600115.SS,2018-09-10,Hang Seng (China A) Corporate Sustainability Benchmark Index,Inclusion,
600115.SS,2019-09-09,Hang Seng (China A) Corporate Sustainability Index,Inclusion,364.0
600115.SS,2019-09-09,Hang Seng China A Industry Top Index,Exclusion,0.0
600115.SS,2021-09-06,Hang Seng China A Top 100 Index,Removal,728.0
600118.SS,2020-09-07,Hang Seng China A Industry Top Index,Removal,
600143.SS,2020-09-07,Hang Seng Stock Connect Greater Bay Area Composite Index,Inclusion,
600170.SS,2018-09-10,Hang Seng China A Top 100 Index,Exclusion,
600171.SS,2019-09-09,Hang Seng (China A) Corporate Sustainability Benchmark Index,Inclusion,
600183.SS,2019-09-09,Hang Seng (China A) Corporate Sustainability Benchmark Index,Inclusion,
600183.SS,2020-09-07,Hang Seng (China A) Corporate Sustainability Index,Inclusion,364.0
600183.SS,2021-09-06,Hang Seng (China A) Corporate Sustainability Index,Removal,364.0
600188.SS,2019-09-09,Hang Seng (China A) Corporate Sustainability Benchmark Index,Inclusion,
600188.SS,2020-09-07,Hang Seng China A Industry Top Index,Inclusion,364.0
600188.SS,2021-09-06,Hang Seng China A Industry Top Index,Removal,364.0
600188.SS,2021-09-06,Hang Seng China A Top 100 Index,Removal,0.0
600188.SS,2024-09-09,Hang Seng China A Industry Top Index,Removal,1099.0
600196.SS,2018-09-10,Hang Seng (China A) Corporate Sustainability Index,Inclusion,
600196.SS,2019-09-09,Hang Seng China A Industry Top Index,Inclusion,364.0
600196.SS,2024-09-09,Hang Seng China A Industry Top Index,Removal,1827.0
600216.SS,2019-09-09,Hang Seng (China A) Corporate Sustainability Benchmark Index,Inclusion,
600221.SS,2019-09-09,Hang Seng China A Top 100 Index,Exclusion,
600271.SS,2016-09-05,Hang Seng China A Industry Top Index,Inclusion,
600271.SS,2017-09-04,Hang Seng China A Industry Top Index,Exclusion,364.0
600271.SS,2019-09-09,Hang Seng (China A) Corporate Sustainability Benchmark Index,Inclusion,735.0
600276.SS,2018-09-10,Hang Seng China 50 Index,Inclusion,
600276.SS,2019-09-09,Hang Seng China A Industry Top Index,Inclusion,364.0
600276.SS,2020-09-07,Hang Seng China A Top 100 Index,Inclusion,364.0
600282.SS,2019-09-09,Hang Seng (China A) Corporate Sustainability Benchmark Index,Inclusion,
600297.SS,2017-09-04,Hang Seng China A Top 100 Index,Inclusion,
600297.SS,2020-09-07,Hang Seng China A Top 100 Index,Removal,1099.0
600309.SS,2017-09-04,Hang Seng China A Industry Top Index,Inclusion,
600323.SS,2019-09-09,Hang Seng (China A) Corporate Sustainability Benchmark Index,Inclusion,
600332.SS,2019-09-09,Hang Seng (China A) Corporate Sustainability Benchmark Index,Inclusion,
600337.SS,2019-09-09,Hang Seng (China A) Corporate Sustainability Benchmark Index,Inclusion,
600340.SS,2021-09-06,Hang Seng China A Top 100 Index,Removal,
600346.SS,2019-09-09,Hang Seng China A Top 100 Index,Inclusion,
600346.SS,2020-09-07,Hang Seng China A Industry Top Index,Inclusion,364.0
600346.SS,2024-09-09,Hang Seng China A Industry Top Index,Removal,1463.0
600362.SS,2017-09-04,Hang Seng China A Industry Top Index,Exclusion,
600362.SS,2020-09-07,Hang Seng China A Top 100 Index,Removal,1099.0
600377.SS,2017-09-04,Hang Seng China AH Index Series,Inclusion,
600377.SS,2019-09-09,Hang Seng (China A) Corporate Sustainability Benchmark Index,Inclusion,735.0
600377.SS,2019-09-09,Hang Seng (China A) Corporate Sustainability Index,Inclusion,0.0
600377.SS,2021-09-06,Hang Seng (China A) Corporate Sustainability Index,Removal,728.0
600380.SS,2019-09-09,Hang Seng (China A) Corporate Sustainability Benchmark Index,Inclusion,
600383.SS,2021-09-06,Hang Seng China A Top 100 Index,Removal,
600406.SS,2019-09-09,Hang Seng China A Top 100 Index,Inclusion,
600406.SS,2024-09-09,Hang Seng Stock Connect China Enterprises Index,Inclusion,1827.0
600406.SS,2026-03-09,Hang Seng HKEX Stock Connect China Enterprises Index,Removal,546.0
600438.SS,2024-03-04,Hang Seng Stock Connect China Enterprises Index,Removal,
600499.SS,2020-03-09,Hang Seng Stock Connect Greater Bay Area Composite Index,Removal,
600525.SS,2019-09-09,Hang Seng (China A) Corporate Sustainability Benchmark Index,Inclusion,
600547.SS,2017-09-04,Hang Seng China A Industry Top Index,Inclusion,
600547.SS,2018-09-10,Hang Seng China A Industry Top Index,Exclusion,371.0
600547.SS,2019-03-11,Hang Seng Stock Connect China AH Index Series,Inclusion,182.0
600547.SS,2024-09-09,Hang Seng (China A) Corporate Sustainability Index,Removal,2009.0
600548.SS,2017-09-04,Hang Seng China AH Index Series,Inclusion,
600548.SS,2018-03-05,Hang Seng China AH Index Series,Exclusion,182.0
600548.SS,2019-09-09,Hang Seng Stock Connect China AH Index Series,Inclusion,553.0
600565.SS,2019-09-09,Hang Seng (China A) Corporate Sustainability Benchmark Index,Inclusion,
600580.SS,2019-09-09,Hang Seng (China A) Corporate Sustainability Benchmark Index,Inclusion,
600583.SS,2017-09-04,Hang Seng China A Top 100 Index,Exclusion,
600585.SS,2020-09-07,Hang Seng China A Industry Top Index,Inclusion,
600588.SS,2019-09-09,Hang Seng (China A) Corporate Sustainability Benchmark Index,Inclusion,
600588.SS,2021-09-06,Hang Seng (China A) Corporate Sustainability Index,Inclusion,728.0
600600.SS,2017-03-06,Hang Seng China AH Index Series,Exclusion,
600600.SS,2017-09-04,Hang Seng China A Top 100 Index,Exclusion,182.0
600600.SS,2017-09-04,Hang Seng China AH Index Series,Inclusion,0.0
600600.SS,2017-09-04,Hang Seng Corporate Sustainability Benchmark Index,Exclusion,0.0
600600.SS,2019-09-09,Hang Seng (China A) Corporate Sustainability Benchmark Index,Inclusion,735.0
600600.SS,2019-09-09,Hang Seng (China A) Corporate Sustainability Index,Inclusion,0.0
600600.SS,2024-09-09,Hang Seng (China A) Corporate Sustainability Index,Inclusion,1827.0
600606.SS,2016-09-05,Hang Seng China 50 Index,Inclusion,
600606.SS,2016-09-05,Hang Seng China A Top 100 Index,Inclusion,0.0
600606.SS,2017-09-04,Hang Seng China 50 Index,Exclusion,364.0
600606.SS,2020-09-07,Hang Seng China A Industry Top Index,Inclusion,1099.0
600606.SS,2021-09-06,Hang Seng China A Industry Top Index,Removal,364.0
600637.SS,2017-09-04,Hang Seng China A Industry Top Index,Inclusion,
600637.SS,2018-09-10,Hang Seng China A Industry Top Index,Exclusion,371.0
600648.SS,2019-09-09,Hang Seng (China A) Corporate Sustainability Benchmark Index,Inclusion,
600685.SS,2016-03-14,Hang Seng China AH Index Series,Inclusion,
600685.SS,2018-09-10,Hang Seng Stock Connect China AH Index Series,Exclusion,910.0
600688.SS,2016-09-05,Hang Seng China A Industry Top Index,Inclusion,
600688.SS,2017-09-04,Hang Seng China A Top 100 Index,Inclusion,364.0
600688.SS,2020-09-07,Hang Seng China A Industry Top Index,Removal,1099.0
600688.SS,2020-09-07,Hang Seng China A Top 100 Index,Removal,0.0
600690.SS,2021-09-06,Hang Seng (China A) Corporate Sustainability Index,Removal,
600690.SS,2021-09-06,Hang Seng China A Industry Top Index,Inclusion,0.0
600703.SS,2021-09-06,Hang Seng China A Industry Top Index,Removal,
600704.SS,2016-09-05,Hang Seng China A Industry Top Index,Inclusion,
600704.SS,2018-09-10,Hang Seng China A Industry Top Index,Exclusion,735.0
600750.SS,2019-09-09,Hang Seng (China A) Corporate Sustainability Benchmark Index,Inclusion,
600775.SS,2019-09-09,Hang Seng (China A) Corporate Sustainability Benchmark Index,Inclusion,
600795.SS,2020-09-07,Hang Seng China A Top 100 Index,Removal,
600795.SS,2021-09-06,Hang Seng China A Industry Top Index,Removal,364.0
600808.SS,2017-09-04,Hang Seng China AH Index Series,Inclusion,
600808.SS,2019-09-09,Hang Seng (China A) Corporate Sustainability Benchmark Index,Inclusion,735.0
600837.SS,2018-09-10,Hang Seng China 50 Index,Exclusion,
600837.SS,2021-09-06,Hang Seng (China A) Corporate Sustainability Index,Inclusion,1092.0
600860.SS,2019-09-09,Hang Seng (China A) Corporate Sustainability Benchmark Index,Inclusion,
600871.SS,2017-09-04,Hang Seng China AH Index Series,Exclusion,
600871.SS,2019-09-09,Hang Seng (China A) Corporate Sustainability Benchmark Index,Inclusion,735.0
600874.SS,2017-09-04,Hang Seng China AH Index Series,Inclusion,
600874.SS,2018-03-05,Hang Seng China AH Index Series,Exclusion,182.0
600874.SS,2019-09-09,Hang Seng (China A) Corporate Sustainability Benchmark Index,Inclusion,553.0
600875.SS,2016-09-05,Hang Seng China A Top 100 Index,Exclusion,
600875.SS,2017-03-06,Hang Seng China AH Index Series,Exclusion,182.0
600875.SS,2019-09-09,Hang Seng (China A) Corporate Sustainability Benchmark Index,Inclusion,917.0
600886.SS,2021-09-06,Hang Seng China A Top 100 Index,Removal,
600887.SS,2018-09-10,Hang Seng China 50 Index,Inclusion,
600887.SS,2019-09-09,Hang Seng China A Industry Top Index,Inclusion,364.0
600887.SS,2020-09-07,Hang Seng China 50 Index,Removal,364.0
600887.SS,2025-12-08,Hang Seng HKEX Stock Connect China Enterprises Index,Removal,1918.0
600905.SS,2021-09-06,Hang Seng China A Industry Top Index,Inclusion,
600919.SS,2017-09-04,Hang Seng China A Top 100 Index,Inclusion,
600938.SS,2024-09-09,Hang Seng China A Industry Top Index,Inclusion,
600958.SS,2016-09-05,Hang Seng China 50 Index,Exclusion,
600958.SS,2016-09-05,Hang Seng China A Top 100 Index,Inclusion,0.0
600958.SS,2017-03-06,Hang Seng China AH Index Series,Inclusion,182.0
600958.SS,2017-09-04,Hang Seng China AH Index Series,Exclusion,182.0
600958.SS,2018-03-05,Hang Seng China AH Index Series,Inclusion,182.0
600958.SS,2018-09-10,Hang Seng China A Top 100 Index,Exclusion,189.0
600958.SS,2019-03-11,Hang Seng Stock Connect China AH Index Series,Exclusion,182.0
600958.SS,2019-09-09,Hang Seng (China A) Corporate Sustainability Benchmark Index,Inclusion,182.0
600958.SS,2019-09-09,Hang Seng Stock Connect China AH Index Series,Inclusion,0.0
600958.SS,2021-09-06,Hang Seng (China A) Corporate Sustainability Index,Inclusion,728.0
600999.SS,2017-03-06,Hang Seng China AH Index Series,Inclusion,
600999.SS,2018-09-10,Hang Seng (China A) Corporate Sustainability Benchmark Index,Exclusion,553.0
600999.SS,2019-03-11,Hang Seng Stock Connect China AH Index Series,Exclusion,182.0
601006.SS,2017-03-06,Hang Seng China 50 Index,Exclusion,
601006.SS,2021-09-06,Hang Seng China A Industry Top Index,Removal,1645.0
601009.SS,2016-09-05,Hang Seng China A Top 100 Index,Inclusion,
601012.SS,2019-09-09,Hang Seng (China A) Corporate Sustainability Benchmark Index,Inclusion,
601012.SS,2021-09-06,Hang Seng China 50 Index,Inclusion,728.0
601012.SS,2021-09-06,Hang Seng China A Top 100 Index,Inclusion,0.0
601012.SS,2024-09-09,Hang Seng (China A) Corporate Sustainability Index,Removal,1099.0
601018.SS,2016-09-05,Hang Seng China A Industry Top Index,Inclusion,
601018.SS,2016-09-05,Hang Seng China A Top 100 Index,Inclusion,0.0
601018.SS,2019-09-09,Hang Seng China A Industry Top Index,Exclusion,1099.0
601018.SS,2019-09-09,Hang Seng China A Top 100 Index,Exclusion,0.0
601066.SS,2019-09-09,Hang Seng (China A) Corporate Sustainability Benchmark Index,Inclusion,
601066.SS,2019-09-09,Hang Seng Stock Connect China AH Index Series,Inclusion,0.0
601066.SS,2021-09-06,Hang Seng China A Top 100 Index,Inclusion,728.0
601088.SS,2018-09-10,Hang Seng (China A) Corporate Sustainability Benchmark Index,Exclusion,
601088.SS,2019-09-09,Hang Seng (China A) Corporate Sustainability Benchmark Index,Inclusion,364.0
601088.SS,2021-09-06,Hang Seng (China A) Corporate Sustainability Index,Inclusion,728.0
601111.SS,2020-09-07,Hang Seng China A Industry Top Index,Removal,
601111.SS,2021-09-06,Hang Seng China A Top 100 Index,Removal,364.0
601117.SS,2018-09-10,Hang Seng China A Top 100 Index,Exclusion,
601138.SS,2018-09-10,Hang Seng China 50 Index,Inclusion,
601138.SS,2018-09-10,Hang Seng China A Industry Top Index,Inclusion,0.0
601138.SS,2018-09-10,Hang Seng China A Top 100 Index,Inclusion,0.0
601138.SS,2019-09-09,Hang Seng (China A) Corporate Sustainability Benchmark Index,Inclusion,364.0
601138.SS,2019-09-09,Hang Seng (China A) Corporate Sustainability Index,Inclusion,0.0
601155.SS,2019-09-09,Hang Seng China A Top 100 Index,Inclusion,
601166.SS,2018-09-10,Hang Seng (China A) Corporate Sustainability Benchmark Index,Exclusion,
601166.SS,2019-09-09,Hang Seng (China A) Corporate Sustainability Benchmark Index,Inclusion,364.0
601186.SS,2016-03-14,Hang Seng China 50 Index,Inclusion,
601186.SS,2016-09-05,Hang Seng China A Industry Top Index,Inclusion,175.0
601186.SS,2018-09-10,Hang Seng China 50 Index,Exclusion,735.0
601186.SS,2019-09-09,Hang Seng (China A) Corporate Sustainability Benchmark Index,Inclusion,364.0
601186.SS,2020-09-07,Hang Seng China A Industry Top Index,Removal,364.0
601200.SS,2019-09-09,Hang Seng (China A) Corporate Sustainability Benchmark Index,Inclusion,
601211.SS,2016-03-14,Hang Seng China 50 Index,Inclusion,
601211.SS,2016-09-05,Hang Seng China A Top 100 Index,Inclusion,175.0
601211.SS,2017-09-04,Hang Seng China AH Index Series,Inclusion,364.0
601211.SS,2019-03-11,Hang Seng Stock Connect China AH Index Series,Exclusion,553.0
601211.SS,2019-09-09,Hang Seng (China A) Corporate Sustainability Benchmark Index,Inclusion,182.0
601211.SS,2019-09-09,Hang Seng China 50 Index,Exclusion,0.0
601211.SS,2019-09-09,Hang Seng Stock Connect China AH Index Series,Inclusion,0.0
601211.SS,2026-03-09,Hang Seng HKEX Stock Connect China Enterprises Index,Inclusion,2373.0
601225.SS,2016-09-05,Hang Seng China A Top 100 Index,Exclusion,
601225.SS,2017-09-04,Hang Seng China A Industry Top Index,Inclusion,364.0
601225.SS,2018-09-10,Hang Seng China A Top 100 Index,Inclusion,371.0
601225.SS,2024-09-09,Hang Seng Stock Connect China Enterprises Index,Inclusion,2191.0
601229.SS,2017-03-06,Hang Seng China 50 Index,Inclusion,
601229.SS,2017-09-04,Hang Seng China A Top 100 Index,Inclusion,182.0
601229.SS,2018-09-10,Hang Seng China 50 Index,Exclusion,371.0
601231.SS,2019-09-09,Hang Seng (China A) Corporate Sustainability Benchmark Index,Inclusion,
601231.SS,2020-09-07,Hang Seng (China A) Corporate Sustainability Index,Inclusion,364.0
601238.SS,2017-03-06,Hang Seng China AH Index Series,Exclusion,
601238.SS,2017-09-04,Hang Seng China AH Index Series,Inclusion,182.0
601238.SS,2017-09-04,Hang Seng Corporate Sustainability Benchmark Index,Inclusion,0.0
601238.SS,2018-09-10,Hang Seng (China A) Corporate Sustainability Index,Inclusion,371.0
601288.SS,2018-09-10,Hang Seng (China A) Corporate Sustainability Benchmark Index,Inclusion,
601318.SS,2016-09-05,Hang Seng China A Industry Top Index,Inclusion,
601318.SS,2024-09-09,Hang Seng (China A) Corporate Sustainability Index,Inclusion,2926.0
601319.SS,2019-03-11,Hang Seng Stock Connect China AH Index Series,Inclusion,
601319.SS,2019-09-09,Hang Seng China 50 Index,Inclusion,182.0
601319.SS,2019-09-09,Hang Seng China A Top 100 Index,Inclusion,0.0
601319.SS,2024-06-11,Hang Seng Stock Connect China Enterprises Index,Inclusion,1737.0
601326.SS,2019-09-09,Hang Seng (China A) Corporate Sustainability Benchmark Index,Inclusion,
601328.SS,2019-09-09,Hang Seng (China A) Corporate Sustainability Index,Exclusion,
601330.SS,2019-09-09,Hang Seng (China A) Corporate Sustainability Benchmark Index,Inclusion,
601333.SS,2019-03-11,Hang Seng Stock Connect China AH Index Series,Exclusion,
601336.SS,2018-03-05,Hang Seng China 50 Index,Inclusion,
601336.SS,2018-09-10,Hang Seng (China A) Corporate Sustainability Benchmark Index,Inclusion,189.0
601336.SS,2019-03-11,Hang Seng China 50 Index,Exclusion,182.0
601360.SS,2019-03-11,Hang Seng China 50 Index,Inclusion,
601360.SS,2019-09-09,Hang Seng China A Industry Top Index,Inclusion,182.0
601360.SS,2020-03-09,Hang Seng China 50 Index,Removal,182.0
601360.SS,2021-09-06,Hang Seng China A Industry Top Index,Removal,546.0
601390.SS,2020-03-09,Hang Seng China 50 Index,Removal,
601398.SS,2019-09-09,Hang Seng (China A) Corporate Sustainability Index,Exclusion,
601598.SS,2019-09-09,Hang Seng Stock Connect China AH Index Series,Inclusion,
601600.SS,2018-09-10,Hang Seng China A Industry Top Index,Inclusion,
601600.SS,2019-09-09,Hang Seng (China A) Corporate Sustainability Benchmark Index,Inclusion,364.0
601600.SS,2019-09-09,Hang Seng China A Industry Top Index,Exclusion,0.0
601600.SS,2019-09-09,Hang Seng China A Top 100 Index,Exclusion,0.0
601600.SS,2024-09-09,Hang Seng China A Industry Top Index,Inclusion,1827.0
601601.SS,2018-09-10,Hang Seng (China A) Corporate Sustainability Benchmark Index,Inclusion,
601601.SS,2019-09-09,Hang Seng (China A) Corporate Sustainability Index,Inclusion,364.0
601601.SS,2020-09-07,Hang Seng (China A) Corporate Sustainability Index,Removal,364.0
601607.SS,2019-09-09,Hang Seng (China A) Corporate Sustainability Benchmark Index,Inclusion,
601607.SS,2019-09-09,Hang Seng (China A) Corporate Sustainability Index,Inclusion,0.0
601607.SS,2019-09-09,Hang Seng China A Industry Top Index,Inclusion,0.0
601607.SS,2020-09-07,Hang Seng (China A) Corporate Sustainability Index,Removal,364.0
601607.SS,2020-09-07,Hang Seng China A Industry Top Index,Removal,0.0
601607.SS,2021-09-06,Hang Seng China A Top 100 Index,Removal,364.0
601618.SS,2018-09-10,Hang Seng (China A) Corporate Sustainability Benchmark Index,Inclusion,
601618.SS,2019-03-11,Hang Seng Stock Connect China AH Index Series,Exclusion,182.0
601618.SS,2019-09-09,Hang Seng (China A) Corporate Sustainability Index,Inclusion,182.0
601618.SS,2020-09-07,Hang Seng (China A) Corporate Sustainability Index,Removal,364.0
601628.SS,2018-09-10,Hang Seng (China A) Corporate Sustainability Benchmark Index,Exclusion,
601628.SS,2018-09-10,Hang Seng (China A) Corporate Sustainability Index,Exclusion,0.0
601633.SS,2016-03-14,Hang Seng China 50 Index,Exclusion,
601633.SS,2018-09-10,Hang Seng China A Industry Top Index,Exclusion,910.0
601633.SS,2024-06-11,Hang Seng Stock Connect China Enterprises Index,Removal,2101.0
601658.SS,2020-09-07,Hang Seng China A Top 100 Index,Inclusion,
601668.SS,2021-03-15,Hang Seng China 50 Index,Removal,
601688.SS,2019-09-09,Hang Seng (China A) Corporate Sustainability Benchmark Index,Inclusion,
601698.SS,2020-09-07,Hang Seng China A Industry Top Index,Inclusion,
601717.SS,2019-09-09,Hang Seng (China A) Corporate Sustainability Benchmark Index,Inclusion,
601727.SS,2017-09-04,Hang Seng China A Industry Top Index,Exclusion,
601727.SS,2017-09-04,Hang Seng China A Top 100 Index,Exclusion,0.0
601727.SS,2018-09-10,Hang Seng China A Top 100 Index,Inclusion,371.0
601727.SS,2019-03-11,Hang Seng Stock Connect China AH Index Series,Exclusion,182.0
601727.SS,2020-09-07,Hang Seng (China A) Corporate Sustainability Index,Inclusion,546.0
601727.SS,2021-09-06,Hang Seng (China A) Corporate Sustainability Index,Removal,364.0
601766.SS,2018-09-10,Hang Seng (China A) Corporate Sustainability Benchmark Index,Inclusion,
601788.SS,2017-03-06,Hang Seng China AH Index Series,Inclusion,
601788.SS,2017-09-04,Hang Seng China AH Index Series,Exclusion,182.0
601788.SS,2019-09-09,Hang Seng (China A) Corporate Sustainability Benchmark Index,Inclusion,735.0
601788.SS,2019-09-09,Hang Seng Stock Connect China AH Index Series,Inclusion,0.0
601800.SS,2018-09-10,Hang Seng (China A) Corporate Sustainability Benchmark Index,Inclusion,
601808.SS,2017-03-06,Hang Seng China AH Index Series,Exclusion,
601808.SS,2017-09-04,Hang Seng China A Industry Top Index,Exclusion,182.0
601808.SS,2017-09-04,Hang Seng China A Top 100 Index,Exclusion,0.0
601808.SS,2017-09-04,Hang Seng China AH Index Series,Inclusion,0.0
601808.SS,2019-09-09,Hang Seng (China A) Corporate Sustainability Index,Inclusion,735.0
601808.SS,2021-09-06,Hang Seng (China A) Corporate Sustainability Index,Removal,728.0
601808.SS,2021-09-06,Hang Seng China A Industry Top Index,Inclusion,0.0
601808.SS,2024-09-09,Hang Seng (China A) Corporate Sustainability Index,Inclusion,1099.0
601811.SS,2019-09-09,Hang Seng (China A) Corporate Sustainability Benchmark Index,Inclusion,
601816.SS,2020-09-07,Hang Seng China 50 Index,Inclusion,
601816.SS,2020-09-07,Hang Seng China A Industry Top Index,Inclusion,0.0
601816.SS,2020-09-07,Hang Seng China A Top 100 Index,Inclusion,0.0
601816.SS,2021-09-06,Hang Seng China A Industry Top Index,Removal,364.0
601818.SS,2017-09-04,Hang Seng Corporate Sustainability Benchmark Index,Exclusion,
601818.SS,2019-09-09,Hang Seng (China A) Corporate Sustainability Benchmark Index,Inclusion,735.0
601828.SS,2018-09-10,Hang Seng Stock Connect China AH Index Series,Inclusion,
601828.SS,2019-03-11,Hang Seng Stock Connect China AH Index Series,Exclusion,182.0
601828.SS,2019-09-09,Hang Seng (China A) Corporate Sustainability Benchmark Index,Inclusion,182.0
601828.SS,2019-09-09,Hang Seng Stock Connect China AH Index Series,Inclusion,0.0
601857.SS,2022-12-05,Hang Seng Stock Connect China Enterprises Index,Removal,
601865.SS,2019-09-09,Hang Seng Stock Connect China AH Index Series,Inclusion,
601866.SS,2019-03-11,Hang Seng Stock Connect China AH Index Series,Exclusion,
601866.SS,2019-09-09,Hang Seng (China A) Corporate Sustainability Benchmark Index,Inclusion,182.0
601869.SS,2019-03-11,Hang Seng Stock Connect China AH Index Series,Inclusion,
601877.SS,2018-09-10,Hang Seng (China A) Corporate Sustainability Benchmark Index,Inclusion,
601877.SS,2018-09-10,Hang Seng (China A) Corporate Sustainability Index,Inclusion,0.0
601881.SS,2017-09-04,Hang Seng China A Top 100 Index,Inclusion,
601881.SS,2017-09-04,Hang Seng China AH Index Series,Inclusion,0.0
601881.SS,2019-09-09,Hang Seng (China A) Corporate Sustainability Benchmark Index,Inclusion,735.0
601881.SS,2019-09-09,Hang Seng China A Top 100 Index,Exclusion,0.0
601888.SS,2019-09-09,Hang Seng (China A) Corporate Sustainability Benchmark Index,Inclusion,
601888.SS,2019-09-09,Hang Seng China A Top 100 Index,Inclusion,0.0
601888.SS,2021-03-15,Hang Seng China 50 Index,Inclusion,553.0
601888.SS,2021-09-06,Hang Seng China A Industry Top Index,Inclusion,175.0
601898.SS,2016-09-05,Hang Seng China A Top 100 Index,Exclusion,
601898.SS,2018-09-10,Hang Seng China A Top 100 Index,Inclusion,735.0
601898.SS,2020-09-07,Hang Seng China A Industry Top Index,Removal,728.0
601898.SS,2020-09-07,Hang Seng China A Top 100 Index,Removal,0.0
601899.SS,2019-09-09,Hang Seng (China A) Corporate Sustainability Benchmark Index,Inclusion,
601899.SS,2024-06-11,Hang Seng Stock Connect China Enterprises Index,Removal,1737.0
601899.SS,2024-09-09,Hang Seng (China A) Corporate Sustainability Index,Inclusion,90.0
601916.SS,2020-09-07,Hang Seng China A Top 100 Index,Inclusion,
601919.SS,2018-09-10,Hang Seng (China A) Corporate Sustainability Index,Inclusion,
601919.SS,2021-09-06,Hang Seng China A Industry Top Index,Inclusion,1092.0
601919.SS,2021-09-06,Hang Seng China A Top 100 Index,Inclusion,0.0
601939.SS,2018-09-10,Hang Seng (China A) Corporate Sustainability Benchmark Index,Exclusion,
601939.SS,2018-09-10,Hang Seng (China A) Corporate Sustainability Index,Exclusion,0.0
601939.SS,2019-09-09,Hang Seng (China A) Corporate Sustainability Benchmark Index,Inclusion,364.0
601985.SS,2017-03-06,Hang Seng China 50 Index,Exclusion,
601985.SS,2018-09-10,Hang Seng China A Industry Top Index,Inclusion,553.0
601988.SS,2021-09-06,Hang Seng (China A) Corporate Sustainability Index,Removal,
601989.SS,2016-09-05,Hang Seng China A Top 100 Index,Exclusion,
601989.SS,2018-03-05,Hang Seng China 50 Index,Exclusion,546.0
601991.SS,2017-03-06,Hang Seng China AH Index Series,Exclusion,
601991.SS,2017-09-04,Hang Seng China A Top 100 Index,Exclusion,182.0
601991.SS,2017-09-04,Hang Seng China AH Index Series,Inclusion,0.0
601991.SS,2017-09-04,Hang Seng Corporate Sustainability Benchmark Index,Inclusion,0.0
601991.SS,2019-03-11,Hang Seng Stock Connect China AH Index Series,Exclusion,553.0
601991.SS,2019-09-09,Hang Seng (China A) Corporate Sustainability Index,Inclusion,182.0
601991.SS,2020-09-07,Hang Seng (China A) Corporate Sustainability Index,Removal,364.0
601992.SS,2019-09-09,Hang Seng (China A) Corporate Sustainability Benchmark Index,Inclusion,
601992.SS,2019-09-09,Hang Seng China A Top 100 Index,Exclusion,0.0
601998.SS,2024-06-11,Hang Seng Stock Connect China Enterprises Index,Inclusion,
6030.HK,2020-09-07,Hang Seng China Enterprises Index,Removal,
603019.SS,2019-09-09,Hang Seng (China A) Corporate Sustainability Benchmark Index,Inclusion,
603019.SS,2020-09-07,Hang Seng (China A) Corporate Sustainability Index,Inclusion,364.0
603019.SS,2021-09-06,Hang Seng (China A) Corporate Sustainability Index,Removal,364.0
603259.SS,2019-03-11,Hang Seng Stock Connect China AH Index Series,Inclusion,
603259.SS,2020-09-07,Hang Seng China A Industry Top Index,Inclusion,546.0
603288.SS,2020-03-09,Hang Seng China 50 Index,Inclusion,
603288.SS,2020-09-07,Hang Seng China A Top 100 Index,Inclusion,182.0
603288.SS,2024-09-09,Hang Seng China A Industry Top Index,Removal,1463.0
603337.SS,2019-09-09,Hang Seng (China A) Corporate Sustainability Benchmark Index,Inclusion,
603501.SS,2021-09-06,Hang Seng China A Industry Top Index,Inclusion,
603501.SS,2024-09-09,Hang Seng China A Industry Top Index,Removal,1099.0
603588.SS,2019-09-09,Hang Seng (China A) Corporate Sustainability Benchmark Index,Inclusion,
603595.SS,2019-09-09,Hang Seng (China A) Corporate Sustainability Benchmark Index,Inclusion,
603659.SS,2019-09-09,Hang Seng (China A) Corporate Sustainability Benchmark Index,Inclusion,
603680.SS,2019-09-09,Hang Seng (China A) Corporate Sustainability Benchmark Index,Inclusion,
603737.SS,2019-09-09,Hang Seng (China A) Corporate Sustainability Benchmark Index,Inclusion,
603773.SS,2019-09-09,Hang Seng (China A) Corporate Sustainability Benchmark Index,Inclusion,
603898.SS,2020-03-09,Hang Seng Stock Connect Greater Bay Area Composite Index,Removal,
603983.SS,2020-03-09,Hang Seng Stock Connect Greater Bay Area Composite Index,Inclusion,
603993.SS,2016-09-05,Hang Seng China A Industry Top Index,Inclusion,
603993.SS,2017-09-04,Hang Seng China A Industry Top Index,Exclusion,364.0
603993.SS,2019-09-09,Hang Seng (China A) Corporate Sustainability Benchmark Index,Inclusion,735.0
603993.SS,2019-09-09,Hang Seng China A Industry Top Index,Inclusion,0.0
603993.SS,2024-09-09,Hang Seng China A Industry Top Index,Inclusion,1827.0
6049.HK,2020-03-09,Hang Seng Composite Index,Inclusion,
6049.HK,2020-03-09,Hang Seng Stock Connect Greater Bay Area Composite Index,Inclusion,0.0
6055.HK,2020-03-09,Hang Seng Stock Connect Greater Bay Area Composite Index,Inclusion,
6055.HK,2021-09-06,Hang Seng Stock Connect Greater Bay Area Composite Index,Removal,546.0
6060.HK,2017-12-04,Hang Seng Composite LargeCap & MidCap Index,Inclusion,
6060.HK,2018-03-05,Hang Seng China Enterprises Index,Inclusion,91.0
6060.HK,2019-03-11,Hang Seng China Enterprises Index,Exclusion,371.0
6060.HK,2025-03-10,Hang Seng TECH Index,Removal,2191.0
6066.HK,2019-09-09,Hang Seng Stock Connect China AH Index Series,Inclusion,
6069.HK,2020-03-09,Hang Seng Composite Index,Inclusion,
6078.HK,2020-09-07,Hang Seng Composite Index,Inclusion,
6086.HK,2024-12-09,Hang Seng Hong Kong-Listed Biotech Index,Inclusion,
6086.HK,2025-03-10,Hang Seng Composite Index,Inclusion,91.0
6088.HK,2017-12-04,Hang Seng Composite LargeCap & MidCap Index,Inclusion,
6088.HK,2021-06-07,Hang Seng TECH Index,Removal,1281.0
6098.HK,2018-09-10,Hang Seng Composite LargeCap & MidCap Index,Inclusion,
6098.HK,2021-03-15,Hang Seng China Enterprises Index,Inclusion,917.0
6098.HK,2021-06-07,Hang Seng Index,Inclusion,84.0
6098.HK,2021-09-06,Hang Seng ESG 50 Index,Inclusion,91.0
6098.HK,2024-06-11,Hang Seng Index,Removal,1009.0
6099.HK,2017-03-06,Hang Seng China AH Index Series,Inclusion,
6099.HK,2017-03-06,Hang Seng Composite LargeCap & MidCap Index,Inclusion,0.0
6099.HK,2019-03-11,Hang Seng Stock Connect China AH Index Series,Exclusion,735.0
6099.HK,2019-09-09,Hang Seng Composite LargeCap & MidCap Index,Exclusion,182.0
6099.HK,2020-09-07,Hang Seng Composite Index,Inclusion,364.0
6100.HK,2020-03-09,Hang Seng Composite Index,Removal,
6100.HK,2021-03-15,Hang Seng Composite Index,Inclusion,371.0
6100.HK,2024-09-09,Hang Seng Composite Index,Removal,1274.0
6110.HK,2020-03-09,Hang Seng Composite Index,Inclusion,
6158.HK,2018-06-04,Hang Seng Composite LargeCap & MidCap Index,Inclusion,
6160.HK,2020-09-07,Hang Seng Composite Index,Inclusion,
6160.HK,2025-03-10,Hang Seng China Enterprises Index,Inclusion,1645.0
6166.HK,2021-09-06,Hang Seng Composite Index,Removal,
6178.HK,2017-03-06,Hang Seng China AH Index Series,Inclusion,
6178.HK,2017-09-04,Hang Seng China AH Index Series,Exclusion,182.0
6178.HK,2019-09-09,Hang Seng Stock Connect China AH Index Series,Inclusion,735.0
6181.HK,2024-09-09,Hang Seng Composite Index,Inclusion,
6185.HK,2020-09-07,Hang Seng Composite Index,Inclusion,
6185.HK,2024-03-04,Hang Seng Hong Kong-Listed Biotech Index,Removal,1274.0
6185.HK,2024-09-09,Hang Seng Composite Index,Removal,189.0
6186.HK,2020-03-09,Hang Seng Composite Index,Inclusion,
6186.HK,2020-12-07,Hang Seng China Enterprises Index,Inclusion,273.0
6600.HK,2021-09-06,Hang Seng Composite Index,Inclusion,
6600.HK,2024-06-11,Hang Seng Hong Kong-Listed Biotech Index,Inclusion,1009.0
6601.HK,2021-09-06,Hang Seng Composite Index,Inclusion,
6606.HK,2021-06-07,Hang Seng Composite Index,Inclusion,
6608.HK,2021-09-06,Hang Seng Composite Index,Inclusion,
6610.HK,2024-03-04,Hang Seng Composite Index,Removal,
6618.HK,2021-09-06,Hang Seng China 50 Index,Inclusion,
6623.HK,2025-03-10,Hang Seng Composite Index,Inclusion,
6639.HK,2025-03-10,Hang Seng Composite Index,Removal,
6660.HK,2024-09-09,Hang Seng Hong Kong-Listed Biotech Index,Removal,
6660.HK,2025-03-10,Hang Seng Composite Index,Removal,182.0
6666.HK,2021-03-15,Hang Seng Composite Index,Inclusion,
6666.HK,2021-03-15,Hang Seng Stock Connect Greater Bay Area Composite Index,Inclusion,0.0
6666.HK,2021-06-07,Hang Seng China Enterprises Index,Inclusion,84.0
6666.HK,2024-03-04,Hang Seng Composite Index,Inclusion,1001.0
6666.HK,2024-03-04,Hang Seng Stock Connect Greater Bay Area Composite Index,Inclusion,0.0
6666.HK,2024-09-09,Hang Seng Stock Connect Greater Bay Area Composite Index,Removal,189.0
6682.HK,2024-03-04,Hang Seng Composite Index,Inclusion,
6683.HK,2024-03-04,Hang Seng Composite Index,Inclusion,
6690.HK,2021-03-15,Hang Seng Composite Index,Inclusion,
6690.HK,2021-03-15,Hang Seng TECH Index,Inclusion,0.0
6690.HK,2022-12-05,Hang Seng China Enterprises Index,Inclusion,630.0
6690.HK,2022-12-05,Hang Seng Index,Inclusion,0.0
6690.HK,2022-12-05,Hang Seng Stock Connect China Enterprises Index,Inclusion,0.0
6698.HK,2025-03-10,Hang Seng Composite Index,Removal,
6699.HK,2021-09-06,Hang Seng Composite Index,Inclusion,
6806.HK,2019-09-09,Hang Seng Stock Connect China AH Index Series,Inclusion,
6806.HK,2021-09-06,Hang Seng Composite Index,Removal,728.0
6818.HK,2017-09-04,Hang Seng Corporate Sustainability Benchmark Index,Exclusion,
6818.HK,2021-03-15,Hang Seng China 50 Index,Removal,1288.0
6818.HK,2024-09-09,Hang Seng Corporate Sustainability Benchmark Index,Removal,1274.0
6823.HK,2018-09-10,Hang Seng Composite LargeCap & MidCap Index,Inclusion,
6828.HK,2020-03-09,Hang Seng Composite Index,Removal,
6837.HK,2018-09-10,Hang Seng China 50 Index,Exclusion,
6837.HK,2020-06-08,Hang Seng China Enterprises Index,Removal,637.0
6855.HK,2020-09-07,Hang Seng Composite Index,Inclusion,
6855.HK,2024-06-11,Hang Seng Hong Kong-Listed Biotech Index,Inclusion,1373.0
6862.HK,2018-12-10,Hang Seng Composite LargeCap & MidCap Index,Inclusion,
6862.HK,2020-12-07,Hang Seng China Enterprises Index,Inclusion,728.0
6862.HK,2021-03-15,Hang Seng Index,Inclusion,98.0
6862.HK,2025-12-08,Hang Seng China Enterprises Index,Removal,1729.0
6862.HK,2025-12-08,Hang Seng HKEX Stock Connect China Enterprises Index,Removal,0.0
6865.HK,2019-09-09,Hang Seng Stock Connect China AH Index Series,Inclusion,
6865.HK,2021-09-06,Hang Seng Composite Index,Inclusion,728.0
6869.HK,2019-03-11,Hang Seng Stock Connect China AH Index Series,Inclusion,
6869.HK,2021-09-06,Hang Seng Composite Index,Removal,910.0
6878.HK,2024-03-04,Hang Seng Composite Index,Removal,
688036.SS,2024-09-09,Hang Seng China A Industry Top Index,Inclusion,
6881.HK,2017-09-04,Hang Seng China AH Index Series,Inclusion,
6881.HK,2018-12-10,Hang Seng China Enterprises Index,Exclusion,462.0
688114.SS,2024-03-04,Hang Seng Stock Connect Greater Bay Area Composite Index,Inclusion,
688177.SS,2024-09-09,Hang Seng Stock Connect Greater Bay Area Composite Index,Inclusion,
688318.SS,2024-03-04,Hang Seng Stock Connect Greater Bay Area Composite Index,Inclusion,
688343.SS,2024-09-09,Hang Seng Stock Connect Greater Bay Area Composite Index,Inclusion,
688361.SS,2024-09-09,Hang Seng Stock Connect Greater Bay Area Composite Index,Inclusion,
688525.SS,2024-09-09,Hang Seng Stock Connect Greater Bay Area Composite Index,Inclusion,
6886.HK,2019-09-09,Hang Seng China Enterprises Index,Exclusion,
6889.HK,2020-03-09,Hang Seng Composite Index,Removal,
6889.HK,2020-09-07,Hang Seng Composite Index,Inclusion,182.0
6889.HK,2021-03-15,Hang Seng Composite Index,Removal,189.0
688981.SS,2021-09-06,Hang Seng China A Industry Top Index,Inclusion,
6929.HK,2023-12-04,Hang Seng Hong Kong-Listed Biotech Index,Removal,
6929.HK,2024-03-04,Hang Seng Composite Index,Removal,91.0
6963.HK,2024-09-09,Hang Seng Composite Index,Inclusion,
6963.HK,2024-09-09,Hang Seng Stock Connect Greater Bay Area Composite Index,Inclusion,0.0
6969.HK,2021-09-06,Hang Seng Stock Connect Greater Bay Area Composite Index,Inclusion,
6969.HK,2024-09-09,Hang Seng Stock Connect Greater Bay Area Composite Index,Removal,1099.0
6988.HK,2021-03-15,Hang Seng Composite Index,Inclusion,
6989.HK,2021-03-15,Hang Seng Composite Index,Inclusion,
6990.HK,2024-03-04,Hang Seng Composite Index,Inclusion,
6990.HK,2024-06-11,Hang Seng Hong Kong-Listed Biotech Index,Inclusion,99.0
6993.HK,2021-03-15,Hang Seng Composite Index,Inclusion,
6993.HK,2021-03-15,Hang Seng Stock Connect Greater Bay Area Composite Index,Inclusion,0.0
6996.HK,2021-03-15,Hang Seng Composite Index,Inclusion,
6998.HK,2021-03-15,Hang Seng Composite Index,Inclusion,
87001.HK,2020-03-09,Hang Seng Composite Index,Removal,
88187.HK,2024-09-09,Hang Seng (China A) Corporate Sustainability Benchmark Index,Inclusion,
88707.HK,2024-09-09,Hang Seng (China A) Corporate Sustainability Benchmark Index,Inclusion,
9618.HK,2020-12-07,Hang Seng China Enterprises Index,Inclusion,
9618.HK,2021-03-15,Hang Seng China 50 Index,Inclusion,98.0
9618.HK,2021-12-06,Hang Seng Index,Inclusion,266.0
9626.HK,2021-06-07,Hang Seng TECH Index,Inclusion,
9626.HK,2022-12-05,Hang Seng China Enterprises Index,Removal,546.0
9633.HK,2021-03-15,Hang Seng China 50 Index,Inclusion,
9633.HK,2021-03-15,Hang Seng China Enterprises Index,Inclusion,0.0
9638.HK,2024-03-04,Hang Seng Composite Index,Inclusion,
9638.HK,2025-03-10,Hang Seng Composite Index,Removal,371.0
9660.HK,2025-03-10,Hang Seng Composite Index,Inclusion,
9660.HK,2025-03-10,Hang Seng TECH Index,Inclusion,0.0
9660.HK,2026-03-09,Hang Seng HKEX Stock Connect China Enterprises Index,Inclusion,364.0
9666.HK,2021-03-15,Hang Seng Composite Index,Inclusion,
9668.HK,2020-12-07,Hang Seng Composite LargeCap & MidCap Index,Inclusion,
9668.HK,2021-03-15,Hang Seng Composite Index,Removal,98.0
9668.HK,2024-09-09,Hang Seng Composite Index,Removal,1274.0
9669.HK,2025-03-10,Hang Seng Composite Index,Removal,
9676.HK,2024-03-04,Hang Seng Composite Index,Inclusion,
9688.HK,2020-12-07,Hang Seng Composite LargeCap & MidCap Index,Inclusion,
9690.HK,2023-12-04,Hang Seng Composite Index,Inclusion,
9698.HK,2021-03-15,Hang Seng Composite Index,Inclusion,
9698.HK,2021-03-15,Hang Seng TECH Index,Inclusion,0.0
9698.HK,2024-03-04,Hang Seng TECH Index,Removal,1085.0
9699.HK,2024-09-09,Hang Seng Composite Index,Inclusion,
9857.HK,2024-09-09,Hang Seng Composite Index,Removal,
9858.HK,2021-09-06,Hang Seng Composite Index,Inclusion,
9863.HK,2022-12-05,Hang Seng Composite Index,Inclusion,
9863.HK,2025-12-08,Hang Seng TECH Index,Inclusion,1099.0
9866.HK,2022-06-13,Hang Seng Composite Index,Inclusion,
9866.HK,2022-06-13,Hang Seng TECH Index,Inclusion,0.0
9869.HK,2021-12-06,Hang Seng Composite Index,Inclusion,
9869.HK,2024-09-09,Hang Seng Stock Connect Greater Bay Area Composite Index,Removal,1008.0
9869.HK,2025-03-10,Hang Seng Composite Index,Removal,182.0
9877.HK,2024-09-09,Hang Seng Composite Index,Removal,
9880.HK,2024-03-04,Hang Seng Composite Index,Inclusion,
9880.HK,2024-03-04,Hang Seng Stock Connect Greater Bay Area Composite Index,Inclusion,0.0
9885.HK,2023-12-04,Hang Seng Hong Kong-Listed Biotech Index,Inclusion,
9885.HK,2024-03-04,Hang Seng Stock Connect Greater Bay Area Composite Index,Inclusion,91.0
9886.HK,2024-06-11,Hang Seng Hong Kong-Listed Biotech Index,Removal,
9886.HK,2024-09-09,Hang Seng Composite Index,Removal,90.0
9888.HK,2021-09-06,Hang Seng China 50 Index,Inclusion,
9890.HK,2024-03-04,Hang Seng Composite Index,Inclusion,
9890.HK,2024-09-09,Hang Seng Stock Connect Greater Bay Area Composite Index,Inclusion,189.0
9898.HK,2024-12-09,Hang Seng TECH Index,Removal,
9899.HK,2024-09-09,Hang Seng Composite Index,Inclusion,
9901.HK,2024-09-09,Hang Seng China Enterprises Index,Inclusion,
9901.HK,2024-12-09,Hang Seng Index,Inclusion,91.0
9901.HK,2025-12-08,Hang Seng China Enterprises Index,Removal,364.0
9909.HK,2020-09-07,Hang Seng Composite Index,Inclusion,
9922.HK,2020-09-07,Hang Seng Composite Index,Inclusion,
9922.HK,2020-09-07,Hang Seng Stock Connect Greater Bay Area Composite Index,Inclusion,0.0
9923.HK,2020-09-07,Hang Seng Composite Index,Inclusion,
9923.HK,2021-03-15,Hang Seng Stock Connect Greater Bay Area Composite Index,Inclusion,189.0
9926.HK,2020-09-07,Hang Seng Composite Index,Inclusion,
9926.HK,2020-09-07,Hang Seng Stock Connect Greater Bay Area Composite Index,Inclusion,0.0
9926.HK,2024-09-09,Hang Seng Stock Connect Greater Bay Area Composite Index,Removal,1463.0
9928.HK,2020-09-07,Hang Seng Composite Index,Inclusion,
9930.HK,2024-03-04,Hang Seng Composite Index,Removal,
9939.HK,2021-09-06,Hang Seng Composite Index,Inclusion,
9939.HK,2024-03-04,Hang Seng Composite Index,Removal,910.0
9955.HK,2023-12-04,Hang Seng Hong Kong-Listed Biotech Index,Removal,
9955.HK,2024-09-09,Hang Seng Composite Index,Removal,280.0
9959.HK,2021-09-06,Hang Seng Composite Index,Inclusion,
9959.HK,2025-03-10,Hang Seng Composite Index,Removal,1281.0
9961.HK,2021-09-06,Hang Seng Composite Index,Inclusion,
9961.HK,2021-09-06,Hang Seng TECH Index,Inclusion,0.0
9966.HK,2020-09-07,Hang Seng Composite Index,Inclusion,
9966.HK,2025-03-10,Hang Seng Composite Index,Removal,1645.0
9966.HK,2025-06-09,Hang Seng Biotech Index,Removal,91.0
9968.HK,2020-09-07,Hang Seng Composite Index,Inclusion,
9969.HK,2020-09-07,Hang Seng Composite Index,Inclusion,
9973.HK,2025-12-08,Hang Seng Composite Index,Inclusion,
9983.HK,2020-09-07,Hang Seng Composite Index,Inclusion,
9985.HK,2024-03-04,Hang Seng Composite Index,Removal,
9985.HK,2025-03-10,Hang Seng Composite Index,Inclusion,371.0
9987.HK,2020-12-07,Hang Seng Composite LargeCap & MidCap Index,Inclusion,
9987.HK,2025-12-08,Hang Seng China Enterprises Index,Inclusion,1827.0
9987.HK,2025-12-08,Hang Seng HKEX Stock Connect China Enterprises Index,Inclusion,0.0
9988.HK,2020-09-07,Hang Seng China 50 Index,Inclusion,
9988.HK,2020-09-07,Hang Seng China Enterprises Index,Inclusion,0.0
9988.HK,2020-09-07,Hang Seng Index,Inclusion,0.0
9990.HK,2020-12-07,Hang Seng Composite LargeCap & MidCap Index,Inclusion,
9990.HK,2020-12-07,Hang Seng TECH Index,Inclusion,0.0
9990.HK,2021-06-07,Hang Seng TECH Index,Removal,182.0
9991.HK,2021-03-15,Hang Seng Composite Index,Inclusion,
9992.HK,2021-03-15,Hang Seng Composite Index,Inclusion,
9993.HK,2021-03-15,Hang Seng Composite Index,Inclusion,
9995.HK,2021-03-15,Hang Seng Composite Index,Inclusion,
9995.HK,2025-03-10,Hang Seng Composite Index,Removal,1456.0
9995.HK,2025-06-09,Hang Seng Biotech Index,Removal,91.0
9996.HK,2020-09-07,Hang Seng Composite Index,Inclusion,
9996.HK,2025-03-10,Hang Seng Composite Index,Removal,1645.0
9997.HK,2020-09-07,Hang Seng Composite Index,Inclusion,
9997.HK,2024-06-11,Hang Seng Hong Kong-Listed Biotech Index,Removal,1373.0
9997.HK,2025-06-09,Hang Seng Biotech Index,Inclusion,363.0
9999.HK,2020-12-07,Hang Seng China Enterprises Index,Inclusion,
9999.HK,2021-03-15,Hang Seng China 50 Index,Inclusion,98.0
9999.HK,2021-12-06,Hang Seng Index,Inclusion,266.0
