event_idx,ticker_yf,index,change_type,year,cum_ret_t_minus_20,cum_ret_t_minus_1,cum_ret_t_plus_1,cum_ret_t_plus_20,cum_ret_t_plus_60,pre_t20_to_t1,post_t1_to_t20,post_t1_to_t60,rank_post_t20
1628,2550.HK,Hang Seng Composite Index,Inclusion,2024,0.10971947066677323,-0.006011970811066636,-0.05911815891540273,1.5676353883136476,-0.4579158220883214,-0.11573144147783987,1.6267535472290504,-0.39879766317291865,1.0
1643,0813.HK,Hang Seng Composite Index,Removal,2024,0.07692309808448994,-0.015384601277006582,-0.07692300638503313,1.4923077910609535,0.8153846012770067,-0.09230769936149652,1.5692307974459867,0.8923076076620399,2.0
1737,1942.HK,Hang Seng Stock Connect Greater Bay Area Composite Index,Removal,2024,0.26388887509151804,-0.04166670805877948,-0.04166670805877948,1.333333167764882,0.5694443754575897,-0.3055555831502975,1.3749998758236615,0.6111110835163692,3.0
1542,1788.HK,Hang Seng (China A) Corporate Sustainability Benchmark Index,Inclusion,2024,0.01639342660450316,0.01639342660450316,0.0,1.2950818743061188,0.8360655385299072,0.0,1.2950818743061188,0.8360655385299072,4.0
1508,9880.HK,Hang Seng Stock Connect Greater Bay Area Composite Index,Inclusion,2024,-0.08973080484709184,-0.025922293363978666,-0.00797610196826204,1.183449584612569,0.6340975963072211,0.06380851148311317,1.191425686580831,0.6420736982754831,5.0
1484,9880.HK,Hang Seng Composite Index,Inclusion,2024,-0.08973080484709184,-0.025922293363978666,-0.00797610196826204,1.183449584612569,0.6340975963072211,0.06380851148311317,1.191425686580831,0.6420736982754831,5.0
1706,6660.HK,Hang Seng Hong Kong-Listed Biotech Index,Removal,2024,0.4976634423340687,0.023364462553857157,-0.07242994532750302,1.0654204951508004,0.5981307984314732,-0.4742989797802115,1.1378504404783034,0.6705607437589762,7.0
1754,1244.HK,Hang Seng Hong Kong-Listed Biotech Index,Removal,2024,0.16939893700492714,-0.005464475534834423,0.010928951069668846,0.9508195899031167,0.601092895106967,-0.17486341253976156,0.9398906388334478,0.5901639440372981,8.0
1720,300735.SZ,Hang Seng Stock Connect Greater Bay Area Composite Index,Inclusion,2024,0.029197106870107126,0.02133638851825359,-0.02751262132574339,0.8568220486509925,0.7821449030256162,-0.007860718351853535,0.8843346699767359,0.8096575243513596,9.0
1703,2202.HK,Hang Seng ESG 50 Index,Removal,2024,0.009828000040771334,-0.024570058681429363,-0.0343980587222007,0.8402947064399608,0.5823095296312104,-0.0343980587222007,0.8746927651621615,0.6167075883534111,10.0
1673,0884.HK,Hang Seng Corporate Sustainability Benchmark Index,Inclusion,2024,0.05882359128509962,0.0,-0.06274510949724066,0.7058823941900663,0.3333333722906182,-0.05882359128509962,0.7686275036873069,0.39607848178785887,11.0
1634,6181.HK,Hang Seng Composite Index,Inclusion,2024,-0.12085564761238299,-0.005347593582887722,-0.016577572746072855,0.7508021063983121,1.1518716251148895,0.11550805402949527,0.767379679144385,1.1684491978609624,12.0
1556,0760.HK,Hang Seng (China A) Corporate Sustainability Benchmark Index,Inclusion,2024,0.08695650202114802,0.0,0.0,0.7391304291488994,0.9130434331911956,-0.08695650202114802,0.7391304291488994,0.9130434331911956,13.0
1625,2443.HK,Hang Seng Composite Index,Inclusion,2024,-0.018965539637416318,0.025862002344394508,-0.04999999177866998,0.6827586048139833,0.2603447762737676,0.044827541981810826,0.7327585965926533,0.3103447680524376,14.0
1743,9869.HK,Hang Seng Stock Connect Greater Bay Area Composite Index,Removal,2024,0.18292687447705092,-0.012195110427418387,-0.006097555213709138,0.7195121694150102,0.5365853676265511,-0.1951219849044693,0.7256097246287193,0.5426829228402602,15.0
1718,2498.HK,Hang Seng Stock Connect Greater Bay Area Composite Index,Inclusion,2024,0.32007231713791473,-0.0036166329417204324,0.07414101841893395,0.7848100381719771,1.1247738796030196,-0.32368895007963516,0.7106690197530432,1.0506328611840856,16.0
1676,2269.HK,Hang Seng Corporate Sustainability Benchmark Index,Inclusion,2024,0.012658172182355987,0.0018082733571946896,0.025316430592042805,0.7233271919353992,0.5207955747443942,-0.010849898825161297,0.6980107613433564,0.4954791441523514,17.0
1697,2269.HK,Hang Seng ESG 50 Index,Inclusion,2024,0.012658172182355987,0.0018082733571946896,0.025316430592042805,0.7233271919353992,0.5207955747443942,-0.010849898825161297,0.6980107613433564,0.4954791441523514,17.0
1680,0165.HK,Hang Seng Corporate Sustainability Benchmark Index,Removal,2024,0.11078713371034987,0.008746347173728575,-0.026239111030974094,0.6326530016446712,0.5422740113396878,-0.1020407865366213,0.6588921126756453,0.5685131223706619,19.0
1710,0020.HK,Hang Seng Stock Connect China Enterprises Index,Removal,2024,-0.0442477455993574,-0.017699098239742916,-0.035398196479485944,0.6194690713606854,0.31858408480021416,0.026548647359614486,0.6548672678401714,0.3539822812797001,20.0
1598,0020.HK,Hang Seng China Enterprises Index,Removal,2024,-0.0442477455993574,-0.017699098239742916,-0.035398196479485944,0.6194690713606854,0.31858408480021416,0.026548647359614486,0.6548672678401714,0.3539822812797001,20.0
1652,1877.HK,Hang Seng Composite Index,Removal,2024,0.11588783114224421,-0.005607426823543427,0.022429885551058515,0.6448598780562478,0.2429906941884601,-0.12149525796578764,0.6224299925051893,0.22056080863740157,22.0
1645,1176.HK,Hang Seng Composite Index,Removal,2024,0.4673913598046522,0.021739093463565062,-0.05434785513577023,0.5652173208829812,0.08695653582340368,-0.4456522663410871,0.6195651760187514,0.1413043909591739,23.0
1668,0123.HK,Hang Seng Corporate Sustainability Benchmark Index,Inclusion,2024,0.1073170896231741,-0.02439022120941492,-0.043902398176946855,0.5609756693252859,0.3926829685277,-0.13170731083258902,0.6048780675022327,0.43658536670464687,24.0
1693,0123.HK,Hang Seng ESG 50 Index,Inclusion,2024,0.1073170896231741,-0.02439022120941492,-0.043902398176946855,0.5609756693252859,0.3926829685277,-0.13170731083258902,0.6048780675022327,0.43658536670464687,24.0
1692,1347.HK,Hang Seng Corporate Sustainability Index,Removal,2024,0.19454779527506938,0.006195810734284324,-0.028500563932343237,0.5489467748080596,0.2422552661259596,-0.18835198454078506,0.5774473387404029,0.27075583005830284,26.0
1659,3377.HK,Hang Seng Composite Index,Removal,2024,0.434782639681053,-0.004347834819205865,-0.013043504457617483,0.5434781862229179,0.28260861537181725,-0.4391304745002589,0.5565216906805354,0.29565211982943473,27.0
1666,9955.HK,Hang Seng Composite Index,Removal,2024,0.49193549162391315,-0.024193525128260562,0.0,0.5483870502565211,0.016129016752173708,-0.5161290167521737,0.5483870502565211,0.016129016752173708,28.0
1684,0960.HK,Hang Seng Corporate Sustainability Benchmark Index,Removal,2024,0.1152502623436984,-0.0011641709783699605,-0.03259601024417169,0.5064027183381243,0.2875436813915162,-0.11641443332206836,0.538998728582296,0.3201396916356879,29.0
1661,6185.HK,Hang Seng Composite Index,Removal,2024,0.02798710763718626,-0.022604955759879752,0.011840652005267183,0.5285252817625132,0.606566227343434,-0.05059206339706601,0.516684629757246,0.5947255753381668,30.0
1741,6666.HK,Hang Seng Stock Connect Greater Bay Area Composite Index,Removal,2024,-0.09999999148505057,-0.014285700905079524,0.0,0.5142856583303326,0.15714288025486267,0.08571429057997104,0.5142856583303326,0.15714288025486267,31.0
1650,1668.HK,Hang Seng Composite Index,Removal,2024,0.01744180858506117,-0.005813965073238725,-0.02325586029295512,0.4825580614629561,0.1511627453655875,-0.023255773658299894,0.5058139217559112,0.1744186056585426,32.0
1726,688525.SS,Hang Seng Stock Connect Greater Bay Area Composite Index,Inclusion,2024,0.15088136542317088,0.02209171464772952,-0.0014100484058644502,0.4900118134587004,0.38260876347594497,-0.12878965077544136,0.4914218618645648,0.3840188118818094,33.0
1736,1268.HK,Hang Seng Stock Connect Greater Bay Area Composite Index,Removal,2024,0.06936416384124566,-0.005780341244511877,-0.02312136497804762,0.46820805424808154,0.25433529038693536,-0.07514450508575754,0.49132941922612916,0.277456655364983,34.0
1609,1277.HK,Hang Seng Composite Index,Inclusion,2024,-0.008849549119871458,0.04424774559935751,-0.026548647359614486,0.46017697621310494,0.2654866845860384,0.05309729471922897,0.4867256235727194,0.2920353319456529,35.0
1554,0347.HK,Hang Seng (China A) Corporate Sustainability Benchmark Index,Inclusion,2024,0.09345785021542907,0.009345785021542818,-0.018691681453631315,0.4672896967193272,0.42056066020106697,-0.08411206519388625,0.4859813781729585,0.4392523416546983,36.0
1712,300015.SZ,Hang Seng Stock Connect China Enterprises Index,Removal,2024,0.14715357935671136,0.020408117273868376,0.02363043001490528,0.49409229006079847,0.6004295324342981,-0.12674546208284299,0.4704618600458932,0.5767991024193928,37.0
1685,2208.HK,Hang Seng Corporate Sustainability Benchmark Index,Removal,2024,-0.15744676620186204,-0.00851063052687262,-0.06808504421498096,0.3957447253184512,0.5553191998793907,0.14893613567498942,0.46382976953343213,0.6234042440943717,38.0
1742,6969.HK,Hang Seng Stock Connect Greater Bay Area Composite Index,Removal,2024,-0.04494377928932192,-0.007865134587025757,-0.011235891245119367,0.4516854640525845,0.2719101325864528,0.03707864470229616,0.46292135529770384,0.28314602383157217,39.0
964,1211.HK,Hang Seng China Enterprises Index,Removal,2020,-0.043929184878995664,0.03721780781745321,0.03721780781745321,0.4899329693194989,1.1098230669329272,0.08114699269644887,0.4527151615020457,1.072605259115474,40.0
1620,2155.HK,Hang Seng Composite Index,Inclusion,2024,0.16883119778400757,-0.005194800369332064,-0.02337660166199429,0.42077920147732817,0.09350653050178748,-0.17402599815333963,0.44415580313932246,0.11688313216378177,41.0
1003,0607.HK,Hang Seng Composite Index,Removal,2020,0.26811592450189004,0.04347821880453617,-0.06521743186705453,0.37681157517348063,0.16666667818447234,-0.22463770569735386,0.44202900704053516,0.23188411005152687,42.0
1629,2555.HK,Hang Seng Composite Index,Inclusion,2024,0.0,-0.0014065019260264267,-0.08720117450824572,0.3502109987619,0.34739799490984735,-0.0014065019260264267,0.4374121732701457,0.43459916941809307,43.0
1648,1521.HK,Hang Seng Composite Index,Removal,2024,0.34545453363213685,-0.018181800448205276,0.018181800448205276,0.4545454446934474,1.381818026156468,-0.3636363340803421,0.4363636442452421,1.3636362257082628,44.0
1655,2160.HK,Hang Seng Composite Index,Removal,2024,0.24193549131379566,-0.032258034744817476,0.0,0.4354838536011436,0.129032292797713,-0.27419352605861314,0.4354838536011436,0.129032292797713,45.0
33,2098.HK,Hang Seng Composite LargeCap & MidCap Index,Inclusion,2016,-0.23500001430511475,-0.019999980926513672,-0.004999995231628418,0.4299999475479126,0.5800000429153442,0.21500003337860107,0.434999942779541,0.5850000381469727,46.0
1564,0588.HK,Hang Seng (China A) Corporate Sustainability Benchmark Index,Removal,2024,0.08333325054910778,0.0,-0.033333399560713795,0.39999990065892943,0.3666666004392862,-0.08333325054910778,0.4333333002196432,0.4,47.0
1635,6963.HK,Hang Seng Composite Index,Inclusion,2024,0.033582056689353434,-0.0074626792643007756,-0.09701491939806428,0.3358208337799975,0.03731339632150399,-0.04104473595365421,0.4328357531780618,0.13432831571956827,48.0
1727,6963.HK,Hang Seng Stock Connect Greater Bay Area Composite Index,Inclusion,2024,0.033582056689353434,-0.0074626792643007756,-0.09701491939806428,0.3358208337799975,0.03731339632150399,-0.04104473595365421,0.4328357531780618,0.13432831571956827,48.0
1735,0558.HK,Hang Seng Stock Connect Greater Bay Area Composite Index,Removal,2024,0.08494209880342396,0.003861000306814244,-0.03088800245451473,0.3976833998159115,0.16216219699321943,-0.08108109849660972,0.4285714022704262,0.19305019944773416,50.0
1585,300122.SZ,Hang Seng China A Industry Top Index,Inclusion,2024,0.19596813502704946,0.03656824610574039,0.00046883398582298064,0.42662918021654717,0.40271918346520974,-0.15939988892130907,0.4261603462307242,0.40225034947938676,51.0
1641,0650.HK,Hang Seng Composite Index,Removal,2024,0.16574586817954895,-0.016574537421838897,0.03867403042010409,0.46408836504124906,-0.10497234476117967,-0.18232040560138785,0.425414334621145,-0.14364637518128376,52.0
1637,9899.HK,Hang Seng Composite Index,Inclusion,2024,-0.05650593178522145,-0.016070455898459568,-0.054950705962255375,0.36858480224561285,0.3499222505741624,0.040435475886761885,0.4235355082078682,0.40487295653641775,53.0
527,0691.HK,Hang Seng Composite LargeCap & MidCap Index,Inclusion,2019,-0.2900762994086127,0.011450462259065208,0.03053441435840476,0.45038172454171765,0.04580157603787627,0.3015267616676779,0.4198473101833129,0.015267161679471508,54.0
1738,300737.SZ,Hang Seng Stock Connect Greater Bay Area Composite Index,Removal,2024,0.06553397777336945,0.024271822186955783,-0.01699021766228026,0.3980583468147856,0.3932038666402169,-0.04126215558641366,0.41504856447706584,0.41019408430249715,55.0
1699,0656.HK,Hang Seng ESG 50 Index,Removal,2024,0.0549999475479126,0.0025000572204589844,-0.0274999737739563,0.3875000476837158,0.07249999046325684,-0.05249989032745361,0.4150000214576721,0.09999996423721313,56.0
1691,0656.HK,Hang Seng Corporate Sustainability Index,Removal,2024,0.0549999475479126,0.0025000572204589844,-0.0274999737739563,0.3875000476837158,0.07249999046325684,-0.05249989032745361,0.4150000214576721,0.09999996423721313,56.0
1646,1238.HK,Hang Seng Composite Index,Removal,2024,0.1875000116415324,0.0208333760189523,-0.09374997477667968,0.312500019402554,0.1875000116415324,-0.1666666356225801,0.4062499941792337,0.2812499864182121,58.0
1580,600030.SS,Hang Seng (China A) Corporate Sustainability Index,Removal,2024,-0.008919206771107802,0.0026233549743024387,-0.00419726788812369,0.4018887755531937,0.6516264650734533,0.01154256174541024,0.4060860434413174,0.655823732961577,59.0
1746,1833.HK,Hang Seng TECH Index,Removal,2024,0.15634845399181763,-0.022035681430339404,-0.006295851796805474,0.3934942397769463,0.5592864714639723,-0.17838413542215703,0.3997900915737518,0.5655823232607777,60.0
1719,2602.HK,Hang Seng Stock Connect Greater Bay Area Composite Index,Inclusion,2024,0.008547000709448138,-0.04914530502346948,-0.025641002128344415,0.37286333897488766,0.1404915152020887,-0.057692305732917615,0.3985043411032321,0.1661325173304331,61.0
1631,2602.HK,Hang Seng Composite Index,Inclusion,2024,0.008547000709448138,-0.04914530502346948,-0.025641002128344415,0.37286333897488766,0.1404915152020887,-0.057692305732917615,0.3985043411032321,0.1661325173304331,61.0
1845,9995.HK,Hang Seng Biotech Index,Removal,2025,-0.18586954863175098,0.028260852979577145,0.004347842672596913,0.40217391304347827,1.2021739793860395,0.21413040161132812,0.39782607037088136,1.1978261367134426,63.0
1479,6682.HK,Hang Seng Composite Index,Inclusion,2024,0.1952381134033203,-0.11071432204473586,0.1071428571428572,0.4988095419747489,0.30952380952380953,-0.30595243544805617,0.3916666848318917,0.20238095238095233,64.0
1142,6100.HK,Hang Seng Composite Index,Inclusion,2021,-0.014778288095344094,-0.040394075154800646,-0.04433495824409661,0.34729070982122967,0.034482797499888695,-0.025615787059456552,0.3916256680653263,0.07881775574398531,65.0
1599,2618.HK,Hang Seng China Enterprises Index,Removal,2024,-0.17157895941483348,-0.0031578666285464463,0.0021053113435443027,0.393684186433491,0.5263157894736843,0.16842109278628703,0.3915788750899467,0.52421047813014,66.0
1711,2618.HK,Hang Seng Stock Connect China Enterprises Index,Removal,2024,-0.17157895941483348,-0.0031578666285464463,0.0021053113435443027,0.393684186433491,0.5263157894736843,0.16842109278628703,0.3915788750899467,0.52421047813014,66.0
1544,1865.HK,Hang Seng (China A) Corporate Sustainability Benchmark Index,Inclusion,2024,-0.05263401649082122,0.0,0.0,0.38906574292999485,0.43536794298545,0.05263401649082122,0.38906574292999485,0.43536794298545,68.0
521,1293.HK,Hang Seng Composite LargeCap & MidCap Index,Exclusion,2019,0.15714294148140606,0.06666671964857551,0.0,0.3809524890787257,0.2761905659353423,-0.09047622183283055,0.3809524890787257,0.2761905659353423,69.0
1728,9890.HK,Hang Seng Stock Connect Greater Bay Area Composite Index,Inclusion,2024,0.5463623107922462,-0.00855926072148927,0.009985690804376057,0.3865905776980616,0.16975742389856063,-0.5549215715137354,0.37660488689368554,0.15977173309418458,70.0
905,002594.SZ,Hang Seng (China A) Corporate Sustainability Index,Inclusion,2020,-0.05133336385091147,0.028666687011718706,0.052666664123535156,0.4277777353922525,0.9476666768391928,0.08000005086263018,0.37511107126871734,0.8950000127156577,71.0
1776,2432.HK,Hang Seng Composite Index,Inclusion,2025,-0.22832364334034316,0.008670608814685288,0.0534682766012855,0.42774577180479945,0.7109827564650852,0.23699425215502845,0.37427749520351394,0.6575144798637997,72.0
1739,300973.SZ,Hang Seng Stock Connect Greater Bay Area Composite Index,Removal,2024,0.10257472264037881,0.022840499950296467,-0.00041529189840194825,0.37250827831289945,0.724667728857084,-0.07973422269008235,0.3729235702113014,0.7250830207554859,73.0
793,1772.HK,Hang Seng Stock Connect China AH Index Series,Exclusion,2019,0.004277958720343644,0.0,0.010695218092216185,0.37967906420536535,0.8887700745517324,-0.004277958720343644,0.36898384611314916,0.8780748564595162,74.0
1481,6990.HK,Hang Seng Composite Index,Inclusion,2024,-0.21890065203735742,0.04435878726024978,0.157184219203915,0.5062680959017127,0.6605593251289015,0.2632594392976072,0.3490838766977977,0.5033751059249865,75.0
1525,6855.HK,Hang Seng Hong Kong-Listed Biotech Index,Inclusion,2024,-0.062499965612703656,-0.053846104469523204,-0.0528845439648461,0.2956731611278667,0.6201924038003923,0.008653861143180452,0.3485577050927128,0.6730769477652384,76.0
1670,0267.HK,Hang Seng Corporate Sustainability Benchmark Index,Inclusion,2024,-0.05645162272362336,0.006720391601231279,-0.013440847293478053,0.32795699441594217,0.2056451879087684,0.06317201432485464,0.3413978417094202,0.21908603520224645,77.0
1638,0120.HK,Hang Seng Composite Index,Removal,2024,0.7772512229898791,0.009478692398359634,-0.06161135934610029,0.27962093140027844,-0.2843602069778396,-0.7677725305915195,0.34123229074637873,-0.2227488476317393,78.0
1571,3993.HK,Hang Seng (China A) Corporate Sustainability Benchmark Index,Removal,2024,0.012048222435590672,0.0017212098072847404,-0.0533562729488144,0.28743547207248454,0.008605884892822102,-0.010327012628305932,0.34079174502129894,0.0619621578416365,79.0
1660,6100.HK,Hang Seng Composite Index,Removal,2024,0.035532960520909596,0.030456823303636638,0.030456823303636638,0.3705583799348864,0.5736039896504554,-0.005076137217272958,0.34010155663124975,0.5431471663468188,80.0
15,1528.HK,Hang Seng Composite LargeCap & MidCap Index,Exclusion,2016,-0.1242689777079371,0.005848024967809895,-0.024853780204718068,0.3128656165870083,0.24707612171370186,0.130117002675747,0.33771939679172636,0.2719299019184199,81.0
1587,601600.SS,Hang Seng China A Industry Top Index,Inclusion,2024,0.0015479492237815418,0.0,-0.018575833568184263,0.3173374889519194,0.1873065063470274,-0.0015479492237815418,0.33591332252010364,0.20588233991521165,82.0
1575,601318.SS,Hang Seng (China A) Corporate Sustainability Index,Inclusion,2024,-0.06104044831557076,0.003930593501625612,-0.013179183695357644,0.32231210697593027,0.28601153599733564,0.06497104181719637,0.3354912906712879,0.2991907196926933,83.0
1640,0520.HK,Hang Seng Composite Index,Removal,2024,0.17777774539994518,0.011111167036458314,0.0,0.33333342163651314,0.12222224135457793,-0.16666657836348686,0.33333342163651314,0.12222224135457793,84.0
1436,9626.HK,Hang Seng China Enterprises Index,Removal,2022,-0.36329588014981273,-0.01573038279786987,0.28838951310861427,0.6194756325711026,0.29812736368357906,0.34756549735194286,0.33108611946248834,0.00973785057496479,85.0
1796,9985.HK,Hang Seng Composite Index,Inclusion,2025,-0.20041754609442486,-0.005219226631843266,0.14822547887292825,0.4759916968613762,0.5615866552491211,0.1951983194625816,0.32776621798844796,0.41336117637619285,86.0
1677,2727.HK,Hang Seng Corporate Sustainability Benchmark Index,Inclusion,2024,-0.01960782480441492,-0.00653594160147164,-0.03921564960882995,0.2875817421230318,1.0065359416014719,0.01307188320294328,0.32679739173186173,1.0457515912103017,87.0
1724,688343.SS,Hang Seng Stock Connect Greater Bay Area Composite Index,Inclusion,2024,0.17585414892195272,0.038724302714204795,-0.014123068907333391,0.3093393518073584,0.9485193153148708,-0.13712984620774793,0.3234624207146918,0.9626423842222042,88.0
1569,1108.HK,Hang Seng (China A) Corporate Sustainability Benchmark Index,Removal,2024,0.04250001907348633,0.007500052452087402,-0.009999990463256836,0.3075000047683716,-0.004999995231628418,-0.034999966621398926,0.3174999952316284,0.004999995231628418,89.0
1538,0567.HK,Hang Seng (China A) Corporate Sustainability Benchmark Index,Inclusion,2024,-0.07142860944173757,-0.057142866266017056,0.0,0.3142857112446611,0.07142860944173757,0.014285743175720511,0.3142857112446611,0.07142860944173757,90.0
1688,0688.HK,Hang Seng Corporate Sustainability Index,Inclusion,2024,0.06610167121722865,-0.0033898272208872093,-0.02881357178746935,0.2728813741509166,0.16440674144281386,-0.06949149843811586,0.30169494593838597,0.1932203132302832,91.0
1572,300750.SZ,Hang Seng (China A) Corporate Sustainability Index,Inclusion,2024,-0.08577573116433956,0.004571154167602565,-0.004302248265056319,0.29723046614432014,0.4550686300873128,0.09034688533194213,0.30153271440937646,0.4593708783523691,92.0
1788,2587.HK,Hang Seng Composite Index,Inclusion,2025,-0.30940346950368536,0.04145599931034605,0.054095028194141026,0.3549038577715824,1.6263902406238824,0.3508594688140314,0.3008088295774414,1.5722952124297414,93.0
1675,2020.HK,Hang Seng Corporate Sustainability Benchmark Index,Inclusion,2024,-0.08874168143367134,-0.0066225165562914245,-0.02119203276981585,0.2788079874405007,0.03046361657957375,0.08211916487737991,0.3000000202103166,0.0516556493493896,94.0
211,0297.HK,Hang Seng Composite LargeCap & MidCap Index,Exclusion,2017,0.009090900224102638,-0.018181800448205276,-0.009090900224102638,0.29090902391544193,0.09090911061310525,-0.027272700672307915,0.29999992413954457,0.10000001083720789,95.0
540,000921.SZ,Hang Seng Stock Connect China AH Index Series,Exclusion,2019,-0.21140350246106543,0.037719326277593224,0.028070233263726152,0.3263158238165278,0.1026315890741043,0.24912282873865865,0.29824559055280164,0.07456135581037815,96.0
518,0777.HK,Hang Seng Composite LargeCap & MidCap Index,Exclusion,2019,-0.11033679990084444,0.026713182936340063,0.03484322911699622,0.3327527106892052,0.14982578551586867,0.1370499828371845,0.297909481572209,0.11498255639887245,97.0
473,1138.HK,Hang Seng Corporate Sustainability Benchmark Index,Inclusion,2018,0.08139533916636399,0.005813947847045586,-0.01744184354113687,0.2761627306578427,0.2848837217361364,-0.0755813913193184,0.29360457419897956,0.3023255652772733,98.0
1860,2525.HK,Hang Seng Composite Index,Inclusion,2025,0.08027386061138664,-0.013067771528352479,-0.02115739863753352,0.27069073320524306,0.1505911475283752,-0.09334163213973912,0.2918481318427766,0.17174854616590873,99.0
75,0639.HK,Hang Seng Composite LargeCap & MidCap Index,Exclusion,2016,-0.014184383971608927,0.0,0.0,0.29078020960037243,0.24113478115414377,0.014184383971608927,0.29078020960037243,0.24113478115414377,100.0
1690,0017.HK,Hang Seng Corporate Sustainability Index,Removal,2024,0.10074071530942574,-0.020740720960829018,-0.004444475527162872,0.2859259711371527,-0.05037039297598378,-0.12148143627025476,0.29037044666431555,-0.04592591744882091,101.0
1121,0873.HK,Hang Seng Composite Index,Inclusion,2021,-0.016806706975212804,-0.018207232497855386,0.026610652769378795,0.3165265818355092,0.4110644254429361,-0.0014005255226425817,0.2899159290661304,0.3844537726735573,102.0
1732,0200.HK,Hang Seng Stock Connect Greater Bay Area Composite Index,Removal,2024,0.009732350499663811,-0.0024331456343007485,-0.048661810507703906,0.24087584889483415,0.22384429352980728,-0.01216549613396456,0.28953765940253806,0.2725061040375112,103.0
983,6160.HK,Hang Seng Composite Index,Inclusion,2020,-0.059154886594960376,-0.021126760563380254,0.002816858425946256,0.2922535211267605,-0.0415492527921435,0.03802812603158012,0.28943666270081425,-0.044366111218089754,104.0
1704,2689.HK,Hang Seng ESG 50 Index,Removal,2024,0.02749138190599676,0.017182113691248002,-0.013745772883779095,0.2714776421140599,0.09278349586351964,-0.010309268214748757,0.285223414997839,0.10652926874729873,105.0
1594,603288.SS,Hang Seng China A Industry Top Index,Removal,2024,0.0,0.005071752098217752,-0.006198963378370559,0.27782463593504847,0.3364327433648293,0.005071752098217752,0.28402359931341903,0.34263170674319987,106.0
544,000157.SZ,Hang Seng Stock Connect China AH Index Series,Exclusion,2019,-0.10071944091358798,0.052757742485984194,0.02877695044690043,0.311750525206961,0.3045563447699542,0.15347718339957217,0.2829735747600606,0.27577939432305376,107.0
1836,9995.HK,Hang Seng Composite Index,Removal,2025,-0.18764041247594654,0.005617999199770685,-0.06629204766314423,0.21348321951033422,1.5842697736877174,0.19325841167571722,0.27977526717347845,1.6505618213508617,108.0
1682,0489.HK,Hang Seng Corporate Sustainability Benchmark Index,Removal,2024,0.034313693407726165,0.00980391240220757,-0.014705868603311245,0.26470586860331125,0.9411765255867552,-0.024509781005518594,0.2794117372066225,0.9558823941900665,109.0
133,1728.HK,Hang Seng Composite LargeCap & MidCap Index,Exclusion,2017,-0.25268818548144945,0.018817186210869252,-0.018817186210869363,0.2553763549401451,0.33064509978362233,0.2715053716923187,0.27419354115101446,0.3494622859944917,110.0
1595,603501.SS,Hang Seng China A Industry Top Index,Removal,2024,0.07788557907067362,0.0214009373867714,0.008653933402908764,0.2779791375188738,0.15647289111397278,-0.056484641683902215,0.26932520411596506,0.14781895771106401,111.0
1449,1801.HK,Hang Seng Stock Connect China Enterprises Index,Removal,2022,0.13693690944362324,0.06846845472181173,0.0,0.268468495961782,0.5297297572230433,-0.06846845472181151,0.268468495961782,0.5297297572230433,112.0
1435,1801.HK,Hang Seng China Enterprises Index,Removal,2022,0.13693690944362324,0.06846845472181173,0.0,0.268468495961782,0.5297297572230433,-0.06846845472181151,0.268468495961782,0.5297297572230433,112.0
1639,0302.HK,Hang Seng Composite Index,Removal,2024,0.08450704816550747,-0.042253482107650564,0.028169072021973385,0.29577471055437954,0.21126766238887207,-0.12676053027315803,0.26760563853240615,0.18309859036689868,114.0
7,1776.HK,Hang Seng China 50 Index,Inclusion,2016,-0.08139530442295428,-0.033591700223928656,-0.0012919576667161925,0.26485791361189004,0.15891479745262993,0.04780360419902563,0.26614987127860623,0.16020675511934612,115.0
26,1282.HK,Hang Seng Composite LargeCap & MidCap Index,Inclusion,2016,0.06944435224475343,0.013888828076326742,0.0,0.2638887927658067,0.1527777444289533,-0.055555524168426684,0.2638887927658067,0.1527777444289533,116.0
1734,0345.HK,Hang Seng Stock Connect Greater Bay Area Composite Index,Removal,2024,0.08519271621059721,-0.018255512958316178,-0.04665314950953958,0.21501013786784529,1.385395667010576,-0.10344822916891339,0.26166328737738487,1.4320488165201155,117.0
1755,2171.HK,Hang Seng Hong Kong-Listed Biotech Index,Removal,2024,0.0909091096748198,-0.01154400082073792,0.05339110700742156,0.3145742975957979,1.12409821524595,-0.10245311049555772,0.26118319058837636,1.0707071082385284,118.0
543,1157.HK,Hang Seng Stock Connect China AH Index Series,Exclusion,2019,-0.11684784210781718,0.03260866396255957,0.043478218616745945,0.3043478542555027,0.26358695951464717,0.14945650607037675,0.26086963563875676,0.22010874089790122,119.0
1539,0655.HK,Hang Seng (China A) Corporate Sustainability Benchmark Index,Inclusion,2024,0.03305785683740092,0.0,0.0,0.2603306148976514,0.053718994270133935,-0.03305785683740092,0.2603306148976514,0.053718994270133935,120.0
1744,9926.HK,Hang Seng Stock Connect Greater Bay Area Composite Index,Removal,2024,-0.08817427246324416,0.013485429479109357,0.15767631439468066,0.4170124890179061,0.379668027954291,0.10165970194235352,0.25933617462322545,0.22199171355961034,121.0
1606,0975.HK,Hang Seng Composite Index,Inclusion,2024,-0.019736854901274303,0.0065789725476688155,-0.11315791372447159,0.14605265097935138,0.052631592156154205,0.02631582744894312,0.259210564703823,0.1657895058806258,122.0
901,1336.HK,Hang Seng China Enterprises Index,Removal,2020,0.02656542107995885,-0.04174574442295975,0.02087283601890677,0.27893739184301913,0.17836807542879685,-0.0683111655029186,0.25806455582411236,0.15749523940989008,123.0
1578,000776.SZ,Hang Seng (China A) Corporate Sustainability Index,Removal,2024,-0.017900754085571013,0.0016273765521359618,-0.0024409872306190294,0.25467861059040975,0.37510168193541404,0.019528130637706975,0.2571195978210288,0.3775426691660331,124.0
1589,688036.SS,Hang Seng China A Industry Top Index,Inclusion,2024,-0.08951914023213114,0.013193584648039769,-0.049938292214094515,0.20271273428756276,0.15918623803955967,0.10271272488017091,0.25265102650165727,0.20912453025365418,125.0
511,0242.HK,Hang Seng Composite LargeCap & MidCap Index,Exclusion,2019,0.0899653913583085,0.04152245024332313,-0.006920490871662466,0.24567466226854529,0.11418682066691366,-0.04844294111498537,0.25259515314020775,0.12110731153857612,126.0
1619,2039.HK,Hang Seng Composite Index,Inclusion,2024,0.014897565253434886,0.024208587935078407,-0.0800744576354595,0.17132217800748828,0.03165737056179596,0.009311022681643522,0.2513966356429478,0.11173182819725547,127.0
1679,0069.HK,Hang Seng Corporate Sustainability Benchmark Index,Removal,2024,0.037894700702868045,-0.02105261150159332,-0.014736878244500429,0.2336842386346114,0.17263161508660563,-0.058947312204461366,0.24842111687911184,0.18736849333110606,128.0
824,603288.SS,Hang Seng China 50 Index,Inclusion,2020,0.007663868361950321,0.006812377743968812,-0.03585965611340525,0.2101428735299089,0.3004825339901953,-0.0008514906179815096,0.24600252964331415,0.33634219010360056,129.0
978,2500.HK,Hang Seng Composite Index,Inclusion,2020,0.04347832396711104,0.006793478401712294,-0.023097785101720225,0.22282611230821425,0.015625021055989174,-0.03668484556539875,0.24592389740993448,0.0387228061577094,130.0
1557,0825.HK,Hang Seng (China A) Corporate Sustainability Benchmark Index,Inclusion,2024,0.004098368915249839,0.02049178350591707,0.04508193592708398,0.2909835822794171,0.250000015267583,0.016393414590667232,0.24590164635233314,0.204918079340499,131.0
1584,000568.SZ,Hang Seng China A Industry Top Index,Inclusion,2024,0.16772147991216957,0.02531648363822514,-0.024412269308249135,0.21509946874993746,0.28110311388982345,-0.14240499627394443,0.2395117380581866,0.3055153831980726,132.0
1323,1138.HK,Hang Seng Composite Index,Removal,2021,-0.07619047691131842,-0.028571476147016606,0.00317460005095338,0.24126983093776921,-0.0539682765546442,0.04761900076430181,0.23809523088681583,-0.05714287660559758,133.0
909,601231.SS,Hang Seng (China A) Corporate Sustainability Index,Inclusion,2020,0.1721709340549511,0.021136128090518014,-0.022897339118369886,0.21312198800999105,-0.04359312245833813,-0.15103480596443308,0.23601932712836093,-0.020695783339968243,134.0
1114,6098.HK,Hang Seng China Enterprises Index,Inclusion,2021,0.04832106142187542,-0.010646973289183181,-0.007371019960083491,0.2276821930366808,0.29565928685717746,-0.0589680347110586,0.2350532129967643,0.30303030681726095,135.0
1232,001979.SZ,Hang Seng (China A) Corporate Sustainability Index,Inclusion,2021,-0.1154579329508687,-0.00477091977523858,-0.011450371259603576,0.2232824670609248,0.19561071376701733,0.11068701317563012,0.23473283832052838,0.2070610850266209,136.0
1420,3692.HK,Hang Seng China Enterprises Index,Removal,2022,-0.042962957311559635,0.010370395801685417,-0.044444472701461235,0.18962959006980618,0.007407435664424256,0.05333335311324505,0.2340740627712674,0.05185190836588549,137.0
1565,0732.HK,Hang Seng (China A) Corporate Sustainability Benchmark Index,Removal,2024,0.053191502178454586,0.0,-0.01063828775385156,0.22340423305847357,0.14893621878151242,-0.053191502178454586,0.23404252081232513,0.15957450653536398,138.0
302,1093.HK,Hang Seng China Enterprises Index,Inclusion,2018,-0.02142055374439855,0.014656179216290033,-0.02818492827250718,0.20349489931521236,0.39515224642239866,0.036076732960688584,0.23167982758771954,0.42333717469490584,139.0
19,0400.HK,Hang Seng Composite LargeCap & MidCap Index,Inclusion,2016,-0.1006711029948042,-0.021252750481130844,0.052572739271723457,0.2841163401647637,0.35794193659260265,0.07941835251367335,0.23154360089304027,0.3053691973208792,140.0
1414,9869.HK,Hang Seng Composite Index,Inclusion,2021,-0.08926414650462255,-0.020506643796889268,-0.07599518906392089,0.15440286355382304,0.17129072169217952,0.06875750270773329,0.23039805261774393,0.2472859107561004,141.0
259,3800.HK,Hang Seng Corporate Sustainability Benchmark Index,Inclusion,2017,-0.022988108836809684,0.011495228479121655,0.0,0.2298856464861745,0.5172428081874851,0.03448333731593134,0.2298856464861745,0.5172428081874851,142.0
528,0780.HK,Hang Seng Composite LargeCap & MidCap Index,Inclusion,2019,-0.0013333638509114287,0.020000012715657656,0.03733336130777998,0.2666666666666666,0.10266672770182295,0.021333376566569084,0.22933330535888663,0.06533336639404297,143.0
1574,600600.SS,Hang Seng (China A) Corporate Sustainability Index,Inclusion,2024,0.1908195279221614,0.01231095243449598,-0.01565246887258054,0.2135068459256806,0.3049594820921233,-0.1785085754876654,0.22915931479826113,0.32061195096470385,144.0
1087,9688.HK,Hang Seng Composite LargeCap & MidCap Index,Inclusion,2020,-0.19290860590232728,-0.007812426926995353,-0.006009615605046759,0.2211538726056126,0.31009620190019604,0.18509617897533193,0.22716348821065935,0.3161058175052428,145.0
1559,2352.HK,Hang Seng (China A) Corporate Sustainability Benchmark Index,Inclusion,2024,-0.18300652067034584,0.0,0.0,0.2254902189944814,0.0947712311359088,0.18300652067034584,0.2254902189944814,0.0947712311359088,146.0
1614,1773.HK,Hang Seng Composite Index,Inclusion,2024,-0.08843534693418564,0.01587305534771266,-0.06575963081341285,0.15646260342284757,-0.04761905791679466,0.1043084022818983,0.22222223423626042,0.01814057289661819,147.0
198,1812.HK,Hang Seng China AH Index Series,Inclusion,2017,-0.0033841519905106754,-0.033840975294147424,0.030456823303636638,0.2521149361492059,0.08121831650102229,-0.03045682330363675,0.22165811284556924,0.050761493197385654,148.0
1583,601012.SS,Hang Seng (China A) Corporate Sustainability Index,Removal,2024,0.020694803560356023,0.016999297889870313,-0.01626011217268375,0.20473019650836788,0.3022912924599179,-0.0036955056704857103,0.22099030868105163,0.3185514046326017,149.0
1562,0115.HK,Hang Seng (China A) Corporate Sustainability Benchmark Index,Removal,2024,-0.060000038146972634,-0.030000019073486373,0.0,0.21999998092651363,0.21999998092651363,0.03000001907348626,0.21999998092651363,0.21999998092651363,150.0
5,1186.HK,Hang Seng China 50 Index,Inclusion,2016,-0.2117376023704679,-0.05178363993031265,-0.0184119511090991,0.20138090730757097,0.08745687751210607,0.15995396244015525,0.21979285841667007,0.10586882862120517,151.0
297,0384.HK,Hang Seng China Enterprises Index,Inclusion,2018,-0.05567011882349393,0.020618556701030855,-0.043298937610744215,0.17525773195876293,0.387628928902223,0.07628867552452478,0.21855666956950714,0.4309278665129672,152.0
930,600031.SS,Hang Seng China A Industry Top Index,Inclusion,2020,-0.08671269208020804,0.02588439920493668,-0.03321831094159822,0.18377912738554336,0.37748058174297094,0.11259709128514472,0.21699743832714158,0.41069889268456916,153.0
1437,1698.HK,Hang Seng Composite Index,Inclusion,2022,-0.4382189270976694,-0.005565919170035127,0.11502776943828841,0.3302410931067785,0.15955469815695622,0.4326530079276343,0.2152133236684901,0.04452692871866781,154.0
1667,0010.HK,Hang Seng Corporate Sustainability Benchmark Index,Inclusion,2024,-0.03579670570491067,0.0,-0.005773694181969824,0.20785221968251677,0.20092376463934158,0.03579670570491067,0.2136259138644866,0.2066974588213114,155.0
1600,0010.HK,Hang Seng Composite Index,Inclusion,2024,-0.03579670570491067,0.0,-0.005773694181969824,0.20785221968251677,0.20092376463934158,0.03579670570491067,0.2136259138644866,0.2066974588213114,155.0
1597,9901.HK,Hang Seng China Enterprises Index,Inclusion,2024,0.09329141911454397,-0.026205450314608525,-0.02515724829656174,0.18553455623835347,0.04612160854824854,-0.1194968694291525,0.2106918045349152,0.07127885684481028,157.0
1656,2257.HK,Hang Seng Composite Index,Removal,2024,0.313069976216116,-0.08814588608374652,0.057750777940266396,0.2674772415332416,-0.1914893262392331,-0.4012158622998625,0.2097264635929752,-0.2492401041794995,158.0
271,2007.HK,Hang Seng Index,Inclusion,2017,-0.055900633436692715,-0.045031076842377615,0.031055898650129254,0.24068317487235036,0.08229806002377105,0.0108695565943151,0.2096272762222211,0.05124216137364179,159.0
139,1357.HK,Hang Seng Composite LargeCap & MidCap Index,Inclusion,2017,-0.08717434122889067,-0.0010019314294756887,0.012024132739239413,0.22044096832157511,-0.023046047373343814,0.08617240979941498,0.2084168355823357,-0.03507018011258323,160.0
506,601336.SS,Hang Seng China 50 Index,Exclusion,2019,-0.14750762512555904,0.06714138625861499,0.014445555695432155,0.2207527596597989,0.05818914968188604,0.21464901138417403,0.20630720396436675,0.04374359398645389,161.0
1745,0522.HK,Hang Seng TECH Index,Inclusion,2024,-0.14776029551100434,-0.0011634494202635848,-0.08318783188311218,0.12216405320320067,-0.10936584328379806,0.14659684609074075,0.20535188508631286,-0.026178011400685874,162.0
257,2238.HK,Hang Seng Corporate Sustainability Benchmark Index,Inclusion,2017,0.010498753427439445,0.013123397980357998,-0.01574804253327655,0.18635169063063484,0.36154862000939514,0.0026246445529185536,0.2020997331639114,0.3772966625426717,163.0
202,2238.HK,Hang Seng China AH Index Series,Inclusion,2017,0.010498753427439445,0.013123397980357998,-0.01574804253327655,0.18635169063063484,0.36154862000939514,0.0026246445529185536,0.2020997331639114,0.3772966625426717,163.0
1577,601899.SS,Hang Seng (China A) Corporate Sustainability Index,Inclusion,2024,0.03929538717561343,-0.005420048947527345,-0.041327953989996224,0.16056903083559826,0.08807582770335975,-0.04471543612314077,0.20189698482559448,0.12940378169335598,165.0
324,1269.HK,Hang Seng Composite LargeCap & MidCap Index,Inclusion,2018,-0.12349398455576188,0.01807224278111641,-0.02710847907219216,0.17469876818602303,0.4518072185330857,0.1415662273368783,0.2018072472582152,0.47891569760527786,166.0
1091,2020.HK,Hang Seng Index,Inclusion,2020,-0.0858951187257283,0.01808318288962707,-0.03074142470873953,0.1699818777733728,0.08137432300332148,0.10397830161535537,0.20072330248211234,0.11211574771206101,167.0
1731,002967.SZ,Hang Seng Stock Connect Greater Bay Area Composite Index,Removal,2024,-0.0372424937631437,0.03961965170634785,-0.011885865284508967,0.18858955119043408,0.3660855726984351,0.07686214546949155,0.20047541647494305,0.3779714379829441,168.0
1729,002191.SZ,Hang Seng Stock Connect Greater Bay Area Composite Index,Removal,2024,0.16224186881900726,0.023598796823139256,-0.0029498496028924626,0.1946902847807861,0.40412981757603417,-0.138643071995868,0.19764013438367856,0.40707966717892663,169.0
1563,0380.HK,Hang Seng (China A) Corporate Sustainability Benchmark Index,Removal,2024,0.02469131600800467,0.0,0.0,0.19753089599394236,0.07407404000649032,-0.02469131600800467,0.19753089599394236,0.07407404000649032,170.0
772,0330.HK,Hang Seng Corporate Sustainability Benchmark Index,Exclusion,2019,-0.015748088089270862,-0.007874083535500231,0.01574793012581166,0.21259835989699516,0.2204724434324954,0.00787400455377063,0.1968504297711835,0.20472451330668373,171.0
1441,1209.HK,Hang Seng Index,Inclusion,2022,-0.24932610439603264,0.009434024345378322,0.002695479593836536,0.19946096577445238,0.214285743663438,0.25876012874141097,0.19676548618061585,0.21159026406960146,172.0
581,1896.HK,Hang Seng Composite LargeCap & MidCap Index,Inclusion,2019,0.2940141068247908,0.003521123508970936,0.07394367763859488,0.2693662422619947,0.1514084787861607,-0.29049298331581985,0.1954225646233998,0.07746480114756582,173.0
1162,0347.HK,Hang Seng Composite Index,Removal,2021,-0.26097559954423666,0.021951257239347655,0.048780558720578515,0.24390244469764633,0.19756096624888375,0.2829268567835843,0.1951218859770678,0.14878040752830524,174.0
1591,600188.SS,Hang Seng China A Industry Top Index,Removal,2024,0.019438408741231594,0.013678875139455204,-0.05615555560590557,0.1382289437607489,0.07487400548215106,-0.00575953360177639,0.19438449936665447,0.13102956108805663,175.0
502,0788.HK,Hang Seng Composite LargeCap & MidCap Index,Inclusion,2018,-0.06451606948963506,-0.04032258188563265,0.03225811165403902,0.22580647394138698,0.5000000769092214,0.024193487604002417,0.19354836228734795,0.4677419652551824,176.0
501,0788.HK,Hang Seng China Enterprises Index,Inclusion,2018,-0.06451606948963506,-0.04032258188563265,0.03225811165403902,0.22580647394138698,0.5000000769092214,0.024193487604002417,0.19354836228734795,0.4677419652551824,176.0
1663,9857.HK,Hang Seng Composite Index,Removal,2024,0.440000057220459,0.004999995231628418,-0.017499983310699463,0.17499995231628418,-0.26999998092651367,-0.43500006198883057,0.19249993562698364,-0.2524999976158142,178.0
522,1919.HK,Hang Seng Composite LargeCap & MidCap Index,Exclusion,2019,0.028845766033897213,0.08012791156260524,0.022435783448386815,0.21474330764042104,-0.06410290542829411,0.05128214552870802,0.19230752419203423,-0.08653868887668092,179.0
915,600089.SS,Hang Seng (China A) Corporate Sustainability Index,Removal,2020,0.14178176601135828,0.005018840094783039,-0.013801810260653302,0.17691341334170851,0.0313675172592629,-0.13676292591657524,0.19071522360236182,0.0451693275199162,180.0
269,0135.HK,Hang Seng Index,Exclusion,2017,0.05294112449698951,-0.007352969019469913,0.02941173583166079,0.21764698540050875,0.061764645246487726,-0.060294093516459424,0.18823524956884796,0.032352909414826936,181.0
1588,603993.SS,Hang Seng China A Industry Top Index,Inclusion,2024,0.02170768432413328,0.001447211158127848,-0.02894353309429365,0.15918963903909367,0.07091175959125873,-0.020260473166005433,0.18813317213338732,0.09985529268555238,182.0
818,3323.HK,Hang Seng China Enterprises Index,Exclusion,2019,0.0,0.0027027000903734333,-0.0027027000903735443,0.18513518172167198,0.29729733212835296,0.0027027000903734333,0.18783788181204553,0.3000000322187265,183.0
1427,9866.HK,Hang Seng TECH Index,Inclusion,2022,-0.3477698544516655,0.03232062119350165,-0.09566905845970664,0.09049773934180472,-0.1241111656561048,0.3800904756451672,0.18616679780151135,-0.02844210719639817,184.0
1421,9866.HK,Hang Seng Composite Index,Inclusion,2022,-0.3477698544516655,0.03232062119350165,-0.09566905845970664,0.09049773934180472,-0.1241111656561048,0.3800904756451672,0.18616679780151135,-0.02844210719639817,184.0
1671,0384.HK,Hang Seng Corporate Sustainability Benchmark Index,Inclusion,2024,0.11829652712135363,0.017350103159279318,-0.023659320466452027,0.1624605217952182,0.0,-0.10094642396207432,0.18611984226167022,0.023659320466452027,186.0
221,0136.HK,Hang Seng Composite LargeCap & MidCap Index,Inclusion,2017,-0.6071428419375904,-0.11428569239013009,-0.14999994465282895,0.035714337412192876,0.10714284193759038,0.4928571495474603,0.18571428206502183,0.25714278659041934,187.0
1553,0333.HK,Hang Seng (China A) Corporate Sustainability Benchmark Index,Inclusion,2024,0.0,0.129629611233135,0.0,0.18518511159920692,0.01851850012202405,0.129629611233135,0.18518511159920692,0.01851850012202405,188.0
1224,0968.HK,Hang Seng Index,Inclusion,2021,-0.15419850373600086,0.015267160568028793,0.0,0.18473282487205833,0.4351144037868586,0.16946566430402965,0.18473282487205833,0.4351144037868586,189.0
1455,6929.HK,Hang Seng Hong Kong-Listed Biotech Index,Removal,2023,0.3494982724221709,0.04515049833868501,-0.03846154152840986,0.1454849302314678,-0.2642140332218348,-0.3043477740834859,0.18394647175987766,-0.22575249169342493,190.0
1713,000060.SZ,Hang Seng Stock Connect Greater Bay Area Composite Index,Inclusion,2024,0.019801961500356402,0.0024753042020448923,-0.017326716312811796,0.16584160460898523,0.2425742644373663,-0.01732665729831151,0.18316832092179702,0.2599009807501781,191.0
1721,3899.HK,Hang Seng Stock Connect Greater Bay Area Composite Index,Inclusion,2024,0.11940294612602242,0.0033167463069041503,-0.01990055691889503,0.16252072719324717,0.14262017027435214,-0.11608619981911827,0.1824212841121422,0.16252072719324717,192.0
1678,3899.HK,Hang Seng Corporate Sustainability Benchmark Index,Inclusion,2024,0.11940294612602242,0.0033167463069041503,-0.01990055691889503,0.16252072719324717,0.14262017027435214,-0.11608619981911827,0.1824212841121422,0.16252072719324717,192.0
1672,0700.HK,Hang Seng Corporate Sustainability Benchmark Index,Inclusion,2024,-0.013926035818025984,-0.001606872290635275,-0.005891756093769573,0.17461171203207426,0.0798072276316324,0.012319163527390709,0.18050346812584384,0.08569898372540197,194.0
1695,0700.HK,Hang Seng ESG 50 Index,Inclusion,2024,-0.013926035818025984,-0.001606872290635275,-0.005891756093769573,0.17461171203207426,0.0798072276316324,0.012319163527390709,0.18050346812584384,0.08569898372540197,194.0
1448,0384.HK,Hang Seng Stock Connect China Enterprises Index,Removal,2022,-0.19855222969447905,0.026887303705325438,0.011375352203658373,0.19131337816687433,0.21406408257419085,0.2254395333998045,0.17993802596321595,0.20268873037053248,196.0
1434,0384.HK,Hang Seng China Enterprises Index,Removal,2022,-0.19855222969447905,0.026887303705325438,0.011375352203658373,0.19131337816687433,0.21406408257419085,0.2254395333998045,0.17993802596321595,0.20268873037053248,196.0
906,300124.SZ,Hang Seng (China A) Corporate Sustainability Index,Inclusion,2020,-0.058073923668342964,-0.0018204710911670086,-0.020571656673485927,0.15783732284496432,0.5419625565889314,0.056253452577175955,0.17840897951845025,0.5625342132624174,198.0
895,3933.HK,Hang Seng Stock Connect Greater Bay Area Composite Index,Removal,2020,-0.08389261691270988,-0.01845639812254174,-0.040268497721342444,0.1375839205390883,0.20805365154052802,0.06543621879016814,0.17785241826043074,0.24832214926187046,199.0
1225,1211.HK,Hang Seng Index,Inclusion,2021,-0.19854091707070853,-0.011464308209725438,-0.011464308209725438,0.16623237958746162,0.37258992736251906,0.1870766088609831,0.17769668779718706,0.3840542355722445,200.0
1215,1211.HK,Hang Seng China Enterprises Index,Inclusion,2021,-0.19854091707070853,-0.011464308209725438,-0.011464308209725438,0.16623237958746162,0.37258992736251906,0.1870766088609831,0.17769668779718706,0.3840542355722445,200.0
1686,6818.HK,Hang Seng Corporate Sustainability Benchmark Index,Removal,2024,0.012987000923330161,0.0,-0.012987000923330161,0.16450221811853272,0.2034632208885232,-0.012987000923330161,0.17748921904186288,0.21645022181185336,202.0
505,1336.HK,Hang Seng China 50 Index,Exclusion,2019,-0.12499996112740475,0.05027180236882334,0.025815238658557504,0.20244567710307737,-0.04891302376027773,0.17527176349622808,0.17663043844451987,-0.07472826241883523,203.0
1057,002475.SZ,Hang Seng Stock Connect Greater Bay Area Composite Index,Removal,2020,-0.019433339414031803,0.009989088691293446,-0.05030876114557037,0.12586269764492686,-0.04159100723593878,0.02942242810532525,0.17617145879049723,0.008717753909631587,204.0
946,002475.SZ,Hang Seng China A Top 100 Index,Inclusion,2020,-0.019433339414031803,0.009989088691293446,-0.05030876114557037,0.12586269764492686,-0.04159100723593878,0.02942242810532525,0.17617145879049723,0.008717753909631587,204.0
1658,2416.HK,Hang Seng Composite Index,Removal,2024,0.11999998092651376,-0.015999984741210893,0.007999992370605558,0.18400001525878906,0.4880000114440919,-0.13599996566772465,0.1760000228881835,0.48000001907348633,206.0
1083,0909.HK,Hang Seng Composite LargeCap & MidCap Index,Inclusion,2020,-0.0012345490632234002,-0.04938271604938271,0.09876543209876543,0.2728394873348283,-0.011111129949122334,-0.04814816698615931,0.1740740552360629,-0.10987656204788776,207.0
1094,0909.HK,Hang Seng TECH Index,Inclusion,2020,-0.0012345490632234002,-0.04938271604938271,0.09876543209876543,0.2728394873348283,-0.011111129949122334,-0.04814816698615931,0.1740740552360629,-0.10987656204788776,207.0
1106,0267.HK,Hang Seng China 50 Index,Removal,2021,-0.0855855417242547,0.010510536526299852,0.013513536734218068,0.18468469177989988,0.3618618472414181,0.09609607825055455,0.1711711550456818,0.34834831050720005,209.0
582,000001.SZ,Hang Seng (China A) Corporate Sustainability Benchmark Index,Inclusion,2019,-0.01958136081271855,-0.015530080310193317,-0.008102689792935491,0.16272780725553604,0.040513126994964566,0.004051280502525234,0.17083049704847153,0.04861581678790006,210.0
837,1268.HK,Hang Seng Composite Index,Inclusion,2020,-0.08163266569936845,0.03525047531111403,-0.05380333377301438,0.11688314101048247,0.5992579033549255,0.11688314101048247,0.17068647478349686,0.6530612371279398,211.0
27,1308.HK,Hang Seng Composite LargeCap & MidCap Index,Inclusion,2016,-0.09164424503825874,0.0,0.008086245574475681,0.17789753116599916,0.11320756657019393,0.09164424503825874,0.16981128559152348,0.10512132099571825,212.0
1820,2511.HK,Hang Seng Composite Index,Removal,2025,0.18811887031138652,0.09900992553078236,0.05940600253006956,0.2277227933120991,1.5841583363765146,-0.08910894478060416,0.16831679078202955,1.524752333846445,213.0
1161,0327.HK,Hang Seng Composite Index,Removal,2021,0.22861151308252547,0.036465602787029594,0.023842927568771266,0.1921458434179153,0.30575038852530523,-0.19214591029549588,0.16830291584914403,0.28190746095653396,214.0
199,000488.SZ,Hang Seng China AH Index Series,Inclusion,2017,0.007233265883440865,-0.01748052189264504,0.015069260810169682,0.1820372776272583,0.06027721569534017,-0.024713787776085905,0.16696801681708862,0.04520795488517049,215.0
1291,600188.SS,Hang Seng China A Top 100 Index,Removal,2021,-0.3223938124136584,0.03474902421441728,0.011582984137560537,0.17760611578460628,-0.04169885777799476,0.35714283662807567,0.16602313164704574,-0.053281841915555295,216.0
1274,600188.SS,Hang Seng China A Industry Top Index,Removal,2021,-0.3223938124136584,0.03474902421441728,0.011582984137560537,0.17760611578460628,-0.04169885777799476,0.35714283662807567,0.16602313164704574,-0.053281841915555295,216.0
1740,3990.HK,Hang Seng Stock Connect Greater Bay Area Composite Index,Removal,2024,-0.07619046939396334,0.029932009507938506,-0.6625850270405598,-0.4965986264364882,-0.6027210729004876,0.10612247890190185,0.16598640060407155,0.05986395414007217,218.0
163,000063.SZ,Hang Seng China A Top 100 Index,Exclusion,2017,-0.0777027081450552,0.007601364140879641,0.029983069059229317,0.1951013037307674,0.41722976945890267,0.08530407228593484,0.16511823467153808,0.38724670039967335,219.0
148,000063.SZ,Hang Seng China A Industry Top Index,Exclusion,2017,-0.0777027081450552,0.007601364140879641,0.029983069059229317,0.1951013037307674,0.41722976945890267,0.08530407228593484,0.16511823467153808,0.38724670039967335,219.0
1160,0323.HK,Hang Seng Composite Index,Removal,2021,-0.2114695061778613,0.0215053561289984,0.028673808171997717,0.19354837607036268,0.32974913579672993,0.2329748623068597,0.16487456789836497,0.3010753276247322,221.0
1050,1268.HK,Hang Seng Stock Connect Greater Bay Area Composite Index,Inclusion,2020,-0.1552679842532677,-0.016635817681439624,-0.033271705874845514,0.13123849332851023,0.14417750964427412,0.13863216657182809,0.16451019920335574,0.17744921551911963,222.0
525,0467.HK,Hang Seng Composite LargeCap & MidCap Index,Inclusion,2019,0.03125006402842834,0.01562498544808455,0.06250003492459744,0.22656256839400313,0.04687504947651289,-0.015625078580343787,0.1640625334694057,-0.01562498544808455,223.0
1722,3933.HK,Hang Seng Stock Connect Greater Bay Area Composite Index,Inclusion,2024,-0.08695654427396826,-0.009782625484106355,-0.004347822030685733,0.15869565961040943,0.1869565546399936,0.0771739187898619,0.16304348164109517,0.19130437667067934,224.0
1593,600346.SS,Hang Seng China A Industry Top Index,Removal,2024,0.05039372857752711,0.020472459274539112,-0.01732285593172289,0.14566932356330287,0.17165356991465375,-0.029921269302987996,0.16299217949502576,0.18897642584637664,225.0
1835,9966.HK,Hang Seng Composite Index,Removal,2025,-0.40362441792678283,-0.04448104996554125,-0.1845140577796216,-0.02306430632018175,0.31301475532087797,0.3591433679612416,0.16144975145943985,0.49752881310049957,226.0
660,601818.SS,Hang Seng (China A) Corporate Sustainability Benchmark Index,Inclusion,2019,-0.05037784540110679,-0.007556667801907446,-0.002518889267302482,0.15869014395017067,0.05037784540110679,0.042821177599199345,0.16120903321747315,0.05289673466840927,227.0
1875,0522.HK,Hang Seng TECH Index,Removal,2025,0.03244278754785723,-0.00699739736692695,-0.009541984918065016,0.15139951344651692,0.36641225968013424,-0.03944018491478418,0.16094149836458194,0.37595424459819926,228.0
1495,0512.HK,Hang Seng Hong Kong-Listed Biotech Index,Removal,2024,-0.03714288984026226,0.02571426119123177,0.014285700661795575,0.17428575243268685,0.40857137952532097,0.06285715103149403,0.16000005177089127,0.3942856788635254,229.0
481,0390.HK,Hang Seng Corporate Sustainability Index,Exclusion,2018,0.01793720247125674,0.014947668726047247,0.013452937491495787,0.17339309977436113,0.07623314614089427,-0.002989533745209494,0.15994016228286534,0.06278020864939848,230.0
1069,3692.HK,Hang Seng China Enterprises Index,Inclusion,2020,-0.013927576009699294,0.016713048708050238,-0.03342620367507276,0.12534818408729387,0.04038988542095012,0.03064062471774953,0.15877438776236663,0.07381608909602289,231.0
8,000776.SZ,Hang Seng China 50 Index,Inclusion,2016,-0.018799727427052826,-0.010122946066165817,0.04555315386235348,0.20318145202052773,0.17932028603885608,0.00867678136088701,0.15762829815817425,0.1337671321765026,232.0
403,0330.HK,Hang Seng Composite LargeCap & MidCap Index,Exclusion,2018,0.1629212223137757,-0.011236051298020633,-0.011236051298020633,0.14606731442313614,0.011235825889498674,-0.17415727361179634,0.15730336572115677,0.022471877187519307,233.0
289,600874.SS,Hang Seng China AH Index Series,Exclusion,2018,0.09934855810730747,-0.027687309444723085,-0.007329002813106333,0.14983714923442393,-0.09446253034497776,-0.12703586755203056,0.15716615204753026,-0.08713352753187142,234.0
84,0412.HK,Hang Seng Composite LargeCap & MidCap Index,Inclusion,2016,-0.11688308571860295,-0.012987000923330161,-0.025974001846660322,0.12987016405056462,-0.22077917051387563,0.10389608479527279,0.15584416589722494,-0.1948051686672153,235.0
416,0486.HK,Hang Seng Composite LargeCap & MidCap Index,Inclusion,2018,0.1443850799183537,0.05882353691156261,-0.053475948442173626,0.10160424466667517,0.21390373002041163,-0.08556154300679109,0.1550801931088488,0.26737967846258526,236.0
1477,2877.HK,Hang Seng Composite Index,Inclusion,2024,-0.08468677827901616,0.02436195370475369,0.03828305430245971,0.19257539088754227,-0.0301624399458994,0.10904873198376985,0.15429233658508257,-0.0684454942483591,237.0
509,3323.HK,Hang Seng China Enterprises Index,Inclusion,2019,-0.03732500428078156,0.05598758057936393,-0.01088642250279892,0.14307933139271234,-0.06376358605876431,0.09331258486014549,0.15396575389551126,-0.05287716355596539,238.0
1611,1405.HK,Hang Seng Composite Index,Inclusion,2024,-0.014295926284884963,-0.018584638728793346,-0.04860606211319951,0.10507514544931418,0.1286633365639649,-0.004288712443908382,0.1536812075625137,0.1772693986771644,239.0
1245,601808.SS,Hang Seng (China A) Corporate Sustainability Index,Removal,2021,-0.1275690489622895,0.005669732505499958,0.009213332218573012,0.16229624504415452,-0.020552797229572706,0.13323878146778945,0.1530829128255815,-0.029766129448145717,240.0
1265,601808.SS,Hang Seng China A Industry Top Index,Inclusion,2021,-0.1275690489622895,0.005669732505499958,0.009213332218573012,0.16229624504415452,-0.020552797229572706,0.13323878146778945,0.1530829128255815,-0.029766129448145717,240.0
411,1432.HK,Hang Seng Composite LargeCap & MidCap Index,Exclusion,2018,0.26388887509151804,0.027777750183035854,-0.16666666666666663,-0.013888957875743513,-0.08333333333333337,-0.23611112490848218,0.15277770879092312,0.08333333333333326,242.0
920,300760.SZ,Hang Seng China 50 Index,Inclusion,2020,-0.026833226766172502,0.024840119753466228,-0.032753174023371634,0.11988701187648121,0.028171951190394395,0.05167334651963873,0.15264018589985284,0.06092512521376603,243.0
36,3823.HK,Hang Seng Composite LargeCap & MidCap Index,Inclusion,2016,-0.05829601494574432,-0.00448430061781413,-0.03587440494251337,0.11659192297732845,0.13004482483077084,0.053811714327930193,0.15246632791984183,0.16591922977328422,244.0
282,2007.HK,Hang Seng China 50 Index,Inclusion,2018,0.20659977321021894,0.02725977985118666,-0.011477732600627899,0.14060255420708234,0.12482065355625283,-0.17933999335903228,0.15208028680771024,0.13629838615688072,245.0
1179,1881.HK,Hang Seng Composite Index,Removal,2021,-0.08219178194041366,0.0273972334300725,0.03424654178759057,0.18493148895338174,0.15753425552330924,0.10958901537048615,0.15068494716579117,0.12328771373571867,246.0
1579,002179.SZ,Hang Seng (China A) Corporate Sustainability Index,Removal,2024,-0.0013379512574158703,0.00936586296018671,0.013112167312606449,0.1618945520466306,0.07010978917493627,0.01070381421760258,0.14878238473402416,0.05699762186232982,247.0
1702,1691.HK,Hang Seng ESG 50 Index,Removal,2024,0.04729725158153664,0.020270250677801416,-0.006756750225933805,0.14189191583824257,-0.047297332128352965,-0.02702700090373522,0.14864866606417637,-0.04054058190241916,248.0
382,600547.SS,Hang Seng China A Industry Top Index,Exclusion,2018,-0.045609558967180774,-0.028985534959809822,-0.019181627451674066,0.12872983835627538,0.22676899311375243,0.016624024007370952,0.14791146580794945,0.2459506205654265,249.0
1283,002714.SZ,Hang Seng China A Top 100 Index,Inclusion,2021,-0.07786259135513862,-0.05866954670079838,0.028353393566448393,0.17600872330190231,0.06804804472006776,0.01919304465434024,0.14765532973545392,0.039694651153619365,250.0
1248,002714.SZ,Hang Seng China 50 Index,Inclusion,2021,-0.07786259135513862,-0.05866954670079838,0.028353393566448393,0.17600872330190231,0.06804804472006776,0.01919304465434024,0.14765532973545392,0.039694651153619365,250.0
1305,2171.HK,Hang Seng Composite Index,Inclusion,2021,-0.45164608116765537,-0.10905348566796214,-0.11111106750460231,0.034979440664894,-0.16872422233940165,0.34259259549969323,0.1460905081694963,-0.05761315483479934,252.0
1492,9985.HK,Hang Seng Composite Index,Removal,2024,-0.026881737888592383,0.0215053561289984,-0.13799283000977258,0.00716845204299954,0.010752678064499088,0.04838709401759078,0.14516128205277212,0.14874550807427167,253.0
229,3606.HK,Hang Seng Composite LargeCap & MidCap Index,Inclusion,2017,0.0997963681905516,0.01629334168267782,0.010183299705468052,0.1547862021385613,0.2606925346139115,-0.08350302650787378,0.14460290243309326,0.25050923490844346,254.0
1601,0173.HK,Hang Seng Composite Index,Inclusion,2024,-0.011494241848790776,-0.011494241848790776,-0.03448279405745802,0.10919536607459834,0.0057471209243953325,0.0,0.14367816013205637,0.040229914981853354,255.0
732,601155.SS,Hang Seng China A Top 100 Index,Inclusion,2019,-0.06940063826983622,0.005126149749126396,0.005520480531506555,0.14865924525554552,0.44321757071179,0.07452678801896262,0.14313876472403897,0.43769709018028347,256.0
38,3908.HK,Hang Seng Composite LargeCap & MidCap Index,Inclusion,2016,-0.068532824486086,-0.017374455353910245,0.027027094201208968,0.1679537434801952,0.15057919607277648,0.05115836913217575,0.14092664927898624,0.12355210187156751,257.0
999,0317.HK,Hang Seng Composite Index,Removal,2020,0.3574097112076926,0.008717391136529251,-0.0722291336230777,0.06724781815817327,-0.016189245569957045,-0.34869232007116335,0.13947695178125097,0.05603988805312066,258.0
1576,601808.SS,Hang Seng (China A) Corporate Sustainability Index,Inclusion,2024,0.07434398573158663,0.01967926376344198,-0.01967933327323057,0.11588922169403282,0.0867346616051492,-0.05466472196814465,0.1355685549672634,0.10641399487837977,259.0
1552,0124.HK,Hang Seng (China A) Corporate Sustainability Benchmark Index,Inclusion,2024,-0.12162166516044115,0.0,0.01351350045186761,0.14864866606417637,0.0945945837098896,0.12162166516044115,0.13513516561230876,0.08108108325802199,260.0
1474,2429.HK,Hang Seng Composite Index,Inclusion,2024,0.0916581194465782,0.013388271259546336,-0.14418121658395433,-0.00926881073473873,-0.2893923719608752,-0.07826984818703187,0.1349124058492156,-0.14521115537692086,261.0
1543,1857.HK,Hang Seng (China A) Corporate Sustainability Benchmark Index,Inclusion,2024,0.11194027792666583,0.0,0.0,0.13432831571956827,0.029850717057203102,-0.11194027792666583,0.13432831571956827,0.029850717057203102,262.0
158,600309.SS,Hang Seng China A Industry Top Index,Inclusion,2017,-0.07923719578864796,-0.0322320917994664,-0.0021487514730336166,0.13215154563891374,0.01047540678065273,0.04700510398918156,0.13430029711194735,0.012624158253686346,263.0
1607,1071.HK,Hang Seng Composite Index,Inclusion,2024,-0.0049504903750891005,0.0,-0.04950496276539118,0.08415845440551517,-0.08415839539101477,0.0049504903750891005,0.13366341717090635,-0.03465343262562359,264.0
1560,0029.HK,Hang Seng (China A) Corporate Sustainability Benchmark Index,Removal,2024,0.008583751299193754,-0.012875490514692167,-0.01573671820874034,0.11587989215157402,0.1144492441960252,-0.02145924181388592,0.13161661036031436,0.13018596240476554,265.0
1592,600196.SS,Hang Seng China A Industry Top Index,Removal,2024,0.04220341385745119,0.013771633175935438,-0.0075522023352013745,0.12394486805019911,0.17014659639105245,-0.02843178068151575,0.13149707038540048,0.17769879872625383,266.0
1723,688177.SS,Hang Seng Stock Connect Greater Bay Area Composite Index,Inclusion,2024,0.08066972229544533,0.021308985073714037,0.0,0.13140539182613487,0.13089812028896475,-0.0593607372217313,0.13140539182613487,0.13089812028896475,267.0
1182,3306.HK,Hang Seng Composite Index,Removal,2021,-0.20121954011817855,0.035060978823123756,-0.05335364446425128,0.07621951285995654,0.02134144324798215,0.2362805189413023,0.12957315732420782,0.07469508771223343,268.0
571,0753.HK,Hang Seng China Enterprises Index,Exclusion,2019,0.05753419020315231,-0.017808234389625643,-0.02602740441864737,0.10273972334300718,-0.02054795773263285,-0.07534242459277796,0.12876712776165455,0.005479446686014522,269.0
1071,6862.HK,Hang Seng China Enterprises Index,Inclusion,2020,0.01985556757804874,0.0342959866218433,0.007220175093222592,0.13537905764310376,0.11281588136925325,0.014440419043794561,0.12815888254988117,0.10559570627603065,270.0
1632,3306.HK,Hang Seng Composite Index,Inclusion,2024,-0.09384169020729616,-0.05425225118522348,0.03519058138963338,0.1627565438032601,0.06744868424760098,0.03958943902207268,0.12756596241362672,0.0322581028579676,271.0
1662,9668.HK,Hang Seng Composite Index,Removal,2024,-0.09803918245800214,0.05882359128509962,-0.05882353284917219,0.06862750368730697,-0.1372548905027593,0.15686277374310176,0.12745103653647916,-0.07843135765358711,272.0
304,2313.HK,Hang Seng China Enterprises Index,Inclusion,2018,0.06530338718934114,0.03825849313626284,-0.031662287984871695,0.0956464341439347,0.23812657909839885,-0.027044894053078306,0.1273087221288064,0.26978886708327054,273.0
1586,600938.SS,Hang Seng China A Industry Top Index,Inclusion,2024,0.0643825687577293,0.001506058596824733,-0.0361445445698767,0.09073794788672451,0.017695829448558742,-0.06287651016090456,0.12688249245660121,0.053840374018435444,274.0
1618,2016.HK,Hang Seng Composite Index,Inclusion,2024,0.050505001853162534,0.005050500185316276,-0.015151500555948827,0.11111112449038019,0.09595962393443158,-0.04545450166784626,0.126262625046329,0.11111112449038041,275.0
1070,6186.HK,Hang Seng China Enterprises Index,Inclusion,2020,0.009070286448309206,0.06009078287797731,-0.0034013303865300104,0.1224489751785165,0.12925174407792017,0.051020496429668105,0.1258503055650465,0.13265307446445018,276.0
256,2208.HK,Hang Seng Corporate Sustainability Benchmark Index,Inclusion,2017,0.024221424252804047,-0.009227274921665418,0.0,0.12572087366923146,0.25951555542273086,-0.033448699174469465,0.12572087366923146,0.25951555542273086,277.0
1172,1071.HK,Hang Seng Composite Index,Removal,2021,-0.07441864127142972,-0.013953585338433494,-0.009302316297383983,0.11627906460965787,0.1534883297991938,0.060465055932996226,0.12558138090704185,0.16279064609657778,278.0
1603,0598.HK,Hang Seng Composite Index,Inclusion,2024,-0.022792001117782346,0.008547000419168338,-0.008547000419168338,0.11680914157967726,-0.011396000558891228,0.031339001536950684,0.1253561419988456,-0.0028490001397228903,279.0
1549,0016.HK,Hang Seng (China A) Corporate Sustainability Benchmark Index,Inclusion,2024,-0.044577490433815536,-0.018629427777147822,0.02528278758882818,0.15036587083064767,0.03659347896424192,0.025948062656667714,0.1250830832418195,0.01131069137541374,280.0
1633,3877.HK,Hang Seng Composite Index,Inclusion,2024,0.019736823530408287,0.0,-0.032894705884013775,0.09210525490240373,0.06578949019519276,-0.019736823530408287,0.12499996078641751,0.09868419607920653,281.0
564,002460.SZ,Hang Seng Stock Connect China AH Index Series,Inclusion,2019,-0.22050883300270419,0.08982277377068693,0.03431001305600079,0.1592136217230935,-0.05975320730547218,0.3103316067733911,0.12490360866709271,-0.09406322036147297,282.0
1190,002967.SZ,Hang Seng Stock Connect Greater Bay Area Composite Index,Inclusion,2021,0.1698412214006697,0.02063496907552076,-0.02285712105887272,0.10158732580760166,0.26952386280846974,-0.14920625232514895,0.12444444686647438,0.29238098386734246,283.0
1647,1244.HK,Hang Seng Composite Index,Removal,2024,0.42465744476690825,0.006849308357518069,0.023972579251313464,0.14726021133683576,-0.3390411311230299,-0.4178081364093902,0.12328763208552229,-0.3630137103743434,284.0
1438,1880.HK,Hang Seng Composite Index,Inclusion,2022,-0.06153846153846154,0.03076923076923066,0.05025642590645041,0.1733333489833735,0.057435881785857346,0.0923076923076922,0.12307692307692308,0.007179455879406937,285.0
567,2359.HK,Hang Seng Stock Connect China AH Index Series,Inclusion,2019,-0.05922941509099089,0.006325507580166478,0.004025351147653344,0.1270844941946614,0.002300156432513134,0.06555492267115737,0.12305914304700805,-0.0017251947151402103,286.0
1462,0666.HK,Hang Seng Composite Index,Inclusion,2024,0.21103444592706078,0.04965519082957304,-0.09103446171201512,0.03172414056186024,0.026206904444201262,-0.16137925509748774,0.12275860227387536,0.11724136615621639,287.0
870,1916.HK,Hang Seng Composite Index,Removal,2020,0.020356275003996283,0.015267160753269282,0.00508905358442302,0.12722640027688104,-0.12977098773539664,-0.005089114250727,0.12213734669245802,-0.13486004131981966,288.0
1054,9922.HK,Hang Seng Stock Connect Greater Bay Area Composite Index,Inclusion,2020,-0.2104651557361179,0.02558131437162725,0.003488340888429642,0.12558138090704185,0.034883630669011456,0.23604647010774515,0.12209304001861221,0.031395289780581814,289.0
988,9922.HK,Hang Seng Composite Index,Inclusion,2020,-0.2104651557361179,0.02558131437162725,0.003488340888429642,0.12558138090704185,0.034883630669011456,0.23604647010774515,0.12209304001861221,0.031395289780581814,289.0
206,2883.HK,Hang Seng China AH Index Series,Inclusion,2017,0.08294213159347708,0.004694868612704628,-0.003129887534334741,0.11893587554952867,0.15023475089287563,-0.07824726298077245,0.12206576308386341,0.15336463842721038,291.0
1709,601225.SS,Hang Seng Stock Connect China Enterprises Index,Inclusion,2024,-0.008333273380121353,0.05570177632722606,-0.024999987451653327,0.09692987130582953,0.07938602780077852,0.06403504970734741,0.12192985875748286,0.10438601525243185,292.0
350,002594.SZ,Hang Seng (China A) Corporate Sustainability Benchmark Index,Inclusion,2018,-0.026389563907117886,-0.0051377480394108055,-0.025455355010739145,0.09598324918415413,0.2935544664098382,0.02125181586770708,0.12143860419489327,0.3190098214205773,293.0
1561,0104.HK,Hang Seng (China A) Corporate Sustainability Benchmark Index,Removal,2024,0.1538461412500749,0.0,-0.010988951607495578,0.10989017107106513,0.18681324169610258,-0.1538461412500749,0.12087912267856071,0.19780219330359816,294.0
1674,1044.HK,Hang Seng Corporate Sustainability Benchmark Index,Inclusion,2024,0.031120331457615613,-0.002074736249698339,-0.03319506770731395,0.08713694390994275,-0.0684647133781352,-0.03319506770731395,0.1203320116172567,-0.03526964567082125,295.0
1610,1341.HK,Hang Seng Composite Index,Inclusion,2024,0.7799999713897705,-0.12999999523162842,-0.18000000715255737,-0.06000000238418579,0.24000000953674316,-0.9099999666213989,0.12000000476837158,0.42000001668930054,296.0
555,2866.HK,Hang Seng Stock Connect China AH Index Series,Exclusion,2019,-0.06000000238418579,0.059999942779541016,0.029999971389770508,0.1499999761581421,-0.050000011920928955,0.1199999451637268,0.12000000476837158,-0.07999998331069946,296.0
550,000488.SZ,Hang Seng Stock Connect China AH Index Series,Exclusion,2019,-0.1272726799830911,0.07272727666807577,0.03636367445806554,0.1560606401047655,-0.19393935628283177,0.19999995665116688,0.11969696564669996,-0.2303030307408973,298.0
373,601186.SS,Hang Seng China 50 Index,Exclusion,2018,0.12537612502717788,-0.012036096524081996,-0.0060180960892370905,0.1123369965458243,0.13941818981141063,-0.13741222155125987,0.11835509263506139,0.14543628590064772,299.0
144,0175.HK,Hang Seng Index,Inclusion,2017,-0.08878503048593811,-0.001869112565033637,-0.005607426823543427,0.11214951688373453,0.3457943808616992,0.08691591792090447,0.11775694370727796,0.35140180768524265,300.0
1664,9877.HK,Hang Seng Composite Index,Removal,2024,0.542016764631988,-0.012605129565465112,-0.0042017766390675115,0.1134453646822362,0.2563024646068639,-0.5546218941974531,0.11764714132130372,0.2605042412459314,301.0
372,1186.HK,Hang Seng China 50 Index,Exclusion,2018,0.03775613921381038,0.01078742425645296,0.004314990278077913,0.12189850107506972,0.1089535302408362,-0.02696871495735742,0.11758351079699181,0.10463853996275829,302.0
1042,2269.HK,Hang Seng Index,Inclusion,2020,-0.09670567650665995,0.02284798932111798,-0.03560042898925864,0.08182787076592168,0.24814031988851193,0.11955366582777793,0.11742829975518032,0.28374074887777057,303.0
320,0754.HK,Hang Seng Composite LargeCap & MidCap Index,Inclusion,2018,0.10187681801163118,0.01474533631095487,0.04289547276781125,0.15951751478947052,0.030831096486036547,-0.0871314817006763,0.11662204202165927,-0.012064376281774702,304.0
853,6186.HK,Hang Seng Composite Index,Inclusion,2020,-0.09169553470066794,0.020761225121661564,0.008650469218471457,0.12456743322774444,0.29757780757047425,0.1124567598223295,0.11591696400927298,0.2889273383520028,305.0
1568,1088.HK,Hang Seng (China A) Corporate Sustainability Benchmark Index,Removal,2024,0.003169584275370063,0.011093514736399523,-0.04595876040109581,0.06973061223897581,0.0792393046102946,0.00792393046102946,0.11568937264007162,0.1251980650113904,306.0
1623,2386.HK,Hang Seng Composite Index,Inclusion,2024,0.05686273868154523,-0.017646995575231528,-0.03529408464794692,0.08039222194432694,0.18627456938565135,-0.07450973425677676,0.11568630659227386,0.22156865403359827,307.0
731,600406.SS,Hang Seng China A Top 100 Index,Inclusion,2019,-0.11809039275352784,-0.02010042719152827,0.015075341096527195,0.1306533150198408,0.04623118956932548,0.09798996556199957,0.11557797392331359,0.031155848472798287,308.0
283,3333.HK,Hang Seng China 50 Index,Inclusion,2018,0.13876650624398512,0.02643177982187561,-0.03524231679235712,0.07929517055519586,0.011013213440709713,-0.11233472642210951,0.11453748734755298,0.04625553023306683,309.0
1700,0683.HK,Hang Seng ESG 50 Index,Removal,2024,-0.0712328722383454,-0.035616468779251176,0.020547892412475788,0.13424650912751224,0.08904104130781398,0.035616403459094226,0.11369861671503645,0.0684931488953382,310.0
536,0669.HK,Hang Seng Index,Inclusion,2019,-0.10485439856075551,0.011650455808176474,-0.014563106796116498,0.09902909658487569,0.031067931536332027,0.11650485436893199,0.11359220338099218,0.045631038332448526,311.0
35,3698.HK,Hang Seng Composite LargeCap & MidCap Index,Inclusion,2016,-0.011627670282735925,-0.008720695533162237,-0.008720695533162237,0.1046513197002088,0.017442077213000173,0.0029069747495736875,0.11337201523337104,0.02616277274616241,312.0
765,3998.HK,Hang Seng Composite LargeCap & MidCap Index,Inclusion,2019,-0.1500000158945719,-0.029999971389770508,0.050000031789143806,0.1633333365122478,0.28999996185302734,0.1200000445048014,0.11333330472310399,0.23999993006388354,313.0
424,1833.HK,Hang Seng Composite LargeCap & MidCap Index,Inclusion,2018,0.08419842339920436,-0.00807378284753657,-0.011534025780842616,0.10149946207046812,-0.17070352875789052,-0.09227220624674093,0.11303348785131073,-0.1591695029770479,314.0
1048,002791.SZ,Hang Seng Stock Connect Greater Bay Area Composite Index,Inclusion,2020,0.185301002802843,0.014102954898497222,-0.0800377631741831,0.031331765303048265,-0.02224482126273919,-0.17119804790434578,0.11136952847723136,0.05779294191144391,315.0
378,600887.SS,Hang Seng China 50 Index,Inclusion,2018,0.2192085529279073,-0.004001785393678348,0.0066696140532158665,0.11783013096929529,0.004001785393678459,-0.22321033832158566,0.11116051691607942,-0.002667828659537408,316.0
328,2196.HK,Hang Seng Composite LargeCap & MidCap Index,Inclusion,2018,0.0,0.011001099925342706,-0.02200219985068541,0.08690870619655389,0.06380632920794893,0.011001099925342706,0.1089109060472393,0.08580852905863434,317.0
1654,2138.HK,Hang Seng Composite Index,Removal,2024,0.44578321905159823,0.024096434859411042,-0.07228916095257987,0.036144616382703276,-0.15662650342845208,-0.4216867841921872,0.10843377733528314,-0.08433734247587221,318.0
1749,0300.HK,Hang Seng Composite Index,Inclusion,2024,0.0062892652557493545,0.035639347499659246,0.0,0.10831585841294533,0.009084470562694236,0.029350082243909892,0.10831585841294533,0.009084470562694236,319.0
1760,0300.HK,Hang Seng TECH Index,Inclusion,2024,0.0062892652557493545,0.035639347499659246,0.0,0.10831585841294533,0.009084470562694236,0.029350082243909892,0.10831585841294533,0.009084470562694236,319.0
29,1432.HK,Hang Seng Composite LargeCap & MidCap Index,Inclusion,2016,0.0,-0.00636949639391915,0.0063694204644377805,0.11464964428936275,0.07006362510881647,-0.00636949639391915,0.10828022382492497,0.0636942046443787,321.0
900,2319.HK,Hang Seng China Enterprises Index,Inclusion,2020,-0.06913994143120883,0.01349071243428579,-0.01517702736527482,0.09274880076659331,0.2934232366786813,0.08263065386549462,0.10792582813186813,0.30860026404395613,322.0
14,1157.HK,Hang Seng Composite LargeCap & MidCap Index,Exclusion,2016,-0.3485341877882623,-0.05863186718329727,-0.01302930381851053,0.09446253034497776,-0.18241040878070014,0.289902320604965,0.10749183416348829,-0.1693811049621896,323.0
1683,0762.HK,Hang Seng Corporate Sustainability Benchmark Index,Removal,2024,0.04272151480899988,-0.003164553858114205,-0.028481060171943517,0.07753160724825658,0.04430375401359932,-0.04588606866711409,0.1060126674202001,0.07278481418554283,324.0
1701,0762.HK,Hang Seng ESG 50 Index,Removal,2024,0.04272151480899988,-0.003164553858114205,-0.028481060171943517,0.07753160724825658,0.04430375401359932,-0.04588606866711409,0.1060126674202001,0.07278481418554283,324.0
1714,000893.SZ,Hang Seng Stock Connect Greater Bay Area Composite Index,Inclusion,2024,0.03622735261800569,0.02998123269045405,-0.019362924121478886,0.08619607376876237,0.3566520301587437,-0.006246119927551641,0.10555899789024126,0.3760149542802226,326.0
1502,1735.HK,Hang Seng Stock Connect Greater Bay Area Composite Index,Inclusion,2024,-0.18474578558799315,-0.04237288067101819,-0.005084781241258773,0.09999994342610075,0.4152542790678917,0.14237290491697496,0.10508472466735952,0.42033906030915047,327.0
1469,1735.HK,Hang Seng Composite Index,Inclusion,2024,-0.18474578558799315,-0.04237288067101819,-0.005084781241258773,0.09999994342610075,0.4152542790678917,0.14237290491697496,0.10508472466735952,0.42033906030915047,327.0
1698,2282.HK,Hang Seng ESG 50 Index,Inclusion,2024,0.10476194109235482,0.0,-0.02285712105887272,0.0819047292073567,-0.05333337329682852,-0.10476194109235482,0.10476185026622942,-0.030476252237955803,329.0
1669,0144.HK,Hang Seng Corporate Sustainability Benchmark Index,Inclusion,2024,-0.0846905524810948,0.0016287018077021376,-0.029315933591648635,0.07491857461721207,0.02117265753546782,0.08631925428879694,0.10423450820886071,0.050488591127116456,330.0
1694,0144.HK,Hang Seng ESG 50 Index,Inclusion,2024,-0.0846905524810948,0.0016287018077021376,-0.029315933591648635,0.07491857461721207,0.02117265753546782,0.08631925428879694,0.10423450820886071,0.050488591127116456,330.0
841,1789.HK,Hang Seng Composite Index,Inclusion,2020,-0.2825836521964098,-0.01960785176447344,-0.07958478098600019,0.02422145747393567,0.3696655012113974,0.26297580043193636,0.10380623845993586,0.4492502821973976,332.0
1266,601888.SS,Hang Seng China A Industry Top Index,Inclusion,2021,0.06598987523809585,-0.03532145118575125,0.027918808265306794,0.1302877288737736,-0.09898474831065707,-0.1013113264238471,0.1023689206084668,-0.12690355657596386,333.0
916,601601.SS,Hang Seng (China A) Corporate Sustainability Index,Removal,2020,-0.006295577605578528,0.010603038157336986,-0.0026507595393342465,0.09907216148227649,0.2528164675600322,0.016898615762915514,0.10172292102161073,0.2554672270993664,334.0
1440,0322.HK,Hang Seng Index,Inclusion,2022,-0.05409834899430743,0.0196721126942887,0.02459017995287449,0.12622950704339297,0.07049185440957517,0.07377046168859613,0.10163932709051848,0.04590167445670068,335.0
1689,2378.HK,Hang Seng Corporate Sustainability Index,Inclusion,2024,-0.0461538461538461,-0.005384591909555314,-0.03307694655198312,0.06692305344801674,-0.018461550199068477,0.04076925424429079,0.09999999999999987,0.014615396352914645,336.0
94,0322.HK,Hang Seng Index,Exclusion,2016,-0.11649213115693369,-0.022251319275499615,0.06282722872536994,0.162303700212723,0.1596858392031426,0.09424081188143407,0.09947647148735306,0.09685861047777267,337.0
1075,0656.HK,Hang Seng China Enterprises Index,Removal,2020,-0.12969595021103664,-0.0214669694312416,-0.014311256086284474,0.08407867215782883,0.017889070107855565,0.10822898077979504,0.0983899282441133,0.03220032619414004,338.0
1325,1508.HK,Hang Seng Composite Index,Removal,2021,-0.07317073525310203,0.0,0.0,0.09756095610793869,-0.0975609561079388,0.07317073525310203,0.09756095610793869,-0.0975609561079388,339.0
246,002202.SZ,Hang Seng Corporate Sustainability Benchmark Index,Inclusion,2017,-0.03576198477535952,-0.009909254359476649,-0.018166865381853303,0.07844756428248822,0.3162674193040411,0.025852730415882874,0.09661442966434153,0.3344342846858944,340.0
9,601211.SS,Hang Seng China 50 Index,Inclusion,2016,-0.016055084751787074,-0.009747710498171247,0.022935757240897692,0.11926604701898591,0.05160548113359931,0.006307374253615827,0.09633028977808822,0.028669723892701615,341.0
938,000338.SZ,Hang Seng China A Industry Top Index,Removal,2020,0.09399998982747393,0.008666674296061272,-0.028666687011718706,0.06733334859212237,0.11200002034505219,-0.08533331553141266,0.09600003560384107,0.1406667073567709,342.0
1733,0314.HK,Hang Seng Stock Connect Greater Bay Area Composite Index,Removal,2024,0.058620631822367875,0.017241362300696395,-0.008620722256998503,0.0862068937167828,-0.10862070581433836,-0.04137926952167148,0.09482761597378131,-0.09999998355733986,343.0
290,1513.HK,Hang Seng China AH Index Series,Inclusion,2018,0.08662751066141205,-0.005887281281915624,-0.007569315173309943,0.08662751066141205,-0.04205214858114248,-0.09251479194332768,0.094196825834722,-0.034482833407832536,344.0
1381,000539.SZ,Hang Seng Stock Connect Greater Bay Area Composite Index,Inclusion,2021,-0.10588236416087426,-0.009411755730124094,0.007058872896082313,0.10117643019732303,0.1788235832663143,0.09647060843075017,0.09411755730124072,0.171764710370232,345.0
617,600114.SS,Hang Seng (China A) Corporate Sustainability Benchmark Index,Inclusion,2019,-0.02800660156281609,-0.006589779361090065,0.008237184923179264,0.10214165865326263,0.05436571900717646,0.021416822201726027,0.09390447373008337,0.0461285340839972,346.0
100,601006.SS,Hang Seng China 50 Index,Exclusion,2017,0.007215034916797425,-0.0014429656987560158,-0.0014429656987560158,0.09235214418124826,0.21500725611309734,-0.00865800061555344,0.09379510988000428,0.21645022181185336,347.0
531,2331.HK,Hang Seng Composite LargeCap & MidCap Index,Inclusion,2019,-0.0756756868216133,0.030630557408013015,0.04504504349699823,0.13873873053409014,0.2864864182176188,0.10630624422962631,0.09369368703709191,0.24144137472062055,348.0
137,0777.HK,Hang Seng Composite LargeCap & MidCap Index,Inclusion,2017,0.039534901463708305,0.016279087510219892,0.006976726443268522,0.09999998225722195,-0.023255813953488413,-0.023255813953488413,0.09302325581395343,-0.030232540396756935,349.0
1504,301510.SZ,Hang Seng Stock Connect Greater Bay Area Composite Index,Inclusion,2024,-0.06936777192186261,-0.0263966381021028,0.06875376727678395,0.16175556620267395,-0.03314922560947342,0.04297113381975981,0.09300179892589,-0.10190299288625737,350.0
594,000546.SZ,Hang Seng (China A) Corporate Sustainability Benchmark Index,Inclusion,2019,-0.016216174976245723,0.01729728080130921,0.02810813285209046,0.12108106870908997,0.19783782958984375,0.033513455777554935,0.0929729358569995,0.1697296967377533,351.0
848,3319.HK,Hang Seng Composite Index,Inclusion,2020,-0.17456023355238337,0.012178640152852083,-0.0690121565469134,0.023004017769158835,0.14208389422458967,0.18673887370523545,0.09201617431607223,0.21109605077150306,352.0
884,3319.HK,Hang Seng Stock Connect Greater Bay Area Composite Index,Inclusion,2020,-0.17456023355238337,0.012178640152852083,-0.0690121565469134,0.023004017769158835,0.14208389422458967,0.18673887370523545,0.09201617431607223,0.21109605077150306,352.0
709,000538.SZ,Hang Seng China A Industry Top Index,Inclusion,2019,-0.023653137932343693,-0.0013140905100629263,0.007621514423169717,0.09960574477562179,0.13324568987085006,0.022339047422280767,0.09198423035245207,0.12562417544768034,354.0
39,3996.HK,Hang Seng Composite LargeCap & MidCap Index,Inclusion,2016,0.04166662527455389,-0.041666724615624595,0.00833332505491069,0.10000000000000009,-0.016666749450892193,-0.08333334989017849,0.0916666749450894,-0.025000074505802883,355.0
1582,600547.SS,Hang Seng (China A) Corporate Sustainability Index,Removal,2024,0.12894427176099388,-0.00506424465836508,-0.03778727348934752,0.05375921919225157,-0.038176842201934846,-0.13400851641935896,0.09154649268159909,-0.0003895687125873293,356.0
1073,9999.HK,Hang Seng China Enterprises Index,Inclusion,2020,0.026850485241662003,-0.013062431145823172,0.007982516838649145,0.09941942412799842,0.2097241890889474,-0.039912916387485176,0.09143690728934928,0.20174167225029827,357.0
539,0921.HK,Hang Seng Stock Connect China AH Index Series,Exclusion,2019,-0.14498144855326012,0.013011095415467855,0.03159852652003359,0.12267654895406932,-0.09200741171555193,0.15799254396872797,0.09107802243403573,-0.12360593823558552,358.0
1617,1921.HK,Hang Seng Composite Index,Inclusion,2024,0.08791206703858645,-0.002747250048093064,-0.030219816028631663,0.06043950105804785,1.1208790021160957,-0.09065931708667951,0.09065931708667951,1.1510988181447273,359.0
1792,3939.HK,Hang Seng Composite Index,Inclusion,2025,0.09843751641456011,0.03124996973201677,0.07812499883584678,0.16874998556450027,1.343749965075404,-0.06718754668254334,0.09062498672865349,1.2656249662395571,360.0
1416,2688.HK,Hang Seng Index,Inclusion,2021,-0.1217686659624787,0.018367326178518217,-0.06462585034013602,0.025850360896311653,-0.2768707275390625,0.14013599214099692,0.09047621123644767,-0.21224487719892648,361.0
21,0607.HK,Hang Seng Composite LargeCap & MidCap Index,Inclusion,2016,-0.085427135678392,0.015075376884422065,-0.005025125628140725,0.085427135678392,0.4522613065326633,0.10050251256281406,0.09045226130653272,0.457286432160804,362.0
1590,002493.SZ,Hang Seng China A Industry Top Index,Removal,2024,0.07259951853964086,0.009367672606955812,-0.010538659600691891,0.07962532883059081,0.12646369186537032,-0.06323184593268505,0.0901639884312827,0.1370023514660622,363.0
1,002594.SZ,Hang Seng China 50 Index,Exclusion,2016,-0.02321491920261065,0.004682008953897032,0.040382396994798286,0.12817014860129117,0.19508392966817278,0.027896928156507683,0.08778775160649288,0.1547015326733745,364.0
1401,1052.HK,Hang Seng Stock Connect Greater Bay Area Composite Index,Removal,2021,-0.1125541112137034,0.0,0.012987000923330161,0.09956711029037324,0.04978355514518662,0.1125541112137034,0.08658010936704308,0.03679655422185646,365.0
1581,600104.SS,Hang Seng (China A) Corporate Sustainability Index,Removal,2024,0.1286644916989561,-0.01058632876773391,-0.011400602010808392,0.07491857461721207,0.4633550247648568,-0.13925082046669002,0.08631917662802047,0.4747556267756652,366.0
1715,1415.HK,Hang Seng Stock Connect Greater Bay Area Composite Index,Inclusion,2024,-0.030232540396756935,0.023255813953488413,-0.027906994486963987,0.058139534883721034,0.2790697674418605,0.05348835435024535,0.08604652937068502,0.3069767619288245,367.0
1853,1378.HK,Hang Seng China Enterprises Index,Inclusion,2025,-0.04208660085956184,-0.021932473078063675,-0.03378788226537832,0.052163551688749754,0.11736807609585775,0.020154127781498166,0.08595143395412808,0.15115595836123608,368.0
1866,1378.HK,Hang Seng HKEX Stock Connect China Enterprises Index,Inclusion,2025,-0.04208660085956184,-0.021932473078063675,-0.03378788226537832,0.052163551688749754,0.11736807609585775,0.020154127781498166,0.08595143395412808,0.15115595836123608,368.0
974,1817.HK,Hang Seng Composite Index,Inclusion,2020,-0.0072727203369140625,0.0036363601684570312,-0.03454546494917432,0.050909129056063485,-0.15818179737437854,0.010909080505371094,0.0854545940052378,-0.12363633242520422,370.0
327,1638.HK,Hang Seng Composite LargeCap & MidCap Index,Inclusion,2018,0.21167893938744942,0.026764012070619847,-0.036496282339666175,0.04866188900671631,0.04622891104970228,-0.18491492731682957,0.08515817134638248,0.08272519338936846,371.0
1461,0412.HK,Hang Seng Composite Index,Inclusion,2024,0.07142864375632807,-0.003861000306814355,0.013513547100604484,0.09845564590402844,0.13513519484551906,-0.07528964406314242,0.08494209880342396,0.12162164774491457,372.0
414,2727.HK,Hang Seng Composite LargeCap & MidCap Index,Exclusion,2018,0.04032254188043427,-0.024193525128260562,-0.008064508376086854,0.07661292570934819,0.10483870502565207,-0.06451606700869483,0.08467743408543504,0.11290321340173892,373.0
1295,601111.SS,Hang Seng China A Top 100 Index,Removal,2021,-0.16534391659537762,-0.022486782748763146,-0.002645500142578139,0.08201063056731828,0.13492063341888016,0.14285713384661447,0.08465613070989642,0.1375661335614583,374.0
432,6823.HK,Hang Seng Composite LargeCap & MidCap Index,Inclusion,2018,0.01807231972754786,0.006024138492660258,-0.002008078081031095,0.08232928631361514,0.13253008933419652,-0.0120481812348876,0.08433736439464623,0.13453816741522762,375.0
13,0829.HK,Hang Seng Composite LargeCap & MidCap Index,Exclusion,2016,-0.048192726093168936,-0.012048181523292234,-0.048192726093168936,0.036144616382703276,-0.15662650342845208,0.0361445445698767,0.08433734247587221,-0.10843377733528314,376.0
1480,6683.HK,Hang Seng Composite Index,Inclusion,2024,-0.02944640833212575,-0.003533537547697807,-0.003533537547697807,0.08009426660870478,0.3427561750132828,0.025912870784427944,0.08362780415640259,0.3462897125609806,377.0
1037,1316.HK,Hang Seng ESG 50 Index,Removal,2020,-0.07750469761222667,0.04158795247925573,-0.030245718065386007,0.05293009675377558,0.5614367274945029,0.1190926500914824,0.08317581481916159,0.5916824455598889,378.0
169,002352.SZ,Hang Seng China A Top 100 Index,Inclusion,2017,-0.0378101263312377,0.0007877297457450361,0.00019696999745777433,0.08270974525213659,0.01752657367158683,0.03859785607698274,0.08251277525467882,0.017329603674129057,379.0
157,002352.SZ,Hang Seng China A Industry Top Index,Inclusion,2017,-0.0378101263312377,0.0007877297457450361,0.00019696999745777433,0.08270974525213659,0.01752657367158683,0.03859785607698274,0.08251277525467882,0.017329603674129057,379.0
1123,1209.HK,Hang Seng Composite Index,Inclusion,2021,0.16911768762023183,0.00490197957547478,0.040441214625811295,0.12254902189944805,0.07598044967614803,-0.16421570804475705,0.08210780727363676,0.03553923505033674,381.0
1192,1209.HK,Hang Seng Stock Connect Greater Bay Area Composite Index,Inclusion,2021,0.16911768762023183,0.00490197957547478,0.040441214625811295,0.12254902189944805,0.07598044967614803,-0.16421570804475705,0.08210780727363676,0.03553923505033674,381.0
1596,1519.HK,Hang Seng China Enterprises Index,Inclusion,2024,-0.03470035674037131,-0.007886465225786177,-0.0741325324474893,0.007886390014879785,-0.06940063826983622,0.02681389151458513,0.08201892246236908,0.004731894177653073,383.0
1707,1519.HK,Hang Seng Stock Connect China Enterprises Index,Inclusion,2024,-0.03470035674037131,-0.007886465225786177,-0.0741325324474893,0.007886390014879785,-0.06940063826983622,0.02681389151458513,0.08201892246236908,0.004731894177653073,383.0
1537,601899.SS,Hang Seng Stock Connect China Enterprises Index,Removal,2024,0.02702700090373522,-0.00957207624454226,-0.04279280512879169,0.03885138092146634,-0.12105858921714396,-0.03659907714827748,0.08164418605025803,-0.07826578408835227,385.0
1177,1666.HK,Hang Seng Composite Index,Removal,2021,-0.009689867320980872,-0.02131776355234083,0.03294575219400553,0.11434111822382964,0.354651158492544,-0.011627896231359958,0.08139536602982411,0.3217054062985385,386.0
57,000157.SZ,Hang Seng China A Top 100 Index,Exclusion,2016,-0.00477326507240694,0.0,0.014319795217220932,0.09546541525175578,0.08830546074133716,0.00477326507240694,0.08114562003453485,0.07398566552411623,387.0
1665,9886.HK,Hang Seng Composite Index,Removal,2024,0.8225806234530433,0.032258033504347416,-0.0483871463930442,0.032258033504347416,0.032258033504347416,-0.7903225899486959,0.08064517989739162,0.08064517989739162,388.0
469,0345.HK,Hang Seng Corporate Sustainability Benchmark Index,Inclusion,2018,0.09202453700576063,0.028629809151247798,-0.020449897112391313,0.05930465481983482,0.28016352803162725,-0.06339472785451283,0.07975455193222614,0.30061342514401856,389.0
1184,9668.HK,Hang Seng Composite Index,Removal,2021,0.2795030586808094,-0.0372671189165964,-0.034161531843799664,0.043478219019153386,-0.015527935363983336,-0.3167701775974058,0.07763975086295305,0.018633596479816328,390.0
1074,0151.HK,Hang Seng China Enterprises Index,Removal,2020,-0.059566773642300896,-0.023465724789903275,-0.0036101048852397177,0.07400719318325999,0.04873645898658152,0.03610104885239762,0.07761729806849971,0.05234656387182124,391.0
358,601800.SS,Hang Seng (China A) Corporate Sustainability Benchmark Index,Inclusion,2018,0.16027282078499505,-0.01619774832037868,-0.007672566276708981,0.06990628137247157,0.003410137859197082,-0.17647056910537373,0.07757884764918055,0.011082704135906063,392.0
1519,0780.HK,Hang Seng TECH Index,Inclusion,2024,-0.18896832603075975,0.009193069758792527,0.0,0.07507657400829326,-0.08784470480370332,0.19816139578955227,0.07507657400829326,-0.08784470480370332,393.0
345,601088.SS,Hang Seng (China A) Corporate Sustainability Benchmark Index,Exclusion,2018,-0.04076223267836587,-0.046056059290373375,-0.01641077162301341,0.05823189078939395,0.010058260465679814,-0.005293826612007502,0.07464266241240736,0.026469032088693223,394.0
262,0069.HK,Hang Seng Corporate Sustainability Index,Exclusion,2017,-0.056296313250506325,-0.029629601372612835,-0.0014815153899015998,0.07259255868417247,0.28740734524197054,0.02666671187789349,0.07407407407407407,0.28888886063187214,395.0
532,2869.HK,Hang Seng Composite LargeCap & MidCap Index,Inclusion,2019,0.10930579764256487,0.03249627633847374,0.007385552566577802,0.08124079649695837,-0.06942389830366413,-0.07680952130409113,0.07385524393038057,-0.07680945087024194,396.0
11,600685.SS,Hang Seng China AH Index Series,Inclusion,2016,-0.004676497762990728,0.0007794410710291189,0.037022633226370116,0.11067810481200424,-0.008963349322058667,0.005455938834019847,0.07365547158563412,-0.04598598254842878,397.0
1239,601088.SS,Hang Seng (China A) Corporate Sustainability Index,Inclusion,2021,-0.12268397295098743,0.007010580961985591,0.04006014881904352,0.11367053258963611,0.10565852192796754,0.12969455391297302,0.07361038377059259,0.06559837310892402,398.0
984,6185.HK,Hang Seng Composite Index,Inclusion,2020,0.4226682921090801,0.009445136724699932,-0.04604479382528848,0.02715470052688773,0.029515939670312852,-0.41322315538438015,0.07319949435217621,0.07556073349560133,399.0
556,601866.SS,Hang Seng Stock Connect China AH Index Series,Exclusion,2019,-0.2126246202431632,0.07973422269008235,0.05647843084138393,0.1295681415746952,-0.08970099062523884,0.29235884293324554,0.07308971073331127,-0.14617942146662277,400.0
1294,600886.SS,Hang Seng China A Top 100 Index,Removal,2021,-0.11646584768767976,-0.040160604116291965,-0.010040198904289532,0.062248984255468987,0.05522090247272615,0.07630524357138779,0.07228918315975852,0.06526110137701568,401.0
326,1628.HK,Hang Seng Composite LargeCap & MidCap Index,Inclusion,2018,0.16064260185896218,0.004016065046474004,-0.00803213009294812,0.06425704074358474,0.08634534935618232,-0.15662653681248817,0.07228917083653286,0.09437747944913044,402.0
573,1776.HK,Hang Seng China Enterprises Index,Exclusion,2019,0.09828567504882812,0.014857155936104816,-0.024000004359653992,0.048000008719307985,0.013714272635323654,-0.08342851911272331,0.07200001307896198,0.03771427699497765,403.0
1228,9626.HK,Hang Seng TECH Index,Inclusion,2021,-0.007883565797452974,0.03335354760460896,0.009702850212249814,0.08126137052759241,-0.2722862340812614,0.04123711340206193,0.0715585203153426,-0.2819890842935112,404.0
1000,0451.HK,Hang Seng Composite Index,Removal,2020,-0.014285700905079524,-0.014285700905079524,0.007142850452539706,0.07857144012743134,0.17142858115994208,0.0,0.07142858967489163,0.16428573070740238,405.0
980,3813.HK,Hang Seng Composite Index,Inclusion,2020,-0.14795922215210233,-0.010204071702683226,-0.051020419334481315,0.020408143405366452,0.0,0.1377551504494191,0.07142856273984777,0.051020419334481315,406.0
694,601808.SS,Hang Seng (China A) Corporate Sustainability Index,Inclusion,2019,-0.239624143298784,0.012529353302789925,-0.003915441577330925,0.06656220809128022,0.29130768833237397,0.25215349660157393,0.07047764966861114,0.2952231299097049,407.0
1649,1563.HK,Hang Seng Composite Index,Removal,2024,0.21126766238887207,0.014084577986089863,-0.014084494035883521,0.05633806009374043,-0.38873239637627255,-0.1971830844027822,0.07042255412962395,-0.374647902340389,408.0
580,2688.HK,Hang Seng China Enterprises Index,Inclusion,2019,-0.07152490595818661,0.005398131364585668,0.003373819232767028,0.07354932105079715,0.0715250089189785,0.07692303732277228,0.07017550181803012,0.06815118968621148,409.0
937,603259.SS,Hang Seng China A Industry Top Index,Inclusion,2020,0.06348601693403633,0.027656286571714706,-0.045238553080485855,0.024520070339507427,0.05521764439219923,-0.03582973036232162,0.06975862341999328,0.10045619747268508,410.0
89,1958.HK,Hang Seng Composite LargeCap & MidCap Index,Inclusion,2016,-0.052631592156154094,0.005263152941442195,0.0013158196062266203,0.07105269019293403,-0.011842062747378868,0.05789474509759629,0.06973687058670741,-0.013157882353605488,411.0
1343,1109.HK,Hang Seng Corporate Sustainability Index,Inclusion,2021,-0.14191416981295268,-0.018151790459051576,-0.01650165058052011,0.052805294447424656,0.10231030913778638,0.12376237935390111,0.06930694502794477,0.11881195971830649,412.0
412,1680.HK,Hang Seng Composite LargeCap & MidCap Index,Exclusion,2018,0.015384600712702756,-0.015384600712702867,-0.0076923370361328125,0.061538476210374116,0.0538461391742413,-0.030769201425405623,0.06923081324650693,0.061538476210374116,413.0
1555,0759.HK,Hang Seng (China A) Corporate Sustainability Benchmark Index,Inclusion,2024,0.0874999930150806,0.0,-0.006250012805685712,0.06250003492459744,-0.08749999301508049,-0.0874999930150806,0.06875004773028315,-0.08124998020939478,414.0
1532,2899.HK,Hang Seng Stock Connect China Enterprises Index,Inclusion,2024,0.0034285409109933163,-0.026285661969866037,-0.04914289202008926,0.019428580147879515,-0.1268571581159319,-0.029714202880859353,0.06857147216796877,-0.07771426609584264,415.0
1521,2899.HK,Hang Seng China Enterprises Index,Inclusion,2024,0.0034285409109933163,-0.026285661969866037,-0.04914289202008926,0.019428580147879515,-0.1268571581159319,-0.029714202880859353,0.06857147216796877,-0.07771426609584264,415.0
986,6889.HK,Hang Seng Composite Index,Inclusion,2020,-0.07622735054234997,0.02067187712928753,0.010335969368078679,0.07881145069639173,0.06847554293518288,0.0968992276716375,0.06847548132831305,0.0581395735671042,417.0
647,601166.SS,Hang Seng (China A) Corporate Sustainability Benchmark Index,Inclusion,2019,0.03505849149627105,-0.006677737143572782,-0.010016605715359228,0.05787428799479488,0.05230943628133877,-0.04173622863984383,0.06789089371015411,0.062326041996698,418.0
684,002916.SZ,Hang Seng (China A) Corporate Sustainability Index,Inclusion,2019,-0.18201138709138454,-0.006586465789802043,0.06990079441370312,0.13760616579028384,0.040226542089234485,0.1754249213015825,0.06770537137658073,-0.02967425232446863,419.0
606,002916.SZ,Hang Seng (China A) Corporate Sustainability Benchmark Index,Inclusion,2019,-0.18201138709138454,-0.006586465789802043,0.06990079441370312,0.13760616579028384,0.040226542089234485,0.1754249213015825,0.06770537137658073,-0.02967425232446863,419.0
1126,1755.HK,Hang Seng Composite Index,Inclusion,2021,-0.1790393209505593,-0.10480347853753835,0.037117921206510474,0.10480347853753824,-0.05458515374771111,0.07423584241302095,0.06768555733102777,-0.09170307495422159,421.0
1211,1478.HK,Hang Seng TECH Index,Removal,2021,0.18539321854505464,-0.0014044595794108217,0.002808986130333757,0.07022472022985693,-0.1376404543293801,-0.18679767812446546,0.06741573409952317,-0.14044944045971386,422.0
241,3898.HK,Hang Seng Corporate Sustainability Benchmark Index,Exclusion,2017,-0.07064549975834056,-0.002436016467226021,-0.001218008233612955,0.06577346682388852,0.11571254782659368,0.06820948329111454,0.06699147505750147,0.11693055606020664,423.0
1858,9901.HK,Hang Seng China Enterprises Index,Removal,2025,0.01111108858740284,-0.02705320544208012,0.006763255289298664,0.07342987895615871,0.0019323191644671223,-0.03816429402948296,0.06666662366686005,-0.004830936124831542,424.0
155,002027.SZ,Hang Seng China A Industry Top Index,Inclusion,2017,-0.10105266378725264,-0.013684183516988968,-0.008420985044859663,0.05789482180102068,0.3621053083002439,0.08736848027026367,0.06631580684588034,0.37052629334510356,425.0
576,0291.HK,Hang Seng China Enterprises Index,Inclusion,2019,0.047345813432507544,0.004304204661308431,-0.014347202923732927,0.051650018093815975,0.21807755011702423,-0.043041608771199114,0.0659972210175489,0.23242475304075716,426.0
265,0916.HK,Hang Seng China Enterprises Index,Exclusion,2017,0.0753295856267091,-0.009416142078437106,-0.016949181460966245,0.04896426208730564,-0.020715656252309533,-0.08474572770514621,0.06591344354827189,-0.0037664747913432883,427.0
579,2020.HK,Hang Seng China Enterprises Index,Inclusion,2019,0.01857276480747605,0.004887585386943005,-0.030303089061954447,0.03519059987026307,0.23264901967130802,-0.013685179420533045,0.06549368893221752,0.26295210873326247,428.0
226,2269.HK,Hang Seng Composite LargeCap & MidCap Index,Inclusion,2017,-0.12334212433930858,0.023872696155391893,-0.0185675851082302,0.04641915249359796,0.21883290896087648,0.14721482049470047,0.06498673760182816,0.23740049406910668,429.0
1487,6610.HK,Hang Seng Composite Index,Removal,2024,0.6410256253505211,-0.08974362422885351,-0.3076923123948436,-0.24358974985979154,-0.16666668704432253,-0.7307692495793746,0.06410256253505209,0.1410256253505211,430.0
399,601727.SS,Hang Seng China A Top 100 Index,Inclusion,2018,0.06573703684459953,-0.005976137434728135,-0.009960197395386228,0.05378485696262514,-0.005976137434728135,-0.07171317427932766,0.06374505435801137,0.003984059960658093,431.0
1439,9863.HK,Hang Seng Composite Index,Inclusion,2022,-0.1578947368421053,-0.0715789794921875,0.1410526476408307,0.20421054237767278,0.26315789473684204,0.08631575734991781,0.06315789473684208,0.12210524709601134,432.0
952,603288.SS,Hang Seng China A Top 100 Index,Inclusion,2020,-0.10714912286846634,0.0832015974253395,-0.05334039453367201,0.009075494910596227,0.06551901924036985,0.19035072029380584,0.062415889444268235,0.11885941377404186,433.0
1527,0314.HK,Hang Seng Hong Kong-Listed Biotech Index,Removal,2024,0.041594497183479184,-0.005199343138218238,0.017331006059468024,0.07972271051430901,0.02253034919768626,-0.04679384032169742,0.06239170445484099,0.005199343138218238,434.0
1277,600795.SS,Hang Seng China A Industry Top Index,Removal,2021,-0.14545458013361146,-0.02545452117919922,0.0072727203369140625,0.06909092989834864,0.02545452117919922,0.12000005895441224,0.06181820956143458,0.018181800842285156,435.0
1272,002304.SZ,Hang Seng China A Industry Top Index,Removal,2021,0.022606988583798726,0.01707549430511035,0.03330924147528047,0.09487733335975546,0.03535347141105638,-0.005531494278688376,0.061568091884474985,0.0020442299357759097,436.0
426,1913.HK,Hang Seng Composite LargeCap & MidCap Index,Inclusion,2018,0.18740159883273866,-0.0062992366280142376,-0.009448794868048727,0.05196855199618611,-0.14015750434454965,-0.1937008354607529,0.061417346864234834,-0.13070870947650093,437.0
141,3320.HK,Hang Seng Composite LargeCap & MidCap Index,Inclusion,2017,0.012971770788864134,0.001179272337460402,0.009434066238082961,0.07075476578522255,0.07783028734838493,-0.011792498451403732,0.06132069954713959,0.06839622111030197,438.0
1284,300760.SZ,Hang Seng China A Top 100 Index,Inclusion,2021,0.15957117644337915,-0.01974640188368637,0.07684172932199185,0.13795290083759326,0.054076003878091194,-0.17931757832706552,0.061111171515601415,-0.022765725443900653,439.0
296,0270.HK,Hang Seng China Enterprises Index,Inclusion,2018,-0.016891875564834513,0.0050675223960423565,-0.018581103394726073,0.0422297291854945,0.1722972918549448,0.02195939796087687,0.060810832580220575,0.19087839524967087,440.0
447,1308.HK,Hang Seng Corporate Sustainability Benchmark Index,Exclusion,2018,0.3400335479313614,-0.06532661309743126,-0.013400322699757883,0.04690120932137609,0.21775548348773577,-0.4053601610287927,0.060301532021133974,0.23115580618749365,441.0
1186,0960.HK,Hang Seng Index,Inclusion,2021,-0.1525940949574749,0.004069113774836541,-0.021363235384742718,0.03865712415453815,-0.05696852420815346,0.15666320873231143,0.060020359539280865,-0.03560528882341074,442.0
10,0317.HK,Hang Seng China AH Index Series,Inclusion,2016,-0.2089552545673763,-0.02321730322579929,0.009950238920712673,0.06965167244498915,0.009950238920712673,0.185737951341577,0.05970143352427648,0.0,443.0
1176,1618.HK,Hang Seng Composite Index,Removal,2021,-0.16216219873477056,0.04324320144597649,0.04324320144597649,0.10270266787164695,0.010810800361494177,0.20540540018074704,0.05945946642567046,-0.03243240108448231,444.0
996,9996.HK,Hang Seng Composite Index,Inclusion,2020,0.11619044712611615,0.030476161411830294,0.013333347865513323,0.07238093784877231,-0.08761901855468746,-0.08571428571428585,0.059047589983258986,-0.10095236642020078,445.0
973,1801.HK,Hang Seng Composite Index,Inclusion,2020,-0.0337837842813703,-0.0028957087527199388,0.11003862638788142,0.1689189214068516,0.040540585323327605,0.03088807552865036,0.058880295018970186,-0.06949804106455382,446.0
1154,9993.HK,Hang Seng Composite Index,Inclusion,2021,0.046728925107714536,0.009345785021542818,0.01168217557165585,0.0700933876615717,0.04906531565782757,-0.03738314008617172,0.05841121208991584,0.03738314008617172,447.0
423,1728.HK,Hang Seng Composite LargeCap & MidCap Index,Inclusion,2018,0.07638886819283242,0.01157400738678116,0.009259250061012025,0.06712961813182061,0.05555550036607193,-0.06481486080605126,0.05787036807080859,0.046296250305059905,448.0
530,2005.HK,Hang Seng Composite LargeCap & MidCap Index,Inclusion,2019,0.07090103699051942,0.044313174531768196,0.01920238032602284,0.07680945087024194,-0.06203841617093564,-0.02658786245875122,0.0576070705442191,-0.08124079649695848,449.0
589,000066.SZ,Hang Seng (China A) Corporate Sustainability Benchmark Index,Inclusion,2019,-0.3349320909190844,0.0031974389385445168,0.05835327968667636,0.11590725681343494,0.30615506423922634,0.3381295298576289,0.05755397712675858,0.24780178455254998,450.0
1613,1709.HK,Hang Seng Composite Index,Inclusion,2024,0.05365867720271367,-0.004877856661313018,0.004878093916920401,0.06229288326893623,0.007561217581542046,-0.058536533864026685,0.05741478935201583,0.002683123664621645,451.0
392,600027.SS,Hang Seng China A Top 100 Index,Exclusion,2018,0.0710382470945341,-0.005464475534834423,0.010928951069668846,0.06830600932711706,0.3032786527500573,-0.07650272262936852,0.05737705825744821,0.29234970168038843,452.0
381,600027.SS,Hang Seng China A Industry Top Index,Exclusion,2018,0.0710382470945341,-0.005464475534834423,0.010928951069668846,0.06830600932711706,0.3032786527500573,-0.07650272262936852,0.05737705825744821,0.29234970168038843,452.0
351,600027.SS,Hang Seng (China A) Corporate Sustainability Benchmark Index,Inclusion,2018,0.0710382470945341,-0.005464475534834423,0.010928951069668846,0.06830600932711706,0.3032786527500573,-0.07650272262936852,0.05737705825744821,0.29234970168038843,452.0
1209,6690.HK,Hang Seng TECH Index,Inclusion,2021,0.10371524358968465,-0.021671791706659005,-0.04489160649660673,0.012383948462139527,-0.04489160649660673,-0.12538703529634365,0.057275554958746255,0.0,455.0
1144,6690.HK,Hang Seng Composite Index,Inclusion,2021,0.10371524358968465,-0.021671791706659005,-0.04489160649660673,0.012383948462139527,-0.04489160649660673,-0.12538703529634365,0.057275554958746255,0.0,455.0
913,002415.SZ,Hang Seng (China A) Corporate Sustainability Index,Removal,2020,0.023803165260326997,0.018778076135543387,-0.0349113897614578,0.02195181132534252,0.18487166384255316,-0.0050250891247836105,0.05686320108680032,0.21978305360401096,457.0
840,1691.HK,Hang Seng Composite Index,Inclusion,2020,-0.13455615781027253,0.029052090621891402,-0.06727810551380597,-0.01070339060441483,0.23700405963151883,0.16360824843216393,0.056574714909391144,0.3042821651453248,458.0
577,0960.HK,Hang Seng China Enterprises Index,Inclusion,2019,-0.07321127825113449,0.011647267565919606,-0.028286139624016826,0.028286203096518747,-0.054908474556476405,0.0848585458170541,0.05657234272053557,-0.02662233493245958,459.0
1051,2039.HK,Hang Seng Stock Connect Greater Bay Area Composite Index,Inclusion,2020,-0.09477521717747195,0.0024302184537212668,-0.013365723499490278,0.04252738895219199,0.499392554022019,0.09720543563119322,0.05589311245168227,0.5127582775215093,460.0
1789,2778.HK,Hang Seng Composite Index,Inclusion,2025,-0.07262569720786527,0.06145252326778916,-0.02234634788015244,0.0335195884175985,0.12849163350561632,0.13407822047565443,0.05586593629775094,0.15083798138576876,461.0
619,600183.SS,Hang Seng (China A) Corporate Sustainability Benchmark Index,Inclusion,2019,-0.21932213260746591,0.02454223447191972,0.03272302883098255,0.08843009158617021,-0.08687181673582134,0.24386436707938564,0.055707062755187664,-0.11959484556680389,462.0
931,600188.SS,Hang Seng China A Industry Top Index,Inclusion,2020,-0.01414589973187641,0.015233975818282897,0.0010880760864067085,0.0565832953913088,0.20239388880457332,0.029379875550159307,0.05549521930490209,0.2013058127181666,463.0
146,000858.SZ,Hang Seng China 50 Index,Inclusion,2017,-0.02540540265607405,-0.00018014993753523445,-0.02324325973923147,0.0320720500774212,0.1765766315632038,0.025225252718538815,0.05531530981665267,0.19981989130243527,464.0
1020,3983.HK,Hang Seng Composite Index,Removal,2020,0.06422012027451385,0.027522908689077363,0.0,0.05504581737815473,0.2752293056234083,-0.036697211585436484,0.05504581737815473,0.2752293056234083,465.0
1530,0285.HK,Hang Seng Index,Inclusion,2024,-0.09985933370596833,0.05625879164337699,-0.022503495196324885,0.03234884811699357,-0.23206751552893,0.15611812534934533,0.05485234331331845,-0.20956402033260513,466.0
987,9909.HK,Hang Seng Composite Index,Inclusion,2020,-0.09494951036241317,0.002020171194365483,0.02020202020202011,0.07474749016039306,-0.11919195001775573,0.09696968155677865,0.05454546995837295,-0.13939397021977584,467.0
1329,1817.HK,Hang Seng Composite Index,Removal,2021,0.24868652658621837,-0.021015741638773178,-0.04553419039314266,0.008756600770722489,0.03327496601595792,-0.26970226822499155,0.05429079116386515,0.07880915640910058,468.0
1264,600905.SS,Hang Seng China A Industry Top Index,Inclusion,2021,-0.08615383735069859,-0.07999999706561745,-0.01846152085524344,0.03538461831899786,0.029230778033916716,0.006153840285081147,0.0538461391742413,0.047692298889160156,469.0
714,600276.SS,Hang Seng China A Industry Top Index,Inclusion,2019,-0.1651479266407837,-0.020346992988004353,-0.010735224135637433,0.043065831572220326,0.043814756047554804,0.14480093365277935,0.05380105570785776,0.05454998018319224,470.0
301,1044.HK,Hang Seng China Enterprises Index,Inclusion,2018,-0.020887708955524942,0.006527415273629877,-0.026109661094519288,0.027415124229154708,-0.02284595345770446,0.02741512422915482,0.053524785323673996,0.0032637076368148277,471.0
58,600031.SS,Hang Seng China A Top 100 Index,Exclusion,2016,0.005692639452927528,-0.007590125616280363,0.007590125616280252,0.06072109541167747,0.18785583520652516,-0.013282765069207891,0.05313096979539722,0.1802657095902449,472.0
140,1458.HK,Hang Seng Composite LargeCap & MidCap Index,Inclusion,2017,0.02339179003549785,0.0014619520207019843,0.09941517736389915,0.15204677465680283,0.1973683329940632,-0.021929838014795866,0.052631597292903676,0.09795315563016405,473.0
817,0390.HK,Hang Seng China Enterprises Index,Exclusion,2019,0.08333335947572174,-0.019736875815185018,0.002193032677044293,0.05482456209146647,0.004385960784535126,-0.10307023529090675,0.052631529414422173,0.0021929281074908324,474.0
899,0813.HK,Hang Seng China Enterprises Index,Inclusion,2020,-0.11789772556537426,-0.021306891597998256,-0.048295416983688,0.004261334611362244,-0.028409152373799818,0.096590833967376,0.052556751595050244,0.019886264609888182,475.0
923,9988.HK,Hang Seng China 50 Index,Inclusion,2020,-0.0905109600429117,0.03722632192347164,-0.030656912030964878,0.021897810218978186,-0.060583963881443936,0.12773728196638334,0.052554722249943064,-0.02992705185047906,476.0
962,9988.HK,Hang Seng China Enterprises Index,Inclusion,2020,-0.0905109600429117,0.03722632192347164,-0.030656912030964878,0.021897810218978186,-0.060583963881443936,0.12773728196638334,0.052554722249943064,-0.02992705185047906,476.0
1043,9988.HK,Hang Seng Index,Inclusion,2020,-0.0905109600429117,0.03722632192347164,-0.030656912030964878,0.021897810218978186,-0.060583963881443936,0.12773728196638334,0.052554722249943064,-0.02992705185047906,476.0
1752,2228.HK,Hang Seng Hong Kong-Listed Biotech Index,Inclusion,2024,0.3353413794975535,-0.07831322590198586,-0.05823292384383982,-0.006024138492660258,0.3413654222397806,-0.41365460539953935,0.052208785351179565,0.39959834608362044,479.0
1138,2599.HK,Hang Seng Composite Index,Inclusion,2021,-0.07629866912888039,-0.07792208294861247,-0.029220752077492862,0.022727329024459175,-0.025974001846660322,-0.001623413819732078,0.05194808110195204,0.0032467502308325402,480.0
781,0586.HK,Hang Seng Corporate Sustainability Benchmark Index,Inclusion,2019,-0.05525847084926638,-0.03743313960948824,0.017825331239778253,0.06951875450577094,0.08734399242213908,0.01782533123977814,0.05169342326599269,0.06951866118236083,481.0
1193,1999.HK,Hang Seng Stock Connect Greater Bay Area Composite Index,Inclusion,2021,0.34418898098132233,0.020434208042288127,-0.03831414007929013,0.012771380026429968,0.23243929917725792,-0.3237547729390342,0.051085520105720095,0.27075343925654805,482.0
1865,002371.SZ,Hang Seng HKEX Stock Connect China Enterprises Index,Inclusion,2025,-0.08157602663706998,-0.0015760076694297798,0.027746947835738167,0.07873474188835328,0.025504972773307433,0.0800000189676402,0.05098779405261511,-0.0022419750624307344,483.0
406,0732.HK,Hang Seng Composite LargeCap & MidCap Index,Exclusion,2018,0.08474578668385702,-0.008474568565903118,-0.008474568565903118,0.04237294385434165,0.016949238156632296,-0.09322035524976013,0.05084751242024477,0.025423806722535414,484.0
1350,0293.HK,Hang Seng Corporate Sustainability Index,Removal,2021,-0.056316644250966164,-0.003044137047785833,-0.004566241860654796,0.0456620557167875,-0.060882813533668756,0.05327250720318033,0.050228297577442294,-0.05631657167301396,485.0
1194,300348.SZ,Hang Seng Stock Connect Greater Bay Area Composite Index,Inclusion,2021,-0.016413400926519217,0.014589651063048326,0.009726434042032217,0.05957443749450686,0.1787233124835208,0.031003051989567543,0.04984800345247464,0.16899687844148858,486.0
354,601336.SS,Hang Seng (China A) Corporate Sustainability Benchmark Index,Inclusion,2018,-0.0365042038668596,-0.01309857449750762,-0.03371268424119633,0.01610478859597997,-0.07902083593066411,0.023405629369351977,0.0498174728371763,-0.04530815168946778,487.0
1392,300888.SZ,Hang Seng Stock Connect Greater Bay Area Composite Index,Inclusion,2021,0.116595291995087,-0.008939849929947785,0.020146048817652806,0.06988159212644973,0.034751939253805375,-0.1255351419250348,0.049735543308796926,0.014605890436152569,488.0
1046,1088.HK,Hang Seng Index,Removal,2020,-0.04191612876745088,-0.013473005698132812,-0.020958064383725383,0.028443123069318066,0.12874253826564752,0.028443123069318066,0.04940118745304345,0.1497006026493729,489.0
1092,3690.HK,Hang Seng Index,Inclusion,2020,0.13236306611771687,-0.04435210686016322,-0.02148306332608818,0.027720027133785186,0.17810115318586694,-0.1767151729778801,0.049203090459873366,0.19958421651195513,490.0
270,0293.HK,Hang Seng Index,Exclusion,2017,0.11675134379048102,0.015228544875479422,-0.015228359633658317,0.033840994718940864,0.12013543400028426,-0.1015227989150016,0.04906935435259918,0.13536379363394258,491.0
1872,6862.HK,Hang Seng HKEX Stock Connect China Enterprises Index,Removal,2025,-0.04392382390173166,0.016105437004853895,-0.004392347482620962,0.04465597490230766,0.2393851020710791,0.06002926090658556,0.04904832238492862,0.24377744955370007,492.0
1857,6862.HK,Hang Seng China Enterprises Index,Removal,2025,-0.04392382390173166,0.016105437004853895,-0.004392347482620962,0.04465597490230766,0.2393851020710791,0.06002926090658556,0.04904832238492862,0.24377744955370007,492.0
398,601225.SS,Hang Seng China A Top 100 Index,Inclusion,2018,-0.07453420711223036,-0.09068323003441403,-0.009937937720211343,0.03850924951519574,-0.024844755448886202,-0.016149022922183676,0.048447187235407085,-0.01490681772867486,494.0
671,603595.SS,Hang Seng (China A) Corporate Sustainability Benchmark Index,Inclusion,2019,-0.1751797584053959,-0.008323920475326041,0.0851305325017111,0.13318200594475016,0.02194475660268802,0.16685583793006986,0.04805147344303906,-0.06318577589902308,495.0
228,2799.HK,Hang Seng Composite LargeCap & MidCap Index,Inclusion,2017,-0.02102100145542729,0.003003000207918216,0.0,0.04804807492386365,0.08708707762680001,0.024024001663345507,0.04804807492386365,0.08708707762680001,496.0
1608,1274.HK,Hang Seng Composite Index,Inclusion,2024,-0.22438157757281452,-0.06360421503839975,-0.03003528258078425,0.01766784499927554,-0.41201413999130576,0.16077736253441477,0.04770312758005979,-0.3819788574105215,497.0
83,0345.HK,Hang Seng Composite LargeCap & MidCap Index,Inclusion,2016,-0.04761906564010443,-0.011904782178450812,0.010582000570312333,0.05820106621041665,0.041005283746809784,0.03571428346165362,0.04761906564010432,0.03042328317649745,498.0
1116,0586.HK,Hang Seng China Enterprises Index,Removal,2021,0.0013986322239416538,-0.022377603022176173,-0.012587397123537625,0.03496507336869814,-0.04335657382041069,-0.023776235246117827,0.047552470492235765,-0.03076917669687307,499.0
446,1088.HK,Hang Seng Corporate Sustainability Benchmark Index,Exclusion,2018,0.0265896538790511,-0.008092450625577285,-0.031213816878206013,0.016185011502525493,0.016185011502525493,-0.034682104504628386,0.047398828380731506,0.047398828380731506,500.0
607,300124.SZ,Hang Seng (China A) Corporate Sustainability Benchmark Index,Inclusion,2019,-0.043001647440297996,-0.011804373807140611,0.030354164383748383,0.07757178022879851,0.1661046440905971,0.031197273633157385,0.04721761584505013,0.13575047970684873,501.0
1201,002611.SZ,Hang Seng Stock Connect Greater Bay Area Composite Index,Removal,2021,0.0570719620593827,-0.0024814462434759044,0.0,0.04714629540734849,0.1612902195261139,-0.0595534083028586,0.04714629540734849,0.1612902195261139,502.0
819,1177.HK,Hang Seng China Enterprises Index,Inclusion,2019,0.11111100634462834,-0.024482220843495273,-0.047081069591555336,0.0,0.16007531333185532,-0.1355932271881236,0.047081069591555336,0.20715638292341065,503.0
801,1157.HK,Hang Seng Stock Connect China AH Index Series,Inclusion,2019,-0.15675681666617125,-0.010810886045889423,-0.009009043066040445,0.03783784341080665,0.04684680056024493,0.14594593062028183,0.046846886476847094,0.05585584362628537,504.0
1099,1810.HK,Hang Seng China 50 Index,Inclusion,2021,0.20659344012920666,-0.03956042279253946,0.07032968709757048,0.11648349971561633,0.23736262059473723,-0.24615386292174612,0.04615381261804585,0.16703293349716675,505.0
108,601991.SS,Hang Seng China AH Index Series,Exclusion,2017,-0.1673913036717809,-0.013043466092057199,0.026086932184114398,0.07173911533644128,0.0760869373671269,0.1543478375797237,0.045652183152326886,0.05000000518301251,506.0
1148,6996.HK,Hang Seng Composite Index,Inclusion,2021,0.2051282529000027,-0.032966974105353875,-0.0256409733906221,0.01953611834970781,0.031746061319049224,-0.23809522700535657,0.04517709174032991,0.057387034709671325,507.0
609,300398.SZ,Hang Seng (China A) Corporate Sustainability Benchmark Index,Inclusion,2019,-0.07195297727391281,0.0036710859878843483,0.03817918224177186,0.08296623523756619,-0.041850198209514966,0.07562406326179716,0.04478705299579433,-0.08002938045128682,508.0
1696,2018.HK,Hang Seng ESG 50 Index,Inclusion,2024,-0.18282988427700697,0.007949125403348134,-0.0333863630822705,0.011128727047076348,0.17806036051738694,0.1907790096803551,0.044515090129346846,0.21144672359965744,509.0
1716,2018.HK,Hang Seng Stock Connect Greater Bay Area Composite Index,Inclusion,2024,-0.18282988427700697,0.007949125403348134,-0.0333863630822705,0.011128727047076348,0.17806036051738694,0.1907790096803551,0.044515090129346846,0.21144672359965744,509.0
303,1109.HK,Hang Seng China Enterprises Index,Inclusion,2018,0.13661201806095824,0.018214935741461158,-0.005464536310010759,0.038251337263282004,0.07468120874620432,-0.11839708231949708,0.04371587357329276,0.08014574505621508,511.0
1622,2356.HK,Hang Seng Composite Index,Inclusion,2024,-0.14804063870712214,0.008708264723108927,-0.011611019630811792,0.03193037319186831,0.055152412453491895,0.15674890343023107,0.0435413928226801,0.06676343208430369,512.0
216,2298.HK,Hang Seng Composite LargeCap & MidCap Index,Exclusion,2017,-0.010033435215412778,-0.016722392025687927,-0.016722392025687927,0.026755827241100816,0.0,-0.0066889568102751484,0.04347821926678874,0.016722392025687927,513.0
0,1211.HK,Hang Seng China 50 Index,Exclusion,2016,-0.22235575955934195,-0.028846128055680986,0.013221227993763351,0.056490420077284664,0.10456730017008642,0.19350963150366096,0.04326919208352131,0.09134607217632307,514.0
429,3669.HK,Hang Seng Composite LargeCap & MidCap Index,Inclusion,2018,0.1580698457713512,0.03161390568177236,0.0016638521903247216,0.04492511990748249,-0.13976707497466656,-0.12645594008957883,0.04326126771715777,-0.14143092716499128,515.0
484,3968.HK,Hang Seng Corporate Sustainability Index,Exclusion,2018,0.053540559454657854,0.006908423154408094,-0.012089822875506862,0.031088068905421817,0.16062167836397334,-0.04663213630024976,0.04317789178092868,0.1727115012394802,516.0
456,3968.HK,Hang Seng Corporate Sustainability Benchmark Index,Exclusion,2018,0.053540559454657854,0.006908423154408094,-0.012089822875506862,0.031088068905421817,0.16062167836397334,-0.04663213630024976,0.04317789178092868,0.1727115012394802,516.0
154,603993.SS,Hang Seng China A Industry Top Index,Exclusion,2017,-0.05652753824500434,0.013459001854659203,0.012113075998282374,0.05518174074318183,-0.04441452642399912,0.06998654009966354,0.043068664744899454,-0.0565276024222815,518.0
533,2888.HK,Hang Seng Composite LargeCap & MidCap Index,Inclusion,2019,0.007131549505884793,0.007131549505884793,-0.000792380955144556,0.0419968556253727,0.09746436885257892,0.0,0.042789236580517254,0.09825674980772348,519.0
260,601238.SS,Hang Seng Corporate Sustainability Benchmark Index,Inclusion,2017,0.02003922647893308,-0.0007858725919012155,0.012966582997641307,0.05461688606221915,-0.04675836998902616,-0.020825099070834296,0.04165030306457784,-0.05972495298666747,520.0
203,601238.SS,Hang Seng China AH Index Series,Inclusion,2017,0.02003922647893308,-0.0007858725919012155,0.012966582997641307,0.05461688606221915,-0.04675836998902616,-0.020825099070834296,0.04165030306457784,-0.05972495298666747,520.0
1289,600029.SS,Hang Seng China A Top 100 Index,Removal,2021,-0.1247920085586316,-0.023294565389526012,-0.003327863061894254,0.03826947312431628,0.07653902558925485,0.10149744316910558,0.04159733618621053,0.0798668886511491,522.0
789,0316.HK,Hang Seng Corporate Sustainability Index,Exclusion,2019,0.055714307512555905,0.0,-0.025714329310825845,0.015714263916015714,0.2900000435965402,-0.055714307512555905,0.04142859322684156,0.31571437290736604,523.0
771,0316.HK,Hang Seng Corporate Sustainability Benchmark Index,Exclusion,2019,0.055714307512555905,0.0,-0.025714329310825845,0.015714263916015714,0.2900000435965402,-0.055714307512555905,0.04142859322684156,0.31571437290736604,523.0
904,002371.SZ,Hang Seng (China A) Corporate Sustainability Index,Inclusion,2020,0.11569101150756178,-0.011013088993992226,-0.09045709225509024,-0.049077808113033194,-0.06014430898628986,-0.126704100501554,0.04137928414205705,0.03031278326880038,525.0
1110,2007.HK,Hang Seng China 50 Index,Removal,2021,0.002152901813325947,-0.00753495103462376,0.01399355381859313,0.05489776436770932,0.0301399067945034,-0.009687852847949707,0.04090421054911619,0.016146352975910272,526.0
1868,9987.HK,Hang Seng HKEX Stock Connect China Enterprises Index,Inclusion,2025,-0.062187739186382096,0.016657411984071224,0.004441908749902801,0.04497496152260516,0.1365907274349969,0.07884515117045332,0.04053305277270236,0.1321488186850941,527.0
1855,9987.HK,Hang Seng China Enterprises Index,Inclusion,2025,-0.062187739186382096,0.016657411984071224,0.004441908749902801,0.04497496152260516,0.1365907274349969,0.07884515117045332,0.04053305277270236,0.1321488186850941,527.0
322,1030.HK,Hang Seng Composite LargeCap & MidCap Index,Inclusion,2018,0.2358643012359789,0.024232648462169326,0.011308589824603255,0.05169631158373034,0.04523420523148136,-0.21163165277380958,0.04038772175912708,0.03392561540687811,529.0
471,0968.HK,Hang Seng Corporate Sustainability Benchmark Index,Inclusion,2018,0.026548647359614375,0.07522127301385462,-0.004424774559935729,0.03539819647948583,0.3274336339200856,0.04867262565424024,0.03982297103942156,0.33185840848002135,530.0
1470,1963.HK,Hang Seng Composite Index,Inclusion,2024,-0.0489510582783933,-0.013986000772276186,-0.004662000257425358,0.034965057506117114,0.22144517895398597,0.034965057506117114,0.03962705776354247,0.22610717921141132,531.0
1432,6690.HK,Hang Seng China Enterprises Index,Inclusion,2022,-0.13043475638633872,0.0019763298781423355,0.051383445992554844,0.0909091388840848,0.08300397015006844,0.13241108626448106,0.03952569289152996,0.031620524157513596,532.0
1446,6690.HK,Hang Seng Stock Connect China Enterprises Index,Inclusion,2022,-0.13043475638633872,0.0019763298781423355,0.051383445992554844,0.0909091388840848,0.08300397015006844,0.13241108626448106,0.03952569289152996,0.031620524157513596,532.0
1442,6690.HK,Hang Seng Index,Inclusion,2022,-0.13043475638633872,0.0019763298781423355,0.051383445992554844,0.0909091388840848,0.08300397015006844,0.13241108626448106,0.03952569289152996,0.031620524157513596,532.0
898,0762.HK,Hang Seng China Enterprises Index,Inclusion,2020,0.07792210875148964,-0.03679655422185646,-0.00432900030777672,0.034632105673722435,0.21428577326371934,-0.1147186629733461,0.038961105981499156,0.21861477357149606,535.0
575,2333.HK,Hang Seng China Enterprises Index,Exclusion,2019,0.0816696534614223,0.009074357862205007,-0.012704204855465528,0.0254083231706157,-0.023593486214300796,-0.07259529559921729,0.03811252802608123,-0.010889281358835268,536.0
678,601398.SS,Hang Seng (China A) Corporate Sustainability Index,Exclusion,2019,-0.01086955488892416,-0.003623184962974757,-0.0018115492897156082,0.036231849629747126,0.039855034592721994,0.007246369925949403,0.038043398919462734,0.0416665838824376,537.0
316,0045.HK,Hang Seng Composite LargeCap & MidCap Index,Inclusion,2018,-0.006611563734210235,0.003305781867105173,-0.018181839677106404,0.019834691202630594,0.05454544021526231,0.009917345601315408,0.038016530879737,0.07272727989236871,538.0
979,3759.HK,Hang Seng Composite Index,Inclusion,2020,-0.18000000686645534,0.05400003639221329,-0.034999953651426496,0.0030000401687637623,-0.005499944896695919,0.23400004325866863,0.03799999382019026,0.029500008754730578,539.0
551,2611.HK,Hang Seng Stock Connect China AH Index Series,Exclusion,2019,0.014101043752245523,0.03290243542190607,0.008225580839193114,0.045828364178514436,-0.21504116936829554,0.01880139166966055,0.03760278333932132,-0.22326675020748865,540.0
1854,1801.HK,Hang Seng China Enterprises Index,Inclusion,2025,-0.07391307664954139,0.016847859258237063,-0.06956523397694458,-0.0320651842200238,-0.11141304347826086,0.09076093590777845,0.037500049756920784,-0.04184780950131628,541.0
1867,1801.HK,Hang Seng HKEX Stock Connect China Enterprises Index,Inclusion,2025,-0.07391307664954139,0.016847859258237063,-0.06956523397694458,-0.0320651842200238,-0.11141304347826086,0.09076093590777845,0.037500049756920784,-0.04184780950131628,541.0
1873,1801.HK,Hang Seng Index,Inclusion,2025,-0.07391307664954139,0.016847859258237063,-0.06956523397694458,-0.0320651842200238,-0.11141304347826086,0.09076093590777845,0.037500049756920784,-0.04184780950131628,541.0
961,3690.HK,Hang Seng China Enterprises Index,Inclusion,2020,-0.15049654596486028,0.0030558378451090995,-0.0519480193997619,-0.014514850917310862,0.05347593832231645,0.15355238380996938,0.03743316848245104,0.10542395772207835,544.0
921,3690.HK,Hang Seng China 50 Index,Inclusion,2020,-0.15049654596486028,0.0030558378451090995,-0.0519480193997619,-0.014514850917310862,0.05347593832231645,0.15355238380996938,0.03743316848245104,0.10542395772207835,544.0
87,0696.HK,Hang Seng Composite LargeCap & MidCap Index,Inclusion,2016,-0.14124298564488535,-0.002259938632946157,0.022598847530436172,0.05988697289560729,-0.07796615867976131,0.1389830470119392,0.03728812536517112,-0.10056500621019748,546.0
559,6099.HK,Hang Seng Stock Connect China AH Index Series,Exclusion,2019,-0.05281687868941365,0.04753517314319411,0.010563322706048428,0.04753517314319411,-0.19718305502079336,0.10035205183260776,0.03697185043714568,-0.2077463777268418,547.0
25,1071.HK,Hang Seng Composite LargeCap & MidCap Index,Inclusion,2016,-0.11182795059392892,-0.015053800048545063,0.01935476858170282,0.05591392402415285,-0.2129032234909053,0.09677415054538385,0.03655915544245003,-0.2322579920726081,548.0
908,600183.SS,Hang Seng (China A) Corporate Sustainability Index,Inclusion,2020,0.11281847825198321,-0.007682920753172118,-0.01577029506136296,0.020622735071661014,0.22361507436345995,-0.12050139900515533,0.036393030133023974,0.2393853694248229,549.0
563,1772.HK,Hang Seng Stock Connect China AH Index Series,Inclusion,2019,-0.06916421994441835,0.061959731936138907,0.027377573867957805,0.06340068725296111,-0.1844379519157635,0.13112395188055725,0.0360231133850033,-0.21181552578372131,550.0
47,002241.SZ,Hang Seng China A Industry Top Index,Exclusion,2016,-0.15026597304614542,-0.011968105427681452,-0.0003324544184574174,0.03557179845539005,-0.06914893380923204,0.13829786761846397,0.035904252873847464,-0.06881647939077462,551.0
515,0698.HK,Hang Seng Composite LargeCap & MidCap Index,Exclusion,2019,0.18823529880559042,0.05882350597204744,0.03529414343074788,0.070588187242697,-0.28235294820838575,-0.12941179283354298,0.035294043811949116,-0.3176470916391336,552.0
30,1508.HK,Hang Seng Composite LargeCap & MidCap Index,Inclusion,2016,-0.13065326091319107,0.005025120811725348,0.010050241623450695,0.04522608730552857,-0.08542711370349709,0.13567838172491642,0.03517584568207788,-0.09547735532694779,553.0
468,0288.HK,Hang Seng Corporate Sustainability Benchmark Index,Inclusion,2018,0.07342658945794711,0.006993083943600098,-0.019230709914687005,0.015734292987600762,0.10839167572337738,-0.06643350551434701,0.03496500290228777,0.12762238563806438,554.0
1602,0317.HK,Hang Seng Composite Index,Inclusion,2024,0.096969678141416,0.0075757865844463534,0.013636386952781576,0.048484875194735544,-0.2181818300042272,-0.08939389155696964,0.03484848824195397,-0.23181821695700877,555.0
1261,002475.SZ,Hang Seng China A Industry Top Index,Inclusion,2021,0.18859650932899807,0.001461965963308609,0.031286540086388426,0.06578947221656772,0.21403507402129862,-0.18713454336568947,0.0345029321301793,0.1827485339349102,556.0
1570,2236.HK,Hang Seng (China A) Corporate Sustainability Benchmark Index,Removal,2024,0.19428577072766462,0.028571486959652947,-0.01714280702629778,0.0171428921757919,-0.028571401810159047,-0.16571428376801167,0.03428569920208968,-0.011428594783861268,557.0
951,601916.SS,Hang Seng China A Top 100 Index,Inclusion,2020,0.0,-0.007228988169167616,-0.0024094792461988312,0.03132537076391695,-0.004819264287159397,-0.007228988169167616,0.03373485001011578,-0.002409785040960566,558.0
503,2048.HK,Hang Seng Composite LargeCap & MidCap Index,Inclusion,2018,0.06838910202431148,-0.004559229987694979,-0.007598740802043036,0.025835878155785252,-0.0927051885390956,-0.07294833201200646,0.03343461895782829,-0.08510644773705256,559.0
1573,600028.SS,Hang Seng (China A) Corporate Sustainability Index,Inclusion,2024,-0.006060600368335001,-0.007575714336391148,-0.033333302025842726,0.0,-0.024242401473340114,-0.0015151139680561476,0.033333302025842726,0.009090900552502612,560.0
438,0323.HK,Hang Seng Corporate Sustainability Benchmark Index,Exclusion,2018,-0.037825022858310686,-0.0023641202923744276,-0.026004759578818648,0.0070922481496633605,-0.11111111737374779,0.03546090256593626,0.03309700772848201,-0.08510635779492914,561.0
688,600377.SS,Hang Seng (China A) Corporate Sustainability Index,Inclusion,2019,0.02071006223241989,-0.009861970225235495,0.002958553447283352,0.03550292351955475,0.06706107775915893,-0.030572032457655385,0.0325443700722714,0.06410252431187557,562.0
627,600377.SS,Hang Seng (China A) Corporate Sustainability Benchmark Index,Inclusion,2019,0.02071006223241989,-0.009861970225235495,0.002958553447283352,0.03550292351955475,0.06706107775915893,-0.030572032457655385,0.0325443700722714,0.06410252431187557,562.0
355,601601.SS,Hang Seng (China A) Corporate Sustainability Benchmark Index,Inclusion,2018,0.035157491839393096,-0.014368615688190811,-0.014062950087058157,0.018037302632269547,-0.09293791174765853,-0.04952610752758391,0.032100252719327704,-0.07887496166060037,564.0
928,600887.SS,Hang Seng China 50 Index,Removal,2020,-0.11102975324270214,0.01390921672014045,-0.014641251362209062,0.017325502498868772,-0.019521699511880763,0.1249389699628426,0.031966753861077835,-0.004880448149671701,565.0
437,0297.HK,Hang Seng Corporate Sustainability Benchmark Index,Exclusion,2018,-0.02127657550770312,0.0,-0.042553214424603025,-0.01063828775385156,-0.042553214424603025,0.02127657550770312,0.031914926670751464,0.0,566.0
856,0400.HK,Hang Seng Composite Index,Removal,2020,0.20212765755077022,0.07446807768615793,-0.07446807768615782,-0.042553214424603025,-0.19148936979691877,-0.1276595798646123,0.03191486326155479,-0.11702129211076095,567.0
1708,600406.SS,Hang Seng Stock Connect China Enterprises Index,Inclusion,2024,-0.06292313362408686,0.003982416236177677,0.0011946944869649645,0.03305455609443064,-0.007964984391796603,0.06690554986026453,0.03185986160746568,-0.009159678878761568,568.0
463,0142.HK,Hang Seng Corporate Sustainability Benchmark Index,Inclusion,2018,-0.04244034128386576,-0.002652517377678909,-0.005305034755357818,0.026525173776789313,-0.22015913207035986,0.03978782390618685,0.03183020853214713,-0.21485409731500205,569.0
553,2727.HK,Hang Seng Stock Connect China AH Index Series,Exclusion,2019,0.00704224701794165,0.028169072021973385,0.035211319039915256,0.06690143062065301,-0.028168988071767043,0.021126825004031735,0.031690111580737756,-0.0633803071116823,570.0
147,000009.SZ,Hang Seng China A Industry Top Index,Exclusion,2017,0.015133846590006828,-0.0011640600603033402,0.015133846590006828,0.04656573305608158,-0.11757859253914438,-0.016297906650310168,0.031431886466074754,-0.1327124391291512,571.0
796,600548.SS,Hang Seng Stock Connect China AH Index Series,Inclusion,2019,-0.06458117048463596,-0.013118074313075434,0.03733601324481395,0.06861758987346067,0.0918264239579929,0.05146309617156053,0.03128157662864672,0.05449041071317895,572.0
300,0941.HK,Hang Seng China Enterprises Index,Inclusion,2018,0.13774104972694445,0.0041322735270408195,-0.03168037838434856,-0.0006886421957860156,-0.028236852141174884,-0.13360877619990363,0.030991736188562546,0.003443526243173678,573.0
1290,600115.SS,Hang Seng China A Top 100 Index,Removal,2021,-0.10927829760675922,-0.012371122465843931,0.004123707488614681,0.035051562811695414,-0.004123707488614681,0.09690717514091529,0.030927855323080733,-0.008247414977229361,574.0
61,601898.SS,Hang Seng China A Top 100 Index,Exclusion,2016,0.027124703949237716,0.005424906298915122,0.023508071007517284,0.054249494125806264,0.10307408195269718,-0.021699797650322594,0.03074142311828898,0.0795660109451799,575.0
114,601238.SS,Hang Seng China AH Index Series,Exclusion,2017,-0.07641063046738095,-0.004702197473459568,-0.0015673294010759564,0.02899679722373749,0.02664575080456566,0.07170843299392138,0.030564126624813448,0.028213080205641616,576.0
1229,0763.HK,Hang Seng TECH Index,Removal,2021,-0.10577362810753566,0.004618955345575992,0.027713643974209834,0.057736721571584715,0.2632794856061249,0.11039258345311165,0.03002307759737488,0.23556584163191507,577.0
932,600346.SS,Hang Seng China A Industry Top Index,Inclusion,2020,-0.04676619483670297,0.011940286893696861,-0.03681590831213977,-0.006965238524380246,0.2786069788651542,0.05870648173039983,0.02985066978775952,0.31542288717729394,578.0
363,600036.SS,Hang Seng (China A) Corporate Sustainability Index,Exclusion,2018,0.009584680760824194,-0.023784170198060228,-0.009584680760824194,0.020234280911624714,0.006034791474388568,-0.03336885095888442,0.029818961672448907,0.015619472235212761,579.0
342,600036.SS,Hang Seng (China A) Corporate Sustainability Benchmark Index,Exclusion,2018,0.009584680760824194,-0.023784170198060228,-0.009584680760824194,0.020234280911624714,0.006034791474388568,-0.03336885095888442,0.029818961672448907,0.015619472235212761,579.0
6,601186.SS,Hang Seng China 50 Index,Inclusion,2016,-0.08256024227220782,-0.01113171507714017,0.01298704515683391,0.042671618695874214,-0.08070500065952158,0.07142852719506765,0.029684573539040304,-0.09369204581635548,581.0
666,601939.SS,Hang Seng (China A) Corporate Sustainability Benchmark Index,Inclusion,2019,0.004219371646672965,-0.00281293678634964,-0.00281293678634964,0.0267229330031733,-0.00281293678634964,-0.007032308433022605,0.02953586978952294,0.0,582.0
470,0517.HK,Hang Seng Corporate Sustainability Benchmark Index,Inclusion,2018,0.06934308633545694,0.0,-0.02189778925938224,0.007299263086460783,-0.007299263086460783,-0.06934308633545694,0.029197052345843022,0.014598526172921455,583.0
299,0883.HK,Hang Seng China Enterprises Index,Inclusion,2018,0.09729728708018781,0.014414400172383157,-0.02522528621827247,0.0036036000430956783,0.2342341746344292,-0.08288288690780465,0.028828886261368147,0.25945946085270166,584.0
1566,0919.HK,Hang Seng (China A) Corporate Sustainability Benchmark Index,Removal,2024,-0.019047587285505707,0.0,0.0,0.028571487365127712,-0.17142856940120255,0.019047587285505707,0.028571487365127712,-0.17142856940120255,585.0
365,601939.SS,Hang Seng (China A) Corporate Sustainability Index,Exclusion,2018,0.02852853777380915,0.0015015359025454256,-0.006006000415836432,0.022522537357972716,-0.01501500103959097,-0.027027001871263723,0.02852853777380915,-0.009009000623754537,586.0
348,601939.SS,Hang Seng (China A) Corporate Sustainability Benchmark Index,Exclusion,2018,0.02852853777380915,0.0015015359025454256,-0.006006000415836432,0.022522537357972716,-0.01501500103959097,-0.027027001871263723,0.02852853777380915,-0.009009000623754537,586.0
353,601288.SS,Hang Seng (China A) Corporate Sustainability Benchmark Index,Inclusion,2018,0.00557102546091337,-0.005571025460913259,0.002785512730456574,0.03064070644688499,-0.008356538191369944,-0.01114205092182663,0.027855193716428417,-0.011142050921826518,588.0
948,600276.SS,Hang Seng China A Top 100 Index,Inclusion,2020,-0.02470327849046372,0.015934052270137666,-0.02042562865523123,0.007378850506560397,-0.03881939566777681,0.04063733076060139,0.02780447916179163,-0.01839376701254558,589.0
291,000513.SZ,Hang Seng China AH Index Series,Inclusion,2018,0.08250357418953702,0.01664293044109022,0.005547674048586915,0.03271692510571267,-0.026884783168891535,-0.0658606437484468,0.027169251057125754,-0.03243245721747845,590.0
441,0480.HK,Hang Seng Corporate Sustainability Benchmark Index,Exclusion,2018,0.0729516077417629,0.0024690744626516548,-0.024691392183120553,0.0024690744626516548,-0.06172845102341018,-0.07048253327911125,0.027160466645772208,-0.03703705884028963,591.0
2,1359.HK,Hang Seng China 50 Index,Exclusion,2016,-0.13513510279201058,-0.019305001534071664,0.011583000920442954,0.03861009512165192,0.0,0.11583010125793891,0.027027094201208968,-0.011583000920442954,592.0
90,2199.HK,Hang Seng Composite LargeCap & MidCap Index,Inclusion,2016,-0.09439841998727183,0.014522757745066839,0.0020746372797806334,0.02904561441900122,-0.20228218015085264,0.10892117773233867,0.026970977139220587,-0.20435681743063328,593.0
329,2232.HK,Hang Seng Composite LargeCap & MidCap Index,Inclusion,2018,0.0024359931786150923,0.01705241689065229,-0.02679662192528609,0.0,-0.07795369835711308,0.014616423712037196,0.02679662192528609,-0.05115707643182699,594.0
1166,0563.HK,Hang Seng Composite Index,Removal,2021,0.0,0.013157882353605599,0.013157882353605599,0.03947372548798156,0.026315764707210976,0.013157882353605599,0.02631584313437596,0.013157882353605377,595.0
346,601166.SS,Hang Seng (China A) Corporate Sustainability Benchmark Index,Exclusion,2018,0.03913629795205842,0.0,-0.006072884915059973,0.020242928266701377,0.07152499604887952,-0.03913629795205842,0.02631581318176135,0.07759788096393949,596.0
107,0991.HK,Hang Seng China AH Index Series,Exclusion,2017,-0.10964912418293271,-0.004385960784535126,0.0,0.026315764707210976,0.15350883659783787,0.10526316339839759,0.026315764707210976,0.15350883659783787,597.0
628,600380.SS,Hang Seng (China A) Corporate Sustainability Benchmark Index,Inclusion,2019,-0.1530398368957001,0.00733749424571517,0.012578604406595195,0.03878405524513373,-0.012578604406595195,0.16037733114141528,0.026205450838538535,-0.02515720881319039,598.0
795,0548.HK,Hang Seng Stock Connect China AH Index Series,Inclusion,2019,-0.09456736620375727,-0.012072423604111981,0.014084542176344472,0.04024150795680059,0.05432595419005071,0.0824949425996453,0.02615696578045612,0.040241412013706235,599.0
757,0667.HK,Hang Seng Composite LargeCap & MidCap Index,Inclusion,2019,-0.09352512753507569,0.0014388818929900182,0.07050363473421917,0.09640289132105573,0.07913672026316476,0.09496400942806571,0.02589925658683656,0.008633085528945594,600.0
476,1658.HK,Hang Seng Corporate Sustainability Benchmark Index,Inclusion,2018,0.09302326753619039,-0.008456651520450165,-0.01691330304090044,0.008456651520450276,-0.02325584208685716,-0.10147991905664056,0.025369954561350716,-0.006342539045956719,601.0
1636,9699.HK,Hang Seng Composite Index,Inclusion,2024,-0.10326090102009466,-0.003623184962974757,-0.003623184962974757,0.02173910977784832,-0.12590582863457245,0.09963771605711991,0.025362294740823077,-0.12228264367159769,602.0
1141,3913.HK,Hang Seng Composite Index,Inclusion,2021,0.20689660842296798,0.0,-0.03050398146380917,-0.005305034755357818,0.049071603107561756,-0.20689660842296798,0.025198946708451353,0.07957558457137093,603.0
677,601328.SS,Hang Seng (China A) Corporate Sustainability Index,Exclusion,2019,-0.008976694648817118,-0.005386033910911192,-0.0017953731730053768,0.023339251992336107,-0.012567355386723045,0.0035906607379059263,0.025134625165341484,-0.010771982213717668,604.0
487,0087.HK,Hang Seng Corporate Sustainability Index,Inclusion,2018,0.0649926231107969,0.002954206939861148,-0.020679448579028814,0.004431345626716432,-0.03988182890505154,-0.06203841617093575,0.025110794205745246,-0.019202380326022728,605.0
462,0087.HK,Hang Seng Corporate Sustainability Benchmark Index,Inclusion,2018,0.0649926231107969,0.002954206939861148,-0.020679448579028814,0.004431345626716432,-0.03988182890505154,-0.06203841617093575,0.025110794205745246,-0.019202380326022728,605.0
802,000157.SZ,Hang Seng Stock Connect China AH Index Series,Inclusion,2019,-0.10350582792148344,-0.011686093071611503,-0.010016685320897833,0.015025067784116164,0.006677869819470494,0.09181973484987194,0.025041753105013997,0.016694555140368328,607.0
23,0911.HK,Hang Seng Composite LargeCap & MidCap Index,Inclusion,2016,0.8500000238418579,0.10000002384185791,0.1499999761581421,0.17499995231628418,0.10000002384185791,-0.75,0.02499997615814209,-0.04999995231628418,608.0
659,601811.SS,Hang Seng (China A) Corporate Sustainability Benchmark Index,Inclusion,2019,-0.2885431276267775,-0.013437095434537194,0.024045204431280665,0.04879770605586553,-0.14285717176220325,0.2751060321922403,0.024752501624584866,-0.16690237619348391,609.0
4,601633.SS,Hang Seng China 50 Index,Exclusion,2016,-0.05287894208720412,-0.001175114995637272,0.03055231749576559,0.05522906001334471,0.02467685458271318,0.051703827091566845,0.02467674251757912,-0.005875462913052409,610.0
1139,2798.HK,Hang Seng Composite Index,Inclusion,2021,-0.028350549038644646,0.0,-0.05670103662920378,-0.0322164938951327,-0.8550257774719029,0.028350549038644646,0.02448454273407108,-0.7983247408426991,611.0
1093,0019.HK,Hang Seng Index,Removal,2020,-0.15077604139970124,-0.008869129151105493,-0.005543237438100035,0.01884705803939446,0.24944568471449902,0.14190691224859575,0.024390295477494495,0.25498892215259905,612.0
1125,1516.HK,Hang Seng Composite Index,Inclusion,2021,0.05869566875955323,-0.05217394621475879,-0.015217407889988155,0.008695685345193604,-0.021739130434782594,-0.11086961497431203,0.02391309323518176,-0.006521722544794439,613.0
1235,300274.SZ,Hang Seng (China A) Corporate Sustainability Index,Inclusion,2021,0.14228515102191497,0.02173598430987167,0.002359460865292373,0.026026010354440077,0.0632060578766318,-0.1205491667120433,0.023666549489147704,0.06084659701133943,614.0
1275,600606.SS,Hang Seng China A Industry Top Index,Removal,2021,-0.053648138957983926,-0.012875413777814981,-0.0042918421119870764,0.019313289503941622,-0.09442058274278764,0.040772725180168945,0.0236051316159287,-0.09012874063080056,615.0
1044,0083.HK,Hang Seng Index,Removal,2020,0.032044194004539506,0.008839770388950452,0.026519311166851578,0.04972373478244063,0.15138119963374685,-0.023204423615589054,0.023204423615589054,0.12486188846689528,616.0
254,1316.HK,Hang Seng Corporate Sustainability Benchmark Index,Inclusion,2017,-0.10000001467191255,0.0,0.006153840285081147,0.029230778033916716,0.33076917208158063,0.10000001467191255,0.02307693774883557,0.3246153317964995,617.0
360,000001.SZ,Hang Seng (China A) Corporate Sustainability Index,Exclusion,2018,-0.07792214473631809,-0.003996000093747787,-0.012987024122719681,0.009989952598290941,0.015984000374991147,0.0739261446425703,0.022976976721010622,0.02897102449771083,618.0
338,000001.SZ,Hang Seng (China A) Corporate Sustainability Benchmark Index,Exclusion,2018,-0.07792214473631809,-0.003996000093747787,-0.012987024122719681,0.009989952598290941,0.015984000374991147,0.0739261446425703,0.022976976721010622,0.02897102449771083,618.0
770,0288.HK,Hang Seng Corporate Sustainability Benchmark Index,Exclusion,2019,-0.0014346846980899386,-0.022955502471788458,-0.014347189044867759,0.008608381839714463,0.14347202727426533,-0.02152081777369852,0.02295557088458222,0.1578192163191331,620.0
585,000039.SZ,Hang Seng (China A) Corporate Sustainability Benchmark Index,Inclusion,2019,-0.054133949523358815,0.0019684317362642645,0.003937074670097074,0.026574778828626577,-0.026574849227815944,0.05610238125962308,0.022637704158529504,-0.030511923897913018,621.0
369,601238.SS,Hang Seng (China A) Corporate Sustainability Index,Inclusion,2018,0.020527863885032582,-0.008797576045042499,-0.006842590220577538,0.015640352712219974,0.005865143919995042,-0.02932543993007508,0.02248294293279751,0.01270773414057258,622.0
357,601766.SS,Hang Seng (China A) Corporate Sustainability Benchmark Index,Inclusion,2018,0.08064510976305694,0.0,-0.01116633061283745,0.011166153130033551,0.14267984598752204,-0.08064510976305694,0.022332483742871,0.15384617660035949,623.0
22,0715.HK,Hang Seng Composite LargeCap & MidCap Index,Inclusion,2016,-0.06666667108182567,-0.011111100809073515,-0.011111100809073515,0.011111167036458314,0.022222267845531718,0.05555557027275215,0.02222226784553183,0.03333336865460523,624.0
1122,1167.HK,Hang Seng Composite Index,Inclusion,2021,0.32926827708147277,-0.03658533181412238,-0.008536548347858108,0.013414708891489546,0.33841471179903326,-0.36585360889559515,0.021951257239347655,0.34695126014689137,625.0
1086,9668.HK,Hang Seng Composite LargeCap & MidCap Index,Inclusion,2020,-0.17335762882456252,-0.062043823248996044,-0.10948903331099102,-0.08759124405160879,-0.4324817729431981,0.11131380557556647,0.02189778925938224,-0.3229927396322071,626.0
1079,1088.HK,Hang Seng China Enterprises Index,Removal,2020,-0.05149052961359002,0.02168019579010938,-0.0325203582972442,-0.01084009789505469,0.013550122368818363,0.0731707254036994,0.02168026040218951,0.04607048066606256,627.0
1077,0966.HK,Hang Seng China Enterprises Index,Removal,2020,-0.09798268339077942,0.018732004808222458,-0.021613846416524085,0.0,0.2910662772725603,0.11671468819900188,0.021613846416524085,0.3126801236890844,628.0
1292,600340.SS,Hang Seng China A Top 100 Index,Removal,2021,-0.007194294786443289,-0.02877695044690043,-0.033573108854717204,-0.011990453194260065,-0.16786571579774057,-0.02158265566045714,0.02158265566045714,-0.13429260694302336,629.0
1456,9955.HK,Hang Seng Hong Kong-Listed Biotech Index,Removal,2023,0.05999997945932245,0.04615387549767136,-0.04615387549767125,-0.024615361140324477,-0.25076924837552583,-0.01384610396165109,0.021538514357346772,-0.20461537287785458,630.0
1730,002429.SZ,Hang Seng Stock Connect Greater Bay Area Composite Index,Removal,2024,0.010752626424140876,-0.008602142157561943,-0.019354871127326034,0.0021504842665789337,0.1118279505939288,-0.01935476858170282,0.021505355393904968,0.13118282172125484,631.0
730,600346.SS,Hang Seng China A Top 100 Index,Inclusion,2019,-0.20388347297203624,-0.021359218626537335,0.020712016339743622,0.04207123496628107,-0.06278318957953088,0.1825242543454989,0.021359218626537446,-0.0834952059192745,632.0
560,600999.SS,Hang Seng Stock Connect China AH Index Series,Exclusion,2019,-0.1495111709866156,0.10120758631104221,0.018401403371805403,0.03967803428507355,-0.08453130624072547,0.2507187572976578,0.021276630913268146,-0.10293270961253087,633.0
1105,9999.HK,Hang Seng China 50 Index,Inclusion,2021,0.2210274871508049,0.01612910576747617,-0.011947431737881375,0.008960573803411087,0.02628440451434111,-0.20489838138332872,0.020908005541292463,0.038231836252222484,634.0
1204,0059.HK,Hang Seng Stock Connect Greater Bay Area Composite Index,Removal,2021,0.031250032984341924,-0.010416656965389626,0.010416719053562673,0.031250032984341924,0.0208333760189523,-0.04166668994973155,0.02083331393077925,0.010416656965389626,635.0
1072,9618.HK,Hang Seng China Enterprises Index,Inclusion,2020,0.055391922948239136,-0.023571008084460887,-0.022392475663489786,-0.001767843589586593,0.06894518066379596,-0.07896293103270002,0.020624632073903193,0.09133765632728574,636.0
1280,601816.SS,Hang Seng China A Industry Top Index,Removal,2021,-0.07392190249218411,0.0041067723606769135,-0.0041067723606769135,0.016427089442707654,-0.04517449596744583,0.07802867485286102,0.020533861803384568,-0.04106772360676891,637.0
548,601618.SS,Hang Seng Stock Connect China AH Index Series,Exclusion,2019,-0.15714284351893837,0.0714285714285714,0.03714288984026237,0.057142870766776044,-0.12857144219534733,0.22857141494750977,0.019999980926513672,-0.1657143320356097,638.0
1096,0136.HK,Hang Seng TECH Index,Removal,2020,0.38000001907348624,0.10000000000000009,0.0,0.019999980926513672,3.0319999694824222,-0.28000001907348615,0.019999980926513672,3.0319999694824222,638.0
1021,0008.HK,Hang Seng Corporate Sustainability Index,Inclusion,2020,0.041539373826302795,0.011061989147312934,0.0022124400274412537,0.022123872799678646,0.04867252015929324,-0.03047738467898986,0.019911432772237392,0.04646008013185199,640.0
661,601828.SS,Hang Seng (China A) Corporate Sustainability Benchmark Index,Inclusion,2019,-0.06367712017230254,0.0,0.009865509076469658,0.029596433144941647,-0.0251120851780553,0.06367712017230254,0.01973092406847199,-0.03497759425452496,641.0
804,601828.SS,Hang Seng Stock Connect China AH Index Series,Inclusion,2019,-0.06367712017230254,0.0,0.009865509076469658,0.029596433144941647,-0.0251120851780553,0.06367712017230254,0.01973092406847199,-0.03497759425452496,641.0
629,600525.SS,Hang Seng (China A) Corporate Sustainability Benchmark Index,Inclusion,2019,-0.07504078785631907,-0.009787918704633358,0.03262639568211134,0.05220223309137806,-0.017944556518892818,0.06525286915168571,0.019575837409266716,-0.05057095220100416,643.0
1303,1137.HK,Hang Seng Composite Index,Inclusion,2021,-0.07092200440364194,-0.03368795420536985,-0.04787233817697878,-0.028368767943217854,-0.2473404280053233,0.037234050198272084,0.019503570233760925,-0.19946808982834452,644.0
1036,1112.HK,Hang Seng ESG 50 Index,Removal,2020,-0.04633785079390751,0.005979095915628285,-0.008968586852557747,0.01046333232102259,-0.043348302836093366,0.052316946709535794,0.019431919173580336,-0.03437971598353562,645.0
545,1528.HK,Hang Seng Stock Connect China AH Index Series,Exclusion,2019,-0.03741932191560726,0.049032350284134774,-0.002580642890731566,0.0167742464698728,-0.09806449752791602,0.08645167219974204,0.019354889360604366,-0.09548385463718445,646.0
1168,0686.HK,Hang Seng Composite Index,Removal,2021,0.07692309808448994,0.019230843295715117,-0.01923075159625831,0.0,0.05769234648823174,-0.05769225478877482,0.01923075159625831,0.07692309808449005,647.0
578,2007.HK,Hang Seng China Enterprises Index,Inclusion,2019,0.026178027027595974,0.0,-0.020942388335015272,-0.0017452406367448603,-0.10471202489273035,-0.026178027027595974,0.01919714769827041,-0.08376963655771508,648.0
1780,2510.HK,Hang Seng Composite Index,Inclusion,2025,-0.0638297289515446,-0.01702126105374524,0.0,0.019148969412822625,0.434042562689378,0.046808467897799355,0.019148969412822625,0.434042562689378,649.0
461,0078.HK,Hang Seng Corporate Sustainability Benchmark Index,Inclusion,2018,0.08095242095912858,0.011904807858458266,-0.016666594762647535,0.0023810069847565174,0.10952382358023427,-0.06904761310067031,0.019047601747404053,0.1261904183428818,650.0
716,601360.SS,Hang Seng China A Industry Top Index,Inclusion,2019,-0.2637693296531244,0.011187617531948302,0.07358007782540588,0.092512893274733,-0.07917384555547957,0.2749569471850727,0.018932815449327123,-0.15275392338088545,651.0
1498,0762.HK,Hang Seng Stock Connect China Enterprises Index,Inclusion,2024,-0.07903780491052137,-0.06529211395752299,-0.03264605697876144,-0.013745772883779095,0.1030927640782684,0.01374569095299838,0.018900284094982345,0.13573882105702983,652.0
1459,0762.HK,Hang Seng China Enterprises Index,Inclusion,2024,-0.07903780491052137,-0.06529211395752299,-0.03264605697876144,-0.013745772883779095,0.1030927640782684,0.01374569095299838,0.018900284094982345,0.13573882105702983,652.0
1644,0933.HK,Hang Seng Composite Index,Removal,2024,0.01851850012202405,0.01851850012202405,-0.01851861050099135,0.0,0.3888888336994052,0.0,0.01851861050099135,0.40740744420039654,654.0
651,601231.SS,Hang Seng (China A) Corporate Sustainability Benchmark Index,Inclusion,2019,-0.18322759018187218,-0.0042282922985655835,0.030303052705528355,0.04862583188596403,0.169133237714991,0.1789992978833066,0.018322779180435678,0.13883018500946265,655.0
912,000825.SZ,Hang Seng (China A) Corporate Sustainability Index,Removal,2020,-0.01566578171664368,0.005221927238881152,-0.02872059981384678,-0.010443854477762415,-0.039164454291609196,0.02088770895552483,0.018276745336084366,-0.010443854477762415,656.0
475,1299.HK,Hang Seng Corporate Sustainability Benchmark Index,Inclusion,2018,0.08118652147510663,0.007025713142879253,-0.034348235328871546,-0.01639348948835051,0.011709601315614826,-0.07416080833222738,0.017954745840521036,0.04605783664448637,657.0
1319,0548.HK,Hang Seng Composite Index,Removal,2021,-0.026666641235351562,0.004000027974446541,0.009333356221516986,0.026666641235351562,-0.021333312988281228,0.030666669209798103,0.017333285013834576,-0.030666669209798214,658.0
508,6060.HK,Hang Seng China Enterprises Index,Exclusion,2019,-0.0918366969599912,0.06462583820350587,-0.008503401470877248,0.008503401470877137,-0.25340132490665834,0.15646253516349706,0.017006802941754384,-0.2448979234357811,659.0
479,3618.HK,Hang Seng Corporate Sustainability Benchmark Index,Inclusion,2018,0.10047849127804342,-0.0023922852763973435,-0.04066976230579289,-0.023923423143372258,0.11004786053539228,-0.10287077655444077,0.01674633916242063,0.15071762284118517,660.0
990,9926.HK,Hang Seng Composite Index,Inclusion,2020,0.07155966102530109,0.02752293577981657,0.0073394775390625,0.02385319701028532,-0.04770639402057053,-0.04403672524548452,0.01651371947122282,-0.05504587155963303,661.0
1055,9926.HK,Hang Seng Stock Connect Greater Bay Area Composite Index,Inclusion,2020,0.07155966102530109,0.02752293577981657,0.0073394775390625,0.02385319701028532,-0.04770639402057053,-0.04403672524548452,0.01651371947122282,-0.05504587155963303,661.0
1278,601006.SS,Hang Seng China A Industry Top Index,Removal,2021,-0.05348458989068139,0.006482975908981503,0.011345169199133087,0.02755268625475571,0.02755268625475571,0.05996756579966289,0.016207517055622622,0.016207517055622622,663.0
263,0390.HK,Hang Seng Corporate Sustainability Index,Inclusion,2017,-0.04062503515742666,-0.02187497881241174,-0.006249993946403354,0.00937499091960503,-0.08749998975545181,0.01875005634501492,0.015624984866008385,-0.08124999580904846,664.0
758,1579.HK,Hang Seng Composite LargeCap & MidCap Index,Inclusion,2019,-0.13989637305699487,-0.010362694300518172,-0.020725388601036232,-0.005181347150259086,0.03834193728748381,0.1295336787564767,0.015544041450777146,0.05906732588852004,665.0
1213,2400.HK,Hang Seng TECH Index,Removal,2021,0.9745917616106303,0.06896557453704033,-0.009074410414636191,0.006352128829599568,-0.028130658438920597,-0.90562618707359,0.01542653924423576,-0.019056248024284406,666.0
453,2628.HK,Hang Seng Corporate Sustainability Benchmark Index,Exclusion,2018,0.13372782721271914,0.008284100601017919,-0.007100528674165774,0.008284100601017919,0.02485207608131712,-0.12544372661170122,0.015384629275183692,0.031952604755482894,667.0
552,601211.SS,Hang Seng Stock Connect China AH Index Series,Exclusion,2019,-0.14542727706778846,0.08995498333190821,0.010994468307748972,0.025987029076247614,-0.1664167858878698,0.23538226039969667,0.014992560768498642,-0.17741125419561876,668.0
760,1951.HK,Hang Seng Composite LargeCap & MidCap Index,Inclusion,2019,-0.14259258654218976,-0.0759259846311855,0.08703699664651032,0.10185179707117786,0.08888889085118179,0.06666660191100426,0.01481480042466754,0.001851894204671467,669.0
454,3328.HK,Hang Seng Corporate Sustainability Benchmark Index,Exclusion,2018,0.0,0.014388475634778741,-0.0017985165733075403,0.012589959061471312,0.08093530408874994,0.014388475634778741,0.014388475634778852,0.08273382066205748,670.0
1260,000063.SZ,Hang Seng China A Industry Top Index,Inclusion,2021,0.19283993753720452,-0.002707585681206326,0.020758080381084065,0.03489770724541108,-0.06768958464903463,-0.19554752321841085,0.014139626864327015,-0.0884476650301187,671.0
1281,000063.SZ,Hang Seng China A Top 100 Index,Inclusion,2021,0.19283993753720452,-0.002707585681206326,0.020758080381084065,0.03489770724541108,-0.06768958464903463,-0.19554752321841085,0.014139626864327015,-0.0884476650301187,671.0
616,600026.SS,Hang Seng (China A) Corporate Sustainability Benchmark Index,Inclusion,2019,-0.17812061157674997,-0.001402556622906892,0.01683027820939831,0.030855510050563417,-0.16690042610381783,0.17671805495384307,0.014025231841165109,-0.18373070431321614,673.0
16,0010.HK,Hang Seng Composite LargeCap & MidCap Index,Inclusion,2016,-0.09107550280895271,-0.0068649709799311065,0.013729941959862213,0.027459971212566492,-0.0022883818552050794,0.0842105318290216,0.013730029252704279,-0.016018323815067292,674.0
123,0168.HK,Hang Seng China Enterprises Index,Exclusion,2017,-0.12465751334412456,-0.043835574633454666,-0.03287673323121787,-0.019178103094231624,-0.013698630136986356,0.0808219387106699,0.013698630136986245,0.019178103094231513,675.0
105,0168.HK,Hang Seng China AH Index Series,Exclusion,2017,-0.12465751334412456,-0.043835574633454666,-0.03287673323121787,-0.019178103094231624,-0.013698630136986356,0.0808219387106699,0.013698630136986245,0.019178103094231513,675.0
274,002736.SZ,Hang Seng China 50 Index,Exclusion,2018,0.2479107715074358,0.013927540590041865,-0.0037141052764309013,0.009284997543646867,-0.07056640636760436,-0.23398323091739393,0.012999102820077768,-0.06685230109117346,677.0
547,1618.HK,Hang Seng Stock Connect China AH Index Series,Exclusion,2019,-0.03896100276999048,0.00865800061555344,0.0,0.012987000923330161,-0.12121211182925684,0.04761900338554392,0.012987000923330161,-0.12121211182925684,678.0
102,000333.SZ,Hang Seng China 50 Index,Inclusion,2017,-0.05737704080144723,-0.0072509315011081155,0.03688524910532909,0.04981084356583998,0.147225730686817,0.05012610930033912,0.012925594460510892,0.1103404815814879,679.0
850,6049.HK,Hang Seng Composite Index,Inclusion,2020,-0.12535821536009106,0.0035816617345219015,-0.050143264283308064,-0.03724936948194224,0.2679082540207891,0.12893987709461296,0.012893894801365824,0.31805151830409717,680.0
887,6049.HK,Hang Seng Stock Connect Greater Bay Area Composite Index,Inclusion,2020,-0.12535821536009106,0.0035816617345219015,-0.050143264283308064,-0.03724936948194224,0.2679082540207891,0.12893987709461296,0.012893894801365824,0.31805151830409717,680.0
1180,1970.HK,Hang Seng Composite Index,Removal,2021,-0.1888760246611555,0.011587419057860426,-0.028968713404958768,-0.01622251928925078,-0.30243338341873116,0.20046344371901592,0.012746194115707987,-0.2734646700137724,682.0
1053,600143.SS,Hang Seng Stock Connect Greater Bay Area Composite Index,Inclusion,2020,-0.0040115529577237075,-0.002865394969802648,0.009169045296085088,0.021776455252291438,-0.008596075605766251,0.0011461579879210593,0.01260740995620635,-0.01776512090185134,683.0
554,601727.SS,Hang Seng Stock Connect China AH Index Series,Exclusion,2019,-0.11545294532058448,0.062166944497002774,0.09946712813435732,0.11190055091206319,-0.044404972454396785,0.17761988981758725,0.012433422777705871,-0.1438721005887541,684.0
178,3958.HK,Hang Seng China AH Index Series,Exclusion,2017,0.0,-0.0024153991225044358,-0.02536232426563334,-0.013284983118927451,-0.05797096107684119,-0.0024153991225044358,0.012077341146705889,-0.03260863681120785,685.0
317,0087.HK,Hang Seng Composite LargeCap & MidCap Index,Inclusion,2018,-0.00445099910830038,0.0014837135343368502,-0.020771494249230527,-0.008902068963955956,-0.00445099910830038,0.00593471264263723,0.01186942528527457,0.016320495140930147,686.0
1014,2003.HK,Hang Seng Composite Index,Removal,2020,-0.004705877865062047,0.023529389325310124,-0.0023529950310202663,0.009411755730124094,-0.14823532104492188,0.02823526719037217,0.01176475076114436,-0.1458823260139016,687.0
941,600688.SS,Hang Seng China A Industry Top Index,Removal,2020,0.04651158277636491,0.005813947847045586,0.0,0.011627895694091173,0.029069739235228154,-0.040697634929319326,0.011627895694091173,0.029069739235228154,688.0
957,600688.SS,Hang Seng China A Top 100 Index,Removal,2020,0.04651158277636491,0.005813947847045586,0.0,0.011627895694091173,0.029069739235228154,-0.040697634929319326,0.011627895694091173,0.029069739235228154,688.0
215,1387.HK,Hang Seng Composite LargeCap & MidCap Index,Exclusion,2017,-0.04891306073149537,-0.010869554654186486,-0.0326087287502157,-0.021739174096029212,0.3858695141619013,0.038043506077308886,0.010869554654186486,0.418478242912117,690.0
1156,0035.HK,Hang Seng Composite Index,Removal,2021,-0.01785694214758371,-0.003571519559762093,0.0,0.010714371350364349,0.028571313497947948,0.014285422587821617,0.010714371350364349,0.028571313497947948,691.0
1775,2431.HK,Hang Seng Composite Index,Inclusion,2025,-0.20905922789200237,0.0017421336491778572,-0.08710801162166759,-0.07665507681032302,-0.07317074305382854,0.21080136154118023,0.010452934811344572,0.013937268567839056,692.0
1136,2142.HK,Hang Seng Composite Index,Inclusion,2021,0.03089250169730029,0.006865036749196918,0.006865036749196918,0.017162537314963755,0.23340961273183614,-0.024027464948103372,0.010297500565766837,0.22654457598263922,693.0
286,0548.HK,Hang Seng China AH Index Series,Exclusion,2018,0.04050635035422667,0.008860720756860063,0.0,0.010126572498773356,0.04050635035422667,-0.03164562959736661,0.010126572498773356,0.04050635035422667,694.0
753,2038.HK,Hang Seng Composite LargeCap & MidCap Index,Exclusion,2019,-0.03030295440608144,-0.020202001714301865,-0.03030295440608144,-0.020202001714301865,0.3535353671578829,0.010100952691779574,0.010100952691779574,0.38383832156396436,695.0
516,0737.HK,Hang Seng Composite LargeCap & MidCap Index,Exclusion,2019,-0.029268265451297903,0.004878044241882984,0.014634132725648952,0.02439022120941492,-0.068292677537236,0.03414630969318089,0.009756088483765968,-0.08292681026288495,696.0
1262,300999.SZ,Hang Seng China A Industry Top Index,Inclusion,2021,0.04728932254503038,-0.004124908524252735,0.040365433176650534,0.050088415784485196,-0.06806127163848896,-0.05141423106928311,0.009722982607834663,-0.1084267048151395,697.0
1285,300999.SZ,Hang Seng China A Top 100 Index,Inclusion,2021,0.04728932254503038,-0.004124908524252735,0.040365433176650534,0.050088415784485196,-0.06806127163848896,-0.05141423106928311,0.009722982607834663,-0.1084267048151395,697.0
644,601066.SS,Hang Seng (China A) Corporate Sustainability Benchmark Index,Inclusion,2019,-0.28757894415604446,-0.053894765753495055,0.037052596242804325,0.04673686780427633,-0.04421049419202305,0.2336841784025494,0.009684271561472002,-0.08126309043482738,699.0
810,601066.SS,Hang Seng Stock Connect China AH Index Series,Inclusion,2019,-0.28757894415604446,-0.053894765753495055,0.037052596242804325,0.04673686780427633,-0.04421049419202305,0.2336841784025494,0.009684271561472002,-0.08126309043482738,699.0
1859,1828.HK,Hang Seng Composite Index,Inclusion,2025,0.010235355487209441,0.003070596884911403,-0.024053285500597932,-0.014841397233348985,-0.14483120258228055,-0.007164758602298038,0.009211888267248947,-0.12077791708168262,701.0
1056,002168.SZ,Hang Seng Stock Connect Greater Bay Area Composite Index,Removal,2020,0.10340320058848196,-0.013088992981693415,0.022251319275499615,0.031413645569305926,-0.16884816549694892,-0.11649219357017537,0.009162326293806311,-0.19109948477244854,702.0
598,002078.SZ,Hang Seng (China A) Corporate Sustainability Benchmark Index,Inclusion,2019,-0.11227149788622937,-0.0013054506845787683,0.032637076368149165,0.04177548016133281,0.18668411666599427,0.1109660472016506,0.009138403793183647,0.1540470402978451,703.0
1550,0008.HK,Hang Seng (China A) Corporate Sustainability Benchmark Index,Inclusion,2024,-0.04090915938054085,0.00227267086998606,-0.025000029802321744,-0.015909129578219106,-0.006818229354116467,0.04318183025052691,0.009090900224102638,0.018181800448205276,704.0
1687,0008.HK,Hang Seng Corporate Sustainability Index,Inclusion,2024,-0.04090915938054085,0.00227267086998606,-0.025000029802321744,-0.015909129578219106,-0.006818229354116467,0.04318183025052691,0.009090900224102638,0.018181800448205276,704.0
1028,0288.HK,Hang Seng ESG 50 Index,Inclusion,2020,0.04984893193516804,0.019637479862273377,-0.021148016451026264,-0.012084580829157865,0.012084580829157865,-0.030211452072894662,0.009063435621868399,0.03323259728018413,706.0
953,600011.SS,Hang Seng China A Top 100 Index,Removal,2020,-0.17509021604166286,0.028880839081917964,-0.01624551501942384,-0.0072202097704795465,-0.12454874764830626,0.20397105512358082,0.009025305248944293,-0.10830323262888242,707.0
340,002024.SZ,Hang Seng (China A) Corporate Sustainability Benchmark Index,Exclusion,2018,0.013720748311808029,-0.00484264874528717,-0.02582733168938056,-0.01694915515156914,-0.1396287690050776,-0.0185633970570952,0.008878176537811422,-0.11380143731569703,708.0
153,601808.SS,Hang Seng China A Industry Top Index,Exclusion,2017,0.002661910537059997,-0.0017746634384467885,-0.0017746634384467885,0.007098484512566561,-0.024844780414593592,-0.004436573975506786,0.00887314795101335,-0.023070116976146804,709.0
207,601808.SS,Hang Seng China AH Index Series,Inclusion,2017,0.002661910537059997,-0.0017746634384467885,-0.0017746634384467885,0.007098484512566561,-0.024844780414593592,-0.004436573975506786,0.00887314795101335,-0.023070116976146804,709.0
167,601808.SS,Hang Seng China A Top 100 Index,Exclusion,2017,0.002661910537059997,-0.0017746634384467885,-0.0017746634384467885,0.007098484512566561,-0.024844780414593592,-0.004436573975506786,0.00887314795101335,-0.023070116976146804,709.0
50,600271.SS,Hang Seng China A Industry Top Index,Inclusion,2016,0.02868489068434421,-0.005295628097652938,-0.008826159059409422,0.0,-0.011032656738016344,-0.03398051878199715,0.008826159059409422,-0.0022064976786069224,712.0
664,601888.SS,Hang Seng (China A) Corporate Sustainability Benchmark Index,Inclusion,2019,-0.07198979355837054,-0.011998271923512327,-0.004034797750973151,0.004778052100064212,-0.09428750503975059,0.059991521634858214,0.008812849851037363,-0.09025270728877743,713.0
734,601888.SS,Hang Seng China A Top 100 Index,Inclusion,2019,-0.07198979355837054,-0.011998271923512327,-0.004034797750973151,0.004778052100064212,-0.09428750503975059,0.059991521634858214,0.008812849851037363,-0.09025270728877743,713.0
680,000100.SZ,Hang Seng (China A) Corporate Sustainability Index,Inclusion,2019,-0.08479526311515329,-0.002923744537102202,0.03801174635666871,0.04678374681156017,0.19590645091062298,0.08187151857805108,0.00877200045489146,0.15789470455395427,715.0
590,000100.SZ,Hang Seng (China A) Corporate Sustainability Benchmark Index,Inclusion,2019,-0.08479526311515329,-0.002923744537102202,0.03801174635666871,0.04678374681156017,0.19590645091062298,0.08187151857805108,0.00877200045489146,0.15789470455395427,715.0
726,601992.SS,Hang Seng China A Top 100 Index,Exclusion,2019,-0.09090907243657698,0.0,0.01136362558800319,0.019886344779005638,-0.05965910206956815,0.09090907243657698,0.008522719191002448,-0.07102272765757134,717.0
667,601992.SS,Hang Seng (China A) Corporate Sustainability Benchmark Index,Inclusion,2019,-0.09090907243657698,0.0,0.01136362558800319,0.019886344779005638,-0.05965910206956815,0.09090907243657698,0.008522719191002448,-0.07102272765757134,717.0
294,1186.HK,Hang Seng China Enterprises Index,Exclusion,2018,0.1499395045322014,0.007255074077542112,-0.014510378789730827,-0.006045971942833961,0.06771456287123523,-0.14268443045465928,0.008464406846896866,0.08222494166096606,719.0
232,0363.HK,Hang Seng Corporate Sustainability Benchmark Index,Exclusion,2017,-0.05052638524361808,0.002105296598779116,-0.012631616675545687,-0.004210511738993672,-0.06526313560081398,0.05263168184239719,0.008421104936552015,-0.052631518925268295,720.0
1085,2057.HK,Hang Seng Composite LargeCap & MidCap Index,Inclusion,2020,0.09099097724433425,0.014414400667757565,-0.012612626359269408,-0.0045045045045044585,0.2072072072072073,-0.07657657657657668,0.00810812185476495,0.21981983356647672,721.0
1100,300750.SZ,Hang Seng China 50 Index,Inclusion,2021,0.09368599020332646,-0.029813116429549424,-0.08539798212364869,-0.07746148120936802,0.27285771866701736,-0.12349910663287589,0.007936500914280664,0.35825570079066604,722.0
1226,6098.HK,Hang Seng Index,Inclusion,2021,0.07390453566275546,0.04316550926734464,0.02550692812920463,0.03335517532439147,-0.22498361850670634,-0.030739026395410818,0.007848247195186842,-0.25049054663591097,723.0
741,0175.HK,Hang Seng China Enterprises Index,Inclusion,2019,-0.13166146356119623,-0.01097181354322141,0.05172412504493695,0.05956114539571877,0.16771154790456988,0.12068965001797483,0.00783702035078182,0.11598742285963293,724.0
985,6855.HK,Hang Seng Composite Index,Inclusion,2020,0.148377226527465,0.055641518907574516,-0.07109735225800606,-0.06336937662301523,-0.07264292380109427,-0.09273570761989047,0.007727975634990836,-0.0015455715430882089,725.0
480,0066.HK,Hang Seng Corporate Sustainability Index,Exclusion,2018,0.0050188399146195994,-0.001254686047052589,-0.002509372094105178,0.0050188399146195994,0.025094103846689197,-0.006273525961672188,0.007528212008724777,0.027603475940794375,726.0
435,0066.HK,Hang Seng Corporate Sustainability Benchmark Index,Exclusion,2018,0.0050188399146195994,-0.001254686047052589,-0.002509372094105178,0.0050188399146195994,0.025094103846689197,-0.006273525961672188,0.007528212008724777,0.027603475940794375,726.0
176,1033.HK,Hang Seng China AH Index Series,Exclusion,2017,-0.07407409042651403,0.007407400212333881,0.0,0.007407400212333881,-0.08888889085118168,0.08148149063884791,0.007407400212333881,-0.08888889085118168,728.0
673,603680.SS,Hang Seng (China A) Corporate Sustainability Benchmark Index,Inclusion,2019,-0.028284709720595158,0.008211692725788255,0.029197052345843133,0.036496315432303694,-0.0839416125083784,0.036496402446383414,0.007299263086460561,-0.11313866485422153,729.0
1293,600383.SS,Hang Seng China A Top 100 Index,Removal,2021,-0.20623917870955966,0.026863121372742382,-0.014731375810736802,-0.00779897338694957,0.0017331419263246772,0.23310230008230204,0.006932402423787232,0.01646451773706148,730.0
820,1193.HK,Hang Seng China Enterprises Index,Inclusion,2019,0.05063292806236119,0.03337170857258598,-0.03567316938651499,-0.028768699149625432,-0.06904487795910097,-0.017261219489775215,0.006904470236889559,-0.03337170857258598,731.0
794,002460.SZ,Hang Seng Stock Connect China AH Index Series,Exclusion,2019,-0.048094384749989394,0.004083456923006601,0.03130670500379762,0.038112547313107425,0.28493646131819905,0.052177841672995995,0.006805842309309806,0.25362975631440143,732.0
276,1776.HK,Hang Seng China 50 Index,Exclusion,2018,0.18588872548607305,0.01899597632247918,-0.0054274033207794,0.001356883180070323,-0.10854813111533956,-0.16689274916359387,0.006784286500849723,-0.10312072779456016,733.0
277,000776.SZ,Hang Seng China 50 Index,Exclusion,2018,0.2080291949631612,0.013381952932345342,-0.004257888841256774,0.002433029615531268,-0.13077861936504087,-0.19464724203081585,0.006690918456788042,-0.1265207305237841,734.0
1246,601988.SS,Hang Seng (China A) Corporate Sustainability Index,Removal,2021,-0.02287579560515074,-0.00326797080073582,0.0,0.00653594160147164,0.003267970800735931,0.01960782480441492,0.00653594160147164,0.003267970800735931,735.0
430,3918.HK,Hang Seng Composite LargeCap & MidCap Index,Inclusion,2018,0.08097681498896492,0.00514138313294632,-0.02185090896008257,-0.015424210688960382,0.09511571053974954,-0.0758354318560186,0.006426698271122189,0.11696661949983211,736.0
189,600548.SS,Hang Seng China AH Index Series,Inclusion,2017,-0.010593160194965812,0.009533914892847495,0.014830545502743542,0.021186522439583966,-0.012711852848854677,0.020127075087813306,0.006355976936840424,-0.02754239835159822,737.0
1236,600588.SS,Hang Seng (China A) Corporate Sustainability Index,Inclusion,2021,0.19773829965238687,-0.004278709792952418,0.02017114372827411,0.026283636255105325,-0.025672433636861336,-0.2020170094453393,0.006112492526831215,-0.045843577365135446,738.0
800,000921.SZ,Hang Seng Stock Connect China AH Index Series,Inclusion,2019,-0.1348797768205532,0.0034364227382495116,0.011168394382006452,0.017182113691248002,-0.09879729710354213,0.1383161995588027,0.00601371930924155,-0.10996569148554858,739.0
1501,001323.SZ,Hang Seng Stock Connect Greater Bay Area Composite Index,Inclusion,2024,-0.056027743571012034,-0.008183846263116523,-0.005351004342709187,0.0006294910757489447,0.00409189011167399,0.04784389730789551,0.005980495418458132,0.009442894454383177,740.0
542,601991.SS,Hang Seng Stock Connect China AH Index Series,Exclusion,2019,-0.08875744987496426,0.05621296223929484,0.041420077439480396,0.04733723135940626,-0.05325445581737076,0.1449704121142591,0.005917153919925866,-0.09467453325685116,741.0
1112,601668.SS,Hang Seng China 50 Index,Removal,2021,-0.07421877401066068,-0.02539064791926704,0.011718739086063357,0.017578155195224765,-0.0507812027062744,0.04882812609139364,0.005859416109161408,-0.062499941792337754,742.0
175,601881.SS,Hang Seng China A Top 100 Index,Inclusion,2017,-0.17048347707708533,0.012722633961057772,-0.010814254033475024,-0.005089053584423131,-0.24173028792531248,0.1832061110381431,0.005725200449051893,-0.23091603389183746,743.0
209,601881.SS,Hang Seng China AH Index Series,Inclusion,2017,-0.17048347707708533,0.012722633961057772,-0.010814254033475024,-0.005089053584423131,-0.24173028792531248,0.1832061110381431,0.005725200449051893,-0.23091603389183746,743.0
1027,0148.HK,Hang Seng ESG 50 Index,Inclusion,2020,-0.1297710468271548,-0.04961836284554855,0.005725176113065222,0.011450352226130667,0.13931295848255432,0.08015268398160624,0.005725176113065444,0.1335877823694891,745.0
267,6060.HK,Hang Seng Composite LargeCap & MidCap Index,Inclusion,2017,0.08862523850509008,-0.005582714827081059,0.004884835543160104,0.010467550370241163,-0.03977667011063102,-0.09420795333217113,0.005582714827081059,-0.04466150565379112,746.0
255,1347.HK,Hang Seng Corporate Sustainability Benchmark Index,Inclusion,2017,0.01486987397850048,-0.033457305083066324,-0.024163589530783347,-0.018587342473125656,0.3382898989052068,-0.048327179061566805,0.005576247057657691,0.3624534884359901,747.0
1159,0178.HK,Hang Seng Composite Index,Removal,2021,-0.19459459981925298,0.021621600722988132,-0.005405400180747089,0.0,0.0864864673294059,0.2162162005422411,0.005405400180747089,0.09189186751015299,748.0
184,0177.HK,Hang Seng China AH Index Series,Inclusion,2017,-0.051666657129923466,0.0,-0.008333365122477177,-0.0033333301544189453,-0.08500003814697266,0.051666657129923466,0.005000034968058231,-0.07666667302449548,749.0
496,0317.HK,Hang Seng Stock Connect China AH Index Series,Exclusion,2018,0.3066666920979817,0.02166668574015307,-0.013333320617675781,-0.008333365122477177,-0.026666641235351562,-0.28500000635782863,0.004999955495198605,-0.013333320617675781,750.0
402,0317.HK,Hang Seng Composite LargeCap & MidCap Index,Exclusion,2018,0.3066666920979817,0.02166668574015307,-0.013333320617675781,-0.008333365122477177,-0.026666641235351562,-0.28500000635782863,0.004999955495198605,-0.013333320617675781,750.0
513,0316.HK,Hang Seng Composite LargeCap & MidCap Index,Exclusion,2019,0.0358565579622343,0.02589639875105898,-0.015936239539883656,-0.010956159934295995,-0.06872511375510659,-0.009960159211175323,0.004980079605587662,-0.052788874215222936,752.0
945,601898.SS,Hang Seng China A Industry Top Index,Removal,2020,-0.009779941408490589,0.00488997070424535,-0.009779941408490589,-0.00488997070424535,0.053789677746698406,0.014669912112735939,0.004889970704245239,0.063569619155189,753.0
959,601898.SS,Hang Seng China A Top 100 Index,Removal,2020,-0.009779941408490589,0.00488997070424535,-0.009779941408490589,-0.00488997070424535,0.053789677746698406,0.014669912112735939,0.004889970704245239,0.063569619155189,753.0
20,0405.HK,Hang Seng Composite LargeCap & MidCap Index,Inclusion,2016,-0.07263930209169767,0.0,0.007264000276532512,0.01210647249599095,0.05811130153863253,0.07263930209169767,0.004842472219458438,0.05084730126210002,755.0
464,0163.HK,Hang Seng Corporate Sustainability Benchmark Index,Inclusion,2018,0.08571432139597945,-0.014285701310552956,-0.01904760174740394,-0.014285701310552956,-0.07619040698961566,-0.10000002270653241,0.004761900436850985,-0.057142805242211714,756.0
205,601211.SS,Hang Seng China AH Index Series,Inclusion,2017,-0.03730997236760403,-0.005987985548077668,-0.008291036638314986,-0.00368493445784035,-0.07047438248816673,0.03132198681952636,0.004606102180474636,-0.062183345849851746,757.0
1849,0300.HK,Hang Seng Index,Inclusion,2025,0.0,-0.01574799207744415,-0.0006561079313066598,0.003937048081007033,0.10104993288735753,-0.01574799207744415,0.004593156012313693,0.10170604081866419,758.0
1080,1988.HK,Hang Seng China Enterprises Index,Removal,2020,-0.020315954681308646,-0.009029337111290281,-0.01805867422258045,-0.013544005666935366,0.06546274787594863,0.011286617570018365,0.004514668555645085,0.08352142209852909,759.0
1128,1772.HK,Hang Seng Composite Index,Inclusion,2021,0.2884232081620208,0.004990081025390669,-0.006986028156882873,-0.0024949339143652827,0.06487030714176822,-0.28343312713663016,0.00449109424251759,0.0718563352986511,760.0
1534,601998.SS,Hang Seng Stock Connect China Enterprises Index,Inclusion,2024,0.01585016319992083,-0.0028818416083016274,-0.037464009616445026,-0.033141212849730706,-0.11239196014081121,-0.018732004808222458,0.004322796766714321,-0.07492795052436618,761.0
42,1578.HK,Hang Seng Composite LargeCap & MidCap Index,Inclusion,2016,-0.008119072241347003,-0.005412714827564669,-0.005412714827564669,-0.0013531464445659669,-0.031123142520821934,0.0027063574137823343,0.004059568382998702,-0.025710427693257265,762.0
52,600704.SS,Hang Seng China A Industry Top Index,Inclusion,2016,-0.09845558592707926,-0.03281843658884276,-0.00772193228432827,-0.0038608625819575026,-0.027992185761051558,0.0656371493382365,0.0038610697023707674,-0.020270253476723288,763.0
1157,0041.HK,Hang Seng Composite Index,Removal,2021,-0.0900562721532463,0.018761726347355845,0.024390229937501173,0.028142589521033656,-0.01688551077043643,0.10881799850060214,0.003752359583532483,-0.0412757407079376,764.0
1203,0041.HK,Hang Seng Stock Connect Greater Bay Area Composite Index,Removal,2021,-0.0900562721532463,0.018761726347355845,0.024390229937501173,0.028142589521033656,-0.01688551077043643,0.10881799850060214,0.003752359583532483,-0.0412757407079376,764.0
1119,1193.HK,Hang Seng China Enterprises Index,Removal,2021,-0.013252993664109591,-0.03373497652720259,-0.0012048008930252152,0.0024096017860504304,0.1819276924592903,-0.020481982863092996,0.0036144026790756456,0.18313249335231552,766.0
1097,0777.HK,Hang Seng TECH Index,Removal,2020,0.03699277586024996,0.038186120579255745,0.010739874863819665,0.014319795217220932,0.11455847554138376,0.0011933447190057844,0.003579920353401267,0.1038186006775641,767.0
1088,9987.HK,Hang Seng Composite LargeCap & MidCap Index,Inclusion,2020,-0.03579418344519014,-0.004921727532508413,-0.0008948409317324213,0.0026845910671839945,0.05145413870246096,0.03087245591268173,0.003579431998916416,0.05234897963419338,768.0
1146,6989.HK,Hang Seng Composite Index,Inclusion,2021,0.05005317318105429,0.0,-0.024494194622069254,-0.021299334997540664,0.027688952683841528,-0.05005317318105429,0.00319485962452859,0.05218314730591078,769.0
474,1257.HK,Hang Seng Corporate Sustainability Benchmark Index,Inclusion,2018,0.2215743369304881,0.02769680080503467,-0.07434405524137522,-0.07142860618346569,-0.12973765685144434,-0.19387753612545344,0.002915449057909525,-0.05539360161006912,770.0
101,601985.SS,Hang Seng China 50 Index,Exclusion,2017,-0.018055505701051966,0.0,0.005555550404536813,0.008333391834189907,0.08055561332055228,0.018055505701051966,0.002777841429653094,0.07500006291601546,771.0
82,0338.HK,Hang Seng Composite LargeCap & MidCap Index,Inclusion,2016,-0.007692361301217643,-0.0051282001121667475,0.0051282001121668586,0.007692300168250066,0.030769200673000707,0.0025641611890508953,0.0025641000560832072,0.02564100056083385,772.0
558,600958.SS,Hang Seng Stock Connect China AH Index Series,Exclusion,2019,-0.30605565090369236,0.11129298564002754,0.010638308863588408,0.013093297103248913,-0.1513911533795429,0.4173486365437199,0.002454988239660505,-0.1620294622431313,773.0
1134,2096.HK,Hang Seng Composite Index,Inclusion,2021,-0.013237136558007068,-0.003610190749772757,-0.010830342724825304,-0.008423663653889912,0.5042117170646985,0.00962694580823431,0.0024066790709353914,0.5150420597895238,774.0
161,601225.SS,Hang Seng China A Industry Top Index,Inclusion,2017,-0.07469342880141006,-0.044593150534775194,-0.021181775741524245,-0.018952070371593854,-0.0579710637997467,0.03010027826663486,0.0022297053699303904,-0.03678928805822246,775.0
634,600648.SS,Hang Seng (China A) Corporate Sustainability Benchmark Index,Inclusion,2019,-0.016986272106431888,0.004931515210295334,0.010410988167540713,0.012602714643086488,-0.07287670814827696,0.021917787316727222,0.0021917264755457744,-0.08328769631581767,776.0
1391,300832.SZ,Hang Seng Stock Connect Greater Bay Area Composite Index,Inclusion,2021,0.12388802485504113,-0.03362983796765118,0.013017975095133583,0.015187692788500629,-0.0405727690538914,-0.1575178628226923,0.002169717693367046,-0.05359074414902498,777.0
125,0086.HK,Hang Seng Composite LargeCap & MidCap Index,Exclusion,2017,-0.0019762356043001583,0.001976329840893687,0.005928895286087643,0.007905130890387913,0.003952565445193956,0.003952565445193845,0.0019762356043002693,-0.001976329840893687,778.0
51,600688.SS,Hang Seng China A Industry Top Index,Inclusion,2016,0.006655567442543919,0.009983351163815879,0.004991635911596681,0.006655567442543919,0.03161390568177236,0.0033277837212719596,0.001663931530947238,0.026622269770175677,779.0
597,001979.SZ,Hang Seng (China A) Corporate Sustainability Benchmark Index,Inclusion,2019,-0.034947615523855724,0.002496217441164683,0.007488747548085817,0.008487272614388308,-0.048427418245165055,0.03744383296502041,0.0009985250663024914,-0.05591616579325087,780.0
1794,6623.HK,Hang Seng Composite Index,Inclusion,2025,0.0,0.0,0.0,0.0,0.0,0.0,0.0,0.0,781.0
1681,0215.HK,Hang Seng Corporate Sustainability Benchmark Index,Removal,2024,0.0208333760189523,0.0,0.0,0.0,-0.010416656965389626,-0.0208333760189523,0.0,-0.010416656965389626,781.0
1163,0467.HK,Hang Seng Composite Index,Removal,2021,0.05147053860772499,0.04411760452090707,0.12499996712979189,0.12499996712979189,0.0,-0.007352934086817919,0.0,-0.12499996712979189,781.0
1107,0728.HK,Hang Seng China 50 Index,Removal,2021,-0.1780303067932224,0.0,0.0,0.0,-0.06060609070941536,0.1780303067932224,0.0,-0.06060609070941536,781.0
1443,0857.HK,Hang Seng Stock Connect China Enterprises Index,Inclusion,2022,-0.10924366212280023,-0.01960782480441492,0.008403353487606458,0.008403353487606458,0.20728291971270885,0.08963583731838531,0.0,0.1988795662251024,781.0
1551,0048.HK,Hang Seng (China A) Corporate Sustainability Benchmark Index,Inclusion,2024,0.0,0.0,0.0,0.0,-0.3121693213467023,0.0,0.0,-0.3121693213467023,781.0
1013,1905.HK,Hang Seng Composite Index,Removal,2020,-0.015999984741210893,-0.007999992370605447,-0.039999961853027344,-0.039999961853027344,0.0479999542236329,0.007999992370605447,0.0,0.08799991607666025,781.0
907,600028.SS,Hang Seng (China A) Corporate Sustainability Index,Inclusion,2020,0.002512560405862674,0.002512560405862674,-0.005025120811725348,-0.005025120811725348,0.03266334518038039,0.0,0.0,0.037688465992105735,781.0
546,601828.SS,Hang Seng Stock Connect China AH Index Series,Exclusion,2019,-0.1124902471254503,0.07835536931603859,0.038014053905450984,0.038014053905450984,-0.04189290446484095,0.1908456164414889,0.0,-0.07990695837029194,781.0
769,0215.HK,Hang Seng Corporate Sustainability Benchmark Index,Exclusion,2019,0.04347830593924007,-0.036231849629747126,-0.014492739851898917,-0.014492739851898917,0.10144926534683552,-0.0797101555689872,0.0,0.11594200519873443,781.0
1273,600018.SS,Hang Seng China A Industry Top Index,Removal,2021,-0.1423670556720067,0.020583171034211478,0.012006890665082315,0.012006890665082315,-0.03945111871069773,0.16295022670621817,0.0,-0.051458009375780045,781.0
1429,0857.HK,Hang Seng China Enterprises Index,Inclusion,2022,-0.10924366212280023,-0.01960782480441492,0.008403353487606458,0.008403353487606458,0.20728291971270885,0.08963583731838531,0.0,0.1988795662251024,781.0
258,3377.HK,Hang Seng Corporate Sustainability Benchmark Index,Inclusion,2017,-0.18604652452236814,0.04651167733574435,0.009689959731285613,0.009689959731285613,-0.06976737738815952,0.2325582018581125,0.0,-0.07945733711944514,781.0
875,3329.HK,Hang Seng Composite Index,Removal,2020,-0.008928562875609058,0.008928562875609058,-0.06250004656612851,-0.06250004656612851,-0.08035717231734663,0.017857125751218117,0.0,-0.017857125751218117,781.0
336,0992.HK,Hang Seng Index,Exclusion,2018,-0.11057687899064572,0.0,0.00721158916075737,0.00721158916075737,0.2259615605046772,0.11057687899064572,0.0,0.21874997134391982,781.0
1202,002717.SZ,Hang Seng Stock Connect Greater Bay Area Composite Index,Removal,2021,-0.07741936029678342,-0.016129017372408794,0.022580701230593636,0.022580701230593636,0.03548391512852067,0.06129034292437463,0.0,0.012903213897927035,781.0
1653,1890.HK,Hang Seng Composite Index,Removal,2024,0.059259201698670605,-0.00740740021233377,0.02222220063700142,0.02222220063700142,0.007407400212333881,-0.06666660191100438,0.0,-0.01481480042466754,781.0
989,9923.HK,Hang Seng Composite Index,Inclusion,2020,0.07050091149322246,0.03710575034102259,-0.07235624147443498,-0.07235624147443498,-0.2291280508199759,-0.03339516115219987,0.0,-0.1567718093455409,781.0
1379,3328.HK,Hang Seng Index,Removal,2021,-0.021834040676500743,-0.028384304935910154,0.0021834561241091954,0.0021834561241091954,0.03930137733061967,-0.006550264259409411,0.0,0.037117921206510474,781.0
1324,1383.HK,Hang Seng Composite Index,Removal,2021,0.20967741005130414,0.0,-0.016129016752173708,-0.016129016752173708,-0.5870967577573041,-0.20967741005130414,0.0,-0.5709677410051304,781.0
1167,0598.HK,Hang Seng Composite Index,Removal,2021,-0.08227847575988567,0.015822769290571248,-0.01265829088137238,-0.01265829088137238,0.17721516695222816,0.09810124505045692,0.0,0.18987345783360055,781.0
295,0267.HK,Hang Seng China Enterprises Index,Inclusion,2018,0.10375669192737735,0.010733442064713383,-0.008944577704835255,-0.008944577704835255,0.04293376825885353,-0.09302324986266397,0.0,0.05187834596368879,781.0
40,0291.HK,Hang Seng Index,Exclusion,2016,-0.175066356379042,-0.03580908547063222,-0.00530512893077395,-0.00530512893077395,0.13527840695832616,0.13925727090840978,0.0,0.1405835358891001,781.0
949,601658.SS,Hang Seng China A Top 100 Index,Inclusion,2020,0.010917072394709626,0.008733616270600209,-0.002183352011190909,-0.002183352011190909,0.07205238628891175,-0.0021834561241094175,0.0,0.07423573830010266,781.0
526,0612.HK,Hang Seng Composite LargeCap & MidCap Index,Inclusion,2019,0.1536796181141309,0.0,0.0,0.0,-0.0008658206681120273,-0.1536796181141309,0.0,-0.0008658206681120273,781.0
1801,0743.HK,Hang Seng Composite Index,Removal,2025,0.0,0.0,0.0,0.0,0.0,0.0,0.0,0.0,781.0
812,601788.SS,Hang Seng Stock Connect China AH Index Series,Inclusion,2019,-0.09608844323537569,-0.011054431284928556,0.020408143405366452,0.020408143405366452,-0.0051020763987182915,0.08503401195044713,0.0,-0.025510219804084744,781.0
838,1282.HK,Hang Seng Composite Index,Inclusion,2020,0.0,0.0,0.0,0.0,0.0,0.0,0.0,0.0,781.0
658,601788.SS,Hang Seng (China A) Corporate Sustainability Benchmark Index,Inclusion,2019,-0.09608844323537569,-0.011054431284928556,0.020408143405366452,0.020408143405366452,-0.0051020763987182915,0.08503401195044713,0.0,-0.025510219804084744,781.0
1130,1877.HK,Hang Seng Composite Index,Inclusion,2021,0.13147401720129492,0.021248318848291703,-0.020584369043018635,-0.021248420168268112,-0.015936315126201084,-0.11022569835300322,-0.0006640511252494763,0.004648053916817552,810.0
1140,3347.HK,Hang Seng Composite Index,Inclusion,2021,0.29879352680771176,0.003548616193463694,-0.021291697160782164,-0.022001355422371693,0.17104334384301878,-0.29524491061424807,-0.0007096582615895297,0.19233504100380094,811.0
191,000921.SZ,Hang Seng China AH Index Series,Inclusion,2017,0.04268295918455611,0.004573202754577732,0.010670757968286981,0.009908545394425428,0.07621951285995654,-0.03810975642997838,-0.0007622125738615537,0.06554875489166956,812.0
1388,0551.HK,Hang Seng Stock Connect Greater Bay Area Composite Index,Inclusion,2021,-0.022194800981332086,0.0098643559917031,-0.01109731229636668,-0.01233038619342941,-0.1824907034389074,0.032059156973035186,-0.0012330738970627309,-0.1713933911425407,813.0
1847,1364.HK,Hang Seng Composite Index,Inclusion,2025,-0.06415097218639443,0.024528287491708323,0.04339621202001043,0.041509448357348155,-0.19924530893001913,0.08867925967810275,-0.001886763662662272,-0.24264152095002955,814.0
1059,002815.SZ,Hang Seng Stock Connect Greater Bay Area Composite Index,Removal,2020,0.0166666501098216,0.0026041268267580353,-0.049479204436969626,-0.051562585371232594,-0.12864589179969266,-0.014062523283063566,-0.0020833809342629683,-0.07916668736272303,815.0
761,3301.HK,Hang Seng Composite LargeCap & MidCap Index,Inclusion,2019,0.005330510674289357,0.009594898879514036,-0.02132194102612306,-0.02345418596425264,0.007462653941384456,0.004264388205224678,-0.0021322449381295794,0.028784594967507515,816.0
1029,0384.HK,Hang Seng ESG 50 Index,Inclusion,2020,0.03167415581484567,0.0,0.013574625877024404,0.011312216999309177,0.31221717191985854,-0.03167415581484567,-0.0022624088777152274,0.29864254604283413,817.0
306,0041.HK,Hang Seng Composite LargeCap & MidCap Index,Exclusion,2018,0.040557628470927254,0.0,0.002534815518052902,0.0,0.012674270984291525,-0.040557628470927254,-0.002534815518052902,0.010139455466238623,818.0
992,9966.HK,Hang Seng Composite Index,Inclusion,2020,0.08387091852003525,0.032258064516129004,-0.04387098743069562,-0.04645163013089093,-0.006451637514175879,-0.05161285400390625,-0.0025806427001953125,0.03741934991651974,819.0
626,600337.SS,Hang Seng (China A) Corporate Sustainability Benchmark Index,Inclusion,2019,-0.07512952583793475,0.00259067117487799,0.028497444690130935,0.025906773515252945,0.028497444690130935,0.07772019701281274,-0.00259067117487799,0.0,820.0
1372,0659.HK,Hang Seng ESG 50 Index,Removal,2021,0.05427403391009755,0.02170961356403911,0.010854806782019555,0.008141105086514555,-0.006784325408489278,-0.03256442034605844,-0.0027137016955049997,-0.017639132190508833,821.0
1352,0659.HK,Hang Seng Corporate Sustainability Index,Removal,2021,0.05427403391009755,0.02170961356403911,0.010854806782019555,0.008141105086514555,-0.006784325408489278,-0.03256442034605844,-0.0027137016955049997,-0.017639132190508833,821.0
1460,0881.HK,Hang Seng China Enterprises Index,Removal,2024,-0.0862308596140351,-0.0013908524064326633,-0.011126553973489273,-0.01390819246686159,-0.01668983096023402,0.08484000720760243,-0.002781638493372318,-0.005563276986744747,823.0
1499,0881.HK,Hang Seng Stock Connect China Enterprises Index,Removal,2024,-0.0862308596140351,-0.0013908524064326633,-0.011126553973489273,-0.01390819246686159,-0.01668983096023402,0.08484000720760243,-0.002781638493372318,-0.005563276986744747,823.0
1200,002303.SZ,Hang Seng Stock Connect Greater Bay Area Composite Index,Removal,2021,-0.056497189220031774,0.0056497121870149325,0.011299424374030087,0.00847456828052251,0.025423772191449423,0.062146901407046706,-0.0028248560935075773,0.014124347817419336,825.0
1766,1177.HK,Hang Seng China Enterprises Index,Removal,2025,-0.11077841169678726,-0.005988018395350125,0.002994009197675007,0.0,0.3622755412155423,0.10479039330143713,-0.002994009197675007,0.3592815320178673,826.0
1852,0772.HK,Hang Seng TECH Index,Removal,2025,-0.09106527779352669,0.018900317176998138,0.003436439180715789,0.0,0.387628884494049,0.10996559497052483,-0.003436439180715789,0.3841924453133332,827.0
459,0045.HK,Hang Seng Corporate Sustainability Benchmark Index,Inclusion,2018,-0.062166944497002885,-0.0035523944085211756,-0.03907642318949678,-0.042628817598017954,0.07104797286618769,0.05861455008848171,-0.0035523944085211756,0.11012439605568447,828.0
213,0991.HK,Hang Seng Composite LargeCap & MidCap Index,Exclusion,2017,-0.019379827052266485,-0.003875965410453319,-0.027131757873173123,-0.031007723283626443,0.007751930820906638,0.015503861641813166,-0.003875965410453319,0.03488368869407976,829.0
252,0991.HK,Hang Seng Corporate Sustainability Benchmark Index,Inclusion,2017,-0.019379827052266485,-0.003875965410453319,-0.027131757873173123,-0.031007723283626443,0.007751930820906638,0.015503861641813166,-0.003875965410453319,0.03488368869407976,829.0
192,0991.HK,Hang Seng China AH Index Series,Inclusion,2017,-0.019379827052266485,-0.003875965410453319,-0.027131757873173123,-0.031007723283626443,0.007751930820906638,0.015503861641813166,-0.003875965410453319,0.03488368869407976,829.0
106,600600.SS,Hang Seng China AH Index Series,Exclusion,2017,-0.020339957403703535,-0.0012142411201452319,-0.001517888255769595,-0.005464490366730912,0.000607178463797986,0.019125716283558303,-0.003946602110961317,0.002125066719567581,832.0
71,0081.HK,Hang Seng Composite LargeCap & MidCap Index,Exclusion,2016,-0.08000004309666375,-0.01999988834046207,0.0,-0.003999762184773603,0.1680001002976903,0.060000154756201685,-0.003999762184773603,0.1680001002976903,833.0
1465,0921.HK,Hang Seng Composite Index,Inclusion,2024,-0.24040407122987695,0.002020171194365483,0.04040404040404044,0.0363636209507181,0.43434343434343425,0.24242424242424243,-0.004040419453322341,0.3939393939393938,834.0
704,600029.SS,Hang Seng China A Industry Top Index,Exclusion,2019,-0.06618705766491395,-0.0014388132833250689,0.002877695176315198,-0.0014388132833250689,-0.04028773246841244,0.06474824438158888,-0.004316508459640267,-0.04316542764472764,835.0
1002,0582.HK,Hang Seng Composite Index,Removal,2020,0.086956365398835,0.030434951840208502,0.004347859274984156,0.0,-0.03913060730549622,-0.0565214135586265,-0.004347859274984156,-0.04347846658048038,836.0
1850,2057.HK,Hang Seng Index,Inclusion,2025,0.099851039195191,-0.005961274738824018,0.041728809469909534,0.037257824990326815,0.05588673748549011,-0.10581231393401502,-0.004470984479582718,0.014157928015580579,837.0
1242,600377.SS,Hang Seng (China A) Corporate Sustainability Index,Removal,2021,-0.027777860562003376,-0.0034723015571050952,0.016203632417287173,0.01157400738678116,-0.011574117765748682,0.02430555900489828,-0.004629625030506013,-0.027777750183035854,838.0
925,1800.HK,Hang Seng China 50 Index,Removal,2020,0.09223304004760968,0.009708728874782357,-0.004854364437391179,-0.009708728874782357,-0.014563093312173536,-0.08252431117282732,-0.004854364437391179,-0.009708728874782357,839.0
708,000338.SZ,Hang Seng China A Industry Top Index,Inclusion,2019,-0.08934427619909502,-0.0213114945038263,0.005737758163354645,0.000819690904768855,0.14836069245198824,0.06803278169526872,-0.00491806725858579,0.1426229342886336,840.0
145,600606.SS,Hang Seng China 50 Index,Exclusion,2017,0.019736813976739986,0.0026315558724443466,-0.005263184211592331,-0.010526368423184662,-0.044736812165072526,-0.01710525810429564,-0.005263184211592331,-0.039473627953480195,841.0
1808,1541.HK,Hang Seng Composite Index,Removal,2025,-0.04385965059044994,-0.015789417326723676,-0.1333332942940325,-0.13859648917337009,1.4736843602258904,0.028070233263726263,-0.005263194879337574,1.607017654519923,842.0
1763,1541.HK,Hang Seng Biotech Index,Removal,2025,-0.04385965059044994,-0.015789417326723676,-0.1333332942940325,-0.13859648917337009,1.4736843602258904,0.028070233263726263,-0.005263194879337574,1.607017654519923,842.0
1195,300737.SZ,Hang Seng Stock Connect Greater Bay Area Composite Index,Inclusion,2021,0.019274342066892602,0.0,0.0,-0.005291011126395184,0.4002266890367092,-0.019274342066892602,-0.005291011126395184,0.4002266890367092,844.0
1533,601319.SS,Hang Seng Stock Connect China Enterprises Index,Inclusion,2024,0.026666641235351562,0.003809520176478731,-0.013333366030738425,-0.01904760088239399,0.16761906941731763,-0.02285712105887283,-0.005714234851655564,0.18095243544805606,845.0
491,1109.HK,Hang Seng Corporate Sustainability Index,Inclusion,2018,0.07809520903087797,-0.007619076683407777,-0.030476161411830405,-0.03619050525483636,0.12761906215122765,-0.08571428571428574,-0.0057143438430059534,0.15809522356305805,846.0
780,0123.HK,Hang Seng Corporate Sustainability Benchmark Index,Inclusion,2019,-0.04624284127143874,0.0,0.0,-0.005780406415092476,-0.04046249343481778,0.04624284127143874,-0.005780406415092476,-0.04046249343481778,847.0
104,601229.SS,Hang Seng China 50 Index,Inclusion,2017,-0.04617309466621988,0.012895138710945941,0.003327711121560828,-0.0024958302711520775,0.02870218890819265,0.059068233377165824,-0.005823541392712905,0.02537447778663182,848.0
311,2199.HK,Hang Seng Composite LargeCap & MidCap Index,Exclusion,2018,0.03529408299799286,0.0,-0.014705938038939936,-0.020588285205272117,0.004411725313194337,-0.03529408299799286,-0.00588234716633218,0.019117663352134273,849.0
356,601618.SS,Hang Seng (China A) Corporate Sustainability Benchmark Index,Inclusion,2018,0.044117603747491074,-0.01176476445577379,-0.01176476445577379,-0.01764711162210597,-0.08529417415803531,-0.055882368203264865,-0.00588234716633218,-0.07352940970226152,849.0
1497,000333.SZ,Hang Seng Stock Connect China Enterprises Index,Inclusion,2024,-0.12595009450650474,-0.02854040821697723,0.002016399115193801,-0.0038777725339909086,0.004498230340256537,0.09740968628952751,-0.00589417164918471,0.002481831225062736,851.0
264,0288.HK,Hang Seng Index,Inclusion,2017,-0.11533885942817645,-0.02734834083345472,-0.007134300479309186,-0.013079626477174644,-0.013079626477174644,0.08799051859472173,-0.005945325997865458,-0.005945325997865458,852.0
273,000166.SZ,Hang Seng China 50 Index,Exclusion,2018,0.12224452134147401,0.008016120345677225,0.0020040539760575182,-0.004008012393562077,-0.07014026466661338,-0.11422840099579679,-0.006012066369619595,-0.0721443186426709,853.0
1025,0069.HK,Hang Seng Corporate Sustainability Index,Removal,2020,-0.1186440690419085,0.02157170235132888,-0.015408306341949118,-0.021571628878728766,0.1402157713932375,0.14021577139323738,-0.006163322536779647,0.1556240777351866,854.0
1032,2319.HK,Hang Seng ESG 50 Index,Inclusion,2020,-0.062169273056944085,0.006613756747245958,-0.011904782328626462,-0.01851853907587242,0.07671961863522037,0.06878302980419004,-0.006613756747245958,0.08862440096384683,855.0
1023,2319.HK,Hang Seng Corporate Sustainability Index,Inclusion,2020,-0.062169273056944085,0.006613756747245958,-0.011904782328626462,-0.01851853907587242,0.07671961863522037,0.06878302980419004,-0.006613756747245958,0.08862440096384683,855.0
1031,0836.HK,Hang Seng ESG 50 Index,Inclusion,2020,0.11373876304791297,0.0078828484146507,-0.015765804225056357,-0.022522500753112684,-0.08558561025758338,-0.10585591463326227,-0.006756696528056327,-0.06981980603252702,857.0
729,600031.SS,Hang Seng China A Top 100 Index,Inclusion,2019,-0.08610172595007948,-0.010169465663069421,0.008135585461632733,0.0013559632382149633,0.054237301066770494,0.07593226028701006,-0.006779622223417769,0.04610171560513776,858.0
458,0010.HK,Hang Seng Corporate Sustainability Benchmark Index,Inclusion,2018,0.059523809523809534,-0.004761922927129847,-0.023809523809523836,-0.03095236278715585,0.028571446736653572,-0.06428573245093938,-0.007142838977632016,0.05238097054617741,859.0
59,600875.SS,Hang Seng China A Top 100 Index,Exclusion,2016,-0.006141291382337655,0.0051176289373471295,0.0020470320524359487,-0.0051177265498622004,0.08495392884516195,0.011258920319684784,-0.007164758602298149,0.082906896792726,860.0
1415,0291.HK,Hang Seng Index,Inclusion,2021,-0.005613447998180199,-0.002405737206936709,-0.022453853174715377,-0.029671187159514556,0.019246203565466358,0.00320771079124349,-0.007217333984799179,0.041700056740181735,861.0
1135,2126.HK,Hang Seng Composite Index,Inclusion,2021,0.2011834139216364,0.023668617015333293,-0.042899431824530265,-0.050295881695626155,-0.2307692134060203,-0.17751479690630312,-0.007396449871095889,-0.18786978158149004,862.0
1005,0709.HK,Hang Seng Composite Index,Removal,2020,-0.11363643136891177,0.015151500099837678,0.045454500299513256,0.03787875024959453,-0.0681818407593342,0.12878793146874945,-0.007575750049918728,-0.11363634105884746,863.0
1170,0808.HK,Hang Seng Composite Index,Removal,2021,-0.09090909090909094,0.003787875024959364,0.0,-0.007575840359983155,0.1212120911087664,0.0946969659340503,-0.007575840359983155,0.1212120911087664,864.0
1871,600887.SS,Hang Seng HKEX Stock Connect China Enterprises Index,Removal,2025,-0.056362349808661616,0.0024204597039956255,-0.0027662490835064224,-0.010373417575004096,-0.08575378754128049,0.05878280951265724,-0.007607168491497673,-0.08298753845777407,865.0
917,601607.SS,Hang Seng (China A) Corporate Sustainability Index,Removal,2020,0.13360329652999825,0.01889339113552202,-0.03733692941059574,-0.04498425643689419,-0.10481331406593708,-0.11470990539447623,-0.007647327026298445,-0.06747638465534134,866.0
944,601607.SS,Hang Seng China A Industry Top Index,Removal,2020,0.13360329652999825,0.01889339113552202,-0.03733692941059574,-0.04498425643689419,-0.10481331406593708,-0.11470990539447623,-0.007647327026298445,-0.06747638465534134,866.0
1102,601888.SS,Hang Seng China 50 Index,Inclusion,2021,0.12132771436154788,-0.02465985195211995,-0.0375230785421512,-0.045312009462313285,0.013089388659170531,-0.14598756631366783,-0.007788930920162085,0.05061246720132173,868.0
391,000876.SZ,Hang Seng China A Top 100 Index,Exclusion,2018,0.10810808416175743,-0.010135125338900708,0.0050675223960423565,-0.0033783751129669026,0.23479727171824072,-0.11824320950065814,-0.00844589750900926,0.22972974932219836,869.0
1065,0241.HK,Hang Seng China Enterprises Index,Inclusion,2020,-0.033259424628599876,0.028824902344592562,0.019955688610396205,0.01108647487620007,0.17516633687719563,0.06208432697319244,-0.008869213734196135,0.15521064826679942,870.0
1407,6055.HK,Hang Seng Stock Connect Greater Bay Area Composite Index,Removal,2021,-0.013959407603664542,-0.01903554482093739,0.006345141265426513,-0.002538068608636368,0.14213196310829557,-0.005076137217272847,-0.00888320987406288,0.13578682184286905,871.0
1155,9995.HK,Hang Seng Composite Index,Inclusion,2021,0.2511170517510892,-0.0795353119259844,-0.14209116451353887,-0.15102771488318945,0.09919569546702833,-0.3306523636770736,-0.008936550369650575,0.2412868599805672,872.0
652,601326.SS,Hang Seng (China A) Corporate Sustainability Benchmark Index,Inclusion,2019,-0.09009007783471823,0.003003000207918216,0.0,-0.009009000623754537,-0.05705700395044555,0.09309307804263645,-0.009009000623754537,-0.05705700395044555,873.0
188,0548.HK,Hang Seng China AH Index Series,Inclusion,2017,-0.08758170822764744,-0.001307219445381702,0.0,-0.009150349122710066,0.007843129677328253,0.08627448878226573,-0.009150349122710066,0.007843129677328253,874.0
1047,002243.SZ,Hang Seng Stock Connect Greater Bay Area Composite Index,Inclusion,2020,0.1501057207489631,-0.00916132238272338,-0.014094419674375636,-0.023255809264593363,-0.1310782037829351,-0.1592670431316865,-0.009161389590217728,-0.11698378410855947,875.0
347,601628.SS,Hang Seng (China A) Corporate Sustainability Benchmark Index,Exclusion,2018,0.03430689761649508,0.0027816164483664974,-0.014371788146884779,-0.023643960876096437,-0.01251740665663803,-0.03152528116812858,-0.009272172729211658,0.0018543814902467481,876.0
364,601628.SS,Hang Seng (China A) Corporate Sustainability Index,Exclusion,2018,0.03430689761649508,0.0027816164483664974,-0.014371788146884779,-0.023643960876096437,-0.01251740665663803,-0.03152528116812858,-0.009272172729211658,0.0018543814902467481,876.0
1615,1836.HK,Hang Seng Composite Index,Inclusion,2024,-0.10162601468425825,-0.024390284875953183,-0.027100309349716856,-0.036585362701849755,-0.028455289280558738,0.07723572980830506,-0.0094850533521329,-0.001354979930841882,878.0
1026,1109.HK,Hang Seng Corporate Sustainability Index,Removal,2020,-0.11517614699878442,0.028455262700305184,-0.01897020959331197,-0.028455366079630617,-0.10027101923951276,0.1436314096990896,-0.009485156486318647,-0.08130080964620079,879.0
1062,0315.HK,Hang Seng Stock Connect Greater Bay Area Composite Index,Removal,2020,-0.04047609694690235,0.0023810069847565174,0.004761900436850874,-0.004761900436850985,0.042857217464320696,0.04285710393165887,-0.00952380087370186,0.03809531702746982,880.0
958,600795.SS,Hang Seng China A Top 100 Index,Removal,2020,-0.028708107772046687,-0.009569369257348859,0.0,-0.009569369257348859,0.04306227573395005,0.01913873851469783,-0.009569369257348859,0.04306227573395005,881.0
788,3988.HK,Hang Seng Corporate Sustainability Benchmark Index,Inclusion,2019,-0.025889943666086213,-0.003236242958260749,0.0,-0.009708728874782357,0.006472485916521498,0.022653700707825464,-0.009708728874782357,0.006472485916521498,882.0
152,601727.SS,Hang Seng China A Industry Top Index,Exclusion,2017,-0.05795312084935578,0.02096178588046893,-0.0012329563046635794,-0.01109731229636668,-0.14796545746794632,0.07891490672982471,-0.0098643559917031,-0.14673250116328274,883.0
166,601727.SS,Hang Seng China A Top 100 Index,Exclusion,2017,-0.05795312084935578,0.02096178588046893,-0.0012329563046635794,-0.01109731229636668,-0.14796545746794632,0.07891490672982471,-0.0098643559917031,-0.14673250116328274,883.0
1216,6666.HK,Hang Seng China Enterprises Index,Inclusion,2021,0.4835164213278458,0.025274673911517054,-0.00989012624341834,-0.01978025248683668,-0.3582417683762029,-0.4582417474163287,-0.00989012624341834,-0.3483516421327846,885.0
208,6881.HK,Hang Seng China AH Index Series,Inclusion,2017,0.011412256932096465,0.011412256932096465,-0.012838823059816984,-0.02282458188660985,-0.11269620726049512,0.0,-0.009985758826792868,-0.09985738420067813,886.0
142,6099.HK,Hang Seng Composite LargeCap & MidCap Index,Inclusion,2017,-0.0033332594226684886,0.0033334267675699802,0.0016666715475597282,-0.008333357737798197,0.006666686190238469,0.006666686190238469,-0.010000029285357925,0.005000014642678741,887.0
119,6099.HK,Hang Seng China AH Index Series,Inclusion,2017,-0.0033332594226684886,0.0033334267675699802,0.0016666715475597282,-0.008333357737798197,0.006666686190238469,0.006666686190238469,-0.010000029285357925,0.005000014642678741,887.0
253,1109.HK,Hang Seng Corporate Sustainability Benchmark Index,Inclusion,2017,-0.01632651504205196,-0.002040785186144811,-0.014285729855907259,-0.02448981148856022,-0.09183673469387754,0.014285729855907148,-0.010204081632652962,-0.07755100483797028,889.0
998,0078.HK,Hang Seng Composite Index,Removal,2020,-0.01369861671503625,-0.03767127761654587,0.017123270893795395,0.006849308357518069,-0.04452058597406394,-0.023972660901509624,-0.010273962536277326,-0.06164385686785934,890.0
124,1658.HK,Hang Seng China Enterprises Index,Inclusion,2017,-0.035343051625008504,-0.0020789505537704978,0.010395050172489206,0.0,-0.049896002905038705,0.033264101071238006,-0.010395050172489206,-0.06029105307752791,891.0
103,1658.HK,Hang Seng China 50 Index,Inclusion,2017,-0.035343051625008504,-0.0020789505537704978,0.010395050172489206,0.0,-0.049896002905038705,0.033264101071238006,-0.010395050172489206,-0.06029105307752791,891.0
827,601390.SS,Hang Seng China 50 Index,Removal,2020,-0.10069450998195639,0.02951381817736287,-0.03125005174014095,-0.04166670805877948,-0.07986111456045386,0.13020832815931926,-0.010416656318638529,-0.04861106282031291,893.0
646,601138.SS,Hang Seng (China A) Corporate Sustainability Benchmark Index,Inclusion,2019,-0.1972567194638445,-0.007184886174831151,0.003265789398443353,-0.007184886174831151,0.14500327930653234,0.19007183328901334,-0.010450675573274504,0.141737489908089,894.0
690,601138.SS,Hang Seng (China A) Corporate Sustainability Index,Inclusion,2019,-0.1972567194638445,-0.007184886174831151,0.003265789398443353,-0.007184886174831151,0.14500327930653234,0.19007183328901334,-0.010450675573274504,0.141737489908089,894.0
512,0315.HK,Hang Seng Composite LargeCap & MidCap Index,Exclusion,2019,0.10223265125263037,0.015276158747882906,0.010575810830467658,0.0,-0.10340776624826775,-0.08695649250474746,-0.010575810830467658,-0.11398357707873541,896.0
486,0069.HK,Hang Seng Corporate Sustainability Index,Inclusion,2018,0.05141843416988112,0.05673762043203312,-0.01773047996451116,-0.028368767943217854,0.00886528225505434,0.005319186262151998,-0.010638287978706695,0.0265957622195655,897.0
54,601186.SS,Hang Seng China A Industry Top Index,Inclusion,2016,-0.06510135156109975,-0.006403358236412915,-0.006403358236412915,-0.017075757669826497,0.3084312036947603,0.05869799332468684,-0.010672399433413582,0.3148345619311732,898.0
251,0778.HK,Hang Seng Corporate Sustainability Benchmark Index,Inclusion,2017,0.034151515339652994,-0.002134418818956263,-0.010672297653869567,-0.02134469708728315,0.029882575922196564,-0.036285934158609257,-0.010672399433413582,0.04055487357606613,898.0
239,1963.HK,Hang Seng Corporate Sustainability Benchmark Index,Exclusion,2017,0.01232671854615952,0.01232671854615952,-0.009244983805169471,-0.020030761508233796,-0.052388241562627,0.0,-0.010785777703064325,-0.04314325775745753,900.0
747,0511.HK,Hang Seng Composite LargeCap & MidCap Index,Exclusion,2019,-0.08217050366573198,-0.021705406298538565,-0.012403089313450577,-0.02325575549859793,-0.04651158492543972,0.06046509736719341,-0.010852666185147353,-0.03410849561198914,901.0
55,601318.SS,Hang Seng China A Industry Top Index,Inclusion,2016,-0.07687895175710246,-0.014056272802281389,-0.002868682933661937,-0.013769349794382824,0.03757881628392035,0.06282267895482108,-0.010900666860720887,0.04044749921758228,902.0
687,600115.SS,Hang Seng (China A) Corporate Sustainability Index,Inclusion,2019,-0.07312607566229157,0.0018281954781365073,0.003656303783114545,-0.007312607566229201,-0.06398535979108433,0.07495427114042807,-0.010968911349343746,-0.06764166357419887,903.0
705,600115.SS,Hang Seng China A Industry Top Index,Exclusion,2019,-0.07312607566229157,0.0018281954781365073,0.003656303783114545,-0.007312607566229201,-0.06398535979108433,0.07495427114042807,-0.010968911349343746,-0.06764166357419887,903.0
92,2588.HK,Hang Seng Composite LargeCap & MidCap Index,Inclusion,2016,-0.07493855478837752,0.006142506027362105,-0.006142506027362105,-0.017199035622054826,-0.02088457672935362,0.08108106081573963,-0.011056529594692721,-0.014742070701991516,905.0
566,600547.SS,Hang Seng Stock Connect China AH Index Series,Inclusion,2019,-0.03134797560779812,0.026645673794438274,0.002821263896693571,-0.00846402607272545,0.029153568094896887,0.05799364940223639,-0.011285289969419021,0.026332304198203316,906.0
517,0751.HK,Hang Seng Composite LargeCap & MidCap Index,Exclusion,2019,-0.0716981322199216,0.022641487026521023,0.02641506819760786,0.015094324684347349,-0.2037736531465043,0.09433961924644263,-0.011320743513260512,-0.23018872134411217,907.0
1231,9990.HK,Hang Seng TECH Index,Removal,2021,0.08746354124707367,0.03498538869491408,0.013119486005698455,0.0014576897740605776,-0.3338192299246868,-0.052478152552159596,-0.011661796231637878,-0.3469387159303853,908.0
786,3396.HK,Hang Seng Corporate Sustainability Benchmark Index,Inclusion,2019,-0.015204691408286952,-0.01286556817516371,0.022222172648509675,0.01052633340118736,-0.05146204961894851,0.0023391232331232414,-0.011695839247322315,-0.07368422226745819,909.0
927,600050.SS,Hang Seng China 50 Index,Removal,2020,-0.011787807658323102,0.005893856988577584,-0.005893950669745407,-0.017681758328068398,-0.06090371974191966,0.017681664646900686,-0.01178780765832299,-0.05500976907217425,910.0
400,601898.SS,Hang Seng China A Top 100 Index,Inclusion,2018,-0.017681758328068398,-0.01964643977837288,-0.00982321988918644,-0.02161102754750943,-0.03929278587557794,-0.001964681450304484,-0.01178780765832299,-0.0294695659863915,910.0
249,0480.HK,Hang Seng Corporate Sustainability Benchmark Index,Inclusion,2017,-0.11788623823399347,-0.04065037183416442,0.022357811118734805,0.010162486348596511,-0.032520404077275966,0.07723586639982905,-0.012195324770138294,-0.05487821519601077,912.0
712,300760.SZ,Hang Seng China A Industry Top Index,Inclusion,2019,-0.1255725166070376,-0.005834199024202902,-0.006106843808400875,-0.01848418485532688,-0.008178844328896928,0.11973831758283471,-0.012377341046926005,-0.0020720005204960534,913.0
746,0127.HK,Hang Seng Composite LargeCap & MidCap Index,Exclusion,2019,0.09447410345054141,-0.048128337700657275,-0.02852055622840688,-0.0409982198929828,0.08377892673902965,-0.1426024411511987,-0.012477663664575922,0.11229948296743653,914.0
1018,2362.HK,Hang Seng Composite Index,Removal,2020,0.07692308280124727,0.01282057748038623,-0.025641002128344415,-0.03846150319251662,0.038461579608730645,-0.06410250532086104,-0.012820501064172207,0.06410258173707506,915.0
1768,0041.HK,Hang Seng Composite Index,Inclusion,2025,-0.12066115637342101,-0.0280991852784217,0.05123965834815736,0.03801653087973689,0.11900822603184014,0.0925619710949993,-0.01322312746842047,0.06776856768368278,916.0
947,003816.SZ,Hang Seng China A Top 100 Index,Inclusion,2020,0.009999990463256836,0.009999990463256836,-0.009999990463256836,-0.023333311080932617,-0.07333334287007653,0.0,-0.013333320617675781,-0.0633333524068197,917.0
929,003816.SZ,Hang Seng China A Industry Top Index,Inclusion,2020,0.009999990463256836,0.009999990463256836,-0.009999990463256836,-0.023333311080932617,-0.07333334287007653,0.0,-0.013333320617675781,-0.0633333524068197,917.0
574,1816.HK,Hang Seng China Enterprises Index,Exclusion,2019,-0.07623321741700095,-0.026905803706885,-0.00896860123562837,-0.02242150308907087,-0.08071751803481508,0.04932741371011595,-0.0134529018534425,-0.07174891679918671,919.0
763,3883.HK,Hang Seng Composite LargeCap & MidCap Index,Inclusion,2019,-0.038381729500182704,-0.01452285667393427,-0.048755212685688276,-0.06224070125529846,0.22821573972131537,0.023858872826248434,-0.013485488569610182,0.27697095240700365,920.0
787,3883.HK,Hang Seng Corporate Sustainability Benchmark Index,Inclusion,2019,-0.038381729500182704,-0.01452285667393427,-0.048755212685688276,-0.06224070125529846,0.22821573972131537,0.023858872826248434,-0.013485488569610182,0.27697095240700365,920.0
790,0941.HK,Hang Seng Corporate Sustainability Index,Exclusion,2019,-0.01815426589929503,-0.0007563604162994508,-0.001512836254606631,-0.015128593390081768,-0.10136152954474442,0.01739790548299558,-0.013615757135475137,-0.09984869329013779,922.0
404,0400.HK,Hang Seng Composite LargeCap & MidCap Index,Exclusion,2018,0.0341296595065419,-0.010238897851962525,-0.06143346848330222,-0.07508533228591907,0.05119448925981285,-0.044368557358504424,-0.013651863802616848,0.11262795774311507,923.0
755,2888.HK,Hang Seng Composite LargeCap & MidCap Index,Exclusion,2019,-0.040963843165631286,-0.023293184946818535,0.003212863661677945,-0.010441791580384052,0.125301253843499,0.01767065821881275,-0.013654655242061997,0.12208839018182105,924.0
670,603588.SS,Hang Seng (China A) Corporate Sustainability Benchmark Index,Inclusion,2019,-0.0648057063641404,-0.00897318908316258,0.014955117367660753,0.000996913883312578,-0.07876383568438483,0.05583251728097782,-0.013958203484348175,-0.09371895305204558,925.0
217,2877.HK,Hang Seng Composite LargeCap & MidCap Index,Exclusion,2017,0.06713286890506254,-0.0013986333913919013,-0.013986000461365,-0.02797206761324067,-0.013986000461365,-0.06853150229645444,-0.01398606715187567,0.0,926.0
733,601319.SS,Hang Seng China A Top 100 Index,Inclusion,2019,-0.10163927762554892,-0.005464397720770453,0.002185842469672572,-0.01202182090308268,-0.25901633962063564,0.09617487990477847,-0.014207663372755253,-0.2612021820903082,927.0
701,601319.SS,Hang Seng China 50 Index,Inclusion,2019,-0.10163927762554892,-0.005464397720770453,0.002185842469672572,-0.01202182090308268,-0.25901633962063564,0.09617487990477847,-0.014207663372755253,-0.2612021820903082,927.0
1218,0762.HK,Hang Seng China Enterprises Index,Removal,2021,0.0783847792674377,-0.004750589250663406,0.004750589250663406,-0.009501178501326923,-0.0023753512568226443,-0.0831353685181011,-0.01425176775199033,-0.0071259405074860505,929.0
918,601618.SS,Hang Seng (China A) Corporate Sustainability Index,Removal,2020,0.0,0.00716845204299954,-0.00358422602149977,-0.01792113010749863,-0.035842260214997146,0.00716845204299954,-0.014336904085998858,-0.032258034193497376,930.0
1306,2362.HK,Hang Seng Composite Index,Inclusion,2021,-0.19424459259367255,-0.07913670175336285,-0.021582713452168112,-0.03597118908694685,-0.16546764132411507,0.1151078908403097,-0.014388475634778741,-0.14388492787194695,931.0
362,600000.SS,Hang Seng (China A) Corporate Sustainability Index,Exclusion,2018,-0.011776240480921407,-0.004906696675120559,-0.0009812831814801637,-0.015701653974561913,0.06280670948748757,0.0068695438058008484,-0.01472037079308175,0.06378799266896773,932.0
341,600000.SS,Hang Seng (China A) Corporate Sustainability Benchmark Index,Exclusion,2018,-0.011776240480921407,-0.004906696675120559,-0.0009812831814801637,-0.015701653974561913,0.06280670948748757,0.0068695438058008484,-0.01472037079308175,0.06378799266896773,932.0
1418,9999.HK,Hang Seng Index,Inclusion,2021,-0.06264770115787333,0.050236407525468874,-0.047281324729853136,-0.06205673870793227,-0.15839245588140205,0.1128841086833422,-0.014775413978079133,-0.11111113115154891,934.0
965,6030.HK,Hang Seng China Enterprises Index,Removal,2020,0.006486480560376595,0.006486480560376595,-0.0400000337332409,-0.05513519017957891,-0.02594592224150638,0.0,-0.015135156446338005,0.014054111491734522,935.0
1862,2590.HK,Hang Seng Composite Index,Inclusion,2025,-0.012096743802001209,0.034677445032594845,-0.008064470231593623,-0.023387094417298027,-0.21572575156075724,0.04677418883459605,-0.015322624185704403,-0.20766128132916362,936.0
939,600023.SS,Hang Seng China A Industry Top Index,Removal,2020,-0.10051548798997167,0.007731951161061623,-0.01804128082389589,-0.033505183146019135,-0.06701036629203816,0.1082474391510333,-0.015463902322123246,-0.04896908546814227,937.0
954,600023.SS,Hang Seng China A Top 100 Index,Removal,2020,-0.10051548798997167,0.007731951161061623,-0.01804128082389589,-0.033505183146019135,-0.06701036629203816,0.1082474391510333,-0.015463902322123246,-0.04896908546814227,937.0
798,601598.SS,Hang Seng Stock Connect China AH Index Series,Inclusion,2019,-0.09292037125359753,0.008849549119871458,0.006637214587376983,-0.008849549119871458,-0.06858405842647741,0.10176992037346899,-0.015486763707248441,-0.0752212730138544,939.0
591,000513.SZ,Hang Seng (China A) Corporate Sustainability Benchmark Index,Inclusion,2019,-0.13028165159469463,-0.012323957259540275,0.013028198739551522,-0.0024647780198752134,0.05352114359790017,0.11795769433515435,-0.015492976759426735,0.040492944858348645,940.0
177,600871.SS,Hang Seng China AH Index Series,Exclusion,2017,0.006249993946403354,0.0,0.0,-0.015624984866008385,-0.06875000791624175,-0.006249993946403354,-0.015624984866008385,-0.06875000791624175,941.0
41,1038.HK,Hang Seng Index,Inclusion,2016,0.009290041032676832,0.02322495070256747,0.003981460621540034,-0.011944280611870361,-0.013271400401467126,0.013934909669890638,-0.015925741233410395,-0.01725286102300716,942.0
1512,002163.SZ,Hang Seng Stock Connect Greater Bay Area Composite Index,Removal,2024,0.023284379609133765,0.003676437932864207,-0.007352875865728303,-0.023284321173206446,-0.18137255474862035,-0.019607941676269558,-0.015931445307478143,-0.17401967888289205,943.0
612,600012.SS,Hang Seng (China A) Corporate Sustainability Benchmark Index,Inclusion,2019,-0.04092527113114086,-0.0017793153466733047,0.012455546812597973,-0.0035587155398179027,0.019572977892233778,0.039145955784467557,-0.016014262352415876,0.007117431079635805,944.0
1060,0215.HK,Hang Seng Stock Connect Greater Bay Area Composite Index,Removal,2020,0.02459013990675496,0.0,-0.01639342660450327,-0.032786950921536606,-0.00819671330225158,-0.02459013990675496,-0.016393524317033337,0.00819671330225169,945.0
624,600323.SS,Hang Seng (China A) Corporate Sustainability Benchmark Index,Inclusion,2019,-0.09025863416413049,-0.01871217122511093,0.023665399194840564,0.007154604304939305,-0.07539905522734769,0.07154646293901956,-0.01651079488990126,-0.09906445442218825,946.0
994,9969.HK,Hang Seng Composite Index,Inclusion,2020,0.1884297240571038,0.03966938240526119,-0.09917361364526622,-0.11570252298079176,0.07107434955078795,-0.1487603416518426,-0.016528909335525532,0.17024796319605418,947.0
919,601991.SS,Hang Seng (China A) Corporate Sustainability Index,Removal,2020,-0.00826445466776271,0.008264454667762822,-0.00826445466776271,-0.024793462523359122,-0.04132237185888454,0.016528909335525532,-0.01652900785559641,-0.03305791719112183,948.0
323,1141.HK,Hang Seng Composite LargeCap & MidCap Index,Inclusion,2018,-0.05000003178914392,0.016666650772094727,0.0,-0.016666650772094727,-0.16666666666666663,0.06666668256123864,-0.016666650772094727,-0.16666666666666663,949.0
180,6178.HK,Hang Seng China AH Index Series,Exclusion,2017,0.007407400212333881,0.009259206113829244,0.0,-0.016666694629339007,-0.11018523268902336,0.0018518059014953625,-0.016666694629339007,-0.11018523268902336,950.0
185,600377.SS,Hang Seng China AH Index Series,Inclusion,2017,-0.0211907206236549,0.008072646310579579,0.007063541463373291,-0.010090759771456903,-0.02926336693423437,0.02926336693423448,-0.017154301234830194,-0.03632690839760766,951.0
681,000825.SZ,Hang Seng (China A) Corporate Sustainability Index,Inclusion,2019,-0.06403940742059633,0.0073892143426512735,0.0073892143426512735,-0.00985220749181659,0.0,0.0714286217632476,-0.017241421834467863,-0.0073892143426512735,952.0
595,000825.SZ,Hang Seng (China A) Corporate Sustainability Benchmark Index,Inclusion,2019,-0.06403940742059633,0.0073892143426512735,0.0073892143426512735,-0.00985220749181659,0.0,0.0714286217632476,-0.017241421834467863,-0.0073892143426512735,952.0
1188,002351.SZ,Hang Seng Stock Connect Greater Bay Area Composite Index,Inclusion,2021,-0.22378091661414667,0.004675998234842549,0.0060120341337677186,-0.011356050318072963,-0.04141615728121406,0.22845691484898922,-0.017368084451840682,-0.04742819141498178,954.0
457,3988.HK,Hang Seng Corporate Sustainability Benchmark Index,Exclusion,2018,0.05539353210028075,0.002915449057909525,-0.011661796231637989,-0.029154560088883508,0.002915449057909525,-0.052478083042371226,-0.01749276385724552,0.014577245289547514,955.0
485,3988.HK,Hang Seng Corporate Sustainability Index,Exclusion,2018,0.05539353210028075,0.002915449057909525,-0.011661796231637989,-0.029154560088883508,0.002915449057909525,-0.052478083042371226,-0.01749276385724552,0.014577245289547514,955.0
43,2016.HK,Hang Seng Composite LargeCap & MidCap Index,Inclusion,2016,0.0,0.0,0.0,-0.017857158515877658,0.015306287984175881,0.0,-0.017857158515877658,0.015306287984175881,957.0
1011,1681.HK,Hang Seng Composite Index,Removal,2020,-0.1130952047281244,-0.017857126384770328,0.017857197342682873,0.0,-0.07142857649699375,0.09523807834335407,-0.017857197342682873,-0.08928577383967662,958.0
1520,9698.HK,Hang Seng TECH Index,Removal,2024,-0.21870290513932633,0.0030165883229702484,0.00452484652388585,-0.013574683413935307,0.13876320669890752,0.22171949346229658,-0.018099529937821157,0.13423836017502166,959.0
448,2039.HK,Hang Seng Corporate Sustainability Benchmark Index,Exclusion,2018,0.09669527620153007,0.00856794251506865,-0.030599539560811517,-0.048959536442751084,0.05630368227384763,-0.08812733368646142,-0.018359996881939566,0.08690322183465915,960.0
662,601866.SS,Hang Seng (China A) Corporate Sustainability Benchmark Index,Inclusion,2019,-0.08455882965229367,0.007352934086817919,0.0036764670434088487,-0.014705868173635728,-0.0808823626088847,0.09191176373911158,-0.018382335217044576,-0.08455882965229355,961.0
657,601717.SS,Hang Seng (China A) Corporate Sustainability Benchmark Index,Inclusion,2019,-0.015384560208191234,-0.006837600428224233,0.10085472858224742,0.08205128664931749,0.05470088493642056,0.008546959779967,-0.018803441932929932,-0.046153843645826864,962.0
210,0245.HK,Hang Seng Composite LargeCap & MidCap Index,Exclusion,2017,-0.07692300638503313,-0.01923075159625831,-0.07692300638503313,-0.09615384968074836,-0.2884615031925166,0.05769225478877482,-0.019230843295715228,-0.2115384968074835,963.0
735,0489.HK,Hang Seng China Enterprises Index,Exclusion,2019,-0.06758617532664335,-0.0179310502677128,0.026206904444201262,0.006896578032394851,0.05517242694723201,0.04965512505893055,-0.01931032641180641,0.02896552250303075,964.0
60,601225.SS,Hang Seng China A Top 100 Index,Exclusion,2016,-0.01581724985638322,0.005272360750352201,0.049209091415716166,0.029876990260873537,-0.047451665766486406,0.02108961060673542,-0.01933210115484263,-0.09666075718220257,965.0
943,601186.SS,Hang Seng China A Industry Top Index,Removal,2020,0.01714281354631697,0.005714307512555861,-0.00571430751255575,-0.025142887660435265,-0.0354286193847656,-0.01142850603376111,-0.019428580147879515,-0.029714311872209853,966.0
1515,1686.HK,Hang Seng Stock Connect Greater Bay Area Composite Index,Removal,2024,0.042801609483159586,0.031128468561355316,0.003891046973934831,-0.015564187895738879,0.050583703431029026,-0.01167314092180427,-0.01945523486967371,0.046692656457094195,967.0
488,0316.HK,Hang Seng Corporate Sustainability Index,Inclusion,2018,0.6186275108187806,-0.009803921568627416,-0.019607843137254943,-0.039215686274509776,-0.02941176470588236,-0.6284314323874081,-0.019607843137254832,-0.009803921568627416,968.0
635,600750.SS,Hang Seng (China A) Corporate Sustainability Benchmark Index,Inclusion,2019,-0.12557077844298858,-0.0038052041355151056,0.0007610234083936795,-0.019025933584029153,-0.07914765378259903,0.12176557430747348,-0.019786956992422833,-0.0799086771909927,969.0
698,600018.SS,Hang Seng China 50 Index,Exclusion,2019,-0.02145216430171959,-0.009900980750178201,0.003300326916725993,-0.016501634583630298,-0.07260727085397367,0.011551183551541389,-0.01980196150035629,-0.07590759777069966,970.0
613,600018.SS,Hang Seng (China A) Corporate Sustainability Benchmark Index,Inclusion,2019,-0.02145216430171959,-0.009900980750178201,0.003300326916725993,-0.016501634583630298,-0.07260727085397367,0.011551183551541389,-0.01980196150035629,-0.07590759777069966,970.0
803,1528.HK,Hang Seng Stock Connect China AH Index Series,Inclusion,2019,-0.030769205939836675,-0.024615284056338393,-0.009230681086420112,-0.02923074564284478,-0.026153744353330177,0.006153921883498281,-0.020000064556424668,-0.016923063266910066,972.0
172,600688.SS,Hang Seng China A Top 100 Index,Inclusion,2017,0.06317416621089156,-0.004622455166284678,-0.007704116434674502,-0.027734951415508413,-0.021571628878728766,-0.06779662137717624,-0.02003083498083391,-0.013867512444054264,973.0
1396,002292.SZ,Hang Seng Stock Connect Greater Bay Area Composite Index,Removal,2021,-0.04021934161426033,-0.01645332343743644,0.0,-0.020109627220550985,-0.05484455674671862,0.02376601817682389,-0.020109627220550985,-0.05484455674671862,974.0
279,002352.SZ,Hang Seng China 50 Index,Inclusion,2018,-0.0009885933164817118,-0.0035587247659066845,0.0017792869638721953,-0.0183867194841576,-0.04310004401457579,-0.0025701314494249727,-0.020166006448029794,-0.044879330978447984,975.0
225,1515.HK,Hang Seng Composite LargeCap & MidCap Index,Inclusion,2017,0.009100019796696612,0.0,0.0050555344110077005,-0.015166892517436859,-0.03235597951364921,-0.009100019796696612,-0.02022242692844456,-0.037411513924656914,976.0
1090,1876.HK,Hang Seng Index,Inclusion,2020,-0.16635859988619373,0.022181160753885765,-0.007393673243317744,-0.02772643331436564,-0.16081325681374758,0.1885397606400795,-0.020332760071047895,-0.15341958357042984,977.0
1558,2129.HK,Hang Seng (China A) Corporate Sustainability Benchmark Index,Inclusion,2024,0.0,0.0,0.07142856599811886,0.05102043686708546,0.030612307736052058,0.0,-0.020408129131033403,-0.04081625826206681,978.0
1259,600104.SS,Hang Seng China 50 Index,Removal,2021,-0.014403327106651265,0.022119356654463518,0.026234578954272614,0.005658369340588276,0.07304526940759071,0.03652268376111478,-0.020576209613684338,0.04681069045331809,979.0
873,2232.HK,Hang Seng Composite Index,Removal,2020,0.2041666625274554,-0.012500086923436848,-0.02916673703325845,-0.050000049670535285,-0.29166667494508924,-0.21666674945089226,-0.020833312637276835,-0.2624999379118308,980.0
851,6069.HK,Hang Seng Composite Index,Inclusion,2020,-0.0558658697003811,0.00418997352621342,-0.07122901716667085,-0.09217875160299871,-0.03491620186142308,0.06005584322659452,-0.02094973443632786,0.03631281530524777,981.0
1514,0336.HK,Hang Seng Stock Connect Greater Bay Area Composite Index,Removal,2024,-0.08016870378753582,-0.021097027312509398,-0.008438810925003759,-0.029535838237513157,0.08860761531110106,0.059071676475026424,-0.021097027312509398,0.09704642623610482,982.0
370,601877.SS,Hang Seng (China A) Corporate Sustainability Index,Inclusion,2018,-0.024269704068644704,-0.00494384765625,-0.04044942105754035,-0.06157307142622015,0.020674116156074396,0.019325856412394704,-0.021123650368679803,0.06112353721361474,983.0
359,601877.SS,Hang Seng (China A) Corporate Sustainability Benchmark Index,Inclusion,2018,-0.024269704068644704,-0.00494384765625,-0.04044942105754035,-0.06157307142622015,0.020674116156074396,0.019325856412394704,-0.021123650368679803,0.06112353721361474,983.0
639,600871.SS,Hang Seng (China A) Corporate Sustainability Benchmark Index,Inclusion,2019,-0.0811965067397572,0.0,0.012820501064172207,-0.008547000709448138,-0.05982900496613697,0.0811965067397572,-0.021367501773620345,-0.07264950603030917,985.0
288,1065.HK,Hang Seng China AH Index Series,Exclusion,2018,0.028446309129240177,0.0,-0.015317323639383873,-0.03719914002369573,-0.06564555349366674,-0.028446309129240177,-0.02188181638431186,-0.05032822985428287,986.0
434,0041.HK,Hang Seng Corporate Sustainability Benchmark Index,Exclusion,2018,0.0012986814820921122,0.015584375951197327,-0.012987012987012991,-0.03506489543171676,-0.11428575391893259,0.014285694469105215,-0.022077882444703767,-0.1012987409319196,987.0
227,2611.HK,Hang Seng Composite LargeCap & MidCap Index,Inclusion,2017,-0.0023418623160058605,0.0011709869937359674,0.008196685613219845,-0.01405150891043383,0.03161597880207556,0.003512849309741828,-0.022248194523653675,0.023419293188855717,988.0
204,2611.HK,Hang Seng China AH Index Series,Inclusion,2017,-0.0023418623160058605,0.0011709869937359674,0.008196685613219845,-0.01405150891043383,0.03161597880207556,0.003512849309741828,-0.022248194523653675,0.023419293188855717,988.0
723,601018.SS,Hang Seng China A Top 100 Index,Exclusion,2019,-0.06818181270848078,-0.002525250092658138,0.010101000370632551,-0.012626250463290689,-0.0757575629864552,0.06565656261582264,-0.02272725083392324,-0.08585856335708775,990.0
706,601018.SS,Hang Seng China A Industry Top Index,Exclusion,2019,-0.06818181270848078,-0.002525250092658138,0.010101000370632551,-0.012626250463290689,-0.0757575629864552,0.06565656261582264,-0.02272725083392324,-0.08585856335708775,990.0
1367,0069.HK,Hang Seng ESG 50 Index,Removal,2021,0.015174492005633589,0.047040961396306535,-0.013657078983912885,-0.036418853171205856,-0.059180627358498716,0.03186646939067295,-0.02276177418729297,-0.04552354837458583,992.0
1386,0069.HK,Hang Seng Stock Connect Greater Bay Area Composite Index,Inclusion,2021,0.015174492005633589,0.047040961396306535,-0.013657078983912885,-0.036418853171205856,-0.059180627358498716,0.03186646939067295,-0.02276177418729297,-0.04552354837458583,992.0
1408,9961.HK,Hang Seng TECH Index,Inclusion,2021,-0.21585368334762445,0.0,-0.004878036374968198,-0.02764228882828379,-0.09674797988519435,0.21585368334762445,-0.022764252453315592,-0.09186994351022615,994.0
1317,9961.HK,Hang Seng Composite Index,Inclusion,2021,-0.21585368334762445,0.0,-0.004878036374968198,-0.02764228882828379,-0.09674797988519435,0.21585368334762445,-0.022764252453315592,-0.09186994351022615,994.0
744,1918.HK,Hang Seng China Enterprises Index,Inclusion,2019,-0.03039517640922995,0.012158000084574905,-0.0015197646937212816,-0.024316117634344936,0.25075988234686064,0.042553176493804856,-0.022796352940623654,0.2522796470405819,996.0
1214,2858.HK,Hang Seng TECH Index,Removal,2021,0.14559391943077693,0.045977060843236384,0.026819990220270373,0.003831414124593202,-0.10344827271213386,-0.09961685858754055,-0.02298857609567717,-0.13026826293240423,997.0
418,0839.HK,Hang Seng Composite LargeCap & MidCap Index,Inclusion,2018,0.25,-0.026000022888183594,-0.05299997329711914,-0.07600002288818364,0.08199996948242183,-0.2760000228881836,-0.023000049591064498,0.13499994277954097,998.0
592,000528.SZ,Hang Seng (China A) Corporate Sustainability Benchmark Index,Inclusion,2019,-0.055469902831016826,0.0030817347409899387,0.015408379814549233,-0.007704116434674502,-0.006163322536779647,0.058551637572006765,-0.023112496249223735,-0.02157170235132888,999.0
561,1339.HK,Hang Seng Stock Connect China AH Index Series,Inclusion,2019,-0.07225433446350171,0.05491331072996597,0.017341023733535632,-0.005780341244511877,-0.1213873039489558,0.12716764519346768,-0.02312136497804751,-0.13872832768249144,1000.0
45,600606.SS,Hang Seng China 50 Index,Inclusion,2016,-0.03477348921232393,0.0,0.001053789580076625,-0.022128536561472623,-0.004214926182498413,0.03477348921232393,-0.023182326141549248,-0.005268715762575038,1001.0
64,600606.SS,Hang Seng China A Top 100 Index,Inclusion,2016,-0.03477348921232393,0.0,0.001053789580076625,-0.022128536561472623,-0.004214926182498413,0.03477348921232393,-0.023182326141549248,-0.005268715762575038,1001.0
266,2238.HK,Hang Seng China Enterprises Index,Inclusion,2017,-0.02318541026643728,-0.012096715309924067,0.0050403709493365145,-0.018145173908242107,-0.14616927702820603,0.011088694956513212,-0.02318554485757862,-0.15120964797754255,1003.0
1384,002240.SZ,Hang Seng Stock Connect Greater Bay Area Composite Index,Inclusion,2021,-0.2738853657945447,-0.044108288079866664,-0.07229300908730152,-0.09554140243459086,-0.13216559455246646,0.22977707771467804,-0.023248393347289342,-0.05987258546516494,1004.0
113,2238.HK,Hang Seng China AH Index Series,Exclusion,2017,-0.14330219833982516,0.010903469388752418,-0.0077880290183810486,-0.031152635989476485,0.03738320478064794,0.15420566772857758,-0.023364606971095436,0.04517123379902899,1005.0
933,600585.SS,Hang Seng China A Industry Top Index,Inclusion,2020,0.03448274534486617,0.0020184849511317715,-0.01968043681459375,-0.04306141867851576,-0.08780489745522801,-0.0324642603937344,-0.023380981863922012,-0.06812446064063427,1006.0
1113,6818.HK,Hang Seng China 50 Index,Removal,2021,-0.020467885994093882,0.0029239737544373146,0.020467816281060536,-0.0029239737544372035,-0.05847954480177797,0.023391859748531196,-0.02339179003549774,-0.07894736108283851,1007.0
764,3990.HK,Hang Seng Composite LargeCap & MidCap Index,Inclusion,2019,-0.024365554872868955,-0.019289393573532765,0.017766419318090865,-0.006091412923148187,0.015228387078284777,0.00507616129933619,-0.023857832241239052,-0.0025380322398060873,1008.0
248,0347.HK,Hang Seng Corporate Sustainability Benchmark Index,Inclusion,2017,-0.08309856879997035,-0.04788725016206585,-0.005633737643158221,-0.0295773190700801,0.06901409372974165,0.0352113186379045,-0.02394358142692188,0.07464783137289988,1009.0
615,600025.SS,Hang Seng (China A) Corporate Sustainability Benchmark Index,Inclusion,2019,-0.004366808135300104,-0.006550160146491013,-0.006550160146491013,-0.030567656947101063,-0.05458515374771111,-0.002183352011190909,-0.02401749680061005,-0.0480349936012201,1010.0
858,0508.HK,Hang Seng Composite Index,Removal,2020,0.14903855411964395,0.009615375798129211,-0.03846150319251662,-0.06249994268783943,-0.12019225478877493,-0.13942317832151474,-0.024038439495322805,-0.08173075159625831,1011.0
674,603737.SS,Hang Seng (China A) Corporate Sustainability Benchmark Index,Inclusion,2019,-0.17378052322074655,-0.005182927101698098,-0.007469460024823404,-0.03155484685557319,0.27667685038159884,0.16859759611904845,-0.02408538683074979,0.28414631040642224,1012.0
718,603993.SS,Hang Seng China A Industry Top Index,Inclusion,2019,0.0378378012652294,0.005405400180747089,0.010810800361494177,-0.01351350045186761,0.010810800361494177,-0.03243240108448231,-0.024324300813361788,0.0,1013.0
676,603993.SS,Hang Seng (China A) Corporate Sustainability Benchmark Index,Inclusion,2019,0.0378378012652294,0.005405400180747089,0.010810800361494177,-0.01351350045186761,0.010810800361494177,-0.03243240108448231,-0.024324300813361788,0.0,1013.0
181,601788.SS,Hang Seng China AH Index Series,Exclusion,2017,-0.028696255278673366,-0.006862171281327711,-0.006862171281327711,-0.03119157406467632,-0.06363071828271527,0.021834083997345655,-0.024329402783348608,-0.05676854700138756,1015.0
1244,601727.SS,Hang Seng (China A) Corporate Sustainability Index,Removal,2021,-0.12778897759435937,0.014198818275611647,-0.010141930149834222,-0.0344826785752802,-0.0344826785752802,0.141987795869971,-0.02434074842544598,-0.02434074842544598,1016.0
971,1675.HK,Hang Seng Composite Index,Inclusion,2020,-0.2671232981105274,0.016742717473845925,-0.030441443055810535,-0.05479453943809709,-0.1232876593022545,0.2838660155843733,-0.024353096382286554,-0.09284621624644396,1017.0
822,0914.HK,Hang Seng China 50 Index,Inclusion,2020,-0.06962576060713244,0.0182767488793123,-0.04003479906904128,-0.06440384184165748,-0.03220195412097859,0.08790250948644474,-0.0243690427726162,0.00783284494806269,1018.0
196,1138.HK,Hang Seng China AH Index Series,Inclusion,2017,0.008869170692469064,-0.008869276421323513,-0.015521101576248086,-0.039911373844965126,-0.062084300576137674,-0.017738447113792577,-0.02439027226871704,-0.04656319899988959,1019.0
1772,1318.HK,Hang Seng Composite Index,Inclusion,2025,-0.1553341093312769,-0.012309531233201665,0.07913247079140517,0.054513408325001844,0.3165298831656209,0.14302457809807523,-0.02461906246640333,0.23739741237421574,1020.0
240,1999.HK,Hang Seng Corporate Sustainability Benchmark Index,Exclusion,2017,-0.0753424899129348,-0.0027397233430072054,-0.016438405378200405,-0.0410959154652657,-0.0876712776165458,0.07260276656992759,-0.024657510087065293,-0.0712328722383454,1021.0
63,001979.SZ,Hang Seng China A Top 100 Index,Inclusion,2016,-0.01648701466928848,0.012048165812814648,-0.0006341299043470805,-0.025364651908279856,0.11984777011962477,0.02853518048210313,-0.024730522003932776,0.12048190002397186,1022.0
349,000898.SZ,Hang Seng (China A) Corporate Sustainability Benchmark Index,Inclusion,2018,0.05619825853381344,-0.011570190521917323,-0.00495869699262963,-0.029752079494892447,-0.09752063101150821,-0.06776844905573076,-0.024793382502262817,-0.09256193401887858,1023.0
1189,002850.SZ,Hang Seng Stock Connect Greater Bay Area Composite Index,Inclusion,2021,0.16442639157599404,0.0070334599274635146,-0.03407315287235435,-0.05908094414413856,0.3050953516321544,-0.15739293164853052,-0.025007791271784208,0.33916850450450875,1024.0
620,600188.SS,Hang Seng (China A) Corporate Sustainability Benchmark Index,Inclusion,2019,-0.18141207411239013,-0.01429839813701117,0.0178730599924799,-0.007149323710937572,-0.15013396984068617,0.16711367597537896,-0.025022383703417472,-0.16800702983316607,1025.0
1108,1109.HK,Hang Seng China 50 Index,Removal,2021,-0.11977718556110584,-0.008356630612997407,0.05153198873229847,0.02646230941125083,0.013927576009699294,0.11142055494810843,-0.025069679321047644,-0.03760441272259918,1026.0
49,600027.SS,Hang Seng China A Industry Top Index,Inclusion,2016,0.003868468207228748,-0.003868468207228859,-0.0019342802193930142,-0.02707927745060168,0.0,-0.007736936414457607,-0.025144997231208666,0.0019342802193930142,1027.0
129,0715.HK,Hang Seng Composite LargeCap & MidCap Index,Exclusion,2017,0.0,0.0,0.01282057748038623,-0.012820501064172207,-0.012820501064172207,0.0,-0.025641078544558438,-0.025641078544558438,1028.0
1327,1569.HK,Hang Seng Composite Index,Removal,2021,0.060869612089853975,0.01739128812274293,-0.008695644061371466,-0.03478257624548575,-0.10434783239671108,-0.04347832396711104,-0.026086932184114286,-0.09565218833533962,1029.0
1254,0688.HK,Hang Seng China 50 Index,Removal,2021,-0.09691631297742798,-0.02202641089709456,-0.00660787075402236,-0.03303966886074783,0.026431693076513385,0.07488990208033341,-0.026431798106725468,0.033039563830535745,1030.0
387,000858.SZ,Hang Seng China A Industry Top Index,Inclusion,2018,0.08688501817050076,-0.017442839646310992,-0.0064176301910593425,-0.03307556559305047,-0.1388842942756755,-0.10432785781681175,-0.02665793540199113,-0.13246666408461616,1031.0
1777,2460.HK,Hang Seng Composite Index,Inclusion,2025,-0.14205347537491575,-0.02953586978952305,-0.01828412264412438,-0.04500705564729768,-0.052039431146023385,0.1125176055853927,-0.0267229330031733,-0.033755308501899006,1032.0
1282,002493.SZ,Hang Seng China A Top 100 Index,Inclusion,2021,-0.05468354044081292,0.023291092884691444,0.014683590659612333,-0.012151887145223528,-0.12810130058964597,0.07797463332550436,-0.02683547780483586,-0.1427848912492583,1033.0
1219,0788.HK,Hang Seng China Enterprises Index,Removal,2021,-0.009009043066040445,-0.018018086132081,-0.018018086132081,-0.045045043496998116,-0.08108112984455795,-0.009009043066040556,-0.027026957364917115,-0.06306304371247695,1034.0
1545,1939.HK,Hang Seng (China A) Corporate Sustainability Benchmark Index,Inclusion,2024,0.11111108351636934,0.0,0.0,-0.02777783296726144,-0.02777783296726144,-0.11111108351636934,-0.02777783296726144,-0.02777783296726144,1035.0
767,0163.HK,Hang Seng Corporate Sustainability Benchmark Index,Exclusion,2019,0.016759827507484282,-0.00558658697003811,-0.01675976091011433,-0.04469269576030488,0.02234641447752228,-0.02234641447752239,-0.02793293485019055,0.03910617538763661,1036.0
514,0439.HK,Hang Seng Composite LargeCap & MidCap Index,Exclusion,2019,-0.28169014462874165,0.05633804235778106,0.01408449379940424,-0.01408449379940424,-0.3239436260269545,0.3380281869865227,-0.02816898759880848,-0.3380281198263587,1037.0
1430,0881.HK,Hang Seng China Enterprises Index,Inclusion,2022,-0.17945687716530245,-0.009445046649200428,0.05312869140656318,0.02479346138346239,-0.10271543402248895,0.17001183051610202,-0.028335230023100788,-0.15584412542905213,1038.0
1444,0881.HK,Hang Seng Stock Connect China Enterprises Index,Inclusion,2022,-0.17945687716530245,-0.009445046649200428,0.05312869140656318,0.02479346138346239,-0.10271543402248895,0.17001183051610202,-0.028335230023100788,-0.15584412542905213,1038.0
982,6099.HK,Hang Seng Composite Index,Inclusion,2020,-0.018404842169334135,0.0020450366369892947,-0.03169728777162284,-0.060327215613189655,0.17791418939679904,0.02044987880632343,-0.028629927841566816,0.20961147716842188,1040.0
69,3323.HK,Hang Seng China Enterprises Index,Exclusion,2016,0.04310347544405113,-0.0057471209243954435,0.03448272554637244,0.0057471209243953325,0.1609195229052427,-0.048850596368446575,-0.028735604621977107,0.12643679735887026,1041.0
695,601991.SS,Hang Seng (China A) Corporate Sustainability Index,Inclusion,2019,0.014388475634778741,0.003597118908694741,0.007194237817389482,-0.021582713452168112,-0.12230212865769907,-0.010791356726084,-0.028776951269557594,-0.12949636647508855,1042.0
637,600808.SS,Hang Seng (China A) Corporate Sustainability Benchmark Index,Inclusion,2019,-0.010830314655719264,0.0,0.010830314655719375,-0.01805052442619881,0.010830314655719375,0.010830314655719264,-0.028880839081918186,0.0,1043.0
1078,0998.HK,Hang Seng China Enterprises Index,Removal,2020,-0.03197678246647617,-0.00872092177056838,-0.020348886772385,-0.04941862600761304,0.08430231308988678,0.023255860695907793,-0.029069739235228043,0.10465119986227178,1044.0
235,0998.HK,Hang Seng Corporate Sustainability Benchmark Index,Exclusion,2017,-0.0019417919799324945,0.0038834913701271123,-0.007766982740254447,-0.03689321431107728,-0.02330094822076323,0.005825283350059607,-0.029126231570822836,-0.015533965480508782,1045.0
737,2238.HK,Hang Seng China Enterprises Index,Exclusion,2019,-0.04469986054187702,-0.03831414007929013,0.02809709695688989,-0.0012771075532711507,0.13793102608293184,0.006385720462586897,-0.02937420451016104,0.10983392912604195,1046.0
686,600089.SS,Hang Seng (China A) Corporate Sustainability Index,Inclusion,2019,-0.03235297388684011,-0.004411781597302711,0.005882284303023955,-0.023529501852280976,-0.05882366347065626,0.027941192289537398,-0.02941178615530493,-0.06470594777368022,1047.0
393,600170.SS,Hang Seng China A Top 100 Index,Exclusion,2018,0.07615894719407379,0.0,-0.009933765423590035,-0.03973506169436036,-0.01986753084718018,-0.07615894719407379,-0.029801296270770328,-0.009933765423590146,1048.0
696,2611.HK,Hang Seng China 50 Index,Exclusion,2019,-0.12776024026575328,-0.014195607322052495,-0.020504749418318813,-0.05047321198103727,-0.047318640932904055,0.11356463294370078,-0.029968462562718456,-0.026813891514585242,1049.0
805,2611.HK,Hang Seng Stock Connect China AH Index Series,Inclusion,2019,-0.12776024026575328,-0.014195607322052495,-0.020504749418318813,-0.05047321198103727,-0.047318640932904055,0.11356463294370078,-0.029968462562718456,-0.026813891514585242,1049.0
1006,0732.HK,Hang Seng Composite Index,Removal,2020,-0.10000002384185791,-0.009999990463256836,-0.04000002145767212,-0.06999999284744263,-0.04000002145767212,0.09000003337860107,-0.029999971389770508,0.0,1051.0
1870,600025.SS,Hang Seng HKEX Stock Connect China Enterprises Index,Removal,2025,0.02291659423046921,0.003124972060323916,-0.01979172151121611,-0.050000049670535285,0.09895830953286855,-0.019791622170145295,-0.030208328159319175,0.11875003104408466,1052.0
478,3320.HK,Hang Seng Corporate Sustainability Benchmark Index,Inclusion,2018,-0.08038585480154714,0.0,-0.004823108357414729,-0.035369742381433755,-0.049839220777528226,0.08038585480154714,-0.030546634024019026,-0.0450161124201135,1053.0
910,601727.SS,Hang Seng (China A) Corporate Sustainability Index,Inclusion,2020,0.017985594543473482,0.014388475634778741,-0.017985594543473482,-0.048561148148418165,-0.012589959061471312,-0.003597118908694741,-0.030575553604944683,0.00539563548200217,1054.0
1380,0002.HK,Hang Seng Stock Connect Greater Bay Area Composite Index,Inclusion,2021,0.007156838811688715,0.013663019812699018,0.0006506578106784122,-0.029928373038781486,-0.009108613690837042,0.006506181001010303,-0.0305790308494599,-0.009759271501515454,1055.0
700,1339.HK,Hang Seng China 50 Index,Inclusion,2019,-0.06191951904108195,-0.009287916784092132,-0.003095972261364044,-0.034055768688805554,-0.03095972261364044,0.05263160225698982,-0.03095979642744151,-0.027863750352276395,1056.0
648,601186.SS,Hang Seng (China A) Corporate Sustainability Benchmark Index,Inclusion,2019,-0.08726177154038872,0.0,0.008024064349388071,-0.023069256745284705,-0.01905722457059067,0.08726177154038872,-0.031093321094672777,-0.02708128891997874,1057.0
1279,601360.SS,Hang Seng China A Industry Top Index,Removal,2021,0.0,-0.009031248571054529,0.0008209585350560378,-0.03037765815176985,0.002463032201932114,-0.009031248571054529,-0.031198616686825886,0.001642073666876076,1058.0
869,1680.HK,Hang Seng Composite Index,Removal,2020,0.031249919285380123,0.010416606648103066,-0.031250018626450715,-0.06250003725290154,0.07291664390100472,-0.020833312637277057,-0.031250018626450826,0.10416666252745543,1059.0
541,0991.HK,Hang Seng Stock Connect China AH Index Series,Exclusion,2019,-0.0403587055603275,0.04035870556032739,0.00896860123562826,-0.02242150308907087,-0.13004482483077096,0.08071741112065489,-0.03139010432469913,-0.13901342606639921,1060.0
236,1113.HK,Hang Seng Corporate Sustainability Benchmark Index,Exclusion,2017,-0.002207415794273304,0.01103752808953451,-0.016924119913652502,-0.0485650562262262,-0.040470936328292795,0.013244943883807814,-0.0316409363125737,-0.023546816414640293,1061.0
1089,9990.HK,Hang Seng Composite LargeCap & MidCap Index,Inclusion,2020,-0.13658532863709982,-0.08585366970155295,0.04390242041611092,0.012195121951219523,-0.18341464531130902,0.050731658935546875,-0.0317072984648914,-0.22731706572741994,1062.0
1095,9990.HK,Hang Seng TECH Index,Inclusion,2020,-0.13658532863709982,-0.08585366970155295,0.04390242041611092,0.012195121951219523,-0.18341464531130902,0.050731658935546875,-0.0317072984648914,-0.22731706572741994,1062.0
1457,2015.HK,Hang Seng Index,Inclusion,2023,-0.04570267345214374,-0.005457046510577435,-0.033424344824470875,-0.06548434995791863,0.22237373456660992,0.040245626941566304,-0.032060005133447755,0.2557980793910808,1064.0
1045,0151.HK,Hang Seng Index,Removal,2020,0.041366910331028794,-0.025179832360862853,-0.00539563548200217,-0.037769791422334054,-0.026978434696250053,-0.06654674269189165,-0.032374155940331883,-0.021582799214247883,1065.0
940,600118.SS,Hang Seng China A Industry Top Index,Removal,2020,0.03699734842739866,-0.011260004759678699,-0.029222524795788463,-0.06166217919852701,-0.10187665723287587,-0.048257353187077356,-0.03243965440273855,-0.0726541324370874,1066.0
672,603659.SS,Hang Seng (China A) Corporate Sustainability Benchmark Index,Inclusion,2019,0.030860603674530696,0.028882287181423605,0.03580616511987822,0.003363015484991294,0.3798219836858592,-0.0019783164931070907,-0.032443149634886925,0.34401581856598096,1067.0
1024,0014.HK,Hang Seng Corporate Sustainability Index,Removal,2020,-0.08163265306122447,0.0,0.01632651504205196,-0.01632651504205196,0.22857144414162156,0.08163265306122447,-0.03265303008410392,0.2122449290995696,1068.0
1318,0315.HK,Hang Seng Composite Index,Removal,2021,-0.04366808135300149,-0.02401749680061005,0.004366808135300104,-0.028384304935910154,-0.09388642696541238,0.019650584552391437,-0.03275111307121026,-0.09825323510071249,1069.0
120,600999.SS,Hang Seng China AH Index Series,Inclusion,2017,-0.014898750371466596,0.0011919137338132213,0.0023838274676262206,-0.03039328630864213,0.007151345361920747,0.016090664105279817,-0.03277711377626835,0.004767517894294526,1070.0
689,600600.SS,Hang Seng (China A) Corporate Sustainability Index,Inclusion,2019,-0.12029182773124736,0.00788802076711903,-0.013803998729587708,-0.0471307322578961,0.012818014940133127,0.1281798484983664,-0.033326733528308394,0.026622013669720834,1071.0
633,600600.SS,Hang Seng (China A) Corporate Sustainability Benchmark Index,Inclusion,2019,-0.12029182773124736,0.00788802076711903,-0.013803998729587708,-0.0471307322578961,0.012818014940133127,0.1281798484983664,-0.033326733528308394,0.026622013669720834,1071.0
645,601088.SS,Hang Seng (China A) Corporate Sustainability Benchmark Index,Inclusion,2019,-0.08044806378857716,-0.011201594714429941,-0.00203660944102646,-0.035641490699829914,-0.10947045241067899,0.06924646907414722,-0.033604881258803454,-0.10743384296965253,1073.0
160,600637.SS,Hang Seng China A Industry Top Index,Inclusion,2017,-0.011374451692600762,0.0,-0.004739237357538784,-0.03838859819096019,-0.1436018650471932,0.011374451692600762,-0.033649360833421404,-0.1388626276896544,1074.0
727,300498.SZ,Hang Seng China A Top 100 Index,Inclusion,2019,0.021324091342523444,0.0379369511986245,-0.033721847903282365,-0.06769158964534727,-0.13662287549361696,0.01661285985610106,-0.03396974174206491,-0.10290102759033459,1075.0
711,300498.SZ,Hang Seng China A Industry Top Index,Inclusion,2019,0.021324091342523444,0.0379369511986245,-0.033721847903282365,-0.06769158964534727,-0.13662287549361696,0.01661285985610106,-0.03396974174206491,-0.10290102759033459,1075.0
693,601618.SS,Hang Seng (China A) Corporate Sustainability Index,Inclusion,2019,-0.07142858301353616,0.003401357234227742,0.010204071702683226,-0.02380958173434755,-0.07142858301353616,0.0748299402477639,-0.03401365343703078,-0.08163265471621939,1077.0
808,600958.SS,Hang Seng Stock Connect China AH Index Series,Inclusion,2019,-0.07088845865787685,-0.002835534674531792,0.01984883451630548,-0.014177673372658739,-0.06049143698820503,0.06805292398334506,-0.03402650788896422,-0.08034027150451051,1078.0
642,600958.SS,Hang Seng (China A) Corporate Sustainability Benchmark Index,Inclusion,2019,-0.07088845865787685,-0.002835534674531792,0.01984883451630548,-0.014177673372658739,-0.06049143698820503,0.06805292398334506,-0.03402650788896422,-0.08034027150451051,1078.0
492,0023.HK,Hang Seng Index,Exclusion,2018,0.037735862636871786,-0.03602055748889532,-0.015437353738583348,-0.049742671511703085,-0.09605486359185489,-0.07375642012576711,-0.03430531777311974,-0.08061750985327154,1080.0
1387,0522.HK,Hang Seng Stock Connect Greater Bay Area Composite Index,Inclusion,2021,0.06889351006132349,-0.027661810453671776,-0.03444679485004731,-0.06889358970009474,-0.1153444958220704,-0.09655532051499527,-0.034446794850047424,-0.08089770097202309,1081.0
768,0168.HK,Hang Seng Corporate Sustainability Benchmark Index,Exclusion,2019,-0.06930693069306926,0.01782181239364178,-0.013861401246325844,-0.04851486659286042,-0.027722802492651577,0.08712874308671104,-0.03465346534653457,-0.013861401246325733,1082.0
244,6818.HK,Hang Seng Corporate Sustainability Benchmark Index,Exclusion,2017,0.013368971173472577,0.005347588469388986,0.0,-0.03475938879931195,-0.02139035387755628,-0.00802138270408359,-0.03475938879931195,-0.02139035387755628,1083.0
572,0902.HK,Hang Seng China Enterprises Index,Exclusion,2019,-0.04713115034421189,-0.01639342660450327,-0.01229506995337748,-0.04713115034421189,-0.12090166777700673,0.030737723739708622,-0.03483608039083441,-0.10860659782362925,1084.0
68,601211.SS,Hang Seng China A Top 100 Index,Inclusion,2016,-0.04597081622453281,-0.008112472708873497,-0.0010816905360330198,-0.036235807711609724,0.043266693040137305,0.03785834351565931,-0.035154117175576705,0.044348383576170325,1085.0
1174,1293.HK,Hang Seng Composite Index,Removal,2021,0.17647055523618382,-0.02352945878843815,-0.02352945878843815,-0.05882354178643112,0.1176470134497527,-0.20000001402462197,-0.03529408299799297,0.14117647223819085,1086.0
455,3331.HK,Hang Seng Corporate Sustainability Benchmark Index,Exclusion,2018,0.07692307692307687,-0.006153840285081147,-0.00923076042762172,-0.04461537874661958,0.015384600712702756,-0.08307691720815802,-0.03538461831899786,0.024615361140324477,1087.0
65,600958.SS,Hang Seng China A Top 100 Index,Inclusion,2016,-0.01624557955239636,-0.005415154227589314,-0.0030084579718702154,-0.038507899744090524,-0.03128769410730481,0.010830425324807047,-0.03549944177222031,-0.028279236135434593,1088.0
44,600958.SS,Hang Seng China 50 Index,Exclusion,2016,-0.01624557955239636,-0.005415154227589314,-0.0030084579718702154,-0.038507899744090524,-0.03128769410730481,0.010830425324807047,-0.03549944177222031,-0.028279236135434593,1088.0
1185,0241.HK,Hang Seng Index,Inclusion,2021,0.12133889810951426,0.01882848410552085,-0.016736385979694512,-0.05230125606490987,-0.25439330630750623,-0.10251041400399341,-0.03556487008521536,-0.23765692032781172,1090.0
1296,601607.SS,Hang Seng China A Top 100 Index,Removal,2021,-0.03760161380300109,-0.017784571953369244,0.011178826724745239,-0.024390220263873164,-0.06046750587420724,0.019817041849631845,-0.0355690469886184,-0.07164633259895248,1091.0
413,1970.HK,Hang Seng Composite LargeCap & MidCap Index,Exclusion,2018,0.18743616397314544,0.02400405082665258,0.0,-0.03575080519239138,0.02400405082665258,-0.16343211314649286,-0.03575080519239138,0.02400405082665258,1092.0
298,0700.HK,Hang Seng China Enterprises Index,Inclusion,2018,0.06330275041279987,0.02522933394014748,-0.02522933394014759,-0.06100920221013406,-0.07339452954548231,-0.03807341647265239,-0.03577986826998647,-0.04816519560533472,1093.0
112,000039.SZ,Hang Seng China AH Index Series,Exclusion,2017,-0.08450706637442595,-0.0011737246460717943,-0.019366204809561083,-0.05516435318362867,-0.05516435318362867,0.08333334172835416,-0.035798148374067584,-0.035798148374067584,1094.0
924,0762.HK,Hang Seng China 50 Index,Removal,2020,-0.1776937739128428,0.022684288549039477,-0.011342144274519739,-0.04725897954684066,-0.12098296240089401,0.20037806246188228,-0.035916835272320924,-0.10964081812637427,1095.0
287,600548.SS,Hang Seng China AH Index Series,Exclusion,2018,0.075318610650144,0.00463498972451859,0.008111204391189508,-0.027809938347111096,0.006952429333341836,-0.07068362092562541,-0.035921142738300604,-0.0011587750578476719,1096.0
179,600958.SS,Hang Seng China AH Index Series,Exclusion,2017,-0.05847610771785361,-0.0070879991500826245,-0.015357369735069737,-0.051388108567770985,-0.08446547617804712,0.051388108567770985,-0.03603073883270125,-0.06910810644297738,1097.0
308,0861.HK,Hang Seng Composite LargeCap & MidCap Index,Exclusion,2018,0.05895697004035272,0.020408198571867153,-0.022675716120772793,-0.058956861914009284,0.13605451297732385,-0.038548771468485565,-0.03628114579323649,0.15873022909809664,1098.0
691,601601.SS,Hang Seng (China A) Corporate Sustainability Index,Inclusion,2019,-0.05826737878246524,-0.015333561779717564,-0.01584469025448698,-0.05213393457302051,-0.11040121586769736,0.042933817002747676,-0.03628924431853353,-0.09455652561321037,1099.0
1081,2202.HK,Hang Seng China Enterprises Index,Removal,2020,-0.003629708780048757,0.027223231243908463,-0.01996367521929665,-0.056261316877841194,0.1833030626827472,0.03085294002395722,-0.036297641658544544,0.20326673790204386,1100.0
942,601111.SS,Hang Seng China A Industry Top Index,Removal,2020,-0.05929919847658882,-0.022911061259564658,0.013477075957459395,-0.022911061259564658,0.06469002885957265,0.036388137217024163,-0.03638813721702405,0.05121295290211325,1101.0
467,0179.HK,Hang Seng Corporate Sustainability Benchmark Index,Inclusion,2018,0.03644643322342245,0.038724302714204795,-0.02733486836514243,-0.06378138848371606,-0.15444196716023695,0.002277869490782347,-0.03644652011857363,-0.12710709879509452,1102.0
1347,0008.HK,Hang Seng Corporate Sustainability Index,Removal,2021,0.02689478058030037,0.0024449270590736205,0.0073348977633189705,-0.02933988251852082,-0.031784867870643496,-0.02444985352122675,-0.03667478028183979,-0.03911976563396247,1103.0
312,2329.HK,Hang Seng Composite LargeCap & MidCap Index,Exclusion,2018,0.0688072717226933,0.041284363033615934,-0.0045871514481795606,-0.04128447239993338,0.1422018042598836,-0.027522908689077363,-0.03669732095175382,0.14678895570806316,1104.0
911,603019.SS,Hang Seng (China A) Corporate Sustainability Index,Inclusion,2020,0.08467462464561448,0.013296004409281137,-0.02332633601388423,-0.06018190064470785,-0.18521107591639274,-0.07137862023633335,-0.03685556463082362,-0.1618847399025085,1105.0
444,0819.HK,Hang Seng Corporate Sustainability Benchmark Index,Exclusion,2018,0.6328358047495544,0.007462715247501972,0.007462715247501972,-0.029850718650553665,0.07611943931350251,-0.6253730895020524,-0.03731343389805564,0.06865672406600054,1106.0
183,600600.SS,Hang Seng China AH Index Series,Inclusion,2017,0.013395648773081525,-0.0012460156614126916,-0.0028037432045502353,-0.04018688690028138,-0.041121428355822665,-0.014641664434494217,-0.03738314369573115,-0.03831768515127243,1107.0
242,600600.SS,Hang Seng Corporate Sustainability Benchmark Index,Exclusion,2017,0.013395648773081525,-0.0012460156614126916,-0.0028037432045502353,-0.04018688690028138,-0.041121428355822665,-0.014641664434494217,-0.03738314369573115,-0.03831768515127243,1107.0
165,600600.SS,Hang Seng China A Top 100 Index,Exclusion,2017,0.013395648773081525,-0.0012460156614126916,-0.0028037432045502353,-0.04018688690028138,-0.041121428355822665,-0.014641664434494217,-0.03738314369573115,-0.03831768515127243,1107.0
500,6881.HK,Hang Seng China Enterprises Index,Exclusion,2018,-0.012468874783282846,0.029925156785475693,-0.017456400914195425,-0.054862906352041385,0.3316707849856948,0.04239403156875854,-0.03740650543784596,0.3491271858998902,1110.0
53,601018.SS,Hang Seng China A Industry Top Index,Inclusion,2016,-0.07116106808662936,0.005617927362165487,-0.016853960677187363,-0.054307107409442,-0.02996260668114914,0.07677899544879485,-0.03745314673225464,-0.013108646003961777,1111.0
67,601018.SS,Hang Seng China A Top 100 Index,Inclusion,2016,-0.07116106808662936,0.005617927362165487,-0.016853960677187363,-0.054307107409442,-0.02996260668114914,0.07677899544879485,-0.03745314673225464,-0.013108646003961777,1111.0
477,1686.HK,Hang Seng Corporate Sustainability Benchmark Index,Inclusion,2018,0.06179773675589306,0.02247188803935285,-0.050561792736216526,-0.08801502876381662,-0.15355808019293504,-0.03932584871654021,-0.03745323602760009,-0.10299628745671852,1113.0
1033,2688.HK,Hang Seng ESG 50 Index,Inclusion,2020,0.03257865100850399,-0.016565432903879795,-0.034787425949377226,-0.07233575738273434,0.1783544268601862,-0.049144083912383785,-0.03754833143335712,0.21314185280956344,1114.0
814,000166.SZ,Hang Seng Stock Connect China AH Index Series,Inclusion,2019,-0.10079046597074204,-0.005928801049494115,0.007905130890387913,-0.02964428795725127,-0.03952565445193934,0.09486166492124792,-0.03754941884763918,-0.04743078534232725,1115.0
1354,0066.HK,Hang Seng ESG 50 Index,Inclusion,2021,0.023945338387582726,0.0,-0.002280466992036767,-0.0399087813203185,-0.06841505369197465,-0.023945338387582726,-0.03762831432828173,-0.06613458669993788,1116.0
1340,0066.HK,Hang Seng Corporate Sustainability Index,Inclusion,2021,0.023945338387582726,0.0,-0.002280466992036767,-0.0399087813203185,-0.06841505369197465,-0.023945338387582726,-0.03762831432828173,-0.06613458669993788,1116.0
1375,3311.HK,Hang Seng ESG 50 Index,Removal,2021,-0.27374302792134686,-0.03212290837640408,0.0,-0.03770949534644219,0.18156427631834826,0.24162011954494278,-0.03770949534644219,0.18156427631834826,1118.0
902,1800.HK,Hang Seng China Enterprises Index,Removal,2020,0.005976137434728246,-0.02788841972460654,0.001992077474070042,-0.035856539645922725,-0.16334664836194557,-0.033864557159334785,-0.03784861711999277,-0.1653387258360156,1119.0
117,3958.HK,Hang Seng China AH Index Series,Inclusion,2017,-0.048162185555653436,0.012674259356750817,-0.001267395717857167,-0.03929023422374567,-0.07858046844749134,0.06083644491240425,-0.0380228385058885,-0.07731307272963417,1120.0
1255,0788.HK,Hang Seng China 50 Index,Removal,2021,0.03809520176478798,-0.009523845854259694,0.0,-0.03809520176478798,-0.09523809523809523,-0.04761904761904767,-0.03809520176478798,-0.09523809523809523,1121.0
1426,2018.HK,Hang Seng Index,Removal,2022,-0.09357383702533606,-0.015783578932248132,-0.030439628813178632,-0.06877110085089899,-0.19503946351679613,0.07779025809308793,-0.03833147203772036,-0.1645998347036175,1122.0
1364,6098.HK,Hang Seng ESG 50 Index,Inclusion,2021,-0.06490389347311432,-0.00881415125494367,-0.006410280706692251,-0.04487184268091049,-0.25240383998176774,0.056089742218170646,-0.03846156197421824,-0.2459935592750755,1123.0
243,601818.SS,Hang Seng Corporate Sustainability Benchmark Index,Exclusion,2017,0.00963854480333115,0.012048123553905166,0.014457817204996726,-0.024096362008327765,0.00722885115223959,0.002409578750574015,-0.03855417921332449,-0.007228966052757135,1124.0
1217,0270.HK,Hang Seng China Enterprises Index,Removal,2021,0.04385965059044983,-0.010526306103030625,-0.010526306103030625,-0.04912276181414288,-0.052631530515153124,-0.05438595669348045,-0.038596455711112254,-0.0421052244121225,1125.0
98,0902.HK,Hang Seng China 50 Index,Exclusion,2017,-0.08671591520533384,-0.014760133317333168,-0.0036900333293332643,-0.042435427276000026,0.10885611518133365,0.07195578188800067,-0.03874539394666676,0.11254614851066691,1126.0
318,0127.HK,Hang Seng Composite LargeCap & MidCap Index,Inclusion,2018,0.06818183225611474,0.0,-0.014610337334430623,-0.05357141751305261,-0.04545450323165556,-0.06818183225611474,-0.03896108017862199,-0.03084416589722494,1127.0
445,0939.HK,Hang Seng Corporate Sustainability Benchmark Index,Exclusion,2018,0.05247374822026063,0.004497711038687235,-0.016491773951451516,-0.05547224607599488,0.005996995711468278,-0.047976037181573394,-0.038980472124543364,0.022488769662919794,1128.0
1758,9901.HK,Hang Seng Index,Inclusion,2024,-0.06445117149234181,-0.02517623286171433,0.022155054185602596,-0.01711988444502499,-0.2265860957554291,0.039274938630627476,-0.03927493863062759,-0.2487411499410317,1129.0
321,0772.HK,Hang Seng Composite LargeCap & MidCap Index,Inclusion,2018,0.06434670292440758,0.01575833124355719,-0.004596171596951915,-0.04399209989487163,-0.06697305806865816,-0.048588371680850395,-0.03939592829791971,-0.06237688647170625,1130.0
1510,000078.SZ,Hang Seng Stock Connect Greater Bay Area Composite Index,Removal,2024,0.16996050261652607,0.011857696335581869,0.0,-0.03952565445193934,-0.0711462722500843,-0.1581028062809442,-0.03952565445193934,-0.0711462722500843,1131.0
715,600887.SS,Hang Seng China A Industry Top Index,Inclusion,2019,-0.05938893210015461,-0.0037761313481629033,0.01922421522226636,-0.020597270559801317,0.05904570100433393,0.05561280075199171,-0.03982148578206768,0.03982148578206757,1132.0
1030,0659.HK,Hang Seng ESG 50 Index,Inclusion,2020,-0.04672893378454113,0.026479892546737105,0.0062306062056873834,-0.03426788477533016,0.1339564402511817,0.07320882633127823,-0.04049849098101754,0.1277258340454943,1133.0
1022,0659.HK,Hang Seng Corporate Sustainability Index,Inclusion,2020,-0.04672893378454113,0.026479892546737105,0.0062306062056873834,-0.03426788477533016,0.1339564402511817,0.07320882633127823,-0.04049849098101754,0.1277258340454943,1133.0
1212,1896.HK,Hang Seng TECH Index,Removal,2021,0.11884053383923221,0.030434787716592027,0.007246335247339308,-0.033333335636894446,-0.09130436314977619,-0.08840574612264018,-0.040579670884233754,-0.0985506983971155,1135.0
519,0934.HK,Hang Seng Composite LargeCap & MidCap Index,Exclusion,2019,0.008130073421291018,0.02168019579010938,0.02168019579010938,-0.018970235928425838,-0.12195123054352586,0.013550122368818363,-0.04065043171853522,-0.14363142633363524,1136.0
96,2883.HK,Hang Seng China Enterprises Index,Exclusion,2016,-0.0903307921229658,0.015267160753269282,-0.043257016133900206,-0.0839695054755889,-0.008905874105892386,0.10559795287623508,-0.040712489341688696,0.03435114202800782,1137.0
483,1398.HK,Hang Seng Corporate Sustainability Index,Exclusion,2018,0.024822756495912923,0.0017730902692498773,-0.01595738969526128,-0.0567375358864356,0.00886528225505434,-0.023049666226663046,-0.040780146191174316,0.024822671950315622,1138.0
1143,6666.HK,Hang Seng Composite Index,Inclusion,2021,0.1558784414240839,-0.010568084376364695,0.002642005346497056,-0.03830910901939666,-0.41413476324846665,-0.1664465258004486,-0.040951114365893715,-0.4167767685949637,1139.0
1196,6666.HK,Hang Seng Stock Connect Greater Bay Area Composite Index,Inclusion,2021,0.1558784414240839,-0.010568084376364695,0.002642005346497056,-0.03830910901939666,-0.41413476324846665,-0.1664465258004486,-0.040951114365893715,-0.4167767685949637,1139.0
825,600010.SS,Hang Seng China 50 Index,Removal,2020,-0.040983664223788296,0.01639342660450316,-0.02459013990675485,-0.06557380413054315,-0.10655737064180126,0.057377090828291455,-0.040983664223788296,-0.08196723073504641,1141.0
367,600019.SS,Hang Seng (China A) Corporate Sustainability Index,Inclusion,2018,0.13624341502701864,-0.01587300085546861,0.006613781893294535,-0.03439150185351525,-0.08730156777877585,-0.15211641588248725,-0.041005283746809784,-0.09391534967207038,1142.0
1848,2097.HK,Hang Seng Composite Index,Inclusion,2025,-0.10195715229642355,0.05871388630009311,0.054054054054053946,0.013047530288909703,-0.23429638808393527,0.16067103859651666,-0.04100652376514424,-0.2883504421379892,1143.0
70,3898.HK,Hang Seng China Enterprises Index,Inclusion,2016,0.011737089622285923,-0.02464787029742277,-0.002347382105702178,-0.04342719578370269,-0.014084471727988102,-0.03638495991970869,-0.04107981367800051,-0.011737089622285923,1144.0
584,000035.SZ,Hang Seng (China A) Corporate Sustainability Benchmark Index,Inclusion,2019,-0.20230263725459752,-0.05263152941442195,0.03289478431117887,-0.008223637257420813,0.04769736274540248,0.14967110784017557,-0.04111842156859968,0.014802578434223612,1145.0
1269,688981.SS,Hang Seng China A Industry Top Index,Inclusion,2021,0.1883036558131128,-0.02783163322730975,0.0008807334271161427,-0.04033822260105635,-0.047912651026430386,-0.21613528904042256,-0.04121895602817249,-0.04879338445354653,1146.0
1276,600703.SS,Hang Seng China A Industry Top Index,Removal,2021,0.27762647055834333,0.012110249490218772,0.031486556281050015,-0.009990857661316799,-0.003027504626605504,-0.26551622106812456,-0.041477413942366814,-0.03451406090765552,1147.0
1358,0884.HK,Hang Seng ESG 50 Index,Inclusion,2021,-0.08490572964705312,-0.0150942891800947,-0.03773591122171438,-0.07924515939910526,-0.17426568004881504,0.06981144046695842,-0.04150924817739088,-0.13652976882710066,1148.0
315,3698.HK,Hang Seng Composite LargeCap & MidCap Index,Exclusion,2018,0.056234807406210896,0.012225122619609285,-0.014669788058246924,-0.05623474328383882,-0.08312958983932284,-0.04400968478660161,-0.04156495522559189,-0.06845980178107591,1149.0
193,601991.SS,Hang Seng China AH Index Series,Inclusion,2017,-0.027027051140835368,0.004158000242086457,-0.01871105065666223,-0.06029105307752791,-0.12681915608545835,0.031185051382921825,-0.04158000242086568,-0.10810810542879612,1150.0
261,601991.SS,Hang Seng Corporate Sustainability Benchmark Index,Inclusion,2017,-0.027027051140835368,0.004158000242086457,-0.01871105065666223,-0.06029105307752791,-0.12681915608545835,0.031185051382921825,-0.04158000242086568,-0.10810810542879612,1150.0
168,601991.SS,Hang Seng China A Top 100 Index,Exclusion,2017,-0.027027051140835368,0.004158000242086457,-0.01871105065666223,-0.06029105307752791,-0.12681915608545835,0.031185051382921825,-0.04158000242086568,-0.10810810542879612,1150.0
557,3958.HK,Hang Seng Stock Connect China AH Index Series,Exclusion,2019,-0.10973718459560933,0.057187074867784515,0.02782075904371073,-0.013910305822137703,-0.2349304528928724,0.16692425946339384,-0.04173106486584843,-0.26275121193658313,1153.0
504,6862.HK,Hang Seng Composite LargeCap & MidCap Index,Inclusion,2018,-0.006968579365256078,0.009291512996056017,0.029036005803568132,-0.012775802678684056,0.2950058145337091,0.016260092361312095,-0.04181180848225219,0.265969808730141,1154.0
368,600196.SS,Hang Seng (China A) Corporate Sustainability Index,Inclusion,2018,0.15286197976104066,-0.03198655685305207,-0.025252524603833426,-0.06734006561022243,-0.13434348740642588,-0.18484853661409273,-0.042087541006389007,-0.10909096280259245,1155.0
1035,0390.HK,Hang Seng ESG 50 Index,Removal,2020,0.052631592156154205,0.007894729412163404,-0.01052630588288439,-0.052631592156154094,0.0,-0.0447368627439908,-0.042105286273269704,0.01052630588288439,1156.0
623,600282.SS,Hang Seng (China A) Corporate Sustainability Benchmark Index,Inclusion,2019,-0.09939756937998745,-0.012048181523292234,0.012048181523292234,-0.030120453808230585,-0.006024090761646117,0.08734938785669522,-0.04216863533152282,-0.01807227228493835,1157.0
115,2883.HK,Hang Seng China AH Index Series,Exclusion,2017,0.046213049863945255,0.006418509753493007,0.0,-0.04236199298100596,-0.13222076226123403,-0.03979454011045225,-0.04236199298100596,-0.13222076226123403,1158.0
1496,6185.HK,Hang Seng Hong Kong-Listed Biotech Index,Removal,2024,-0.09476035185796905,0.016722365001663242,0.005574157106622346,-0.03678928805822235,0.13433666531040078,0.11148271685963229,-0.04236344516484469,0.12876250820377844,1159.0
655,601607.SS,Hang Seng (China A) Corporate Sustainability Benchmark Index,Inclusion,2019,-0.11652980036482452,-0.01950714423492117,-0.0010267175684632868,-0.04414777839898254,-0.09291578585604998,0.09702265612990335,-0.04312106083051925,-0.0918890682875867,1160.0
692,601607.SS,Hang Seng (China A) Corporate Sustainability Index,Inclusion,2019,-0.11652980036482452,-0.01950714423492117,-0.0010267175684632868,-0.04414777839898254,-0.09291578585604998,0.09702265612990335,-0.04312106083051925,-0.0918890682875867,1160.0
717,601607.SS,Hang Seng China A Industry Top Index,Inclusion,2019,-0.11652980036482452,-0.01950714423492117,-0.0010267175684632868,-0.04414777839898254,-0.09291578585604998,0.09702265612990335,-0.04312106083051925,-0.0918890682875867,1160.0
1368,0148.HK,Hang Seng ESG 50 Index,Removal,2021,0.06756756756756754,0.027027027027026973,-0.005405426025390625,-0.04864862802866343,0.035135114515149946,-0.04054054054054057,-0.04324320200327281,0.04054054054054057,1163.0
1061,0308.HK,Hang Seng Stock Connect Greater Bay Area Composite Index,Removal,2020,0.0,0.01739128812274293,0.01739128812274293,-0.026086932184114286,-0.026086932184114286,0.01739128812274293,-0.04347822030685722,-0.04347822030685722,1164.0
682,002202.SZ,Hang Seng (China A) Corporate Sustainability Index,Inclusion,2019,-0.15696390289922624,0.0022108096772435193,0.01989686542636049,-0.02358140766548955,-0.12453939708103967,0.15917471257646976,-0.04347827309185004,-0.14443626250740016,1165.0
568,603259.SS,Hang Seng Stock Connect China AH Index Series,Inclusion,2019,-0.17486109010689976,0.019452707344010944,0.029820471291987394,-0.013681117681260346,-0.13403168433465806,0.1943137974509107,-0.04350158897324774,-0.16385215562664546,1166.0
371,601919.SS,Hang Seng (China A) Corporate Sustainability Index,Inclusion,2018,0.13846135139465332,0.010256369908650642,-0.03076934814453125,-0.07435901959737146,0.02820499738057447,-0.12820498148600268,-0.043589671452840206,0.05897434552510572,1167.0
625,600332.SS,Hang Seng (China A) Corporate Sustainability Benchmark Index,Inclusion,2019,-0.06990955151752865,-0.018341271831461392,-0.0005316442937673971,-0.04412546237488535,-0.13237638712465616,0.05156827968606725,-0.04359381808111795,-0.13184474283088876,1168.0
66,601009.SS,Hang Seng China A Top 100 Index,Inclusion,2016,-0.04372093849326564,0.009302352443136597,-0.0046511451717060615,-0.04837220786442087,0.05767431190865935,0.053023290936402234,-0.04372106269271481,0.06232545708036541,1169.0
118,600958.SS,Hang Seng China AH Index Series,Inclusion,2017,-0.009156276959323084,0.0013080214176834914,0.003924127770819741,-0.03989538369369294,-0.09156308718207606,0.010464298377006576,-0.043819511464512684,-0.0954872149528958,1170.0
782,0808.HK,Hang Seng Corporate Sustainability Benchmark Index,Inclusion,2019,0.08813558856292358,-0.006779654441774419,-0.010169481662661628,-0.05423731635405138,0.010169481662661628,-0.094915243004698,-0.04406783469138975,0.020338963325323256,1171.0
750,1141.HK,Hang Seng Composite LargeCap & MidCap Index,Exclusion,2019,0.031645538581142496,0.012658215432457043,0.012658215432457043,-0.031645614030057834,-0.16455695151977123,-0.018987323148685453,-0.044303829462514877,-0.17721516695222828,1172.0
1257,1339.HK,Hang Seng China 50 Index,Removal,2021,-0.036290287692390844,-0.008064508376086854,0.01209676256413017,-0.032258033504347416,-0.06451616314521791,0.02822577931630399,-0.04435479606847759,-0.07661292570934808,1173.0
427,2638.HK,Hang Seng Composite LargeCap & MidCap Index,Inclusion,2018,-0.02030460938141998,0.002538068608636479,-0.003807133169118959,-0.04822336407642025,-0.036802025081392076,0.02284267799005646,-0.04441623090730129,-0.03299489191227312,1174.0
1208,1668.HK,Hang Seng Stock Connect Greater Bay Area Composite Index,Removal,2021,-0.06666667108182567,0.011111167036458314,0.011111167036458314,-0.033333302427220435,-0.055555504045367354,0.07777783811828398,-0.04444446946367875,-0.06666667108182567,1175.0
1205,0440.HK,Hang Seng Stock Connect Greater Bay Area Composite Index,Removal,2021,-0.1537036895751953,0.0092592592592593,0.007407435664424256,-0.03703703703703709,-0.05555555555555558,0.1629629488344546,-0.044444472701461346,-0.06296299121997984,1176.0
197,600026.SS,Hang Seng China AH Index Series,Inclusion,2017,0.019287851462248762,-0.01186942528527457,-0.013353068072256224,-0.05786348363939109,-0.09495547302955176,-0.031157276747523333,-0.044510415567134864,-0.08160240495729554,1177.0
640,600874.SS,Hang Seng (China A) Corporate Sustainability Benchmark Index,Inclusion,2019,-0.06561679888572791,-0.010498677809387513,0.005249338904693701,-0.0393700417852032,-0.0853018510668575,0.0551181210763404,-0.044619380689896904,-0.0905511899715512,1178.0
164,600583.SS,Hang Seng China A Top 100 Index,Exclusion,2017,-0.0015551714326035304,-0.004665588456001957,0.0031104170233984263,-0.04199066689497499,-0.05287708939777391,-0.0031104170233984263,-0.04510108391837342,-0.05598750642117234,1179.0
1328,1778.HK,Hang Seng Composite Index,Removal,2021,-0.03773590168014018,0.018867905855434186,0.0,-0.04528306402231386,-0.5622641792922045,0.05660380753557437,-0.04528306402231386,-0.5622641792922045,1180.0
1034,0175.HK,Hang Seng ESG 50 Index,Removal,2020,0.030599754916208477,0.011015930446443223,0.0012240182115605958,-0.04406366342137258,0.26070992589355324,-0.019583824469765254,-0.045287681632933174,0.25948590768199264,1181.0
1230,6088.HK,Hang Seng TECH Index,Removal,2021,0.03636360089641055,0.04090905100846176,-0.018181800448205276,-0.06363640994079744,-0.2500000270930197,0.004545450112051208,-0.04545460949259217,-0.23181822664481444,1182.0
1052,2356.HK,Hang Seng Stock Connect Greater Bay Area Composite Index,Inclusion,2020,0.011049779429876505,0.0,0.0,-0.04558010140034696,0.149171264896222,-0.011049779429876505,-0.04558010140034696,0.149171264896222,1183.0
977,2356.HK,Hang Seng Composite Index,Inclusion,2020,0.011049779429876505,0.0,0.0,-0.04558010140034696,0.149171264896222,-0.011049779429876505,-0.04558010140034696,0.149171264896222,1183.0
1342,0941.HK,Hang Seng Corporate Sustainability Index,Inclusion,2021,0.01968913498320113,0.005181347150259086,0.017616548686447464,-0.027979242986965636,-0.03316059013722472,-0.014507787832942043,-0.0455957916734131,-0.050777138823672185,1185.0
643,601012.SS,Hang Seng (China A) Corporate Sustainability Benchmark Index,Inclusion,2019,-0.12014262442319634,0.03208556399180451,-0.002852048651755812,-0.04848489371805609,-0.10089131268339668,0.15222818841500085,-0.045632845066300276,-0.09803926403164087,1186.0
1220,2158.HK,Hang Seng Composite Index,Inclusion,2021,0.04607717070517836,0.008717271751421896,-0.023661288339606235,-0.06973855405592089,-0.1481942848521275,-0.037359898953756465,-0.04607726571631465,-0.12453299651252125,1187.0
122,601788.SS,Hang Seng China AH Index Series,Inclusion,2017,-0.01129230591216468,0.003136774909103357,0.00752822388444474,-0.03889585331746748,-0.04642407720191233,0.014429080821268037,-0.04642407720191222,-0.05395230108635707,1188.0
736,1359.HK,Hang Seng China Enterprises Index,Exclusion,2019,-0.1000000420738657,-0.02352945878843815,-0.03529415312110251,-0.08235300057486927,-0.07647058328542755,0.07647058328542755,-0.04705884745376676,-0.04117643016432504,1189.0
722,600221.SS,Hang Seng China A Top 100 Index,Exclusion,2019,-0.04188477754141884,0.0,0.00523559719267741,-0.04188477754141884,-0.1256544574507399,0.04188477754141884,-0.04712037473409625,-0.1308900546434173,1190.0
1103,9618.HK,Hang Seng China 50 Index,Inclusion,2021,0.11822948988098769,0.05066975598645329,-0.06173553309917568,-0.108910875251088,-0.17472335779390435,-0.0675597338945344,-0.047175342151912325,-0.11298782469472868,1191.0
1158,0120.HK,Hang Seng Composite Index,Removal,2021,0.0,-0.04724416455478486,0.02362202595803997,-0.023622025958040083,-0.12598419476223266,-0.04724416455478486,-0.047244051916080054,-0.14960622072027263,1192.0
738,2799.HK,Hang Seng China Enterprises Index,Exclusion,2019,-0.07874017743599027,-0.0393700417852032,-0.03149603342816265,-0.07874017743599027,-0.1338582359352748,0.039370135650787064,-0.047244144007827615,-0.10236220250711214,1193.0
1394,000025.SZ,Hang Seng Stock Connect Greater Bay Area Composite Index,Removal,2021,0.03997331236817092,0.0013324119776410015,0.009993312208060434,-0.03730848841288903,-0.01532315072641266,-0.03864090039052992,-0.047301800620949463,-0.025316462934473094,1194.0
600,002249.SZ,Hang Seng (China A) Corporate Sustainability Benchmark Index,Inclusion,2019,-0.13333326899815823,-0.004761900436850985,0.030952409605862208,-0.016666594762647535,-0.11666661746917983,0.12857136856130724,-0.04761900436850974,-0.14761902707504204,1195.0
914,002916.SZ,Hang Seng (China A) Corporate Sustainability Index,Removal,2020,0.09304856785957427,-0.0007240798343622901,-0.03642282441552391,-0.08406946081619926,-0.19449673471020534,-0.09377264769393656,-0.047646636400675346,-0.15807391029468143,1196.0
538,601333.SS,Hang Seng Stock Connect China AH Index Series,Exclusion,2019,-0.07692306719369191,0.06100796292761834,0.023872656399110515,-0.023872656399110403,-0.1273209606105944,0.13793103012131025,-0.04774531279822092,-0.1511936170097049,1197.0
710,002304.SZ,Hang Seng China A Industry Top Index,Inclusion,2019,-0.040290656704122574,-0.006531129523062118,0.002391703968541492,-0.0454420244964554,-0.08067332091734924,0.033759527181060456,-0.047833728464996894,-0.08306502488589074,1198.0
1338,6806.HK,Hang Seng Composite Index,Removal,2021,-0.047846846286744515,-0.057416215544093485,0.02870822184792665,-0.01913873851469783,-0.06698558480144234,-0.00956936925734897,-0.04784696036262448,-0.095693806649369,1199.0
1247,603019.SS,Hang Seng (China A) Corporate Sustainability Index,Removal,2021,0.12994351500110857,-0.004237250465320308,0.02153956980667071,-0.026483051132838442,-0.025070589411143818,-0.13418076546642888,-0.04802262093950915,-0.04661015921781453,1200.0
880,000555.SZ,Hang Seng Stock Connect Greater Bay Area Composite Index,Inclusion,2020,-0.1383753621424536,0.019047627188896188,-0.08291313784915832,-0.13109244272157383,-0.19607842718218582,0.1574229893313498,-0.04817930487241551,-0.1131652893330275,1201.0
1040,3988.HK,Hang Seng ESG 50 Index,Removal,2020,0.0361445437046628,0.004016060411629274,0.0,-0.04819282068998332,0.09236948521790445,-0.03212848329303353,-0.04819282068998332,0.09236948521790445,1202.0
121,6178.HK,Hang Seng China AH Index Series,Inclusion,2017,-0.026521073376090443,-0.0015600237570543296,-0.018720731422096515,-0.06708265812396641,-0.12636504868351284,0.024961049619036113,-0.048361926701869895,-0.10764431726141632,1203.0
950,601816.SS,Hang Seng China A Top 100 Index,Inclusion,2020,0.001615468812962817,-0.0016155458464287564,0.0032310146593914624,-0.04523428226494719,-0.05815834090251326,-0.0032310146593915734,-0.04846529692433865,-0.061389355561904724,1204.0
922,601816.SS,Hang Seng China 50 Index,Inclusion,2020,0.001615468812962817,-0.0016155458464287564,0.0032310146593914624,-0.04523428226494719,-0.05815834090251326,-0.0032310146593915734,-0.04846529692433865,-0.061389355561904724,1204.0
936,601816.SS,Hang Seng China A Industry Top Index,Inclusion,2020,0.001615468812962817,-0.0016155458464287564,0.0032310146593914624,-0.04523428226494719,-0.05815834090251326,-0.0032310146593915734,-0.04846529692433865,-0.061389355561904724,1204.0
1365,0010.HK,Hang Seng ESG 50 Index,Removal,2021,0.06124603034335796,0.01795143310458247,0.004223860689032133,-0.04435058758722921,-0.08870117517445841,-0.04329459723877549,-0.04857444827626134,-0.09292503586349055,1207.0
1428,0522.HK,Hang Seng TECH Index,Removal,2022,-0.010006671521520238,-0.015343481565162964,-0.10873908243268471,-0.1574382375293749,-0.20346893670768051,-0.005336810043642726,-0.048699155096690205,-0.0947298542749958,1208.0
238,1339.HK,Hang Seng Corporate Sustainability Benchmark Index,Exclusion,2017,0.016260146842582035,0.0,-0.005420048947527345,-0.05420055408735369,0.11382115712223473,-0.016260146842582035,-0.04878050513982635,0.11924120606976207,1209.0
292,3958.HK,Hang Seng China AH Index Series,Inclusion,2018,0.1496688855488535,0.0026490040293054573,-0.0026490040293054573,-0.051655673307313354,-0.1430464070542088,-0.14701988151954803,-0.0490066692780079,-0.14039740302490333,1210.0
703,002027.SZ,Hang Seng China A Industry Top Index,Exclusion,2019,-0.0781817869706587,-0.0072727203369140625,0.039999961853027344,-0.009090943769975102,0.020000024275346195,0.07090906663374463,-0.049090905623002445,-0.01999993757768115,1211.0
131,1071.HK,Hang Seng Composite LargeCap & MidCap Index,Exclusion,2017,-0.05491331072996597,-0.0028901706222559387,0.005780341244511877,-0.043352628240942215,0.028901706222559387,0.05202314010771003,-0.04913296948545409,0.02312136497804751,1212.0
669,603337.SS,Hang Seng (China A) Corporate Sustainability Benchmark Index,Inclusion,2019,-0.13629697614882352,-0.01563261873758115,0.05276013482821518,0.003419716879383694,-0.050806010897138765,0.12066435741124237,-0.04934041794883148,-0.10356614572535394,1213.0
88,0884.HK,Hang Seng Composite LargeCap & MidCap Index,Inclusion,2016,-0.13223160090069397,-0.008264539482880306,0.033057745601364985,-0.016528666635604483,-0.08677673682739162,0.12396706141781366,-0.04958641223696947,-0.1198344824287566,1214.0
332,0004.HK,Hang Seng Index,Exclusion,2018,0.09760268491973134,0.023972562921274143,-0.02054795773263285,-0.0702055168098158,-0.138698665705154,-0.0736301219984572,-0.049657559077182944,-0.11815070797252114,1215.0
174,601229.SS,Hang Seng China A Top 100 Index,Inclusion,2017,0.0063492177192920884,0.00105821825910013,-0.00529099946019207,-0.0550265229554292,-0.19735453700402739,-0.0052909994601919585,-0.04973552349523713,-0.19206353754383532,1216.0
523,2048.HK,Hang Seng Composite LargeCap & MidCap Index,Exclusion,2019,0.011608572535430017,0.006633492613808523,-0.009950317998182356,-0.059701512601746054,-0.1525704882725345,-0.004975079921621495,-0.0497511946035637,-0.14262017027435214,1217.0
883,300770.SZ,Hang Seng Stock Connect Greater Bay Area Composite Index,Inclusion,2020,0.11986496770138522,-0.020877887688287466,-0.0996061042747528,-0.14940911777141375,-0.014350002500054249,-0.14074285538967268,-0.04980301349666094,0.08525610177469856,1218.0
390,601985.SS,Hang Seng China A Industry Top Index,Inclusion,2018,-0.008650551716246624,-0.006920490871662466,-0.012110755903190218,-0.06228375786275986,-0.08477512632678075,0.001730060844584158,-0.05017300195956964,-0.07266437042359053,1219.0
1332,2386.HK,Hang Seng Composite Index,Removal,2021,0.1079136213505949,-0.004796158407816775,-0.002398136378626514,-0.052757799660702376,-0.08393288648622932,-0.11270977975841168,-0.05035966328207586,-0.0815347501076028,1220.0
774,0737.HK,Hang Seng Corporate Sustainability Benchmark Index,Exclusion,2019,0.02267000340572234,-0.010075557069209928,-0.007556667801907446,-0.05793451320301424,-0.05289673466840927,-0.03274556047493227,-0.05037784540110679,-0.04534006686650183,1221.0
1395,000070.SZ,Hang Seng Stock Connect Greater Bay Area Composite Index,Removal,2021,-0.010610069510715747,0.0013262903093407274,-0.003978744446017091,-0.054376637862919575,-0.09946949652446424,0.011936359820056475,-0.050397893416902484,-0.09549075207844715,1222.0
136,0658.HK,Hang Seng Composite LargeCap & MidCap Index,Inclusion,2017,0.026852845191417618,0.01718580453283125,-0.0053705895253785,-0.05585396716717661,-0.14070895387463722,-0.009667040658586368,-0.05048337764179811,-0.13533836434925872,1223.0
201,000039.SZ,Hang Seng China AH Index Series,Inclusion,2017,-0.005792644811826508,-0.0031595997894504624,0.006319018787564579,-0.04423385467829677,0.04318056435281181,0.002633045022376046,-0.05055287346586135,0.03686154556524723,1224.0
162,000039.SZ,Hang Seng China A Top 100 Index,Exclusion,2017,-0.005792644811826508,-0.0031595997894504624,0.006319018787564579,-0.04423385467829677,0.04318056435281181,0.002633045022376046,-0.05055287346586135,0.03686154556524723,1224.0
230,000039.SZ,Hang Seng Corporate Sustainability Benchmark Index,Exclusion,2017,-0.005792644811826508,-0.0031595997894504624,0.006319018787564579,-0.04423385467829677,0.04318056435281181,0.002633045022376046,-0.05055287346586135,0.03686154556524723,1224.0
450,2282.HK,Hang Seng Corporate Sustainability Benchmark Index,Exclusion,2018,0.22652749559582963,0.03427720085930175,-0.03576754792710857,-0.08643814015032802,0.09388973336204298,-0.19225029473652788,-0.05067059222321946,0.12965728128915155,1227.0
76,0754.HK,Hang Seng Composite LargeCap & MidCap Index,Exclusion,2016,-0.05989581827747492,0.005208322538566845,0.024739368432259656,-0.026041721776789983,-0.082031243608362,0.06510414081604177,-0.05078109020904964,-0.10677061204062166,1228.0
1536,601633.SS,Hang Seng Stock Connect China Enterprises Index,Removal,2024,0.03958415681959493,0.018792455379977646,0.005597736440112744,-0.04558174247163549,-0.11715314987451231,-0.020791701439617283,-0.05117947891174823,-0.12275088631462505,1229.0
1131,1952.HK,Hang Seng Composite Index,Inclusion,2021,0.1470409212994641,-0.08602801323855935,-0.07504568792563315,-0.12629650835323303,-0.09212929473483311,-0.23306893453802346,-0.051250820427599875,-0.017083606809199958,1230.0
1183,6889.HK,Hang Seng Composite Index,Removal,2021,0.007692300168250066,0.0,0.0,-0.05128206225463516,-0.07948722400451991,-0.007692300168250066,-0.05128206225463516,-0.07948722400451991,1231.0
1419,0992.HK,Hang Seng China Enterprises Index,Inclusion,2022,0.02967742181593369,-0.003870994813980566,-0.032258064516129004,-0.08387098004741056,-0.19870967249716487,-0.03354841662991426,-0.051612915531281556,-0.16645160798103587,1232.0
871,1980.HK,Hang Seng Composite Index,Removal,2020,0.057471277755039685,0.06321839867943502,-0.022988483697581663,-0.0747126405282259,-0.45977011927368927,0.0057471209243953325,-0.05172415683064424,-0.4367816355761076,1233.0
631,600580.SS,Hang Seng (China A) Corporate Sustainability Benchmark Index,Inclusion,2019,-0.1211111704508464,-0.00444450378417971,0.016666666666666607,-0.035555585225423125,0.2055554707845053,0.1166666666666667,-0.05222225189208973,0.1888888041178387,1234.0
1874,9863.HK,Hang Seng TECH Index,Inclusion,2025,0.09366132272195449,-0.007568547260744074,-0.012298916366098367,-0.06452223170984339,-0.2253547812918868,-0.10122986998269856,-0.052223315343745025,-0.21305586492578843,1235.0
97,1186.HK,Hang Seng China Enterprises Index,Inclusion,2016,-0.08648648695090055,-0.007207200086191579,-0.02162168617517668,-0.07387392975836637,0.0036036000430956783,0.07927928686470898,-0.052252243583189695,0.025225286218272358,1236.0
675,603773.SS,Hang Seng (China A) Corporate Sustainability Benchmark Index,Inclusion,2019,-0.16710335943161214,-0.09082969592130019,0.03056768026233292,-0.02212518390381124,-0.03639008102747032,0.07627366351031195,-0.05269286416614416,-0.06695776128980324,1237.0
333,3898.HK,Hang Seng China Enterprises Index,Exclusion,2018,0.03152584998475083,-0.0037831404818736702,-0.0037831404818736702,-0.056746529972551474,0.07440092899660478,-0.0353089904666245,-0.052963389490677804,0.07818406947847845,1238.0
1486,3877.HK,Hang Seng Composite Index,Removal,2024,0.0,-0.03333330154418945,-0.04666670163472497,-0.0999999841054281,0.026666641235351562,-0.03333330154418945,-0.053333282470703125,0.07333334287007653,1239.0
877,6828.HK,Hang Seng Composite Index,Removal,2020,0.03208554573070588,0.010695128786667896,-0.026738021180047644,-0.08021390416944041,-0.5721925376581017,-0.021390416944037982,-0.053475882989392765,-0.5454545164780541,1240.0
200,2039.HK,Hang Seng China AH Index Series,Inclusion,2017,0.039490316603711495,0.015286500101192813,-0.006369511715232812,-0.059872644754001,-0.09681537534853002,-0.024203816502518682,-0.05350313303876819,-0.09044586363329721,1241.0
1019,3382.HK,Hang Seng Composite Index,Removal,2020,0.05357137725365435,0.0,-0.017857125751218117,-0.07142860944173757,0.1071428609441738,-0.05357137725365435,-0.05357148369051945,0.12499998669539192,1242.0
190,0921.HK,Hang Seng China AH Index Series,Inclusion,2017,0.19298248365865445,0.017543843138140724,-0.008771921569070362,-0.06249996732201446,-0.03508768627628134,-0.17543864052051372,-0.0537280457529441,-0.026315764707210976,1243.0
784,1099.HK,Hang Seng Corporate Sustainability Benchmark Index,Inclusion,2019,0.048237447133888445,0.0018552592076102048,-0.01298702677407837,-0.06679039307800194,-0.03710575034102259,-0.04638218792627824,-0.05380336630392357,-0.024118723566944222,1244.0
489,0683.HK,Hang Seng Corporate Sustainability Index,Inclusion,2018,0.4010792025855414,0.0017986023662375228,-0.035971224008772174,-0.08992806002193043,-0.026978418006579075,-0.3992806002193039,-0.05395683601315826,0.008992806002193099,1245.0
843,1873.HK,Hang Seng Composite Index,Inclusion,2020,-0.08558561025758338,0.015765804225056357,-0.02477480452630154,-0.0788288063337721,0.6576576663654217,0.10135141448263973,-0.05405400180747055,0.6824324708917232,1246.0
149,000069.SZ,Hang Seng China A Industry Top Index,Exclusion,2017,0.008055310918144709,0.0011507743802900983,-0.005753652413679533,-0.05983884110457216,0.018412060852984302,-0.006904536537854611,-0.05408518869089263,0.024165713266663835,1247.0
1642,0697.HK,Hang Seng Composite Index,Removal,2024,-0.015503861641813277,0.0,0.0,-0.05426351574634625,-0.21705424780599458,0.015503861641813277,-0.05426351574634625,-0.21705424780599458,1248.0
173,600919.SS,Hang Seng China A Top 100 Index,Inclusion,2017,0.01135067155675129,-0.0022701571522513175,-0.003405235728376921,-0.05788877897339739,-0.11918279367517182,-0.013620828709002608,-0.05448354324502047,-0.1157775579467949,1249.0
740,0151.HK,Hang Seng China Enterprises Index,Inclusion,2019,-0.04494385376422372,0.012841079207243977,0.038523237621732154,-0.016051349009055138,0.09309790079138902,0.057784932971467695,-0.05457458663078729,0.05457466316965687,1250.0
1751,0512.HK,Hang Seng Hong Kong-Listed Biotech Index,Inclusion,2024,-0.002114213285731581,-0.008456651520450165,0.002114112474493446,-0.0528541224084329,0.09936570577090897,-0.006342438234718584,-0.05496823488292635,0.09725159329641553,1251.0
56,603993.SS,Hang Seng China A Industry Top Index,Inclusion,2016,0.004999995231628418,0.0,0.0025000572204589844,-0.052500009536743164,-0.004999995231628418,-0.004999995231628418,-0.05500006675720215,-0.007500052452087402,1252.0
1256,0998.HK,Hang Seng China 50 Index,Removal,2021,-0.03581270257368574,-0.00826452034781,0.008264454667762822,-0.04683197546403606,-0.04683197546403606,0.02754818222587574,-0.05509643013179888,-0.05509643013179888,1253.0
1076,0728.HK,Hang Seng China Enterprises Index,Removal,2020,0.08936172198688119,0.008510630526872509,-0.02553189158061786,-0.08085099000528984,0.16170218292001692,-0.08085109146000868,-0.055319098424671975,0.18723407450063478,1254.0
821,2772.HK,Hang Seng Composite LargeCap & MidCap Index,Inclusion,2019,-0.08439493504802353,0.011146447848025653,-0.00477710331306902,-0.06050957034164095,-0.035031888483889495,0.09554138289604919,-0.05573246702857193,-0.030254785170820475,1255.0
1422,0316.HK,Hang Seng Index,Inclusion,2022,-0.1333899520417673,0.03313510303312839,-0.018691563341412976,-0.07476631818633794,-0.36321156421778866,0.16652505507489568,-0.05607475484492497,-0.3445200008763757,1256.0
806,601211.SS,Hang Seng Stock Connect China AH Index Series,Inclusion,2019,-0.11842801653062496,-0.018056301325835244,0.016463062517175553,-0.0398300585787994,-0.06744559017043872,0.10037171520478971,-0.05629312109597495,-0.08390865268761427,1257.0
650,601211.SS,Hang Seng (China A) Corporate Sustainability Benchmark Index,Inclusion,2019,-0.11842801653062496,-0.018056301325835244,0.016463062517175553,-0.0398300585787994,-0.06744559017043872,0.10037171520478971,-0.05629312109597495,-0.08390865268761427,1257.0
697,601211.SS,Hang Seng China 50 Index,Exclusion,2019,-0.11842801653062496,-0.018056301325835244,0.016463062517175553,-0.0398300585787994,-0.06744559017043872,0.10037171520478971,-0.05629312109597495,-0.08390865268761427,1257.0
493,0144.HK,Hang Seng Index,Exclusion,2018,0.07470507028504603,-0.04718219241347721,-0.022280481486781967,-0.07863694569243562,-0.003931875407389485,-0.12188726269852324,-0.056356464205653656,0.018348606079392482,1260.0
449,2196.HK,Hang Seng Corporate Sustainability Benchmark Index,Exclusion,2018,0.18122978804541767,-0.0177993282799499,-0.02750810329978104,-0.08414240820606822,-0.04368933327300595,-0.19902911632536757,-0.05663430490628718,-0.01618122997322491,1261.0
1150,9666.HK,Hang Seng Composite Index,Inclusion,2021,0.21258631081719304,0.02072138821953584,0.036070582027348586,-0.020721446772063556,0.0030697919195403767,-0.1918649225976572,-0.05679202879941214,-0.03300079010780821,1262.0
1471,1969.HK,Hang Seng Composite Index,Inclusion,2024,0.025782752808224174,-0.003683237856129562,-0.049723754965407374,-0.10681398564307376,-0.11602203637573894,-0.029465990664353736,-0.05709023067766639,-0.06629828141033156,1263.0
890,000036.SZ,Hang Seng Stock Connect Greater Bay Area Composite Index,Removal,2020,-0.09660571616958569,0.023498734825248446,-0.03655349067216862,-0.09399475255014511,0.1436031858200828,0.12010445099483413,-0.05744126187797649,0.18015667649225142,1264.0
48,600111.SS,Hang Seng China A Industry Top Index,Exclusion,2016,-0.002274430168732411,0.0022745024715637996,0.007581530299549888,-0.05003789752910137,-0.01971184863373321,0.0045489326402962105,-0.05761942782865126,-0.027293378933283097,1265.0
111,2039.HK,Hang Seng China AH Index Series,Exclusion,2017,-0.19436615751130137,-0.03661960746719828,-0.00704216711152561,-0.06478869902238227,-0.0957745486226983,0.1577465500441031,-0.05774653191085666,-0.08873238151117269,1266.0
1476,2517.HK,Hang Seng Composite Index,Inclusion,2024,0.5966941393168381,0.036363600538156016,-0.008264494075791107,-0.06611571615815859,-0.19834714847447577,-0.5603305387786821,-0.05785122208236748,-0.19008265439868466,1267.0
374,601229.SS,Hang Seng China 50 Index,Exclusion,2018,-0.026541197310024356,0.007705508896458602,0.005137005930972549,-0.05308218232953177,-0.01455485013775537,0.03424670620648296,-0.05821918826050432,-0.01969185606872792,1268.0
1856,2688.HK,Hang Seng China Enterprises Index,Removal,2025,-0.06910577090273107,-0.014905231138597097,-0.010162601205775057,-0.06842822280394922,-0.08401089866200273,0.05420053976413397,-0.058265621598174167,-0.07384829745622767,1269.0
1869,2688.HK,Hang Seng HKEX Stock Connect China Enterprises Index,Removal,2025,-0.06910577090273107,-0.014905231138597097,-0.010162601205775057,-0.06842822280394922,-0.08401089866200273,0.05420053976413397,-0.058265621598174167,-0.07384829745622767,1269.0
991,9928.HK,Hang Seng Composite Index,Inclusion,2020,0.1857924408539502,0.010929038637187194,-0.01639338424460479,-0.07468121393538851,-0.3296903059783396,-0.174863402216763,-0.05828782969078372,-0.3132969217337348,1271.0
472,1112.HK,Hang Seng Corporate Sustainability Benchmark Index,Inclusion,2018,0.16630671468296776,0.00539956812353215,-0.005399568123532261,-0.0637149203358548,0.1101512391545807,-0.1609071465594356,-0.058315352212322535,0.11555080727811295,1272.0
233,0552.HK,Hang Seng Corporate Sustainability Benchmark Index,Exclusion,2017,0.10823530309340534,-0.0023529950310202663,0.004705877865061936,-0.05411765154670267,0.1647058374741499,-0.11058829812442561,-0.05882352941176461,0.15999995960908797,1273.0
956,600362.SS,Hang Seng China A Top 100 Index,Removal,2020,0.07508095892601818,0.0278317353064248,0.023948212953193604,-0.034951454273106086,0.33462790251090424,-0.04724922361959338,-0.05889966722629969,0.31067968955771064,1274.0
981,6078.HK,Hang Seng Composite Index,Inclusion,2020,-0.22961367593572646,-0.031115815358823018,0.07939916060285324,0.020386283134044003,0.15450645919951933,0.19849786057690344,-0.05901287746880923,0.0751072985966661,1275.0
1164,0468.HK,Hang Seng Composite Index,Removal,2021,-0.011820376006952182,-0.021276631721529826,-0.03546101529339629,-0.0945626698732368,-0.10401892558781456,-0.009456255714577644,-0.05910165457984051,-0.06855791029441827,1276.0
654,601600.SS,Hang Seng (China A) Corporate Sustainability Benchmark Index,Inclusion,2019,-0.06199461366808068,0.0026954151914919677,0.032344982297902725,-0.026954216178686208,-0.09703507542124257,0.06469002885957265,-0.05929919847658893,-0.1293800577191453,1277.0
707,601600.SS,Hang Seng China A Industry Top Index,Exclusion,2019,-0.06199461366808068,0.0026954151914919677,0.032344982297902725,-0.026954216178686208,-0.09703507542124257,0.06469002885957265,-0.05929919847658893,-0.1293800577191453,1277.0
724,601600.SS,Hang Seng China A Top 100 Index,Exclusion,2019,-0.06199461366808068,0.0026954151914919677,0.032344982297902725,-0.026954216178686208,-0.09703507542124257,0.06469002885957265,-0.05929919847658893,-0.1293800577191453,1277.0
1351,0345.HK,Hang Seng Corporate Sustainability Index,Removal,2021,0.06451618704814654,0.01736974630748178,0.012406948125700978,-0.04714634608316248,-0.26550866149275065,-0.04714644074066476,-0.05955329420886346,-0.27791560961845163,1280.0
1370,0345.HK,Hang Seng ESG 50 Index,Removal,2021,0.06451618704814654,0.01736974630748178,0.012406948125700978,-0.04714634608316248,-0.26550866149275065,-0.04714644074066476,-0.05955329420886346,-0.27791560961845163,1280.0
599,002179.SZ,Hang Seng (China A) Corporate Sustainability Benchmark Index,Inclusion,2019,-0.13620412949778804,0.009595145762392399,0.0028083769556945803,-0.05686871940561744,-0.07910135836925825,0.14579927526018044,-0.05967709636131202,-0.08190973532495283,1282.0
1509,9885.HK,Hang Seng Stock Connect Greater Bay Area Composite Index,Inclusion,2024,-0.24446903180008028,-0.004424774559935729,-0.026548647359614486,-0.08628315666622044,-0.12831856773308348,0.24004425724014455,-0.059734509306605954,-0.10176992037346899,1283.0
562,601319.SS,Hang Seng Stock Connect China AH Index Series,Inclusion,2019,-0.4987013102824337,-0.08225106437896024,-0.09870132679627441,-0.15844154921954345,-0.20952381266930298,0.41645024590347346,-0.05974022242326904,-0.11082248587302856,1284.0
886,603983.SS,Hang Seng Stock Connect Greater Bay Area Composite Index,Inclusion,2020,-0.14805196786855723,-0.004025942319399345,-0.06857141271814127,-0.12831165264179178,0.0796103539404931,0.1440260255491579,-0.05974023992365052,0.14818176665863436,1285.0
745,0045.HK,Hang Seng Composite LargeCap & MidCap Index,Exclusion,2019,0.22802553636132417,-0.0025477683018455544,0.006369451126407855,-0.05350319508234491,0.1273885973230422,-0.23057330466316972,-0.05987264620875277,0.12101914619663434,1286.0
766,0045.HK,Hang Seng Corporate Sustainability Benchmark Index,Exclusion,2019,0.22802553636132417,-0.0025477683018455544,0.006369451126407855,-0.05350319508234491,0.1273885973230422,-0.23057330466316972,-0.05987264620875277,0.12101914619663434,1286.0
614,600020.SS,Hang Seng (China A) Corporate Sustainability Benchmark Index,Inclusion,2019,-0.07795098496083142,0.006681561545130776,0.013363123090261775,-0.04677050601664445,-0.06904230703386882,0.08463254650596219,-0.06013362910690623,-0.0824054301241306,1288.0
339,000063.SZ,Hang Seng (China A) Corporate Sustainability Benchmark Index,Exclusion,2018,-0.19845219028781036,0.03316751666162321,-0.056937572026397154,-0.1171918113696534,0.1077944027911184,0.23161970694943357,-0.060254239343256244,0.16473197481751556,1289.0
386,000063.SZ,Hang Seng China A Industry Top Index,Inclusion,2018,-0.19845219028781036,0.03316751666162321,-0.056937572026397154,-0.1171918113696534,0.1077944027911184,0.23161970694943357,-0.060254239343256244,0.16473197481751556,1289.0
361,000063.SZ,Hang Seng (China A) Corporate Sustainability Index,Exclusion,2018,-0.19845219028781036,0.03316751666162321,-0.056937572026397154,-0.1171918113696534,0.1077944027911184,0.23161970694943357,-0.060254239343256244,0.16473197481751556,1289.0
396,000063.SZ,Hang Seng China A Top 100 Index,Inclusion,2018,-0.19845219028781036,0.03316751666162321,-0.056937572026397154,-0.1171918113696534,0.1077944027911184,0.23161970694943357,-0.060254239343256244,0.16473197481751556,1289.0
725,601881.SS,Hang Seng China A Top 100 Index,Exclusion,2019,-0.1342396615064002,-0.009345845885588289,0.014443425319282444,-0.0458794302910287,-0.0943076097859783,0.12489381562081192,-0.060322855610311144,-0.10875103510526074,1293.0
663,601881.SS,Hang Seng (China A) Corporate Sustainability Benchmark Index,Inclusion,2019,-0.1342396615064002,-0.009345845885588289,0.014443425319282444,-0.0458794302910287,-0.0943076097859783,0.12489381562081192,-0.060322855610311144,-0.10875103510526074,1293.0
1111,3333.HK,Hang Seng China 50 Index,Removal,2021,0.06622516388987454,0.0013244704360337867,-0.01324508330376517,-0.0741722391350288,-0.25695364347158156,-0.06490069345384075,-0.060927155831263624,-0.2437085601678164,1295.0
182,0168.HK,Hang Seng China AH Index Series,Inclusion,2017,0.05172412659126846,0.017241415391418657,-0.0015673742212680697,-0.06269592551462688,0.026645780302015254,-0.0344827111998498,-0.06112855129335881,0.028213154523283324,1296.0
777,1208.HK,Hang Seng Corporate Sustainability Benchmark Index,Exclusion,2019,0.030769200673000707,-0.04102566203030167,-0.046153862142468416,-0.10769232462143719,-0.13846158642740525,-0.07179486270330238,-0.06153846247896877,-0.09230772428493683,1297.0
1397,002421.SZ,Hang Seng Stock Connect Greater Bay Area Composite Index,Removal,2021,0.018817186210869252,-0.002688169458695655,0.013440847293478164,-0.04838711434753651,-0.06182796164101456,-0.021505355669564907,-0.06182796164101467,-0.07526880893449273,1298.0
665,601899.SS,Hang Seng (China A) Corporate Sustainability Benchmark Index,Inclusion,2019,0.05367233312652431,0.025423772191449423,0.0028248560935075773,-0.05932204531353924,0.08757060624861435,-0.028248560935074885,-0.06214690140704682,0.08474575015510677,1299.0
46,000839.SZ,Hang Seng China A Industry Top Index,Exclusion,2016,-0.26540281968203017,0.014218033755551529,-0.025276437494557435,-0.08767769905654044,-0.1682464565650308,0.2796208534375817,-0.062401261561983,-0.14297001907047335,1300.0
1268,603501.SS,Hang Seng China A Industry Top Index,Inclusion,2021,0.32890318529079576,0.03870961682878593,0.0358708915121404,-0.02666674109017686,0.27875263716164334,-0.29019356846200983,-0.06253763260231726,0.24288174564950293,1301.0
1252,6618.HK,Hang Seng China 50 Index,Inclusion,2021,-0.02490427205153145,0.0012771196707999088,-0.0006386085543924613,-0.06321844680343969,-0.19348660198473377,0.02618139172233136,-0.06257983824904723,-0.1928479934303413,1302.0
641,600875.SS,Hang Seng (China A) Corporate Sustainability Benchmark Index,Inclusion,2019,-0.08418888235046451,0.0020534351369265735,0.031827559230128255,-0.03080084166166497,-0.07186856526843388,0.08624231748739108,-0.06262840089179322,-0.10369612449856214,1303.0
797,0598.HK,Hang Seng Stock Connect China AH Index Series,Inclusion,2019,-0.03137251968706389,-0.015686259843532002,0.007843129921766057,-0.05490190945236184,-0.05490190945236184,0.01568625984353189,-0.0627450393741279,-0.0627450393741279,1304.0
1371,0384.HK,Hang Seng ESG 50 Index,Removal,2021,0.0780911585244255,0.0,-0.015184316082681448,-0.07809107577610885,-0.36832967889184776,-0.0780911585244255,-0.0629067596934274,-0.3531453628091663,1305.0
1517,300671.SZ,Hang Seng Stock Connect Greater Bay Area Composite Index,Removal,2024,0.023068065212989763,-0.03421758484493098,0.003075737139641488,-0.059976910888687285,0.01768547022009903,-0.057285650057920745,-0.06305264802832877,0.014609733080457543,1306.0
1513,002670.SZ,Hang Seng Stock Connect Greater Bay Area Composite Index,Removal,2024,0.0817733945714414,-0.0029556388274559753,-0.014778288095344094,-0.0778325114821452,-0.05714285177382494,-0.08472903339889737,-0.06305422338680111,-0.04236456367848085,1307.0
749,0691.HK,Hang Seng Composite LargeCap & MidCap Index,Exclusion,2019,0.021126825004031735,-0.014084494035883521,-0.04577460561662139,-0.10915491272830369,-0.10915491272830369,-0.035211319039915256,-0.0633803071116823,-0.0633803071116823,1308.0
1199,002047.SZ,Hang Seng Stock Connect Greater Bay Area Composite Index,Removal,2021,-0.1181817794305885,0.02424247372139554,0.0030303001841676114,-0.060606075931405656,-0.036363602210010226,0.14242425315198404,-0.06363637611557327,-0.03939390239417784,1309.0
1630,2556.HK,Hang Seng Composite Index,Inclusion,2024,-0.02532269612355531,-0.00695131052091269,-0.03674277120528524,-0.10079438137124541,0.04270112395304171,0.01837138560264262,-0.06405161016596017,0.07944389515832695,1310.0
81,0245.HK,Hang Seng Composite LargeCap & MidCap Index,Inclusion,2016,0.02564100056083385,-0.05128206225463516,0.02564100056083385,-0.03846156197421824,0.03846156197421835,-0.07692306281546901,-0.06410256253505209,0.012820561413384501,1311.0
1153,9992.HK,Hang Seng Composite Index,Inclusion,2021,0.33844965319923404,0.036070582027348586,0.008441986331263696,-0.05602458081952699,0.005372194411723319,-0.30237907117188545,-0.06446656715079069,-0.0030697919195403767,1312.0
891,002016.SZ,Hang Seng Stock Connect Greater Bay Area Composite Index,Removal,2020,-0.07999998523343,0.03354841662991426,-0.045161278017105566,-0.10967740704936368,-0.14322582367927794,0.11354840186334425,-0.06451612903225812,-0.09806454566217238,1313.0
1747,2328.HK,Hang Seng China Enterprises Index,Inclusion,2024,0.011308589824603255,-0.008077575165211792,0.012924058637566072,-0.051696311583730226,0.05008076573730147,-0.019386164989815047,-0.0646203702212963,0.0371567070997354,1314.0
963,1099.HK,Hang Seng China Enterprises Index,Removal,2020,0.0542636477610674,0.013289024264411253,-0.00885934950960754,-0.07419713135179584,0.07308968626015067,-0.04097462349665615,-0.0653377818421883,0.0819490357697582,1315.0
116,601808.SS,Hang Seng China AH Index Series,Exclusion,2017,-0.03310756822018468,0.006772020530189771,0.017306282661461836,-0.04815653462451319,-0.14522199478672393,0.03987958875037445,-0.06546281728597503,-0.16252827744818577,1316.0
420,1233.HK,Hang Seng Composite LargeCap & MidCap Index,Inclusion,2018,0.22673026164475596,0.0,-0.03937946529826164,-0.10501194539656977,-0.12410500568619764,-0.22673026164475596,-0.06563248009830813,-0.084725540387936,1317.0
37,3886.HK,Hang Seng Composite LargeCap & MidCap Index,Inclusion,2016,-0.026315764707210976,0.0,0.0,-0.06578949019519265,-0.08552631372560093,0.026315764707210976,-0.06578949019519265,-0.08552631372560093,1318.0
93,2888.HK,Hang Seng Composite LargeCap & MidCap Index,Inclusion,2016,-0.011380879857877946,0.003034854986515345,0.024279187209013564,-0.04172989281221906,-0.08194235813118045,0.014415734844393291,-0.06600908002123262,-0.10622154534019401,1319.0
495,2313.HK,Hang Seng Index,Inclusion,2018,-0.0232078398228438,0.021144952205127243,-0.008767390416472898,-0.07478081720694119,0.017019098275575795,0.044352792027971044,-0.06601342679046829,0.025786488692048692,1320.0
1453,3933.HK,Hang Seng Hong Kong-Listed Biotech Index,Inclusion,2023,0.0012515931374597056,0.0012515931374597056,-0.035043772339433565,-0.10137671664365833,0.06883607089989852,0.0,-0.06633294430422476,0.10387984323933208,1321.0
1084,1179.HK,Hang Seng Composite LargeCap & MidCap Index,Inclusion,2020,-0.1808080839218018,-0.003535338258660037,-0.03333332691128377,-0.09999998073385141,0.08181822735635103,0.17727274566314177,-0.06666665382256765,0.11515155426763479,1322.0
1400,0895.HK,Hang Seng Stock Connect Greater Bay Area Composite Index,Removal,2021,0.0641025625350522,-0.0051282001121667475,0.030769200673000707,-0.03589746191813492,-0.08974362422885351,-0.06923076264721895,-0.06666666259113563,-0.12051282490185422,1323.0
85,0460.HK,Hang Seng Composite LargeCap & MidCap Index,Inclusion,2016,0.005555550404536813,-0.02777775202268362,0.022222267845531718,-0.04444440323629384,0.12777779175911452,-0.033333302427220435,-0.06666667108182556,0.1055555239135828,1324.0
1345,1929.HK,Hang Seng Corporate Sustainability Index,Inclusion,2021,-0.0629722917376192,0.011334971675332595,0.010075617124267078,-0.05667509859689168,-0.0944584376064288,0.0743072634129518,-0.06675071572115876,-0.10453405473069588,1325.0
394,600958.SS,Hang Seng China A Top 100 Index,Exclusion,2018,-0.05549259401427853,-0.021517558900876255,-0.04756515914592763,-0.11438285652064406,0.018120055389535983,0.033975035113402274,-0.06681769737471643,0.06568521453546361,1326.0
549,1812.HK,Hang Seng Stock Connect China AH Index Series,Exclusion,2019,-0.07874017743599027,0.051181148186348,0.04527559498577571,-0.021653569914653614,-0.29330709289651546,0.12992132562233827,-0.06692916490042933,-0.3385826878822912,1327.0
756,6099.HK,Hang Seng Composite LargeCap & MidCap Index,Exclusion,2019,-0.0932755343701529,-0.003253859758960198,0.010846017694489118,-0.05639918311011671,-0.050976228713485505,0.0900216746111927,-0.06724520080460583,-0.061822246407974624,1328.0
1450,601857.SS,Hang Seng Stock Connect China Enterprises Index,Removal,2022,-0.04807692484037418,-0.001923029309897406,0.023076993614966845,-0.04423077452112256,0.05961546749758595,0.046153895530476774,-0.06730776813608941,0.036538473882619105,1329.0
1349,0257.HK,Hang Seng Corporate Sustainability Index,Removal,2021,-0.17712177576266674,0.01476013331733328,0.14022135449199946,0.07195569391066647,-0.009225127312000314,0.19188190908000002,-0.06826566058133299,-0.14944648180399978,1330.0
1369,0257.HK,Hang Seng ESG 50 Index,Removal,2021,-0.17712177576266674,0.01476013331733328,0.14022135449199946,0.07195569391066647,-0.009225127312000314,0.19188190908000002,-0.06826566058133299,-0.14944648180399978,1330.0
1657,2415.HK,Hang Seng Composite Index,Removal,2024,1.4358974437349965,0.01709410330718164,-0.017094001418896276,-0.08547000709448127,-0.2649572257694629,-1.4188033404278149,-0.068376005675585,-0.24786322435056662,1332.0
1359,1113.HK,Hang Seng ESG 50 Index,Inclusion,2021,0.054325970251348554,0.009054341167636704,-0.02615692589747276,-0.09456741832575932,-0.0935613974747933,-0.04527162908371185,-0.06841049242828656,-0.06740447157732055,1333.0
520,1282.HK,Hang Seng Composite LargeCap & MidCap Index,Exclusion,2019,0.06849320793449665,0.05479449669395975,-0.013698502279624214,-0.08219171021412086,-0.2328766980163759,-0.013698711240536898,-0.06849320793449665,-0.21917819573675168,1334.0
1101,300999.SZ,Hang Seng China 50 Index,Inclusion,2021,0.3605360459907243,0.014478869078512036,-0.03924851969934873,-0.10793342917320903,0.13437840610198193,-0.34605717691221227,-0.0686849094738603,0.17362692580133066,1335.0
602,002407.SZ,Hang Seng (China A) Corporate Sustainability Benchmark Index,Inclusion,2019,-0.10716775421604041,-0.0340988562265333,0.0020877305829674064,-0.06680579915251328,-0.16631872705482353,0.07306889798950711,-0.06889352973548069,-0.16840645763779094,1336.0
313,2888.HK,Hang Seng Composite LargeCap & MidCap Index,Exclusion,2018,0.0555230839340386,0.016949116265547515,-0.01928698383424554,-0.08825251645157806,-0.08474575968879561,-0.03857396766849108,-0.06896553261733251,-0.06545877585455007,1337.0
811,6178.HK,Hang Seng Stock Connect China AH Index Series,Inclusion,2019,-0.13385825470839152,-0.007873970810807207,-0.014173177496439648,-0.08346452613086441,-0.09448817537695475,0.12598428389758431,-0.06929134863442477,-0.0803149978805151,1338.0
935,601698.SS,Hang Seng China A Industry Top Index,Inclusion,2020,0.11372720745945308,-0.013771633175935438,-0.028876037846338187,-0.09817863035761809,-0.14793424655027065,-0.12749884063538852,-0.0693025925112799,-0.11905820870393247,1339.0
344,600999.SS,Hang Seng (China A) Corporate Sustainability Benchmark Index,Exclusion,2018,0.05047315722936485,-0.0015773116660854347,-0.02602532512387723,-0.09542595031781087,0.10015770396376289,-0.052050468895450286,-0.06940062519393364,0.12618302908764012,1340.0
1058,002482.SZ,Hang Seng Stock Connect Greater Bay Area Composite Index,Removal,2020,-0.005167953880604426,-0.002583976940302213,-0.002583976940302213,-0.07235141593533156,-0.10335913921895801,0.002583976940302213,-0.06976743899502935,-0.1007751622786558,1341.0
1423,0881.HK,Hang Seng Index,Inclusion,2022,-0.15166664123535156,0.003333346048990826,-0.026666641235351562,-0.09666665395100915,-0.41749998728434246,0.1549999872843424,-0.07000001271565759,-0.3908333460489909,1342.0
293,600958.SS,Hang Seng China AH Index Series,Inclusion,2018,0.12499999085855906,0.012801235162252844,0.004518065791023984,-0.06551202710137416,-0.18900602040676784,-0.11219875569630622,-0.07003009289239814,-0.19352408619779182,1343.0
440,0405.HK,Hang Seng Corporate Sustainability Benchmark Index,Exclusion,2018,0.0,0.0018939290139254883,-0.0037879493719725765,-0.07386368826370537,-0.049242519738551205,0.0018939290139254883,-0.0700757388917328,-0.04545457036657863,1344.0
1009,1205.HK,Hang Seng Composite Index,Removal,2020,0.017543843138140724,0.017543843138140724,0.0,-0.07017547712211625,0.08771932026025686,0.0,-0.07017547712211625,0.08771932026025686,1345.0
1837,9996.HK,Hang Seng Composite Index,Removal,2025,-0.23140497699753382,-0.030991754264145688,-0.004132227333881411,-0.0743801905299355,0.13016521027729855,0.20041322273338813,-0.07024796319605409,0.13429743761117996,1346.0
1271,002024.SZ,Hang Seng China A Industry Top Index,Removal,2021,0.01481480042466754,-0.009259294417005237,0.0037037001061668295,-0.06666669021418026,-0.2629629724473781,-0.024074094841672777,-0.07037039032034709,-0.2666666725535449,1347.0
110,600875.SS,Hang Seng China AH Index Series,Exclusion,2017,0.0,0.0,0.0,-0.07043560996929943,-0.1380908041136154,0.0,-0.07043560996929943,-0.1380908041136154,1348.0
1132,1981.HK,Hang Seng Composite Index,Inclusion,2021,0.02209949299826519,0.009668532303084065,0.023480674263569812,-0.04696128266565147,-0.1450275893773323,-0.012430960695181126,-0.07044195692922128,-0.1685082636409021,1349.0
876,6100.HK,Hang Seng Composite Index,Removal,2020,0.003363198734820605,0.00896860123562826,-0.04372201120930819,-0.11434977266842139,0.04820631182712232,0.005605402500807655,-0.0706277614591132,0.0919283230364305,1350.0
234,0670.HK,Hang Seng Corporate Sustainability Benchmark Index,Exclusion,2017,0.009434066238082961,0.016509475339645308,-0.01886790755296608,-0.08962261710738872,0.10849058089115471,0.007075409101562347,-0.07075470955442265,0.1273584884441208,1351.0
534,3633.HK,Hang Seng Composite LargeCap & MidCap Index,Inclusion,2019,0.0024449270590736205,0.0024449270590736205,0.0024449270590736205,-0.06845970644553234,-0.050122287158087975,0.0,-0.07090463350460596,-0.052567214217161595,1352.0
1118,1044.HK,Hang Seng China Enterprises Index,Removal,2021,-0.026978418006579075,-0.013489209003289537,-0.008992806002192988,-0.08003591853178615,-0.045863296889251504,0.013489209003289537,-0.07104311252959317,-0.036870490887058516,1353.0
807,3958.HK,Hang Seng Stock Connect China AH Index Series,Inclusion,2019,-0.09504950513747168,-0.01782181172052466,-0.0059406353812402335,-0.07722778784014306,-0.11881195223923668,0.07722769341694702,-0.07128715245890282,-0.11287131685799645,1354.0
1330,1848.HK,Hang Seng Composite Index,Removal,2021,-0.04634585074759312,-0.0035650589038372926,0.0035650589038371816,-0.06773620417061654,-0.09803924735208758,0.04278079184375583,-0.07130126307445372,-0.10160430625592476,1355.0
601,002371.SZ,Hang Seng (China A) Corporate Sustainability Benchmark Index,Inclusion,2019,-0.18813992658546386,0.027019384920558,0.03157002279566523,-0.04010234065132756,0.2605233226232935,0.21515931150602186,-0.07167236344699279,0.22895329982762824,1356.0
792,1299.HK,Hang Seng Corporate Sustainability Index,Inclusion,2019,-0.04893342591991645,-0.01442903313071886,0.0,-0.07214554855923139,-0.008782898055777477,0.03450439278919759,-0.07214554855923139,-0.008782898055777477,1357.0
1181,2009.HK,Hang Seng Composite Index,Removal,2021,-0.10303027850975088,-0.018181801105005113,0.054545475563070545,-0.018181801105005113,-0.09696967814141588,0.08484847740474577,-0.07272727666807566,-0.15151515370448643,1358.0
132,1205.HK,Hang Seng Composite LargeCap & MidCap Index,Exclusion,2017,0.04545450112051319,0.018181800448205276,0.0,-0.07272731016490008,-0.10000001083720789,-0.027272700672307915,-0.07272731016490008,-0.10000001083720789,1359.0
135,2326.HK,Hang Seng Composite LargeCap & MidCap Index,Exclusion,2017,-0.02083331393077925,-0.010416656965389626,-0.031249970896168877,-0.1041666317420693,-0.21874998253770128,0.010416656965389626,-0.07291666084590043,-0.1875000116415324,1360.0
1374,2778.HK,Hang Seng ESG 50 Index,Removal,2021,0.011441691543309096,0.016018346337421274,0.016018346337421274,-0.05720823948443099,-0.08237978629401932,0.004576654794112178,-0.07322658582185226,-0.0983981326314406,1361.0
699,0788.HK,Hang Seng China 50 Index,Inclusion,2019,0.0,-0.026178009948370717,-0.005235621961910741,-0.07853402984511226,-0.15706805969022464,-0.026178009948370717,-0.07329840788320152,-0.1518324377283139,1362.0
1038,1658.HK,Hang Seng ESG 50 Index,Removal,2020,0.19774006124528865,0.01694913656104502,-0.014124280467537442,-0.08757060624861424,0.26836153093285775,-0.18079092468424363,-0.0734463257810768,0.2824858114003952,1363.0
331,3993.HK,Hang Seng Composite LargeCap & MidCap Index,Inclusion,2018,-0.03215431125584878,0.016077232289849475,0.001607753893755115,-0.0723472386566224,-0.22668808600854706,0.04823154354569825,-0.07395499255037752,-0.22829583990230218,1364.0
743,0966.HK,Hang Seng China Enterprises Index,Inclusion,2019,0.017167366164289044,-0.0021458696077492068,0.0,-0.07403429216488988,-0.02145920770536125,-0.01931323577203825,-0.07403429216488988,-0.02145920770536125,1365.0
498,1528.HK,Hang Seng Stock Connect China AH Index Series,Inclusion,2018,0.15345283020639688,0.005115152471264928,-0.024296588561338317,-0.09846546096604958,-0.040920683175796,-0.14833767773513196,-0.07416887240471126,-0.016624094614457685,1366.0
656,601688.SS,Hang Seng (China A) Corporate Sustainability Benchmark Index,Inclusion,2019,-0.06317340405032301,-0.011753171901149329,0.008814902277338721,-0.06562194650251385,-0.12144953638444977,0.051420232149173684,-0.07443684877985257,-0.1302644386617885,1367.0
894,0751.HK,Hang Seng Stock Connect Greater Bay Area Composite Index,Removal,2020,0.12765951645541573,0.02127657550770312,-0.06914893380923204,-0.14361701149538986,0.17021279428921554,-0.10638294094771261,-0.07446807768615782,0.23936172809844758,1368.0
1335,3836.HK,Hang Seng Composite Index,Removal,2021,-0.14823010600026776,-0.017699098239742916,-0.02433631282712001,-0.09955748034602763,-0.0752212730138545,0.13053100776052484,-0.07522116751890762,-0.050884960186734496,1369.0
776,1199.HK,Hang Seng Corporate Sustainability Benchmark Index,Exclusion,2019,-0.0058997695357470015,-0.038348115167563646,-0.008849619138639464,-0.08407081917737713,-0.050147513579133274,-0.032448345631816644,-0.07522120003873767,-0.04129789444049381,1370.0
897,603898.SS,Hang Seng Stock Connect Greater Bay Area Composite Index,Removal,2020,-0.06573956902118527,0.014538530131045224,-0.03792663965674481,-0.11314791380423705,-0.00821745366300164,0.0802780991522305,-0.07522127414749225,0.02970918599374317,1371.0
1241,600183.SS,Hang Seng (China A) Corporate Sustainability Index,Removal,2021,0.24455094038354996,0.0017436358869882262,0.023539624917488844,-0.05187447717321958,-0.013949419676304475,-0.24280730449656174,-0.07541410209070842,-0.03748904459379332,1372.0
1191,0909.HK,Hang Seng Stock Connect Greater Bay Area Composite Index,Inclusion,2021,0.3927177678673919,0.01820548111962994,-0.0039012099584530002,-0.07932377572279081,0.01040306120272394,-0.37451228674776194,-0.07542256576433781,0.01430427116117694,1373.0
1864,9973.HK,Hang Seng Composite Index,Inclusion,2025,-0.07060254570090829,-0.004260480433598501,-0.029214880523126596,-0.1046865633037739,-0.2635422911308174,0.06634206526730979,-0.07547168278064731,-0.2343274106076908,1374.0
783,1070.HK,Hang Seng Corporate Sustainability Benchmark Index,Inclusion,2019,-0.2073170547326496,-0.060975611174411526,-0.012195052453833122,-0.08780485450476794,-0.17560970900953587,0.14634144355823808,-0.07560980205093482,-0.16341465655570275,1375.0
465,0173.HK,Hang Seng Corporate Sustainability Benchmark Index,Inclusion,2018,0.14683548230961319,0.025316491606066638,-0.0227848484813733,-0.09873420258130661,0.005063286249386678,-0.12151899070354655,-0.07594935409993331,0.027848134730759977,1376.0
1243,600690.SS,Hang Seng (China A) Corporate Sustainability Index,Removal,2021,-0.05907173957904599,-0.0010548764445198477,0.012658182005721885,-0.06329117829142206,0.06188467636539574,0.05801686313452614,-0.07594936029714394,0.049226494359673856,1377.0
1263,600690.SS,Hang Seng China A Industry Top Index,Inclusion,2021,-0.05907173957904599,-0.0010548764445198477,0.012658182005721885,-0.06329117829142206,0.06188467636539574,0.05801686313452614,-0.07594936029714394,0.049226494359673856,1377.0
95,2018.HK,Hang Seng Index,Inclusion,2016,-0.13402664002887088,0.005199271315716514,0.0,-0.07625656696474925,-0.1819757301519832,0.1392259113445874,-0.07625656696474925,-0.1819757301519832,1379.0
524,0268.HK,Hang Seng Composite LargeCap & MidCap Index,Inclusion,2019,-0.10398225490596336,0.03207964193327095,0.06415928386654168,-0.01216810366608656,-0.02876108738705574,0.1360618968392343,-0.07632738753262824,-0.09292037125359742,1380.0
754,2356.HK,Hang Seng Composite LargeCap & MidCap Index,Exclusion,2019,0.11586454187127382,-0.014260235615348948,0.0035650589038371816,-0.07308383502522686,-0.1229946596789484,-0.13012477748662277,-0.07664889392906404,-0.12655971858278559,1381.0
537,0525.HK,Hang Seng Stock Connect China AH Index Series,Exclusion,2019,0.006153840285081147,0.05538463592529297,0.00923076042762161,-0.06769231649545526,-0.1476923135610727,0.04923079564021182,-0.07692307692307687,-0.15692307398869432,1382.0
1468,1541.HK,Hang Seng Composite Index,Inclusion,2024,0.35997860576903395,0.13197430645772612,-0.08583683082144511,-0.1630900808863196,-0.2124463097714374,-0.22800429931130783,-0.07725325006487449,-0.1266094789499923,1383.0
1313,6865.HK,Hang Seng Composite Index,Inclusion,2021,0.02499999999999991,0.06374998092651363,-0.019999980926513672,-0.09750003814697261,-0.17250003814697268,0.038749980926513716,-0.07750005722045894,-0.152500057220459,1384.0
816,601865.SS,Hang Seng Stock Connect China AH Index Series,Inclusion,2019,-0.22030819676610158,-0.009066131479268269,0.01359932691169563,-0.06436990528881159,0.0018132781729709446,0.2112420652868333,-0.07796923220050722,-0.011786048738724686,1385.0
1109,1766.HK,Hang Seng China 50 Index,Removal,2021,-0.07563024817237463,-0.005602235658404231,0.019607891588331983,-0.05882354119716182,0.028011245075938218,0.0700280125139704,-0.0784314327854938,0.008403353487606235,1386.0
417,0581.HK,Hang Seng Composite LargeCap & MidCap Index,Inclusion,2018,-0.0015128939001275432,0.012102862646013346,-0.00453860956163088,-0.08320728889946927,-0.22541606926762936,0.01361575654614089,-0.07866867933783839,-0.22087745970599848,1387.0
742,0656.HK,Hang Seng China Enterprises Index,Inclusion,2019,-0.10865376944372362,0.0019231210093542117,0.013461571967109176,-0.06538455542727817,0.03076929425347008,0.11057689045307784,-0.07884612739438734,0.017307722286360905,1388.0
1016,2255.HK,Hang Seng Composite Index,Removal,2020,0.19298248365865445,0.03508768627628123,-0.07017547712211625,-0.14912277124374917,-0.21929824836586542,-0.15789479738237322,-0.07894729412163293,-0.14912277124374917,1389.0
1082,2328.HK,Hang Seng China Enterprises Index,Removal,2020,-0.10248444744532648,-0.021739109509576693,-0.01086959177630653,-0.09006209915413976,-0.05590064135337636,0.08074533793574978,-0.07919250737783323,-0.045031049577069826,1390.0
186,0323.HK,Hang Seng China AH Index Series,Inclusion,2017,-0.08158506008037092,-0.03729600205940298,-0.030303057248691756,-0.10955711720035011,-0.12587411810133886,0.04428905802096794,-0.07925405995165835,-0.0955710608526471,1391.0
247,0323.HK,Hang Seng Corporate Sustainability Benchmark Index,Inclusion,2017,-0.08158506008037092,-0.03729600205940298,-0.030303057248691756,-0.10955711720035011,-0.12587411810133886,0.04428905802096794,-0.07925405995165835,-0.0955710608526471,1391.0
621,600216.SS,Hang Seng (China A) Corporate Sustainability Benchmark Index,Inclusion,2019,-0.1769706364847652,0.011592007501452173,0.002318445720121076,-0.07727975521080954,0.017774382022339497,0.18856264398621736,-0.07959820093093062,0.01545593630221842,1393.0
1851,1211.HK,Hang Seng TECH Index,Inclusion,2025,-0.039702196890864516,0.022332507049049655,-0.015880878756345806,-0.09553346451348865,-0.19305206726877167,0.06203470393991417,-0.07965258575714285,-0.17717118851242586,1394.0
99,600011.SS,Hang Seng China 50 Index,Exclusion,2017,-0.08354434383314657,-0.007594929374080017,-0.012658215623466695,-0.09240506459000664,0.013924067365379988,0.07594941445906656,-0.07974684896653994,0.026582282988846684,1395.0
1064,300633.SZ,Hang Seng Stock Connect Greater Bay Area Composite Index,Removal,2020,0.05513070413806531,0.009878947787818948,-0.02517523993966264,-0.10516250240014124,-0.23167618689755998,-0.045251756350246364,-0.0799872624604786,-0.20650094695789734,1396.0
325,1378.HK,Hang Seng Composite LargeCap & MidCap Index,Inclusion,2018,0.15777258407574068,0.04060329305294719,0.07540609986474855,-0.004640366865901968,-0.042923421168361675,-0.1171692910227935,-0.08004646673065052,-0.11832952103311023,1397.0
828,0586.HK,Hang Seng China Enterprises Index,Inclusion,2020,-0.019788870732138086,0.04881270436273355,-0.02770447428033207,-0.10817938562832119,-0.05936675033476102,0.06860157509487164,-0.08047491134798912,-0.03166227605442895,1398.0
150,600271.SS,Hang Seng China A Industry Top Index,Exclusion,2017,-0.03988032195209057,-0.015952128780836183,0.018444708329209192,-0.06231306247650881,0.14307083328222658,0.023928193171254386,-0.080757770805718,0.12462612495301739,1399.0
649,601200.SS,Hang Seng (China A) Corporate Sustainability Benchmark Index,Inclusion,2019,-0.09975665757512586,-0.025952936472386834,0.0008110176628843835,-0.08029195522083576,-0.09975665757512586,0.07380372110273903,-0.08110297288372015,-0.10056767523801025,1400.0
1399,002600.SZ,Hang Seng Stock Connect Greater Bay Area Composite Index,Removal,2021,-0.008547000419168338,-0.02991453542985001,0.008547000419168338,-0.07264953752569203,0.07264960545121335,-0.02136753501068167,-0.08119653794486037,0.06410260503204501,1401.0
1068,3333.HK,Hang Seng China Enterprises Index,Inclusion,2020,0.044324170790801976,0.03566881696942592,-0.011464926986511248,-0.0929936341327453,-0.011464926986511248,-0.008655353821376055,-0.08152870714623406,0.0,1402.0
587,000050.SZ,Hang Seng (China A) Corporate Sustainability Benchmark Index,Inclusion,2019,-0.15565730022097923,-0.017658568002810737,0.027468939002079917,-0.054283840796391036,0.021582728877002744,0.1379987322181685,-0.08175277979847095,-0.005886210125077174,1403.0
1750,2533.HK,Hang Seng Composite Index,Inclusion,2024,-0.31824607010626116,0.007072136090275016,-0.15417253439432643,-0.2362093022502938,-0.3394624783770863,0.3253182061965362,-0.08203676785596736,-0.18528994398275989,1404.0
885,3331.HK,Hang Seng Stock Connect Greater Bay Area Composite Index,Inclusion,2020,-0.04952385312034968,0.014285677955264031,-0.028571446736653683,-0.1114285786946615,0.1880952744256883,0.06380953107561371,-0.08285713195800781,0.21666672116234198,1405.0
849,3331.HK,Hang Seng Composite Index,Inclusion,2020,-0.04952385312034968,0.014285677955264031,-0.028571446736653683,-0.1114285786946615,0.1880952744256883,0.06380953107561371,-0.08285713195800781,0.21666672116234198,1405.0
1445,2015.HK,Hang Seng Stock Connect China Enterprises Index,Inclusion,2022,-0.07768181924656392,-0.016029536952187562,0.12207153775764845,0.038840956660240566,0.22441436399588,0.06165228229437636,-0.08323058109740789,0.10234282623823154,1407.0
1431,2015.HK,Hang Seng China Enterprises Index,Inclusion,2022,-0.07768181924656392,-0.016029536952187562,0.12207153775764845,0.038840956660240566,0.22441436399588,0.06165228229437636,-0.08323058109740789,0.10234282623823154,1407.0
109,1072.HK,Hang Seng China AH Index Series,Exclusion,2017,-0.09862676855384644,-0.00249693597904721,0.0,-0.08364545033071424,-0.15980027131497754,0.09612983257479923,-0.08364545033071424,-0.15980027131497754,1409.0
1425,1378.HK,Hang Seng Index,Inclusion,2022,-0.10673572784327878,0.012435320619388346,-0.036269372189749016,-0.1202072428256511,-0.24766834032398044,0.11917104846266713,-0.08393787063590208,-0.21139896813423142,1410.0
425,1910.HK,Hang Seng Composite LargeCap & MidCap Index,Inclusion,2018,-0.005145784579527746,0.020583203750311974,-0.013722114022807652,-0.09777016873983146,-0.16466549913809436,0.02572898832983972,-0.08404805471702381,-0.1509433851152867,1411.0
1833,9869.HK,Hang Seng Composite Index,Removal,2025,-0.004672892510771409,-0.004672892510771409,-0.19626170827349199,-0.2803738848779236,-0.30373834743178085,0.0,-0.0841121766044316,-0.10747663915828887,1412.0
490,0981.HK,Hang Seng Corporate Sustainability Index,Inclusion,2018,0.1372548523542776,0.01960785176447355,-0.017300993911224083,-0.1014994356052048,-0.14186851306225812,-0.11764700058980404,-0.08419844169398072,-0.12456751915103403,1413.0
823,1109.HK,Hang Seng China 50 Index,Inclusion,2020,-0.06114130561541076,0.040760870410273764,-0.05298915226540679,-0.13722824298253766,-0.13858691793082933,0.10190217602568452,-0.08423909071713087,-0.08559776566542254,1414.0
1336,3958.HK,Hang Seng Composite Index,Removal,2021,-0.058154241089836356,0.020227541150263928,0.02149179261356915,-0.06321112637740234,-0.1340075806861536,0.07838178224010028,-0.08470291899097149,-0.15549937329972274,1415.0
926,2328.HK,Hang Seng China 50 Index,Removal,2020,0.05423723553419535,0.0033898272208872093,0.0,-0.08474576134203637,0.06779662523760033,-0.05084740831330814,-0.08474576134203637,0.06779662523760033,1416.0
1478,6666.HK,Hang Seng Composite Index,Inclusion,2024,-0.32203385806638285,0.06779664955205078,0.06779664955205078,-0.016949137131806236,0.30508477144698976,0.38983050761843363,-0.08474578668385702,0.23728812189493897,1417.0
1505,6666.HK,Hang Seng Stock Connect Greater Bay Area Composite Index,Inclusion,2024,-0.32203385806638285,0.06779664955205078,0.06779664955205078,-0.016949137131806236,0.30508477144698976,0.38983050761843363,-0.08474578668385702,0.23728812189493897,1417.0
79,1165.HK,Hang Seng Composite LargeCap & MidCap Index,Exclusion,2016,-0.056603722658898126,0.009434066238082961,-0.047169768882415086,-0.13207540910156224,-0.3584905246603547,0.06603778889698109,-0.08490564021914715,-0.3113207557779396,1419.0
611,600011.SS,Hang Seng (China A) Corporate Sustainability Benchmark Index,Inclusion,2019,0.031446510230593416,0.007861590070451285,0.004716939047391788,-0.080188713549605,-0.08333336457266427,-0.02358492016014213,-0.08490565259699678,-0.08805030362005606,1420.0
451,2331.HK,Hang Seng Corporate Sustainability Benchmark Index,Exclusion,2018,0.11232872238345415,0.013698616715036138,-0.02054795773263285,-0.1054794466860145,0.19863010566841788,-0.09863010566841801,-0.08493148895338165,0.21917806340105073,1421.0
685,300750.SZ,Hang Seng (China A) Corporate Sustainability Index,Inclusion,2019,0.0009740696244786573,-0.007792939208748573,0.07152799456416781,-0.014055115676262164,0.2926524057293334,-0.00876700883322723,-0.08558311024042997,0.22112441116516557,1422.0
728,300750.SZ,Hang Seng China A Top 100 Index,Inclusion,2019,0.0009740696244786573,-0.007792939208748573,0.07152799456416781,-0.014055115676262164,0.2926524057293334,-0.00876700883322723,-0.08558311024042997,0.22112441116516557,1422.0
610,300750.SZ,Hang Seng (China A) Corporate Sustainability Benchmark Index,Inclusion,2019,0.0009740696244786573,-0.007792939208748573,0.07152799456416781,-0.014055115676262164,0.2926524057293334,-0.00876700883322723,-0.08558311024042997,0.22112441116516557,1422.0
366,000002.SZ,Hang Seng (China A) Corporate Sustainability Index,Inclusion,2018,-0.0012924937733816977,-0.01723393512746285,0.010771219726899872,-0.07496767943787697,0.07712197268998788,-0.015941441354081154,-0.08573889916477684,0.06635075296308801,1425.0
1458,2359.HK,Hang Seng Index,Inclusion,2023,0.039890727058785824,0.0,-0.08797817542904718,-0.1737705084795509,-0.4508196721311475,-0.039890727058785824,-0.08579233305050371,-0.3628414967021003,1426.0
622,600271.SS,Hang Seng (China A) Corporate Sustainability Benchmark Index,Inclusion,2019,-0.1252708898083259,-0.011270057751243345,0.02123969560468164,-0.06458603341258162,-0.08322497189823108,0.11400083205708256,-0.08582572901726326,-0.10446466750291272,1427.0
861,0579.HK,Hang Seng Composite Index,Removal,2020,-0.015624985448084439,0.007812492724042164,-0.023437478172126713,-0.10937499126885064,0.25000004656612984,0.023437478172126602,-0.08593751309672393,0.27343752473825655,1428.0
852,6110.HK,Hang Seng Composite Index,Inclusion,2020,0.023655942206107117,0.0,-0.06989253321222011,-0.15591400606065142,0.2881719673695724,-0.023655942206107117,-0.08602147284843131,0.3580645005817925,1429.0
748,0582.HK,Hang Seng Composite LargeCap & MidCap Index,Exclusion,2019,0.019230859378400744,0.009615429689200372,-0.009615206466493942,-0.09615379464091389,-0.2788461216505712,-0.009615429689200372,-0.08653858817441995,-0.26923091518407727,1430.0
1258,1988.HK,Hang Seng China 50 Index,Removal,2021,-0.0537312935709966,-0.0029850718650553665,0.0,-0.08656715525633274,-0.07164179593105591,0.05074622170594123,-0.08656715525633274,-0.07164179593105591,1431.0
739,6886.HK,Hang Seng China Enterprises Index,Exclusion,2019,-0.09472051678485294,-0.02950311421308649,-0.007764004703509797,-0.09472051678485294,-0.06987582020247962,0.06521740257176645,-0.08695651208134314,-0.062111815498969825,1432.0
1385,003012.SZ,Hang Seng Stock Connect Greater Bay Area Composite Index,Inclusion,2021,0.031183596368792088,0.0063784659658230325,0.023387663482322685,-0.06520199140179106,-0.12827778242261267,-0.024805130402969056,-0.08858965488411374,-0.15166544590493536,1433.0
1467,1519.HK,Hang Seng Composite Index,Inclusion,2024,0.2914573382086274,0.0050251609485210125,-0.035175807150752525,-0.12395306484498358,-0.36097149224556524,-0.2864321772601064,-0.08877725769423106,-0.3257956850948127,1434.0
993,9968.HK,Hang Seng Composite Index,Inclusion,2020,0.03829793882564547,0.05106388461595435,0.05106388461595435,-0.038297837370926735,-0.13191487462124418,0.012765945790308875,-0.08936172198688108,-0.18297875923719853,1435.0
1348,0019.HK,Hang Seng Corporate Sustainability Index,Removal,2021,-0.08859568012314034,0.007540085421894993,-0.012252548926099838,-0.10179072175008097,-0.1771912883386968,0.09613576554503533,-0.08953817282398113,-0.16493873941259696,1436.0
809,6066.HK,Hang Seng Stock Connect China AH Index Series,Inclusion,2019,-0.18566773473532783,-0.017915253920063656,-0.003257325954627577,-0.09283382853727562,-0.12540716574432842,0.16775248081526417,-0.08957650258264804,-0.12214983978970084,1437.0
389,601600.SS,Hang Seng China A Industry Top Index,Inclusion,2018,-0.05500000715255737,-0.009999990463256836,-0.02499997615814209,-0.11500000953674316,-0.10250002145767212,0.04500001668930054,-0.09000003337860107,-0.07750004529953003,1438.0
305,6060.HK,Hang Seng China Enterprises Index,Inclusion,2018,0.018895281463654934,0.007267441538103547,-0.03343027543221955,-0.12354656159394017,-0.2427326139080751,-0.011627839925551386,-0.09011628616172063,-0.20930233847585555,1439.0
439,0347.HK,Hang Seng Corporate Sustainability Benchmark Index,Exclusion,2018,0.05518174534702025,-0.004037700893264939,-0.03499324088069533,-0.1251681436779437,-0.1305518282994309,-0.05921944624028519,-0.09017490279724838,-0.09555858741873557,1440.0
159,600547.SS,Hang Seng China A Industry Top Index,Inclusion,2017,-0.00390505376214878,-0.019525381108833617,0.03454491367702017,-0.0558726791213483,-0.10123156191706761,-0.015620327346684837,-0.09041759279836847,-0.1357764755940878,1441.0
830,1339.HK,Hang Seng China Enterprises Index,Removal,2020,0.017421669940284046,-0.006968634747042013,-0.0487804432292942,-0.13937277801351955,-0.1602786822546457,-0.02439030468732606,-0.09059233478422535,-0.1114982390253515,1442.0
888,6055.HK,Hang Seng Stock Connect Greater Bay Area Composite Index,Inclusion,2020,-0.08486241115763915,0.022935757240897692,-0.05389911154084781,-0.1444954346671321,-0.06192659923358268,0.10779816839853684,-0.0905963231262843,-0.00802748769273487,1443.0
466,0175.HK,Hang Seng Corporate Sustainability Benchmark Index,Inclusion,2018,0.11447373333069821,0.0065789725476688155,-0.027631584313437596,-0.11842106666591379,-0.007894729412163293,-0.1078947607830294,-0.09078948235247619,0.019736854901274303,1444.0
1120,0775.HK,Hang Seng Composite Index,Inclusion,2021,-0.01136362558800319,0.0,0.02272725117600638,-0.06818182126057049,0.02272725117600638,0.01136362558800319,-0.09090907243657687,0.0,1445.0
1207,1383.HK,Hang Seng Stock Connect Greater Bay Area Composite Index,Removal,2021,-0.015151590409901994,0.030303000199675578,0.015151500099837678,-0.07575759080925315,-0.2954545680320615,0.04545459060957757,-0.09090909090909083,-0.31060606813189917,1446.0
618,600171.SS,Hang Seng (China A) Corporate Sustainability Benchmark Index,Inclusion,2019,-0.1565967395625868,-0.0012329563046635794,0.06535150543553225,-0.025893905080121016,-0.083230547777145,0.15536378325792322,-0.09124541051565327,-0.14858205321267726,1447.0
250,0506.HK,Hang Seng Corporate Sustainability Benchmark Index,Inclusion,2017,-0.1367923859898038,-0.01886790755296608,0.03066040600436981,-0.06132069954713959,-0.05896221110301891,0.11792447843683773,-0.0919811055515094,-0.08962261710738872,1448.0
1286,601012.SS,Hang Seng China A Top 100 Index,Inclusion,2021,0.07372359826413488,0.02979316390040143,0.005140780243250376,-0.08692609632342618,-0.018927440858221067,-0.04393043436373345,-0.09206687656667656,-0.024068221101471443,1449.0
1251,601012.SS,Hang Seng China 50 Index,Inclusion,2021,0.07372359826413488,0.02979316390040143,0.005140780243250376,-0.08692609632342618,-0.018927440858221067,-0.04393043436373345,-0.09206687656667656,-0.024068221101471443,1449.0
1117,0857.HK,Hang Seng China Enterprises Index,Removal,2021,-0.19736839215841284,0.0,0.006578941176802688,-0.08552631372560093,0.1315789803903853,0.19736839215841284,-0.09210525490240362,0.1250000392135826,1451.0
970,1475.HK,Hang Seng Composite Index,Inclusion,2020,-0.06888887617323136,0.037777794731987946,-0.026666641235351562,-0.11888890796237517,-0.2566666603088379,0.10666667090521931,-0.0922222667270236,-0.23000001907348633,1452.0
1378,3968.HK,Hang Seng Index,Inclusion,2021,-0.09235430744852957,0.0,-0.015140044720609369,-0.10749435216913894,-0.04012114161148972,0.09235430744852957,-0.09235430744852957,-0.02498109689088035,1453.0
813,6806.HK,Hang Seng Stock Connect China AH Index Series,Inclusion,2019,-0.0630252471238506,-0.021008482491862712,0.004201676463198689,-0.0882353059030434,-0.1008403352926398,0.04201676463198789,-0.0924369823662421,-0.1050420117558385,1454.0
18,0136.HK,Hang Seng Composite LargeCap & MidCap Index,Inclusion,2016,-0.10465122468410648,-0.023255901635817477,-0.034883741561368864,-0.12790701542756655,-0.20930233847585555,0.081395323048289,-0.09302327386619769,-0.1744185969144867,1455.0
1424,0981.HK,Hang Seng Index,Inclusion,2022,-0.16436904990174017,-0.07423125559765342,0.0,-0.09331920317732312,-0.19724284976889328,0.09013779430408675,-0.09331920317732312,-0.19724284976889328,1456.0
1366,0014.HK,Hang Seng ESG 50 Index,Removal,2021,0.06410256589400642,0.01098905321586674,0.0018315438024372188,-0.09157509413429499,-0.11904762237458344,-0.053113512678139685,-0.0934066379367322,-0.12087916617702066,1457.0
874,2866.HK,Hang Seng Composite Index,Removal,2020,-0.09374997477667968,0.031250032984341924,-0.07291666084590043,-0.1666666356225801,-0.1875000116415324,0.1250000077610216,-0.09374997477667968,-0.11458335079563198,1458.0
799,0921.HK,Hang Seng Stock Connect China AH Index Series,Inclusion,2019,-0.07228920092550073,-0.00963854480333115,-0.015662664030542395,-0.1096385907635381,-0.10240968216103974,0.06265065612216958,-0.09397592673299571,-0.08674701813049734,1459.0
285,600050.SS,Hang Seng China 50 Index,Inclusion,2018,0.12577638751281972,-0.006211174145593357,-0.00931676121838998,-0.10403727800324292,-0.15683233228382265,-0.13198756165841308,-0.09472051678485294,-0.14751557106543267,1460.0
194,1065.HK,Hang Seng China AH Index Series,Inclusion,2017,-0.0019762356043001583,-0.01976282722596967,0.06719370680489045,-0.02766795811635747,-0.12648218848279935,-0.017786591621669512,-0.09486166492124792,-0.1936758952876898,1461.0
845,2048.HK,Hang Seng Composite Index,Inclusion,2020,-0.06666666259113552,0.017948700392583783,-0.07692312394843659,-0.17179488715648927,0.16666668704432253,0.0846153629837193,-0.09487176320805268,0.24358981099275911,1462.0
1039,3377.HK,Hang Seng ESG 50 Index,Removal,2020,0.07865167862085842,-0.01123594452133514,-0.01123594452133514,-0.10674153992419633,-0.10674153992419633,-0.08988762314219356,-0.09550559540286119,-0.09550559540286119,1463.0
409,1117.HK,Hang Seng Composite LargeCap & MidCap Index,Exclusion,2018,0.12173912051945401,-0.008695644061371466,0.008695644061371466,-0.08695654427396826,-0.24347824103890792,-0.13043476458082548,-0.09565218833533973,-0.2521738851002794,1464.0
1320,0874.HK,Hang Seng Composite Index,Removal,2021,0.016826942034022352,-0.028846081544659063,0.02644236368188002,-0.0692307057465299,-0.09134613885681953,-0.045673023578681415,-0.09567306942840992,-0.11778850253869955,1465.0
638,600860.SS,Hang Seng (China A) Corporate Sustainability Benchmark Index,Inclusion,2019,-0.061990229583474554,-0.004893998246048303,0.04241431438674459,-0.053833591769215206,-0.021207196087103863,0.05709623133742625,-0.0962479061559598,-0.06362151047384845,1466.0
443,0763.HK,Hang Seng Corporate Sustainability Benchmark Index,Exclusion,2018,-0.06618705766491395,0.0,-0.047482004714032855,-0.14388489603508858,0.18705039228948128,0.06618705766491395,-0.09640289132105573,0.23453239700351414,1467.0
1357,0669.HK,Hang Seng ESG 50 Index,Inclusion,2021,-0.15756178756851758,-0.0138010004641691,0.002875215742087045,-0.09373196299633846,-0.036227648154599,0.14376078710434848,-0.0966071787384255,-0.039102863896686046,1468.0
337,1093.HK,Hang Seng Index,Inclusion,2018,-0.1951515151515152,-0.008080832741477306,0.03232318300189396,-0.06464651396780308,-0.1737374230587121,0.18707068241003788,-0.09696969696969704,-0.20606060606060606,1469.0
1356,0656.HK,Hang Seng ESG 50 Index,Inclusion,2021,-0.04571424211774555,-0.013333366030738425,-0.0057143256777808515,-0.1028571355910528,-0.1542857033865792,0.03238087608700713,-0.09714280991327195,-0.14857137770879836,1470.0
352,600115.SS,Hang Seng (China A) Corporate Sustainability Benchmark Index,Inclusion,2018,-0.005405443022944767,-0.02702704328151928,-0.03603608634755984,-0.13333337342774765,-0.0702703297152707,-0.021621600258574514,-0.09729728708018781,-0.03423424336771086,1471.0
377,600276.SS,Hang Seng China 50 Index,Inclusion,2018,0.0672050871554688,-0.030783349976900576,-0.024992373023779435,-0.1223712547829956,-0.10088392560893,-0.09798843713236938,-0.09737888175921616,-0.07589155258515057,1472.0
1298,2618.HK,Hang Seng China Enterprises Index,Inclusion,2021,-0.15361888005892554,0.004431359900757048,0.03397345872136759,-0.06351544484781446,-0.22304282355677651,0.1580502399596826,-0.09748890356918205,-0.2570162822781441,1473.0
1377,2331.HK,Hang Seng Index,Inclusion,2021,-0.16616614835407084,0.00300295713494636,0.005005004928558154,-0.09259259117832752,-0.1076076059640022,0.1691691054890172,-0.09759759610688568,-0.11261261089256036,1474.0
1297,2331.HK,Hang Seng China Enterprises Index,Inclusion,2021,-0.16616614835407084,0.00300295713494636,0.005005004928558154,-0.09259259117832752,-0.1076076059640022,0.1691691054890172,-0.09759759610688568,-0.11261261089256036,1474.0
1411,3333.HK,Hang Seng China Enterprises Index,Removal,2021,0.02222220102945971,0.008888880411783928,-0.19555558098687065,-0.2933333184983995,-0.3066666920979818,-0.013333320617675781,-0.09777773751152885,-0.11111111111111116,1476.0
863,0860.HK,Hang Seng Composite Index,Removal,2020,-0.04347822030685711,-0.010869503246587309,-0.010869503246587309,-0.10869565442739682,-0.17391303671780955,0.0326087170602698,-0.0978261511808095,-0.16304353347122225,1477.0
868,1361.HK,Hang Seng Composite Index,Removal,2020,-0.1328670943918363,0.006993083943600098,-0.041958003482745365,-0.1398600949722938,-0.2727272727272727,0.1398601783354364,-0.09790209148954843,-0.23076926924452734,1478.0
966,0035.HK,Hang Seng Composite Index,Inclusion,2020,-0.04897966742368964,0.00816336710820642,-0.004081737076658043,-0.102040536698489,0.05714303453189595,0.057143034531896064,-0.09795879962183096,0.061224771608553996,1479.0
156,002241.SZ,Hang Seng China A Industry Top Index,Inclusion,2017,-0.1527587931988802,-0.015047875928582144,0.02097579015373241,-0.07706340677335755,-0.12995897591470107,0.13771091727029805,-0.09803919692708996,-0.15093476606843348,1480.0
34,2298.HK,Hang Seng Composite LargeCap & MidCap Index,Inclusion,2016,-0.030110944365042913,-0.00792388500017649,0.006339138227536623,-0.09191757986776872,-0.3090332530821175,0.022187059364866424,-0.09825671809530534,-0.3153723913096541,1481.0
1270,000725.SZ,Hang Seng China A Industry Top Index,Removal,2021,-0.008591097811014414,0.008591015880233588,-0.001718252334515169,-0.10137459367453405,-0.16666670763205704,0.017182113691248002,-0.09965634134001888,-0.16494845529754187,1482.0
1861,2580.HK,Hang Seng Composite Index,Inclusion,2025,-0.029095510812018333,0.01012016718314479,-0.03731816172856206,-0.13725490314354816,-0.3213156699905725,0.03921567799516312,-0.0999367414149861,-0.2839975082620104,1483.0
1507,688318.SS,Hang Seng Stock Connect Greater Bay Area Composite Index,Inclusion,2024,-0.044152240189914926,-0.025241459412487233,-0.019478899153830054,-0.1196331564613301,-0.06176445600935987,0.018910780777427694,-0.10015425730750005,-0.042285556855529816,1484.0
1393,6969.HK,Hang Seng Stock Connect Greater Bay Area Composite Index,Inclusion,2021,-0.016128975768910037,-0.02109177395069084,-0.012406948125700978,-0.1129032090123786,0.28908192919183406,-0.004962798181780803,-0.10049626088667762,0.30148887731753504,1485.0
1616,1855.HK,Hang Seng Composite Index,Inclusion,2024,0.1022863279030517,-0.013237136558007068,-0.00722026673729903,-0.10830331248600622,-0.18652227586847192,-0.11552346446105877,-0.10108304574870719,-0.1793020091311729,1486.0
395,601117.SS,Hang Seng China A Top 100 Index,Exclusion,2018,0.07632395098054645,-0.006230523579077274,0.0,-0.1012461195705554,-0.11838009654986781,-0.08255447455962373,-0.1012461195705554,-0.11838009654986781,1487.0
1390,300083.SZ,Hang Seng Stock Connect Greater Bay Area Composite Index,Inclusion,2021,-0.2593856202053453,-0.014334473966903793,-0.010921491575312525,-0.11262796324194069,-0.0744026776311224,0.2450511462384415,-0.10170647166662816,-0.06348118605580988,1488.0
151,600362.SS,Hang Seng China A Industry Top Index,Exclusion,2017,-0.012096762564130281,-0.015120929171032027,0.032258033504347416,-0.0695565049144029,-0.07006045256845062,-0.003024166606901746,-0.10181453841875032,-0.10231848607279803,1489.0
1500,600438.SS,Hang Seng Stock Connect China Enterprises Index,Removal,2024,-0.023525057952272554,-0.010455589225773831,0.03061985339056128,-0.07132187447495386,-0.14077671251306856,0.013069468726498723,-0.10194172786551514,-0.17139656590362984,1490.0
284,600019.SS,Hang Seng China 50 Index,Inclusion,2018,0.010405867330103735,0.04058276350215828,-0.010405768092398238,-0.11238293051921666,-0.1238293051921664,0.030176896172054546,-0.10197716242681842,-0.11342353709976816,1491.0
1771,0999.HK,Hang Seng Composite Index,Inclusion,2025,-0.06026368646133573,0.05461392937439946,-0.08003761176600643,-0.18267416207991527,-0.2316384241672209,0.11487761583573519,-0.10263655031390884,-0.15160081240121448,1492.0
1405,300676.SZ,Hang Seng Stock Connect Greater Bay Area Composite Index,Removal,2021,0.14580051663024407,-0.022390384893461568,0.021234146229183848,-0.08157252949523375,-0.05403132069851668,-0.16819090152370564,-0.1028066757244176,-0.07526546692770053,1493.0
1124,1477.HK,Hang Seng Composite Index,Inclusion,2021,0.15350877706657462,-0.008771879924703185,-0.024122774362489663,-0.1271929699811758,0.3728070300188242,-0.1622806569912778,-0.10307019561868613,0.39692980438131387,1494.0
1838,1698.HK,Hang Seng TECH Index,Inclusion,2025,-0.09280298829516476,0.03977277119626099,-0.019886349474102838,-0.1231060623848953,0.28977271701021934,0.13257575949142575,-0.10321971291079246,0.3096590664843222,1495.0
889,000008.SZ,Hang Seng Stock Connect Greater Bay Area Composite Index,Removal,2020,-0.1210374849657162,0.005763683216603255,0.02305473286641302,-0.08069163374096955,-0.1325648513989227,0.12680116818231946,-0.10374636660738257,-0.15561958426533573,1496.0
3,2333.HK,Hang Seng China 50 Index,Exclusion,2016,-0.282199689193255,-0.05354557072785637,0.017366188863402465,-0.0868306682897072,-0.07380604389386203,0.22865411846539863,-0.10419685715310967,-0.09117223275726449,1497.0
1314,9858.HK,Hang Seng Composite Index,Inclusion,2021,-0.05010020269880289,0.0,0.012024132739239413,-0.09218428505192844,-0.1923846904495342,0.05010020269880289,-0.10420841779116785,-0.20440882318877363,1498.0
762,3692.HK,Hang Seng Composite LargeCap & MidCap Index,Inclusion,2019,-0.21261259886595585,0.02882880133551513,-0.059459445712802594,-0.16396393647065033,-0.15675677050341352,0.24144140020147098,-0.10450449075784773,-0.09729732479061093,1499.0
720,000625.SZ,Hang Seng China A Top 100 Index,Exclusion,2019,-0.14886360789871944,-0.03977258943080697,-0.0045454303390685125,-0.10909082123069314,-0.07613642661779396,0.10909101846791247,-0.10454539089162462,-0.07159099627872545,1500.0
507,601360.SS,Hang Seng China 50 Index,Inclusion,2019,-0.2771171363624366,0.023423409676766704,0.030630644377287464,-0.07459458359726912,-0.23783785158449466,0.3005405460392033,-0.10522522797455658,-0.2684684959617821,1501.0
632,600588.SS,Hang Seng (China A) Corporate Sustainability Benchmark Index,Inclusion,2019,-0.1918926923971358,0.025955116108751453,0.038203559681089905,-0.0673665481147585,-0.14377366747693854,0.21784780850588725,-0.10557010779584841,-0.18197722715802844,1502.0
1482,9638.HK,Hang Seng Composite Index,Inclusion,2024,-0.15384615384615385,-0.015384641468015436,-0.0222222091805222,-0.1282051282051282,-0.10769229465060759,0.13846151237813842,-0.10598291902460599,-0.08547008547008539,1503.0
1761,9898.HK,Hang Seng TECH Index,Removal,2024,-0.06912442674063213,-0.02238310752534578,0.041474676134951594,-0.06517441931716561,0.14483213221846736,0.04674131921528635,-0.1066490954521172,0.10335745608351576,1504.0
310,1315.HK,Hang Seng Composite LargeCap & MidCap Index,Exclusion,2018,0.02666680856463599,0.04000011116847291,-0.0933333215838199,-0.20000001355713082,-0.46666670959758094,0.013333302603836916,-0.10666669197331091,-0.37333338801376104,1505.0
383,600637.SS,Hang Seng China A Industry Top Index,Exclusion,2018,0.0806791985099784,0.005086489432648111,-0.011190199138452761,-0.11800608915719835,0.023397812583495048,-0.07559270907733029,-0.10681589001874559,0.03458801172194781,1506.0
1809,1600.HK,Hang Seng Composite Index,Removal,2025,0.12080533315155928,0.0,-0.11073822872278205,-0.21812083597553922,-0.013422805905036084,-0.12080533315155928,-0.10738260725275717,0.09731542281774597,1507.0
836,0826.HK,Hang Seng Composite Index,Inclusion,2020,-0.014814800424667651,0.0,0.01481480042466754,-0.09259259095734862,-0.18888888202086407,0.014814800424667651,-0.10740739138201616,-0.2037036824455316,1508.0
1067,0981.HK,Hang Seng China Enterprises Index,Inclusion,2020,0.14761906578427264,0.057142893473307366,0.03571428571428581,-0.07238097417922251,0.29761904761904767,-0.09047617231096527,-0.10809525989350832,0.26190476190476186,1509.0
976,2342.HK,Hang Seng Composite Index,Inclusion,2020,0.036144616382703276,-0.003012045380823114,-0.01807227228493835,-0.12650597780739503,-0.22891566438103195,-0.03915666176352639,-0.10843370552245668,-0.2108433920960936,1510.0
1250,1211.HK,Hang Seng China 50 Index,Inclusion,2021,0.08254716684063723,0.030660358261239473,0.07783016788446084,-0.030660448230511395,0.20047169089869055,-0.05188680857939776,-0.10849061611497224,0.1226415230142297,1511.0
1406,3613.HK,Hang Seng Stock Connect Greater Bay Area Composite Index,Removal,2021,-0.00539563548200217,-0.021582713452168112,-0.012589959061471312,-0.12140282749000553,-0.053956783630420335,-0.016187077970165942,-0.10881286842853422,-0.04136682456894902,1512.0
1321,0978.HK,Hang Seng Composite Index,Removal,2021,-0.009900980750178201,0.029702942250534603,-0.009900980750178201,-0.11881188703113865,-0.18811881129688612,0.039603923000712804,-0.10891090628096045,-0.17821783054670792,1513.0
773,0517.HK,Hang Seng Corporate Sustainability Benchmark Index,Exclusion,2019,0.030567656947100952,-0.004366808135300104,-0.00873361627060032,-0.11790392376602243,-0.12663754003662275,-0.034934465082401056,-0.10917030749542211,-0.11790392376602243,1514.0
431,6098.HK,Hang Seng Composite LargeCap & MidCap Index,Inclusion,2018,-0.05029587885740794,-0.020710109257779052,-0.047337301897445005,-0.15680479049214957,-0.028106516388666902,0.029585769599628886,-0.10946748859470457,0.019230785508778103,1515.0
934,600606.SS,Hang Seng China A Industry Top Index,Inclusion,2020,0.02216422584761002,-0.01434160858751643,-0.02868321717503286,-0.13820086409109056,-0.1655802399174353,-0.03650583443512645,-0.1095176469160577,-0.13689702274240245,1516.0
683,002415.SZ,Hang Seng (China A) Corporate Sustainability Index,Inclusion,2019,-0.1711419103427937,-0.02449094220435255,0.024195919433232183,-0.08616111327478648,-0.09442310159994416,0.14665096813844114,-0.11035703270801867,-0.11861902103317634,1517.0
603,002415.SZ,Hang Seng (China A) Corporate Sustainability Benchmark Index,Inclusion,2019,-0.1711419103427937,-0.02449094220435255,0.024195919433232183,-0.08616111327478648,-0.09442310159994416,0.14665096813844114,-0.11035703270801867,-0.11861902103317634,1517.0
1488,6878.HK,Hang Seng Composite Index,Removal,2024,0.680327835313834,0.0,-0.4262295122013332,-0.5368852591669164,-0.5368852591669164,-0.680327835313834,-0.11065574696558322,-0.11065574696558322,1519.0
1417,9618.HK,Hang Seng Index,Inclusion,2021,-0.036691598527982316,0.0634328156384365,-0.0485074807445568,-0.15920401503522097,-0.11007460579801709,0.10012441416641882,-0.11069653429066417,-0.06156712505346029,1520.0
1223,6606.HK,Hang Seng Composite Index,Inclusion,2021,-0.1369241094600726,-0.023361492283766383,0.03504213940690537,-0.07592480041286853,-0.38157041351613774,0.11356261717630622,-0.1109669398197739,-0.4166125529230431,1521.0
857,0439.HK,Hang Seng Composite Index,Removal,2020,-0.2539683068300185,0.06349200101906916,-0.111111153160242,-0.22222223063204838,-0.22539683068300187,0.31746030784908763,-0.11111107747180637,-0.11428567752275987,1522.0
1015,2051.HK,Hang Seng Composite Index,Removal,2020,-0.055555583150297405,-0.04166670805877948,-0.02777783296726144,-0.13888891648363078,-0.27777783296726144,0.013888875091517927,-0.11111108351636934,-0.25,1523.0
1004,0687.HK,Hang Seng Composite Index,Removal,2020,-0.25925927765575385,0.05555550036607193,-0.05555561074503923,-0.1666667218561504,-0.2500000275947418,0.3148147780218258,-0.11111111111111116,-0.1944444168497026,1524.0
596,000997.SZ,Hang Seng (China A) Corporate Sustainability Benchmark Index,Inclusion,2019,-0.12727270052303385,-0.019283767979388466,0.02534440779556002,-0.08650136241442807,-0.14104680549572834,0.10798893254364539,-0.1118457702099881,-0.16639121329128836,1525.0
275,1339.HK,Hang Seng China 50 Index,Exclusion,2018,0.06428571266381922,0.01904771528006588,-0.01904760174740394,-0.1309523187797328,-0.11666661746917983,-0.04523799738375334,-0.11190471703232885,-0.09761901572177589,1526.0
960,1810.HK,Hang Seng China Enterprises Index,Inclusion,2020,-0.36979593549455914,-0.02448981148856022,-0.014285729855907259,-0.12653062781509083,0.03265303008410392,0.3453061240059989,-0.11224489795918358,0.04693875994001118,1527.0
1041,1810.HK,Hang Seng Index,Inclusion,2020,-0.36979593549455914,-0.02448981148856022,-0.014285729855907259,-0.12653062781509083,0.03265303008410392,0.3453061240059989,-0.11224489795918358,0.04693875994001118,1527.0
1310,6601.HK,Hang Seng Composite Index,Inclusion,2021,0.2748917775725932,0.047619106597052596,-0.0432900030777672,-0.1558441142914705,-0.32900433302555665,-0.2272726709755406,-0.11255411121370329,-0.28571432994778945,1529.0
713,600196.SS,Hang Seng China A Industry Top Index,Inclusion,2019,-0.13205577751835473,0.0003483735633245111,0.002439013692104419,-0.11080140141606343,-0.12473866998390248,0.13240415108167924,-0.11324041510816785,-0.1271776836760069,1530.0
1253,9888.HK,Hang Seng China 50 Index,Inclusion,2021,0.015132369508976895,0.02900372426041531,0.020176524748388713,-0.09331653519671423,-0.07124844020738863,0.013871354751438414,-0.11349305994510295,-0.09142496495577734,1531.0
385,601633.SS,Hang Seng China A Industry Top Index,Exclusion,2018,0.08920868768510037,-0.012949593988585861,0.0014388818929900182,-0.11223018048595679,-0.14964028638771898,-0.10215828167368624,-0.1136690623789468,-0.151079168280709,1532.0
1187,6862.HK,Hang Seng Index,Inclusion,2021,0.4100782380831143,0.05125978804600462,-0.04344048710933901,-0.15725455007882272,-0.3119027107020389,-0.35881845003710966,-0.11381406296948371,-0.2684622235926999,1533.0
452,2342.HK,Hang Seng Corporate Sustainability Benchmark Index,Exclusion,2018,-0.16793886947364822,0.015267252678933252,-0.03816790419867877,-0.15267170779417671,-0.030534323358943016,0.18320612215258147,-0.11450380359549794,0.007633580839735754,1534.0
314,3331.HK,Hang Seng Composite LargeCap & MidCap Index,Exclusion,2018,-0.044270792102905965,0.002604164241347462,-0.00651037955928202,-0.121093730354914,-0.0768228761638351,0.04687495634425343,-0.11458335079563198,-0.07031249660455308,1535.0
975,1995.HK,Hang Seng Composite Index,Inclusion,2020,-0.06707313740132814,0.01707321299746467,0.047561018584670434,-0.06707313740132814,-0.16707316066167788,0.08414635039879281,-0.11463415598599858,-0.2146341792463483,1536.0
1516,2150.HK,Hang Seng Stock Connect Greater Bay Area Composite Index,Removal,2024,-0.19488821444447868,-0.01597450124815547,-0.012779616232937885,-0.12779555295284062,-0.21086263952056694,0.1789137131963232,-0.11501593671990273,-0.19808302328762906,1537.0
878,6889.HK,Hang Seng Composite Index,Removal,2020,0.11504424405327618,0.022123872799678646,-0.026548647359614486,-0.14159289141289066,-0.17477875335988224,-0.09292037125359753,-0.11504424405327618,-0.14823010600026776,1538.0
1206,0806.HK,Hang Seng Stock Connect Greater Bay Area Composite Index,Removal,2021,0.025225200301670414,-0.012612643109136235,0.07567560090501102,-0.039639686390655626,-0.12252257329846039,-0.03783784341080665,-0.11531528729566665,-0.1981981742034714,1539.0
1173,1269.HK,Hang Seng Composite Index,Removal,2021,0.14423086622057935,0.0,-0.2019230636971937,-0.3173076878990646,-0.4423076878990646,-0.14423086622057935,-0.1153846242018709,-0.2403846242018709,1540.0
1221,2160.HK,Hang Seng Composite Index,Inclusion,2021,-0.0894677378578147,-0.03171011274050084,-0.045300111684654976,-0.1608154483223887,-0.5469988831534507,0.05775762511731386,-0.11551533663773372,-0.5016987714687957,1541.0
1765,6160.HK,Hang Seng China Enterprises Index,Inclusion,2025,-0.09329827354116904,0.02299605827975304,-0.058475650952285796,-0.17411301268955814,0.025624239378925218,0.11629433182092208,-0.11563736173727235,0.08409989033121101,1542.0
702,000063.SZ,Hang Seng China A Industry Top Index,Exclusion,2019,-0.1669155503067875,-0.08480149052254515,0.10002980908403636,-0.015825696250559407,-0.05643479254324113,0.08211405978424235,-0.11585550533459577,-0.1564646016272775,1543.0
719,000063.SZ,Hang Seng China A Top 100 Index,Exclusion,2019,-0.1669155503067875,-0.08480149052254515,0.10002980908403636,-0.015825696250559407,-0.05643479254324113,0.08211405978424235,-0.11585550533459577,-0.1564646016272775,1543.0
588,000063.SZ,Hang Seng (China A) Corporate Sustainability Benchmark Index,Inclusion,2019,-0.1669155503067875,-0.08480149052254515,0.10002980908403636,-0.015825696250559407,-0.05643479254324113,0.08211405978424235,-0.11585550533459577,-0.1564646016272775,1543.0
679,000063.SZ,Hang Seng (China A) Corporate Sustainability Index,Inclusion,2019,-0.1669155503067875,-0.08480149052254515,0.10002980908403636,-0.015825696250559407,-0.05643479254324113,0.08211405978424235,-0.11585550533459577,-0.1564646016272775,1543.0
1312,6699.HK,Hang Seng Composite Index,Inclusion,2021,0.11111111111111116,0.045555538601345535,0.05833333333333335,-0.05888892279730906,-0.03500001695421007,-0.06555557250976562,-0.11722225613064241,-0.09333335028754342,1547.0
1363,3380.HK,Hang Seng ESG 50 Index,Inclusion,2021,-0.1121794097835781,-0.01388890162492451,-0.04059830431402134,-0.1581196150130758,-0.21047007077465973,0.09829050815865359,-0.11752131069905447,-0.1698717664606384,1548.0
436,0200.HK,Hang Seng Corporate Sustainability Benchmark Index,Exclusion,2018,0.29079253004018546,0.051282113982532795,-0.025641056991266398,-0.14335664685439753,-0.06876458716016465,-0.23951041605765266,-0.11771558986313113,-0.04312353016889825,1549.0
1828,6639.HK,Hang Seng Composite Index,Removal,2025,0.041984785618008225,0.011450462259065208,-0.19847328383205287,-0.31679387784741864,-0.18320603115311973,-0.030534323358943016,-0.11832059401536577,0.01526725267893314,1550.0
1175,1528.HK,Hang Seng Composite Index,Removal,2021,0.010570864806181746,0.004228325760225138,0.0528541224084329,-0.0655390996891082,0.05919666145438951,-0.006342539045956608,-0.1183932220975411,0.006342539045956608,1551.0
281,601336.SS,Hang Seng China 50 Index,Inclusion,2018,0.16323787641715337,0.011343975612927881,0.0032686404370099176,-0.11517012222800915,-0.16919822190067568,-0.1518939008042255,-0.11843876266501907,-0.1724668623376856,1552.0
1798,0338.HK,Hang Seng Composite Index,Removal,2025,-0.039682502138671416,-0.007936500427734305,-0.01587300085546861,-0.1349206018820308,-0.01587300085546861,0.03174600171093711,-0.1190476010265622,0.0,1553.0
865,0950.HK,Hang Seng Composite Index,Removal,2020,0.169451080775872,-0.01193321958282556,-0.033412855506848915,-0.15274465302244766,-0.06443913537930235,-0.18138430035869757,-0.11933179751559875,-0.031026279872453433,1554.0
31,1970.HK,Hang Seng Composite LargeCap & MidCap Index,Inclusion,2016,-0.07036253612778476,-0.004264408452718138,0.04051167695875746,-0.07889127169639498,-0.15138597138212573,0.06609812767506662,-0.11940294865515244,-0.1918976483408832,1555.0
860,0512.HK,Hang Seng Composite Index,Removal,2020,-0.0819964397859656,-0.05704102745910489,-0.04634585074759312,-0.16577545152270423,-0.053475968555267595,0.024955412326860715,-0.11942960077511111,-0.007130117807674474,1556.0
384,600704.SS,Hang Seng China A Industry Top Index,Exclusion,2018,0.09484537055507869,0.006185610391392871,-0.004123707488614681,-0.12371132297538134,0.0164948299544585,-0.08865976016368582,-0.11958761548676666,0.02061853744307318,1557.0
1311,6608.HK,Hang Seng Composite Index,Inclusion,2021,-0.22626791092433918,-0.18465540516617407,-0.06371914750445817,-0.1833549852952474,-0.3433029709807077,0.04161250575816511,-0.11963583779078923,-0.27958382347624955,1558.0
881,000967.SZ,Hang Seng Stock Connect Greater Bay Area Composite Index,Inclusion,2020,0.007235917776986511,0.03617945087128027,-0.049204006260299304,-0.16931984111868348,0.221418200688412,0.02894353309429376,-0.12011583485838417,0.2706222069487113,1559.0
1511,000893.SZ,Hang Seng Stock Connect Greater Bay Area Composite Index,Removal,2024,-0.015459296976886083,-0.0035335656299810836,-0.020317981310678745,-0.14045938122373602,-0.15636038443522593,0.011925731346905,-0.12014139991305728,-0.13604240312454718,1560.0
407,0931.HK,Hang Seng Composite LargeCap & MidCap Index,Exclusion,2018,0.016129016752173708,0.0,0.0,-0.12096772177782578,0.17741937654695672,-0.016129016752173708,-0.12096772177782578,0.17741937654695672,1561.0
668,603019.SS,Hang Seng (China A) Corporate Sustainability Benchmark Index,Inclusion,2019,-0.20539843033732952,-0.00822620375081451,0.03547556803001917,-0.08560408508787509,-0.08997429658842881,0.197172226586515,-0.12107965311789426,-0.12544986461844798,1562.0
565,1787.HK,Hang Seng Stock Connect China AH Index Series,Inclusion,2019,-0.023640672803009743,-0.007092272543566369,0.007092095786907837,-0.11583924370775023,-0.11300238771732118,0.016548400259443374,-0.12293133949465807,-0.12009448350422902,1563.0
1104,9633.HK,Hang Seng China 50 Index,Inclusion,2021,0.4214780674725691,0.016166299659892802,0.016166299659892802,-0.10854505417442861,-0.002309433623165158,-0.4053117678126763,-0.12471135383432141,-0.01847573328305796,1564.0
1115,9633.HK,Hang Seng China Enterprises Index,Inclusion,2021,0.4214780674725691,0.016166299659892802,0.016166299659892802,-0.10854505417442861,-0.002309433623165158,-0.4053117678126763,-0.12471135383432141,-0.01847573328305796,1564.0
829,2382.HK,Hang Seng China Enterprises Index,Inclusion,2020,-0.01710734427077587,0.026438520490796646,-0.047433948786950064,-0.17262833222392682,-0.14541215933212548,0.04354586476157252,-0.12519438343697675,-0.09797821054517541,1566.0
343,600098.SS,Hang Seng (China A) Corporate Sustainability Benchmark Index,Exclusion,2018,0.04878044052774633,-0.006504058737032858,0.0,-0.12520324698962626,-0.1186991882525934,-0.055284499264779186,-0.12520324698962626,-0.1186991882525934,1567.0
1821,2678.HK,Hang Seng Composite Index,Removal,2025,0.005037778534604964,-0.017632224871117375,-0.010075557069209928,-0.13602014054444833,-0.10831235860412114,-0.02267000340572234,-0.1259445834752384,-0.09823680153491121,1568.0
972,1773.HK,Hang Seng Composite Index,Inclusion,2020,0.25991189365621015,-0.0014683923830689505,0.15712190611629429,0.03083701026600294,0.14537448697117727,-0.2613802860392791,-0.12628489585029135,-0.01174741914511701,1569.0
128,0412.HK,Hang Seng Composite LargeCap & MidCap Index,Exclusion,2017,0.13924044520594192,0.05063286172982795,-0.037974721746286244,-0.16455695151977123,-0.16455695151977123,-0.08860758347611397,-0.126582229773485,-0.126582229773485,1570.0
995,9983.HK,Hang Seng Composite Index,Inclusion,2020,0.11264825654291744,0.017786591621669512,-0.03754941884763907,-0.16501977225088538,-0.3300394973834738,-0.09486166492124792,-0.1274703534032463,-0.29249007853583475,1571.0
1001,0525.HK,Hang Seng Composite Index,Removal,2020,0.04026841771510825,0.013422805905036084,-0.006711402952518042,-0.13422821906282933,0.006711402952518153,-0.026845611810072167,-0.1275168161103113,0.013422805905036195,1572.0
1322,1119.HK,Hang Seng Composite Index,Removal,2021,0.02832236019218093,0.037037052427568495,0.006535889318931121,-0.12200434077628675,0.3355119631063104,0.008714692235387567,-0.12854023009521787,0.32897607378737925,1573.0
187,600808.SS,Hang Seng China AH Index Series,Inclusion,2017,-0.03860294778273787,-0.025735269303862496,-0.025735269303862496,-0.15441179113095171,-0.139705922957316,0.012867678478875377,-0.12867652182708922,-0.11397065365345349,1574.0
1169,0698.HK,Hang Seng Composite Index,Removal,2021,-0.016128999215927697,-0.03225806671893816,0.016129067503010353,-0.11290319937274218,-0.12903219858866988,-0.016129067503010464,-0.12903226687575253,-0.14516126609168023,1575.0
1300,0914.HK,Hang Seng China Enterprises Index,Removal,2021,-0.1112310539102419,-0.03131751159466134,0.046436318818725786,-0.08315331614604837,-0.201943814863758,0.07991354231558057,-0.12958963496477416,-0.2483801336824838,1576.0
1383,002163.SZ,Hang Seng Stock Connect Greater Bay Area Composite Index,Inclusion,2021,0.004804437197304834,-0.0006862920670528405,0.08647908409561822,-0.04323954204780911,-0.11530538000616841,-0.005490729264357674,-0.12971862614342733,-0.20178446410178663,1577.0
882,300602.SZ,Hang Seng Stock Connect Greater Bay Area Composite Index,Inclusion,2020,-0.22655429440252073,0.02089920588673433,-0.03301721516118328,-0.16297860964422017,-0.20990586889430618,0.24745350028925506,-0.1299613944830369,-0.1768886537331229,1578.0
1287,601066.SS,Hang Seng China A Top 100 Index,Inclusion,2021,-0.14875768455629212,-0.008712502735005012,0.06485964000409905,-0.06582765483205766,-0.0667957312072458,0.1400451818212871,-0.1306872948361567,-0.13165537121134485,1579.0
1341,0288.HK,Hang Seng Corporate Sustainability Index,Inclusion,2021,0.029459873061424835,0.03764321015508609,0.004909939822527631,-0.12602290738144684,-0.2160393032433745,0.008183337093661258,-0.13093284720397447,-0.22094924306590213,1580.0
604,002601.SZ,Hang Seng (China A) Corporate Sustainability Benchmark Index,Inclusion,2019,-0.1003533649876831,-0.026148402511230073,0.005653705007969689,-0.12650176749891318,-0.09187274007824853,0.07420496247645303,-0.13215547250688287,-0.09752644508621822,1581.0
1098,002475.SZ,Hang Seng China 50 Index,Inclusion,2021,0.2122399585678103,0.03182382130519246,-0.06487142742148311,-0.19804162679988813,-0.011505444885233196,-0.18041613726261785,-0.13317019937840502,0.05336598253624991,1582.0
1493,1513.HK,Hang Seng Hong Kong-Listed Biotech Index,Inclusion,2024,-0.15302494968095348,-0.024911058841161515,0.028469723352320564,-0.10498223213138469,-0.0569395145818159,0.12811389083979197,-0.13345195548370525,-0.08540923793413646,1583.0
1791,3931.HK,Hang Seng Composite Index,Inclusion,2025,-0.16974593719316688,0.017321082545909583,-0.03695146656611603,-0.17090069805437225,-0.03810622742732139,0.18706701973907647,-0.13394923148825622,-0.0011547608612053617,1584.0
195,600874.SS,Hang Seng China AH Index Series,Inclusion,2017,-0.05577030341481748,-0.01270024526964919,0.03810041984838941,-0.09663169193929855,-0.26283821471331426,0.04307005814516829,-0.13473211178768796,-0.30093863456170367,1585.0
1489,6929.HK,Hang Seng Composite Index,Removal,2024,0.1659090916479915,0.04545450112051319,-0.12954549075158095,-0.2659091024851994,0.07954543114693746,-0.12045459052747831,-0.13636361173361844,0.2090909218985184,1586.0
653,601330.SS,Hang Seng (China A) Corporate Sustainability Benchmark Index,Inclusion,2019,-0.17488790228501927,-0.0642750111600564,-0.0014948025106581442,-0.138266096087177,-0.21823617722860966,0.11061289112496286,-0.13677129357651885,-0.21674137471795152,1587.0
815,6865.HK,Hang Seng Stock Connect China AH Index Series,Inclusion,2019,-0.11479027744868764,0.0066224573028133005,-0.008830118507186069,-0.1456954290686866,-0.07505521784562452,0.12141273475150094,-0.13686531056150053,-0.06622509933843845,1588.0
826,601360.SS,Hang Seng China 50 Index,Removal,2020,0.06090464017009478,0.014330483471453048,-0.009404347746983954,-0.14688762641523256,-0.20465739858658039,-0.04657415669864173,-0.1374832786682486,-0.19525305083959643,1589.0
380,002241.SZ,Hang Seng China A Industry Top Index,Exclusion,2018,0.01631705647641568,0.013986000772276075,-0.04312353016889814,-0.1806526489138005,-0.15967364775538628,-0.0023310557041396063,-0.13752911874490237,-0.11655011758648814,1590.0
1764,2057.HK,Hang Seng China Enterprises Index,Inclusion,2025,-0.050473186119873836,0.022712972261928144,0.0,-0.13817030849516954,-0.1533123220931092,0.07318615838180198,-0.13817030849516954,-0.1533123220931092,1591.0
791,0345.HK,Hang Seng Corporate Sustainability Index,Inclusion,2019,-0.02906204804402268,-0.0026419677186899637,0.003963052362643271,-0.13474236934535355,-0.23645968867634537,0.026420080325332718,-0.13870542170799682,-0.24042274103898864,1592.0
751,1515.HK,Hang Seng Composite LargeCap & MidCap Index,Exclusion,2019,-0.05045048651994288,-0.010810886045889423,-0.03783784341080665,-0.1765765739448969,-0.22702706046483978,0.03963960047405346,-0.13873873053409025,-0.18918921705403313,1593.0
422,1548.HK,Hang Seng Composite LargeCap & MidCap Index,Inclusion,2018,0.1278480683357135,-0.006329137991299971,-0.06202534709368657,-0.20253163105286665,-0.12151899070354666,-0.13417720632701347,-0.14050628395918008,-0.05949364360986009,1594.0
779,0052.HK,Hang Seng Corporate Sustainability Benchmark Index,Inclusion,2019,0.026584850644075342,-0.018404938605218746,0.00613495353168414,-0.13496936774788237,-0.1411043212795664,-0.04498978924929409,-0.1411043212795665,-0.14723927481125054,1595.0
1842,2410.HK,Hang Seng Biotech Index,Inclusion,2025,0.30590716314815847,-0.03164556860153367,-0.00632917810338085,-0.14767932014049034,-0.40632914591184377,-0.33755273174969214,-0.1413501420371095,-0.3999999678084629,1596.0
1238,600958.SS,Hang Seng (China A) Corporate Sustainability Index,Inclusion,2021,-0.21478645065180002,0.0401529684052353,0.04780114107319422,-0.0943276073345456,-0.010197584190095643,0.2549394190570353,-0.1421287484077398,-0.05799872526328986,1597.0
1234,002601.SZ,Hang Seng (China A) Corporate Sustainability Index,Inclusion,2021,-0.10454406717674314,0.06355816218367005,0.011286043622827258,-0.13097707691979998,-0.17849713835376368,0.1681022293604132,-0.14226312054262724,-0.18978318197659094,1598.0
1049,0041.HK,Hang Seng Stock Connect Greater Bay Area Composite Index,Inclusion,2020,-0.12158803483736846,0.007444149943920175,0.03473949261496356,-0.10769231351738473,0.03970229079674459,0.12903218478128864,-0.1424318061323483,0.004962798181781025,1599.0
967,0041.HK,Hang Seng Composite Index,Inclusion,2020,-0.12158803483736846,0.007444149943920175,0.03473949261496356,-0.10769231351738473,0.03970229079674459,0.12903218478128864,-0.1424318061323483,0.004962798181781025,1599.0
1210,9698.HK,Hang Seng TECH Index,Inclusion,2021,0.18711140331007914,0.011871148535734122,-0.004522260150200297,-0.14754093694315984,-0.17580549416482838,-0.17524025477434502,-0.14301867679295954,-0.17128323401462808,1601.0
1151,9698.HK,Hang Seng Composite Index,Inclusion,2021,0.18711140331007914,0.011871148535734122,-0.004522260150200297,-0.14754093694315984,-0.17580549416482838,-0.17524025477434502,-0.14301867679295954,-0.17128323401462808,1601.0
1145,6988.HK,Hang Seng Composite Index,Inclusion,2021,0.1713395469720247,0.028037356105847788,0.12772580764478403,-0.01557630894769324,-0.16510902339294742,-0.1433021908661769,-0.14330211659247727,-0.29283483103773145,1603.0
636,600775.SS,Hang Seng (China A) Corporate Sustainability Benchmark Index,Inclusion,2019,-0.19953053552545108,-0.05086069108854019,0.035993743956051594,-0.10798123186815478,-0.20970261404523505,0.1486698444369109,-0.14397497582420637,-0.24569635800128664,1604.0
1863,2591.HK,Hang Seng Composite Index,Inclusion,2025,-0.31818181818181823,-0.0604545419866388,-0.14318180084228516,-0.28727271340110083,-0.445454554124312,0.25772727619517943,-0.14409091255881568,-0.30227275328202685,1605.0
1463,0813.HK,Hang Seng Composite Index,Inclusion,2024,-0.1538461273943874,0.03846161781683777,0.03846161781683777,-0.10576919109158112,0.9038462420187086,0.19230774521122518,-0.14423080890841888,0.8653846242018708,1606.0
583,000021.SZ,Hang Seng (China A) Corporate Sustainability Benchmark Index,Inclusion,2019,-0.4554163572085973,-0.019159858589141043,-0.009579964433639732,-0.15401622694104,-0.21812823174019358,0.43625649861945626,-0.14443626250740027,-0.20854826730655385,1607.0
499,601828.SS,Hang Seng Stock Connect China AH Index Series,Inclusion,2018,0.025114173113936156,0.0015221485143044333,-0.016742755464038916,-0.16133943959770447,-0.13242005486951802,-0.023592024599631722,-0.14459668413366555,-0.1156772994054791,1608.0
608,300274.SZ,Hang Seng (China A) Corporate Sustainability Benchmark Index,Inclusion,2019,-0.18633032985663556,0.024410105856611075,0.03010581532925749,-0.11472744320776129,-0.09519935852247241,0.21074043571324663,-0.14483325853701878,-0.1253051738517299,1609.0
1066,0688.HK,Hang Seng China Enterprises Index,Inclusion,2020,0.08870965509087236,0.02580642647268583,-0.0032257776726799525,-0.15053764157576932,0.021505355393904857,-0.06290322861818654,-0.14731186390308937,0.02473113306658481,1610.0
893,0511.HK,Hang Seng Stock Connect Greater Bay Area Composite Index,Removal,2020,0.07500001490116137,0.008928605640421639,-0.035714252262698754,-0.18303573443269272,-0.1285713932952096,-0.06607140926073973,-0.14732148216999397,-0.09285714103251086,1611.0
859,0511.HK,Hang Seng Composite Index,Removal,2020,0.07500001490116137,0.008928605640421639,-0.035714252262698754,-0.18303573443269272,-0.1285713932952096,-0.06607140926073973,-0.14732148216999397,-0.09285714103251086,1611.0
219,3823.HK,Hang Seng Composite LargeCap & MidCap Index,Exclusion,2017,-0.06315786666817247,-0.08421054117567339,-0.13684207059009545,-0.2842104784339413,-0.2842104784339413,-0.021052674507500924,-0.14736840784384586,-0.14736840784384586,1613.0
896,600499.SS,Hang Seng Stock Connect Greater Bay Area Composite Index,Removal,2020,-0.19577734615320552,0.015355071616181437,-0.046065306371990467,-0.19385800796290587,-0.21113241776938696,0.21113241776938696,-0.1477927015909154,-0.1650671113973965,1614.0
222,0698.HK,Hang Seng Composite LargeCap & MidCap Index,Inclusion,2017,0.03703706708841481,0.004629613101371888,0.11574073322789635,-0.032407372848322846,-0.013888839304115441,-0.03240745398704292,-0.1481481060762192,-0.1296295725320118,1615.0
497,600685.SS,Hang Seng Stock Connect China AH Index Series,Exclusion,2018,0.15985469503124428,0.012715657287743376,-0.009082686593175682,-0.15985469503124428,-0.0753860042190343,-0.1471390377435009,-0.1507720084380686,-0.06630331762585862,1616.0
127,0136.HK,Hang Seng Composite LargeCap & MidCap Index,Exclusion,2017,0.4363635877603991,-0.036363602210010226,0.018181801105005002,-0.13333335259948143,-0.2545454322142374,-0.4727271899704093,-0.15151515370448643,-0.2727272333192424,1617.0
1361,2382.HK,Hang Seng ESG 50 Index,Inclusion,2021,0.0008425114244883236,0.010109558622482195,-0.012636900072154678,-0.165543339525548,-0.03454084734230323,0.009267047197993872,-0.15290643945339333,-0.02190394727014855,1618.0
1346,2382.HK,Hang Seng Corporate Sustainability Index,Inclusion,2021,0.0008425114244883236,0.010109558622482195,-0.012636900072154678,-0.165543339525548,-0.03454084734230323,0.009267047197993872,-0.15290643945339333,-0.02190394727014855,1618.0
1249,1024.HK,Hang Seng China 50 Index,Inclusion,2021,-0.05823627189282865,-0.01996675564382655,0.03383245003592972,-0.11980036460296128,-0.06544649391032153,0.0382695162490021,-0.153632814638891,-0.09927894394625125,1620.0
1490,9930.HK,Hang Seng Composite Index,Removal,2024,0.08571429961624344,-0.004081628681073313,-0.040816384124437,-0.19591837131892664,-0.26938778489195014,-0.08979592829731675,-0.15510198719448964,-0.22857140076751314,1621.0
1344,1347.HK,Hang Seng Corporate Sustainability Index,Inclusion,2021,0.19256015514548808,-0.012034994045483027,0.022975912900028872,-0.13238510144548643,0.1334791766364236,-0.2045951491909711,-0.1553610143455153,0.11050326373639474,1622.0
1360,1347.HK,Hang Seng ESG 50 Index,Inclusion,2021,0.19256015514548808,-0.012034994045483027,0.022975912900028872,-0.13238510144548643,0.1334791766364236,-0.2045951491909711,-0.1553610143455153,0.11050326373639474,1622.0
1288,601919.SS,Hang Seng China A Top 100 Index,Inclusion,2021,0.01152879866869938,-0.001503793759308536,0.0020049627393006197,-0.155388484356778,-0.07117794596438509,-0.013032592428007916,-0.1573934470960786,-0.07318290870368571,1624.0
1267,601919.SS,Hang Seng China A Industry Top Index,Inclusion,2021,0.01152879866869938,-0.001503793759308536,0.0020049627393006197,-0.155388484356778,-0.07117794596438509,-0.013032592428007916,-0.1573934470960786,-0.07318290870368571,1624.0
1526,6990.HK,Hang Seng Hong Kong-Listed Biotech Index,Inclusion,2024,-0.004486837005412636,0.04262473760317542,-0.02804262430970672,-0.1862030083005929,-0.06674149720468059,0.04711157460858806,-0.15816038399088617,-0.03869887289497387,1626.0
1829,6660.HK,Hang Seng Composite Index,Removal,2025,0.17097407968299327,0.05367792637463942,-0.1848907090226971,-0.34393641855493695,-0.23260442662230085,-0.11729615330835386,-0.15904570953223984,-0.047713717599603744,1627.0
1531,6098.HK,Hang Seng Index,Removal,2024,0.025089582150497947,0.019713285845592843,-0.0107526780644992,-0.17025086420327007,-0.2168458879374554,-0.005376296304905104,-0.15949818613877087,-0.2060932098729562,1628.0
1506,688114.SS,Hang Seng Stock Connect Greater Bay Area Composite Index,Inclusion,2024,0.17676917928136993,0.03712293492721597,0.01725641614276352,-0.1424013895765166,-0.2724768150375191,-0.13964624435415396,-0.15965780571928012,-0.2897332311802826,1629.0
280,1336.HK,Hang Seng China 50 Index,Inclusion,2018,0.13222223917643228,0.03999998304579,-0.033333333333333326,-0.19555553860134545,-0.22111112806532118,-0.09222225613064228,-0.16222220526801212,-0.18777779473198786,1630.0
570,601869.SS,Hang Seng Stock Connect China AH Index Series,Inclusion,2019,-0.2144133306745819,0.021639868487229874,0.0601549068542091,-0.10323607054213768,-0.23287670817898531,0.23605319916181178,-0.16339097739634678,-0.2930316150331944,1631.0
1165,0496.HK,Hang Seng Composite Index,Removal,2021,0.01960782480441492,0.01307188320294328,-0.21568622867770404,-0.3790849635009198,-0.2549019562011038,-0.00653594160147164,-0.16339873482321576,-0.039215727523399746,1632.0
831,1766.HK,Hang Seng China Enterprises Index,Removal,2020,0.027290421708080936,0.0,-0.07602345704143465,-0.23976608024063084,-0.27290449593294164,-0.027290421708080936,-0.1637426231991962,-0.196881038891507,1633.0
1339,6869.HK,Hang Seng Composite Index,Removal,2021,-0.008635611582778147,0.029360980555091176,0.1606217330683688,-0.0034542281620522086,0.09499139798937772,0.03799659213786932,-0.164075961230421,-0.06563033507899108,1634.0
1800,0659.HK,Hang Seng Composite Index,Removal,2025,-0.0864662173051931,0.0037593950367966755,0.006265724124096206,-0.1578948544631995,-0.07393490051587093,0.09022561234198978,-0.1641605785872957,-0.08020062463996713,1635.0
1624,2419.HK,Hang Seng Composite Index,Inclusion,2024,-0.1542699983136866,-0.12580352971235786,-0.056933007261375956,-0.221303931464078,-0.3112947754901816,0.02846646860132873,-0.16437092420270205,-0.25436176822880563,1636.0
1334,2877.HK,Hang Seng Composite Index,Removal,2021,-0.05753740208787739,-0.04142688999547306,0.021864274249969062,-0.1426927308394036,-0.1829689013265292,0.016110512092404328,-0.16455700508937265,-0.20483317557649827,1637.0
1227,2518.HK,Hang Seng TECH Index,Inclusion,2021,0.20606473217618926,0.025499633305339664,-0.0006892219111575004,-0.16609238518103486,-0.4417643239641639,-0.1805650988708496,-0.16540316326987736,-0.4410751020530064,1638.0
1222,2518.HK,Hang Seng Composite Index,Inclusion,2021,0.20606473217618926,0.025499633305339664,-0.0006892219111575004,-0.16609238518103486,-0.4417643239641639,-0.1805650988708496,-0.16540316326987736,-0.4410751020530064,1638.0
1389,2150.HK,Hang Seng Stock Connect Greater Bay Area Composite Index,Inclusion,2021,-0.27711742090189107,-0.056463612684095055,-0.010401214184693863,-0.17682021602494513,-0.32392270760182584,0.220653808217796,-0.16641900184025127,-0.313521493417132,1640.0
1304,2150.HK,Hang Seng Composite Index,Inclusion,2021,-0.27711742090189107,-0.056463612684095055,-0.010401214184693863,-0.17682021602494513,-0.32392270760182584,0.220653808217796,-0.16641900184025127,-0.313521493417132,1640.0
1651,1765.HK,Hang Seng Composite Index,Removal,2024,-0.0142856727246512,-0.00952375816379658,-0.004761843602941962,-0.17142856940120255,-0.24761898950113825,0.004761914560854619,-0.16666672579826058,-0.2428571458981963,1642.0
759,1717.HK,Hang Seng Composite LargeCap & MidCap Index,Inclusion,2019,0.023489910333813313,-0.04194630845635494,0.026845611810072167,-0.1409396220153475,-0.2097315422817746,-0.06543621879016825,-0.16778523382541966,-0.23657715409184676,1643.0
1353,0683.HK,Hang Seng Corporate Sustainability Index,Removal,2021,-0.12619500134608486,0.013384336006709185,-0.013384336006709185,-0.18164436211441015,-0.2332696164609952,0.13957933735279404,-0.16826002610770097,-0.21988528045428601,1644.0
1373,0683.HK,Hang Seng ESG 50 Index,Removal,2021,-0.12619500134608486,0.013384336006709185,-0.013384336006709185,-0.18164436211441015,-0.2332696164609952,0.13957933735279404,-0.16826002610770097,-0.21988528045428601,1644.0
1403,1908.HK,Hang Seng Stock Connect Greater Bay Area Composite Index,Removal,2021,-0.2165308615220508,-0.01979046254646799,-0.006984914848764401,-0.17578582096147244,-0.13620489586853635,0.19674039897558282,-0.16880090611270804,-0.12921998101977195,1646.0
272,2382.HK,Hang Seng Index,Inclusion,2017,-0.10303029147061438,-0.015151515151515138,0.0,-0.17045454545454541,-0.025000023119377324,0.08787877631909924,-0.17045454545454541,-0.025000023119377324,1647.0
1362,2689.HK,Hang Seng ESG 50 Index,Inclusion,2021,-0.08765657148121486,-0.03398927585583311,0.008944492403020421,-0.16279075123602327,-0.1717352436390437,0.05366729562538175,-0.1717352436390437,-0.1806797360420641,1648.0
1787,2586.HK,Hang Seng Composite Index,Inclusion,2025,-0.3163265633811452,-0.18571429961624342,-0.06428572471218252,-0.23877552112704836,0.0051020601797675535,0.13061226376490176,-0.17448979641486584,0.06938778489195008,1649.0
1818,2411.HK,Hang Seng Composite Index,Removal,2025,-0.15492951834492508,0.028169072021973385,-0.22535207247454903,-0.4014084158235057,0.4225352408275376,0.18309859036689846,-0.1760563433489567,0.6478873133020866,1650.0
834,0302.HK,Hang Seng Composite Index,Inclusion,2020,-0.08806816603957612,0.0,-0.03409087676400968,-0.21022727657571316,-0.23863634054572114,0.08806816603957612,-0.17613639981170348,-0.20454546378171146,1651.0
1757,1024.HK,Hang Seng Index,Inclusion,2024,0.12815131269667535,-0.01785711137329582,0.01785719151399734,-0.1586134344345681,0.325630262539335,-0.14600842406997117,-0.17647062594856544,0.3077730710253377,1652.0
1813,2121.HK,Hang Seng Composite Index,Removal,2025,0.07625650930241523,-0.04332755646904807,-0.27729634487375676,-0.4540727719618428,-0.036395154045260836,-0.1195840657714633,-0.17677642708808605,0.24090119082849593,1653.0
1433,0241.HK,Hang Seng China Enterprises Index,Removal,2022,-0.44275862595130655,-0.08827584365318564,0.19862063177700695,0.020689668326542288,-0.17655175307701376,0.3544827822981209,-0.17793096345046466,-0.3751723848540207,1654.0
1447,0241.HK,Hang Seng Stock Connect China Enterprises Index,Removal,2022,-0.44275862595130655,-0.08827584365318564,0.19862063177700695,0.020689668326542288,-0.17655175307701376,0.3544827822981209,-0.17793096345046466,-0.3751723848540207,1654.0
1240,300124.SZ,Hang Seng (China A) Corporate Sustainability Index,Removal,2021,0.22333338640738232,0.017681177111639412,0.040579754373301524,-0.1375362562096637,-0.05028987276381336,-0.2056522092957429,-0.17811601058296522,-0.09086962713711488,1656.0
1799,0410.HK,Hang Seng Composite Index,Removal,2025,-0.0298508060193573,0.029850717057203102,-0.0298508060193573,-0.2089552862868843,-0.19402983879612856,0.0597015230765604,-0.179104480267527,-0.16417903277677126,1657.0
1769,0308.HK,Hang Seng Composite Index,Inclusion,2025,-0.047169768882415086,-0.00943395377648304,0.0660377888969812,-0.11320750154859627,0.009434066238082961,0.03773581510593205,-0.17924529044557747,-0.05660372265889824,1658.0
1483,9676.HK,Hang Seng Composite Index,Inclusion,2024,0.028925571633155345,0.0,-0.008264494075791107,-0.18760333770237003,-0.13842976346513214,-0.028925571633155345,-0.17933884362657893,-0.13016526938934103,1659.0
1621,2228.HK,Hang Seng Composite Index,Inclusion,2024,-0.6137566007414061,-0.1666666351298174,-0.15608463455950494,-0.3359788334759114,-0.6785714173082681,0.44708996561158876,-0.17989419891640646,-0.5224867827487631,1660.0
1717,2228.HK,Hang Seng Stock Connect Greater Bay Area Composite Index,Inclusion,2024,-0.6137566007414061,-0.1666666351298174,-0.15608463455950494,-0.3359788334759114,-0.6785714173082681,0.44708996561158876,-0.17989419891640646,-0.5224867827487631,1660.0
334,2799.HK,Hang Seng China Enterprises Index,Inclusion,2018,0.053639889092422566,0.011494333721897787,0.015325747846490989,-0.16475089870562454,-0.2720306312164107,-0.04214555537052478,-0.18007664655211553,-0.2873563790629017,1662.0
1404,300377.SZ,Hang Seng Stock Connect Greater Bay Area Composite Index,Removal,2021,-0.168019459910689,0.03165587280709081,0.01785716497389478,-0.1623376663588899,-0.024350588026928244,0.19967533271777982,-0.1801948313327847,-0.04220775300082302,1663.0
1010,1286.HK,Hang Seng Composite Index,Removal,2020,0.0,0.02255636873816247,-0.01879706357951072,-0.19924810311585284,-0.01879706357951072,0.02255636873816247,-0.18045103953634212,0.0,1664.0
1779,2507.HK,Hang Seng Composite Index,Inclusion,2025,-0.2764900718716736,-0.06125828922958143,0.014900623980879102,-0.16556290972468624,0.26158932157631876,0.2152317826420922,-0.18046353370556534,0.24668869759543965,1665.0
231,000825.SZ,Hang Seng Corporate Sustainability Benchmark Index,Exclusion,2017,-0.07610624741906613,-0.028318640982051613,0.0743362954344573,-0.10619467159381513,-0.07256642784580425,0.04778760643701452,-0.18053096702827243,-0.14690272328026155,1666.0
854,0052.HK,Hang Seng Composite Index,Removal,2020,-0.017507731784354053,0.0,-0.036045353253831625,-0.2193614939313019,-0.1606591568988711,0.017507731784354053,-0.18331614067747026,-0.12461380364503949,1667.0
379,601138.SS,Hang Seng China 50 Index,Inclusion,2018,0.03895231096929752,0.009402242204193056,-0.01746139844774619,-0.20147749703345808,-0.1994627399965555,-0.029550068765104465,-0.18401609858571188,-0.18200134154880931,1668.0
397,601138.SS,Hang Seng China A Top 100 Index,Inclusion,2018,0.03895231096929752,0.009402242204193056,-0.01746139844774619,-0.20147749703345808,-0.1994627399965555,-0.029550068765104465,-0.18401609858571188,-0.18200134154880931,1668.0
388,601138.SS,Hang Seng China A Industry Top Index,Inclusion,2018,0.03895231096929752,0.009402242204193056,-0.01746139844774619,-0.20147749703345808,-0.1994627399965555,-0.029550068765104465,-0.18401609858571188,-0.18200134154880931,1668.0
1756,3759.HK,Hang Seng Hong Kong-Listed Biotech Index,Removal,2024,0.09549792858813788,-0.07639835588107413,0.05729878317401038,-0.12687583056186635,0.08185537665452092,-0.171896284469212,-0.18417461373587674,0.024556593480510536,1671.0
844,1881.HK,Hang Seng Composite Index,Inclusion,2020,0.10714290022444706,0.011904821881092875,-0.04761900369272076,-0.23214285587575156,-0.3095238078343354,-0.09523807834335418,-0.1845238521830308,-0.26190480414161466,1672.0
91,2326.HK,Hang Seng Composite LargeCap & MidCap Index,Inclusion,2016,-0.10869567611717734,-0.07608694736696164,0.21739128744669833,0.03260866396255957,0.2608695060634443,0.0326087287502157,-0.18478262348413876,0.043478218616745945,1673.0
847,2400.HK,Hang Seng Composite Index,Inclusion,2020,0.16334662626127217,-0.00398407888246699,0.02589639875105898,-0.15936254737880529,0.09561751322928624,-0.16733070514373916,-0.18525894612986427,0.06972111447822726,1674.0
1830,6698.HK,Hang Seng Composite Index,Removal,2025,0.12578611589676836,0.03459116125365291,-0.27044028788068153,-0.4559748481899719,-0.3270440062957498,-0.09119495464311544,-0.18553456030929039,-0.05660371841506828,1675.0
892,0178.HK,Hang Seng Stock Connect Greater Bay Area Composite Index,Removal,2020,-0.033783831676485354,-0.01351350045186761,-0.05405408235428677,-0.2432432497740662,-0.14864866606417648,0.020270331224617744,-0.18918916741977942,-0.09459458370988971,1676.0
1528,9886.HK,Hang Seng Hong Kong-Listed Biotech Index,Removal,2024,0.01587300085546861,0.03174600171093722,-0.007936500427734305,-0.1984126999144531,-0.46031745055605455,0.01587300085546861,-0.1904761994867188,-0.45238095012832025,1677.0
1491,9939.HK,Hang Seng Composite Index,Removal,2024,-0.07633580839735754,0.0,-0.1221373844352337,-0.3129770874275508,-0.07633580839735754,0.07633580839735754,-0.19083970299231712,0.04580157603787616,1678.0
1503,1942.HK,Hang Seng Stock Connect Greater Bay Area Composite Index,Inclusion,2024,0.13740463711416684,0.0,-0.022900742519207262,-0.21374044551152438,-0.022900742519207262,-0.13740463711416684,-0.19083970299231712,0.0,1678.0
1817,2407.HK,Hang Seng Composite Index,Removal,2025,0.11866502101855714,0.00123612221176983,-0.19159458114954886,-0.3831891622990977,-0.24598272069485017,-0.11742889880678731,-0.19159458114954886,-0.054388139545301306,1680.0
1535,0968.HK,Hang Seng Stock Connect China Enterprises Index,Removal,2024,0.32279917846228723,0.06320546741722066,-0.027088011333870732,-0.21896158640607177,-0.26636566005943996,-0.25959371104506657,-0.19187357507220104,-0.23927764872556923,1681.0
1522,0968.HK,Hang Seng China Enterprises Index,Removal,2024,0.32279917846228723,0.06320546741722066,-0.027088011333870732,-0.21896158640607177,-0.26636566005943996,-0.25959371104506657,-0.19187357507220104,-0.23927764872556923,1681.0
1017,2280.HK,Hang Seng Composite Index,Removal,2020,-0.14074078064069429,-0.059259290001846376,0.08148149063884791,-0.1111110914881831,-0.12592598021602663,0.08148149063884791,-0.192592582127031,-0.20740747085487454,1683.0
1832,9669.HK,Hang Seng Composite Index,Removal,2025,-0.17931033235384408,0.044827541981810715,0.010344817380417926,-0.18275868702728382,0.25517240869020896,0.2241378743356548,-0.19310350440770174,0.24482759130979104,1684.0
1331,2329.HK,Hang Seng Composite Index,Removal,2021,-0.14285708756526316,0.012987000923330161,0.0,-0.1948051686672153,-0.0649350046166508,0.15584408848859332,-0.1948051686672153,-0.0649350046166508,1685.0
1233,002460.SZ,Hang Seng (China A) Corporate Sustainability Index,Inclusion,2021,0.05928018759688003,0.07375367307133018,0.04375309852923137,-0.15144455876055274,-0.15710089610798073,0.014473485474450154,-0.1951976572897841,-0.2008539946372121,1686.0
1748,0960.HK,Hang Seng China Enterprises Index,Removal,2024,0.22500004470348434,-0.0321428270364289,0.06607140926073973,-0.12946427088915058,-0.03035715699804098,-0.25714287173991324,-0.1955356801498903,-0.09642856625878071,1687.0
605,002815.SZ,Hang Seng (China A) Corporate Sustainability Benchmark Index,Inclusion,2019,-0.17828737593197452,-0.002807738462080822,0.08235836464273816,-0.11324286295071373,-0.22321012028255893,0.1754796374698937,-0.1956012275934519,-0.3055684849252971,1688.0
569,6869.HK,Hang Seng Stock Connect China AH Index Series,Inclusion,2019,-0.09107802566298628,0.02230484721109116,0.0018587786289310237,-0.1951672890130265,-0.39479550492517845,0.11338287287407744,-0.19702606764195751,-0.3966542835541095,1689.0
1472,2169.HK,Hang Seng Composite Index,Inclusion,2024,0.3355263137256008,-0.039473647060816464,-0.2434210588231972,-0.44078945098161004,-0.25,-0.3749999607864173,-0.19736839215841284,-0.0065789411768027994,1690.0
1413,2192.HK,Hang Seng Composite Index,Inclusion,2021,0.053846114721053606,0.020512800950270416,-0.10769232725485778,-0.30512819534693014,-0.7369230710543119,-0.03333331377078319,-0.19743586809207236,-0.6292307437994541,1691.0
335,6158.HK,Hang Seng Composite LargeCap & MidCap Index,Inclusion,2018,-0.008146631995133324,0.0,0.13849293814829466,-0.059063130522473695,-0.05498981452490703,0.008146631995133324,-0.19755606867076836,-0.1934827526732017,1692.0
1841,6060.HK,Hang Seng TECH Index,Removal,2025,-0.04327662164621149,-0.007727931301250268,-0.024729498083549406,-0.2241112606314607,0.3523957161891673,0.03554869034496122,-0.1993817625479113,0.3771252142727167,1693.0
866,0951.HK,Hang Seng Composite Index,Removal,2020,0.07692309919824747,0.016194316352106997,-0.02834005361618719,-0.23076924933187293,0.15789468095878245,-0.06072878284614047,-0.20242919571568574,0.18623473457496964,1694.0
855,0321.HK,Hang Seng Composite Index,Removal,2020,0.096969678141416,0.018181801105005002,-0.054545475563070656,-0.26060603258257253,-0.3454545099873183,-0.07878787703641099,-0.20606055701950188,-0.29090903442424765,1695.0
1767,2331.HK,Hang Seng China Enterprises Index,Removal,2025,-0.12861734395261104,-0.04715965530346167,-0.045016085715798515,-0.25187566172016684,-0.18435153314646902,0.08145768864914937,-0.20685957600436833,-0.1393354474306705,1696.0
1178,1728.HK,Hang Seng Composite Index,Removal,2021,-0.03658533128225516,-0.012195110427418387,0.0,-0.2073170953318878,0.07317073525310214,0.024390220854836775,-0.2073170953318878,0.07317073525310214,1697.0
835,0697.HK,Hang Seng Composite Index,Inclusion,2020,0.014705867915830284,0.0,-0.04411767387060073,-0.2529412086447208,-0.18235297252562543,-0.014705867915830284,-0.20882353477412008,-0.1382352986550247,1698.0
535,0836.HK,Hang Seng Index,Exclusion,2019,0.0710382470945341,-0.015027340291637992,0.010928951069668846,-0.19808746613365136,-0.21584704419270662,-0.0860655873861721,-0.2090164172033202,-0.22677599526237546,1699.0
1831,9638.HK,Hang Seng Composite Index,Removal,2025,0.004310278915198751,0.0,-0.002155221670899876,-0.21120695537675804,0.0689654492027858,-0.004310278915198751,-0.20905173370585817,0.07112067087368568,1700.0
1790,2799.HK,Hang Seng Composite Index,Inclusion,2025,-0.1728394880034615,-0.03703707519273092,-0.012345667202249944,-0.22222223039844236,0.24691356480294235,0.13580241281073058,-0.2098765631961924,0.2592592320051923,1701.0
1152,9991.HK,Hang Seng Composite Index,Inclusion,2021,0.17898477558778603,-0.0008905262760280364,0.019590355195522324,-0.19234199035204325,-0.16740874925081795,-0.17987530186381406,-0.21193234554756557,-0.18699910444634027,1702.0
1762,1302.HK,Hang Seng Biotech Index,Inclusion,2025,-0.16363635444115665,0.0,0.006060600368335001,-0.2060606292675572,-0.07878787703641077,0.16363635444115665,-0.2121212296358922,-0.08484847740474577,1703.0
833,0120.HK,Hang Seng Composite Index,Inclusion,2020,0.07086607787412014,0.02362202595803997,-0.04724416455478486,-0.2598425671352024,0.1574803983310098,-0.047244051916080165,-0.2125984025804175,0.20472456288579466,1704.0
1518,3319.HK,Hang Seng Stock Connect Greater Bay Area Composite Index,Removal,2024,-0.2537313397427997,0.0,-0.029850717942397798,-0.24378110042866707,-0.22636818162893502,0.2537313397427997,-0.21393038248626928,-0.19651746368653722,1705.0
1355,0175.HK,Hang Seng ESG 50 Index,Inclusion,2021,-0.0036496490095604406,0.025547473455658443,0.020073034746950214,-0.19525549109320384,-0.15693428090971617,0.029197122465218883,-0.21532852584015405,-0.1770073156566664,1706.0
1299,0813.HK,Hang Seng China Enterprises Index,Removal,2021,-0.050480722940178024,-0.006009523905589953,-0.02163453823363004,-0.23798072294017802,-0.4447115318485969,0.04447119903458807,-0.21634618470654798,-0.42307699361496687,1707.0
1826,3669.HK,Hang Seng Composite Index,Removal,2025,-0.11881184768813846,-0.04620457683416479,-0.05610563627034337,-0.2739273701462639,-0.2739273701462639,0.07260727085397367,-0.21782173387592052,-0.21782173387592052,1708.0
1301,0013.HK,Hang Seng Composite Index,Inclusion,2021,0.004566256707654759,-0.03805169408565123,0.00913251341530974,-0.2100456021822159,-0.16057832438979358,-0.04261795079330599,-0.21917811559752565,-0.16971083780510332,1709.0
1382,0013.HK,Hang Seng Stock Connect Greater Bay Area Composite Index,Inclusion,2021,0.004566256707654759,-0.03805169408565123,0.00913251341530974,-0.2100456021822159,-0.16057832438979358,-0.04261795079330599,-0.21917811559752565,-0.16971083780510332,1709.0
832,0116.HK,Hang Seng Composite Index,Inclusion,2020,0.03232998363656536,0.02006681673835531,0.018952070371593743,-0.2028985638218077,-0.1360089443378486,-0.012263166898210054,-0.22185063419340145,-0.15496101470944235,1711.0
1840,1797.HK,Hang Seng TECH Index,Removal,2025,-0.008571420397077256,0.012857164655412978,-0.03714288984026226,-0.2614285605294364,-0.1071428571428571,0.021428585052490234,-0.22428567068917415,-0.06999996730259483,1712.0
1806,1385.HK,Hang Seng Composite Index,Removal,2025,-0.39930315983195663,-0.0923345454854787,0.013937268567839167,-0.2108014279993189,0.06968640929733416,0.30696861434647793,-0.22473869656715806,0.055749140729494995,1713.0
268,6088.HK,Hang Seng Composite LargeCap & MidCap Index,Inclusion,2017,-0.18888889225281935,-0.06190481452624563,0.10793647742085288,-0.11746035326214888,-0.3349206459735493,0.12698407772657372,-0.22539683068300176,-0.4428571233944022,1714.0
839,1286.HK,Hang Seng Composite Index,Inclusion,2020,-0.1558073531937587,0.005665717022269368,-0.03682716064475133,-0.26345611169822714,-0.28895183829843973,0.16147307021602808,-0.2266289510534758,-0.2521246776536884,1715.0
1198,9923.HK,Hang Seng Stock Connect Greater Bay Area Composite Index,Inclusion,2021,0.2109974506894261,0.00191817815514983,-0.025575448568415315,-0.25447568398695397,-0.35549867656341616,-0.20907927253427627,-0.22890023541853866,-0.32992322799500085,1716.0
1786,2582.HK,Hang Seng Composite Index,Inclusion,2025,-0.1549296120583522,0.0006706293805054386,-0.07981226470917524,-0.31052985349720996,-0.2535211368503527,0.15560024143885764,-0.23071758878803472,-0.17370887214117747,1717.0
842,1836.HK,Hang Seng Composite Index,Inclusion,2020,0.030188649368694698,0.030188649368694698,-0.05283022636448742,-0.28396227552441744,-0.16037742469436989,0.0,-0.23113204915993002,-0.10754719832988247,1718.0
1814,2150.HK,Hang Seng Composite Index,Removal,2025,-0.21341465054559694,0.05487806961197439,-0.2073170953318878,-0.43902437517431636,-0.22560976097301533,0.26829272015757133,-0.23170727984242856,-0.018292665641127526,1719.0
1819,2487.HK,Hang Seng Composite Index,Removal,2025,-0.26567160949910884,0.022388074572778693,-0.14179102034472058,-0.3746268393282204,0.5552239362581151,0.28805968407188753,-0.2328358189834998,0.6970149566028356,1720.0
1825,3650.HK,Hang Seng Composite Index,Removal,2025,0.13513512079293544,-0.014308450418714536,-0.16057229859618838,-0.39586645860697145,-0.1764706105319911,-0.14944357121164997,-0.23529416001078307,-0.01589831193580271,1721.0
1307,2616.HK,Hang Seng Composite Index,Inclusion,2021,-0.03840682402111539,0.0,-0.04409678668062944,-0.28307257305324796,-0.29800856394084263,0.03840682402111539,-0.23897578637261851,-0.2539117772602132,1722.0
1815,2171.HK,Hang Seng Composite Index,Removal,2025,-0.41843085534375324,-0.003735956907696125,-0.08343706372813031,-0.32254044357139766,0.1955168992163363,0.4146948984360571,-0.23910337984326735,0.2789539629444666,1723.0
1834,9959.HK,Hang Seng Composite Index,Removal,2025,-0.005847947508874518,0.035087685053246886,-0.15204677465680272,-0.391812901372789,-0.06432749231065238,0.040935632562121405,-0.2397661267159863,0.08771928234615034,1724.0
1308,3738.HK,Hang Seng Composite Index,Inclusion,2021,-0.19718309515184818,-0.02048653631041719,0.02048653631041719,-0.22151088754781578,-0.14724713236785913,0.17669655884143098,-0.24199742385823297,-0.16773366867827633,1725.0
1844,9966.HK,Hang Seng Biotech Index,Removal,2025,-0.0790463807011732,0.00752822388444474,0.032622303499260985,-0.21079044825147042,0.2321204458385666,0.08657460458561794,-0.2434127517507314,0.19949814233930563,1726.0
1812,2105.HK,Hang Seng Composite Index,Removal,2025,-0.4124830405777429,0.0108548066415588,-0.13839891407937754,-0.382632257613705,0.3202170547249905,0.4233378472193017,-0.24423334353432746,0.45861596880436806,1727.0
1412,2137.HK,Hang Seng Composite Index,Inclusion,2021,-0.40515224438647657,-0.04449652205926824,-0.011709601664315783,-0.25878222358252956,-0.6576112500155223,0.36065572232720833,-0.24707262191821378,-0.6459016483512066,1728.0
1822,3309.HK,Hang Seng Composite Index,Removal,2025,0.08241756694240032,-0.03296706607672484,-0.016483565788166232,-0.2637362666153674,-0.04945056636528333,-0.11538463301912516,-0.2472527008272012,-0.0329670005771171,1729.0
1197,6993.HK,Hang Seng Stock Connect Greater Bay Area Composite Index,Inclusion,2021,0.10775862009904236,-0.0014368144866416799,0.01724136277318622,-0.23275860297127093,-0.20977011927368927,-0.10919543458568404,-0.24999996574445715,-0.2270114820468755,1730.0
1147,6993.HK,Hang Seng Composite Index,Inclusion,2021,0.10775862009904236,-0.0014368144866416799,0.01724136277318622,-0.23275860297127093,-0.20977011927368927,-0.10919543458568404,-0.24999996574445715,-0.2270114820468755,1730.0
1627,2459.HK,Hang Seng Composite Index,Inclusion,2024,24.384615337590024,-0.2564102505320861,-0.23076917198752767,-0.4807692101956347,-0.7089743507449205,-24.64102558812211,-0.250000038208107,-0.4782051787573929,1732.0
1827,3759.HK,Hang Seng Composite Index,Removal,2025,-0.08364087276800036,0.003690004003555236,-0.02460028084711141,-0.2755227818480003,-0.05289056569777817,0.0873308767715556,-0.25092250100088886,-0.028290284850666758,1733.0
1451,3650.HK,Hang Seng Composite Index,Inclusion,2023,-0.017331022301169452,-0.0485268492207539,-0.27556328103363614,-0.5265164760210579,-0.8419410785967124,-0.031195826919584446,-0.25095319498742175,-0.5663777975630763,1734.0
1805,1268.HK,Hang Seng Composite Index,Removal,2025,-0.015810261780775714,0.015810261780775825,-0.02766795811635747,-0.280632382200253,-0.1383398848183811,0.03162052356155154,-0.2529644240838955,-0.11067192670202364,1735.0
1464,0884.HK,Hang Seng Composite Index,Inclusion,2024,-0.34328360200645247,-0.04477616454795885,0.0895522401337634,-0.16417912173892546,0.19402983879612856,0.2985074374584936,-0.25373136187268885,0.10447759866236517,1736.0
330,2858.HK,Hang Seng Composite LargeCap & MidCap Index,Inclusion,2018,0.07744108311713105,0.015151540693756349,0.0016834599239645698,-0.25420879029223775,-0.34680133382751,-0.0622895424233747,-0.2558922502162023,-0.34848479375147456,1737.0
1802,0806.HK,Hang Seng Composite Index,Removal,2025,-0.09411769490753352,0.02941173583166079,0.01176469433266436,-0.24705886147838874,-0.15882358386029682,0.12352943073919431,-0.2588235558110531,-0.17058827819296118,1738.0
879,87001.HK,Hang Seng Composite Index,Removal,2020,0.019230828012472445,0.016025702746429227,-0.01923075159625831,-0.2788461273943874,-0.3044871295227318,-0.0032051252660432183,-0.2596153757981291,-0.2852563779264735,1739.0
494,1177.HK,Hang Seng Index,Inclusion,2018,0.12121200861774817,0.0216450015388836,-0.029220752077492862,-0.29112565774114185,-0.24783549984611164,-0.09956700707886457,-0.261904905663649,-0.21861474776861878,1740.0
1316,9959.HK,Hang Seng Composite Index,Inclusion,2021,0.08127209373641509,-0.05477030938813199,-0.04946991881973528,-0.3144875938088675,-0.4814487593808867,-0.13604240312454707,-0.2650176749891322,-0.43197884056115143,1741.0
1410,1801.HK,Hang Seng China Enterprises Index,Inclusion,2021,0.039156602626097214,0.01506024061776956,-0.069277141311895,-0.3365964122773041,-0.4969879403863944,-0.024096362008327654,-0.2673192709654091,-0.4277107990744994,1742.0
1452,9690.HK,Hang Seng Composite Index,Inclusion,2023,0.06818181818181812,0.025757529518821043,0.022727272727272707,-0.24545455701423413,-0.42848482998934656,-0.04242428866299708,-0.26818182974150684,-0.45121210271661927,1743.0
1626,2453.HK,Hang Seng Composite Index,Inclusion,2024,0.3767605281448436,0.0017606037000279517,-0.05633804235778117,-0.3274647662668465,-0.5176056340392963,-0.37499992444481567,-0.27112672390906534,-0.4612675916815151,1744.0
1753,6086.HK,Hang Seng Hong Kong-Listed Biotech Index,Inclusion,2024,0.15503876427461982,-0.02945730015532322,-0.07441860980894721,-0.3457364472895318,-0.035658918740292256,-0.18449606442994304,-0.2713178374805846,0.038759691068654956,1745.0
1782,2562.HK,Hang Seng Composite Index,Inclusion,2025,-0.05564922899692304,0.032040498319120925,-0.2478920902540659,-0.5197301870378901,-0.5143339020641758,0.08768972731604396,-0.2718380967838242,-0.26644181181010995,1746.0
1473,2268.HK,Hang Seng Composite Index,Inclusion,2024,0.06645229267191732,-0.024651612445562354,0.24866020512277465,-0.027867120150903424,-0.17899250696141367,-0.09110390511747968,-0.27652732527367807,-0.4276527120841883,1747.0
1494,2268.HK,Hang Seng Hong Kong-Listed Biotech Index,Inclusion,2024,0.06645229267191732,-0.024651612445562354,0.24866020512277465,-0.027867120150903424,-0.17899250696141367,-0.09110390511747968,-0.27652732527367807,-0.4276527120841883,1747.0
1759,0017.HK,Hang Seng Index,Removal,2024,0.22839506399956733,-0.016975329196084243,0.029320996398334076,-0.2623456488057547,-0.15895064919392077,-0.24537039319565157,-0.2916666452040888,-0.18827164559225484,1749.0
1770,0697.HK,Hang Seng Composite Index,Inclusion,2025,-0.33522729350885094,-0.028409063970007975,0.005681812794001706,-0.28977272342428684,-0.08522725964257538,0.30681822953884297,-0.29545453621828854,-0.09090907243657709,1750.0
1823,3347.HK,Hang Seng Composite Index,Removal,2025,-0.17042251372001538,-0.007042253521126751,-0.014084507042253502,-0.3098591549295775,-0.02394361898932662,0.16338026019888863,-0.295774647887324,-0.009859111947073118,1751.0
864,0931.HK,Hang Seng Composite Index,Removal,2020,0.026315764707210976,-0.013157882353605488,-0.05263152941442195,-0.35000000784271657,-0.526315764707211,-0.039473647060816464,-0.2973684784282946,-0.473684235292789,1752.0
1774,2410.HK,Hang Seng Composite Index,Inclusion,2025,-0.27614381233983487,-0.03431376246142215,0.16176466646674825,-0.13725492518238092,-0.2254901808010652,0.24183004987841272,-0.29901959164912917,-0.38725484726781345,1753.0
1803,0884.HK,Hang Seng Composite Index,Removal,2025,-0.03636370926848953,0.07272720179282088,0.03636360089641055,-0.26545453579957845,-0.12727276569555535,0.10909091106131041,-0.301818136695989,-0.1636363665919659,1754.0
1475,2511.HK,Hang Seng Composite Index,Inclusion,2024,0.08050085813625762,-0.0017889496616929623,-0.18694097455617464,-0.4937388467877043,-0.5429338109097609,-0.08228980779795059,-0.30679787223152966,-0.35599283635358625,1755.0
1127,1769.HK,Hang Seng Composite Index,Inclusion,2021,0.020715656252309644,-0.020715656252309533,0.06967982853977284,-0.23728809145431473,-0.5329566768742148,-0.04143131250461918,-0.30696791999408757,-0.6026365054139876,1756.0
1376,0868.HK,Hang Seng Index,Inclusion,2021,-0.0032415034111245022,0.008103727614543699,0.0048622242034190855,-0.3030794251492416,-0.35299841693156764,0.011345231025668201,-0.30794164935266066,-0.3578606411349867,1757.0
969,1141.HK,Hang Seng Composite Index,Inclusion,2020,-0.12025319750617192,-0.031645614030057834,0.1582278438035427,-0.1518987360873143,-0.2468354272796569,0.08860758347611408,-0.310126579890857,-0.4050632710831996,1758.0
138,1315.HK,Hang Seng Composite LargeCap & MidCap Index,Inclusion,2017,0.46621619439879414,0.07432435171215213,-0.07432428301048244,-0.391891842686642,-0.4054053924077923,-0.391891842686642,-0.31756755967615957,-0.33108110939730984,1759.0
1797,0095.HK,Hang Seng Composite Index,Removal,2025,-0.18604653902863555,0.04651158277636491,-0.11627909555636295,-0.4395349008060905,-0.49767441393040923,0.23255812180500046,-0.3232558052497275,-0.3813953183740463,1760.0
1816,2390.HK,Hang Seng Composite Index,Removal,2025,-0.3988842542652651,-0.00976292481402019,-0.01255232240309967,-0.3375174408010332,-0.2733612297477219,0.3891213294512449,-0.3249651183979335,-0.26080890734462225,1761.0
1409,1797.HK,Hang Seng TECH Index,Removal,2021,-0.05598455047556228,0.03861009512165192,0.13320464866535753,-0.19305019944773416,0.48262549861933546,0.0945946455972142,-0.3262548481130917,0.34942084995397793,1762.0
1778,2506.HK,Hang Seng Composite Index,Inclusion,2025,-0.31689190220188446,-0.05540538478542023,0.012162182782147424,-0.31486485455487223,-0.18243243243243246,0.2614865174164642,-0.32702703733701965,-0.19459461521457988,1763.0
1784,2570.HK,Hang Seng Composite Index,Inclusion,2025,-0.07723577235772361,0.004878036374968309,-0.15772358964129196,-0.48495936199901546,-0.1260162601626016,0.08211380873269192,-0.3272357723577235,0.03170732947869037,1764.0
130,0911.HK,Hang Seng Composite LargeCap & MidCap Index,Exclusion,2017,0.07317069955886746,-0.016260146842582146,0.07317069955886746,-0.2601625820848018,-0.25203254743075876,-0.0894308464014496,-0.33333328164366927,-0.3252032469896262,1765.0
1804,1119.HK,Hang Seng Composite Index,Removal,2025,0.34883725658201636,0.015503861641813277,-0.10077519308209071,-0.43410849561198905,-0.43410849561198905,-0.3333333949402031,-0.33333330252989835,-0.33333330252989835,1766.0
1810,1799.HK,Hang Seng Composite Index,Removal,2025,0.05434783805858867,0.013586943317733136,-0.10597828745363069,-0.4415760789460914,-0.40896741498353195,-0.040760894740855536,-0.3355977914924607,-0.30298912752990126,1767.0
1807,1468.HK,Hang Seng Composite Index,Removal,2025,0.9733333587646484,0.08000000317891431,-0.343999981880188,-0.6800000071525574,-0.3813333511352539,-0.8933333555857341,-0.3360000252723694,-0.03733336925506592,1768.0
872,2099.HK,Hang Seng Composite Index,Removal,2020,-0.055641370687986136,-0.021638310823105744,-0.029366242124356012,-0.3678515787916681,-0.4930448102390723,0.03400305986488039,-0.33848533666731206,-0.4636785681147163,1769.0
1773,2232.HK,Hang Seng Composite Index,Inclusion,2025,-0.050000000000000044,0.0,0.1279999732971191,-0.21399998664855957,-0.002000045776367143,0.050000000000000044,-0.34199995994567867,-0.13000001907348624,1770.0
867,1086.HK,Hang Seng Composite Index,Removal,2020,0.021582713452168223,0.021582713452168223,-0.10071941520553096,-0.44604317348853983,-0.510791356726084,0.0,-0.3453237582830089,-0.41007194152055304,1771.0
1824,3383.HK,Hang Seng Composite Index,Removal,2025,-0.015151590409901994,0.060606000399351156,-0.015151590409901994,-0.37121215884131464,-0.38636365894115243,0.07575759080925315,-0.35606056843141265,-0.37121206853125044,1772.0
1785,2577.HK,Hang Seng Composite Index,Inclusion,2025,-0.15854739844069776,0.007085876098769539,-0.07883083618771125,-0.43489815434204104,-0.38706823726321926,0.1656332745394673,-0.3560673181543298,-0.308237401075508,1773.0
1846,0325.HK,Hang Seng Composite Index,Inclusion,2025,-0.17974679681319228,0.05443041837668128,0.2234177408339102,-0.1392405063291139,-0.3481012658227848,0.23417721518987356,-0.3626582471630241,-0.571519006656695,1774.0
1811,1942.HK,Hang Seng Composite Index,Removal,2025,0.24691356480294235,0.04938274239498086,-0.2716049727934232,-0.6481481535989615,-0.4629629616002596,-0.1975308224079615,-0.3765431808055383,-0.1913579888068364,1775.0
319,0582.HK,Hang Seng Composite LargeCap & MidCap Index,Inclusion,2018,0.029411803263931224,0.014705956255868013,-0.0147058470080631,-0.42058820766084937,-0.6470588251359971,-0.014705847008063211,-0.40588236065278627,-0.632352978127934,1776.0
1781,2522.HK,Hang Seng Composite Index,Inclusion,2025,-0.21071424938383554,0.10952377319335938,-0.18571426754906062,-0.6104761759440105,-0.6071428571428572,0.3202380225771949,-0.42476190839494987,-0.4214285895937966,1777.0
1795,9660.HK,Hang Seng Composite Index,Inclusion,2025,-0.3406113468921669,0.018558960603255237,-0.0491266175503563,-0.4956331918646999,-0.22161569506408985,0.3591703074954221,-0.4465065743143436,-0.17248907751373355,1778.0
1839,9660.HK,Hang Seng TECH Index,Inclusion,2025,-0.3406113468921669,0.018558960603255237,-0.0491266175503563,-0.4956331918646999,-0.22161569506408985,0.3591703074954221,-0.4465065743143436,-0.17248907751373355,1778.0
1485,9890.HK,Hang Seng Composite Index,Inclusion,2024,1.406779661016949,0.8305084745762712,0.15084748348947308,-0.3525423599501788,-0.1254237546759137,-0.5762711864406778,-0.5033898434396519,-0.2762712381653868,1780.0
1783,2563.HK,Hang Seng Composite Index,Inclusion,2025,0.0038860376455533974,0.023316102340374956,-0.19041448576971498,-0.7143782404621911,-0.7143782404621911,0.01943006469482156,-0.5239637546924761,-0.5239637546924761,1781.0
1315,9939.HK,Hang Seng Composite Index,Inclusion,2021,-0.09551278138772035,0.03846153846153855,0.012820512820512775,-0.5224358974358974,-0.28205128205128205,0.1339743198492589,-0.5352564102564101,-0.2948717948717948,1782.0
1454,9885.HK,Hang Seng Hong Kong-Listed Biotech Index,Inclusion,2023,-0.026289203221046997,0.008088970771377824,0.013650077909113989,-0.6006066824506671,-0.542972717490531,0.03437817399242482,-0.614256760359781,-0.556622795399645,1783.0
1793,6086.HK,Hang Seng Composite Index,Inclusion,2025,-0.2511312475915408,0.04072394236009802,0.40723974724610357,-0.36425341758463214,-0.11312216999309122,0.29185518995163884,-0.7714931648307357,-0.5203619172391948,1784.0
1523,2498.HK,Hang Seng Composite Index,Inclusion,2024,-0.5015634772329125,-0.0969355884405746,0.1357099001584663,-0.8016260129822813,-0.8606629047086201,0.4046278887923379,-0.9373359131407476,-0.9963728048670863,1785.0
1876,2423.HK,Hang Seng HKEX Stock Connect China Enterprises Index,Inclusion,2026,0.1067157184567391,-0.019319230943687482,-0.017479262408798824,,,-0.1260349494004266,,,
1877,300308.SZ,Hang Seng HKEX Stock Connect China Enterprises Index,Inclusion,2026,0.12533914637606824,0.0211190510077941,-0.03572998264322469,,,-0.10422009536827415,,,
1878,601211.SS,Hang Seng HKEX Stock Connect China Enterprises Index,Inclusion,2026,0.07258939431448885,-0.005958759938154756,-0.023835246399285137,,,-0.07854815425264361,,,
1879,9660.HK,Hang Seng HKEX Stock Connect China Enterprises Index,Inclusion,2026,0.05338546007988132,-0.016927036524671646,-0.04817706950901357,,,-0.07031249660455297,,,
1880,000568.SZ,Hang Seng HKEX Stock Connect China Enterprises Index,Removal,2026,0.17220229686665722,-0.01934330049843025,-0.009152681543481589,,,-0.19154559736508747,,,
1881,0291.HK,Hang Seng HKEX Stock Connect China Enterprises Index,Removal,2026,0.005970143730110733,-0.039552220004415384,-0.021641788814083185,,,-0.04552236373452612,,,
1882,2319.HK,Hang Seng HKEX Stock Connect China Enterprises Index,Removal,2026,0.040222749051223916,-0.0649752599411696,0.021039613601378848,,,-0.10519800899239351,,,
1883,600406.SS,Hang Seng HKEX Stock Connect China Enterprises Index,Removal,2026,-0.16294566319070758,-0.01666111283527405,0.05031656838937981,,,0.14628455035543353,,,
