event_date,ticker_yf,y_inclusion_binary,index,neg_subtype,feature_anchor_date,feature_boundary_calendar,calendar_days_before,close_at_event_anchor,ret_5d_pre,ret_20d_pre,ret_60d_pre,dist_from_60d_high,dist_from_252d_high,volume_at_event_anchor,dollar_volume_at_event_anchor,avg_volume_20d_pre,avg_volume_60d_pre,avg_dollar_volume_20d_pre,avg_dollar_volume_60d_pre,realized_vol_20d_pre,realized_vol_60d_pre,shares_source,market_cap_available,market_cap_is_approx,turnover_available,market_cap_approx,share_turnover_at_event_anchor,year,month,prior_inclusion_count_ticker
2018-09-10,000001.SZ,0,Hang Seng (China A) Corporate Sustainability Benchmark Index,Exclusion,2018-05-11,2018-05-13,120,11.010000228881836,0.03089886837794653,-0.06931527473478905,-0.24329896326099199,-0.21357141222272602,-0.2708609304147448,77236966.0,850379013.3381386,114072440.05,123698454.7,1278277951.1912856,1446332272.8562372,0.020647449905062284,0.02337131596694929,yfinance_info_static_sharesOutstanding,1,1,1,213659163801.64218,0.003980072739251273,2018,9,0.0
2019-09-09,000001.SZ,1,Hang Seng (China A) Corporate Sustainability Benchmark Index,,2019-05-10,2019-05-12,120,12.680000305175781,-0.08049308627612861,-0.08513704045677839,0.14234233057718604,-0.1391717108464562,-0.1391717108464562,119239908.0,1511962069.829132,124058461.25,127530880.3,1701089599.8813167,1635441607.5796165,0.03023939770067984,0.02593147964280279,yfinance_info_static_sharesOutstanding,1,1,1,246067048672.85626,0.006144512554540657,2019,9,0.0
2018-09-10,000002.SZ,1,Hang Seng (China A) Corporate Sustainability Index,,2018-05-11,2018-05-13,120,27.940000534057617,0.0382757596613128,-0.14320760468834592,-0.2446607389498311,-0.21998881149921434,-0.32069049821354756,31830373.0,889340638.6192532,40813179.8,44220710.4,1184233110.064897,1397698518.6914248,0.02320588883293368,0.026530746980457303,yfinance_info_static_sharesOutstanding,1,1,1,271694056325.30124,0.0032733165040402623,2018,9,0.0
2020-03-09,000008.SZ,0,Hang Seng Stock Connect Greater Bay Area Composite Index,Removal,2019-11-08,2019-11-10,120,3.430000066757202,-0.014367802310988553,-0.022792001117782346,-0.02832858511134717,-0.1488834024352771,-0.3098591123632751,11321737.0,38833558.665807486,21591897.9,25743859.283333335,76213047.60380799,93477856.9151498,0.011118432964117169,0.020378500245448,yfinance_info_static_sharesOutstanding,1,1,1,9317175634.027775,0.004167953915560129,2020,3,0.0
2017-09-04,000009.SZ,0,Hang Seng China A Industry Top Index,Exclusion,2017-05-05,2017-05-07,120,6.883333206176758,-0.01666668483189171,-0.11468384286219557,-0.14581181155711243,-0.17234460343350322,-0.32295078983937187,23797494.0,163806080.67399216,31763647.25,29785663.0,241121761.85566765,235612483.21750018,0.018063595691136212,0.013292498876763174,yfinance_info_static_sharesOutstanding,1,1,1,17753589131.119316,0.00922664591729597,2017,9,0.0
2019-09-09,000021.SZ,1,Hang Seng (China A) Corporate Sustainability Benchmark Index,,2019-05-10,2019-05-12,120,8.119999885559082,-0.04806563426108068,-0.1515151364162891,0.39279588195900095,-0.2529898830682975,-0.2529898830682975,34965224.0,283917614.87854767,27988994.1,40921795.916666664,245437466.1047244,365801738.0726782,0.03756357545101239,0.041479199455618086,yfinance_info_static_sharesOutstanding,1,1,1,12762045626.295439,0.02224703023264172,2019,9,0.0
2021-09-06,000025.SZ,0,Hang Seng Stock Connect Greater Bay Area Composite Index,Removal,2021-05-07,2021-05-09,120,14.4399995803833,-0.01163587134078059,-0.04497356549752629,-0.055591915211928744,-0.13996433633132022,-0.4385692081692367,1414052.0,20418910.286640167,2130833.1,3044247.1333333333,31714191.791380692,46463573.48319586,0.012113648768666064,0.020971710126895523,,0,0,0,,,2021,9,0.0
2019-09-09,000035.SZ,1,Hang Seng (China A) Corporate Sustainability Benchmark Index,,2019-05-10,2019-05-12,120,4.570000171661377,-0.11605413844842172,-0.1473880489131716,-0.04393306044549161,-0.20244325367378901,-0.3199404294131617,8911442.0,40725291.469750404,12542619.7,11093776.933333334,65216946.548633456,59246556.11224119,0.028267730214091825,0.025913628273343457,yfinance_info_static_sharesOutstanding,1,1,1,10913310164.262993,0.003731708423637632,2019,9,0.0
2020-03-09,000036.SZ,0,Hang Seng Stock Connect Greater Bay Area Composite Index,Removal,2019-11-08,2019-11-10,120,3.9600000381469727,-0.022222258851686716,-0.07042257620103631,-0.10204077660664934,-0.17500002483526766,-0.36444443083921396,3216620.0,12737815.322704315,4743850.65,7977053.366666666,19599592.78518673,35158728.29302661,0.010761724653790107,0.013680940336912743,yfinance_info_static_sharesOutstanding,1,1,1,5559122204.5514345,0.0022913357278376524,2020,3,0.0
2017-09-04,000039.SZ,0,Hang Seng China A Top 100 Index,Exclusion,2017-05-05,2017-05-07,120,8.444443702697754,-0.044025206800684225,-0.09523814389494978,-0.044025206800684225,-0.14558747271413908,-0.14558747271413908,24784209.0,209288857.616395,26812876.45,22839263.166666668,251771285.06358925,212098633.9746805,0.02039113881594425,0.01789612562579286,yfinance_info_static_sharesOutstanding,1,1,1,19444872651.99288,0.010763189935057003,2017,9,0.0
2019-09-09,000039.SZ,1,Hang Seng (China A) Corporate Sustainability Benchmark Index,,2019-05-10,2019-05-12,120,7.077776908874512,-0.10407888310977009,-0.20125397834677283,0.14362658129003236,-0.20125397834677283,-0.24076286810779024,20134638.0,142508475.90494728,22892794.2,31998138.983333334,186721042.25143185,247253852.78974903,0.027350505254122272,0.02651992482365113,yfinance_info_static_sharesOutstanding,1,1,1,16297872956.191664,0.008743992316543823,2019,9,0.0
2019-09-09,000050.SZ,1,Hang Seng (China A) Corporate Sustainability Benchmark Index,,2019-05-10,2019-05-12,120,13.75,-0.09360580548137043,-0.13249213444340624,0.4897075495053085,-0.29882715083946676,-0.29882715083946676,46023137.0,632818133.75,57093221.8,94193091.61666666,893733855.8708239,1538619053.0711942,0.057690711263211646,0.05555057345960433,yfinance_info_static_sharesOutstanding,1,1,1,33794030338.75,0.018725737279828906,2019,9,0.0
2024-09-09,000060.SZ,1,Hang Seng Stock Connect Greater Bay Area Composite Index,,2024-05-10,2024-05-12,120,4.909999847412109,0.03805493184202602,-0.012072423604111981,0.24936380763564303,-0.025793673695410413,-0.19508197964343055,88082426.0,432484698.2196884,84426568.4,69318431.91666667,407450966.6631486,322465972.1474245,0.027551280088803653,0.025176105672540045,,0,0,0,,,2024,9,0.0
2017-09-04,000063.SZ,0,Hang Seng China A Industry Top Index,Exclusion,2017-05-05,2017-05-07,120,17.600000381469727,-0.015109146339315704,0.017929407144448906,0.17883456274065423,-0.017857125751218117,-0.017857125751218117,32366194.0,569645026.7467232,31734611.25,44294233.88333333,553306007.4981955,746483747.3026756,0.010403426722377648,0.01670587694682116,yfinance_info_static_sharesOutstanding,1,1,1,70893370949.3724,0.008035236851038272,2017,9,0.0
2018-09-10,000063.SZ,1,Hang Seng (China A) Corporate Sustainability Benchmark Index,,2018-05-11,2018-05-13,120,31.309999465942383,0.0,-0.01042983344095827,0.06933055777634434,-0.07884678082326302,-0.22017438914015108,0.0,0.0,4981231.85,44347046.8,155621601.03670883,1382352529.6266847,0.0032686868402252837,0.020152641882815226,yfinance_info_static_sharesOutstanding,1,1,1,126117690821.22864,0.0,2018,9,0.0
2019-09-09,000063.SZ,1,Hang Seng (China A) Corporate Sustainability Benchmark Index,,2019-05-10,2019-05-12,120,30.8799991607666,-0.09628326556858757,0.03002000107646219,0.5355543621849128,-0.1599564589022907,-0.1599564589022907,184694804.0,5703375392.517952,150478910.8,149897819.53333333,4909247526.815819,4447034917.873412,0.055075978204531514,0.04357842013143786,yfinance_info_static_sharesOutstanding,1,1,1,124385635680.18073,0.04585236358949374,2019,9,1.0
2021-09-06,000063.SZ,1,Hang Seng China A Industry Top Index,,2021-05-07,2021-05-09,120,28.139999389648438,-0.033985574996223566,-0.04285715119831779,-0.12933169383182808,-0.14597879398840774,-0.40267461207663013,28147320.0,792065567.6202393,34958450.65,45211354.95,1006518702.5296342,1373583045.8916085,0.01558328945631339,0.020101752355567715,yfinance_info_static_sharesOutstanding,1,1,1,113348827954.90416,0.0069878584711556314,2021,9,2.0
2019-09-09,000066.SZ,1,Hang Seng (China A) Corporate Sustainability Benchmark Index,,2019-05-10,2019-05-12,120,9.329999923706055,0.015233987999476506,-0.12394363775633466,0.7406715841980085,-0.1801406124885243,-0.1801406124885243,135471345.0,1263947638.5143566,85724334.4,118046361.83333333,814814060.3264488,1079138411.5367515,0.04827274309610959,0.045131291895072735,yfinance_info_static_sharesOutstanding,1,1,1,30096705244.93106,0.041996212815594916,2019,9,0.0
2017-09-04,000069.SZ,0,Hang Seng China A Industry Top Index,Exclusion,2017-05-05,2017-05-07,120,7.880000114440918,-0.022332542903805597,0.05913979218231891,0.12571430206298828,-0.05854238683605839,-0.05854238683605839,20326215.0,160170576.5261507,52574063.2,33313016.45,423854306.14414126,257908400.86750153,0.02083590718205548,0.014464563150818345,yfinance_info_static_sharesOutstanding,1,1,1,63337534377.48841,0.0025288413592411477,2017,9,0.0
2021-09-06,000070.SZ,0,Hang Seng Stock Connect Greater Bay Area Composite Index,Removal,2021-05-07,2021-05-09,120,7.630000114440918,0.1010101447968017,0.09626437825025147,0.03387533822808608,-0.010376124942962028,-0.4603960446122629,36622176.0,279427207.07107544,10132007.8,8499841.7,73078295.66906826,61407461.5267239,0.020158810718387033,0.01937414788855794,,0,0,0,,,2021,9,0.0
2024-03-04,000078.SZ,0,Hang Seng Stock Connect Greater Bay Area Composite Index,Removal,2023-11-03,2023-11-05,120,3.059999942779541,0.016611279891927566,0.00327868544904808,-0.05846155606783354,-0.06707318003939289,-0.19685039665718373,12135011.0,37133132.9656291,13755715.8,14187350.133333333,41584457.57103963,43861378.685027525,0.013774451408697722,0.011516722747311489,,0,0,0,,,2024,3,0.0
2019-09-09,000100.SZ,1,Hang Seng (China A) Corporate Sustainability Benchmark Index,,2019-05-10,2019-05-12,120,3.2272720336914062,-0.01388902244745538,-0.1299019332134349,0.2909088134765625,-0.20045052095915983,-0.20045052095915983,191830582.0,619089472.4953461,210043714.8,373922460.18333334,720999880.46868,1281431914.1760123,0.025454223460322993,0.03825969209137825,yfinance_info_static_sharesOutstanding,1,1,1,67130041651.86489,0.009222241745445834,2019,9,0.0
2016-09-05,000157.SZ,0,Hang Seng China A Top 100 Index,Exclusion,2016-05-06,2016-05-08,120,4.260000228881836,-0.016166211560647348,-0.06578941176802755,0.004717089349841386,-0.11249998758236612,-0.5895953581970375,33468449.0,142575600.40032005,45088091.25,47660145.81666667,204682205.1281872,214149825.7947591,0.016584717378647078,0.020691869896073786,yfinance_info_static_sharesOutstanding,1,1,1,30229079575.031845,0.004716504849128204,2016,9,0.0
2018-03-05,000166.SZ,0,Hang Seng China 50 Index,Exclusion,2017-11-03,2017-11-05,120,5.590000152587891,-0.03287198102485167,-0.04116634206842307,-0.06365153282384972,-0.08510637799731369,-0.21045194734101325,17586791.0,98310164.37353134,24223296.3,34701111.583333336,140046555.03340977,205215037.0946644,0.009228546488497908,0.01093726689295665,yfinance_info_static_sharesOutstanding,1,1,1,125975933529.11224,0.0007803884569016707,2018,3,0.0
2021-09-06,0002.HK,1,Hang Seng Stock Connect Greater Bay Area Composite Index,,2021-05-07,2021-05-09,120,79.69999694824219,0.03979119845592605,0.06622069495976168,0.10617617727217765,0.0,-0.02088457672935362,3449010.0,274886086.4744568,2565250.2,3579013.5833333335,197226430.8164173,268553332.8121082,0.0061240479098428734,0.008615842268873448,,0,0,0,,,2021,9,0.0
2017-03-06,000333.SZ,1,Hang Seng China 50 Index,,2016-11-04,2016-11-06,120,26.989999771118164,0.008594900607963751,-0.0007404834355493328,-0.03641558191463068,-0.05065073931059583,-0.057940658621805086,20128149.0,543258736.9030323,22410701.3,26429905.083333332,601486078.7050664,717758898.5531632,0.009735290684154737,0.012301664904912364,yfinance_info_static_sharesOutstanding,1,1,1,187673854146.46957,0.002894695904092466,2017,3,0.0
2024-03-04,000333.SZ,1,Hang Seng Stock Connect China Enterprises Index,,2023-11-03,2023-11-05,120,52.79999923706055,-0.017491671232732764,-0.04830570164542858,-0.08934115809025389,-0.09309518842323927,-0.1161701079079106,17740644.0,936705989.6649628,19511589.1,18760608.133333333,1053215777.8654258,1040769553.1699786,0.01332287532656683,0.012181650295341904,yfinance_info_static_sharesOutstanding,1,1,1,367142624667.7319,0.002551340886971901,2024,3,1.0
2019-09-09,000338.SZ,1,Hang Seng China A Industry Top Index,,2019-05-10,2019-05-12,120,12.149999618530273,0.0033030522697803377,-0.08371045182441639,0.3728812536517103,-0.1626464902222423,-0.1626464902222423,113953727.0,1384537739.580103,119062131.1,98206917.26666667,1552105980.6021194,1144866856.8382561,0.04495116223887143,0.03656753073857544,yfinance_info_static_sharesOutstanding,1,1,1,82247686134.0952,0.01683375915673514,2019,9,0.0
2020-09-07,000338.SZ,0,Hang Seng China A Industry Top Index,Removal,2020-05-08,2020-05-10,120,14.359999656677246,0.11750966773394067,0.09451217850108429,0.02718169720198227,-0.06143794263655289,-0.12545678502101743,43836498.0,629492096.2299328,44401773.7,66842321.18333333,599525689.5815964,921958650.1926252,0.01874790820117175,0.027285019183385918,yfinance_info_static_sharesOutstanding,1,1,1,97207965574.48569,0.006475725446054973,2020,9,1.0
2018-03-05,0004.HK,0,Hang Seng Index,Exclusion,2017-11-03,2017-11-05,120,23.55137062072754,0.05579103176658684,0.04472403701025374,-0.06151910962243623,-0.0247879506111216,-0.06151910962243623,23246411.0,547484841.0627575,8674974.4,13226618.766666668,197484431.91295204,301344206.8048303,0.013334354545765106,0.017362541439992277,yfinance_info_static_sharesOutstanding,1,1,1,71973632205.2483,0.007606741862095921,2018,3,0.0
2019-09-09,000513.SZ,1,Hang Seng (China A) Corporate Sustainability Benchmark Index,,2019-05-10,2019-05-12,120,25.700000762939453,0.006931988346248419,-0.06414562548119485,0.22966513071863504,-0.10811527473662197,-0.41211422701509726,6227076.0,160035857.95088196,7174383.8,9527735.283333333,189221321.72699374,246571265.6063934,0.02330956603340193,0.025139931082175628,yfinance_info_static_sharesOutstanding,1,1,1,15114171836.484734,0.010588463574601203,2019,9,0.0
2019-09-09,000528.SZ,1,Hang Seng (China A) Corporate Sustainability Benchmark Index,,2019-05-10,2019-05-12,120,6.940000057220459,-0.08684208627552847,-0.14637146869244444,0.11935488237426761,-0.20685713631766178,-0.28736169046789917,28881286.0,200436126.49260044,48515036.05,48507420.083333336,388712204.4510188,371811645.945881,0.03805431550868472,0.03111673211052299,yfinance_info_static_sharesOutstanding,1,1,1,14135126973.844444,0.014180001839635843,2019,9,0.0
2019-09-09,000538.SZ,1,Hang Seng China A Industry Top Index,,2019-05-10,2019-05-12,120,57.150001525878906,-0.07191738455115837,-0.057152913990478504,0.02933235788058619,-0.14964397106360272,-0.32452507194335756,9650988.0,551553978.926239,10512299.15,8989538.416666666,665311535.2661005,556187053.9449744,0.02896286446870419,0.022956113355363114,yfinance_info_static_sharesOutstanding,1,1,1,101970610484.01868,0.005408950444723298,2019,9,0.0
2021-09-06,000539.SZ,1,Hang Seng Stock Connect Greater Bay Area Composite Index,,2021-05-07,2021-05-09,120,3.740000009536743,0.0026809625769763645,-0.1302325945019126,0.05352114359790017,-0.1633109205635127,-0.1633109205635127,6500400.0,24311496.061992645,12721571.05,16012313.5,50866016.569954,64582770.25917823,0.01728099476005559,0.020688810789726845,,0,0,0,,,2021,9,0.0
2019-09-09,000546.SZ,1,Hang Seng (China A) Corporate Sustainability Benchmark Index,,2019-05-10,2019-05-12,120,10.010000228881836,-0.014763742203055319,-0.03657363829493321,0.2074789233948735,-0.08417200828972438,-0.3139136309668702,2400268.0,24026683.229377747,6467626.6,6086715.916666667,67324082.27779746,62254338.477626085,0.02964128840966716,0.025256037387996116,yfinance_info_static_sharesOutstanding,1,1,1,7784259280.609562,0.0030865728341330748,2019,9,0.0
2020-03-09,000555.SZ,1,Hang Seng Stock Connect Greater Bay Area Composite Index,,2019-11-08,2019-11-10,120,13.100000381469727,-0.017254279336288425,0.08443712452034058,0.3299492258004426,-0.14379083541432758,-0.14379083541432758,27526662.0,360599282.7005882,41704635.1,26104481.95,563904745.1195099,332628608.00524217,0.05166250465594544,0.038356759292256376,yfinance_info_static_sharesOutstanding,1,1,1,12782645496.928408,0.02821006674926861,2020,3,0.0
2024-09-09,000568.SZ,1,Hang Seng China A Industry Top Index,,2024-05-10,2024-05-12,120,186.94000244140625,0.004513682484370118,0.0491048873680624,0.2723066205680138,-0.03450053116537999,-0.2368861431609145,8328942.0,1557012437.814331,7857191.4,8803279.433333334,1441737455.9471543,1547018954.2534688,0.023723763795216072,0.02528309259362535,,0,0,0,,,2024,9,0.0
2026-03-09,000568.SZ,0,Hang Seng HKEX Stock Connect China Enterprises Index,Removal,2025-11-07,2025-11-09,120,131.64999389648438,-0.021480597100240195,0.021572118294634013,0.02531152768293854,-0.06518503028625267,-0.14451884840711782,5388745.0,709428246.3597107,9287771.1,10744776.516666668,1233615041.8102088,1429018168.6625226,0.019148907341475084,0.020286134632241312,,0,0,0,,,2026,3,1.0
2019-09-09,000625.SZ,0,Hang Seng China A Top 100 Index,Exclusion,2019-05-10,2019-05-12,120,4.395604133605957,-0.08045968985458729,-0.15074314868777805,0.06382978723404253,-0.224806168956053,-0.24882627195125084,39767318.0,174801387.38322258,95013361.4,88190115.81666666,497308349.40866077,428247901.4290381,0.04448150103619629,0.037702399723048015,yfinance_info_static_sharesOutstanding,1,1,1,36357401503.25954,0.004807862502702542,2019,9,0.0
2021-09-06,000725.SZ,0,Hang Seng China A Industry Top Index,Removal,2021-05-07,2021-05-09,120,6.610000133514404,-0.10312072779456016,0.036050159082738675,0.060995202773278745,-0.10312072779456016,-0.10312072779456016,1429112911.0,9446436532.517159,1111328206.6,981150857.0333333,7684439352.832477,6343140417.570978,0.027866053570561437,0.02680438087614456,,0,0,0,,,2021,9,0.0
2024-09-09,000776.SZ,0,Hang Seng (China A) Corporate Sustainability Index,Removal,2024-05-10,2024-05-12,120,13.210000038146973,0.0,0.0022761557114236997,-0.026529083623675787,-0.07102673768745782,-0.21322219667478381,29661884.0,391833488.7715111,29483707.25,31506654.683333334,386982674.49759,429497413.77988756,0.012998035670619032,0.012329579679156698,,0,0,0,,,2024,9,0.0
2020-09-07,0008.HK,1,Hang Seng Corporate Sustainability Index,,2020-05-08,2020-05-10,120,4.573250770568848,0.002105289994319026,0.057777855226474495,0.004219463182257188,-0.012448187468819816,-0.012448187468819816,5875697.0,26871035.832879066,8918176.6,12864843.666666666,39882154.97043874,55195256.18837051,0.009414290252715932,0.015184350537252905,,0,0,0,,,2020,9,0.0
2021-09-06,0008.HK,0,Hang Seng Corporate Sustainability Index,Removal,2021-05-07,2021-05-09,120,4.599999904632568,0.02222220102945971,0.026785688626827175,0.04072394236009802,-0.008620681681899223,-0.08548713464013258,18906356.0,86969235.79694939,14174872.8,15771541.833333334,64470864.57232652,70795350.67710844,0.007869070344178808,0.011746213199380488,,0,0,0,,,2021,9,1.0
2024-09-09,0008.HK,1,Hang Seng (China A) Corporate Sustainability Benchmark Index,,2024-05-10,2024-05-12,120,4.119999885559082,0.048346009052019134,0.04568523495545507,-0.002421362858288867,-0.014354053886023399,-0.03286392859173648,13444554.0,55391560.9413929,5120947.75,7133922.45,20260701.17615317,28266405.292803857,0.008402137245479717,0.009658057760552735,,0,0,0,,,2024,9,1.0
2017-09-04,000825.SZ,0,Hang Seng Corporate Sustainability Benchmark Index,Exclusion,2017-05-05,2017-05-07,120,4.210000038146973,-0.020930267115292778,-0.16468252579130838,-0.18882466440632995,-0.24416518700191603,-0.24416518700191603,31008973.0,130547777.51289845,39160086.95,66528398.88333333,184148738.25188026,336362018.44561046,0.017092096084303846,0.018965216037591163,yfinance_info_static_sharesOutstanding,1,1,1,23981203438.45461,0.005443754223925268,2017,9,0.0
2019-09-09,000825.SZ,1,Hang Seng (China A) Corporate Sustainability Benchmark Index,,2019-05-10,2019-05-12,120,4.28000020980835,-0.07758613513709323,-0.20740738255169866,-0.036036001204980406,-0.24381619696239554,-0.2866666316986084,30205980.0,129281600.73746681,55128622.6,60806924.983333334,281210481.5785339,311556616.1164681,0.028609031717043893,0.024921289858494445,yfinance_info_static_sharesOutstanding,1,1,1,24379941762.00035,0.00530278546189847,2019,9,0.0
2020-09-07,000825.SZ,0,Hang Seng (China A) Corporate Sustainability Index,Removal,2020-05-08,2020-05-10,120,3.700000047683716,0.15264797623479276,0.11111115088731816,0.06628242569946141,-0.023746679439360263,-0.27021697782876586,84484048.0,312590981.62851334,16466163.5,22560344.716666665,56316234.305361256,79136374.13938878,0.02325128320426599,0.019576327407742046,yfinance_info_static_sharesOutstanding,1,1,1,21076117116.81826,0.014831526124851188,2020,9,1.0
2016-09-05,000839.SZ,0,Hang Seng China A Industry Top Index,Exclusion,2016-05-06,2016-05-08,120,7.688000202178955,-0.09425067410550614,-0.10396267243109814,0.29689612631744566,-0.1307100495751059,-0.3272663721247384,418529440.0,3217654419.337845,256918895.2,217137608.81666666,2125092606.8412647,1556876962.40505,0.04504531257935917,0.04651979615441445,yfinance_info_static_sharesOutstanding,1,1,1,30135625786.682396,0.1067724440870844,2016,9,0.0
2017-09-04,000858.SZ,1,Hang Seng China 50 Index,,2017-05-05,2017-05-07,120,44.15999984741211,-0.04000000331712805,0.028172271547821204,0.21152260420010194,-0.05236048726619624,-0.05236048726619624,20494350.0,905030492.8728104,24415499.05,23736612.683333334,1077630414.8959763,1000475076.8295147,0.021321236683551067,0.018434361466311947,yfinance_info_static_sharesOutstanding,1,1,1,171411808908.5136,0.005279860813766021,2017,9,0.0
2018-09-10,000858.SZ,1,Hang Seng China A Industry Top Index,,2018-05-11,2018-05-13,120,77.05999755859375,0.057064416263943096,0.09600341678827107,-0.010402018228050425,-0.0379525714536626,-0.16010901843494552,22238963.0,1713734434.4856567,26380447.75,31550554.683333334,1892114989.6231313,2282084954.683937,0.027039732510132926,0.026597513061646004,yfinance_info_static_sharesOutstanding,1,1,1,299116703388.71796,0.005729317069460238,2018,9,1.0
2018-09-10,000876.SZ,0,Hang Seng China A Top 100 Index,Exclusion,2018-05-11,2018-05-13,120,7.110000133514404,0.002820871720180973,-0.01386961221962335,-0.15256259325746602,-0.12760730474775372,-0.16155654276847176,13934661.0,99075441.57047796,12763294.7,19012938.316666666,91199153.59036899,142003230.14982137,0.005808219743848473,0.011431379537503818,yfinance_info_static_sharesOutstanding,1,1,1,32014732536.255352,0.003094682782630751,2018,9,0.0
2024-03-04,000893.SZ,0,Hang Seng Stock Connect Greater Bay Area Composite Index,Removal,2023-11-03,2023-11-05,120,28.700000762939453,0.07651916456126195,0.02171593474681277,0.07854190547349549,-0.04714475553547448,-0.04714475553547448,5858690.0,168144407.46982574,5691765.05,7534097.616666666,157625956.82455978,211856423.77397597,0.01904430639370825,0.01828208534033202,,0,0,0,,,2024,3,0.0
2024-09-09,000893.SZ,1,Hang Seng Stock Connect Greater Bay Area Composite Index,,2024-05-10,2024-05-12,120,19.809999465942383,0.11292136601314606,-0.04067797424238773,-0.03365856263695699,-0.174583355585734,-0.3422975128161856,27002400.0,534917529.5791626,25506173.0,18740155.883333333,485677322.6785706,376796661.65526944,0.03415210117278745,0.03353543979086675,,0,0,0,,,2024,9,0.0
2018-09-10,000898.SZ,1,Hang Seng (China A) Corporate Sustainability Benchmark Index,,2018-05-11,2018-05-13,120,4.838460922241211,0.0,0.009630856950451516,-0.20979897159267946,-0.16245018813733558,-0.22057009139473638,32399871.0,156765509.71915627,29099738.5,51937079.13333333,140309482.14235896,267118697.06546488,0.01712025960745882,0.02549269570044091,yfinance_info_static_sharesOutstanding,1,1,1,38502929798.48428,0.004071521583932232,2018,9,0.0
2020-03-09,000967.SZ,1,Hang Seng Stock Connect Greater Bay Area Composite Index,,2019-11-08,2019-11-10,120,6.269999980926514,0.0064205396036221,-0.015698572437853553,-0.0031796472254066455,-0.11565587503719199,-0.22783250378151843,3424960.0,21474499.134674072,5098473.1,6107819.233333333,32452598.137538385,40184106.275521725,0.00898154083757696,0.012549647764250634,yfinance_info_static_sharesOutstanding,1,1,1,19856741797.84533,0.0010814714394384826,2020,3,0.0
2019-09-09,000997.SZ,1,Hang Seng (China A) Corporate Sustainability Benchmark Index,,2019-05-10,2019-05-12,120,17.31999969482422,-0.11361315847938447,-0.08116714353754373,0.15466664632161464,-0.11361315847938447,-0.11361315847938447,12014014.0,208082718.8136139,15499381.4,15761481.216666667,282855408.3714935,283192260.1418918,0.04894009080654192,0.033347201949477066,yfinance_info_static_sharesOutstanding,1,1,1,17546855578.627052,0.011858689887837741,2019,9,0.0
2016-03-14,0010.HK,1,Hang Seng Composite LargeCap & MidCap Index,,2015-11-13,2015-11-15,120,26.299999237060547,-0.0436363913796165,-0.08680555785511757,-0.21257490911541288,-0.2090225793365249,-0.3655006332213282,326000.0,8573799.751281738,721167.95,1563445.2833333334,20180317.606964685,43967774.4643431,0.015161126385436307,0.018132295448137437,yfinance_info_static_sharesOutstanding,1,1,1,35810558725.76772,0.00023942099917900484,2016,3,0.0
2018-09-10,0010.HK,1,Hang Seng Corporate Sustainability Benchmark Index,,2018-05-11,2018-05-13,120,24.549999237060547,0.03368417840254945,-0.044747139756402654,-0.11531534280862898,-0.11849196047425792,-0.27687780013661,1487712.0,36523328.46496582,1149935.0,1164604.5,27924428.56291752,29653043.503494423,0.011796123163224906,0.013109089681323656,yfinance_info_static_sharesOutstanding,1,1,1,33427726802.267723,0.0010926058083760603,2018,9,1.0
2021-09-06,0010.HK,0,Hang Seng ESG 50 Index,Removal,2021-05-07,2021-05-09,120,19.600000381469727,-0.041564809279134196,-0.02729524801354133,-0.006085138745593244,-0.05314011308826272,-0.08624710096356225,416384.0,8161126.558837891,420224.65,664162.0,8437501.963991642,13102695.472874451,0.013367748374932825,0.013680240727481998,yfinance_info_static_sharesOutstanding,1,1,1,26687718062.61614,0.0003058008384115054,2021,9,2.0
2024-09-09,0010.HK,1,Hang Seng Composite Index,,2024-05-10,2024-05-12,120,9.0,-0.05857744717956315,-0.008810564358837869,-0.060542790013058734,-0.05857744717956315,-0.3313521564269607,3997210.0,35974890.0,1888896.5,2433591.8833333333,17345511.23203702,22316675.38318763,0.02424444330922827,0.01722165244619167,yfinance_info_static_sharesOutstanding,1,1,1,12254564178.0,0.0029356319390438953,2024,9,2.0
2024-03-04,001323.SZ,1,Hang Seng Stock Connect Greater Bay Area Composite Index,,2023-11-03,2023-11-05,120,30.418180465698242,-0.05560264679478222,-0.07029734023172773,-0.12155427387694973,-0.14642861768733606,-0.29364580559584597,1858615.0,56535686.48625374,1261551.35,1156650.55,39168967.712687016,37562461.21577374,0.020614699381582082,0.01924086730101694,,0,0,0,,,2024,3,0.0
2020-09-07,0014.HK,0,Hang Seng Corporate Sustainability Index,Removal,2020-05-08,2020-05-10,120,24.600000381469727,-0.04651158492543972,-0.052023134557966255,-0.17171718015016546,-0.17863105993940043,-0.4446952414191053,1368606.0,33667708.12208176,1659209.35,1870779.4666666666,42236768.87602568,48526077.54312102,0.017782523128021744,0.02559802408372511,,0,0,0,,,2020,9,0.0
2021-09-06,0014.HK,0,Hang Seng ESG 50 Index,Removal,2021-05-07,2021-05-09,120,28.850000381469727,-0.013675200633513573,-0.02368862516628789,0.02123895155645039,-0.1464496735894395,-0.1464496735894395,634948.0,18318250.04221344,1061331.9,1751931.0833333333,31647195.91675911,53932296.639949195,0.006568645671310713,0.016389465215926054,,0,0,0,,,2021,9,0.0
2024-09-09,0016.HK,1,Hang Seng (China A) Corporate Sustainability Benchmark Index,,2024-05-10,2024-05-12,120,77.0,0.03148022004134088,0.036339122979057725,0.06427092776708454,-0.04702973896329754,-0.30379745874936015,5122469.0,394430113.0,3931828.55,4451201.9,285604961.3462566,336195371.801501,0.014454256114108055,0.014168561185270807,,0,0,0,,,2024,9,0.0
2024-09-09,0017.HK,0,Hang Seng Corporate Sustainability Index,Removal,2024-05-10,2024-05-12,120,9.289999961853027,0.029933424654869256,0.0994083043252687,-0.03630709222040207,-0.07837301268178709,-0.5597156495782997,21481587.0,199563942.4105425,9571690.35,14305273.166666666,79530163.22427794,130122092.60024609,0.03161709898231881,0.030474196335265834,,0,0,0,,,2024,9,0.0
2024-12-09,0017.HK,0,Hang Seng Index,Removal,2024-08-09,2024-08-11,120,7.440000057220459,0.046413490507621,-0.06649934089376519,-0.18421050980480735,-0.2648221204194773,-0.596966390779591,6505909.0,48403963.3322711,5998893.45,6715819.633333334,44528334.18813195,54193119.01035546,0.022928666318148605,0.02441720862851648,,0,0,0,,,2024,12,0.0
2020-12-07,0019.HK,0,Hang Seng Index,Removal,2020-08-07,2020-08-09,120,38.95000076293945,0.01564543188243528,-0.07040574356822948,-0.20347649187032646,-0.209137040346407,-0.5433763262668865,2086360.0,81263723.59176636,2472651.2,3685092.533333333,98428187.77976379,158904600.04814848,0.015324936270558967,0.02584537884229862,,0,0,0,,,2020,12,0.0
2021-09-06,0019.HK,0,Hang Seng Corporate Sustainability Index,Removal,2021-05-07,2021-05-09,120,63.79999923706055,0.015115366523527074,0.027375214246549318,0.2993890268792434,-0.004680175416566734,-0.004680175416566734,2853359.0,182044302.02305984,2027215.25,2218730.25,126697006.42463723,129269055.59502335,0.010914548681977693,0.023455943127361618,,0,0,0,,,2021,9,0.0
2016-09-05,001979.SZ,1,Hang Seng China A Top 100 Index,,2016-05-06,2016-05-08,120,14.239999771118164,0.004231273952827852,-0.05820106621041676,-0.06745256422843315,-0.14113390611312138,-0.6483950673797985,41267030.0,587642497.7547264,35842837.65,55374407.6,528269565.20230454,846874078.4943852,0.017071866925809406,0.029086681485827395,yfinance_info_static_sharesOutstanding,1,1,1,128388296051.434,0.004577072177352593,2016,9,0.0
2019-09-09,001979.SZ,1,Hang Seng (China A) Corporate Sustainability Benchmark Index,,2019-05-10,2019-05-12,120,21.100000381469727,-0.01585821567717771,-0.11715478166324478,0.09496626259646868,-0.11752402692911446,-0.11752402692911446,17457032.0,368343381.8593292,23358364.6,33850036.78333333,521040918.693841,736033758.8854073,0.020036666232450893,0.021913553745212547,yfinance_info_static_sharesOutstanding,1,1,1,190238282247.44333,0.0019362211301941017,2019,9,1.0
2021-09-06,001979.SZ,1,Hang Seng (China A) Corporate Sustainability Index,,2021-05-07,2021-05-09,120,11.59000015258789,-0.006855177650646582,-0.05464927110813378,-0.024410770964598982,-0.14148147017867474,-0.41612091033472576,10526598.0,122003272.42623138,8764149.2,12475789.5,104564222.45823416,155374458.97602883,0.008595808220577811,0.01598930248757646,yfinance_info_static_sharesOutstanding,1,1,1,104495814237.62733,0.0011675421959849172,2021,9,2.0
2024-09-09,0020.HK,0,Hang Seng China Enterprises Index,Removal,2024-05-10,2024-05-12,120,1.4700000286102295,-0.08124999580904846,1.1617647252177696,0.709302330416818,-0.12499995565130462,-0.4346153528732649,1661540088.0,2442463976.897043,1240449735.0,604716612.3666667,1588796531.7642155,686571021.6196047,0.1285226800238236,0.08183282211277067,,0,0,0,,,2024,9,0.0
2020-03-09,002016.SZ,0,Hang Seng Stock Connect Greater Bay Area Composite Index,Removal,2019-11-08,2019-11-10,120,8.979999542236328,0.008988755857864295,0.03218387805859524,0.23521314522643033,-0.03440867117587121,-0.19461884758162729,7409842.0,66540377.76804352,6281554.15,5069603.7,56108960.17071261,43068167.30910345,0.026436514226031983,0.022048550756438183,yfinance_info_static_sharesOutstanding,1,1,1,7265678404.985413,0.009158178226328627,2020,3,0.0
2018-09-10,002024.SZ,0,Hang Seng (China A) Corporate Sustainability Benchmark Index,Exclusion,2018-05-11,2018-05-13,120,13.40999984741211,0.010550066678146175,-0.01830161074616432,0.06767511141702265,-0.057624716880022575,-0.08899459210955019,40119865.0,538007383.5281944,38452436.35,56971734.733333334,509703084.33913124,755977320.6812103,0.015708415956264092,0.022892875798962778,yfinance_info_static_sharesOutstanding,1,1,1,124240532343.68866,0.004330369271437888,2018,9,0.0
2021-09-06,002024.SZ,0,Hang Seng China A Industry Top Index,Removal,2021-05-07,2021-05-09,120,6.760000228881836,-0.01744184354113687,-0.030129062787825456,0.0226929035306509,-0.13554986183003392,-0.4561544599426107,23352779.0,157864791.38502693,20484099.3,27493064.6,142314923.65162724,197114227.19162616,0.017165563017149756,0.021713638122916476,yfinance_info_static_sharesOutstanding,1,1,1,62629831218.217026,0.002520600619774768,2021,9,0.0
2017-09-04,002027.SZ,1,Hang Seng China A Industry Top Index,,2017-05-05,2017-05-07,120,7.392857074737549,-0.031201193556365303,0.03413829074023389,-0.085419707363943,-0.08339486819911635,-0.35946361166963603,53238082.0,393581531.15915775,76991621.7,75704767.7,563186090.1987766,541879523.3833897,0.02035181937942707,0.02056496549060145,yfinance_info_static_sharesOutstanding,1,1,1,106769118419.13179,0.0036862862313250355,2017,9,0.0
2019-09-09,002027.SZ,0,Hang Seng China A Industry Top Index,Exclusion,2019-05-10,2019-05-12,120,5.900000095367432,-0.043760126027209245,-0.1678420354879826,0.08455882965229367,-0.1884456518780464,-0.48017622052243203,133927785.0,790173944.2723489,221267957.35,246504697.28333333,1489394539.3672645,1659783836.708738,0.02971617630704514,0.03255600977356224,yfinance_info_static_sharesOutstanding,1,1,1,85208979760.7155,0.00927336469103751,2019,9,1.0
2021-03-15,002047.SZ,0,Hang Seng Stock Connect Greater Bay Area Composite Index,Removal,2020-11-13,2020-11-15,120,4.210000038146973,-0.020930267115292778,-0.007075409101562236,-0.16962526713930914,-0.1761252586794858,-0.3854014457285171,5557970.0,23399053.91201973,8170888.05,9639804.55,34121474.03498075,43822437.29669964,0.018848546519803697,0.0160618097380074,,0,0,0,,,2021,3,0.0
2019-09-09,002078.SZ,1,Hang Seng (China A) Corporate Sustainability Benchmark Index,,2019-05-10,2019-05-12,120,6.71999979019165,-0.04000002997262142,-0.18248180390623592,0.11442778712693125,-0.20190026967915997,-0.4261315313150892,23748628.0,159590775.17733955,36623896.3,47203699.35,278920063.4812959,344464871.48528636,0.028862083678228963,0.028707325544897664,yfinance_info_static_sharesOutstanding,1,1,1,18779275413.363197,0.008498239237908822,2019,9,0.0
2021-09-06,002163.SZ,1,Hang Seng Stock Connect Greater Bay Area Composite Index,,2021-05-07,2021-05-09,120,17.510000228881836,-0.07207210121177787,-0.06062227455834235,-0.1557376845651811,-0.19642039957858015,-0.3029458740489358,8265527.0,144729379.661829,17689418.65,11387887.583333334,352984676.04740775,219338572.91435632,0.030104823754973583,0.025795659244680896,,0,0,0,,,2021,9,0.0
2024-03-04,002163.SZ,0,Hang Seng Stock Connect Greater Bay Area Composite Index,Removal,2023-11-03,2023-11-05,120,9.199999809265137,0.023359292935872134,-0.0021692469831258165,-0.12630578893004174,-0.11961722706365319,-0.2744479820312119,8885245.0,81744252.30527401,5343508.85,4804293.816666666,47062797.6752831,44568834.19169194,0.020032874127044388,0.02153402569756246,,0,0,0,,,2024,3,1.0
2020-09-07,002168.SZ,0,Hang Seng Stock Connect Greater Bay Area Composite Index,Removal,2020-05-08,2020-05-10,120,7.360000133514404,0.06821484414172319,-0.013404812884881379,0.0279330014475605,-0.2228088779322086,-0.30303031808198044,7189917.0,52917790.079957485,6830877.4,17973730.75,49236187.17585139,151509693.2593996,0.01874999873889756,0.03524863816328487,,0,0,0,,,2020,9,0.0
2019-09-09,002179.SZ,1,Hang Seng (China A) Corporate Sustainability Benchmark Index,,2019-05-10,2019-05-12,120,18.216398239135742,0.0138791297019214,0.0600098579870505,0.225476267769821,-0.04413393720009828,-0.05024239573502842,18265382.0,332729472.5019417,18672332.85,16599329.85,323475830.8107446,288671355.93654937,0.02895541466698224,0.026901361336337297,yfinance_info_static_sharesOutstanding,1,1,1,38571903693.69789,0.00862621339989255,2019,9,0.0
2024-09-09,002179.SZ,0,Hang Seng (China A) Corporate Sustainability Index,Removal,2024-05-10,2024-05-12,120,36.18000030517578,0.05235599712444183,0.08812030993009867,0.158872552879898,-0.03028681389768495,-0.21382007941566328,14355178.0,519370344.42085266,19513652.25,17966534.166666668,661596228.1369832,619518488.8374219,0.021893805201616042,0.022395162845578652,yfinance_info_static_sharesOutstanding,1,1,1,76608529803.1676,0.006779536766405583,2024,9,1.0
2024-09-09,002191.SZ,0,Hang Seng Stock Connect Greater Bay Area Composite Index,Removal,2024-05-10,2024-05-12,120,4.630000114440918,-0.006437711148821523,-0.004301071078780971,0.04044950851481177,-0.04928126832812274,-0.3717774509721461,8268480.0,38283063.34625244,13165874.65,14598551.116666667,58347345.85664694,66342850.69710299,0.02808545934290874,0.027747952124798622,,0,0,0,,,2024,9,0.0
2017-09-04,002202.SZ,1,Hang Seng Corporate Sustainability Benchmark Index,,2017-05-05,2017-05-07,120,10.473963737487793,0.006052484483827225,-0.07196026820230939,-0.08613320179605632,-0.14170970395218851,-0.21879894844487757,12469403.0,130604074.8501215,17918554.65,21438633.783333335,194695198.5655439,246585808.2442962,0.015663632244304452,0.01563570042501756,yfinance_info_static_sharesOutstanding,1,1,1,36137439868.04319,0.003614093176689486,2017,9,0.0
2019-09-09,002202.SZ,1,Hang Seng (China A) Corporate Sustainability Index,,2019-05-10,2019-05-12,120,11.029999732971191,-0.048317550668164455,-0.19547777518007992,-0.05691781429004639,-0.24494666320316905,-0.3363304580308436,38163995.0,420948854.6591139,43463088.65,42047374.666666664,545403046.9147993,553164973.5769391,0.024233794363941668,0.03247070837444792,yfinance_info_static_sharesOutstanding,1,1,1,38055884294.132866,0.011061334205391522,2019,9,1.0
2021-09-06,002240.SZ,1,Hang Seng Stock Connect Greater Bay Area Composite Index,,2021-05-07,2021-05-09,120,26.3799991607666,0.03450977101045494,0.2526115778600835,-0.00452833355597726,-0.06586404480972541,-0.1247511713677475,48358032.0,1275684843.5763245,37155663.8,34283251.55,907429634.1694305,806311666.8399566,0.04502587935435223,0.0452244445880914,,0,0,0,,,2021,9,0.0
2016-09-05,002241.SZ,0,Hang Seng China A Industry Top Index,Exclusion,2016-05-06,2016-05-08,120,14.324999809265137,-0.020847594175663953,0.10489777405870537,-0.007276541489259936,-0.06586242102180528,-0.35877351336518626,44000424.0,630306065.4075851,38465502.8,37409741.06666667,542779931.6087172,498221551.567196,0.025652838664636694,0.03410895208041364,yfinance_info_static_sharesOutstanding,1,1,1,50791362974.6219,0.012409709613867224,2016,9,0.0
2017-09-04,002241.SZ,1,Hang Seng China A Industry Top Index,,2017-05-05,2017-05-07,120,17.0,-0.025508724712459907,0.040391667151091104,0.19718311467215188,-0.03216626910782672,-0.03216626910782672,15310176.0,260272992.0,22096878.6,22074920.966666665,372475513.25266963,356140230.9190041,0.01798229552351336,0.016499938011905843,yfinance_info_static_sharesOutstanding,1,1,1,60275963844.0,0.0043180228967157055,2017,9,0.0
2018-09-10,002241.SZ,0,Hang Seng China A Industry Top Index,Exclusion,2018-05-11,2018-05-13,120,11.579999923706055,0.022968218718302014,-0.15843025210130623,-0.1632948124252186,-0.2785046433543098,-0.49210524950881585,16632278.0,192601777.9710579,31919430.85,41648590.35,385053143.87227356,577932633.1121455,0.030142477570488758,0.03075286185394789,yfinance_info_static_sharesOutstanding,1,1,1,41058568042.04876,0.004690903437592154,2018,9,1.0
2020-09-07,002243.SZ,1,Hang Seng Stock Connect Greater Bay Area Composite Index,,2020-05-08,2020-05-10,120,13.039999961853027,-0.08104296353328078,-0.060518742482858046,-0.0068545431685795855,-0.1074606250320258,-0.4080799112385948,9494684.0,123810678.99780655,15595783.1,12256526.483333332,212110804.49826798,166824156.56855115,0.030875763860241136,0.033210113024558584,,0,0,0,,,2020,9,0.0
2019-09-09,002249.SZ,1,Hang Seng (China A) Corporate Sustainability Benchmark Index,,2019-05-10,2019-05-12,120,4.670000076293945,-0.24065040587370323,-0.21906353488314978,0.43251536501701726,-0.34685314489440455,-0.34685314489440455,47439862.0,221544159.15937424,71036701.95,61695835.4,435857143.11274356,335170164.4362791,0.06697239463791729,0.05164094573449815,yfinance_info_static_sharesOutstanding,1,1,1,11507172940.953064,0.01925270092803743,2019,9,0.0
2021-09-06,002292.SZ,0,Hang Seng Stock Connect Greater Bay Area Composite Index,Removal,2021-05-07,2021-05-09,120,6.119999885559082,0.0320404827522045,0.09481211422254221,0.14179099498386893,-0.014492778105480664,-0.4306976850642714,18176601.0,111240796.0398531,18028124.15,15338314.016666668,108311538.00412925,87777352.48061845,0.016341035488894002,0.02254917233925373,,0,0,0,,,2021,9,0.0
2018-09-10,0023.HK,0,Hang Seng Index,Exclusion,2018-05-11,2018-05-13,120,34.25,0.03007518796992481,0.06037154207428119,0.07535320533077883,-0.03248591740986806,-0.04463036379976637,1460603.0,50025652.75,1640042.65,1858154.9333333333,55245809.95741329,62065922.68861256,0.011257507545050444,0.013434675227230797,yfinance_info_static_sharesOutstanding,1,1,1,90550970595.75,0.0005524584929446129,2018,9,0.0
2021-03-15,002303.SZ,0,Hang Seng Stock Connect Greater Bay Area Composite Index,Removal,2020-11-13,2020-11-15,120,4.389999866485596,-0.009029337111290281,-0.07773116483298081,-0.16061188327427578,-0.17481208179836438,-0.32253088679569475,6416051.0,28166463.033364773,8840613.85,13788371.583333334,39555193.586059526,66697886.558573775,0.013751409521830594,0.020671578192736382,,0,0,0,,,2021,3,0.0
2019-09-09,002304.SZ,1,Hang Seng China A Industry Top Index,,2019-05-10,2019-05-12,120,114.58999633789062,-0.022269630361033133,-0.08328002929687495,0.21259255384011233,-0.1213771051472382,-0.23351173018133364,5774969.0,661753676.5614319,9190547.4,9133645.166666666,1100523317.1942863,1065333248.4133111,0.02959891073825968,0.030251799781760458,yfinance_info_static_sharesOutstanding,1,1,1,172623535512.89337,0.0038335078388659527,2019,9,0.0
2021-09-06,002304.SZ,0,Hang Seng China A Industry Top Index,Removal,2021-05-07,2021-05-09,120,186.10000610351562,0.0869057632094754,0.11832222828013528,-0.07715956201540708,-0.1866613867872663,-0.2942738055036257,9079154.0,1689630614.8147583,10625114.55,10588317.016666668,1797565879.8765533,1919703323.4513168,0.03238782591122247,0.032484235776191125,yfinance_info_static_sharesOutstanding,1,1,1,280349437466.01105,0.006026873569238409,2021,9,1.0
2021-03-15,002351.SZ,1,Hang Seng Stock Connect Greater Bay Area Composite Index,,2020-11-13,2020-11-15,120,16.530000686645508,0.006086450372019936,-0.03671323813336813,-0.09275514217337466,-0.15490791728152498,-0.3112499713897705,5127245.0,84753363.37059975,10524074.05,12722482.066666666,176218459.94750673,222885285.2154209,0.022279741302639246,0.024052034466553535,,0,0,0,,,2021,3,0.0
2017-09-04,002352.SZ,1,Hang Seng China A Industry Top Index,,2017-05-05,2017-05-07,120,48.540000915527344,-0.023143444213409636,-0.13475931843529687,0.1551642167238252,-0.30657141549246647,-0.30657141549246647,3344797.0,162356449.4422531,4690878.1,9807260.733333332,243219262.7103443,577379073.1771636,0.02172349265730247,0.03623684762448204,yfinance_info_static_sharesOutstanding,1,1,1,232964356446.86978,0.000696915407654992,2017,9,0.0
2018-03-05,002352.SZ,1,Hang Seng China 50 Index,,2017-11-03,2017-11-05,120,60.709999084472656,0.04384455370960616,0.10421970880218856,0.2425296423678418,-0.009301561784899826,-0.1327142987932478,6459699.0,392168320.37596893,7413024.4,5594090.966666667,430695610.9817709,307319587.13646406,0.02153754681307107,0.018271273770500068,yfinance_info_static_sharesOutstanding,1,1,1,291373415736.38025,0.0013459303395433398,2018,3,1.0
2019-09-09,002371.SZ,1,Hang Seng (China A) Corporate Sustainability Benchmark Index,,2019-05-10,2019-05-12,120,51.48147964477539,0.08780717587575326,-0.02112675341224146,0.5221198983611302,-0.11633822377288583,-0.11633822377288583,28905938.0,1488120458.7601395,14304396.9,17125399.966666665,682529148.6493458,814761082.377253,0.05358791536623906,0.04502532744007653,yfinance_info_static_sharesOutstanding,1,1,1,37315455566.4733,0.039879466461536825,2019,9,0.0
2020-09-07,002371.SZ,1,Hang Seng (China A) Corporate Sustainability Index,,2020-05-08,2020-05-10,120,115.74073791503906,0.10073967611905932,0.23468985298515,0.11543401714314827,-0.10560965394481969,-0.10560965394481969,13592920.0,1573254591.2200928,11756164.6,16488579.516666668,1193740128.8143158,1693106336.3016367,0.03942005304294326,0.04779172352373155,yfinance_info_static_sharesOutstanding,1,1,1,83892661840.72815,0.018753184804255554,2020,9,1.0
2025-12-08,002371.SZ,1,Hang Seng HKEX Stock Connect China Enterprises Index,,2025-08-08,2025-08-10,120,329.0899963378906,-0.0021527940611199003,-0.0052594695311724005,0.035839341281387105,-0.057588817772486034,-0.08715712589310898,3630824.0,1194867856.8635254,6232926.05,5323389.3,2069244279.252716,1723943971.9994287,0.0162233106997118,0.01456155717356361,yfinance_info_static_sharesOutstanding,1,1,1,238535162945.02368,0.005009189597505639,2025,12,2.0
2019-09-09,002407.SZ,1,Hang Seng (China A) Corporate Sustainability Benchmark Index,,2019-05-10,2019-05-12,120,9.050000190734863,-0.09499998092651363,-0.2274389541978804,0.15496818139801039,-0.2886018574770769,-0.2961110739001509,18264422.0,165293022.58366203,25510553.8,39971073.46666667,278356311.41095877,430852838.8472411,0.0340020456319161,0.038689092448308,yfinance_info_static_sharesOutstanding,1,1,1,10773414976.506992,0.015342676666972139,2019,9,0.0
2019-09-09,002415.SZ,1,Hang Seng (China A) Corporate Sustainability Benchmark Index,,2019-05-10,2019-05-12,120,29.799999237060547,-0.06289308326992493,-0.1668996685575208,-0.00765905575510839,-0.19131613375809498,-0.29047620864141555,55101514.0,1642025075.160881,45185932.1,46065786.7,1485000074.6370614,1577203970.1314464,0.019288182062510335,0.024023284733875265,yfinance_info_static_sharesOutstanding,1,1,1,273113165197.7579,0.006012251639249652,2019,9,0.0
2020-09-07,002415.SZ,0,Hang Seng (China A) Corporate Sustainability Index,Removal,2020-05-08,2020-05-10,120,31.84000015258789,0.03343072718271478,0.026434548121323065,-0.09106476556871335,-0.19187820001289635,-0.19187820001289635,33643489.0,1071208694.893589,40625522.75,56095110.2,1245830274.4604774,1832869260.8698287,0.01929215306404666,0.025837667363989875,yfinance_info_static_sharesOutstanding,1,1,1,291809511550.4484,0.0036709176791463053,2020,9,1.0
2021-09-06,002421.SZ,0,Hang Seng Stock Connect Greater Bay Area Composite Index,Removal,2021-05-07,2021-05-09,120,3.5,-0.038461566172910966,-0.05913979218231891,0.038575702924497524,-0.09090906839021629,-0.24242422365851357,12036763.0,42128670.5,19377339.75,19140283.433333334,71285021.9421033,69761601.09404062,0.018746198635403517,0.0188139315280095,,0,0,0,,,2021,9,0.0
2024-09-09,002429.SZ,0,Hang Seng Stock Connect Greater Bay Area Composite Index,Removal,2024-05-10,2024-05-12,120,5.360000133514404,-0.012891288588794625,0.061386124964567745,0.1331924126639481,-0.02722324666724596,-0.10067112429400504,22851689.0,122485056.09102964,36591004.6,34540108.13333333,193435655.98479664,178773267.09553438,0.020367023574437277,0.027502789281194515,,0,0,0,,,2024,9,0.0
2021-09-06,002460.SZ,1,Hang Seng (China A) Corporate Sustainability Index,,2021-05-07,2021-05-09,120,76.0142822265625,0.10291222757884966,0.09632216035900654,-0.11677321224776871,-0.22321168851794015,-0.23985717773437498,58263560.0,4428862693.364258,52399492.95,50767390.25,3754619929.814438,3804158008.1099567,0.04393633355022294,0.04963420605502829,,0,0,0,,,2021,9,0.0
2020-09-07,002475.SZ,1,Hang Seng China A Top 100 Index,,2020-05-08,2020-05-10,120,36.339271545410156,0.03824181678438188,0.1226235444587287,0.09301249708277481,-0.07445139649562993,-0.07445139649562993,66855292.0,2429472610.2356873,82428829.1,112949712.73333333,2739187672.256381,3737725918.6999974,0.02664945953785274,0.03863983760376476,,0,0,0,,,2020,9,0.0
2021-03-15,002475.SZ,1,Hang Seng China 50 Index,,2020-11-13,2020-11-15,120,55.869998931884766,-0.05385267309503994,-0.04315808330373827,0.07504324840438925,-0.0987256425370917,-0.0987256425370917,53977346.0,3015714263.3659744,55485834.8,65976380.56666667,3201802175.568855,3716135543.713174,0.02263942638328405,0.02640372814131905,,0,0,0,,,2021,3,1.0
2021-09-06,002475.SZ,1,Hang Seng China A Industry Top Index,,2021-05-07,2021-05-09,120,34.70000076293945,-0.0963541827061104,-0.011114260129738818,-0.3473763032174322,-0.35501856403306253,-0.44131379130664217,74544210.0,2586684143.872719,88233488.3,89641740.78333333,3170863769.710621,3601745531.634391,0.03455877264548167,0.03343483596360448,,0,0,0,,,2021,9,2.0
2020-09-07,002482.SZ,0,Hang Seng Stock Connect Greater Bay Area Composite Index,Removal,2020-05-08,2020-05-10,120,3.4100000858306885,0.024024073260518142,-0.08823527349320259,-0.1367088494517067,-0.2106481596459573,-0.4578696174067851,3500900.0,11938069.300484657,6335861.0,8652122.866666667,22785718.44049064,33678558.618754186,0.02041168622017451,0.023055425450353814,,0,0,0,,,2020,9,0.0
2021-09-06,002493.SZ,1,Hang Seng China A Top 100 Index,,2021-05-07,2021-05-09,120,19.5,0.022727327292239696,0.01211074000310064,-0.22248803591230237,-0.3367346852715769,-0.3367346852715769,68901700.0,1343583150.0,43489255.5,58088885.7,809675892.3565323,1261292878.5944703,0.020829862118067824,0.03902073031700135,,0,0,0,,,2021,9,0.0
2024-09-09,002493.SZ,0,Hang Seng China A Industry Top Index,Removal,2024-05-10,2024-05-12,120,11.109999656677246,-0.008920640600306062,0.0009008355733224338,0.1744185636233333,-0.04224144040333189,-0.15960669952586803,60565115.0,672878406.8566179,28339195.05,27216893.4,317487518.23171806,292316068.9952765,0.01852439721251109,0.016667506198923526,,0,0,0,,,2024,9,1.0
2018-09-10,002594.SZ,1,Hang Seng (China A) Corporate Sustainability Benchmark Index,,2018-05-11,2018-05-13,120,17.649999618530273,0.0751269219539632,-0.05665416984558125,-0.13860420616456204,-0.20792819649668692,-0.27256489951162544,27658029.0,488164201.29929924,19051002.75,25937160.15,332276283.68280804,508415369.4021445,0.023210605199369717,0.0252406924800816,yfinance_info_static_sharesOutstanding,1,1,1,95906524949.42073,0.005089999888503391,2018,9,0.0
2020-09-07,002594.SZ,1,Hang Seng (China A) Corporate Sustainability Index,,2020-05-08,2020-05-10,120,19.926666259765625,0.050430520877122964,0.061811715619803254,-0.018874112075658367,-0.1662482603423986,-0.1662482603423986,50892819.0,1014124219.2316589,48301028.4,69683683.55,944975886.7421875,1400513695.6295352,0.022581269236213435,0.03447276838299776,yfinance_info_static_sharesOutstanding,1,1,1,108277470600.88211,0.009365976260839964,2020,9,1.0
2021-09-06,002600.SZ,0,Hang Seng Stock Connect Greater Bay Area Composite Index,Removal,2021-05-07,2021-05-09,120,8.140000343322754,-0.05348837415613683,-0.08436445118512537,-0.2518382116082324,-0.2476894110064949,-0.4347221834056161,41456783.0,337458227.8530569,60340626.85,64609124.3,515200022.3859989,593134801.8017554,0.016969089948719575,0.023081739451738487,,0,0,0,,,2021,9,0.0
2019-09-09,002601.SZ,1,Hang Seng (China A) Corporate Sustainability Benchmark Index,,2019-05-10,2019-05-12,120,15.489999771118164,-0.020240394687244034,-0.13848719880492621,0.2791081924248646,-0.19280878895093545,-0.19280878895093545,8902750.0,137903595.46232224,16280254.6,16040167.016666668,279561482.11248744,254472626.03105366,0.04489407435951143,0.03425629255353665,yfinance_info_static_sharesOutstanding,1,1,1,36932001841.72893,0.0037339864774540055,2019,9,0.0
2021-09-06,002601.SZ,1,Hang Seng (China A) Corporate Sustainability Index,,2021-05-07,2021-05-09,120,36.540000915527344,0.07344300625032085,0.23445947448035231,-0.14666041158463528,-0.24876641911916253,-0.24876641911916253,40650054.0,1485353010.376236,32424107.1,32673414.416666668,1029127134.5933335,1136939564.1072104,0.031873528727125976,0.04501823648869275,yfinance_info_static_sharesOutstanding,1,1,1,87120426149.08429,0.017049423149451022,2021,9,1.0
2021-03-15,002611.SZ,0,Hang Seng Stock Connect Greater Bay Area Composite Index,Removal,2020-11-13,2020-11-15,120,4.78000020980835,-0.014432927051680422,-0.010351907802793603,-0.04208408235312555,-0.07543517615674056,-0.13090905276211828,7039550.0,33649050.47695637,7392848.65,10715733.0,35339643.769736245,51885304.79574906,0.009921871770113734,0.013916458327279214,,0,0,0,,,2021,3,0.0
2024-03-04,002670.SZ,0,Hang Seng Stock Connect Greater Bay Area Composite Index,Removal,2023-11-03,2023-11-05,120,9.770000457763672,-0.026892380987571518,0.03825723870235431,-0.011133568360638724,-0.14448332815298337,-0.14448332815298337,21879829.0,213765939.34579086,38406393.9,65545628.7,379005897.9308392,682041375.5524173,0.023966808987689207,0.03638779377904552,,0,0,0,,,2024,3,0.0
2021-09-06,002714.SZ,1,Hang Seng China 50 Index,,2021-05-07,2021-05-09,120,75.77857208251953,0.010284766994028027,0.009707781494149526,0.09393686577906712,-0.1639874145897129,-0.1639874145897129,27976104.0,2119989213.552063,22281599.1,37738007.266666666,1698145444.8936017,2991018963.5178223,0.03222548110521117,0.03608860561300279,,0,0,0,,,2021,9,0.0
2021-03-15,002717.SZ,0,Hang Seng Stock Connect Greater Bay Area Composite Index,Removal,2020-11-13,2020-11-15,120,4.110000133514404,0.03266334518038039,-0.004842610259641833,-0.028368767143733042,-0.04861111800979656,-0.3938053088009297,23490877.0,96547507.60637045,13711791.3,14513979.6,54855074.9817067,59977783.32065211,0.0172690897178405,0.013285909015605018,,0,0,0,,,2021,3,0.0
2018-03-05,002736.SZ,0,Hang Seng China 50 Index,Exclusion,2017-11-03,2017-11-05,120,12.970000267028809,-0.03064273870742351,-0.05259308512954197,-0.07948899030731194,-0.10366274860532554,-0.2939575571859331,4308850.0,55885785.65058708,6117545.45,11469543.333333334,82436216.55505987,160097480.8305411,0.011471108213235683,0.011351417777209426,yfinance_info_static_sharesOutstanding,1,1,1,132835410223.04045,0.0004207145184913475,2018,3,0.0
2020-09-07,002791.SZ,1,Hang Seng Stock Connect Greater Bay Area Composite Index,,2020-05-08,2020-05-10,120,75.22000122070312,0.12453284357995975,0.3182614688108394,0.7661423092559567,0.0,0.0,1473291.0,110820950.81845093,1467596.5,2197776.0,93807116.75220375,121057727.22823963,0.03118032112323948,0.03927813210033548,,0,0,0,,,2020,9,0.0
2019-09-09,002815.SZ,1,Hang Seng (China A) Corporate Sustainability Benchmark Index,,2019-05-10,2019-05-12,120,14.739999771118164,-0.17004506862857227,-0.17469209029170263,0.12519078945740003,-0.20151676586395462,-0.21886597161820887,7382568.0,108819050.63026428,8125061.05,8841106.783333333,135705893.53821588,148534164.73478428,0.05307848010494071,0.03927561705214453,yfinance_info_static_sharesOutstanding,1,1,1,18191390233.28518,0.005981898537427652,2019,9,0.0
2020-09-07,002815.SZ,0,Hang Seng Stock Connect Greater Bay Area Composite Index,Removal,2020-05-08,2020-05-10,120,19.329999923706055,0.18443629198329203,0.08534533988450321,0.12057970572209009,-0.1540481575054251,-0.16428877539719733,19549597.0,377893708.5184841,11416497.7,20806264.0,200984525.8560459,404172068.8878958,0.024781154678460045,0.04251958855998091,yfinance_info_static_sharesOutstanding,1,1,1,23856144998.761726,0.015840518597539502,2020,9,1.0
2021-03-15,002850.SZ,1,Hang Seng Stock Connect Greater Bay Area Composite Index,,2020-11-13,2020-11-15,120,76.69000244140625,-0.012998642812157568,-0.022808369507660076,0.15271311962312883,-0.031691851054946873,-0.08528141947512236,1819440.0,139532858.0419922,2815216.55,2396830.3,205906901.8143261,173262786.19831535,0.0392085243780508,0.035097477048921806,,0,0,0,,,2021,3,0.0
2024-09-09,0029.HK,0,Hang Seng (China A) Corporate Sustainability Benchmark Index,Removal,2024-05-10,2024-05-12,120,8.369999885559082,-0.03682390221819831,0.17887323915284448,0.17887323915284448,-0.04561009707251362,-0.32281552442945627,46000.0,385019.9947357178,164255.3,141466.1,1292605.5191507817,1130805.8036689917,0.027020271949999564,0.02771623247231361,,0,0,0,,,2024,9,0.0
2019-09-09,002916.SZ,1,Hang Seng (China A) Corporate Sustainability Benchmark Index,,2019-05-10,2019-05-12,120,52.243587493896484,-0.05444604284360277,-0.0908366529632838,0.21680701133383584,-0.1306666956119794,-0.1306666956119794,7388102.0,385980953.2508316,7330452.3,9028463.483333332,396941999.3497574,481176432.50621265,0.041662697310324154,0.04063850965066672,yfinance_info_static_sharesOutstanding,1,1,1,35586586603.80205,0.010846248266182225,2019,9,0.0
2020-09-07,002916.SZ,0,Hang Seng (China A) Corporate Sustainability Index,Removal,2020-05-08,2020-05-10,120,140.92857360839844,0.11682488733979479,0.20310526092283765,0.45081742144274717,-0.007391663026918072,-0.007391663026918072,7906192.0,1114208361.2341309,7201078.85,10293399.433333334,915257823.0561993,1265108845.8612168,0.027823575771310453,0.0432650965422564,yfinance_info_static_sharesOutstanding,1,1,1,95995836623.03963,0.011606840467565794,2020,9,1.0
2021-03-15,002967.SZ,1,Hang Seng Stock Connect Greater Bay Area Composite Index,,2020-11-13,2020-11-15,120,26.959999084472656,-0.023542249601950616,-0.17376652767514256,-0.12467533271777986,-0.1942618104558278,-0.2169619853177921,2312840.0,62354164.28253174,2620142.75,2808471.35,76820940.74221382,85960795.92836994,0.026422325521783994,0.02350379600897597,,0,0,0,,,2021,3,0.0
2024-09-09,002967.SZ,0,Hang Seng Stock Connect Greater Bay Area Composite Index,Removal,2024-05-10,2024-05-12,120,15.0,0.02459013990675496,-0.033505183146019135,0.3357079796472475,-0.11399883463591831,-0.3432574474698319,17693000.0,265395000.0,24347946.5,18960302.8,372719592.6657329,281077260.1983722,0.04538391390843319,0.04428173559169073,,0,0,0,,,2024,9,1.0
2021-09-06,003012.SZ,1,Hang Seng Stock Connect Greater Bay Area Composite Index,,2021-05-07,2021-05-09,120,19.459999084472656,-0.11060329840566396,-0.09446257367455912,0.0645513322485376,-0.17437423265024843,-0.17437423265024843,7569630.0,147304992.86979675,5596333.1,6733317.75,117371917.19741078,141832913.64359888,0.03698365813804229,0.041839202788484665,,0,0,0,,,2021,9,0.0
2020-09-07,0035.HK,1,Hang Seng Composite Index,,2020-05-08,2020-05-10,120,2.5,0.0,0.053640004590060686,-0.16158530369161173,-0.2142856714676814,-0.31249988526103967,874925.0,2187312.5,1308176.15,1636875.7,3213334.5923028467,4357830.074546639,0.018725897027713014,0.029901887296247463,,0,0,0,,,2020,9,0.0
2021-03-15,0035.HK,0,Hang Seng Composite Index,Removal,2020-11-13,2020-11-15,120,2.1636359691619873,0.03478246294031817,0.05309742420729435,-0.04417677492933192,-0.04417677492933192,-0.4050000091791168,582060.0,1259365.9522104263,792039.4,813376.15,1655121.8308849395,1735641.004286778,0.017152645703458896,0.01740353229069997,,0,0,0,,,2021,3,1.0
2020-09-07,003816.SZ,1,Hang Seng China A Industry Top Index,,2020-05-08,2020-05-10,120,2.9200000762939453,0.02456146456271613,-0.010169481662661628,-0.10429445250427638,-0.1436950138426103,-0.4362934028840548,102782529.0,300124992.52168465,35025933.85,61672116.0,101502152.62734424,191953449.52943438,0.008210916599644812,0.012792119399168633,,0,0,0,,,2020,9,0.0
2018-03-05,0041.HK,0,Hang Seng Composite LargeCap & MidCap Index,Exclusion,2017-11-03,2017-11-05,120,43.79999923706055,0.030588217342601087,0.045346005775396714,0.02816903300286344,-0.007927571386678212,-0.00904980812159395,106506.0,4664962.718742371,224988.3,174131.95,9426320.397473335,7344837.290423902,0.01243025354414536,0.010975066461256308,yfinance_info_static_sharesOutstanding,1,1,1,32803761739.60081,0.00014220816367870433,2018,3,0.0
2018-09-10,0041.HK,0,Hang Seng Corporate Sustainability Benchmark Index,Exclusion,2018-05-11,2018-05-13,120,39.150001525878906,0.016883156516335207,-0.013853884798258775,-0.013853884798258775,-0.07990594059095268,-0.11425337443194883,101000.0,3954150.1541137695,146416.0,191748.38333333333,5703073.93423214,7651553.872168986,0.012313162762543663,0.01139052456378457,yfinance_info_static_sharesOutstanding,1,1,1,29321172249.548378,0.00013485648256012935,2018,9,0.0
2020-09-07,0041.HK,1,Hang Seng Composite Index,,2020-05-08,2020-05-10,120,21.950000762939453,-0.04978353244759148,0.11082998525762378,-0.07966455296187247,-0.09484532936332157,-0.40353257559760913,154067.0,3381770.7675437927,327083.15,377085.98333333334,7276315.797978592,8164390.439879958,0.026047593085696593,0.021344957846737043,yfinance_info_static_sharesOutstanding,1,1,1,16439328944.149189,0.0002057122148375391,2020,9,0.0
2021-03-15,0041.HK,0,Hang Seng Composite Index,Removal,2020-11-13,2020-11-15,120,20.850000381469727,0.08593747671693652,0.16872198448076814,0.14939366499470474,-0.09740259579410637,-0.2334558898293021,150788.0,3143929.857521057,167739.05,325932.2833333333,3246020.6263332367,6640924.923559983,0.02118046486541893,0.03304130080611807,yfinance_info_static_sharesOutstanding,1,1,1,15615489878.949594,0.00020133405239878004,2021,3,1.0
2025-03-10,0041.HK,1,Hang Seng Composite Index,,2024-11-08,2024-11-10,120,11.380000114440918,0.0,-0.04530200993261391,0.09213052122053478,-0.0968254150867337,-0.11919504278321724,91388.0,1039995.4504585266,135137.85,277841.06666666665,1561463.5070441724,3237443.691154925,0.009931573757031378,0.017704194850039445,yfinance_info_static_sharesOutstanding,1,1,1,8522986731.809878,0.00012202241810104061,2025,3,1.0
2018-03-05,0045.HK,1,Hang Seng Composite LargeCap & MidCap Index,,2017-11-03,2017-11-05,120,12.539999961853027,0.01785716497389478,-0.03538461831899786,-0.06557377864664948,-0.10171920289496172,-0.21231156395997686,1049000.0,13154459.959983826,900382.55,1175686.05,11372800.795696307,15362135.484436972,0.01208052550394032,0.015899716672139023,yfinance_info_static_sharesOutstanding,1,1,1,20903425655.411293,0.0006292968519529964,2018,3,0.0
2018-09-10,0045.HK,1,Hang Seng Corporate Sustainability Benchmark Index,,2018-05-11,2018-05-13,120,12.0,0.006711402952518153,-0.01639342724524051,0.06194688473006238,-0.09090907777308088,-0.246231159391206,1036211.0,12434532.0,359662.85,1062562.9833333334,4310689.890373945,13027225.848312458,0.013358694510632225,0.018995862268928392,yfinance_info_static_sharesOutstanding,1,1,1,20003278200.0,0.0006216247094938669,2018,9,1.0
2019-09-09,0045.HK,0,Hang Seng Composite LargeCap & MidCap Index,Exclusion,2019-05-10,2019-05-12,120,11.399999618530273,-0.04362419919760152,-0.03389835302872812,0.0215053561289984,-0.05629141634689372,-0.1543026702032798,129513.0,1476448.1505947113,185156.35,208275.53333333333,2189643.2733611106,2414358.223650885,0.013573663233785468,0.011044086981910641,yfinance_info_static_sharesOutstanding,1,1,1,19003113654.11291,7.769506500189554e-05,2019,9,2.0
2024-09-09,0048.HK,1,Hang Seng (China A) Corporate Sustainability Benchmark Index,,2024-05-10,2024-05-12,120,0.1889999955892563,0.0,0.0,1.5890410735204932,0.0,-0.4750000331136902,0.0,0.0,0.0,33372.0,0.0,4121.005303512017,0.0,0.06567697485305167,,0,0,0,,,2024,9,0.0
2019-09-09,0052.HK,1,Hang Seng Corporate Sustainability Benchmark Index,,2019-05-10,2019-05-12,120,26.75,-0.01834862385321101,-0.020146492763044033,-0.020146492763044033,-0.03429605547919279,-0.14944358184175033,89500.0,2394125.0,74428.9,85894.26666666666,2019916.417080021,2346643.2395051,0.0057972172001942,0.006137498946089737,yfinance_info_static_sharesOutstanding,1,1,1,3465536865.0,0.0006908381279043183,2019,9,0.0
2020-03-09,0052.HK,0,Hang Seng Composite Index,Removal,2019-11-08,2019-11-10,120,21.5,0.028708152747417115,0.056511036706291096,-0.09282703342270238,-0.13306448945889904,-0.2662115849885279,273000.0,5869500.0,150603.25,209115.68333333332,3145439.0513656614,4667179.654494413,0.016592567662176864,0.016476738086378267,yfinance_info_static_sharesOutstanding,1,1,1,2785384770.0,0.002107249261652278,2020,3,1.0
2021-03-15,0059.HK,0,Hang Seng Stock Connect Greater Bay Area Composite Index,Removal,2020-11-13,2020-11-15,120,1.0,0.0,-0.009900980750178201,-0.02912618662434696,-0.02912618662434696,-0.09909911070945099,2998000.0,2998000.0,4626900.15,4457183.783333333,4672095.10689869,4460341.666155072,0.005038424474600963,0.008124409239505042,,0,0,0,,,2021,3,0.0
2018-09-10,0066.HK,0,Hang Seng Corporate Sustainability Benchmark Index,Exclusion,2018-05-11,2018-05-13,120,45.45000076293945,0.027118661309366132,0.04965361579126126,0.08992805590864128,-0.005470459427272867,-0.08459215778171325,4795265.0,217944797.90849686,3460171.45,4436761.533333333,152765828.50057545,188973975.71196657,0.007011509723882688,0.010056065465856027,yfinance_info_static_sharesOutstanding,1,1,1,282471097534.65765,0.0007715649488059791,2018,9,0.0
2021-09-06,0066.HK,1,Hang Seng Corporate Sustainability Index,,2021-05-07,2021-05-09,120,44.20000076293945,0.020785255005468795,0.004545471884987551,-0.00674155588900105,-0.09795916810327643,-0.09795916810327643,3380973.0,149439009.1794777,3188482.55,4079789.2,139560548.5792696,184678871.24609438,0.006279881624297603,0.011475604592291914,yfinance_info_static_sharesOutstanding,1,1,1,274702365609.65765,0.0005440033574076505,2021,9,0.0
2017-09-04,0069.HK,0,Hang Seng Corporate Sustainability Index,Exclusion,2017-05-05,2017-05-07,120,11.300000190734863,0.007130117807674585,-0.0017667406915655715,0.29735937327721373,-0.035836183167632374,-0.035836183167632374,1080576.0,12210509.006103516,2161102.7,2276988.6,24409991.2564589,23549497.459953118,0.021313923002492612,0.019124227018759796,yfinance_info_static_sharesOutstanding,1,1,1,40228488850.324356,0.000303528900912346,2017,9,0.0
2018-09-10,0069.HK,1,Hang Seng Corporate Sustainability Index,,2018-05-11,2018-05-13,120,14.84000015258789,-0.009345753933683865,-0.03761348384152874,-0.10494570441042739,-0.1846154104121529,-0.25427133482106534,1690423.0,25085877.57793808,2903871.05,3166498.8333333335,43627275.59284725,51412856.8736877,0.0160231873723009,0.019983814693760156,yfinance_info_static_sharesOutstanding,1,1,1,52831041646.05948,0.0004748321592067107,2018,9,0.0
2020-09-07,0069.HK,0,Hang Seng Corporate Sustainability Index,Removal,2020-05-08,2020-05-10,120,6.320000171661377,-0.009404379577318989,0.15539312871526545,-0.1389645721692374,-0.17060363955665903,-0.43165465497272126,2261300.0,14291416.388177872,2820547.2,3535156.316666667,16877556.017124154,21817190.02066415,0.025714162718635417,0.026107710895184297,yfinance_info_static_sharesOutstanding,1,1,1,22499473641.441917,0.0006351889211245557,2020,9,1.0
2021-09-06,0069.HK,1,Hang Seng ESG 50 Index,,2021-05-07,2021-05-09,120,7.070000171661377,-0.04459458370988967,-0.09590792628341605,0.03817918224177186,-0.1929223759205515,-0.1929223759205515,2325800.0,16443406.39925003,1826092.9,2618571.3,13654718.602059936,20602043.610556643,0.018140771759599106,0.02375071957101017,yfinance_info_static_sharesOutstanding,1,1,1,25169506042.191917,0.0006533066787916207,2021,9,1.0
2024-09-09,0069.HK,0,Hang Seng Corporate Sustainability Benchmark Index,Removal,2024-05-10,2024-05-12,120,5.78000020980835,-0.02364862579076832,0.010489584233828841,0.15600004196166983,-0.02857136216913314,-0.20275859175057243,2560951.0,14802297.317308903,833094.55,868785.35,4692135.499396563,4579711.814763427,0.01999787139308071,0.021548634330294445,yfinance_info_static_sharesOutstanding,1,1,1,20577050448.706787,0.0007193595289182559,2024,9,2.0
2018-09-10,0078.HK,1,Hang Seng Corporate Sustainability Benchmark Index,,2018-05-11,2018-05-13,120,5.179999828338623,0.01369857005778119,-0.026315853158898173,0.011718739086063357,-0.07001801280132236,-0.27247192252842645,197000.0,1020459.9661827087,327377.35,557686.1,1685819.5579000474,2909000.8360640286,0.011188590920707519,0.010802065346380575,yfinance_info_static_sharesOutstanding,1,1,1,4655783845.710754,0.00021918113039608368,2018,9,0.0
2020-09-07,0078.HK,0,Hang Seng Composite Index,Removal,2020-05-08,2020-05-10,120,3.130000114440918,-0.03692304171048677,0.02622956176241198,-0.16976123865345738,-0.20759491730225332,-0.38142289528929174,144182.0,451289.67650032043,191511.3,229332.9,615447.6679963588,781342.4264344096,0.016168067877439476,0.02144020786938707,yfinance_info_static_sharesOutstanding,1,1,1,2813244102.859497,0.0001604161103693814,2020,9,1.0
2016-09-05,0081.HK,0,Hang Seng Composite LargeCap & MidCap Index,Exclusion,2016-05-06,2016-05-08,120,2.356266975402832,-0.028112640160743108,-0.04347828611796434,-0.050980703207080036,-0.1357144874799766,-0.5407970817389465,1027048.0,2419999.284553528,1076256.5,1642966.8666666667,2686972.681811416,4162256.054356988,0.012277758573883333,0.024785688386332008,yfinance_info_static_sharesOutstanding,1,1,1,8386837134.094906,0.00028854730881985706,2016,9,0.0
2020-09-07,0083.HK,0,Hang Seng Index,Removal,2020-05-08,2020-05-10,120,10.899999618530273,0.005535006005332743,0.10101010490225226,0.005535006005332743,-0.021544050035540163,-0.21242778191067269,3307847.0,36055531.03815651,6132108.95,7850055.966666667,63985998.93459187,77567787.57355042,0.02029144864835623,0.026082743660175236,,0,0,0,,,2020,9,0.0
2017-03-06,0086.HK,0,Hang Seng Composite LargeCap & MidCap Index,Exclusion,2016-11-04,2016-11-06,120,4.710000038146973,-0.03086421630588765,-0.06547617583408183,0.019480552990749578,-0.07283462423541787,-0.11797754614962042,1231000.0,5798010.046958923,431205.95,673266.5,2099316.182650709,3249226.911248692,0.00852408360772479,0.011454771364607475,yfinance_info_static_sharesOutstanding,1,1,1,9231564716.79778,0.0006280636300375871,2017,3,0.0
2018-03-05,0087.HK,1,Hang Seng Composite LargeCap & MidCap Index,,2017-11-03,2017-11-05,120,13.5,-0.0014793237490008382,-0.01459852642697701,-0.05196627689693123,-0.04526169220533138,-0.07660737991286604,1910548.0,25792398.0,1147245.2,2132732.0,15538815.293671036,29507202.099971022,0.003890045677005475,0.005479006770832255,yfinance_info_static_sharesOutstanding,1,1,1,38460588750.0,0.0006706189072573674,2018,3,0.0
2018-09-10,0087.HK,1,Hang Seng Corporate Sustainability Benchmark Index,,2018-05-11,2018-05-13,120,13.260000228881836,0.032710285927005645,0.0015106086185363576,0.026315801128494964,-0.047413781881804895,-0.068820193678934,3317500.0,43990050.75931549,1215291.0,1394783.3166666667,15903579.50919137,18612612.459634747,0.014268689044518695,0.01167961736472374,yfinance_info_static_sharesOutstanding,1,1,1,37776845602.0689,0.0011644712537064322,2018,9,1.0
2025-03-10,0095.HK,0,Hang Seng Composite Index,Removal,2024-11-08,2024-11-10,120,0.7599999904632568,0.05555550036607193,0.04109585014510864,0.49019608759779243,-0.3027523236788029,-0.3027523236788029,16354000.0,12429039.844036102,26198800.0,23527008.65,18901369.180244207,16626983.040975744,0.06229456852042574,0.0791589908174258,,0,0,0,,,2025,3,0.0
2024-09-09,0104.HK,0,Hang Seng (China A) Corporate Sustainability Benchmark Index,Removal,2024-05-10,2024-05-12,120,0.3050000071525574,-0.07575759080925315,-0.046874956344253316,-0.06153840510802655,-0.0895522401337635,-0.0895522401337635,1449064.0,441964.5303645134,106278.2,72625.76666666666,33183.97667486667,22822.82670378387,0.016991664433249842,0.018649391162971447,,0,0,0,,,2024,9,0.0
2024-09-09,0115.HK,0,Hang Seng (China A) Corporate Sustainability Benchmark Index,Removal,2024-05-10,2024-05-12,120,2.7100000381469727,-0.134185322983276,-0.04577460561662139,0.06692916490042933,-0.134185322983276,-0.6337837833483956,0.0,0.0,989.0,6269.916666666667,2806.1000747680664,15862.24340891838,0.04192838499917209,0.060257539712394725,,0,0,0,,,2024,9,0.0
2020-03-09,0116.HK,1,Hang Seng Composite Index,,2019-11-08,2019-11-10,120,9.65999984741211,0.021141628801125467,0.11418682380696654,0.0454545548374099,-0.011259017932199855,-0.3000000207320501,745822.0,7204640.406196594,2296231.05,2062680.5666666667,20315633.226891946,18300432.886201873,0.019665449549293623,0.017462481140550788,yfinance_info_static_sharesOutstanding,1,1,1,6488737817.504883,0.0011103300223905483,2020,3,0.0
2020-03-09,0120.HK,1,Hang Seng Composite Index,,2019-11-08,2019-11-10,120,3.9666659832000732,0.10185169118912207,0.017093816974986797,-0.1500000306538215,-0.16783218357206375,-0.34972687783361467,187800.0,744939.8716449738,437280.0,349230.05,1690723.8597393036,1455996.0392609597,0.03233289710592898,0.02391055301018281,yfinance_info_static_sharesOutstanding,1,1,1,5313827266.080772,0.00014018895126683448,2020,3,0.0
2021-03-15,0120.HK,0,Hang Seng Composite Index,Removal,2020-11-13,2020-11-15,120,4.400000095367432,-0.03649621546136661,-0.05714270825286705,0.23364515593614588,-0.24571422826027067,-0.24999987808139124,345000.0,1518000.032901764,708442.5,1409257.7333333334,3206691.217764616,6948809.153634008,0.026622414111151148,0.06846787219540142,yfinance_info_static_sharesOutstanding,1,1,1,5894330547.756171,0.00025753561334961603,2021,3,1.0
2024-09-09,0120.HK,0,Hang Seng Composite Index,Removal,2024-05-10,2024-05-12,120,0.800000011920929,0.05263160784158716,0.2698412983746097,-0.5721925080850354,-0.605911318622711,-0.8722044756116846,116148800.0,92919041.3846016,17921170.9,11225858.05,13435489.358391663,10888754.159763558,0.06285604401818017,0.06118039246287193,yfinance_info_static_sharesOutstanding,1,1,1,1071696455.9695214,0.0867027607183243,2024,9,1.0
2019-09-09,0123.HK,1,Hang Seng Corporate Sustainability Benchmark Index,,2019-05-10,2019-05-12,120,8.328354835510254,-0.03804353752796652,-0.07812496371261868,0.12025325954870514,-0.09230770669927868,-0.09230770669927868,5698799.0,47461620.208251,6313397.45,8466033.9,55188301.370308354,72309486.07404359,0.01281837291207027,0.01877682981737436,yfinance_info_static_sharesOutstanding,1,1,1,33524900531.812256,0.0014157124840150977,2019,9,0.0
2024-09-09,0123.HK,1,Hang Seng Corporate Sustainability Benchmark Index,,2024-05-10,2024-05-12,120,5.460000038146973,0.026315763527856362,0.37878787513898726,0.045977060843236384,-0.016216243152232024,-0.48295456238768253,50356440.0,274946164.32094574,21931906.0,15105238.85,101374275.57852617,70993559.34608191,0.04431661203629075,0.03795934241727615,yfinance_info_static_sharesOutstanding,1,1,1,21978645458.536552,0.012509695597012148,2024,9,1.0
2024-09-09,0124.HK,1,Hang Seng (China A) Corporate Sustainability Benchmark Index,,2024-05-10,2024-05-12,120,0.3499999940395355,0.14754093715305938,0.20689656589884575,-0.19540231696270083,-0.22222221486362392,-0.5679012431983558,3918000.0,1371299.9766469002,785161.5,439813.11666666664,239593.19668584465,149396.04156258554,0.07058405567956197,0.046995462220142684,,0,0,0,,,2024,9,0.0
2018-03-05,0127.HK,1,Hang Seng Composite LargeCap & MidCap Index,,2017-11-03,2017-11-05,120,13.119999885559082,-0.028148156625253162,-0.06950357938986762,-0.06017193053671299,-0.07605633367694709,-0.13342142747404628,3878732.0,50888963.39611435,3138637.05,4157060.55,42886082.68182297,55926827.71508775,0.010593795067676178,0.015030642535135391,yfinance_info_static_sharesOutstanding,1,1,1,25027962098.170322,0.002033284339991653,2018,3,0.0
2019-09-09,0127.HK,0,Hang Seng Composite LargeCap & MidCap Index,Exclusion,2019-05-10,2019-05-12,120,7.650000095367432,-0.04613470589494362,-0.14237667825829992,-0.16575790275683633,-0.17297296266298035,-0.36672184241037076,108500.0,830025.0103473663,272230.35,428991.88333333336,2258547.9279109477,3783181.6463771663,0.015952639537605166,0.014930274800173277,yfinance_info_static_sharesOutstanding,1,1,1,14593286136.274733,5.687718328801638e-05,2019,9,1.0
2017-12-04,0135.HK,0,Hang Seng Index,Exclusion,2017-08-04,2017-08-06,120,7.659999847412109,0.010554079750826784,0.09116807239665081,0.10057468468800534,-0.022959222152102332,-0.03647798349819509,7653345.0,58624621.53219223,14757449.3,12537046.7,111837571.59538558,88933511.6946595,0.013952576216210894,0.013537108010658102,yfinance_info_static_sharesOutstanding,1,1,1,66284335722.89003,0.0008844415636490619,2017,12,0.0
2016-03-14,0136.HK,1,Hang Seng Composite LargeCap & MidCap Index,,2015-11-13,2015-11-15,120,6.5,-0.029850718650553665,-0.057971027512881634,-0.1875,-0.19753090198983547,-0.35,5027400.0,32678100.0,5812570.25,7667657.95,40649029.927100755,53092481.593873724,0.0454320544796325,0.057933533571221815,yfinance_info_static_sharesOutstanding,1,1,1,109203994997.5,0.00029923905257081573,2016,3,0.0
2017-03-06,0136.HK,0,Hang Seng Composite LargeCap & MidCap Index,Exclusion,2016-11-04,2016-11-06,120,5.199999809265137,-0.037037089364844955,0.07216493020922732,0.762711771258471,-0.05454548922452063,-0.23529416714572438,4188043.0,21777822.80119419,4924054.2,6173998.45,24881873.173395418,27638464.033467665,0.02437908567572475,0.03629581849196849,yfinance_info_static_sharesOutstanding,1,1,1,87363192793.53706,0.00024927915412456476,2017,3,1.0
2017-09-04,0136.HK,1,Hang Seng Composite LargeCap & MidCap Index,,2017-05-05,2017-05-07,120,1.440000057220459,-0.07096767643859847,0.006993083943600098,-0.3924050098083598,-0.4074074001396564,-0.7971830878080863,9696800.0,13963392.554855347,31198220.4,36634789.53333333,49538740.40671106,66424904.979427785,0.049296027221559034,0.04316236506285116,yfinance_info_static_sharesOutstanding,1,1,1,24192886006.93888,0.0005771693608960269,2017,9,1.0
2020-12-07,0136.HK,0,Hang Seng TECH Index,Removal,2020-08-07,2020-08-09,120,2.5,0.054852371611086026,0.02459013990675496,1.3809524890787257,-0.16666666666666663,-0.16666666666666663,54022000.0,135055000.0,77044155.3,65455481.68333333,210138052.51007667,146708754.67573133,0.08098010646542504,0.1008069580559653,yfinance_info_static_sharesOutstanding,1,1,1,42001536537.5,0.003215477602335324,2020,12,2.0
2018-09-10,0142.HK,1,Hang Seng Corporate Sustainability Benchmark Index,,2018-05-11,2018-05-13,120,4.03000020980835,0.007500052452087402,-0.02891563440999334,-0.25508311950579576,-0.23962262928719325,-0.3603174463811769,4418518.0,17806628.46704197,7122326.25,6229707.1,28533927.156152368,27166107.876788855,0.016881528050383936,0.01834901987274824,yfinance_info_static_sharesOutstanding,1,1,1,17176344611.09837,0.0010366948771822117,2018,9,0.0
2018-09-10,0144.HK,0,Hang Seng Index,Exclusion,2018-05-11,2018-05-13,120,17.8799991607666,0.045613962684007525,0.013605429672463698,-0.020810573020376366,-0.057955764383549546,-0.33900186081078887,6111707.0,109277316.03085136,3936968.9,5267976.9,68280816.14768906,94245550.23201033,0.011499542922094274,0.01312066964924036,yfinance_info_static_sharesOutstanding,1,1,1,75060400722.57048,0.0014558584150749403,2018,9,0.0
2024-09-09,0144.HK,1,Hang Seng Corporate Sustainability Benchmark Index,,2024-05-10,2024-05-12,120,11.5,0.09942638222372957,0.15230466207246618,0.1929460156052374,0.0,-0.08730161493387334,9424730.0,108384395.0,3912869.45,4130030.8833333333,40802862.97235189,40671999.9549503,0.014120148525926583,0.01388613689515719,yfinance_info_static_sharesOutstanding,1,1,1,48277105639.0,0.0022450474933286627,2024,9,0.0
2020-09-07,0148.HK,1,Hang Seng ESG 50 Index,,2020-05-08,2020-05-10,120,19.139999389648438,0.0010459492435797024,0.04819272452005263,-0.10560748921345309,-0.1660131262149478,-0.24347826218068302,1648602.0,31554241.273773193,1762514.35,2048191.5333333334,33647628.725520514,39529123.1891744,0.021204811566962804,0.029586881142746588,,0,0,0,,,2020,9,0.0
2021-09-06,0148.HK,0,Hang Seng ESG 50 Index,Removal,2021-05-07,2021-05-09,120,44.150001525878906,-0.04021735813306726,-0.04849137771569034,0.3358548425130188,-0.06659614718795914,-0.06659614718795914,1965470.0,86775503.49906921,4793090.55,3365017.4833333334,211781616.73095685,138885872.42965788,0.030129275154443778,0.0303868700774299,,0,0,0,,,2021,9,1.0
2019-09-09,0151.HK,1,Hang Seng China Enterprises Index,,2019-05-10,2019-05-12,120,6.170000076293945,-0.01907788335243965,-0.07078310235575513,-0.0419254625042732,-0.08047689400641989,-0.23921080918740012,19540992.0,120567922.13085938,8743631.0,10572653.05,54839532.527696446,67663187.27459203,0.009896821780780735,0.012787848938583082,yfinance_info_static_sharesOutstanding,1,1,1,72816311803.34605,0.0016557817767051345,2019,9,0.0
2020-09-07,0151.HK,0,Hang Seng Index,Removal,2020-05-08,2020-05-10,120,5.550000190734863,-0.0017985165733075403,0.01462530230561665,-0.1204437018916833,-0.136858423187724,-0.2469470451947171,11803272.0,65508161.85129547,18218652.75,18535206.283333335,102879690.46015052,106042741.15046337,0.02755419624001709,0.027791858670822994,yfinance_info_static_sharesOutstanding,1,1,1,65499277050.24013,0.0010001356473148327,2020,9,1.0
2020-12-07,0151.HK,0,Hang Seng China Enterprises Index,Removal,2020-08-07,2020-08-09,120,5.789999961853027,0.010471194167507747,-0.0317725847181346,0.05272726579145948,-0.0661290096814866,-0.2143826252700406,8952500.0,51834974.65848923,13484874.9,16238498.716666667,79317298.56788762,94460415.38298208,0.014159482523426421,0.02052225140416321,yfinance_info_static_sharesOutstanding,1,1,1,68331675421.45197,0.0007585790094972003,2020,12,1.0
2018-09-10,0163.HK,1,Hang Seng Corporate Sustainability Benchmark Index,,2018-05-11,2018-05-13,120,2.4600000381469727,0.01652890933552542,0.0336134117055904,-0.023809501283202916,-0.02766795811635747,-0.20900317648686761,122000.0,300120.00465393066,693952.8,1037472.0833333334,1647088.2193686008,2505183.282643163,0.006884957410941655,0.012484657386898924,yfinance_info_static_sharesOutstanding,1,1,1,13570143720.430851,2.2116199418144547e-05,2018,9,0.0
2019-09-09,0163.HK,0,Hang Seng Corporate Sustainability Benchmark Index,Exclusion,2019-05-10,2019-05-12,120,2.190000057220459,-0.051948003693320643,-0.09876543331005727,0.028168985706974903,-0.12399997711181643,-0.12399997711181643,672000.0,1471680.0384521484,379803.6,881786.5833333334,879429.7238731623,2057074.7858487924,0.014251466647854382,0.013990037868977472,yfinance_info_static_sharesOutstanding,1,1,1,12080737830.646276,0.00012182037712289455,2019,9,1.0
2024-09-09,0165.HK,0,Hang Seng Corporate Sustainability Benchmark Index,Removal,2024-05-10,2024-05-12,120,4.480000019073486,0.027522908689077363,0.13417720632701324,0.08212564337025285,0.0,-0.24451936783131,3042383.0,13629875.89802885,1592337.3,1364410.2166666666,6545866.361480665,5657859.244723467,0.021222424124463856,0.02072415626415098,,0,0,0,,,2024,9,0.0
2017-03-06,0168.HK,0,Hang Seng China AH Index Series,Exclusion,2016-11-04,2016-11-06,120,31.5,0.019417488313168585,-0.014084530585095734,0.09947645442991204,-0.03522209715571978,-0.1611184916107643,2227336.0,70161084.0,1893738.5,2288280.1,60102267.214463614,68231195.78324309,0.0141966409388274,0.020904379595859807,yfinance_info_static_sharesOutstanding,1,1,1,20634679107.0,0.0034001538689399304,2017,3,0.0
2017-09-04,0168.HK,1,Hang Seng China AH Index Series,,2017-05-05,2017-05-07,120,33.599998474121094,-0.048158662880498526,-0.06145253658726302,0.05164311961756085,-0.08571432723480021,-0.08571432723480021,1183302.0,39758945.39442444,923788.6,2395637.033333333,32062407.816828538,84530843.39734656,0.014152282763961724,0.017319095945764244,yfinance_info_static_sharesOutstanding,1,1,1,22010323381.24376,0.0018063771579251435,2017,9,0.0
2019-09-09,0168.HK,0,Hang Seng Corporate Sustainability Benchmark Index,Exclusion,2019-05-10,2019-05-12,120,49.400001525878906,-0.03984449381266497,0.17061612873861787,0.45294122134937953,-0.06616256898003647,-0.06616256898003647,4422142.0,218453821.5476532,3389745.1,3049547.65,163010568.10318166,121949321.15571555,0.031582875752656524,0.026955102423067735,yfinance_info_static_sharesOutstanding,1,1,1,32360418392.75624,0.006750648860478061,2019,9,1.0
2018-09-10,0173.HK,1,Hang Seng Corporate Sustainability Benchmark Index,,2018-05-11,2018-05-13,120,4.869999885559082,0.033970243336783,-0.05252918053305755,-0.03944778685022354,-0.11454547535289417,-0.1574394967503714,4516000.0,21992919.483184814,3640663.75,4391328.466666667,17637234.12934897,22227479.73133792,0.01354191620301217,0.015770991096017126,yfinance_info_static_sharesOutstanding,1,1,1,15353787955.288845,0.001432410005089918,2018,9,0.0
2024-09-09,0173.HK,1,Hang Seng Composite Index,,2024-05-10,2024-05-12,120,1.899999976158142,0.01063828775385156,0.06741573409952317,-0.025641061693801315,-0.09523806550335046,-0.32624112725659593,1606000.0,3051399.961709976,690263.5,987765.7833333333,1250969.5962957025,1907772.9020864686,0.013203178052184185,0.018877674797472394,yfinance_info_static_sharesOutstanding,1,1,1,5990184278.133093,0.0005094000150961932,2024,9,1.0
2017-03-06,0175.HK,1,Hang Seng Index,,2016-11-04,2016-11-06,120,7.619999885559082,-0.07299274476624829,0.0627614790065294,0.4007352583471264,-0.16171619827864414,-0.16171619827864414,107757104.0,821109120.1481781,73980015.0,68875304.18333334,606173669.0017107,484356013.3481003,0.032570863798134855,0.025644919941733967,yfinance_info_static_sharesOutstanding,1,1,1,82293993157.2082,0.00997775279393228,2017,3,0.0
2018-09-10,0175.HK,1,Hang Seng Corporate Sustainability Benchmark Index,,2018-05-11,2018-05-13,120,23.549999237060547,0.12679424243533188,0.004264327115892197,0.07534244964708381,-0.14363639137961648,-0.19210979261591066,76876011.0,1810430000.3982582,48618778.65,55188427.06666667,1070320211.4282181,1305260172.0649502,0.024520014678551173,0.02593478288143427,yfinance_info_static_sharesOutstanding,1,1,1,254333793329.80472,0.007118322644803248,2018,9,1.0
2019-09-09,0175.HK,1,Hang Seng China Enterprises Index,,2019-05-10,2019-05-12,120,13.779999732971191,-0.12229299997576326,-0.20438799216092918,0.002911205423533403,-0.2678002148554286,-0.4352459037537795,94555431.0,1302973813.930976,102005298.5,85291271.61666666,1677734194.870694,1335606285.6952806,0.04129501677275029,0.0344309602895437,yfinance_info_static_sharesOutstanding,1,1,1,148820370178.81915,0.008755345873453698,2019,9,2.0
2020-09-07,0175.HK,0,Hang Seng ESG 50 Index,Removal,2020-05-08,2020-05-10,120,12.960000038146973,0.06930694393724757,0.15508018981348348,-0.054014582585447335,-0.141721873460937,-0.20685435023729803,56154482.0,727762088.8621235,49510138.65,52647710.666666664,580613962.3103311,663851993.8907491,0.02884336969803071,0.037141161595132643,yfinance_info_static_sharesOutstanding,1,1,1,139964589301.09726,0.005199615792081049,2020,9,3.0
2021-09-06,0175.HK,1,Hang Seng ESG 50 Index,,2021-05-07,2021-05-09,120,19.219999313354492,-0.046153862172808036,-0.07149765193413438,-0.31601426859663195,-0.36462812187257876,-0.431360954225099,58313874.0,1120792618.2390404,67038213.5,72133541.96666667,1416093924.6134107,1674113495.988761,0.03347243422304197,0.035868880567567984,yfinance_info_static_sharesOutstanding,1,1,1,207570933822.74924,0.00539956436866116,2021,9,3.0
2017-09-04,0177.HK,1,Hang Seng China AH Index Series,,2017-05-05,2017-05-07,120,10.960000038146973,-0.0335097098172612,-0.01792113010749863,0.11382112481619489,-0.06003428974490932,-0.06003428974490932,3136000.0,34370560.119628906,3715837.5,3627957.4833333334,41629649.73016286,39080466.12261405,0.01693731235188667,0.016286946548209745,yfinance_info_static_sharesOutstanding,1,1,1,13393120046.6156,0.0025662847790507365,2017,9,0.0
2020-03-09,0178.HK,0,Hang Seng Stock Connect Greater Bay Area Composite Index,Removal,2019-11-08,2019-11-10,120,2.0199999809265137,0.0306122151080499,0.16763003390505093,0.11602212419105618,-0.004926103745908295,-0.4228571483067104,5010370.0,10120947.304434776,8539467.35,9272436.95,16359908.331943214,16849455.258332677,0.021456964626534937,0.026944453474446104,yfinance_info_static_sharesOutstanding,1,1,1,6268442645.971358,0.0016145872070695852,2020,3,0.0
2021-03-15,0178.HK,0,Hang Seng Composite Index,Removal,2020-11-13,2020-11-15,120,1.2699999809265137,0.03252029368516429,-0.02307690191550993,0.04098356651125812,-0.13013702209323663,-0.3743842370317615,5001426.0,6351810.92460537,12989183.05,7422015.966666667,15447568.939231258,9366717.852512123,0.028277326718788673,0.026443660698554743,yfinance_info_static_sharesOutstanding,1,1,1,3941050552.4713583,0.0016117050111479206,2021,3,0.0
2018-09-10,0179.HK,1,Hang Seng Corporate Sustainability Benchmark Index,,2018-05-11,2018-05-13,120,26.649999618530273,0.04921259916429599,-0.07785467230793086,-0.10570468789183052,-0.1874999927311407,-0.21617648180793314,1198949.0,31951990.392637253,824104.3,752576.75,22135180.719548512,21747671.973765563,0.02345820992245331,0.02573355950891777,yfinance_info_static_sharesOutstanding,1,1,1,24720780402.245235,0.0012925154413707446,2018,9,0.0
2018-09-10,0200.HK,0,Hang Seng Corporate Sustainability Benchmark Index,Exclusion,2018-05-11,2018-05-13,120,28.649999618530273,-0.008650519145325664,0.1599189770681102,0.2621144782208522,-0.04500001271565757,-0.04500001271565757,3229400.0,92522308.76808167,5683144.3,4328385.45,158290909.67977485,107892965.98145148,0.026374824478998343,0.025532092515342792,yfinance_info_static_sharesOutstanding,1,1,1,65176245838.439705,0.0014195710044028614,2018,9,0.0
2024-09-09,0200.HK,0,Hang Seng Stock Connect Greater Bay Area Composite Index,Removal,2024-05-10,2024-05-12,120,6.260000228881836,-0.0339505848061874,0.09824569093957503,0.11586454187127382,-0.0339505848061874,-0.2853881203972424,2666000.0,16689160.610198975,5119885.4,3762116.05,29760964.92503109,20790416.986884203,0.03893001702960875,0.028564648137932774,yfinance_info_static_sharesOutstanding,1,1,1,14240953553.186178,0.0011719131410596485,2024,9,0.0
2019-09-09,0215.HK,0,Hang Seng Corporate Sustainability Benchmark Index,Exclusion,2019-05-10,2019-05-12,120,3.380000114440918,-0.011695895017748925,0.030487848757137836,0.08681679371464202,-0.011695895017748925,-0.011695895017748925,50825070.0,171788742.41646767,10307933.25,10059654.35,34647460.02490938,32809668.77502948,0.007053484236565825,0.01087390920423571,yfinance_info_static_sharesOutstanding,1,1,1,16288545734.541794,0.010546597910958327,2019,9,0.0
2020-09-07,0215.HK,0,Hang Seng Stock Connect Greater Bay Area Composite Index,Removal,2020-05-08,2020-05-10,120,1.3600000143051147,0.014925358528601551,-0.007299263086460783,-0.0810810832580221,-0.12258060893952794,-0.6023391859748531,1800000.0,2448000.0257492065,2781092.45,3747135.3833333333,3706274.81477443,5096615.072041017,0.014277107010502537,0.021063134948077575,yfinance_info_static_sharesOutstanding,1,1,1,6553970911.817724,0.00037351402053602663,2020,9,0.0
2024-09-09,0215.HK,0,Hang Seng Corporate Sustainability Benchmark Index,Removal,2024-05-10,2024-05-12,120,1.0800000429153442,0.05882359128509962,0.03846161781683777,0.01886802001456611,-0.009174302896359121,-0.21739127054556995,4462000.0,4818960.191488266,2006895.0,2672627.7666666666,2083801.3720989227,2785364.8035760364,0.010719534921740752,0.01028536925761095,yfinance_info_static_sharesOutstanding,1,1,1,5204624111.453173,0.0009258997553509726,2024,9,0.0
2020-12-07,0241.HK,1,Hang Seng China Enterprises Index,,2020-08-07,2020-08-09,120,20.850000381469727,-0.025700899386199128,-0.060810825904267896,0.027093653452216593,-0.1202531767815963,-0.1202531767815963,43118626.0,899023368.5484505,43523706.65,43109560.166666664,921110183.7335962,905302924.776516,0.04496806543607741,0.03867461077048787,,0,0,0,,,2020,12,0.0
2021-03-15,0241.HK,1,Hang Seng Index,,2020-11-13,2020-11-15,120,20.299999237060547,-0.06880734185760717,-0.016949171328587087,0.05839410396581335,-0.11739133751910669,-0.1434599753766933,34880707.0,708078325.4881325,29826822.0,30124397.433333334,617860369.1929119,595087193.1389844,0.040545894864527345,0.03546862975030639,,0,0,0,,,2021,3,1.0
2022-12-05,0241.HK,0,Hang Seng China Enterprises Index,Removal,2022-08-05,2022-08-07,120,4.75,0.006355976936840424,-0.14104885718175797,0.23376626432756353,-0.17534725499097814,-0.6433933852231455,27401222.0,130155804.5,44323036.55,92118602.88333334,222201663.96565524,440602780.5642998,0.029905260934692816,0.04953181812146968,,0,0,0,,,2022,12,2.0
2019-03-11,0242.HK,0,Hang Seng Composite LargeCap & MidCap Index,Exclusion,2018-11-09,2018-11-11,120,2.4800000190734863,-0.05343506587815028,0.01639342660450316,-0.18151813779193393,-0.2176656279539083,-0.3386666615804036,1961337.0,4864115.797409534,1766989.55,2501846.8666666667,4426982.7304316405,6980626.946608031,0.019636072317188086,0.021862329987406132,yfinance_info_static_sharesOutstanding,1,1,1,7483801284.35733,0.0006499525592129935,2019,3,0.0
2016-09-05,0245.HK,1,Hang Seng Composite LargeCap & MidCap Index,,2016-05-06,2016-05-08,120,16.0,0.012658215623466695,-0.12087915773164692,0.15942027383029944,-0.23809523809523814,-0.5744680678374947,86010.0,1376160.0,226240.6,638190.8166666667,3823825.8165807724,11704111.922914378,0.019680165467135382,0.037177576117719276,yfinance_info_static_sharesOutstanding,1,1,1,29745567392.0,4.6264372162223906e-05,2016,9,0.0
2017-09-04,0245.HK,0,Hang Seng Composite LargeCap & MidCap Index,Exclusion,2017-05-05,2017-05-07,120,8.5,-0.08602152412124298,-0.21296297686253696,-0.3656716237330543,-0.3928571428571429,-0.5526315789473684,195050.0,1657925.0,407979.9,479750.85,3956161.6655953405,5418482.859590308,0.03314841173955077,0.026515204569427433,yfinance_info_static_sharesOutstanding,1,1,1,15802332677.0,0.00010491647238974274,2017,9,1.0
2021-09-06,0257.HK,0,Hang Seng Corporate Sustainability Index,Removal,2021-05-07,2021-05-09,120,4.840000152587891,-0.010224890646804763,-0.0850661271285732,0.0590809564080077,-0.10865556066347981,-0.10865556066347981,9183010.0,44445769.801216125,15257650.6,20320599.733333334,77015262.80647877,101571991.5241896,0.008462771889468338,0.02113290264209831,,0,0,0,,,2021,9,0.0
2018-03-05,0267.HK,1,Hang Seng China Enterprises Index,,2017-11-03,2017-11-05,120,11.460000038146973,0.0017482918266857883,-0.02881357178746935,-0.05601320312563218,-0.05289258868973823,-0.09191757986776872,6299591.0,72193313.10031033,6257224.5,7688395.033333333,72271842.57544999,89801934.95922881,0.007662482576116202,0.010547362573524021,yfinance_info_static_sharesOutstanding,1,1,1,333374410849.50543,0.00021655325289168762,2018,3,0.0
2021-03-15,0267.HK,0,Hang Seng China 50 Index,Removal,2020-11-13,2020-11-15,120,6.190000057220459,0.018092127449790052,0.09946712813435732,-0.20539151636298236,-0.19922379793701617,-0.4214953114428531,11534798.0,71400400.28002644,16234068.9,15654721.65,96699468.34406218,98255761.77646263,0.02408419454413532,0.01910475789683741,yfinance_info_static_sharesOutstanding,1,1,1,180068727344.25818,0.00039651749269889626,2021,3,1.0
2024-09-09,0267.HK,1,Hang Seng Corporate Sustainability Benchmark Index,,2024-05-10,2024-05-12,120,8.220000267028809,0.07732636221999889,0.14008324875701583,0.07732636221999889,-0.013205241018574565,-0.22306235101092187,35329712.0,290410242.0740509,18019704.85,15258771.366666667,133041824.85356438,116574353.79414171,0.019681421363879383,0.021967326546627988,yfinance_info_static_sharesOutstanding,1,1,1,239121966586.53818,0.0012144858384181593,2024,9,1.0
2019-03-11,0268.HK,1,Hang Seng Composite LargeCap & MidCap Index,,2018-11-09,2018-11-11,120,7.119999885559082,-0.04812835997278453,0.045521284197399314,-0.2964426910993254,-0.22692726861360502,-0.35855859091273845,14957000.0,106493838.28830719,35206529.45,34741161.96666667,239107045.35258514,270808301.23346597,0.04754931680529934,0.04401437578578277,yfinance_info_static_sharesOutstanding,1,1,1,25019470063.377983,0.0042564386063550785,2019,3,0.0
2018-03-05,0270.HK,1,Hang Seng China Enterprises Index,,2017-11-03,2017-11-05,120,11.420000076293945,0.01782529451918613,0.0017544261783273285,0.04007291005478497,-0.023931601498784816,-0.05619837055684329,3527811.0,40287601.88915062,5075443.25,6306046.733333333,56952707.67682128,70605182.05797197,0.01182868859437428,0.012696456023257842,yfinance_info_static_sharesOutstanding,1,1,1,74661921343.59619,0.0005396003901874689,2018,3,0.0
2021-06-07,0270.HK,0,Hang Seng China Enterprises Index,Removal,2021-02-05,2021-02-07,120,13.279999732971191,-0.024963300693444435,-0.08413794945026265,-0.007473870001077021,-0.08413794945026265,-0.18327186063733358,6845114.0,90903112.09215736,10335235.4,10878759.383333333,142230060.65151435,146100255.77868146,0.018618321231912156,0.02232670839525171,yfinance_info_static_sharesOutstanding,1,1,1,86822266977.41333,0.001047002287049308,2021,6,1.0
2024-06-11,0285.HK,1,Hang Seng Index,,2024-02-09,2024-02-12,120,28.700000762939453,0.06890131676670253,-0.17882689166139942,-0.22537108356452318,-0.2545454347288454,-0.2816019971252748,565210.0,16221527.431221008,4918236.05,4861293.5,143286719.31077737,159647146.2370451,0.0410763163348499,0.02973995003201966,,0,0,0,,,2024,6,0.0
2017-09-04,0288.HK,1,Hang Seng Index,,2017-05-05,2017-05-07,120,6.789999961853027,0.0,0.013432858977612705,0.14890019241307684,-0.03000000544956749,-0.0569444247601939,31698905.0,215235563.74078274,31946447.75,29065506.933333334,219789750.0502472,187602947.14379323,0.011423074463224785,0.01545344166877373,yfinance_info_static_sharesOutstanding,1,1,1,87117190255.06596,0.0024706440039056073,2017,9,0.0
2018-09-10,0288.HK,1,Hang Seng Corporate Sustainability Benchmark Index,,2018-05-11,2018-05-13,120,7.96999979019165,-0.007471973197356596,-0.08179729147714043,-0.12127893513163857,-0.1783505209372318,-0.1817248483080114,23820310.0,189847865.70230007,34628348.9,35745361.63333333,280438106.3657221,311981221.50726193,0.031399777025422945,0.025948531934664613,yfinance_info_static_sharesOutstanding,1,1,1,102256847121.61281,0.0018565785181750844,2018,9,1.0
2019-09-09,0288.HK,0,Hang Seng Corporate Sustainability Benchmark Index,Exclusion,2019-05-10,2019-05-12,120,7.699999809265137,-0.15011043569124916,-0.12797283399824122,0.10632180561240068,-0.1979167184068077,-0.1979167184068077,176530106.0,1359281782.5295544,89916830.65,79378825.36666666,778001664.74895,657335623.2269155,0.03329475812775374,0.03038350659006529,yfinance_info_static_sharesOutstanding,1,1,1,98792688087.82983,0.013758931038713207,2019,9,2.0
2020-09-07,0288.HK,1,Hang Seng ESG 50 Index,,2020-05-08,2020-05-10,120,7.130000114440918,-0.04679143098129579,-0.04679143098129579,-0.10088268993888605,-0.17572249377134885,-0.21302430637828085,59831054.0,426595421.86712074,50325933.75,48698344.25,379598376.04415846,361157761.0443685,0.024987199679265302,0.034392502876633514,yfinance_info_static_sharesOutstanding,1,1,1,91479466859.80211,0.004663291517875858,2020,9,2.0
2021-09-06,0288.HK,1,Hang Seng Corporate Sustainability Index,,2021-05-07,2021-05-09,120,6.869999885559082,0.011782021230560158,-0.007225461009191414,0.08188976200568976,-0.0753701151706162,-0.07785234074566583,27034415.0,185726427.95615673,34900353.35,44521734.8,235656785.82682055,304253363.6163512,0.013607694437641295,0.024787675251745613,yfinance_info_static_sharesOutstanding,1,1,1,88143606840.19789,0.0021070890404209803,2021,9,3.0
2016-03-14,0291.HK,0,Hang Seng Index,Exclusion,2015-11-13,2015-11-15,120,13.178260803222656,0.007002754783194787,-0.04260987733047772,-0.408230466914559,-0.4371819884981284,-0.4426356834283517,4595542.0,60561251.00816345,6184040.6,9216456.716666667,83223891.70120096,149667720.50613022,0.01578988206905792,0.08829876256049517,yfinance_info_static_sharesOutstanding,1,1,1,42750278045.6543,0.0014166282367447595,2016,3,0.0
2019-06-17,0291.HK,1,Hang Seng China Enterprises Index,,2019-02-15,2019-02-17,120,30.899999618530273,0.04745761418746697,0.13186814952663517,0.054607522973787015,-0.019047631157769085,-0.20667524998019193,10486582.0,324035379.79968643,7373595.85,7296201.816666666,208393344.26055783,201037576.60118464,0.02350812368931488,0.025556566508958763,yfinance_info_static_sharesOutstanding,1,1,1,100239598762.5122,0.0032326085080147966,2019,6,0.0
2021-12-06,0291.HK,1,Hang Seng Index,,2021-08-06,2021-08-08,120,59.0,0.01461734224964406,-0.06571657047669643,-0.0845616323708892,-0.19999999999999996,-0.21750664713514722,4500253.0,265514927.0,10985733.7,9014194.3,693080392.0160383,599168495.1396534,0.023891593748417733,0.021748425731068086,yfinance_info_static_sharesOutstanding,1,1,1,191396000000.0,0.0013872543156596795,2021,12,1.0
2026-03-09,0291.HK,0,Hang Seng HKEX Stock Connect China Enterprises Index,Removal,2025-11-07,2025-11-09,120,26.700000762939453,0.0037594127832940583,-0.021977966699229023,-0.011111082854094345,-0.06903764020807923,-0.1656249761581421,10832791.0,289235527.96476364,11279615.55,12589834.083333334,300732934.97713345,344471771.54363286,0.01748909238705355,0.017371122161259904,yfinance_info_static_sharesOutstanding,1,1,1,86614802474.97559,0.0033393313810110973,2026,3,2.0
2017-12-04,0293.HK,0,Hang Seng Index,Exclusion,2017-08-04,2017-08-06,120,10.66240119934082,-0.0016312744639823684,-0.006493497261097381,0.1167883576235782,-0.03924645513713054,-0.05409579367931738,2367091.0,25238873.91734886,6640050.5,11411285.433333334,71754830.29375644,117851368.92358966,0.010706263952235432,0.016856524990877857,yfinance_info_static_sharesOutstanding,1,1,1,64839426885.71629,0.0003892519587169396,2017,12,0.0
2021-09-06,0293.HK,0,Hang Seng Corporate Sustainability Index,Removal,2021-05-07,2021-05-09,120,6.510000228881836,-0.04963498985172177,-0.08309854699656727,0.02519690183499712,-0.17490489999443393,-0.18236169490014986,13014290.0,84723030.87873459,8172765.4,14196090.416666666,56284181.468345,101890864.69930013,0.013336963887979392,0.021504940914752132,yfinance_info_static_sharesOutstanding,1,1,1,39588144919.239746,0.002140111163368996,2021,9,0.0
2017-09-04,0297.HK,0,Hang Seng Composite LargeCap & MidCap Index,Exclusion,2017-05-05,2017-05-07,120,1.0,0.0,-0.09090911061310525,-0.2248061786269011,-0.24242427252759713,-0.24242427252759713,8012000.0,8012000.0,14184450.1,15542606.066666666,14652425.505920898,18126418.832350668,0.02057542066839504,0.022005836338478777,yfinance_info_static_sharesOutstanding,1,1,1,7024455733.0,0.0011405865884186077,2017,9,0.0
2018-09-10,0297.HK,0,Hang Seng Corporate Sustainability Benchmark Index,Exclusion,2018-05-11,2018-05-13,120,1.0099999904632568,0.0631578980390386,0.009999990463256836,-0.10619469493340472,-0.11403508496746784,-0.43575418324719184,12149880.0,12271378.684129715,6293531.85,11170444.833333334,6053135.348563773,11586531.917387314,0.023250487783891893,0.01967746546365245,yfinance_info_static_sharesOutstanding,1,1,1,7094700223.33957,0.0017296542909255458,2018,9,0.0
2024-12-09,0300.HK,1,Hang Seng Composite Index,,2024-07-05,2024-08-11,120,2.490000009536743,,,,0.0,0.0,0.0,0.0,0.0,0.0,0.0,0.0,,,,0,0,0,,,2024,12,0.0
2025-06-09,0300.HK,1,Hang Seng Index,,2025-02-07,2025-02-09,120,75.30000305175781,0.006684491705889695,-0.017612504204129742,0.07494646354434753,-0.06575676827171395,-0.2073683889288651,5541290.0,417259153.91067505,4001525.2,4554473.916666667,301635244.470945,334994234.5331965,0.019847662631332277,0.021507283356029906,,0,0,0,,,2025,6,1.0
2020-03-09,0302.HK,1,Hang Seng Composite Index,,2019-11-08,2019-11-10,120,3.440000057220459,-0.011494241848790776,,,-0.1924882928648599,-0.1924882928648599,81766000.0,281275044.67868805,220910843.57142857,220910843.57142857,790341732.780378,790341732.780378,0.1342091077014241,0.1342091077014241,yfinance_info_static_sharesOutstanding,1,1,1,10304223564.278952,0.02729706347344479,2020,3,0.0
2024-09-09,0302.HK,0,Hang Seng Composite Index,Removal,2024-05-10,2024-05-12,120,1.350000023841858,0.03053441435840476,0.24999997240525818,0.2272727223467237,0.0,-0.44672131467909937,12120000.0,16362000.288963318,17748794.0,17170456.266666666,21640978.941263,19759230.988659304,0.03792302822113194,0.04085271131383957,yfinance_info_static_sharesOutstanding,1,1,1,4043808670.3662295,0.004046185569774122,2024,9,1.0
2020-09-07,0308.HK,0,Hang Seng Stock Connect Greater Bay Area Composite Index,Removal,2020-05-08,2020-05-10,120,1.0700000524520874,-0.018348605792718242,0.163043514175766,-0.1439999580383301,-0.18939393186810072,-0.3668638957255923,6090000.0,6516300.319433212,8560660.8,7762913.416666667,8871189.173763085,8302547.242770303,0.03220040917211374,0.033571233974787576,,0,0,0,,,2020,9,0.0
2025-03-10,0308.HK,1,Hang Seng Composite Index,,2024-11-08,2024-11-10,120,1.0499999523162842,0.02941173720662249,-0.05405410920322551,-0.018691681453631315,-0.15322585141869627,-0.27083339542150253,1393254.0,1462916.6335644722,4264521.5,6016280.916666667,4413368.339911032,6332257.340995679,0.022483853831832004,0.02844540409952602,,0,0,0,,,2025,3,0.0
2024-06-11,0314.HK,0,Hang Seng Hong Kong-Listed Biotech Index,Removal,2024-02-09,2024-02-12,120,6.630000114440918,0.039184952275178375,0.006069796802253391,-0.11599998474121098,-0.11952192168535647,-0.8425178063007203,413000.0,2738190.047264099,457660.0,420396.6666666667,2985254.729733467,2854081.3770866394,0.018399199215028014,0.01594360668120408,,0,0,0,,,2024,6,0.0
2024-09-09,0314.HK,0,Hang Seng Stock Connect Greater Bay Area Composite Index,Removal,2024-05-10,2024-05-12,120,6.090000152587891,-0.04843749033752842,-0.011363587103598194,-0.06307689960186302,-0.24159397819375505,-0.8553444091849215,978200.0,5957238.149261475,609924.4,676887.3166666667,3694922.1379317762,4271477.652130246,0.03013609928120384,0.03894546436177977,,0,0,0,,,2024,9,0.0
2019-03-11,0315.HK,0,Hang Seng Composite LargeCap & MidCap Index,Exclusion,2018-11-09,2018-11-11,120,10.119999885559082,-0.05772810975530707,-0.032504794583932184,0.2810126282774934,-0.06985296147865794,-0.06985296147865794,1395079.0,14118199.320345879,2243832.4,2311147.75,23450337.487148333,22837170.465557884,0.016553492282227314,0.017383566260455764,yfinance_info_static_sharesOutstanding,1,1,1,11141630076.126087,0.001267157428839599,2019,3,0.0
2020-09-07,0315.HK,0,Hang Seng Stock Connect Greater Bay Area Composite Index,Removal,2020-05-08,2020-05-10,120,4.670000076293945,-0.04887979197080006,-0.09143965027240486,-0.20307167749274146,-0.22166665395100915,-0.43187348849296836,618914.0,2890328.427219391,753156.5,868497.2833333333,3698830.4186971905,4361442.470648154,0.01452230741699667,0.02423410593337231,yfinance_info_static_sharesOutstanding,1,1,1,5141444060.665941,0.0005621627684975773,2020,9,0.0
2021-09-06,0315.HK,0,Hang Seng Composite Index,Removal,2021-05-07,2021-05-09,120,4.679999828338623,0.021834040676500743,0.008620681681899223,0.11961722979274114,-0.07874017743599027,-0.07874017743599027,199924.0,935644.2856807709,532650.75,1490060.8833333333,2490419.735209656,7146101.112392608,0.008713250538823108,0.018082745885810367,yfinance_info_static_sharesOutstanding,1,1,1,5152453303.689133,0.00018159199715810215,2021,9,0.0
2018-09-10,0316.HK,1,Hang Seng Corporate Sustainability Index,,2018-05-11,2018-05-13,120,72.80000305175781,-0.008849474792250955,0.04748205829867347,0.006915629030362025,-0.025434992959917135,-0.03894385410220713,168362.0,12256754.113800049,788548.15,700615.9,57121814.20522461,50647976.33900388,0.009106338952313156,0.007447249148253409,yfinance_info_static_sharesOutstanding,1,1,1,48075178036.89937,0.00025494973943502745,2018,9,0.0
2019-03-11,0316.HK,0,Hang Seng Composite LargeCap & MidCap Index,Exclusion,2018-11-09,2018-11-11,120,46.79999923706055,-0.026014568571228747,-0.014736858167146427,-0.43307089634245644,-0.43307089634245644,-0.43307089634245644,23000.0,1076399.9824523926,18854.95,1046772.3333333334,884343.6248317718,69323681.77322598,0.013600789920080352,0.04147904997478818,yfinance_info_static_sharesOutstanding,1,1,1,30905469795.775158,3.4828785634559056e-05,2019,3,1.0
2019-09-09,0316.HK,0,Hang Seng Corporate Sustainability Benchmark Index,Exclusion,2019-05-10,2019-05-12,120,49.849998474121094,-0.08279669045699578,-0.003000030517578134,-0.04134618318997896,-0.08279669045699578,-0.39612360228665566,5500.0,274174.991607666,10205.35,8276.533333333333,523971.27150154114,421501.3130058289,0.02558361583016653,0.019407859015580155,yfinance_info_static_sharesOutstanding,1,1,1,32919607847.800316,8.328622651742383e-06,2019,9,1.0
2022-06-13,0316.HK,1,Hang Seng Index,,2022-02-11,2022-02-13,120,203.39999389648438,0.018527776688955777,0.08422168059126012,0.576744138732437,-0.045070451190214245,-0.045070451190214245,570588.0,116057595.71740723,957178.15,798971.4333333333,190883826.20759353,144410772.5813492,0.03255623024747967,0.026880136050788886,yfinance_info_static_sharesOutstanding,1,1,1,134319924579.20126,0.0008640385712022514,2022,6,1.0
2016-03-14,0317.HK,1,Hang Seng China AH Index Series,,2015-11-13,2015-11-15,120,17.8799991607666,-0.03246755391407974,-0.1362319564365274,-0.2960630145945964,-0.23426129042139332,-0.54329505839361,1356936.0,24262014.54121399,2215546.0,3391389.683333333,42541384.88393631,65349630.56539815,0.022033954909719308,0.03901492009967347,yfinance_info_static_sharesOutstanding,1,1,1,10586232505.474077,0.0022918459922987946,2016,3,0.0
2018-09-10,0317.HK,0,Hang Seng Composite LargeCap & MidCap Index,Exclusion,2018-05-11,2018-05-13,120,10.119999885559082,-0.001972431665334451,-0.05243449472050199,-0.07832419786258815,-0.1566666762034098,-0.31436316201698755,664000.0,6719679.9240112305,729115.0,966367.1666666666,7515536.422009468,10522279.588698292,0.01743975860718853,0.020572822379624798,yfinance_info_static_sharesOutstanding,1,1,1,5991760445.882829,0.0011214867457908107,2018,9,1.0
2020-09-07,0317.HK,0,Hang Seng Composite Index,Removal,2020-05-08,2020-05-10,120,5.309999942779541,0.08367343661885474,0.12262154785776613,0.009505648616356499,-0.020295227300000218,-0.34686348486666685,628000.0,3334679.9640655518,940499.4,912395.0166666667,4775843.681127071,4413477.605083148,0.02046251598913489,0.02667847046323974,yfinance_info_static_sharesOutstanding,1,1,1,3143898022.1914144,0.0010606832475250438,2020,9,1.0
2024-09-09,0317.HK,1,Hang Seng Composite Index,,2024-05-10,2024-05-12,120,12.319999694824219,0.10791365302292033,0.10592453457227657,0.1891891991409198,0.0,-0.0064516069489635175,4495800.0,55388254.62799072,1614774.25,1261822.95,18286968.63504529,14219615.902946392,0.029833051842447368,0.02507406693570071,yfinance_info_static_sharesOutstanding,1,1,1,7294316966.35421,0.007593343541756516,2024,9,1.0
2020-03-09,0321.HK,0,Hang Seng Composite Index,Removal,2019-11-08,2019-11-10,120,2.1500000953674316,0.181318699672967,0.27218936246874104,0.02870822184792665,0.0,-0.3404907663628829,6164000.0,13252600.587844849,3139350.0,1859036.6666666667,6027703.044342995,3524021.4801347256,0.029563177121404858,0.028584767682172826,yfinance_info_static_sharesOutstanding,1,1,1,2970646755.3688087,0.0044611836004713815,2020,3,0.0
2016-09-05,0322.HK,0,Hang Seng Index,Exclusion,2016-05-06,2016-05-08,120,8.4399995803833,-0.08061009806015584,-0.024277462128102778,-0.009389773835924098,-0.10593220809861481,-0.5064327840875819,10863714.0,91689741.60140419,10319658.5,11986537.033333333,93602918.3839179,99215672.12470675,0.02615894728064605,0.02966008936676452,yfinance_info_static_sharesOutstanding,1,1,1,47572195713.22361,0.0019273809044705761,2016,9,0.0
2022-12-05,0322.HK,1,Hang Seng Index,,2022-08-05,2022-08-07,120,12.65999984741211,-0.020123856605766877,-0.10212769468787186,-0.13760220815877455,-0.10970466879904306,-0.3112078114543243,1965814.0,24887204.94004059,6254525.7,7439541.783333333,83115416.72807121,99678718.7226754,0.018261692546120686,0.021572708878746474,yfinance_info_static_sharesOutstanding,1,1,1,71358296257.53586,0.0003487640014585179,2022,12,0.0
2017-09-04,0323.HK,1,Hang Seng China AH Index Series,,2017-05-05,2017-05-07,120,2.509999990463257,-0.027131757873173123,-0.10357141671132053,-0.09712229629683633,-0.2056962271241718,-0.2056962271241718,21244000.0,53322439.79740143,17840951.7,22263824.216666665,48324171.25415005,63555556.457807034,0.026467628622634284,0.02732776272446808,yfinance_info_static_sharesOutstanding,1,1,1,4349654283.473492,0.012259006422648346,2017,9,0.0
2018-09-10,0323.HK,0,Hang Seng Corporate Sustainability Benchmark Index,Exclusion,2018-05-11,2018-05-13,120,4.0,0.047120437147337935,0.1428571428571428,-0.014778311237724773,-0.09706542776546456,-0.15254233521108174,25461273.0,101845092.0,23861563.25,26652397.0,89972802.29335688,100719362.41475339,0.024316064891918492,0.02943641357046329,yfinance_info_static_sharesOutstanding,1,1,1,6931720000.0,0.014692614819986958,2018,9,1.0
2021-03-15,0323.HK,0,Hang Seng Composite Index,Removal,2020-11-13,2020-11-15,120,2.049999952316284,0.04060909773818233,0.15819207593618345,-0.06818186005284876,-0.08071751803481508,-0.3573667976349475,2275255.0,4664272.641507387,4428900.7,4012861.1333333333,8603513.328493875,7987745.729395938,0.02368470510471506,0.019283750125538283,yfinance_info_static_sharesOutstanding,1,1,1,3552506417.3674583,0.0013129526293618322,2021,3,1.0
2025-06-09,0325.HK,1,Hang Seng Composite Index,,2025-02-07,2025-02-09,120,92.6500015258789,-0.00107815066437833,,,-0.07349998474121089,-0.07349998474121089,986405.0,91390424.75513458,2318499.9444444445,2318499.9444444445,201627694.05493122,201627694.05493122,0.03371505186024284,0.03371505186024284,,0,0,0,,,2025,6,0.0
2021-03-15,0327.HK,0,Hang Seng Composite Index,Removal,2020-11-13,2020-11-15,120,4.679999828338623,-0.035051562811695414,-0.05070994091378056,-0.09477760942444191,-0.10344827271213386,-0.10344827271213386,2664000.0,12467519.542694092,3176584.95,3978313.55,15117584.15450654,19020863.419878118,0.025093940238229556,0.03622627732917684,,0,0,0,,,2021,3,0.0
2018-09-10,0330.HK,0,Hang Seng Composite LargeCap & MidCap Index,Exclusion,2018-05-11,2018-05-13,120,24.71969223022461,0.0038609984778927853,0.03585652211964652,-0.16666668809974305,-0.18495297371930386,-0.5666666733537866,434765.0,10747256.992473602,864245.9,631174.3,21354242.14300976,16447750.803948244,0.04788799001176239,0.031165850691748813,yfinance_info_static_sharesOutstanding,1,1,1,6997693340.47831,0.0015358285179926162,2018,9,0.0
2019-09-09,0330.HK,0,Hang Seng Corporate Sustainability Benchmark Index,Exclusion,2019-05-10,2019-05-12,120,14.926891326904297,-0.00632910508432305,-0.08720929690065993,-0.07647059795359967,-0.2378640455233172,-0.4352517790926709,210124.0,3136498.1131744385,232191.35,312289.25,3557422.0462355614,5301825.157592598,0.016045199021476327,0.02415655898937,yfinance_info_static_sharesOutstanding,1,1,1,4225530280.049629,0.0007422732545505744,2019,9,0.0
2024-09-09,0333.HK,1,Hang Seng (China A) Corporate Sustainability Benchmark Index,,2024-05-10,2024-05-12,120,0.3199999928474426,0.06666660043928618,-0.04477616454795885,0.0491802798135097,-0.09859154220139099,-0.2098765631961924,0.0,0.0,51736.0,21125.333333333332,16516.480382442474,6827.093452135722,0.029506220207017413,0.028296462700667616,,0,0,0,,,2024,9,0.0
2024-03-04,0336.HK,0,Hang Seng Stock Connect Greater Bay Area Composite Index,Removal,2023-11-03,2023-11-05,120,2.640000104904175,0.01538469297646361,0.0038022775772321715,-0.18012419830827953,-0.16981130519399357,-0.4197802210470254,1185000.0,3128400.124311447,1022370.0,1124132.6666666667,2682851.3947582245,3120228.159646988,0.017172649085040542,0.019452492250772477,,0,0,0,,,2024,3,0.0
2016-09-05,0338.HK,1,Hang Seng Composite LargeCap & MidCap Index,,2016-05-06,2016-05-08,120,3.5399999618530273,-0.07329842311072465,-0.11278196656845696,0.16831683012502974,-0.11500000953674316,-0.2905811374296354,23986000.0,84910439.08500671,27592884.65,25241365.216666665,105105160.53903739,92255723.37717536,0.022156253670877354,0.028849515647671742,yfinance_info_static_sharesOutstanding,1,1,1,11376866037.403107,0.007463429630431725,2016,9,0.0
2025-03-10,0338.HK,0,Hang Seng Composite Index,Removal,2024-11-08,2024-11-10,120,1.2599999904632568,0.041322273338813664,0.05882347048478298,0.1886793004528604,-0.11888109323092111,-0.11888109323092111,20649944.0,26018929.243066788,18298592.65,16357797.016666668,21964027.662361704,19131966.415972654,0.02221536546176743,0.03133667355955706,yfinance_info_static_sharesOutstanding,1,1,1,4049393009.3507767,0.006425389973999659,2025,3,1.0
2016-09-05,0345.HK,1,Hang Seng Composite LargeCap & MidCap Index,,2016-05-06,2016-05-08,120,14.699999809265137,0.012396649161620532,0.002728510386723393,0.015193389087278408,-0.020000012715657545,-0.09371144071737947,246000.0,3616199.9530792236,407878.55,887681.5,5991361.001575327,12250587.582559554,0.00991544681280648,0.015210106349082167,yfinance_info_static_sharesOutstanding,1,1,1,14939449414.45824,0.0002420571101890478,2016,9,0.0
2018-09-10,0345.HK,1,Hang Seng Corporate Sustainability Benchmark Index,,2018-05-11,2018-05-13,120,21.5,0.028708152747417115,0.028708152747417115,0.12920162637526444,-0.009216624696208542,-0.009216624696208542,581000.0,12491500.0,689049.0,714301.5833333334,14435734.348491382,14542567.160586039,0.010026083574895431,0.013320804771530517,yfinance_info_static_sharesOutstanding,1,1,1,21850215413.5,0.0005716877277229137,2018,9,1.0
2019-09-09,0345.HK,1,Hang Seng Corporate Sustainability Index,,2019-05-10,2019-05-12,120,39.25,-0.05535497663761835,-0.007585315874783394,0.23427675917227786,-0.05535497663761835,-0.05535497663761835,2928799.0,114955360.75,2233078.5,2529635.0166666666,88404201.58801326,92863023.45403703,0.021916081461640636,0.018104198484966128,yfinance_info_static_sharesOutstanding,1,1,1,39889346743.25,0.0028818561880673698,2019,9,2.0
2021-09-06,0345.HK,0,Hang Seng Corporate Sustainability Index,Removal,2021-05-07,2021-05-09,120,29.149999618530273,-0.029950071260577804,0.003442354013632798,-0.1324404481452055,-0.1902777883741591,-0.19696969060072234,429929.0,12532430.185995102,1038684.2,1514563.4,30828486.8756753,48184217.52564328,0.011077121828171194,0.016503470821681993,yfinance_info_static_sharesOutstanding,1,1,1,29624826556.66648,0.0004230380948230371,2021,9,3.0
2024-09-09,0345.HK,0,Hang Seng Stock Connect Greater Bay Area Composite Index,Removal,2024-05-10,2024-05-12,120,6.21999979019165,0.038397333532877775,0.0196721126942887,0.02302629411880952,-0.17287236622767843,-0.5557143007005965,1329577.0,8269968.661043644,1887650.75,1488588.1333333333,11048037.374673892,9652464.776257444,0.033053218327719076,0.02689626018360571,yfinance_info_static_sharesOutstanding,1,1,1,6321317920.354063,0.0013082665300561936,2024,9,3.0
2017-09-04,0347.HK,1,Hang Seng Corporate Sustainability Benchmark Index,,2017-05-05,2017-05-07,120,3.7769229412078857,-0.04288480134417916,-0.11211576733540618,-0.12321426495909571,-0.24461541175842283,-0.24461541175842283,23847107.0,90068685.50973916,21891400.6,23624472.983333334,89810650.9055638,104221554.11163805,0.023671650121400635,0.025632883937509413,yfinance_info_static_sharesOutstanding,1,1,1,5331277808.432579,0.016894389815378948,2017,9,0.0
2018-09-10,0347.HK,0,Hang Seng Corporate Sustainability Benchmark Index,Exclusion,2018-05-11,2018-05-13,120,6.2076921463012695,0.0,0.04805205709960991,-0.024183741205380804,-0.10033448398514788,-0.13225804258459573,48984126.0,304078374.2636318,21431729.9,21369608.933333334,133952311.428497,132239516.6998663,0.031963703365294804,0.02959742075527305,yfinance_info_static_sharesOutstanding,1,1,1,8762405772.190094,0.034702612749195914,2018,9,1.0
2021-03-15,0347.HK,0,Hang Seng Composite Index,Removal,2020-11-13,2020-11-15,120,2.5399999618530273,0.04098356651125812,0.12389379317314764,0.08085109146000846,-0.04511282710736697,-0.21604939679731738,9800642.0,24893630.306135178,10937549.3,7550869.183333334,26505841.85343405,17398799.828060072,0.026966990365040445,0.025756725814289432,yfinance_info_static_sharesOutstanding,1,1,1,3585311546.154022,0.006943226546892047,2021,3,1.0
2024-09-09,0347.HK,1,Hang Seng (China A) Corporate Sustainability Benchmark Index,,2024-05-10,2024-05-12,120,1.409999966621399,0.060150316635100065,0.007142850452539706,0.060150316635100065,-0.07236843137199545,-0.49642857477373015,11967766.0,16874549.660532713,5959636.0,5532297.45,7933999.789088589,7613109.181357226,0.02958686373543233,0.02969150533617314,yfinance_info_static_sharesOutstanding,1,1,1,1990271352.8847694,0.008478517080635335,2024,9,1.0
2017-09-04,0363.HK,0,Hang Seng Corporate Sustainability Benchmark Index,Exclusion,2017-05-05,2017-05-07,120,23.217775344848633,-0.03483606573624709,0.030634552924792002,0.11876480390920618,-0.04268297574196234,-0.05231393561935482,1299456.0,30170477.478515625,1836663.35,1838168.1833333333,43527942.38923063,41388071.68957821,0.015261737272588694,0.014926554123521773,yfinance_info_static_sharesOutstanding,1,1,1,25242634681.113434,0.0011952190355584873,2017,9,0.0
2024-09-09,0380.HK,0,Hang Seng (China A) Corporate Sustainability Benchmark Index,Removal,2024-05-10,2024-05-12,120,0.09200000017881393,0.10843377928201714,-0.031578933334086234,0.2266666203075003,-0.17857145232965677,-0.17857145232965677,0.0,0.0,365600.0,344400.0,32139.799812436104,30270.700045426685,0.031094381379410542,0.0476611583451224,,0,0,0,,,2024,9,0.0
2018-03-05,0384.HK,1,Hang Seng China Enterprises Index,,2017-11-03,2017-11-05,120,23.350000381469727,-0.010593220167754547,-0.04887979197080006,0.1986653454915388,-0.0641282698414325,-0.0641282698414325,1737455.0,40569574.912786484,3706768.8,4480896.6,88899659.30939531,97919626.76639658,0.017623214776394315,0.02333572507466534,yfinance_info_static_sharesOutstanding,1,1,1,127214368580.65533,0.00031890717507326947,2018,3,0.0
2020-09-07,0384.HK,1,Hang Seng ESG 50 Index,,2020-05-08,2020-05-10,120,27.950000762939453,-0.024432770153967942,0.0875486355332955,-0.04444441836104429,-0.0821018041826369,-0.1956834312823179,8292976.0,231788685.52703857,56722946.85,23546960.366666667,1382945810.3380206,586362093.8318326,0.03784647001515941,0.03143733825045273,yfinance_info_static_sharesOutstanding,1,1,1,152275873267.56067,0.0015221629044265446,2020,9,1.0
2021-09-06,0384.HK,0,Hang Seng ESG 50 Index,Removal,2021-05-07,2021-05-09,120,28.049999237060547,0.0,-0.12206577254303952,-0.05076142263038552,-0.16268658993849117,-0.16268658993849117,9440626.0,264809552.09737396,41787846.6,17909691.45,1214588068.025594,526263478.4108015,0.034337146012592745,0.024454222271027466,yfinance_info_static_sharesOutstanding,1,1,1,152820680228.43933,0.0017328122849704078,2021,9,2.0
2022-12-05,0384.HK,0,Hang Seng China Enterprises Index,Removal,2022-08-05,2022-08-07,120,12.020000457763672,-0.004966843238520147,-0.03993610077625431,0.28831731576146646,-0.03993610077625431,-0.5191999816894531,4510265.0,54213387.36463547,8157199.55,12479690.866666667,97237580.47061214,144106521.98745182,0.018882839132313877,0.031016660448943863,yfinance_info_static_sharesOutstanding,1,1,1,65486798440.78641,0.000827852157311608,2022,12,2.0
2024-09-09,0384.HK,1,Hang Seng Corporate Sustainability Benchmark Index,,2024-05-10,2024-05-12,120,8.109999656677246,0.09005370891181075,0.026582222629713437,0.1736613365794144,0.0,-0.24205609334172207,23111880.0,187437338.8651657,7805549.0,8264742.25,57210126.32989204,60797715.34211148,0.026500938896427174,0.023684867143975573,yfinance_info_static_sharesOutstanding,1,1,1,44184516859.035194,0.0042421497888764865,2024,9,2.0
2017-09-04,0390.HK,1,Hang Seng Corporate Sustainability Index,,2017-05-05,2017-05-07,120,6.46999979019165,-0.019696987321116577,-0.06906475284122915,-0.048529469306904605,-0.14643801381091537,-0.14643801381091537,26628151.0,172284131.3831916,22354404.0,21255190.05,152034790.38511062,148896691.10141513,0.008483778887368452,0.014407712703491386,yfinance_info_static_sharesOutstanding,1,1,1,27221812417.254448,0.00632890010196345,2017,9,0.0
2018-09-10,0390.HK,0,Hang Seng Corporate Sustainability Index,Exclusion,2018-05-11,2018-05-13,120,6.260000228881836,0.006430938913094986,0.09824569093957503,0.09249567330613173,-0.02187497881241174,-0.08076354163275068,11131947.0,69685990.76790047,22406248.1,19066170.5,136932106.0465381,110301812.54464845,0.014501526641636495,0.013216082405211884,yfinance_info_static_sharesOutstanding,1,1,1,26338262362.995148,0.0026458082088895965,2018,9,1.0
2019-12-09,0390.HK,0,Hang Seng China Enterprises Index,Exclusion,2019-08-09,2019-08-11,120,5.269999980926514,-0.03832117471095886,-0.05892855880820003,-0.10221463651279472,-0.17527385116755334,-0.33793970406144247,14493000.0,76378109.72356796,15876195.35,18203383.716666665,88313746.19282365,106662247.51893981,0.013018484621191744,0.016211562743930895,yfinance_info_static_sharesOutstanding,1,1,1,22172945219.750404,0.0034446533361537674,2019,12,1.0
2020-09-07,0390.HK,0,Hang Seng ESG 50 Index,Removal,2020-05-08,2020-05-10,120,4.590000152587891,-0.015021394230966045,0.05034331185129148,0.024553601126357405,-0.01923070065211563,-0.28169010195733823,9693981.0,44495374.26918411,16919304.0,19992011.016666666,76433629.1953521,85311984.58359055,0.01687948376700291,0.025116505036854697,yfinance_info_static_sharesOutstanding,1,1,1,19311920741.996765,0.0023040367068420087,2020,9,1.0
2016-03-14,0400.HK,1,Hang Seng Composite LargeCap & MidCap Index,,2015-11-13,2015-11-15,120,9.819999694824219,0.06392201320141555,0.10960443746256687,0.25095539033434666,0.0,-0.3975460027938563,8771000.0,86131217.32330322,4924412.8,4566752.516666667,43220036.531250335,36399444.848622754,0.040970203806152614,0.04910894262898612,yfinance_info_static_sharesOutstanding,1,1,1,15918141740.732475,0.005410883928926485,2016,3,0.0
2018-09-10,0400.HK,0,Hang Seng Composite LargeCap & MidCap Index,Exclusion,2018-05-11,2018-05-13,120,3.7200000286102295,-0.02105261176576878,-0.06766916799026823,-0.0904645746146363,-0.1948051686672153,-0.655555558989568,566000.0,2105520.01619339,1409622.25,3291881.6166666667,5340446.392778504,13875893.233344436,0.013926786348502961,0.02344670804530808,yfinance_info_static_sharesOutstanding,1,1,1,6030090587.696956,0.00034916888653202494,2018,9,1.0
2020-03-09,0400.HK,0,Hang Seng Composite Index,Removal,2019-11-08,2019-11-10,120,1.3899999856948853,0.0692307974459867,0.014598526172921567,-0.17751482921188977,-0.2606383036061508,-0.5911764862628127,793000.0,1102269.988656044,870850.0,1949217.1333333333,1185049.487811327,2977199.8247119663,0.024318355143071502,0.05034693633909152,yfinance_info_static_sharesOutstanding,1,1,1,2253178969.401522,0.0004892065848408053,2020,3,1.0
2016-03-14,0405.HK,1,Hang Seng Composite LargeCap & MidCap Index,,2015-11-13,2015-11-15,120,4.043698787689209,-0.002439128825762138,0.009876490282905825,-0.046620132313516915,-0.04439251362291963,-0.1050327962000479,3766639.0,15231153.557962894,2702453.9,4113853.6333333333,10920648.985528255,16463184.469899805,0.005009142335900251,0.012212938183039212,yfinance_info_static_sharesOutstanding,1,1,1,21265686962.033913,0.0007162314382392348,2016,3,0.0
2018-09-10,0405.HK,0,Hang Seng Corporate Sustainability Benchmark Index,Exclusion,2018-05-11,2018-05-13,120,5.200454235076904,0.0038166807735453556,-0.016822340431573823,0.0253410864373953,-0.053956804577588446,-0.053956804577588446,2444674.0,12713415.256682396,3220824.45,4788752.5,16696103.05440123,25081048.820494756,0.00571485502290345,0.00851475255284185,yfinance_info_static_sharesOutstanding,1,1,1,27349028112.632214,0.0004648580272880048,2018,9,1.0
2025-03-10,0410.HK,0,Hang Seng Composite Index,Removal,2024-11-08,2024-11-10,120,0.7900000214576721,0.06756758280615438,0.0,0.1617647252177694,-0.1595744431261672,-0.1595744431261672,4121000.0,3255590.088427067,4840039.65,5208583.3,3638792.172982192,3963936.6935225856,0.027720609169512,0.04047753559226652,,0,0,0,,,2025,3,0.0
2016-09-05,0412.HK,1,Hang Seng Composite LargeCap & MidCap Index,,2016-05-06,2016-05-08,120,3.799999952316284,0.0,0.0,0.18749996740371033,-0.010416656965389626,-0.3910256263302152,0.0,0.0,0.0,1572403.7166666666,0.0,5053573.541093433,0.0,0.024768380513381087,yfinance_info_static_sharesOutstanding,1,1,1,22859777927.347588,0.0,2016,9,0.0
2017-03-06,0412.HK,0,Hang Seng Composite LargeCap & MidCap Index,Exclusion,2016-11-04,2016-11-06,120,3.240000009536743,-0.04705884745376676,0.0,0.26562503201421417,-0.07954544684857368,-0.22857139126783965,7650000.0,24786000.072956085,4132289.7,2248586.283333333,13697031.370180404,7264208.49339058,0.02855341980191023,0.032064835913124284,yfinance_info_static_sharesOutstanding,1,1,1,19490968850.530483,0.0012716658809026565,2017,3,1.0
2024-03-04,0412.HK,1,Hang Seng Composite Index,,2023-11-03,2023-11-05,120,5.539999961853027,-0.01071427567880967,0.15176715753797776,0.003623184962974646,-0.01071427567880967,-0.15933234695336518,3790000.0,20996599.855422974,4434068.9,3696201.8666666667,23787411.81650753,18803539.39642895,0.035674675162299274,0.02776622659978405,yfinance_info_static_sharesOutstanding,1,1,1,33327150114.37807,0.000630014861257656,2024,3,1.0
2019-03-11,0439.HK,0,Hang Seng Composite LargeCap & MidCap Index,Exclusion,2018-11-09,2018-11-11,120,6.5,0.16071430548113264,0.10169489744647242,-0.0972221983067777,-0.15584413493377225,-0.7773972660901509,782500.0,5086250.0,750832.5,592187.6166666667,4677927.497521639,3921433.3460086505,0.05784654807648388,0.04408261608635259,yfinance_info_static_sharesOutstanding,1,1,1,4002003759.0,0.0012709258427260762,2019,3,0.0
2020-03-09,0439.HK,0,Hang Seng Composite Index,Removal,2019-11-08,2019-11-10,120,3.450000047683716,-0.014285700661795464,-0.028168987598808592,-0.14814817649237666,-0.23333332273695206,-0.5632911384764667,53900.0,185955.00257015228,111005.0,123924.1,395256.24633193016,488362.6629288991,0.017682806786022014,0.022227791953688396,yfinance_info_static_sharesOutstanding,1,1,1,2124140486.0585246,8.754364590790481e-05,2020,3,0.0
2021-03-15,0440.HK,0,Hang Seng Stock Connect Greater Bay Area Composite Index,Removal,2020-11-13,2020-11-15,120,20.850000381469727,0.04668676212920997,0.06269110548541579,-0.09544463897654232,-0.0855262684579906,-0.3422712971715284,195850.0,4083472.574710846,275249.35,245021.81666666668,5565247.284768486,5021003.078487968,0.017971546407684592,0.014782734188212993,,0,0,0,,,2021,3,0.0
2020-09-07,0451.HK,0,Hang Seng Composite Index,Removal,2020-05-08,2020-05-10,120,2.119999885559082,-0.01851861050099135,0.0192307515962582,-0.2638889578757435,-0.34161494822281535,-0.6835820976252227,1540500.0,3265859.823703766,806099.25,1995774.4833333334,1702027.4513899088,5187902.628686328,0.022758371823543466,0.02935430676970988,,0,0,0,,,2020,9,0.0
2016-09-05,0460.HK,1,Hang Seng Composite LargeCap & MidCap Index,,2016-05-06,2016-05-08,120,1.809999942779541,0.01117317394007622,-0.1421800792566673,-0.5864747537757509,-0.5864747537757509,-0.5895691597718102,40121000.0,72619007.70425797,58818567.7,103383830.25,114684296.38241342,214016950.17788696,0.020158808892749288,0.10646346608394348,yfinance_info_static_sharesOutstanding,1,1,1,16554238129.522358,0.004386732094589801,2016,9,0.0
2019-03-11,0467.HK,1,Hang Seng Composite LargeCap & MidCap Index,,2018-11-09,2018-11-11,120,1.5,-0.006622510282393357,-0.025974001846660322,0.3392857085837393,-0.08536584568052041,-0.08536584568052041,4780000.0,7170000.0,5008264.4,5041374.783333333,7622807.836745369,7316363.633950943,0.019538800054884797,0.025271811946772006,yfinance_info_static_sharesOutstanding,1,1,1,38560601910.0,0.00018594108091815313,2019,3,0.0
2021-03-15,0467.HK,0,Hang Seng Composite Index,Removal,2020-11-13,2020-11-15,120,1.3200000524520874,0.13793111244365175,0.21100918534889446,-0.0704224701794175,-0.08965516617692204,-0.17499997951090362,100412000.0,132543845.266819,12865414.1,9443925.766666668,15151520.844227845,11252650.692175444,0.05203997338218886,0.042840241170411734,yfinance_info_static_sharesOutstanding,1,1,1,33933331029.189373,0.0039060074931283667,2021,3,1.0
2021-03-15,0468.HK,0,Hang Seng Composite Index,Removal,2020-11-13,2020-11-15,120,3.809999942779541,0.03252029368516429,0.24509804379889633,0.16158535854047695,0.0,0.0,3741000.0,14253209.785938263,2460144.9,1561021.5666666667,8580644.66616292,5196730.8592011845,0.017227711678358792,0.017440729365713715,,0,0,0,,,2021,3,0.0
2017-09-04,0480.HK,1,Hang Seng Corporate Sustainability Benchmark Index,,2017-05-05,2017-05-07,120,3.7181808948516846,-0.0215313311819193,-0.01445800811983644,0.05141384361898993,-0.07466063965929393,-0.07466063965929393,1981906.0,7369085.024591923,632485.2,721737.15,2408010.2379649403,2749469.453032867,0.0075514638448711605,0.010831702091648483,yfinance_info_static_sharesOutstanding,1,1,1,5522620787.003361,0.0013343456501547113,2017,9,0.0
2018-09-10,0480.HK,0,Hang Seng Corporate Sustainability Benchmark Index,Exclusion,2018-05-11,2018-05-13,120,4.2909088134765625,-0.004219295355875841,0.004255315349780631,-0.026803995270875625,-0.048386955205379056,-0.11278186593007622,410080.0,1759615.8862304688,238123.65,312593.0,1021944.2014576674,1356848.9795053878,0.007732140420033425,0.009800163355795524,yfinance_info_static_sharesOutstanding,1,1,1,6373294597.165329,0.0002760920367643289,2018,9,1.0
2018-09-10,0486.HK,1,Hang Seng Composite LargeCap & MidCap Index,,2018-05-11,2018-05-13,120,2.0,-0.09502264005526995,-0.0867580147288245,-0.6466431000144904,-0.6460177050899791,-0.676375395541449,58241674.0,116483348.0,155155290.5,76686827.66666667,293669870.29733694,164767547.53816882,0.1394503096887456,0.12141388432943123,yfinance_info_static_sharesOutstanding,1,1,1,30386029724.0,0.0038334507356845367,2018,9,0.0
2019-09-09,0489.HK,0,Hang Seng China Enterprises Index,Exclusion,2019-05-10,2019-05-12,120,6.820000171661377,-0.0808625200085239,-0.18906060696778737,-0.16009848918959646,-0.21788991252116374,-0.2666666632484792,46802000.0,319189648.03409576,15092618.05,11096902.233333332,116278130.34862396,89225148.22893779,0.023190123067462955,0.021749652140164413,yfinance_info_static_sharesOutstanding,1,1,1,16996804427.814484,0.018779391702110584,2019,9,0.0
2024-09-09,0489.HK,0,Hang Seng Corporate Sustainability Benchmark Index,Removal,2024-05-10,2024-05-12,120,3.009999990463257,0.030821887608831533,0.037930997061532246,-0.06521740257176645,-0.19302949729986163,-0.2676399287876793,29939841.0,90118921.12447143,23188838.35,22004315.85,67134002.6655587,68551916.88867293,0.024892477109475813,0.0384970769066925,yfinance_info_static_sharesOutstanding,1,1,1,7501521976.232529,0.012013418264986758,2024,9,0.0
2021-03-15,0496.HK,0,Hang Seng Composite Index,Removal,2020-11-13,2020-11-15,120,0.75,-0.025974001846660322,0.0,-0.25,-0.23469389244597505,-0.8414376327747013,2694000.0,2020500.0,2472150.0,2741719.9,1873998.9803254604,2305346.385406105,0.02332852340491165,0.027010931455833557,,0,0,0,,,2021,3,0.0
2017-09-04,0506.HK,1,Hang Seng Corporate Sustainability Benchmark Index,,2017-05-05,2017-05-07,120,2.940000057220459,-0.016722392025687927,-0.07255520931796944,-0.15999998365129742,-0.198910082805954,-0.24226804883893838,2370000.0,6967800.135612488,4782992.0,4545423.916666667,14555567.709676027,15144753.75042983,0.01118216858313775,0.01447170284202362,yfinance_info_static_sharesOutstanding,1,1,1,8223836944.298407,0.0008472687606535377,2017,9,0.0
2020-03-09,0508.HK,0,Hang Seng Composite Index,Removal,2019-11-08,2019-11-10,120,2.319999933242798,0.07906968852776419,-0.03734446032472605,-0.12452835858440903,-0.2516129017372408,-0.6777777785136376,589000.0,1366479.960680008,249472.7,566745.9,584139.6132187129,1515195.0262575706,0.02387412455525963,0.034553665540814675,yfinance_info_static_sharesOutstanding,1,1,1,1973573601.5310967,0.0006923886495137014,2020,3,0.0
2019-09-09,0511.HK,0,Hang Seng Composite LargeCap & MidCap Index,Exclusion,2019-05-10,2019-05-12,120,14.800000190734863,-0.053708448474971804,-0.04145073879804795,-0.06210390106589725,-0.09090911753613684,-0.46376811644280314,582600.0,8622480.111122131,325835.2,494756.95,5078441.0174550535,7550583.3704796,0.014485688959459972,0.017989684745411787,yfinance_info_static_sharesOutstanding,1,1,1,6911035261.865902,0.0012476394323582367,2019,9,0.0
2020-03-09,0511.HK,0,Hang Seng Composite Index,Removal,2019-11-08,2019-11-10,120,13.039999961853027,0.026771665960171775,0.04487183014081664,0.1183533561320933,-0.04817517201465649,-0.26659170650947595,13674.0,178308.9594783783,191941.55,250212.6,2466563.44789238,3207657.2656270186,0.016347092980316433,0.019355213362470283,yfinance_info_static_sharesOutstanding,1,1,1,6089182323.62682,2.928290696544203e-05,2020,3,0.0
2020-03-09,0512.HK,0,Hang Seng Composite Index,Removal,2019-11-08,2019-11-10,120,4.610000133514404,0.019911538267184392,0.05733944778540323,0.11893210232184992,0.0,-0.13018868535640338,1345860.0,6204414.779691696,1244793.05,2038513.4833333334,5626957.993990039,8708286.324586868,0.01169561394182935,0.01633652054872129,yfinance_info_static_sharesOutstanding,1,1,1,16143342944.82203,0.0003843327123073824,2020,3,0.0
2024-03-04,0512.HK,0,Hang Seng Hong Kong-Listed Biotech Index,Removal,2023-11-03,2023-11-05,120,4.28000020980835,0.04390251447869553,0.04901967888289205,0.03132532806108479,-0.02283102785839375,-0.19850185627164074,2614680.0,11190830.948581696,1849133.95,2676244.85,7695499.687029409,11053602.154610269,0.020380029711683484,0.018106317234039177,yfinance_info_static_sharesOutstanding,1,1,1,14987746028.148903,0.0007466653710013424,2024,3,0.0
2024-12-09,0512.HK,1,Hang Seng Hong Kong-Listed Biotech Index,,2024-08-09,2024-08-11,120,4.519999980926514,0.027272700672307915,-0.06029105307752791,-0.09418833902798607,-0.12403098554481051,-0.12403098554481051,1754000.0,7928079.966545105,1865368.9,3411548.183333333,8311013.39087193,16390019.511631075,0.01612965030473563,0.016258553651774883,yfinance_info_static_sharesOutstanding,1,1,1,15828179542.168282,0.000500883878997183,2024,12,0.0
2018-09-10,0517.HK,1,Hang Seng Corporate Sustainability Benchmark Index,,2018-05-11,2018-05-13,120,3.180000066757202,0.0,-0.02453985396935121,0.0031545710481331035,-0.08092484633026953,-0.08092484633026953,710000.0,2257800.0473976135,446940.3,814253.45,1410522.4636695147,2675621.840744547,0.010380323133735487,0.01480129480942683,yfinance_info_static_sharesOutstanding,1,1,1,4661789242.084151,0.0004843204894411349,2018,9,0.0
2019-09-09,0517.HK,0,Hang Seng Corporate Sustainability Benchmark Index,Exclusion,2019-05-10,2019-05-12,120,2.690000057220459,-0.018248157716151847,-0.04609924790772901,-0.03928567748896872,-0.07560138217227175,-0.18484845573032926,160000.0,430400.00915527344,371419.85,350959.01666666666,1018278.054481697,984439.4287919521,0.008537695632146331,0.007725231155307064,yfinance_info_static_sharesOutstanding,1,1,1,3943463227.893558,0.00010914264550786139,2019,9,1.0
2024-09-09,0520.HK,0,Hang Seng Composite Index,Removal,2024-05-10,2024-05-12,120,2.1600000858306885,0.16129035979478323,0.28571437694588764,0.1368421647026936,0.0,-0.6307692100780717,74783500.0,161532366.4187193,8475007.6,10305474.05,16167210.91554954,18669920.86758244,0.05023909989608131,0.04425609169648007,,0,0,0,,,2024,9,0.0
2021-09-06,0522.HK,1,Hang Seng Stock Connect Greater Bay Area Composite Index,,2021-05-07,2021-05-09,120,112.0,-0.049236017839570545,0.06870225895591164,-0.052453444232803736,-0.10399999999999998,-0.14634144355823808,2364316.0,264803392.0,2928891.8,2539360.1333333333,336104054.4563347,276360673.207135,0.045893703426445775,0.03701834984659961,,0,0,0,,,2021,9,0.0
2022-06-13,0522.HK,0,Hang Seng TECH Index,Removal,2022-02-11,2022-02-13,120,79.1500015258789,0.0018987534921379723,-0.04176751830477432,-0.061647860608291194,-0.0796511450479197,-0.36679998779296874,683743.0,54118259.49330902,1014474.85,931517.5833333334,81447441.671418,76346449.53624433,0.014884608131637781,0.014553203697025984,,0,0,0,,,2022,6,1.0
2024-09-09,0522.HK,1,Hang Seng TECH Index,,2024-05-10,2024-05-12,120,98.0,-0.05130690121182546,-0.1009174311926605,0.12192331667909695,-0.13197521102303555,-0.13197521102303555,2392394.0,234454612.0,2093254.2,2002529.7166666666,210640791.0125702,199001354.59551594,0.03823529002155125,0.03247437864895099,,0,0,0,,,2024,9,1.0
2025-12-08,0522.HK,0,Hang Seng TECH Index,Removal,2025-08-08,2025-08-10,120,69.0,0.05828225812302379,0.1433306005730579,0.2201591676553063,-0.02266286839521081,-0.3320426141185302,1541170.0,106340730.0,2391019.95,1978753.3333333333,159819033.74002153,118710043.34663874,0.03093407721129278,0.022903810216801126,,0,0,0,,,2025,12,2.0
2019-03-11,0525.HK,0,Hang Seng Stock Connect China AH Index Series,Exclusion,2018-11-09,2018-11-11,120,2.9100000858306885,-0.016891875564834513,-0.055194753924153184,-0.242187460709828,-0.20491802798135095,-0.5042589194951017,1804000.0,5249640.154838562,3576675.85,3713495.9833333334,10488124.233226884,12123370.641021991,0.022237548841220766,0.02200510744913551,yfinance_info_static_sharesOutstanding,1,1,1,4165083122.8494644,0.0012603926500384267,2019,3,0.0
2020-09-07,0525.HK,0,Hang Seng Composite Index,Removal,2020-05-08,2020-05-10,120,1.590000033378601,-0.030487776068545913,0.00632910771622841,-0.25352115119677165,-0.26388890268625986,-0.43416367766689856,17004000.0,27036360.567569733,5758134.7,4382848.366666666,9165055.164631724,7609882.68739328,0.018449769142552787,0.020418597571563307,yfinance_info_static_sharesOutstanding,1,1,1,2275767047.7747917,0.011880108991825613,2020,9,0.0
2017-09-04,0548.HK,1,Hang Seng China AH Index Series,,2017-05-05,2017-05-07,120,7.130000114440918,0.017118385398144698,0.012784112652779234,0.01422473707654337,-0.09402792654114434,-0.14916467576723835,1370347.0,9770574.266823769,2731407.35,3558115.0833333335,19626315.40262158,25754224.566098537,0.016610475445983305,0.016334170925154257,yfinance_info_static_sharesOutstanding,1,1,1,5329675085.544586,0.0018332401337792642,2017,9,0.0
2018-03-05,0548.HK,0,Hang Seng China AH Index Series,Exclusion,2017-11-03,2017-11-05,120,8.029999732971191,-0.018337477580493422,0.05104710383522515,0.13418076546642888,-0.03253017488663057,-0.03253017488663057,1779214.0,14287087.944898605,2393114.95,2334263.3333333335,19292752.513612173,17918727.478172533,0.012973929301977126,0.010354392091090313,yfinance_info_static_sharesOutstanding,1,1,1,6002424800.395966,0.002380219397993311,2018,3,1.0
2019-09-09,0548.HK,1,Hang Seng Stock Connect China AH Index Series,,2019-05-10,2019-05-12,120,9.479999542236328,-0.024691431913493544,-0.03363923172933614,0.04867252015929324,-0.04627767178730946,-0.04627767178730946,14773000.0,140048033.23745728,3529874.8,3958791.3666666667,33811514.23986964,36586526.27568682,0.02226060114369286,0.018683930034140653,yfinance_info_static_sharesOutstanding,1,1,1,7086299657.821655,0.019763210702341136,2019,9,1.0
2021-09-06,0548.HK,0,Hang Seng Composite Index,Removal,2021-05-07,2021-05-09,120,8.239999771118164,0.022332424581936294,-0.004830913423070071,0.14923287077247616,-0.03625735821066167,-0.08240532392431266,1216836.0,10026728.361488342,1943836.8,3688879.7666666666,16161795.046003198,29244373.86183133,0.011689145841623685,0.01833438634858668,yfinance_info_static_sharesOutstanding,1,1,1,6159399828.910828,0.0016278742474916388,2021,9,2.0
2021-09-06,0551.HK,1,Hang Seng Stock Connect Greater Bay Area Composite Index,,2021-05-07,2021-05-09,120,20.0,0.02564102564102555,0.02564102564102555,0.162790646096578,-0.04534609681828772,-0.04534609681828772,2831828.0,56636560.0,1726214.4,1775179.0,34140811.53053446,34130281.17126932,0.01891991992054392,0.031072975131236802,,0,0,0,,,2021,9,0.0
2017-09-04,0552.HK,0,Hang Seng Corporate Sustainability Benchmark Index,Exclusion,2017-05-05,2017-05-07,120,4.360000133514404,-0.07234035947841722,-0.14341846703134875,-0.18352059757873884,-0.21441441735570355,-0.21441441735570355,21124449.0,92102600.46041822,11218678.65,9374512.5,52830263.4743768,47170647.49083736,0.017347128545839537,0.02101188537714546,yfinance_info_static_sharesOutstanding,1,1,1,10426592565.689049,0.008833432387441865,2017,9,0.0
2024-09-09,0558.HK,0,Hang Seng Stock Connect Greater Bay Area Composite Index,Removal,2024-05-10,2024-05-12,120,4.429999828338623,0.30294108943543474,0.41533535666656407,0.38006223541851303,0.0,-0.5226293151066435,21875000.0,96906246.24490738,8746907.05,5728345.333333333,33147135.34639261,20346031.145040274,0.04993638719895571,0.041701656462686,,0,0,0,,,2024,9,0.0
2021-03-15,0563.HK,0,Hang Seng Composite Index,Removal,2020-11-13,2020-11-15,120,0.7599999904632568,0.0,0.02702700090373522,-0.1648351993844085,-0.18279571546434803,-0.2621359110934779,2564400.0,1948943.9755439758,3380386.3,5052923.983333333,2467209.219463018,4203058.8813379835,0.019328009138524758,0.02104205726944836,,0,0,0,,,2021,3,0.0
2024-09-09,0567.HK,1,Hang Seng (China A) Corporate Sustainability Benchmark Index,,2024-05-10,2024-05-12,120,0.08399999886751175,-0.01176472960046393,0.31249991996447,0.3548387135538922,-0.01176472960046393,-0.5409836085596831,0.0,0.0,62600.0,170866.66666666666,3918.600018322468,11117.69983023405,0.06980135094671296,0.04137167165464278,,0,0,0,,,2024,9,0.0
2020-03-09,0579.HK,0,Hang Seng Composite Index,Removal,2019-11-08,2019-11-10,120,1.3899999856948853,0.0,0.022058802260453536,0.10317460017109381,-0.03472227051302046,-0.26455026655260416,760000.0,1056399.9891281128,2626636.9,1838867.9666666666,3603658.469211638,2471359.4523469727,0.013868973472923067,0.01636226715268778,yfinance_info_static_sharesOutstanding,1,1,1,3933250711.5211487,0.00026858191013192745,2020,3,0.0
2018-09-10,0581.HK,1,Hang Seng Composite LargeCap & MidCap Index,,2018-05-11,2018-05-13,120,5.639999866485596,0.034862397040354764,0.06415087990847601,-0.010526306103030625,-0.1201248048761473,-0.19081778532872584,9176000.0,51752638.774871826,7167869.5,11165710.4,38480806.62301874,62473701.456058726,0.02325428247596999,0.02813298033337649,yfinance_info_static_sharesOutstanding,1,1,1,20995288662.983418,0.002464964383467439,2018,9,0.0
2018-03-05,0582.HK,1,Hang Seng Composite LargeCap & MidCap Index,,2017-11-03,2017-11-05,120,101.05633544921875,0.336956512962133,0.7083332742206638,1.7640449883689446,0.0,0.0,1166321.0,117864126.21746826,1327857.9,957889.3833333333,106367607.440456,62724274.423844084,0.049944575709289486,0.0650546696889494,yfinance_info_static_sharesOutstanding,1,1,1,369005327830.1942,0.000319410364372045,2018,3,0.0
2019-09-09,0582.HK,0,Hang Seng Composite LargeCap & MidCap Index,Exclusion,2019-05-10,2019-05-12,120,19.55398941040039,-0.03643727207789771,0.07207208997191916,-0.028571417742199734,-0.0950570691260022,-0.7983050967501534,105574.0,2064392.8780136108,413901.7,265396.61666666664,8293956.78603096,5217618.264998659,0.05386021473602939,0.03432010274562385,yfinance_info_static_sharesOutstanding,1,1,1,71401028354.11813,2.8912649097644886e-05,2019,9,1.0
2020-09-07,0582.HK,0,Hang Seng Composite Index,Removal,2020-05-08,2020-05-10,120,2.752346992492676,0.11666684400473204,0.44396549971916044,-0.6193181799445409,-0.5963855674428362,-0.8681102504339818,880554.0,2423590.1536273956,876961.25,632484.2666666667,2253472.5765900374,2115219.811717073,0.10250349784768568,0.07562219374323317,yfinance_info_static_sharesOutstanding,1,1,1,10050143810.900087,0.00024114979837391398,2020,9,1.0
2019-09-09,0586.HK,1,Hang Seng Corporate Sustainability Benchmark Index,,2019-05-10,2019-05-12,120,18.762203216552734,-0.02462125831895079,-0.0933098869042851,0.00194546623862335,-0.1059028349015727,-0.13590612604803287,5552617.0,104179328.5376854,4887751.85,7325169.45,95072480.62513514,142913599.81344908,0.012833270324458598,0.015619253195253563,yfinance_info_static_sharesOutstanding,1,1,1,33622638521.36437,0.0030984875999986784,2019,9,0.0
2020-03-09,0586.HK,1,Hang Seng China Enterprises Index,,2019-11-08,2019-11-10,120,23.13397979736328,0.03588909229967063,0.04958674181589906,0.24023433925078153,0.0,0.0,3975336.0,91965342.71173096,4699011.35,6010879.45,106134335.1592166,126629619.22965397,0.01006079262774182,0.012962203243750702,yfinance_info_static_sharesOutstanding,1,1,1,41457041654.9515,0.0022183286370783986,2020,3,1.0
2021-03-15,0586.HK,0,Hang Seng China Enterprises Index,Removal,2020-11-13,2020-11-15,120,26.74069595336914,0.011019309771002739,-0.013440804411789853,0.09880245504670482,-0.0160857242793756,-0.07672953522896764,4771028.0,127580609.13301086,4909039.85,5402380.883333334,128867739.95065776,140259634.4345466,0.015877319518588826,0.014337342527454269,yfinance_info_static_sharesOutstanding,1,1,1,47920425094.67265,0.002662343017219897,2021,3,2.0
2024-09-09,0588.HK,0,Hang Seng (China A) Corporate Sustainability Benchmark Index,Removal,2024-05-10,2024-05-12,120,0.699999988079071,0.060606000399351156,0.060606000399351156,0.029411736347271455,0.0,-0.23913046154272755,6962000.0,4873399.917006493,2401165.0,2145788.3333333335,1635761.9119998813,1452103.9849498868,0.02128747770231199,0.01775488100955956,,0,0,0,,,2024,9,0.0
2019-09-09,0598.HK,1,Hang Seng Stock Connect China AH Index Series,,2019-05-10,2019-05-12,120,3.0299999713897705,-0.06191951904108195,-0.14406779546864612,-0.1721311747723444,-0.21907219535575373,-0.3841463568284824,5595000.0,16952849.839925766,6307386.35,6932433.6,20950631.3562739,24689250.04717408,0.021261292792026786,0.018434623636801768,yfinance_info_static_sharesOutstanding,1,1,1,6109331372.313738,0.0027749108383206505,2019,9,0.0
2021-03-15,0598.HK,0,Hang Seng Composite Index,Removal,2020-11-13,2020-11-15,120,2.5,-0.034749002761329084,0.11111111111111116,0.5060241266680594,-0.08759124405160879,-0.1525423865796366,12872000.0,32180000.0,18072886.85,20281240.7,43964964.88673468,42052666.636795335,0.03211888454332687,0.03253512540365768,yfinance_info_static_sharesOutstanding,1,1,1,5040702500.0,0.006384030797294623,2021,3,1.0
2024-09-09,0598.HK,1,Hang Seng Composite Index,,2024-05-10,2024-05-12,120,4.519999980926514,0.23497264342294022,0.1160493254461723,0.3780487866929285,0.0,0.0,22575224.0,102040012.04941177,18722010.55,12064747.85,74791514.43625721,46130422.08767362,0.03757690413469337,0.02989969128887849,yfinance_info_static_sharesOutstanding,1,1,1,9113590081.542492,0.011196467159091417,2024,9,1.0
2016-03-14,0607.HK,1,Hang Seng Composite LargeCap & MidCap Index,,2015-11-13,2015-11-15,120,84.5,0.005952380952380931,0.18181818181818188,0.3629032258064515,-0.01744186046511631,-0.01744186046511631,568750.0,48059375.0,683109.0,610827.9666666667,52968194.25,42211736.583333336,0.01865109410927476,0.021566017173777756,yfinance_info_static_sharesOutstanding,1,1,1,53806552423.0,0.0008931881496919077,2016,3,0.0
2020-09-07,0607.HK,0,Hang Seng Composite Index,Removal,2020-05-08,2020-05-10,120,5.699999809265137,-0.025641042361154165,-0.03389835302872812,-0.22448981180631955,-0.2738853657945447,-0.8719101166457273,681400.0,3883979.870033264,738642.3,2730733.6,4235682.586058473,18183038.36398239,0.01561852756457608,0.05302194430838247,yfinance_info_static_sharesOutstanding,1,1,1,3629554302.346918,0.0010700982948572586,2020,9,1.0
2019-03-11,0612.HK,1,Hang Seng Composite LargeCap & MidCap Index,,2018-11-09,2018-11-11,120,21.25,-0.2129629629629629,-0.0740741048551371,0.31823814476988344,-0.21731122288868976,-0.21731122288868976,5717600.0,121499000.0,5783162.85,3671369.683333333,141829427.2556239,77801728.38747804,0.03896324198589184,0.043768940070358794,yfinance_info_static_sharesOutstanding,1,1,1,33180468037.5,0.0036617626931206605,2019,3,0.0
2016-09-05,0639.HK,0,Hang Seng Composite LargeCap & MidCap Index,Exclusion,2016-05-06,2016-05-08,120,1.2200000286102295,0.0252100587791928,0.15094348534692825,0.4698795820981827,-0.06153840510802655,-0.39303480875686536,29128000.0,35536160.833358765,20588778.4,13157270.766666668,25036486.090195257,14436401.83185557,0.03368612167600655,0.026571501731475763,yfinance_info_static_sharesOutstanding,1,1,1,6211100385.0565605,0.005721395345477927,2016,9,0.0
2024-09-09,0650.HK,0,Hang Seng Composite Index,Removal,2024-05-10,2024-05-12,120,0.33500000834465027,-0.028985479703797723,0.0,-0.056337976143534085,-0.19277104799832878,-0.5864197440017307,100526000.0,33676210.83885431,68784330.0,50776610.0,22927336.070480943,17797074.63234663,0.048033480234905626,0.046217742551421304,,0,0,0,,,2024,9,0.0
2024-09-09,0655.HK,1,Hang Seng (China A) Corporate Sustainability Benchmark Index,,2024-05-10,2024-05-12,120,0.2750000059604645,0.0,-0.05172409009139556,-0.09836065733954968,-0.09836065733954968,-0.4444444377548099,965230.0,265438.2557532191,358889.95,143040.66666666666,96993.80145647377,39219.57601127823,0.027360438265046833,0.02873604060452169,,0,0,0,,,2024,9,0.0
2019-09-09,0656.HK,1,Hang Seng China Enterprises Index,,2019-05-10,2019-05-12,120,11.199999809265137,-0.08045980881414283,-0.16417909491749938,-0.05405408235428677,-0.18008785253486082,-0.36363638826638156,18150755.0,203288452.53801823,10511754.9,11916751.333333334,127719401.90035701,150305938.13067564,0.015123505110554542,0.023888586705190184,yfinance_info_static_sharesOutstanding,1,1,1,91075584941.792,0.0022320850606443363,2019,9,0.0
2020-12-07,0656.HK,0,Hang Seng China Enterprises Index,Removal,2020-08-07,2020-08-09,120,9.380000114440918,0.06228767785810141,-0.06944442604794898,-0.06199998855590816,-0.10666665576753165,-0.2386363354877704,8950468.0,83955390.86429977,10234316.55,9897444.883333333,96411072.83176842,97778123.2277595,0.02480162273301374,0.0192168533984669,yfinance_info_static_sharesOutstanding,1,1,1,76275804618.3248,0.0011006818123309578,2020,12,1.0
2021-09-06,0656.HK,1,Hang Seng ESG 50 Index,,2021-05-07,2021-05-09,120,11.640000343322754,0.041144903898975294,0.02464794851300267,-0.0017152233577253373,-0.12084588032136234,-0.12084588032136234,4514591.0,52549840.789961815,5135940.7,5267664.95,60645487.68375249,61083930.784256905,0.03828612984833678,0.02687738089313093,yfinance_info_static_sharesOutstanding,1,1,1,94653558753.9744,0.0005551808244901866,2021,9,1.0
2024-09-09,0656.HK,0,Hang Seng Corporate Sustainability Index,Removal,2024-05-10,2024-05-12,120,4.929999828338623,0.05117265846269525,0.1281464433511985,0.11286682152931693,0.0,-0.14409728603506278,5772796.0,28459883.28903389,2709098.25,2599152.783333333,12356713.53435719,11511493.918281412,0.013708801083760047,0.022016681319413246,yfinance_info_static_sharesOutstanding,1,1,1,40089520158.5128,0.0007099083046268535,2024,9,2.0
2017-03-06,0658.HK,1,Hang Seng Composite LargeCap & MidCap Index,,2016-11-04,2016-11-06,120,8.430000305175781,0.053750038146972656,0.020581122467711932,0.31308414408028207,0.0,0.0,11778000.0,99288543.59436035,5819735.5,10828075.016666668,47247356.43769126,81684671.92533013,0.011937078694024519,0.02609799111357192,yfinance_info_static_sharesOutstanding,1,1,1,13785508316.131378,0.007202385383074772,2017,3,0.0
2020-09-07,0659.HK,1,Hang Seng Corporate Sustainability Index,,2020-05-08,2020-05-10,120,7.054544925689697,-0.039603989318988786,0.0,-0.2332016226146869,-0.2581262127665378,-0.5358851964333835,2693713.0,19002919.37541437,3424516.75,4244616.433333334,24604774.65438094,32834373.65939702,0.03103010929057386,0.042923263548961386,,0,0,0,,,2020,9,0.0
2021-09-06,0659.HK,0,Hang Seng Corporate Sustainability Index,Removal,2021-05-07,2021-05-09,120,7.800000190734863,-0.0011640212350984003,0.01179256632622705,0.12450861396691248,-0.08235291873707495,-0.08235291873707495,2333260.0,18199428.445034027,3333065.3,5714425.1,26535758.044080637,45365024.81160793,0.014127336455561386,0.017668760385669533,,0,0,0,,,2021,9,1.0
2025-03-10,0659.HK,0,Hang Seng Composite Index,Removal,2024-11-08,2024-11-10,120,7.327271938323975,-0.001239156325956392,0.021546174557492748,0.1272726058959961,-0.018270449495249252,-0.1443737114575968,1272419.0,9323360.032490253,808310.7,963154.0833333334,5857705.900890445,6759470.943105435,0.009961574288445872,0.014123398069614108,,0,0,0,,,2025,3,1.0
2019-03-11,0669.HK,1,Hang Seng Index,,2018-11-09,2018-11-11,120,41.0,-0.05529957238475702,-0.08379888268156421,0.03404787949982735,-0.18326694468362292,-0.21904761904761905,3853500.0,157993500.0,6420664.9,5198000.416666667,262681008.9241806,232719042.9993183,0.03961693437043412,0.029009309360375497,yfinance_info_static_sharesOutstanding,1,1,1,75019337581.0,0.0021060369911879186,2019,3,0.0
2021-09-06,0669.HK,1,Hang Seng ESG 50 Index,,2021-05-07,2021-05-09,120,149.3000030517578,0.05437850717755732,0.07410074137955269,0.2237705168176869,0.0,0.0,3832499.0,572192112.3958588,2970476.55,3981538.1,421820775.4530899,517950064.44339335,0.017240538512995767,0.026616985867738172,yfinance_info_static_sharesOutstanding,1,1,1,273180178775.22314,0.002094559403838253,2021,9,1.0
2017-09-04,0670.HK,0,Hang Seng Corporate Sustainability Benchmark Index,Exclusion,2017-05-05,2017-05-07,120,4.179999828338623,-0.016470628626206296,-0.091304366304654,0.06632646606744141,-0.12916673703325843,-0.12916673703325843,15021600.0,62790285.42137146,11788642.9,16107932.116666667,50915616.384428546,70325249.59088932,0.02168106998488753,0.022506423376877575,yfinance_info_static_sharesOutstanding,1,1,1,21162385158.777626,0.002967070344399607,2017,9,0.0
2018-09-10,0683.HK,1,Hang Seng Corporate Sustainability Index,,2018-05-11,2018-05-13,120,38.70000076293945,0.017082826252616812,0.05306124525005318,0.12336719610677216,0.0,0.0,1358080.0,52557697.03613281,1419331.25,1446529.8,52930781.26472416,52008866.51412811,0.013546816258953773,0.013432165995169961,yfinance_info_static_sharesOutstanding,1,1,1,56165532780.8584,0.000935764238918514,2018,9,0.0
2021-09-06,0683.HK,0,Hang Seng Corporate Sustainability Index,Removal,2021-05-07,2021-05-09,120,26.299999237060547,0.003816735542334193,0.04158412820041768,0.2798053631861095,-0.013133222757210294,-0.013133222757210294,1513782.0,39812465.44507599,1399189.15,2465344.0833333335,36168546.97602987,60340244.4677331,0.011733439418816322,0.021146104224061154,yfinance_info_static_sharesOutstanding,1,1,1,38169339539.1416,0.0010430483190375722,2021,9,1.0
2024-09-09,0683.HK,0,Hang Seng ESG 50 Index,Removal,2024-05-10,2024-05-12,120,15.640000343322754,-0.021276546223604753,0.06976747371736836,0.2295597496065156,-0.021276546223604753,-0.22765430403344422,1818723.0,28444828.34440899,1506658.5,1362207.7166666666,22464762.526670408,19238302.572236124,0.021491349137147345,0.02204886333881329,yfinance_info_static_sharesOutstanding,1,1,1,22698422084.18628,0.0012531632480403193,2024,9,1.0
2021-03-15,0686.HK,0,Hang Seng Composite Index,Removal,2020-11-13,2020-11-15,120,2.3399999141693115,0.1304347776009538,-0.04489801280551031,-0.02904571334786865,-0.08235295767602657,-0.2200000286102295,104400.0,244295.99103927612,175470.0,176660.86666666667,396399.5962548256,420626.3315229416,0.03376204597932194,0.03645604682437066,,0,0,0,,,2021,3,0.0
2020-09-07,0687.HK,0,Hang Seng Composite Index,Removal,2020-05-08,2020-05-10,120,0.5699999928474426,0.017857125751218117,0.017857125751218117,-0.32941179193014836,-0.38043480162246435,-0.8267477205299415,632000.0,360239.99547958374,330600.0,686386.6666666666,184799.00110960007,519739.50127919513,0.019714093184740364,0.05888483593220439,,0,0,0,,,2020,9,0.0
2020-12-07,0688.HK,1,Hang Seng China Enterprises Index,,2020-08-07,2020-08-09,120,22.899999618530273,-0.029661048797655076,-0.09306932203840501,-0.10196079927332258,-0.15027833134530288,-0.25407169220090753,13889376.0,318066705.10162354,12559445.8,14718149.766666668,298844233.44039524,360658194.49328834,0.010541335283708266,0.020683169255262986,,0,0,0,,,2020,12,0.0
2021-09-06,0688.HK,0,Hang Seng China 50 Index,Removal,2021-05-07,2021-05-09,120,19.540000915527344,-0.006103709705804539,-0.017102528148504548,0.09162018614231271,-0.10366965140490225,-0.2749536043650893,9067129.0,177171708.96120453,13156767.05,26022218.916666668,259774792.53696004,516406934.02157074,0.008494058353700859,0.0196033231522009,,0,0,0,,,2021,9,1.0
2024-09-09,0688.HK,1,Hang Seng Corporate Sustainability Index,,2024-05-10,2024-05-12,120,15.399999618530273,-0.011553293071709048,0.2748344135589753,0.3368054693219873,-0.011553293071709048,-0.25242721682748115,48047960.0,739938565.6711578,31619470.85,25129224.866666667,435195969.0468996,311208990.81240684,0.03143421020289834,0.03111919918045434,,0,0,0,,,2024,9,1.0
2019-03-11,0691.HK,1,Hang Seng Composite LargeCap & MidCap Index,,2018-11-09,2018-11-11,120,3.430000066757202,0.07861635055087812,-0.4546899701813786,-0.4546899701813786,-0.4546899701813786,-0.4546899701813786,2272000.0,7792960.151672363,2407013.05,802337.6833333333,7994271.228057027,2664757.076019009,0.15603253198825517,0.08971086009903391,yfinance_info_static_sharesOutstanding,1,1,1,14934104452.698605,0.0005218230645403159,2019,3,0.0
2019-09-09,0691.HK,0,Hang Seng Composite LargeCap & MidCap Index,Exclusion,2019-05-10,2019-05-12,120,2.8299999237060547,-0.07817590057183965,-0.25526316862687526,0.4739583265424394,-0.25526316862687526,-0.5500795006567314,408000.0,1154639.9688720703,1273132.55,2598998.7,4227890.024825335,7464608.495521561,0.035784977051084035,0.05242086510604487,yfinance_info_static_sharesOutstanding,1,1,1,12321724093.058739,9.370766299843702e-05,2019,9,1.0
2016-09-05,0696.HK,1,Hang Seng Composite LargeCap & MidCap Index,,2016-05-06,2016-05-08,120,13.619999885559082,-0.06967216078166893,-0.054166649557925606,0.14646462578759412,-0.1109660472016506,-0.1109660472016506,3048000.0,41513759.65118408,3546546.35,3455776.1166666667,51513823.37452121,45507055.104046725,0.019547291019813416,0.025087457269066263,yfinance_info_static_sharesOutstanding,1,1,1,12701494333.276749,0.0032684153975821445,2016,9,0.0
2020-03-09,0697.HK,1,Hang Seng Composite Index,,2019-11-08,2019-11-10,120,2.0,0.0958903823254107,0.24999998137354873,0.4545454545454546,0.0,0.0,6825200.0,13650400.0,7736406.0,4623479.8,14456562.766391754,8092783.855772755,0.03331901394123238,0.024743113176856207,yfinance_info_static_sharesOutstanding,1,1,1,16387126322.0,0.0008329953484079818,2020,3,0.0
2024-09-09,0697.HK,0,Hang Seng Composite Index,Removal,2024-05-10,2024-05-12,120,1.4800000190734863,0.027777750183035854,-0.026315764707210976,0.027777750183035854,-0.06329115261120022,-0.34513273215982865,3452400.0,5109552.065849304,2237115.5,1963676.3333333333,3203351.633314669,2901137.5999067225,0.02196695648747515,0.019369153842961857,yfinance_info_static_sharesOutstanding,1,1,1,12126473634.559814,0.0004213551457603757,2024,9,1.0
2025-03-10,0697.HK,1,Hang Seng Composite Index,,2024-11-08,2024-11-10,120,1.0499999523162842,0.019417457749564715,-0.0789473986911865,-0.17968751891749024,-0.24460434307747791,-0.34375003958120887,2722800.0,2858939.8701667786,3160793.4,3624002.55,3397756.4788404703,4471155.151130487,0.029651209686005403,0.025660169231901044,yfinance_info_static_sharesOutstanding,1,1,1,8603240928.350462,0.000332309637028256,2025,3,1.0
2017-09-04,0698.HK,1,Hang Seng Composite LargeCap & MidCap Index,,2017-05-05,2017-05-07,120,126.24266815185547,-0.020270257468251396,0.058394143309162816,0.34259258658231695,-0.0522875678486765,-0.0522875678486765,662248.0,83603954.49822998,888594.9,892835.4333333333,109635994.23234749,103847110.22240283,0.021654042381910796,0.02688105761548039,yfinance_info_static_sharesOutstanding,1,1,1,24580981590.06964,0.003401164196469874,2017,9,0.0
2019-03-11,0698.HK,0,Hang Seng Composite LargeCap & MidCap Index,Exclusion,2018-11-09,2018-11-11,120,44.149513244628906,-0.02970299187898684,-0.02970299187898684,-0.3194444738458253,-0.3287671328214651,-0.5390062221152961,103439.0,4566781.500511169,223622.35,396524.76666666666,10510293.348727036,19814415.82590364,0.023927725090779704,0.04852510891348833,yfinance_info_static_sharesOutstanding,1,1,1,8596446733.614197,0.0005312405976592565,2019,3,1.0
2021-03-15,0698.HK,0,Hang Seng Composite Index,Removal,2020-11-13,2020-11-15,120,20.497987747192383,0.0459770148504155,0.070588187242697,0.011111088112696565,-0.042105265972608885,-0.5707547297925566,169587.0,3476192.2480831146,249903.4,251829.71666666667,4989452.163594818,5022114.175204182,0.028113526149957872,0.0237637262357882,yfinance_info_static_sharesOutstanding,1,1,1,3991207305.925461,0.000870962588919463,2021,3,1.0
2018-03-05,0700.HK,1,Hang Seng China Enterprises Index,,2017-11-03,2017-11-05,120,339.2431640625,0.05807932530062687,0.04545451980541326,0.11447603138449014,0.0,0.0,18034457.0,6118066254.829102,16927877.8,20239919.616666667,5499409841.047714,6274946083.879123,0.011730805401692706,0.014574244712653879,yfinance_info_static_sharesOutstanding,1,1,1,3065706217536.592,0.0019956466212686205,2018,3,0.0
2024-09-09,0700.HK,1,Hang Seng Corporate Sustainability Benchmark Index,,2024-05-10,2024-05-12,120,371.0,0.018111981926625553,0.1777777777777778,0.29178267489961174,0.0,0.0,15693045.0,5822119695.0,24127708.6,22044923.65,8165558861.955075,6789193939.916221,0.020971768698950597,0.018469471929987616,yfinance_info_static_sharesOutstanding,1,1,1,3352689537162.0,0.001736551992203947,2024,9,1.0
2020-09-07,0709.HK,0,Hang Seng Composite Index,Removal,2020-05-08,2020-05-10,120,1.4600000381469727,-0.058064462540671546,0.09774435416307958,-0.2551020358513416,-0.28780484287459307,-0.6147757116511575,2314787.0,3379589.1083021164,1615073.5,3416285.6166666667,2416375.4461027742,5720266.000537346,0.03951038576806919,0.0374491414751269,,0,0,0,,,2020,9,0.0
2016-03-14,0715.HK,1,Hang Seng Composite LargeCap & MidCap Index,,2015-11-13,2015-11-15,120,1.0499999523162842,0.009615375798129211,-0.04545460949259217,-0.018691681453631315,-0.0789473986911865,-0.3859649538639146,2356000.0,2473799.8876571655,4430060.0,11431707.8,4791486.343643665,12355719.318709668,0.021045897967425675,0.022894812560346794,yfinance_info_static_sharesOutstanding,1,1,1,16949833726.256104,0.0001459483277305034,2016,3,0.0
2017-03-06,0715.HK,0,Hang Seng Composite LargeCap & MidCap Index,Exclusion,2016-11-04,2016-11-06,120,0.7799999713897705,0.0,-0.01265829088137238,-0.01265829088137238,-0.04878051439826525,-0.31578949019519265,550000.0,428999.9842643738,2745600.0,2684056.183333333,2139701.956373453,2144262.2251728564,0.009762224145138339,0.01090343196862218,yfinance_info_static_sharesOutstanding,1,1,1,12591305163.753662,3.407112913912431e-05,2017,3,1.0
2020-12-07,0728.HK,0,Hang Seng China Enterprises Index,Removal,2020-08-07,2020-08-09,120,2.2799999713897705,-0.012987000923330161,-0.017241363363798556,-0.0952380997433594,-0.11627905472390387,-0.393617027347689,31918669.0,72774564.40679955,58771308.55,79111543.3,134483370.02446872,187051520.306241,0.012559226211958392,0.02146929663690253,,0,0,0,,,2020,12,0.0
2021-03-15,0728.HK,0,Hang Seng China 50 Index,Removal,2020-11-13,2020-11-15,120,2.490000009536743,-0.027343724534147795,0.028925591337169543,-0.08118082122266679,-0.12631575689201213,-0.26112756851810603,240025869.0,597664416.0990651,97991125.6,75670218.65,250589456.20687708,192327959.2916595,0.04351113177045145,0.028978645539853586,,0,0,0,,,2021,3,0.0
2018-09-10,0732.HK,0,Hang Seng Composite LargeCap & MidCap Index,Exclusion,2018-05-11,2018-05-13,120,1.8700000047683716,0.010810800361494177,-0.06499999761581421,-0.17621144472207428,-0.2996254863917466,-0.5382716255060066,9199000.0,17202130.04386425,10560938.6,13707928.333333334,20137451.22709136,30160551.874687962,0.029530765447580144,0.034804683079710005,yfinance_info_static_sharesOutstanding,1,1,1,5548928428.409387,0.0031000814419938883,2018,9,0.0
2020-09-07,0732.HK,0,Hang Seng Composite Index,Removal,2020-05-08,2020-05-10,120,0.8799999952316284,0.023255791388182345,-0.02222220161814692,-0.19266057955617621,-0.24786322435056662,-0.34328360200645247,3060000.0,2692799.985408783,2962525.55,6885050.15,2576214.9544053227,6774611.794761801,0.019597439035495035,0.03500302090452587,yfinance_info_static_sharesOutstanding,1,1,1,2611260416.0906134,0.0010312261346343405,2020,9,0.0
2024-09-09,0732.HK,0,Hang Seng (China A) Corporate Sustainability Benchmark Index,Removal,2024-05-10,2024-05-12,120,0.9300000071525574,0.056818195672567295,0.08139533916636399,0.32857146141480476,0.0,-0.07920790501592567,5475600.0,5092308.039164543,3401725.0,3570249.8,2876201.24710992,2785482.7842362453,0.030798546580612186,0.03155626033184426,yfinance_info_static_sharesOutstanding,1,1,1,2759627521.3640795,0.001845288177386861,2024,9,0.0
2019-03-11,0737.HK,0,Hang Seng Composite LargeCap & MidCap Index,Exclusion,2018-11-09,2018-11-11,120,3.859999895095825,-0.0077121359895410135,-0.015306168375089801,-0.19246867663828227,-0.19246867663828227,-0.22489962242731754,299275.0,1155201.468604803,669755.55,923496.8833333333,2666486.7205367326,3819680.0906759975,0.015531823441647365,0.015929448443359924,yfinance_info_static_sharesOutstanding,1,1,1,11895324169.097824,9.711391233925632e-05,2019,3,0.0
2019-09-09,0737.HK,0,Hang Seng Corporate Sustainability Benchmark Index,Exclusion,2019-05-10,2019-05-12,120,3.869999885559082,-0.04679804430991741,-0.08076013052426034,-0.03250002861022949,-0.08941179163315716,-0.19037662851603798,616650.0,2386435.429430008,367061.05,519297.4166666667,1507433.1164426804,2147141.94929386,0.010157571013118078,0.008919899644588582,yfinance_info_static_sharesOutstanding,1,1,1,11926141042.538536,0.00020010122477320995,2019,9,0.0
2025-03-10,0743.HK,0,Hang Seng Composite Index,Removal,2024-11-08,2024-11-10,120,2.069999933242798,0.0,0.0,-0.3030303322214358,-0.3235294209311259,-0.3765060316670148,0.0,0.0,0.0,1144450.0666666667,0.0,2847970.550033963,0.0,0.04083259332038919,,0,0,0,,,2025,3,0.0
2019-03-11,0751.HK,0,Hang Seng Composite LargeCap & MidCap Index,Exclusion,2018-11-09,2018-11-11,120,1.8700000047683716,-0.06030150964487013,-0.06965173450703277,-0.3461538205036484,-0.34154927419589765,-0.5416666569273454,14856068.0,27780847.230839252,16713952.95,10918741.416666666,31950147.449337535,23277230.233886704,0.03250251954811815,0.026582319584799258,yfinance_info_static_sharesOutstanding,1,1,1,3531399137.8448253,0.007866810333932857,2019,3,0.0
2020-03-09,0751.HK,0,Hang Seng Stock Connect Greater Bay Area Composite Index,Removal,2019-11-08,2019-11-10,120,2.2300000190734863,0.046948309511624764,0.09313728469282578,0.14948451201002833,-0.017621128717675627,-0.2202796850106984,2741794.0,6114200.67229557,5834530.15,8173328.766666667,12292187.760854673,16439250.636662738,0.017013766802583197,0.023077205340761783,yfinance_info_static_sharesOutstanding,1,1,1,4211240708.379301,0.001451876322369762,2020,3,0.0
2019-06-17,0753.HK,0,Hang Seng China Enterprises Index,Exclusion,2019-02-15,2019-02-17,120,7.789999961853027,0.016971294651505486,0.08344922112066278,0.02500000784271661,-0.04417173908311989,-0.38076311533409757,26428895.0,205881091.04181767,14691724.2,14347391.216666667,111832137.58542676,105335869.67622955,0.021865799131673767,0.0263691355248383,yfinance_info_static_sharesOutstanding,1,1,1,38604206945.838455,0.0053331257738481195,2019,6,0.0
2016-09-05,0754.HK,0,Hang Seng Composite LargeCap & MidCap Index,Exclusion,2016-05-06,2016-05-08,120,4.183456897735596,-0.022606393348860165,-0.04296882456911022,0.0308554765260185,-0.15420021461819666,-0.28779072245281956,927653.0,3880796.3415551186,686287.25,1445876.6666666667,2986737.820011997,6518295.732654806,0.011673870146457184,0.022945259595895117,yfinance_info_static_sharesOutstanding,1,1,1,15865931806.395054,0.00024459933327022703,2016,9,0.0
2018-03-05,0754.HK,1,Hang Seng Composite LargeCap & MidCap Index,,2017-11-03,2017-11-05,120,4.570497989654541,0.025542840598491434,-0.10078385892678288,0.11994420042418708,-0.22936658386033992,-0.22936658386033992,737906.0,3372597.8895540237,1506398.1,3042450.55,7129800.467032313,14926933.94145056,0.018039406295834788,0.03673432419487793,yfinance_info_static_sharesOutstanding,1,1,1,17333801016.182423,0.0001945677053985705,2018,3,0.0
2024-09-09,0759.HK,1,Hang Seng (China A) Corporate Sustainability Benchmark Index,,2024-05-10,2024-05-12,120,0.2280000001192093,0.004405295308195445,-0.06938777272773722,0.013333360707319164,-0.22711860930840733,-0.5096774228695073,0.0,0.0,75400.0,62666.666666666664,17394.90007907152,15451.499888300896,0.04273163100914744,0.045790476837737105,,0,0,0,,,2024,9,0.0
2024-09-09,0760.HK,1,Hang Seng (China A) Corporate Sustainability Benchmark Index,,2024-05-10,2024-05-12,120,0.11699999868869781,0.31460670394859,0.37647055832984977,-0.06400001049041748,-0.06400001049041748,-0.6558823604175376,0.0,0.0,5887.5,7662.5,647.6249964907765,795.2499959617853,0.047388005928141,0.03897302593356834,,0,0,0,,,2024,9,0.0
2020-06-08,0762.HK,1,Hang Seng China Enterprises Index,,2020-02-07,2020-02-09,120,6.909999847412109,0.056574906378783485,-0.02263087982523615,-0.10026041642413475,-0.06368567205156661,-0.34564397984532236,34616196.0,239197909.07798767,35975476.7,30953698.15,248391486.53799114,217051128.3281514,0.02174692230401262,0.016923674252332155,,0,0,0,,,2020,6,0.0
2020-09-07,0762.HK,0,Hang Seng China 50 Index,Removal,2020-05-08,2020-05-10,120,4.980000019073486,-0.005988065556445155,-0.031128375791477758,-0.26331363158885235,-0.26656847613377344,-0.4627831959918932,30921910.0,153991112.38978863,47088315.65,49790822.166666664,237933318.13963908,255753529.95256755,0.02558140719609808,0.03650962922933081,,0,0,0,,,2020,9,1.0
2021-06-07,0762.HK,0,Hang Seng China Enterprises Index,Removal,2021-02-05,2021-02-07,120,4.400000095367432,0.009174302896359121,-0.002267517548905529,-0.20720721726951197,-0.17448402282377062,-0.3632416508641034,96037612.0,422565501.9588604,178624221.95,132796500.91666667,844984747.8486676,616621314.9324055,0.02911902058936589,0.029410855433416025,,0,0,0,,,2021,6,1.0
2024-03-04,0762.HK,1,Hang Seng China Enterprises Index,,2023-11-03,2023-11-05,120,4.929999828338623,0.008179951522529372,-0.11010832810734728,-0.11010832810734728,-0.15726497287041052,-0.23208726327857776,22345450.0,110163064.66414928,31860353.35,27954089.066666666,162282004.52891332,151539732.88910744,0.02196167710647102,0.016871569517310402,,0,0,0,,,2024,3,1.0
2024-09-09,0762.HK,0,Hang Seng Corporate Sustainability Benchmark Index,Removal,2024-05-10,2024-05-12,120,6.230000019073486,0.061328814400839926,0.06313991077286585,0.1558441880139767,0.0,-0.029595024137466952,72925685.0,454327018.94094706,35359491.35,30845648.616666667,211555106.22428787,177902062.58098364,0.014292349381605908,0.01684164355282179,,0,0,0,,,2024,9,2.0
2018-09-10,0763.HK,0,Hang Seng Corporate Sustainability Benchmark Index,Exclusion,2018-05-11,2018-05-13,120,25.600000381469727,0.0,-0.019157087842611165,-0.033962249755859375,-0.13073006050019031,-0.20743031002624113,0.0,0.0,485552.1,7444985.766666667,12548334.995223427,201260228.53157246,0.004325217916517832,0.022395757761550415,yfinance_info_static_sharesOutstanding,1,1,1,19340865158.601345,0.0,2018,9,0.0
2021-06-07,0763.HK,0,Hang Seng TECH Index,Removal,2021-02-05,2021-02-07,120,21.200000762939453,-0.04072396393643951,-0.004694764211404467,-0.01624122907249037,-0.12396693824052607,-0.3977272641067664,10459839.0,221748594.78022385,18089094.2,13252193.6,412404373.6712979,282825987.1721123,0.03762273162745425,0.029446672668258057,yfinance_info_static_sharesOutstanding,1,1,1,16016654297.20269,0.013844876131150078,2021,6,0.0
2025-06-09,0772.HK,0,Hang Seng TECH Index,Removal,2025-02-07,2025-02-09,120,28.799999237060547,0.10344823050300578,0.16129032754253037,-0.0017331418976789248,-0.02702706534118826,-0.2000000211927626,11963460.0,344547638.87260437,4175103.55,4249643.266666667,112208154.00827856,115725843.4782431,0.020814465359413364,0.02891926241823179,,0,0,0,,,2025,6,0.0
2021-03-15,0775.HK,1,Hang Seng Composite Index,,2020-11-13,2020-11-15,120,0.9200000166893005,0.10843377733528303,0.03370790053551764,0.010989000192372256,-0.07999998331069946,-0.17117116681728917,15510000.0,14269200.258851051,8352047.25,9731088.266666668,7264292.472745925,8916845.934426526,0.020662466587305032,0.020034058734759587,,0,0,0,,,2021,3,0.0
2017-03-06,0777.HK,1,Hang Seng Composite LargeCap & MidCap Index,,2016-11-04,2016-11-06,120,24.200000762939453,-0.05836575702219693,-0.12949635154384787,-0.05836575702219693,-0.14638446429238205,-0.14638446429238205,1024000.0,24780800.78125,582912.8,1016426.2833333333,15073008.106145859,27008251.71505766,0.0160629200467739,0.020075375749927047,yfinance_info_static_sharesOutstanding,1,1,1,12731626427.182636,0.0019463971019713392,2017,3,0.0
2019-03-11,0777.HK,0,Hang Seng Composite LargeCap & MidCap Index,Exclusion,2018-11-09,2018-11-11,120,13.739999771118164,-0.07162164905107793,0.06677015908664652,-0.035112360114928465,-0.232402231065169,-0.4892193321202407,262567.0,3607670.519903183,416602.65,763740.6,5793904.823483276,11947640.135962868,0.031155784712404738,0.0377228835402318,yfinance_info_static_sharesOutstanding,1,1,1,7228617300.845209,0.0004990816873762779,2019,3,1.0
2020-12-07,0777.HK,0,Hang Seng TECH Index,Removal,2020-08-07,2020-08-09,120,23.700000762939453,0.06997747950805722,-0.044354778546818685,0.12322276466653892,-0.0613861083984375,-0.14285710343893243,1790000.0,42423001.36566162,2232656.3,2343921.6,51607558.75285063,52110236.29756991,0.03703116662625681,0.029487787558820245,yfinance_info_static_sharesOutstanding,1,1,1,12468576302.682636,0.003402393371610056,2020,12,1.0
2017-09-04,0778.HK,1,Hang Seng Corporate Sustainability Benchmark Index,,2017-05-05,2017-05-07,120,8.989999771118164,-0.004429674754803825,0.03333332967940872,-0.011001141891208488,-0.019629258852583154,-0.11689592322041376,2662000.0,23931379.390716553,2661337.05,2918353.2,23936160.66064558,25703729.707757886,0.0075370923195723786,0.00778789079582007,yfinance_info_static_sharesOutstanding,1,1,1,18536154460.776844,0.0012910649531625447,2017,9,0.0
2024-03-04,0780.HK,1,Hang Seng TECH Index,,2023-11-03,2023-11-05,120,14.979999542236328,0.014905102299660244,-0.06491890672970202,-0.18142075591460494,-0.20991559780695135,-0.24495970629907649,1449450.0,21712760.336494446,2792478.95,3657506.9833333334,42935985.02810268,62843694.23542888,0.02152304635882822,0.020840786116423305,,0,0,0,,,2024,3,0.0
2018-12-10,0788.HK,1,Hang Seng China Enterprises Index,,2018-08-10,2018-08-12,120,13.0,,,,0.0,0.0,205761293.0,2674896809.0,267009062.66666666,267009062.66666666,3402368670.8976884,3402368670.8976884,0.00017265423385675165,0.00017265423385675165,yfinance_info_static_sharesOutstanding,1,1,1,59107595300.0,0.045254705345795045,2018,12,0.0
2019-09-09,0788.HK,1,Hang Seng China 50 Index,,2019-05-10,2019-05-12,120,20.200000762939453,-0.07339442798699991,-0.07339442798699991,0.2095808287486538,-0.11403502461065407,-0.11403502461065407,80501141.0,1626123109.6174965,76061248.9,76182901.91666667,1612298511.2237515,1486710602.17875,0.03141057465612864,0.027835299582632,yfinance_info_static_sharesOutstanding,1,1,1,91844113088.88588,0.017705251375706027,2019,9,1.0
2021-06-07,0788.HK,0,Hang Seng China Enterprises Index,Removal,2021-02-05,2021-02-07,120,11.199999809265137,0.0,0.056603717566302336,-0.17037038449887876,-0.17037038449887876,-0.4371859284441374,33772687.0,378254087.95837116,71566718.6,55090889.81666667,848891656.2217363,653573766.0027329,0.030986819006386418,0.023649717061573153,yfinance_info_static_sharesOutstanding,1,1,1,50923465852.778534,0.007427893636539127,2021,6,2.0
2021-09-06,0788.HK,0,Hang Seng China 50 Index,Removal,2021-05-07,2021-05-09,120,11.100000381469727,-0.008928520490927738,-0.0263157234297543,-0.008928520490927738,-0.0975609585899887,-0.35087718515502786,15492127.0,171962615.60977745,26231074.9,45830412.85,297449668.50398684,537906104.4338701,0.010663220727429512,0.017573215627328286,yfinance_info_static_sharesOutstanding,1,1,1,50468794644.44294,0.003407305778179746,2021,9,2.0
2021-03-15,0806.HK,0,Hang Seng Stock Connect Greater Bay Area Composite Index,Removal,2020-11-13,2020-11-15,120,3.5999999046325684,0.005586586970037999,0.05571842053358633,-0.04761906564010443,-0.042553214424603025,-0.302325579246272,2823000.0,10162799.73077774,3991872.65,3279361.7,14120131.73816681,11590090.52585729,0.014503291284039415,0.015613064981577518,,0,0,0,,,2021,3,0.0
2025-03-10,0806.HK,0,Hang Seng Composite Index,Removal,2024-11-08,2024-11-10,120,1.8600000143051147,0.03910617538763672,-0.04123713430708065,0.24832214926187057,-0.2981132274083109,-0.2981132274083109,2860000.0,5319600.040912628,3126097.8,7191227.316666666,5649689.726719951,13688835.347545497,0.034777289300461846,0.05647786604635452,,0,0,0,,,2025,3,0.0
2019-09-09,0808.HK,1,Hang Seng Corporate Sustainability Benchmark Index,,2019-05-10,2019-05-12,120,3.3399999141693115,-0.005952375461590109,-0.0346821163741744,0.047021897886595054,-0.0849315542735386,-0.0849315542735386,887000.0,2962579.9238681793,1446304.85,2597904.0833333335,4871818.742615104,8855723.153524382,0.008857838772706891,0.011139038737674955,yfinance_info_static_sharesOutstanding,1,1,1,5306121341.144294,0.0005583324868385469,2019,9,0.0
2021-03-15,0808.HK,0,Hang Seng Composite Index,Removal,2020-11-13,2020-11-15,120,2.309999942779541,0.022123872799678646,0.022123872799678646,-0.06477736193416728,-0.06854841733326134,-0.2596153757981291,998000.0,2305379.942893982,1474925.35,1128568.1333333333,3359159.070302689,2616840.2943709493,0.01033540957886731,0.010776475897098549,yfinance_info_static_sharesOutstanding,1,1,1,3669802487.8461957,0.0006282027304000788,2021,3,1.0
2020-06-08,0813.HK,1,Hang Seng China Enterprises Index,,2020-02-07,2020-02-09,120,26.034149169921875,0.03550294645953356,-0.13223144068712533,-0.04197084569877685,-0.18224301501079276,-0.18224301501079276,13409466.0,349104038.1329956,19922360.15,9197537.9,564631328.1361543,261965499.75499153,0.03564453237224682,0.024472655109018283,,0,0,0,,,2020,6,0.0
2021-09-06,0813.HK,0,Hang Seng China Enterprises Index,Removal,2021-05-07,2021-05-09,120,22.600000381469727,0.004444461398654509,-0.038297856107671224,0.020316061882140746,-0.15196995478545905,-0.392336592213438,2819012.0,63709672.27536774,3472640.0,6378887.316666666,79571568.51077881,153842368.68661115,0.009007917453496469,0.02422313892859237,,0,0,0,,,2021,9,1.0
2024-03-04,0813.HK,1,Hang Seng Composite Index,,2023-11-03,2023-11-05,120,0.5799999833106995,0.0,-0.1714285811599422,-0.40816329385478556,-0.532258081572609,-0.8687782865838739,7649137.0,4436499.332341254,5741930.0,24082507.216666665,3543838.2335080355,21784021.372502577,0.04541531916446757,0.0884938968978394,,0,0,0,,,2024,3,1.0
2024-09-09,0813.HK,0,Hang Seng Composite Index,Removal,2024-05-10,2024-05-12,120,0.9599999785423279,0.7454544686088893,1.8235293189547064,1.1573033572417168,0.0,-0.7828054384679417,1133316696.0,1087984003.841662,109467245.55,46279274.86666667,82086654.53387323,32148590.72839589,0.16705913195502564,0.10982976399627326,,0,0,0,,,2024,9,2.0
2018-09-10,0819.HK,0,Hang Seng Corporate Sustainability Benchmark Index,Exclusion,2018-05-11,2018-05-13,120,11.579999923706055,-0.03500000635782874,0.10076040112337759,0.5669824266469257,-0.05081966354525935,-0.05081966354525935,2451908.0,28393094.452934265,6430808.4,5528491.283333333,71468623.39923935,53201508.80256333,0.04228891897335472,0.03493065505348584,yfinance_info_static_sharesOutstanding,1,1,1,13040521624.083519,0.002177297448017515,2018,9,0.0
2024-09-09,0825.HK,1,Hang Seng (China A) Corporate Sustainability Benchmark Index,,2024-05-10,2024-05-12,120,0.2549999952316284,0.08050844782181654,0.019999980926513672,-0.2916667080587795,-0.3461538343975056,-0.7134831468199047,1306000.0,333029.9937725067,724650.0,762180.4666666667,176020.29937580228,219343.53200707037,0.02851962912888242,0.04493701079839704,,0,0,0,,,2024,9,0.0
2020-03-09,0826.HK,1,Hang Seng Composite Index,,2019-11-08,2019-11-10,120,2.799999952316284,0.0332102999639996,0.0332102999639996,0.22807016993493567,-0.017543843505051004,-0.017543843505051004,4420000.0,12375999.789237976,4067000.0,4295263.1,10819528.032207489,11023641.227565527,0.023160921034526993,0.022380328340546842,yfinance_info_static_sharesOutstanding,1,1,1,7629999870.061874,0.0016220183486238531,2020,3,0.0
2016-03-14,0829.HK,0,Hang Seng Composite LargeCap & MidCap Index,Exclusion,2015-11-13,2015-11-15,120,1.1299999952316284,-0.008771921569070362,-0.01739128812274282,-0.21527781227120513,-0.19858154469371958,-0.6021126657103619,2890000.0,3265699.986219406,3305840.0,5547662.8,3748539.171895981,6127873.146951433,0.013107284980315173,0.028490319041346523,yfinance_info_static_sharesOutstanding,1,1,1,3650442384.595871,0.0008946038978727619,2016,3,0.0
2019-03-11,0836.HK,0,Hang Seng Index,Exclusion,2018-11-09,2018-11-11,120,13.859999656677246,-0.005738875617947059,0.04367469392834766,-0.05585835364113889,-0.053278734177165665,-0.144444505929617,5776472.0,80061899.93680573,8825819.85,6459073.5,117423135.99951926,87910531.82212193,0.021249875468666714,0.016980844729500816,yfinance_info_static_sharesOutstanding,1,1,1,71754018498.99828,0.0011157828036895722,2019,3,0.0
2020-09-07,0836.HK,1,Hang Seng ESG 50 Index,,2020-05-08,2020-05-10,120,9.0,-0.020674601638597245,0.09356020663330922,-0.1588784896793275,-0.1541353656395278,-0.2241379565489553,3651715.0,32865435.0,6414604.95,8795366.883333333,57597789.00663495,76141066.96097103,0.022810036332633375,0.031700799160717004,yfinance_info_static_sharesOutstanding,1,1,1,46593519660.0,0.0007053649357211921,2020,9,0.0
2018-09-10,0839.HK,1,Hang Seng Composite LargeCap & MidCap Index,,2018-05-11,2018-05-13,120,11.84000015258789,0.09426991557602293,0.1676528354739748,0.49873417843765333,-0.03739837650518685,-0.03739837650518685,5860000.0,69382400.89416504,5943733.65,6123164.1,65373034.73186741,60854861.87231486,0.028906170540564824,0.030497462583612314,yfinance_info_static_sharesOutstanding,1,1,1,33155704748.893833,0.002092623318359108,2018,9,0.0
2021-03-15,0857.HK,0,Hang Seng China Enterprises Index,Removal,2020-11-13,2020-11-15,120,2.4100000858306885,0.04782614599779689,0.09545456072515668,-0.12996386194032095,-0.12363633242520422,-0.42619042969614795,119752882.0,288604455.8984723,108171801.3,92445408.18333334,250880796.49673805,224048498.6083701,0.025235101936000558,0.01838100007019832,,0,0,0,,,2021,3,0.0
2022-12-05,0857.HK,1,Hang Seng China Enterprises Index,,2022-08-05,2022-08-07,120,3.430000066757202,-0.06027397886631647,-0.036516819694339286,-0.08042894122847821,-0.21330276107298418,-0.2326621414427088,195057933.0,669048723.2115219,65283340.05,89612863.16666667,232628873.54226026,344483772.331053,0.014710615754830113,0.017391693270344268,,0,0,0,,,2022,12,0.0
2020-03-09,0860.HK,0,Hang Seng Composite Index,Removal,2019-11-08,2019-11-10,120,9.699999809265137,0.021052611501593432,0.043010710787809936,0.24358968872682407,-0.020202001714301865,-0.19166668256123864,188600.0,1829419.9640274048,173022.5,242427.83333333334,1658274.2481803894,2212513.549756209,0.013416580235830037,0.019555250191995745,yfinance_info_static_sharesOutstanding,1,1,1,9917649277.98541,0.00018446104643851834,2020,3,0.0
2018-03-05,0861.HK,0,Hang Seng Composite LargeCap & MidCap Index,Exclusion,2017-11-03,2017-11-05,120,4.760000228881836,0.008474669590729178,0.057777828640408035,-0.04494353965379361,-0.0344826785752802,-0.312937434868065,2186952.0,10409892.020553589,5632716.7,3920650.85,26776655.599930383,18286502.955717746,0.01902791123345793,0.02073657825115292,yfinance_info_static_sharesOutstanding,1,1,1,7966371540.418331,0.001306729414732638,2018,3,0.0
2021-09-06,0868.HK,1,Hang Seng Index,,2021-05-07,2021-05-09,120,26.549999237060547,-0.036297641658544544,0.0391389444172463,0.3504577539737561,-0.036297641658544544,-0.036297641658544544,5084027.0,134980912.97119522,6058863.8,11311310.933333334,158835699.39024657,270712283.83677304,0.025856861622636684,0.034927828098514066,,0,0,0,,,2021,9,0.0
2021-03-15,0873.HK,1,Hang Seng Composite Index,,2020-11-13,2020-11-15,120,16.0,0.0,,,-0.036144600462750365,-0.036144600462750365,3205303.0,51284848.0,19264165.727272727,19264165.727272727,314625437.01147294,314625437.01147294,0.02808730624300517,0.02808730624300517,,0,0,0,,,2021,3,0.0
2021-09-06,0874.HK,0,Hang Seng Composite Index,Removal,2021-05-07,2021-05-09,120,20.850000381469727,-0.004773287724486708,0.09276731996023369,0.07474230883770017,-0.0691963956900391,-0.14373716407263337,685000.0,14282250.261306763,1255349.65,1124231.3,25352286.480247594,22548938.841591325,0.022284752800830848,0.01954446753422901,,0,0,0,,,2021,9,0.0
2022-06-13,0881.HK,1,Hang Seng Index,,2022-02-11,2022-02-13,120,57.20000076293945,-0.05843620143309547,-0.01802573797528839,-0.14435299822657943,-0.17341035714608588,-0.2537508202967571,3738906.0,213865426.0525589,2766409.25,2853543.25,167986581.48143768,177970947.12424996,0.019426715957614107,0.019810337640615253,,0,0,0,,,2022,6,0.0
2022-12-05,0881.HK,1,Hang Seng China Enterprises Index,,2022-08-05,2022-08-07,120,41.599998474121094,-0.07246377058129183,-0.24432335966109686,-0.18029559656904248,-0.312396719436015,-0.42342345676597215,5488855.0,228336359.62467194,4384659.15,4215937.85,202325542.19250315,222045978.32214737,0.01971592517334797,0.021694713042081357,,0,0,0,,,2022,12,1.0
2024-03-04,0881.HK,0,Hang Seng China Enterprises Index,Removal,2023-11-03,2023-11-05,120,19.739999771118164,0.027055175668105447,-0.0179104777870277,-0.21040000915527346,-0.20403224280671894,-0.5938271524508489,4786500.0,94485508.90445709,2295838.55,3960334.45,44200290.02536774,87810895.8501496,0.0324065646352463,0.031787387990026304,,0,0,0,,,2024,3,2.0
2018-03-05,0883.HK,1,Hang Seng China Enterprises Index,,2017-11-03,2017-11-05,120,10.859999656677246,0.07524745014880141,0.07524745014880141,0.23690204862935382,-0.009124122365115728,-0.009124122365115728,52941709.0,574946941.5639067,79731934.15,85147577.1,821119389.8719146,824623753.340404,0.015853939266309413,0.01345420879095696,yfinance_info_static_sharesOutstanding,1,1,1,483703884974.66034,0.001188634119806638,2018,3,0.0
2016-09-05,0884.HK,1,Hang Seng Composite LargeCap & MidCap Index,,2016-05-06,2016-05-08,120,1.6821019649505615,-0.10659884400090414,-0.07368392720631611,0.15032670254212488,-0.11111123710085502,-0.3282442595459052,8501266.0,14299996.2431674,8768790.3,9947966.833333334,15813629.1066567,17238308.27199529,0.02357131419503356,0.022112164209038294,yfinance_info_static_sharesOutstanding,1,1,1,28128622810.53173,0.0005083788260623017,2016,9,0.0
2021-09-06,0884.HK,1,Hang Seng ESG 50 Index,,2021-05-07,2021-05-09,120,6.537261009216309,-0.01582730239095098,-0.08310993427372726,-0.0029154781876601366,-0.11969108349496305,-0.11969108349496305,8061513.0,52700214.61019039,7913015.85,13073858.433333334,53056652.121682525,90726615.55434377,0.012353152370251457,0.022629758847918967,yfinance_info_static_sharesOutstanding,1,1,1,109318075225.98433,0.0004820814353092802,2021,9,1.0
2024-03-04,0884.HK,1,Hang Seng Composite Index,,2023-11-03,2023-11-05,120,0.20200000703334808,0.0,-0.3034482315661069,-0.7342105137261656,-0.7342105137261656,-0.8768292629296832,21501191.0,4343240.7332253605,46670120.9,37426435.583333336,10803674.075517934,10248405.508479457,0.05146394343733694,0.11827472406255007,yfinance_info_static_sharesOutstanding,1,1,1,3377905813.059795,0.0012857791109608058,2024,3,2.0
2024-09-09,0884.HK,1,Hang Seng Corporate Sustainability Benchmark Index,,2024-05-10,2024-05-12,120,0.4000000059604645,0.08108108325802199,0.6326530537770125,0.568627503687307,0.0,-0.4736841960792064,1273422450.0,509368987.5901893,262975357.25,158813588.58333334,87876173.54163113,51575639.28315663,0.07152981358024232,0.06565290703981948,yfinance_info_static_sharesOutstanding,1,1,1,6688922268.872707,0.07615112975083711,2024,9,3.0
2025-03-10,0884.HK,0,Hang Seng Composite Index,Removal,2024-11-08,2024-11-10,120,0.41999998688697815,0.06329107716228477,-0.023255860695907793,0.584905696449947,-0.522727285042282,-0.522727285042282,223196240.0,93742417.87322283,147010590.45,164640510.58333334,59870524.55245706,76251089.70124315,0.08201969972511898,0.13419128532080393,yfinance_info_static_sharesOutstanding,1,1,1,7023368058.380044,0.01334721704658103,2025,3,4.0
2021-09-06,0895.HK,0,Hang Seng Stock Connect Greater Bay Area Composite Index,Removal,2021-05-07,2021-05-09,120,4.699999809265137,0.019522705671186635,-0.11819889745943302,-0.0838207203866006,-0.2231405518857924,-0.25750397062984387,55800.0,262259.9893569946,255302.5,485966.75,1261136.2866568565,2672494.154105703,0.02052814789389416,0.024695532857366292,,0,0,0,,,2021,9,0.0
2017-03-06,0902.HK,0,Hang Seng China 50 Index,Exclusion,2016-11-04,2016-11-06,120,4.75,0.0,-0.04233871704271752,-0.01452285667393427,-0.08123792458336243,-0.4351961847583564,19417928.0,92235158.0,23396188.45,31534445.866666667,112145394.13904318,154737089.57884547,0.00916657302060143,0.014180256317961316,yfinance_info_static_sharesOutstanding,1,1,1,22326821340.0,0.004131137012090231,2017,3,0.0
2019-06-17,0902.HK,0,Hang Seng China Enterprises Index,Exclusion,2019-02-15,2019-02-17,120,4.980000019073486,0.02258729694031114,-0.003999996185302779,0.055084796703196215,-0.044145876658244654,-0.1836065414867486,32434554.0,161524079.53864002,25297868.35,23912090.9,125892850.2440087,117956531.10651414,0.014528652672332347,0.015805357984037285,yfinance_info_static_sharesOutstanding,1,1,1,23407909620.8527,0.006900405980495923,2019,6,0.0
2021-03-15,0909.HK,1,Hang Seng Stock Connect Greater Bay Area Composite Index,,2020-11-13,2020-11-15,120,36.400001525878906,-0.1001235886445565,0.05813953230482882,,-0.1001235886445565,-0.1001235886445565,4932841.0,179555419.92691803,5674445.8,17783516.71875,199118211.6561389,564992106.9317389,0.06262392394995993,0.05875515113621844,,0,0,0,,,2021,3,0.0
2016-03-14,0911.HK,1,Hang Seng Composite LargeCap & MidCap Index,,2015-11-13,2015-11-15,120,244.0,0.051724137931034475,0.07017543859649122,-0.2650602409638554,-0.25609756097560976,-0.36458333333333337,245050.0,59792200.0,145561.65,197759.35,34679802.4,47568289.0,0.019389205892588,0.04243626396557297,yfinance_info_static_sharesOutstanding,1,1,1,41344580000.0,0.0014461919796984273,2016,3,0.0
2017-03-06,0911.HK,0,Hang Seng Composite LargeCap & MidCap Index,Exclusion,2016-11-04,2016-11-06,120,16.200000762939453,-0.006134876000100209,-0.04705877865062036,0.058823566077443434,-0.14736838089792348,-0.9421428544180734,327075.0,5298615.249538422,658940.3,1201391.4333333333,11370970.989007568,20893274.842597835,0.01444639380156089,0.020934822479073727,yfinance_info_static_sharesOutstanding,1,1,1,2745009129.2762756,0.001930272359762755,2017,3,1.0
2020-03-09,0914.HK,1,Hang Seng China 50 Index,,2019-11-08,2019-11-10,120,49.29999923706055,0.02815429515414114,0.03246071700650366,0.1491840905255195,-0.008048320316670576,-0.05374278923350351,3317883.0,163571629.36865616,6335553.35,6334273.933333334,301393515.40602934,295281070.7526654,0.012725646706400187,0.013606101798267618,yfinance_info_static_sharesOutstanding,1,1,1,64070279008.48389,0.0025530032317636195,2020,3,0.0
2021-09-06,0914.HK,0,Hang Seng China Enterprises Index,Removal,2021-05-07,2021-05-09,120,48.04999923706055,0.03444560705793709,-0.04091814969055263,0.05372808870443002,-0.08126195147223614,-0.21294021560131848,15200600.0,730388818.4028625,8395094.0,10423525.866666667,400950545.99769115,517517983.6247691,0.00994795480536199,0.01887374700410562,yfinance_info_static_sharesOutstanding,1,1,1,62445779008.48389,0.01169636811326562,2021,9,1.0
2017-12-04,0916.HK,0,Hang Seng China Enterprises Index,Exclusion,2017-08-04,2017-08-06,120,6.070000171661377,0.0630473084254537,0.10968928783975418,0.021885540940844717,-0.003284069035370152,-0.1534170004083375,16021490.0,97250447.05027103,12538879.55,11978839.25,71771804.54216921,69362387.11794879,0.012016069317667449,0.011193245439081546,yfinance_info_static_sharesOutstanding,1,1,1,20139544309.552193,0.004828830561183309,2017,12,0.0
2024-09-09,0919.HK,0,Hang Seng (China A) Corporate Sustainability Benchmark Index,Removal,2024-05-10,2024-05-12,120,0.08500000089406967,-0.022988467357292652,0.03658534812473424,-0.10526313725600922,-0.19047615668670825,-0.4753086380007572,0.0,0.0,28000.0,53533.333333333336,2416.9999971985817,4858.866711954276,0.050418429411566365,0.042879256167599605,,0,0,0,,,2024,9,0.0
2017-09-04,0921.HK,1,Hang Seng China AH Index Series,,2017-05-05,2017-05-07,120,10.640000343322754,-0.066666605319194,-0.066666605319194,0.4943820947108444,-0.10437708410548441,-0.10437708410548441,1527000.0,16247280.524253845,2325927.85,2941944.4166666665,26074802.793270968,29300466.562709317,0.03341063478516768,0.03219975470468974,yfinance_info_static_sharesOutstanding,1,1,1,4890035714.907639,0.003322527987826919,2017,9,0.0
2019-03-11,0921.HK,0,Hang Seng Stock Connect China AH Index Series,Exclusion,2018-11-09,2018-11-11,120,5.739999771118164,-0.04333337148030603,-0.10031353163679957,-0.10312504912726506,-0.19607844839590038,-0.4956063520742625,898000.0,5154519.794464111,1361947.85,1296813.75,8180725.894729614,8233043.499897862,0.02697574660093867,0.023929104485315846,yfinance_info_static_sharesOutstanding,1,1,1,2638045392.728241,0.001953916262651325,2019,3,1.0
2019-09-09,0921.HK,1,Hang Seng Stock Connect China AH Index Series,,2019-05-10,2019-05-12,120,10.4399995803833,-0.02247197733469819,-0.11675128173185967,0.20554269796010605,-0.16211881633863,-0.16211881633863,1773000.0,18510119.256019592,1877266.4,3669871.55,20248868.337032795,38243719.155742474,0.027492322494125365,0.04057297951259598,yfinance_info_static_sharesOutstanding,1,1,1,4798117402.668442,0.0038577878994218253,2019,9,1.0
2024-03-04,0921.HK,1,Hang Seng Composite Index,,2023-11-03,2023-11-05,120,21.299999237060547,-0.03837473571596062,0.08121819351048365,0.026505987328219183,-0.03837473571596062,-0.03837473571596062,728000.0,15506399.444580078,1775013.55,1743824.7333333334,37575386.49538622,34993361.864879675,0.03285336350238677,0.030205549377135703,yfinance_info_static_sharesOutstanding,1,1,1,9789262559.760803,0.0015840212017930563,2024,3,2.0
2018-09-10,0931.HK,0,Hang Seng Composite LargeCap & MidCap Index,Exclusion,2018-05-11,2018-05-13,120,1.309999942779541,0.06504058737032836,0.10084023511677098,0.0,-0.12080541315779325,-0.2339181792071119,11878500.0,15560834.320306778,5695516.2,4637817.033333333,6822034.642006213,5828782.350480612,0.026490948842387663,0.026983830179123307,yfinance_info_static_sharesOutstanding,1,1,1,9740738235.297071,0.0015975005122219267,2018,9,0.0
2020-03-09,0931.HK,0,Hang Seng Composite Index,Removal,2019-11-08,2019-11-10,120,0.5400000214576721,-0.018181800448205276,-0.035714251502436234,-0.09999999999999998,-0.11475408394405295,-0.6399999856948853,771000.0,416340.0165438652,921830.85,1243183.6833333333,508656.5354159385,696216.8410291076,0.015417917202578813,0.016982494667225994,yfinance_info_static_sharesOutstanding,1,1,1,4015266477.7323484,0.00010368926168481758,2020,3,0.0
2024-09-09,0933.HK,0,Hang Seng Composite Index,Removal,2024-05-10,2024-05-12,120,0.7900000214576721,0.0972222084248513,0.12857147844470362,0.03947372548798156,-0.024691334404499887,-0.4870129603723541,3120445.0,2465151.6169574857,4391565.6,3685143.066666667,3172678.3226346285,2663762.9777208758,0.028503952502049595,0.031452887698413555,,0,0,0,,,2024,9,0.0
2019-03-11,0934.HK,0,Hang Seng Composite LargeCap & MidCap Index,Exclusion,2018-11-09,2018-11-11,120,3.25,-0.015151500920837613,0.051779964490290764,-0.03846157101755632,-0.11684784210781718,-0.3856332658910716,1104000.0,3588000.0,2038080.45,2824824.216666667,6464779.753900528,9407794.65774802,0.018127698872015173,0.023148756462578326,yfinance_info_static_sharesOutstanding,1,1,1,8080020000.0,0.00044405830678636936,2019,3,0.0
2018-09-10,0939.HK,0,Hang Seng Corporate Sustainability Benchmark Index,Exclusion,2018-05-11,2018-05-13,120,8.199999809265137,0.02628285909419792,0.00985220749181659,0.01485147112526719,-0.04540166896333053,-0.10087720261386235,252939474.0,2074103638.555624,265277880.85,368480314.3666667,2145463705.1563091,3003814081.5330505,0.014913721331627598,0.018988372662874398,yfinance_info_static_sharesOutstanding,1,1,1,1971421977160.0354,0.0010520850749282547,2018,9,0.0
2018-03-05,0941.HK,1,Hang Seng China Enterprises Index,,2017-11-03,2017-11-05,120,78.8499984741211,-0.004419172823324935,-0.0012666051676563095,-0.06851745950630206,-0.10752688357750995,-0.1272827913029123,14889378.0,1174027432.5806122,14668753.8,16938039.8,1155416349.9865823,1394211507.0367885,0.008059579666165587,0.011044382864349804,yfinance_info_static_sharesOutstanding,1,1,1,1632887791180.0994,0.0007189884319804574,2018,3,0.0
2019-09-09,0941.HK,0,Hang Seng Corporate Sustainability Index,Exclusion,2019-05-10,2019-05-12,120,72.0999984741211,-0.029609750838155202,-0.0768245853677979,-0.12340427387086816,-0.17363898596995886,-0.17363898596995886,24708957.0,1781515761.9971237,17612504.25,18655323.333333332,1317814965.956036,1487082507.9536927,0.005971862391567797,0.01220204182051358,yfinance_info_static_sharesOutstanding,1,1,1,1493103481684.0994,0.0011931629547790744,2019,9,1.0
2021-09-06,0941.HK,1,Hang Seng Corporate Sustainability Index,,2021-05-07,2021-05-09,120,50.0,-0.038461538461538436,-0.00497512437810943,0.06609804633824057,-0.12049250058008898,-0.16874482574222338,16388569.0,819428450.0,26984661.35,52058609.86666667,1385452665.9558654,2753236556.5837927,0.013993517530284222,0.0183210753638,yfinance_info_static_sharesOutstanding,1,1,1,1035439329600.0,0.0007913823886876627,2021,9,1.0
2020-03-09,0950.HK,0,Hang Seng Composite Index,Removal,2019-11-08,2019-11-10,120,4.739999771118164,0.11007020896746433,0.055679290143424875,0.3542856488909041,-0.010438453263686531,-0.36375840369508483,240000.0,1137599.9450683594,478250.0,777460.7,2113780.7448387146,3215069.8651165245,0.02846352403548585,0.03292729594712206,yfinance_info_static_sharesOutstanding,1,1,1,2791079391.0462856,0.0004075842302149312,2020,3,0.0
2020-03-09,0951.HK,0,Hang Seng Composite Index,Removal,2019-11-08,2019-11-10,120,2.9000000953674316,0.024735043656717748,0.035714337412192876,0.0,-0.036544815762240446,-0.22666664123535152,224000.0,649600.0213623047,346100.0,395443.2166666667,968019.5006012917,1126886.5712015787,0.01620818470794954,0.017559447201334583,yfinance_info_static_sharesOutstanding,1,1,1,3201968344.397754,0.00020287521658321874,2020,3,0.0
2019-06-17,0960.HK,1,Hang Seng China Enterprises Index,,2019-02-15,2019-02-17,120,23.799999237060547,-0.049900201120592125,-0.006263111528205911,0.1279620287572123,-0.049900201120592125,-0.07031254365574502,5668887.0,134919506.27498245,16850264.35,9229184.483333332,386761202.6684233,209863413.64578608,0.029619359996872627,0.021782869376987073,yfinance_info_static_sharesOutstanding,1,1,1,163630690189.8087,0.000824536681465306,2019,6,0.0
2021-03-15,0960.HK,1,Hang Seng Index,,2020-11-13,2020-11-15,120,49.54999923706055,0.043157878674958905,0.1590643096388431,0.2688860487872926,0.0,0.0,5459135.0,270500135.0850105,5144001.95,4956639.616666666,231933352.04925823,215096288.87575895,0.020015729822927198,0.016783833957517227,yfinance_info_static_sharesOutstanding,1,1,1,340668102267.8087,0.0007940283615762853,2021,3,1.0
2024-09-09,0960.HK,0,Hang Seng Corporate Sustainability Benchmark Index,Removal,2024-05-10,2024-05-12,120,12.5600004196167,-0.01874998183921006,0.2194174938865312,0.3741794253642927,-0.01874998183921006,-0.4251716155452141,44212258.0,555305979.0322018,27670859.05,25444423.033333335,310961841.5036865,268980944.94812924,0.047487956042536736,0.04432152840335653,yfinance_info_static_sharesOutstanding,1,1,1,86353008543.20523,0.006430650053777387,2024,9,2.0
2024-12-09,0960.HK,0,Hang Seng China Enterprises Index,Removal,2024-08-09,2024-08-11,120,9.739999771118164,0.022035681430339293,-0.1545139423537012,-0.21704179263179235,-0.3633987157061369,-0.49845521458015785,14399500.0,140251126.704216,11276243.7,16827524.85,114074851.81088471,210103503.95023438,0.026827750587455963,0.0337521031342582,yfinance_info_static_sharesOutstanding,1,1,1,66964829247.342606,0.002094399825708234,2024,12,2.0
2019-09-09,0966.HK,1,Hang Seng China Enterprises Index,,2019-05-10,2019-05-12,120,21.25,-0.12551437583623115,-0.17953666745243535,-0.02522932368389874,-0.19047619047619047,-0.2772108749754364,8160162.0,173403442.5,10330530.9,12018210.1,247056537.18334636,289084412.5577597,0.026418196139304958,0.028342314792441762,yfinance_info_static_sharesOutstanding,1,1,1,76372893932.5,0.0022704841151267316,2019,9,0.0
2020-12-07,0966.HK,0,Hang Seng China Enterprises Index,Removal,2020-08-07,2020-08-09,120,13.739999771118164,0.0,-0.11010361758202414,0.1116504977971744,-0.15705518931079654,-0.32647058686033115,8638236.0,118689360.66286469,11728554.6,15885176.516666668,167277479.7961853,214532464.5085314,0.01961546329300966,0.0347762414419863,yfinance_info_static_sharesOutstanding,1,1,1,49381813889.514435,0.0024035034623964423,2020,12,1.0
2018-09-10,0968.HK,1,Hang Seng Corporate Sustainability Benchmark Index,,2018-05-11,2018-05-13,120,3.299999952316284,-0.02941180595477033,-0.026548716755993906,0.006097555213709249,-0.09589044764556764,-0.12000001271565752,37527814.0,123841784.41053438,23678144.5,21309315.816666666,81767483.75851841,71257349.16483116,0.02335738750015262,0.025109126180078455,yfinance_info_static_sharesOutstanding,1,1,1,30185243493.334972,0.004102726036908702,2018,9,0.0
2021-06-07,0968.HK,1,Hang Seng Index,,2021-02-05,2021-02-07,120,18.579999923706055,0.09294117198270913,-0.15927603606356044,0.44479007929512937,-0.15927603606356044,-0.15927603606356044,28061741.0,521387145.63905907,59376344.7,56839609.56666667,1120309889.6713765,964782898.7160745,0.038079087418195885,0.03860432571787041,yfinance_info_static_sharesOutstanding,1,1,1,169952069668.83597,0.00306784816833958,2021,6,1.0
2024-06-11,0968.HK,0,Hang Seng China Enterprises Index,Removal,2024-02-09,2024-02-12,120,3.740000009536743,0.062500008466569,-0.10952376681390341,-0.24291498659595323,-0.2956685405199788,-0.6304347774871417,0.0,0.0,28587831.8,24121214.35,107968507.64038225,100653327.66398425,0.04153447425180305,0.035755609749727385,yfinance_info_static_sharesOutstanding,1,1,1,34209943207.333004,0.0,2024,6,2.0
2024-09-09,0975.HK,1,Hang Seng Composite Index,,2024-05-10,2024-05-12,120,9.550000190734863,-0.015463878503069517,0.12352943420410156,-0.04308610934115431,-0.3274647662668465,-0.3274647662668465,3020250.0,28843388.07606697,3294109.0,5461419.7,32328365.249740124,55525423.16817651,0.042830320345415035,0.0568955461048101,,0,0,0,,,2024,9,0.0
2021-09-06,0978.HK,0,Hang Seng Composite Index,Removal,2021-05-07,2021-05-09,120,1.149999976158142,0.008771921569070251,0.0,0.017699098239742916,-0.03361351188145911,-0.19580418297909696,2106000.0,2421899.9497890472,1665965.15,1800849.6833333333,1914276.2327905833,2079909.096991422,0.00890268435131012,0.01030973762880868,,0,0,0,,,2021,9,0.0
2018-09-10,0981.HK,1,Hang Seng Corporate Sustainability Index,,2018-05-11,2018-05-13,120,10.5600004196167,0.023255884873024435,0.0517928744760372,0.05811632304448011,-0.07368414272121437,-0.26462390862896634,57722012.0,609544470.9411201,51937535.75,41607500.38333333,537814597.976244,428441280.0991982,0.03118821116792041,0.02856433395234322,yfinance_info_static_sharesOutstanding,1,1,1,63503218404.99108,0.009598639033596012,2018,9,0.0
2020-12-07,0981.HK,1,Hang Seng China Enterprises Index,,2020-08-07,2020-08-09,120,29.899999618530273,0.0016750162955303516,-0.27515152439926605,0.7403957559606309,-0.2872467443446318,-0.2872467443446318,279376759.0,8353364987.526224,228513964.0,179111476.28333333,6952579228.530045,4896422753.920516,0.08314045001987183,0.07006835765177274,yfinance_info_static_sharesOutstanding,1,1,1,179805504795.00812,0.04645778224114825,2020,12,1.0
2022-06-13,0981.HK,1,Hang Seng Index,,2022-02-11,2022-02-13,120,20.149999618530273,0.06388590550970963,0.10350489408313512,-0.09843403693019459,-0.10840711157457616,-0.28419183333607745,62860294.0,1266634900.1207008,20141699.8,26090344.433333334,388555331.1374459,520298255.19814426,0.016209445464462492,0.017524728129625168,yfinance_info_static_sharesOutstanding,1,1,1,121173274222.5081,0.010453088011757478,2022,6,2.0
2017-03-06,0991.HK,0,Hang Seng China AH Index Series,Exclusion,2016-11-04,2016-11-06,120,2.0299999713897705,-0.019323653692280396,-0.06018523577554524,0.009950239314132636,-0.07305939801378825,-0.295138926831659,6562176.0,13321217.092254639,12510122.95,14863736.3,26411720.599707842,31301902.55961838,0.013283493075398192,0.016079978301850407,yfinance_info_static_sharesOutstanding,1,1,1,12404561263.11372,0.0010738966747551718,2017,3,0.0
2017-09-04,0991.HK,1,Hang Seng China AH Index Series,,2017-05-05,2017-05-07,120,2.2899999618530273,-0.00865800061555344,-0.021367501773620345,0.12807881484119266,-0.06910572099909396,-0.06910572099909396,19632000.0,44957279.25109863,21390941.8,24388117.366666667,50375926.41898038,55399707.15650069,0.020830741076738615,0.020860976922864195,yfinance_info_static_sharesOutstanding,1,1,1,13993322768.318293,0.0032127665455473206,2017,9,0.0
2019-03-11,0991.HK,0,Hang Seng Stock Connect China AH Index Series,Exclusion,2018-11-09,2018-11-11,120,1.7999999523162842,0.0,-0.010989065691980104,-0.12195122234882316,-0.1304347776009539,-0.37500004139211274,8256000.0,14860799.606323242,6773765.5,6765798.183333334,12010429.15963919,12854592.273259532,0.018538421056213436,0.015464857631540301,yfinance_info_static_sharesOutstanding,1,1,1,10999118225.022865,0.0013510900876140322,2019,3,1.0
2018-06-04,0992.HK,0,Hang Seng Index,Exclusion,2018-02-02,2018-02-04,120,4.309999942779541,-0.07510727813155138,-0.050660797578423455,-0.04646018562679877,-0.08686437831291971,-0.20185187654403625,78796426.0,339612591.55123234,55771099.1,49431824.71666667,253436979.37094885,221524333.50573152,0.01431382479620067,0.011242908956938188,yfinance_info_static_sharesOutstanding,1,1,1,53464080881.8197,0.006352163657352175,2018,6,0.0
2022-06-13,0992.HK,1,Hang Seng China Enterprises Index,,2022-02-11,2022-02-13,120,8.670000076293945,-0.005733966651803812,-0.013651864172907757,0.07301982155431452,-0.04725277880772272,-0.2313829537644646,20492055.0,177666118.41341972,24338387.85,31577117.166666668,210070302.12544784,267667765.4086725,0.02151504392816297,0.0197664048595909,yfinance_info_static_sharesOutstanding,1,1,1,107548397094.7404,0.0016519643547724097,2022,6,0.0
2017-09-04,0998.HK,0,Hang Seng Corporate Sustainability Benchmark Index,Exclusion,2017-05-05,2017-05-07,120,4.760000228881836,-0.049900197321108064,-0.0757281280123493,-0.0592884816779089,-0.12177118784533303,-0.12177118784533303,80702427.0,384143570.99131966,60366149.55,77850015.05,301139102.78644466,407572048.4647578,0.008456074751202225,0.009010253039479306,yfinance_info_static_sharesOutstanding,1,1,1,70839099176.77678,0.005422761941575531,2017,9,0.0
2020-12-07,0998.HK,0,Hang Seng China Enterprises Index,Removal,2020-08-07,2020-08-09,120,3.390000104904175,0.002958576959962933,-0.0712328722383454,-0.08870965622797067,-0.13740456811203128,-0.2893081512663426,58270213.0,197536028.1827886,43266839.2,42962113.416666664,149686898.82910767,151748537.4375319,0.00958466464825786,0.022173191208073716,yfinance_info_static_sharesOutstanding,1,1,1,50450534053.231026,0.003915439784529649,2020,12,0.0
2021-09-06,0998.HK,0,Hang Seng China 50 Index,Removal,2021-05-07,2021-05-09,120,4.119999885559082,0.012284941471463195,0.032581422484114775,0.14444444297272474,-0.039627057763542584,-0.039627057763542584,20088075.0,82762866.70110226,36195504.2,41319753.666666664,150232992.91401967,161232814.81947225,0.01410739855325234,0.015189014699943626,yfinance_info_static_sharesOutstanding,1,1,1,61314509762.11161,0.0013498088302786096,2021,9,0.0
2021-09-06,1024.HK,1,Hang Seng China 50 Index,,2021-05-07,2021-05-09,120,244.1999969482422,-0.07148290133748214,-0.11649782076443005,-0.186000010172526,-0.4115662724138742,-0.4115662724138742,5671340.0,1384941210.6924438,5023742.3,9064020.233333332,1275790189.768641,2844856691.961335,0.03429140188063879,0.049070632270669524,,0,0,0,,,2021,9,0.0
2024-12-09,1024.HK,1,Hang Seng Index,,2024-08-09,2024-08-11,120,45.20000076293945,0.05116280844045229,-0.08036623886694416,-0.2139130302097486,-0.2358410888093746,-0.346348521105619,26885988.0,1215246678.112381,17221997.7,26381400.0,763520233.5540667,1339241359.0797486,0.019744505362386065,0.02111217297853236,,0,0,0,,,2024,12,1.0
2018-03-05,1030.HK,1,Hang Seng Composite LargeCap & MidCap Index,,2017-11-03,2017-11-05,120,4.079999923706055,0.15254236374916852,0.030303001111897654,0.26315786365734684,-0.09534374353732378,-0.09534374353732378,10758000.0,43892639.17922974,13237225.7,19805466.383333333,50968062.79871273,75221643.15167937,0.030046179902510555,0.03968872859452667,yfinance_info_static_sharesOutstanding,1,1,1,29545659160.55104,0.0014855867300410269,2018,3,0.0
2017-09-04,1033.HK,0,Hang Seng China AH Index Series,Exclusion,2017-05-05,2017-05-07,120,1.2999999523162842,-0.08450704816550747,-0.15032681266298753,-0.15032681266298753,-0.2215568947763844,-0.25714288439069477,12533000.0,16292899.40237999,12429923.2,12780898.666666666,17900837.032563638,19662921.548024774,0.0251531946371456,0.02134452947909925,yfinance_info_static_sharesOutstanding,1,1,1,7033043268.629501,0.002316621522158631,2017,9,0.0
2016-03-14,1038.HK,1,Hang Seng Index,,2015-11-13,2015-11-15,120,68.05000305175781,-0.03131668253725539,-0.03748223494867153,0.012648900924360218,-0.06716921317982927,-0.06716921317982927,2098893.0,142829675.0553131,2260419.65,2789065.95,159584167.5749027,190715524.96637058,0.010616404011715234,0.014201931045284139,yfinance_info_static_sharesOutstanding,1,1,1,171459532496.49237,0.0008330226554084126,2016,3,0.0
2018-03-05,1044.HK,1,Hang Seng China Enterprises Index,,2017-11-03,2017-11-05,120,76.05000305175781,0.018754206259373962,0.015353825132854881,0.2528830658300476,-0.0299744697497919,-0.0299744697497919,2825507.0,214879815.97276306,3071494.75,3488937.466666667,234060962.59241828,244245457.9450766,0.017325127170373263,0.01581756657772517,yfinance_info_static_sharesOutstanding,1,1,1,86516074209.59352,0.0024836981790481616,2018,3,0.0
2021-03-15,1044.HK,0,Hang Seng China Enterprises Index,Removal,2020-11-13,2020-11-15,120,56.5,0.03196347031963476,0.018018018018018056,-0.17638482133036404,-0.204225352112676,-0.204225352112676,3046326.0,172117419.0,3410973.0,3620411.533333333,185447886.75024566,211485570.60384873,0.014848205694206498,0.016879507418147865,yfinance_info_static_sharesOutstanding,1,1,1,64275581810.5,0.002677804138863245,2021,3,1.0
2024-09-09,1044.HK,1,Hang Seng Corporate Sustainability Benchmark Index,,2024-05-10,2024-05-12,120,28.549999237060547,0.05545286662873128,0.15120968207112218,0.148893311822637,0.0,-0.21023518583748058,1621255.0,46286829.0130806,1790487.15,1693929.6333333333,46276761.91845503,42540973.618806235,0.014478392817701071,0.018411872412252846,yfinance_info_static_sharesOutstanding,1,1,1,32479076312.41412,0.0014251276288725272,2024,9,1.0
2021-09-06,1052.HK,0,Hang Seng Stock Connect Greater Bay Area Composite Index,Removal,2021-05-07,2021-05-09,120,4.75,-0.006276194245094513,-0.006276194245094513,-0.07766991999228168,-0.15178569984071089,-0.15178569984071089,2630828.0,12496433.0,1863882.45,3548594.1166666667,8972306.764937138,17996540.10155196,0.008511634196291983,0.013660113697111122,,0,0,0,,,2021,9,0.0
2017-09-04,1065.HK,1,Hang Seng China AH Index Series,,2017-05-05,2017-05-07,120,4.880000114440918,-0.05426351574634625,0.15914490979169815,0.17874402700971603,-0.07750469761222667,-0.07750469761222667,6418000.0,31319840.73448181,10699605.0,4731032.933333334,53115155.53327799,22769218.363662265,0.04049583948575756,0.02569357860384486,yfinance_info_static_sharesOutstanding,1,1,1,1659200038.909912,0.018876470588235293,2017,9,0.0
2018-03-05,1065.HK,0,Hang Seng China AH Index Series,Exclusion,2017-11-03,2017-11-05,120,4.920000076293945,-0.023809501283202916,-0.01402799559819079,-0.04280151671328203,-0.08888889085118168,-0.135325127097214,1744000.0,8580480.13305664,2758662.0,2604713.8333333335,14091329.07254219,13238071.502145069,0.022332722326284173,0.01912909654695759,yfinance_info_static_sharesOutstanding,1,1,1,1672800025.9399414,0.005129411764705882,2018,3,1.0
2019-09-09,1070.HK,1,Hang Seng Corporate Sustainability Benchmark Index,,2019-05-10,2019-05-12,120,3.950000047683716,-0.05952375546063715,-0.1394335694179304,0.05053193023999181,-0.1770833560989954,-0.1770833560989954,5331000.0,21057450.25420189,3610350.7,5107987.0,15413554.97574675,22218065.020695258,0.024435701621011465,0.027791437773297414,yfinance_info_static_sharesOutstanding,1,1,1,9957308940.402908,0.0021147732163615918,2019,9,0.0
2016-03-14,1071.HK,1,Hang Seng Composite LargeCap & MidCap Index,,2015-11-13,2015-11-15,120,5.070000171661377,-0.10896307193746313,-0.2235834596075491,-0.26734102373353563,-0.2694524308560361,-0.4767801453856383,36601802.0,185571142.42311573,15550880.95,12226964.333333334,91314128.88934655,74690902.61636108,0.029140331722461613,0.03710593382275242,yfinance_info_static_sharesOutstanding,1,1,1,8706374646.782684,0.021314398926273046,2016,3,0.0
2017-03-06,1071.HK,0,Hang Seng Composite LargeCap & MidCap Index,Exclusion,2016-11-04,2016-11-06,120,3.2699999809265137,-0.0030487776068546246,-0.07102272765757134,-0.12096775382333347,-0.15721652461917546,-0.42732049753405876,5018624.0,16410900.384277344,12540891.15,16067369.216666667,42515792.67551397,56905811.5082085,0.009917435571988494,0.013835705099447712,yfinance_info_static_sharesOutstanding,1,1,1,5615353839.246368,0.0029225051268505346,2017,3,1.0
2021-03-15,1071.HK,0,Hang Seng Composite Index,Removal,2020-11-13,2020-11-15,120,2.0399999618530273,0.019999980926513672,-0.014492740269210325,-0.13191487462124418,-0.18400001525878906,-0.33550488396975175,8112746.0,16550001.5305233,10437933.6,12701435.2,20991459.30909724,27213109.49070672,0.018552682412311058,0.0215681524183837,yfinance_info_static_sharesOutstanding,1,1,1,3503156478.492737,0.0047243112410565455,2021,3,1.0
2024-09-09,1071.HK,1,Hang Seng Composite Index,,2024-05-10,2024-05-12,120,4.340000152587891,0.04076740364116049,-0.0805084013760794,0.16042784532652088,-0.0843881092500377,-0.0843881092500377,25925956.0,112518652.99598694,21471347.55,17919343.816666666,92272533.75456142,74783331.77999084,0.029617694268101298,0.02774234487400456,yfinance_info_static_sharesOutstanding,1,1,1,7452794086.029053,0.015097512650579396,2024,9,1.0
2017-03-06,1072.HK,0,Hang Seng China AH Index Series,Exclusion,2016-11-04,2016-11-06,120,5.909999847412109,-0.0421394206915483,-0.06782339035122287,-0.024752491218445583,-0.11526946118470482,-0.3498350111985913,972909.0,5749892.041545868,930400.55,1259667.7333333334,5736574.192989874,7925231.011035474,0.012416580562523417,0.017441581175207943,yfinance_info_static_sharesOutstanding,1,1,1,2411279937.7441406,0.002384580882352941,2017,3,0.0
2020-03-09,1086.HK,0,Hang Seng Composite Index,Removal,2019-11-08,2019-11-10,120,1.590000033378601,0.3826087533413587,0.39473688888637914,0.160583961930296,0.0,-0.4682274152818654,12783281.0,20325417.216688037,4600479.8,3271055.4833333334,5722897.0825985195,4315712.983004931,0.03609848880170862,0.03029297097100658,yfinance_info_static_sharesOutstanding,1,1,1,2652494764.623373,0.007662754885615783,2020,3,0.0
2018-09-10,1088.HK,0,Hang Seng Corporate Sustainability Benchmark Index,Exclusion,2018-05-11,2018-05-13,120,20.450000762939453,0.09710308114581712,0.03178612905224987,-0.09312632129360698,-0.12606832921718258,-0.19960855680666678,22018215.0,450272513.5485649,24367062.4,23852573.533333335,477918071.7042817,491397821.8367401,0.027589801536208228,0.022554683777800996,yfinance_info_static_sharesOutstanding,1,1,1,69069509476.81427,0.00651912134542834,2018,9,0.0
2020-09-07,1088.HK,0,Hang Seng Index,Removal,2020-05-08,2020-05-10,120,13.5,-0.025974001846660322,-0.05329594787400849,-0.05462183106140017,-0.0853658678416761,-0.23295456207980758,12615054.0,170303229.0,18674158.8,26249223.7,259044522.29236156,363482104.89593524,0.01688945614522329,0.02259722482224924,yfinance_info_static_sharesOutstanding,1,1,1,45596007000.0,0.0037350469965495006,2020,9,0.0
2020-12-07,1088.HK,0,Hang Seng China Enterprises Index,Removal,2020-08-07,2020-08-09,120,12.800000190734863,-0.009287916784092132,-0.05604721278491809,-0.04191612876745088,-0.12568306758456516,-0.24705881230971394,15391673.0,197013417.33572865,18591371.75,23146124.866666667,245992832.972008,308515773.5108801,0.01184537624799776,0.0239863751310707,yfinance_info_static_sharesOutstanding,1,1,1,43231770244.20357,0.004557144345995034,2020,12,0.0
2024-09-09,1088.HK,0,Hang Seng (China A) Corporate Sustainability Benchmark Index,Removal,2024-05-10,2024-05-12,120,36.5,0.09939756509717546,0.10942244094698172,0.21869779867136452,0.0,0.0,43699870.0,1595045255.0,19161843.9,18862914.45,634388600.0972817,595727058.4950262,0.018151535858705072,0.018184536610808145,yfinance_info_static_sharesOutstanding,1,1,1,123278093000.0,0.012938594491399214,2024,9,0.0
2018-03-05,1093.HK,1,Hang Seng China Enterprises Index,,2017-11-03,2017-11-05,120,7.385416030883789,0.06296852150418819,0.05505943298339844,0.145395814013338,0.0,0.0,23455201.0,173226417.47300148,40497570.3,28242915.55,281987116.7063626,190787042.6156893,0.014667099292058538,0.018750810898708874,yfinance_info_static_sharesOutstanding,1,1,1,84359558133.5091,0.0020534296445561028,2018,3,0.0
2018-06-04,1093.HK,1,Hang Seng Index,,2018-02-02,2018-02-04,120,9.010416030883789,0.008158437021962506,-0.00916387289250431,0.1321989182157235,-0.07387580782550474,-0.07387580782550474,27699895.0,249587577.9617977,39671519.35,39092641.5,365609796.6654581,335224622.0223624,0.02192264548333184,0.02209447352399499,yfinance_info_static_sharesOutstanding,1,1,1,102921042198.0091,0.002425039356690713,2018,6,1.0
2019-09-09,1099.HK,1,Hang Seng Corporate Sustainability Benchmark Index,,2019-05-10,2019-05-12,120,30.350000381469727,-0.024115755331208022,-0.08030301874334167,-0.14144266784938475,-0.16620881568117185,-0.23164555996279168,7604861.0,230807534.25102425,8059812.75,7055049.55,250640141.76261967,230991323.06917912,0.013301196309423053,0.020340738443353715,yfinance_info_static_sharesOutstanding,1,1,1,40723956470.860176,0.005667610769012029,2019,9,0.0
2020-09-07,1099.HK,0,Hang Seng China Enterprises Index,Removal,2020-05-08,2020-05-10,120,20.850000381469727,-0.007142838977632016,0.1418400942017124,-0.19807690840501047,-0.21468922860209805,-0.32958198952650963,5132467.0,107011938.90788078,9080786.7,10634188.116666667,179990540.5291171,209293857.4277992,0.022503299095025294,0.03418805284500687,yfinance_info_static_sharesOutstanding,1,1,1,27976754440.860176,0.003825030495731462,2020,9,1.0
2024-09-09,1108.HK,0,Hang Seng (China A) Corporate Sustainability Benchmark Index,Removal,2024-05-10,2024-05-12,120,5.159999847412109,-0.06010927822658951,-0.07692312941650148,0.15695062853765585,-0.1164384053782005,-0.2618025727650799,570000.0,2941199.9130249023,477400.0,518675.0833333333,2542292.0570373535,2745867.437487642,0.03235183599691721,0.026646735629892684,,0,0,0,,,2024,9,0.0
2017-09-04,1109.HK,1,Hang Seng Corporate Sustainability Benchmark Index,,2017-05-05,2017-05-07,120,20.049999237060547,-0.0988764387837956,-0.04523813156854539,0.03244073935589964,-0.12061403912373725,-0.14861996235193342,27337474.0,548116332.8431625,14134593.45,16337417.733333332,306505894.09617054,351950964.8300238,0.01708240114825407,0.02033478349703906,yfinance_info_static_sharesOutstanding,1,1,1,142975333118.47485,0.0038336426353276776,2017,9,0.0
2018-03-05,1109.HK,1,Hang Seng China Enterprises Index,,2017-11-03,2017-11-05,120,23.700000762939453,-0.0062892920809685116,-0.042424211598405925,0.004237304231073047,-0.12867646697895763,-0.12867646697895763,4580267.0,108552331.3944664,9514155.9,13600954.433333334,227510116.9312087,329899267.12291825,0.010311316152100413,0.019125872105750737,yfinance_info_static_sharesOutstanding,1,1,1,169003273462.77515,0.0006423090462704928,2018,3,1.0
2018-09-10,1109.HK,1,Hang Seng Corporate Sustainability Index,,2018-05-11,2018-05-13,120,29.049999237060547,0.031971567698986014,-0.02516778587924484,0.035650624855588786,-0.045977060453241125,-0.10200925479796963,6437003.0,186994932.23895645,10640361.1,13456531.516666668,307006718.5980691,387072473.0523928,0.021651785861972198,0.02134556572968726,yfinance_info_static_sharesOutstanding,1,1,1,207153789329.47485,0.0009026865153866142,2018,9,2.0
2020-03-09,1109.HK,1,Hang Seng China 50 Index,,2019-11-08,2019-11-10,120,34.95000076293945,0.03097342742769471,-0.019635364178913428,0.1650000254313151,-0.04768392271444288,-0.04768392271444288,14050137.0,491052298.86940384,26359207.35,14650000.516666668,892836059.3204085,489533861.9006268,0.02260663719278185,0.019567360510111566,yfinance_info_static_sharesOutstanding,1,1,1,249226343726.52515,0.00197030655558721,2020,3,3.0
2020-09-07,1109.HK,0,Hang Seng Corporate Sustainability Index,Removal,2020-05-08,2020-05-10,120,31.0,-0.02515720931616272,-0.03875968992248058,-0.10662826171724915,-0.19060050606990064,-0.21319800001432931,9219304.0,285798424.0,12382048.85,15753015.933333334,389538160.8590309,522417040.4894479,0.021256728343213988,0.03127167368806047,yfinance_info_static_sharesOutstanding,1,1,1,221059126949.0,0.0012928596432299122,2020,9,4.0
2021-03-15,1109.HK,0,Hang Seng China 50 Index,Removal,2020-11-13,2020-11-15,120,36.349998474121094,0.02974502152278169,0.012534733401551534,0.0505780369126001,-0.05706876281399387,-0.0774112419704982,10609900.0,385669848.8105774,12119877.1,10310481.483333332,418723873.7013605,364286179.01317775,0.03182246714028823,0.02630951653187358,yfinance_info_static_sharesOutstanding,1,1,1,259209642815.6997,0.0014878684474126296,2021,3,4.0
2021-09-06,1109.HK,1,Hang Seng Corporate Sustainability Index,,2021-05-07,2021-05-09,120,37.45000076293945,0.0274348416754151,0.02322410722009649,0.21788620367282774,-0.08210780727363676,-0.08210780727363676,10917262.0,408851470.2292099,7673059.7,13284008.683333334,283656202.5529785,484497992.16765594,0.011718915154102848,0.02247881147865768,yfinance_info_static_sharesOutstanding,1,1,1,267053692674.02515,0.001530971042322444,2021,9,4.0
2018-09-10,1112.HK,1,Hang Seng Corporate Sustainability Benchmark Index,,2018-05-11,2018-05-13,120,59.099998474121094,0.07552316021041028,0.013722114022807652,0.20366599410936148,-0.056664053715807294,-0.056664053715807294,347500.0,20537249.46975708,1408362.15,1595773.2,81604127.14436778,90057836.37207845,0.024293319886618373,0.025949518413851604,yfinance_info_static_sharesOutstanding,1,1,1,38152675036.35155,0.0005382912063227379,2018,9,0.0
2020-09-07,1112.HK,0,Hang Seng ESG 50 Index,Removal,2020-05-08,2020-05-10,120,35.20000076293945,0.1912014102116415,0.1522095463831612,0.03377390753733778,-0.03561641745371358,-0.2510638135544797,2243000.0,78953601.7112732,1139304.9,1437138.8333333333,35062644.919583514,42585081.98201189,0.03610576046651814,0.037676502651614444,yfinance_info_static_sharesOutstanding,1,1,1,22723760153.324226,0.003474495469875974,2020,9,1.0
2017-09-04,1113.HK,0,Hang Seng Corporate Sustainability Benchmark Index,Exclusion,2017-05-05,2017-05-07,120,56.20000076293945,0.01535686200995623,0.07354350336269033,0.09658538074028211,-0.0026618937931387476,-0.038494439189582064,8479308.0,476537116.0691986,6839069.2,6855631.983333333,373046488.84328115,364756562.5574444,0.006711005029204017,0.007970837538214596,yfinance_info_static_sharesOutstanding,1,1,1,196687544984.71896,0.0024228128736175016,2017,9,0.0
2021-09-06,1113.HK,1,Hang Seng ESG 50 Index,,2021-05-07,2021-05-09,120,49.95000076293945,0.024615400265424636,0.046073314407109045,0.2857143558502926,-0.009910802625146875,-0.009910802625146875,5118289.0,255658539.4549446,5078859.85,8810193.65,246291761.98977107,408717023.24228704,0.009790463698368052,0.01794261910920119,yfinance_info_static_sharesOutstanding,1,1,1,174813930403.46896,0.001462460908377765,2021,9,0.0
2018-09-10,1117.HK,0,Hang Seng Composite LargeCap & MidCap Index,Exclusion,2018-05-11,2018-05-13,120,1.5099999904632568,0.07857144012743134,0.11029409895615605,0.03424654178759057,0.0,-0.14204545531514268,8011000.0,12096609.92360115,1665710.25,1733325.1666666667,2359523.1386607764,2412189.030355877,0.017568465929898098,0.025076472287883494,yfinance_info_static_sharesOutstanding,1,1,1,11952649616.990364,0.0010120442170751956,2018,9,0.0
2021-09-06,1119.HK,0,Hang Seng Composite Index,Removal,2021-05-07,2021-05-09,120,3.609999895095825,-0.010958958692185994,-0.039893642486140135,-0.1701149484506136,-0.29629633244379505,-0.29629633244379505,1664360.0,6008339.425401688,2494433.0,4743776.75,9215910.074373722,19275238.51553417,0.014588461243516215,0.026954465118174335,,0,0,0,,,2021,9,0.0
2025-03-10,1119.HK,0,Hang Seng Composite Index,Removal,2024-11-08,2024-11-10,120,2.309999942779541,0.12682926659070604,0.026666641235351562,0.04054050135560283,-0.14444448074686123,-0.2712934109830788,7693200.0,17771291.559791565,10361593.3,8611325.866666667,22506325.5618325,19786256.402196288,0.03046306764798631,0.03498015484226552,,0,0,0,,,2025,3,0.0
2021-09-06,1137.HK,1,Hang Seng Composite Index,,2021-05-07,2021-05-09,120,9.130000114440918,-0.14990686135830578,-0.18772239320671635,-0.3953642461065774,-0.4236111094387025,-0.4391892058131016,5484966.0,50077740.207704544,4243781.0,5381825.666666667,43044858.55381145,65915982.1654338,0.02442165935560165,0.03621202630590567,,0,0,0,,,2021,9,0.0
2017-09-04,1138.HK,1,Hang Seng China AH Index Series,,2017-05-05,2017-05-07,120,4.199999809265137,-0.018691681453631315,-0.043280196582913155,-0.00943395377648304,-0.12681915608545835,-0.2553191651257527,12304400.0,51678477.65312195,8980777.35,10100506.783333333,38602272.975814894,45699324.406603724,0.006986079749508739,0.01629004482364013,yfinance_info_static_sharesOutstanding,1,1,1,5443199752.807617,0.009494135802469135,2017,9,0.0
2018-09-10,1138.HK,1,Hang Seng Corporate Sustainability Benchmark Index,,2018-05-11,2018-05-13,120,4.03000020980835,0.04947924476194676,0.0306905681185341,-0.04952820109573586,-0.07356314984821777,-0.13333330598783377,2995240.0,12070817.828426361,6799067.9,4985037.85,26669839.982441127,20082013.99252638,0.014262775761414815,0.012930195829605657,yfinance_info_static_sharesOutstanding,1,1,1,5222880271.911621,0.002311141975308642,2018,9,1.0
2021-09-06,1138.HK,0,Hang Seng Composite Index,Removal,2021-05-07,2021-05-09,120,3.6600000858306885,0.07647058328542755,0.0397727572905624,0.18831174561418185,0.0,-0.2650602265436095,22324000.0,81705841.91608429,9263376.15,10648212.533333333,32307429.9193468,36679892.92683852,0.023998996890722324,0.02257837943589393,yfinance_info_static_sharesOutstanding,1,1,1,4743360111.236572,0.017225308641975308,2021,9,2.0
2018-03-05,1141.HK,1,Hang Seng Composite LargeCap & MidCap Index,,2017-11-03,2017-11-05,120,27.200000762939453,0.03030307408973054,0.0,0.8888889919092653,-0.0684931488953382,-0.0684931488953382,195400.0,5314880.149078369,694892.15,1561755.3666666667,17943043.340455435,36329032.8678243,0.025276874715898557,0.04394811318201861,yfinance_info_static_sharesOutstanding,1,1,1,29837549286.520695,0.00017812723484898944,2018,3,0.0
2019-09-09,1141.HK,0,Hang Seng Composite LargeCap & MidCap Index,Exclusion,2019-05-10,2019-05-12,120,10.199999809265137,-0.01923075159625831,-0.1206897005314761,-0.17741934491493916,-0.17741934491493916,-0.5750000079472859,45000.0,458999.99141693115,253544.75,241012.4,2687526.2840304375,2737677.6065850416,0.027454805370188986,0.020406294849270368,yfinance_info_static_sharesOutstanding,1,1,1,11189080459.369827,4.102213699183482e-05,2019,9,1.0
2020-09-07,1141.HK,1,Hang Seng Composite Index,,2020-05-08,2020-05-10,120,5.079999923706055,0.058333275384375494,-0.10563378921933275,0.14414411221567636,-0.14189191583824268,-0.511538450957755,681750.0,3463289.947986603,396461.1,349718.93333333335,2057331.888611889,1774417.1795057852,0.03616442371238609,0.03369702092726446,yfinance_info_static_sharesOutstanding,1,1,1,5572600876.747931,0.0006214853754262977,2020,9,1.0
2016-03-14,1157.HK,0,Hang Seng Composite LargeCap & MidCap Index,Exclusion,2015-11-13,2015-11-15,120,3.0399999618530273,-0.019354820846890552,-0.08982034731306177,-0.24189531462926805,-0.22051284935504112,-0.5455904430715242,5958938.0,18115171.292684555,5641989.0,8132373.533333333,17340414.56401229,25485655.93341066,0.020950500758156226,0.03092158326210706,yfinance_info_static_sharesOutstanding,1,1,1,4719622886.696537,0.0038382666851935975,2016,3,0.0
2019-03-11,1157.HK,0,Hang Seng Stock Connect China AH Index Series,Exclusion,2018-11-09,2018-11-11,120,2.7899999618530273,0.014545440673828125,0.04887213226601883,-0.08223684313719959,-0.08823528953443704,-0.27154046542295585,1924360.0,5368964.326591492,5245133.65,4855543.583333333,13910550.771644855,13573245.253773658,0.023254350452774394,0.021502516713427126,yfinance_info_static_sharesOutstanding,1,1,1,4331495999.696537,0.0012395173231067602,2019,3,0.0
2019-09-09,1157.HK,1,Hang Seng Stock Connect China AH Index Series,,2019-05-10,2019-05-12,120,4.369999885559082,-0.06021509764855704,-0.09710749012631847,0.3404907663628829,-0.13806711289970497,-0.13806711289970497,13477760.0,58897809.65759277,13736258.1,12241004.75,64443066.176055595,51989770.43291149,0.03498297484655265,0.02980862092794303,yfinance_info_static_sharesOutstanding,1,1,1,6784457807.089611,0.008681284685129274,2019,9,0.0
2016-09-05,1165.HK,0,Hang Seng Composite LargeCap & MidCap Index,Exclusion,2016-05-06,2016-05-08,120,1.3600000143051147,-0.08724831838896885,-0.11688308571860295,0.182608732609308,-0.18072286647503655,-0.7659208213942801,6188000.0,8415680.08852005,7214439.45,14618649.3,11037391.937903142,20992937.66377484,0.021769024034983528,0.044204225693087754,yfinance_info_static_sharesOutstanding,1,1,1,6912030739.103965,0.0012175408944450107,2016,9,0.0
2024-09-09,1176.HK,0,Hang Seng Composite Index,Removal,2024-05-10,2024-05-12,120,0.1860000044107437,0.24832214429504051,0.7884615439723228,-0.1806167137727167,-0.22499996429930047,-0.758441546729733,1177920000.0,219093125.19550323,226277416.0,119804276.61666666,31692274.108983647,18427505.544899967,0.08378708830182388,0.06367402425625938,,0,0,0,,,2024,9,0.0
2018-09-10,1177.HK,1,Hang Seng Index,,2018-05-11,2018-05-13,120,8.195554733276367,0.07710280037062112,0.0847058724037082,0.3499266378537993,-0.011789990789069726,-0.011789990789069726,77024268.0,631256604.1845474,63481361.0,61363180.88333333,474063108.95713866,432495590.410062,0.028283897900927262,0.026971928134721778,yfinance_info_static_sharesOutstanding,1,1,1,146509820275.56238,0.004308629981234371,2018,9,0.0
2019-12-09,1177.HK,1,Hang Seng China Enterprises Index,,2019-08-09,2019-08-11,120,6.2133331298828125,0.02081057519414542,0.09389671085609641,0.21354165405500658,-0.037190049668898606,-0.14022134791804142,43992375.0,273339281.0497284,67025640.1,75998384.93333334,412113294.98630273,415036631.0244354,0.025475788002884,0.02768187467229565,yfinance_info_static_sharesOutstanding,1,1,1,111074155416.8608,0.002460872018552717,2019,12,1.0
2025-03-10,1177.HK,0,Hang Seng China Enterprises Index,Removal,2024-11-08,2024-11-10,120,3.450000047683716,-0.041666628034025543,-0.08970974078930516,0.16949152268407275,-0.16867470640907045,-0.16867470640907045,53619885.0,184988605.80679536,61198995.35,68896557.21666667,219777478.18230334,241998480.27426615,0.019398563720248774,0.02518266171745133,yfinance_info_static_sharesOutstanding,1,1,1,61674761915.0795,0.0029994214823481236,2025,3,2.0
2016-03-14,1186.HK,1,Hang Seng China 50 Index,,2015-11-13,2015-11-15,120,10.920000076293945,-0.08848076013736728,-0.11363633548777041,-0.07142858301353616,-0.12779555295284062,-0.3492252902596893,12976908.0,141707836.3500595,10637731.85,14553565.7,125077280.27549782,162789470.6026321,0.019244729659625995,0.033046660968486165,yfinance_info_static_sharesOutstanding,1,1,1,22673152478.408813,0.006250027934360034,2016,3,0.0
2016-12-05,1186.HK,1,Hang Seng China Enterprises Index,,2016-08-05,2016-08-07,120,9.5,0.021505355393904857,0.009564309675588634,0.018220801466675374,-0.04904902726172122,-0.24121408525116828,8597401.0,81675309.5,7238651.75,7851283.8,68747218.6156158,74282964.76630332,0.014666646357790117,0.01695146680352322,yfinance_info_static_sharesOutstanding,1,1,1,19724812000.0,0.004140739566998154,2016,12,1.0
2018-03-05,1186.HK,0,Hang Seng China Enterprises Index,Exclusion,2017-11-03,2017-11-05,120,9.699999809265137,-0.023162184173424638,-0.026104440550806296,-0.05088066968464455,-0.06007751006717854,-0.1793570169453892,10214829.0,99083839.35167599,9976703.95,9606495.866666667,99293808.60429636,96111554.4197061,0.010234227560212897,0.008220824502422184,yfinance_info_static_sharesOutstanding,1,1,1,20140070803.977966,0.004919736395966664,2018,3,2.0
2018-09-10,1186.HK,0,Hang Seng China 50 Index,Exclusion,2018-05-11,2018-05-13,120,9.050000190734863,-0.005494526224051444,0.05971899662294322,0.04745368415742823,-0.034151515339653105,-0.19051878857774573,6255006.0,56607805.493047714,10200192.45,12770009.75,91617759.29472709,107920875.56695485,0.015227716060364407,0.015590617480911478,yfinance_info_static_sharesOutstanding,1,1,1,18790479196.022034,0.003012579131299198,2018,9,2.0
2019-12-09,1193.HK,1,Hang Seng China Enterprises Index,,2019-08-09,2019-08-11,120,40.54999923706055,0.018844221466758793,-0.01934701974804731,0.11707989226790283,-0.03567181990999857,-0.03567181990999857,1674618.0,67905758.62236786,2625719.3,2640150.0833333335,102492863.1377325,101450735.13797106,0.016795564094544885,0.015349732320978587,yfinance_info_static_sharesOutstanding,1,1,1,92612536065.36519,0.000733224264309537,2019,12,0.0
2021-03-15,1193.HK,0,Hang Seng China Enterprises Index,Removal,2020-11-13,2020-11-15,120,37.20000076293945,0.043478237607798675,0.11377242704962875,-0.001342261397598521,-0.03250975228080699,-0.19741096035397754,1716545.0,63855475.3096199,3199232.45,3188228.3333333335,113040435.02502823,114071548.91768742,0.026330390787706198,0.019890161698078727,yfinance_info_static_sharesOutstanding,1,1,1,84961442098.88481,0.0007515818203191499,2021,3,1.0
2019-09-09,1199.HK,0,Hang Seng Corporate Sustainability Benchmark Index,Exclusion,2019-05-10,2019-05-12,120,7.28000020980835,-0.05699476584731589,-0.20610685395429562,-0.14352938708137064,-0.21382289094312212,-0.21382289094312212,3861817.0,28114028.57024145,2619413.2,2303451.95,21440575.246169925,19141726.469046514,0.02058859349983154,0.023272173413421977,yfinance_info_static_sharesOutstanding,1,1,1,28828472794.03161,0.0009752174099233563,2019,9,0.0
2017-03-06,1205.HK,0,Hang Seng Composite LargeCap & MidCap Index,Exclusion,2016-11-04,2016-11-06,120,0.8399999737739563,-0.15151518617962167,-0.1923076878990646,0.024390220854836775,-0.1923076878990646,-0.2881355838027705,9858000.0,8280719.741463661,5514292.75,5913389.183333334,5276789.650015652,5583018.01408663,0.027987001641891232,0.025373207469459463,yfinance_info_static_sharesOutstanding,1,1,1,6600490599.082905,0.0012545612507370608,2017,3,0.0
2020-09-07,1205.HK,0,Hang Seng Composite Index,Removal,2020-05-08,2020-05-10,120,0.25999999046325684,0.0,-0.14754103486558956,-0.4285714659997759,-0.4408602398631888,-0.6486486660641765,1192000.0,309919.98863220215,3132936.5,3281826.3333333335,845048.5582080781,1066583.5754983027,0.024861621087222716,0.03850190307891325,yfinance_info_static_sharesOutstanding,1,1,1,2043008983.8028743,0.00015169780998971157,2020,9,0.0
2019-09-09,1208.HK,0,Hang Seng Corporate Sustainability Benchmark Index,Exclusion,2019-05-10,2019-05-12,120,2.940000057220459,-0.10365851132164794,-0.21599998474121096,-0.03921564960882995,-0.25569619703056,-0.5441860241612286,17672520.0,51957209.811229706,14522822.45,17959222.783333335,50095594.74700652,62841141.57516991,0.03797520319725316,0.040633287337759685,yfinance_info_static_sharesOutstanding,1,1,1,35693160117.72672,0.0014556629236486564,2019,9,0.0
2022-12-05,1209.HK,1,Hang Seng Index,,2022-08-05,2022-08-07,120,34.75,0.04354356745226906,-0.09387219341222153,-0.030683361811441823,-0.12578616352201255,-0.2622080440386161,707516.0,24586181.0,2443569.85,2237366.566666667,85772952.59563942,83254119.20722644,0.031296129676943354,0.026063289505587086,,0,0,0,,,2022,12,0.0
2016-03-14,1211.HK,0,Hang Seng China 50 Index,Exclusion,2015-11-13,2015-11-15,120,15.699999809265137,-0.03680978256926659,0.0,0.324894456021773,-0.05326627056687483,-0.20573355760923073,22395009.0,351601637.028491,25527201.9,25221341.5,407455009.27559507,341424776.9939116,0.02654138913160266,0.032651827854174705,yfinance_info_static_sharesOutstanding,1,1,1,57829379297.447205,0.006079982896237172,2016,3,0.0
2020-09-07,1211.HK,0,Hang Seng China Enterprises Index,Removal,2020-05-08,2020-05-10,120,15.600000381469727,-0.04098356811310144,0.1878172994295817,-0.004255254390605145,-0.12686565650494663,-0.12686565650494663,18095526.0,282290212.50289536,19788421.8,27598282.25,292865606.76402915,410580125.45101964,0.02879746450584235,0.04117662917095317,yfinance_info_static_sharesOutstanding,1,1,1,57461041405.10559,0.004912723570614106,2020,9,0.0
2021-06-07,1211.HK,1,Hang Seng China Enterprises Index,,2021-02-05,2021-02-07,120,83.19999694824219,0.05139004743850939,0.03913403004126548,0.5898088975118867,-0.10344833823077959,-0.10344833823077959,35659011.0,2966829606.3773346,61877448.75,44936158.1,5210107882.861162,3288591515.589629,0.044230579012572754,0.04369586963416537,yfinance_info_static_sharesOutstanding,1,1,1,306458868759.1553,0.009681004235217462,2021,6,0.0
2021-09-06,1211.HK,1,Hang Seng China 50 Index,,2021-05-07,2021-05-09,120,48.33333206176758,-0.09544607969542585,-0.17190176694560577,-0.41907050679538826,-0.46216619843239715,-0.4791666974966543,43336278.0,2094586714.895073,23596626.45,33825921.55,1334792531.562219,2188402055.2804503,0.028603020670821502,0.03834456761115152,yfinance_info_static_sharesOutstanding,1,1,1,178030995316.3147,0.011765292392897865,2021,9,1.0
2025-06-09,1211.HK,1,Hang Seng TECH Index,,2025-02-07,2025-02-09,120,110.0,0.2096774058224249,0.2731481256635431,0.17689015051429435,0.0,0.0,83910612.0,9230167320.0,20610144.9,16661237.8,1977269214.5813746,1526269450.2887533,0.03039170430263632,0.023305466572051084,yfinance_info_static_sharesOutstanding,1,1,1,405174000000.0,0.022780749307704837,2025,6,2.0
2018-09-10,1233.HK,1,Hang Seng Composite LargeCap & MidCap Index,,2018-05-11,2018-05-13,120,11.600000381469727,0.03202852470483175,-0.05691055271628542,0.41119221467649036,-0.07643312150273551,-0.07643312150273551,2287000.0,26529200.872421265,2599980.3,5327169.266666667,29692873.95685048,57314049.10399019,0.02793815759370836,0.031206869740666922,yfinance_info_static_sharesOutstanding,1,1,1,33857999391.431152,0.0007835430725164266,2018,9,0.0
2024-09-09,1238.HK,0,Hang Seng Composite Index,Removal,2024-05-10,2024-05-12,120,0.75,0.04166662527455389,0.4423077452112252,0.1538461961689801,0.0,-0.39024391189445073,76450400.0,57337800.0,19269025.0,13167084.466666667,12369157.71633327,8375015.021883491,0.049714921264099245,0.03924509579391265,,0,0,0,,,2024,9,0.0
2024-09-09,1244.HK,0,Hang Seng Composite Index,Removal,2024-05-10,2024-05-12,120,6.75,0.007462715247501972,0.23175182053032817,0.09223304004760968,-0.025974001846660322,-0.9455645161290323,1258500.0,8494875.0,1061933.7,1047585.3166666667,6534745.785541153,6637665.730238597,0.03641603801605495,0.03589565050425749,,0,0,0,,,2024,9,0.0
2024-12-09,1244.HK,0,Hang Seng Hong Kong-Listed Biotech Index,Removal,2024-08-09,2024-08-11,120,4.019999980926514,-0.07798168398536987,-0.11061946949334045,-0.4305948989365248,-0.49433961290898387,-0.9092550778745058,556000.0,2235119.9893951416,992653.55,1142689.7166666666,4125526.5027871607,6764228.359031821,0.03776085039827408,0.03355209226069182,,0,0,0,,,2024,12,0.0
2018-09-10,1257.HK,1,Hang Seng Corporate Sustainability Benchmark Index,,2018-05-11,2018-05-13,120,7.599999904632568,0.06741573409952317,-0.02937420451016093,0.16743466012718589,-0.11627912005583652,-0.11627912005583652,3117648.0,23694124.502677917,2838247.1,3986467.533333333,21207117.804378293,30945782.563045803,0.016809217213138865,0.020811241331787526,yfinance_info_static_sharesOutstanding,1,1,1,15702192602.963448,0.0015089691676693716,2018,9,0.0
2020-03-09,1268.HK,1,Hang Seng Composite Index,,2019-11-08,2019-11-10,120,7.900000095367432,0.002538068608636479,0.177347250440417,0.4007092699259389,-0.01863355177805759,-0.01863355177805759,150682.0,1190387.8143701553,885740.0,1072390.8666666667,6623895.7937396765,7349692.531196928,0.019386517710831573,0.019651759487342345,,0,0,0,,,2020,3,0.0
2020-09-07,1268.HK,1,Hang Seng Stock Connect Greater Bay Area Composite Index,,2020-05-08,2020-05-10,120,14.479999542236328,0.03873744462753992,0.12948517058719555,0.4582073612514357,0.0,0.0,3596000.0,52070078.353881836,6159067.95,4515973.883333334,80072197.51589017,51925307.03508735,0.04219404636038235,0.05127815095371011,,0,0,0,,,2020,9,1.0
2024-09-09,1268.HK,0,Hang Seng Stock Connect Greater Bay Area Composite Index,Removal,2024-05-10,2024-05-12,120,2.940000057220459,0.01730102093471797,0.01730102093471797,0.053763475777184766,-0.11711707970598195,-0.7695924761375892,6157835.0,18104035.252354145,5435022.15,5565334.366666666,14942689.848242069,16503908.238212515,0.05742373556315847,0.05092684100408123,,0,0,0,,,2024,9,2.0
2025-03-10,1268.HK,0,Hang Seng Composite Index,Removal,2024-11-08,2024-11-10,120,2.5799999237060547,0.13656385259219816,-0.02641515816687967,0.47428567068917404,-0.23214285587575156,-0.5473684192914601,22570496.0,58231877.95800781,3990708.25,4891996.116666666,9568897.243857836,11526941.273512317,0.04894201222098375,0.06443367335069639,,0,0,0,,,2025,3,2.0
2018-03-05,1269.HK,1,Hang Seng Composite LargeCap & MidCap Index,,2017-11-03,2017-11-05,120,18.899999618530273,-0.020725369655050563,0.12835818618091177,0.17391299197006238,-0.020725369655050563,-0.033248063626421076,796800.0,15059519.696044922,794116.95,776250.6333333333,13908575.125862312,12497991.548057906,0.02453643948128101,0.02147280298505179,yfinance_info_static_sharesOutstanding,1,1,1,34927199295.043945,0.0004311688311688312,2018,3,0.0
2021-03-15,1269.HK,0,Hang Seng Composite Index,Removal,2020-11-13,2020-11-15,120,0.625,-0.09420289542088611,0.0775862379037251,-0.26470590297738517,-0.25149698675313503,-0.9472573856641107,13324000.0,8327500.0,19650276.6,26190442.0,12214513.855821097,16559192.76463942,0.06070684231711462,0.09829712916626632,yfinance_info_static_sharesOutstanding,1,1,1,1155000000.0,0.00720995670995671,2021,3,1.0
2024-09-09,1274.HK,1,Hang Seng Composite Index,,2024-05-10,2024-05-12,120,60.400001525878906,0.0066666920979818745,-0.33000554072602895,0.18084065931689253,-0.4621549431477644,-0.4621549431477644,102300.0,6178920.156097412,239945.05,294418.1,20989355.922340013,22434602.538055293,0.11750925728103537,0.07464536433647247,,0,0,0,,,2024,9,0.0
2024-09-09,1277.HK,1,Hang Seng Composite Index,,2024-05-10,2024-05-12,120,1.0,0.08695650202114802,0.13636364252114097,0.5625000349245974,0.0,0.0,19875223.0,19875223.0,6687951.05,4585964.9,6183779.394397316,3811595.1069042343,0.03273617585204305,0.023515957377657697,,0,0,0,,,2024,9,0.0
2016-03-14,1282.HK,1,Hang Seng Composite LargeCap & MidCap Index,,2015-11-13,2015-11-15,120,24.19486427307129,0.0661157524895144,0.18348628218508023,0.3298969396410778,-0.1886791982190833,-0.26704546636426485,1267720.0,30672313.336257935,1016130.15,986264.4166666666,21346092.142226696,20667638.485180344,0.039464952573410525,0.08933012992794483,yfinance_info_static_sharesOutstanding,1,1,1,120974321365.35645,0.000253544,2016,3,0.0
2019-03-11,1282.HK,0,Hang Seng Composite LargeCap & MidCap Index,Exclusion,2018-11-09,2018-11-11,120,6.939611911773682,0.12121222393364839,0.07246382685556552,-0.19565224840555506,-0.21276595629589967,-0.4861111366131533,102582.0,711879.2691335678,819062.1,406789.06666666665,5089844.676319003,2737108.047424086,0.025226337528411434,0.02856197619879902,yfinance_info_static_sharesOutstanding,1,1,1,34698059558.86841,2.05164e-05,2019,3,1.0
2020-03-09,1282.HK,1,Hang Seng Composite Index,,2019-11-08,2019-11-10,120,5.532934188842773,0.017241480581428492,0.017241480581428492,0.03508792900951696,-0.1323527608362025,-0.3854166346665068,274689.0,1519836.1593990326,659489.45,744724.95,3571931.2678781985,4254218.989935216,0.018937684691096274,0.02325609272801865,yfinance_info_static_sharesOutstanding,1,1,1,27664670944.213867,5.49378e-05,2020,3,1.0
2020-03-09,1286.HK,1,Hang Seng Composite Index,,2019-11-08,2019-11-10,120,3.109999895095825,-0.02507842027888252,-0.11898019254900738,-0.15258860205900104,-0.21859299492671624,-0.2963801263769482,2414000.0,7507539.746761322,849135.5,1463383.3333333333,2806089.5216664076,5268151.771078031,0.01743329367836821,0.02352392844751416,,0,0,0,,,2020,3,0.0
2020-09-07,1286.HK,0,Hang Seng Composite Index,Removal,2020-05-08,2020-05-10,120,2.4700000286102295,-0.027559029249642264,-0.027559029249642264,-0.17666665712992347,-0.31005584322659463,-0.4411764737612267,56000.0,138320.00160217285,363067.75,1070982.1666666667,898925.5483575463,3218911.692748388,0.01923682510545341,0.027426373433024735,,0,0,0,,,2020,9,1.0
2019-03-11,1293.HK,0,Hang Seng Composite LargeCap & MidCap Index,Exclusion,2018-11-09,2018-11-11,120,1.649999976158142,-0.05172415683064424,-0.11764707382312545,-0.30962347124068534,-0.4064748226118584,-0.6341463653168757,4982500.0,8221124.881207943,8520136.5,7430441.016666667,14551642.441459954,15886233.102468135,0.04307290139376891,0.04986891996793824,yfinance_info_static_sharesOutstanding,1,1,1,4681893790.198456,0.0017559400639157743,2019,3,0.0
2021-03-15,1293.HK,0,Hang Seng Composite Index,Removal,2020-11-13,2020-11-15,120,0.949999988079071,-0.050000011920928955,-0.12037041636160684,-0.26356587893658656,-0.26356587893658656,-0.4207317095331887,1644000.0,1561799.9804019928,1474728.65,931009.3166666667,1485442.3657826842,1006172.7615549683,0.04449334458796392,0.03166296763712973,yfinance_info_static_sharesOutstanding,1,1,1,2695635823.724228,0.0005793809262574075,2021,3,0.0
2018-09-10,1299.HK,1,Hang Seng Corporate Sustainability Benchmark Index,,2018-05-11,2018-05-13,120,72.80000305175781,0.07058828017290897,0.031161538600360528,0.1751412777271375,0.0,0.0,24983061.0,1818766917.0422516,24988620.6,25834781.266666666,1727680157.9103646,1726260339.6050818,0.0166666381730238,0.018908041006214547,yfinance_info_static_sharesOutstanding,1,1,1,760275477982.5568,0.0023922472442074213,2018,9,0.0
2019-09-09,1299.HK,1,Hang Seng Corporate Sustainability Index,,2019-05-10,2019-05-12,120,77.94999694824219,-0.06590773158938812,-0.021957340865852992,0.047714991257472805,-0.06590773158938812,-0.06590773158938812,43964709.0,3427048932.380356,19885062.8,21022414.133333333,1594502937.746859,1642881238.14404,0.016823390865978574,0.014392872008551681,yfinance_info_static_sharesOutstanding,1,1,1,814058636047.4432,0.0042098305707067366,2019,9,1.0
2025-03-10,1302.HK,1,Hang Seng Biotech Index,,2024-11-08,2024-11-10,120,1.659999966621399,-0.01775153229781612,-0.029239807257405603,0.04402511432283096,-0.17000001668930054,-0.3490196087597792,24222706.0,40209691.15147996,42050331.3,37601958.083333336,67454452.97005752,58913240.758812256,0.05983623263467853,0.04379569946135772,,0,0,0,,,2025,3,0.0
2016-03-14,1308.HK,1,Hang Seng Composite LargeCap & MidCap Index,,2015-11-13,2015-11-15,120,3.6700000762939453,-0.021333312988281228,-0.1323876927315476,-0.03926697894508013,-0.1789708616213168,-0.3883333206176758,1098000.0,4029660.083770752,2097476.5,1995495.7166666666,8639565.716280222,7802280.279934573,0.023173443148091763,0.032188444635264005,yfinance_info_static_sharesOutstanding,1,1,1,9832251219.298153,0.0004098410418828169,2016,3,0.0
2018-09-10,1308.HK,0,Hang Seng Corporate Sustainability Benchmark Index,Exclusion,2018-05-11,2018-05-13,120,8.59000015258789,0.034939753637204696,0.052696116815756255,0.04247577563005578,-0.004634989724518479,-0.04661487964757449,514000.0,4415260.078430176,932147.75,1241760.1833333333,7774936.85204711,10173665.899628727,0.014435461252674467,0.02075893829762733,yfinance_info_static_sharesOutstanding,1,1,1,23013361776.096306,0.00019185637115461557,2018,9,1.0
2017-03-06,1315.HK,1,Hang Seng Composite LargeCap & MidCap Index,,2016-11-04,2016-11-06,120,52.33657455444336,0.02197804326079944,-0.010638307845330153,0.014545493536207044,-0.1519756837027033,-0.2827763793140944,381477.0,19965199.45130539,399175.95,326795.9166666667,19549606.3376276,17464009.47766781,0.053367564291360386,0.03762286136693226,yfinance_info_static_sharesOutstanding,1,1,1,32546876228.313152,0.0006134290526455279,2017,3,0.0
2018-03-05,1315.HK,0,Hang Seng Composite LargeCap & MidCap Index,Exclusion,2017-11-03,2017-11-05,120,7.503450870513916,0.0,-0.1836734979729151,-0.3650794092706878,-0.3548387268707097,-0.8671096497862624,492466.0,3695194.436398506,1219775.35,1007595.1833333333,9543103.107631182,9260150.132223027,0.03915390652702605,0.03572528898213042,yfinance_info_static_sharesOutstanding,1,1,1,4666218392.1456375,0.0007919034485437721,2018,3,1.0
2017-09-04,1316.HK,1,Hang Seng Corporate Sustainability Benchmark Index,,2017-05-05,2017-05-07,120,11.920000076293945,-0.05095543964498417,0.04013961925093956,0.29565220906739054,-0.0539682765546442,-0.0539682765546442,5665590.0,67533833.23225021,5915635.35,5470524.85,69583211.99448586,60958527.279357605,0.0285450644647098,0.02365813185393177,yfinance_info_static_sharesOutstanding,1,1,1,29917105764.044395,0.002257365193173704,2017,9,0.0
2020-09-07,1316.HK,0,Hang Seng ESG 50 Index,Removal,2020-05-08,2020-05-10,120,4.409999847412109,0.09701489262089757,0.21823204056013878,-0.33080428751123714,-0.3580786141376736,-0.636738078855352,11915000.0,52545148.18191528,11345359.25,8687622.9,47791912.70181216,37970725.877414666,0.053264619805089924,0.05503842795272433,yfinance_info_static_sharesOutstanding,1,1,1,11068324749.161205,0.004747344279530408,2020,9,1.0
2018-03-05,1336.HK,1,Hang Seng China 50 Index,,2017-11-03,2017-11-05,120,49.349998474121094,-0.020833393253344767,0.040042100750936616,-0.07236846303769928,-0.07497657196635743,-0.10435571976831559,8782637.0,433423122.54875946,13897760.85,9656755.45,678605206.538299,470826663.6834614,0.024224169544390644,0.022255220496408847,yfinance_info_static_sharesOutstanding,1,1,1,51033191703.077545,0.0084929652268373,2018,3,0.0
2019-03-11,1336.HK,0,Hang Seng China 50 Index,Exclusion,2018-11-09,2018-11-11,120,36.75,-0.069620253164557,0.044034068280261796,0.1019490759052728,-0.07894740364447939,-0.3466666666666667,7102231.0,261006989.25,7777070.8,7054667.166666667,294954470.2957346,256202082.49570712,0.028088721797592718,0.02302097591208963,yfinance_info_static_sharesOutstanding,1,1,1,38003441805.0,0.00686798292084324,2019,3,1.0
2020-06-08,1336.HK,0,Hang Seng China Enterprises Index,Removal,2020-02-07,2020-02-09,120,30.649999618530273,0.04251700735438613,-0.0931952570897222,-0.07957956994728732,-0.13904491763361027,-0.33729730554529136,9672105.0,296450014.56038475,8189018.95,7241381.3,261076550.9129881,233165807.9793817,0.023486104030645036,0.02046997186377122,yfinance_info_static_sharesOutstanding,1,1,1,31695387124.519386,0.009353096505675822,2020,6,1.0
2017-09-04,1339.HK,0,Hang Seng Corporate Sustainability Benchmark Index,Exclusion,2017-05-05,2017-05-07,120,3.130000114440918,-0.02795028365517005,-0.02795028365517005,0.03300334785326098,-0.07669616000516499,-0.07941175686859359,38284739.0,119831237.45134068,26101764.5,31291571.9,82972549.17005503,100646890.0162232,0.007398672592320858,0.00900319226203106,yfinance_info_static_sharesOutstanding,1,1,1,27313113418.63823,0.004387315192326953,2017,9,0.0
2018-03-05,1339.HK,0,Hang Seng China 50 Index,Exclusion,2017-11-03,2017-11-05,120,4.03000020980835,0.08918923185723249,0.11944453237969421,0.0775401603027075,0.0,0.0,38500134.0,155155548.09764957,46722109.05,37963118.6,177272383.02157027,139190318.1945894,0.01990249439192123,0.015132890065348794,yfinance_info_static_sharesOutstanding,1,1,1,35166724850.836754,0.0044119988072747075,2018,3,0.0
2019-03-11,1339.HK,1,Hang Seng Stock Connect China AH Index Series,,2018-11-09,2018-11-11,120,3.4000000953674316,-0.017341023733535632,0.0029498496028923515,-0.02578794095225745,-0.09574465319386105,-0.27966096472445423,18042000.0,61342801.7206192,66870529.75,40909355.35,236183621.75150985,142124040.72541496,0.03213130198397896,0.02301309695387302,yfinance_info_static_sharesOutstanding,1,1,1,29669196432.198524,0.00206755858254546,2019,3,0.0
2019-09-09,1339.HK,1,Hang Seng China 50 Index,,2019-05-10,2019-05-12,120,3.0199999809265137,-0.07926829046681128,-0.11953355039386682,-0.065015491302446,-0.20316622392524808,-0.2616137241423694,76509065.0,231057374.8407054,45033606.35,90379423.7,144701496.1018829,315266599.1296711,0.016040552488134796,0.019126540941244455,yfinance_info_static_sharesOutstanding,1,1,1,26353226513.560295,0.008767707237738525,2019,9,1.0
2020-03-09,1339.HK,0,Hang Seng China Enterprises Index,Removal,2019-11-08,2019-11-10,120,3.3399999141693115,-0.0029850718650553665,0.03086416800562497,0.11705682391847083,-0.011834378377890364,-0.11873352301135631,28619294.0,95588439.50358629,26068767.55,25577567.333333332,85870234.50004727,81774717.15479991,0.009574993765245551,0.011019033978638588,yfinance_info_static_sharesOutstanding,1,1,1,29145620811.021328,0.0032796844549435643,2020,3,2.0
2021-09-06,1339.HK,0,Hang Seng China 50 Index,Removal,2021-05-07,2021-05-09,120,2.7300000190734863,0.026315763527856362,0.0790514031404721,0.13749996274709853,-0.01086955488892416,-0.09602647804125397,42640031.0,116407285.44329405,47810256.25,57770979.63333333,125033455.8912545,145406975.71965688,0.00998231127843982,0.010416387759555909,yfinance_info_static_sharesOutstanding,1,1,1,23822618986.439705,0.004886418471015102,2021,9,2.0
2024-09-09,1341.HK,1,Hang Seng Composite Index,,2024-05-10,2024-05-12,120,0.8799999952316284,0.11392401434102806,0.12820516347415012,0.08641974400173069,-0.06382978993230626,-0.46012270073253747,1568000.0,1379839.9925231934,8567999.95,7677599.966666667,6436752.025475303,6252386.630733001,0.04689281811936708,0.04130225433316853,,0,0,0,,,2024,9,0.0
2017-09-04,1347.HK,1,Hang Seng Corporate Sustainability Benchmark Index,,2017-05-05,2017-05-07,120,10.760000228881836,-0.00738006665866664,-0.012843981151195227,0.2367816626183008,-0.03928567748896872,-0.03928567748896872,1442000.0,15515920.330047607,2028180.6,2015550.9833333334,21771588.742579985,20718598.35655068,0.018793175759588325,0.02083246391218776,yfinance_info_static_sharesOutstanding,1,1,1,14309339021.061758,0.0010843212469290088,2017,9,0.0
2021-09-06,1347.HK,1,Hang Seng Corporate Sustainability Index,,2021-05-07,2021-05-09,120,44.70000076293945,-0.07929966085730034,-0.12094391142040128,-0.032467531931368754,-0.29772192158133315,-0.29772192158133315,6117170.0,273437503.66703033,6996216.15,12559842.516666668,336713665.8393631,631140319.1813262,0.03075645892705957,0.048166802905737466,yfinance_info_static_sharesOutstanding,1,1,1,59444930441.70586,0.004599845632508131,2021,9,1.0
2024-09-09,1347.HK,0,Hang Seng Corporate Sustainability Index,Removal,2024-05-10,2024-05-12,120,18.020000457763672,0.11925466029825493,0.17317713935820822,0.17777779301440422,0.0,-0.42519935443398316,35660253.0,642597775.3839684,8383154.6,7481100.05,133434555.4925634,121250037.75691117,0.02928854813912149,0.029452148580107723,yfinance_info_static_sharesOutstanding,1,1,1,23964153366.623516,0.026814958390266246,2024,9,2.0
2016-03-14,1359.HK,0,Hang Seng China 50 Index,Exclusion,2015-11-13,2015-11-15,120,2.9800000190734863,-0.038709641693780994,-0.044871753724602725,-0.1337209390974997,-0.10778440249911214,-0.4213592303126209,36833660.0,109764307.50254631,45860347.9,83379297.71666667,139627765.37897396,242104581.22955078,0.01636119755508542,0.027362294180225434,yfinance_info_static_sharesOutstanding,1,1,1,40431456695.16148,0.0027148244578504644,2016,3,0.0
2019-09-09,1359.HK,0,Hang Seng China Enterprises Index,Exclusion,2019-05-10,2019-05-12,120,1.9299999475479126,-0.0721153757981291,-0.13063066546168633,-0.030150784774517714,-0.20247938566036427,-0.3321799731865731,40442904.0,78054802.59868526,32887622.8,44066923.016666666,68603937.2749078,97149522.36914802,0.01284176525887554,0.018473063376760884,yfinance_info_static_sharesOutstanding,1,1,1,26185472752.180912,0.002980843742535995,2019,9,0.0
2020-03-09,1361.HK,0,Hang Seng Composite Index,Removal,2019-11-08,2019-11-10,120,1.590000033378601,0.019230828012472445,-0.07558139131931829,0.2619047979468754,-0.13114754311939958,-0.22439020957924005,1104000.0,1755360.0368499756,1536160.0,2450823.3833333333,2631772.4006438255,3964642.7901862403,0.03241711859831375,0.04159355533535027,,0,0,0,,,2020,3,0.0
2018-03-05,1378.HK,1,Hang Seng Composite LargeCap & MidCap Index,,2017-11-03,2017-11-05,120,12.5,0.7730495974209401,0.7730495974209401,0.7730495974209401,0.0,0.0,28651861.0,358148262.5,15318560.65,5106186.883333334,158858025.50106478,52952675.167021595,0.07617800624226834,0.045322117409495495,yfinance_info_static_sharesOutstanding,1,1,1,124038123012.5,0.002887404725270693,2018,3,0.0
2022-06-13,1378.HK,1,Hang Seng Index,,2022-02-11,2022-02-13,120,10.5,0.17056852702614056,0.16022097002269753,0.3925729513424989,-0.003795062808140126,-0.2532005912780585,24220643.0,254316751.5,17146103.15,13159033.166666666,162191359.34156632,113079941.49966322,0.03194736168257916,0.027620837293930074,yfinance_info_static_sharesOutstanding,1,1,1,104192023330.5,0.002440846653810534,2022,6,1.0
2025-12-08,1378.HK,1,Hang Seng China Enterprises Index,,2025-08-08,2025-08-10,120,22.65999984741211,0.11351348514203563,0.24368829316054286,0.5290148659939551,0.0,0.0,30806692.0,698079636.0192719,29340473.2,29600852.866666667,606605808.879884,521865655.97029036,0.023908265693520916,0.023832745472380134,yfinance_info_static_sharesOutstanding,1,1,1,224856307882.92276,0.003104558829555918,2025,12,2.0
2021-03-15,1383.HK,0,Hang Seng Stock Connect Greater Bay Area Composite Index,Removal,2020-11-13,2020-11-15,120,0.6800000071525574,0.030303000199675578,-0.042253482107650564,-0.22727271495771795,-0.23595503586257505,-0.6324324333032088,1830000.0,1244400.01308918,11432100.0,7412944.9,7937921.8694370985,5527933.276621978,0.08022897281638304,0.05024858738575832,,0,0,0,,,2021,3,0.0
2021-09-06,1383.HK,0,Hang Seng Composite Index,Removal,2021-05-07,2021-05-09,120,0.5099999904632568,-0.08928573519295568,-0.16393446147009283,-0.1355931980792756,-0.3461538343975056,-0.6357142863224964,10460000.0,5334599.9002456665,6304763.2,8899341.5,3648304.1751933694,5969241.953829686,0.017798915099991278,0.02914558067071121,,0,0,0,,,2021,9,0.0
2025-03-10,1385.HK,0,Hang Seng Composite Index,Removal,2024-11-08,2024-11-10,120,16.780000686645508,0.08118557936327497,-0.0035629136222521396,0.5171790280300046,-0.31788616152684035,-0.31788616152684035,9731000.0,163286186.68174744,12669495.4,9370952.45,212145283.7885994,155130665.65261585,0.045020030789815126,0.07239573794045163,,0,0,0,,,2025,3,0.0
2017-09-04,1387.HK,0,Hang Seng Composite LargeCap & MidCap Index,Exclusion,2017-05-05,2017-05-07,120,2.0,0.01522841165181843,0.02564100056083385,0.005025120811725348,-0.09090911061310525,-0.2857142735500723,830800.0,1661600.0,1059440.0,1496397.2166666666,2085988.5639733076,3096622.048404789,0.01227727130780855,0.015171994423685097,yfinance_info_static_sharesOutstanding,1,1,1,17792579584.0,9.338724562986898e-05,2017,9,0.0
2018-09-10,1398.HK,0,Hang Seng Corporate Sustainability Index,Exclusion,2018-05-11,2018-05-13,120,6.849999904632568,0.023916269961675507,0.0014619520207019843,0.019345255729124045,-0.03927071603284327,-0.07930109516804373,207129245.0,1418835308.496616,213645788.9,277698630.53333336,1448302595.3984232,1885960276.009389,0.015841943079388042,0.01724131470959488,yfinance_info_static_sharesOutstanding,1,1,1,594539196890.1749,0.0023864453612445465,2018,9,0.0
2024-09-09,1405.HK,1,Hang Seng Composite Index,,2024-05-10,2024-05-12,120,59.0,0.003401373563511889,0.0875576036866359,0.05545614292489698,-0.020746887966805017,-0.2101739971839669,249984.0,14749056.0,128024.95,160236.83333333334,7177354.371415901,8733462.654095523,0.021271652571184844,0.03133309696810428,,0,0,0,,,2024,9,0.0
2024-09-09,1415.HK,1,Hang Seng Stock Connect Greater Bay Area Composite Index,,2024-05-10,2024-05-12,120,18.899999618530273,0.02829164752486224,0.10785464303566727,0.027173913606849176,-0.03669730835400198,-0.18004337335759069,4357933.0,82364932.03758049,3420597.8,3597589.3833333333,61119357.411487296,63551003.49598255,0.032851333683461124,0.03326598435811672,,0,0,0,,,2024,9,0.0
2016-03-14,1432.HK,1,Hang Seng Composite LargeCap & MidCap Index,,2015-11-13,2015-11-15,120,1.7000000476837158,0.005917153919925866,0.0,-0.04494377808534078,-0.055555504045367354,-0.30327868532090063,661000.0,1123700.0315189362,5087150.0,4758006.25,8637204.753017426,8059904.246753454,0.006318090447862383,0.032190554882852884,yfinance_info_static_sharesOutstanding,1,1,1,14018590082.51085,8.01578493204412e-05,2016,3,0.0
2018-09-10,1432.HK,0,Hang Seng Composite LargeCap & MidCap Index,Exclusion,2018-05-11,2018-05-13,120,0.8399999737739563,-0.01176476445577379,-0.1600000262260437,-0.2881355838027705,-0.3057851675274693,-0.528089894789094,301000.0,252839.99210596085,2163685.0,1518380.7333333334,1886257.8532722592,1524131.9908245087,0.02890977342220537,0.02257908792814794,yfinance_info_static_sharesOutstanding,1,1,1,6926832336.094032,3.650153199009501e-05,2018,9,1.0
2025-03-10,1468.HK,0,Hang Seng Composite Index,Removal,2024-11-08,2024-11-10,120,0.8299999833106995,0.0,-0.17821783054670792,0.2575756823173707,-0.5088757661489081,-0.9209523825418382,234829000.0,194908066.08086824,238318250.9,186763631.2,194846988.75328228,144485206.0976963,0.07516077162605635,0.1186488937948747,,0,0,0,,,2025,3,0.0
2020-09-07,1475.HK,1,Hang Seng Composite Index,,2020-05-08,2020-05-10,120,6.929999828338623,0.08450703804944193,0.08791208050867816,-0.022567041016334333,-0.025316498142850086,-0.05585835364113889,4764233.0,33016133.872165203,2614399.4,3422936.1666666665,17160703.558120012,21714857.241532214,0.023902495952337267,0.03243574432157463,,0,0,0,,,2020,9,0.0
2021-03-15,1477.HK,1,Hang Seng Composite Index,,2020-11-13,2020-11-15,120,19.200000762939453,-0.0233977155667785,-0.16883114952927714,-0.3806451366793725,-0.39906102333460414,-0.4810810604610959,188500.0,3619200.143814087,423428.3,463338.4666666667,8297145.680808258,11607741.2689435,0.03395589575892557,0.03240565959396413,,0,0,0,,,2021,3,0.0
2021-03-15,1478.HK,0,Hang Seng TECH Index,Removal,2020-11-13,2020-11-15,120,9.420000076293945,-0.0177268064222158,0.039735059603063005,-0.18652848546140788,-0.13577977926900953,-0.3440111210647734,4519000.0,42568980.34477234,4520044.4,6109813.75,42255494.78243484,58514631.23534037,0.0326090206792342,0.03186136756055122,,0,0,0,,,2021,3,0.0
2016-03-14,1508.HK,1,Hang Seng Composite LargeCap & MidCap Index,,2015-11-13,2015-11-15,120,2.75,0.018518500530834592,,,0.0,0.0,125470000.0,345042500.0,180829133.33333334,180829133.33333334,488776784.1094176,488776784.1094176,0.010159468954172147,0.010159468954172147,yfinance_info_static_sharesOutstanding,1,1,1,18368395925.0,0.01878457440752274,2016,3,0.0
2021-09-06,1508.HK,0,Hang Seng Composite Index,Removal,2021-05-07,2021-05-09,120,0.8199999928474426,0.012345667202249944,-0.023809501846360326,0.0,-0.08888887269997259,-0.21904759039413768,43275602.0,35485993.330468774,25049990.15,35398421.36666667,20427943.753139578,30105717.365417384,0.008839374827316834,0.0122468412688229,yfinance_info_static_sharesOutstanding,1,1,1,5477121646.225089,0.006478949277112776,2021,9,1.0
2018-03-05,1513.HK,1,Hang Seng China AH Index Series,,2017-11-03,2017-11-05,120,32.4260368347168,0.047801212042620334,0.2245811409579339,0.26267286513837984,-0.012612571381311222,-0.012612571381311222,957805.0,31057820.21047592,913620.2,689584.2,27951211.44432764,19143900.255857054,0.026868900356640083,0.018950234094279275,yfinance_info_static_sharesOutstanding,1,1,1,9721556619.152248,0.003194737368426114,2018,3,0.0
2024-03-04,1513.HK,1,Hang Seng Hong Kong-Listed Biotech Index,,2023-11-03,2023-11-05,120,23.049999237060547,0.0,-0.06300817562493777,-0.017057633810872663,-0.11516315116554743,-0.23166669209798174,406300.0,9365214.6900177,862014.7,568931.2833333333,20415207.959995937,13761928.380870787,0.021889445279971036,0.01752086403728203,yfinance_info_static_sharesOutstanding,1,1,1,6910553818.115322,0.0013552046531303658,2024,3,1.0
2017-09-04,1515.HK,1,Hang Seng Composite LargeCap & MidCap Index,,2017-05-05,2017-05-07,120,9.819999694824219,-0.02964428795725127,0.028272198816425398,-0.06476193382626483,-0.1040146295031853,-0.29352518242280756,1688500.0,16581069.484710693,4456753.85,5471624.816666666,44908511.420593545,54940101.04927833,0.018663918473482286,0.019026947764237214,yfinance_info_static_sharesOutstanding,1,1,1,12417039040.11612,0.0013353480995865205,2017,9,0.0
2019-09-09,1515.HK,0,Hang Seng Composite LargeCap & MidCap Index,Exclusion,2019-05-10,2019-05-12,120,5.460000038146973,-0.07457627967937475,-0.15479876069580434,0.0018349044462047104,-0.15479876069580434,-0.48490567531565265,1467500.0,8012550.055980682,1579520.1,2896307.1166666667,9224450.67972808,16500649.1681456,0.018640105812732597,0.023705080180080277,yfinance_info_static_sharesOutstanding,1,1,1,6903975126.235485,0.0011605705277721167,2019,9,1.0
2024-03-04,1519.HK,1,Hang Seng Composite Index,,2023-11-03,2023-11-05,120,12.399999618530273,0.03333330154418945,,,-0.014308450418714536,-0.014308450418714536,4447200.0,55145278.30352783,6907549.833333333,6907549.833333333,83643686.15609615,83643686.15609615,0.02498044449896997,0.02498044449896997,,0,0,0,,,2024,3,0.0
2024-09-09,1519.HK,1,Hang Seng China Enterprises Index,,2024-05-10,2024-05-12,120,7.920000076293945,0.1545189390887809,-0.23106796799691265,-0.41246288240006723,-0.4350927376818885,-0.5164834870526769,12296100.0,97385112.93811798,13907985.75,7525826.916666667,98404042.05896266,65356770.701190256,0.06372513731158441,0.048752370686201155,,0,0,0,,,2024,9,1.0
2024-09-09,1521.HK,0,Hang Seng Composite Index,Removal,2024-05-10,2024-05-12,120,1.2300000190734863,-0.08888889085118168,-0.10218977022453024,-0.27218936246874104,-0.3457446690461602,-0.5020242895440133,10006000.0,12307380.190849304,3215140.4,2838598.3,4093897.3141580164,4319427.911384561,0.04141037746516161,0.03468362624934927,,0,0,0,,,2024,9,0.0
2016-03-14,1528.HK,0,Hang Seng Composite LargeCap & MidCap Index,Exclusion,2015-11-13,2015-11-15,120,9.345454216003418,-0.06032901557683301,-0.06204383195040408,-0.04814810605696351,-0.06884052083787662,-0.1968749864259728,455180.0,4253863.850040436,654450.5,554158.5333333333,6354766.945008278,5116138.926959181,0.016255217512672955,0.032892095115215875,yfinance_info_static_sharesOutstanding,1,1,1,6927650953.528067,0.0006140413075912921,2016,3,0.0
2018-09-10,1528.HK,1,Hang Seng Stock Connect China AH Index Series,,2018-05-11,2018-05-13,120,9.745453834533691,0.020952362112446554,-0.0018621957558931923,0.10973074161385621,-0.0201096718589443,-0.2152269720161577,1957560.0,19077310.608329773,2792106.7,4311194.766666667,26914354.475992966,38655808.01934528,0.014602644222193222,0.025255061014700615,yfinance_info_static_sharesOutstanding,1,1,1,7224164924.350039,0.0026407634388338893,2018,9,0.0
2019-03-11,1528.HK,0,Hang Seng Stock Connect China AH Index Series,Exclusion,2018-11-09,2018-11-11,120,6.663636207580566,0.004109657349881779,0.11229132287268384,-0.1651480851463455,-0.12738090346729558,-0.4633967742502788,1084656.0,7227752.994369507,1650105.95,1689109.0333333334,10257136.41177175,11305117.850250728,0.019630435746603878,0.02930553943290545,yfinance_info_static_sharesOutstanding,1,1,1,4939657790.881716,0.0014632092546393526,2019,3,1.0
2019-09-09,1528.HK,1,Hang Seng Stock Connect China AH Index Series,,2019-05-10,2019-05-12,120,6.481818199157715,-0.013831245599973507,-0.09974744849065809,-0.05687825557669446,-0.12300124001120005,-0.37346219278309034,148136143.0,960191547.6504297,9051557.85,4654434.933333334,58996734.224847436,31323069.162639007,0.017260999625875236,0.016843107972426392,yfinance_info_static_sharesOutstanding,1,1,1,4804878713.235365,0.19983679192682155,2019,9,1.0
2021-03-15,1528.HK,0,Hang Seng Composite Index,Removal,2020-11-13,2020-11-15,120,4.679999828338623,0.0042918415410722055,0.002141274492786227,-0.13333338042836052,-0.139705922957316,-0.24956262523797457,152343.0,712965.2138485909,558393.95,551624.6333333333,2617925.1609281776,2718729.8224742175,0.017107490066212826,0.018693210740382417,yfinance_info_static_sharesOutstanding,1,1,1,3469216639.8698874,0.0002055118742527796,2021,3,2.0
2024-03-04,1541.HK,1,Hang Seng Composite Index,,2023-11-03,2023-11-05,120,27.25,-0.08094433893450548,0.09218433533985904,,-0.12238323125383388,-0.12238323125383388,122600.0,3340850.0,128765.0,171765.8536585366,3631753.999080658,4467853.919992214,0.03722702908621739,0.05352105592921763,,0,0,0,,,2024,3,0.0
2025-03-10,1541.HK,0,Hang Seng Biotech Index,Removal,2024-11-08,2024-11-10,120,7.449999809265137,0.03042873991857098,0.13394210268052875,-0.2918251440030024,-0.25125628622345064,-0.7596774255075762,8155400.0,60757728.444480896,13475534.65,9105215.566666666,92661693.16536975,57348979.578024276,0.08512328341985839,0.11966784681013443,,0,0,0,,,2025,3,1.0
2018-09-10,1548.HK,1,Hang Seng Composite LargeCap & MidCap Index,,2018-05-11,2018-05-13,120,27.049999237060547,0.022684251675402,0.024621198027368063,0.3131067347645671,-0.07044677379848341,-0.16383305987789665,3505166.0,94814737.62577057,7044363.45,16211014.083333334,186906701.90460196,412698606.4107346,0.025820600914157287,0.04139950615957063,yfinance_info_static_sharesOutstanding,1,1,1,59141537297.92557,0.0016031835146276502,2018,9,0.0
2024-09-09,1563.HK,0,Hang Seng Composite Index,Removal,2024-05-10,2024-05-12,120,0.5600000023841858,-0.017543843138140613,0.30232556527727317,-0.4285714372601521,-0.4285714372601521,-0.9081967194853723,90971000.0,50943760.216891766,74331200.0,46203576.983333334,38085656.25870824,25322046.249254942,0.08721819171686981,0.06438667821356388,,0,0,0,,,2024,9,0.0
2021-09-06,1569.HK,0,Hang Seng Composite Index,Removal,2021-05-07,2021-05-09,120,1.350000023841858,-0.014598526172921567,-0.04255315191482678,-0.09395972134148689,-0.24581002647378647,-0.24581002647378647,2172000.0,2932200.0517845154,2658000.0,3161564.1666666665,3716043.992626667,4733734.836066802,0.02834080560992274,0.03011022500321115,,0,0,0,,,2021,9,0.0
2019-09-09,1579.HK,1,Hang Seng Composite LargeCap & MidCap Index,,2019-05-10,2019-05-12,120,36.349998474121094,-0.08207071023307999,-0.04342109278628703,0.4396038999651919,-0.08207071023307999,-0.08207071023307999,2986322.0,108552800.14323425,1914280.8,2171902.5,70874668.94010945,67197183.54765901,0.02863133941542815,0.02959552995555847,yfinance_info_static_sharesOutstanding,1,1,1,35264296719.696045,0.0030782635765029915,2019,9,0.0
2025-03-10,1600.HK,0,Hang Seng Composite Index,Removal,2024-11-08,2024-11-10,120,3.4100000858306885,0.0,-0.02571426119123188,0.0029411735831661456,-0.1783132512124015,-0.33786407326514845,1315500.0,4485855.112910271,1640429.65,1496527.9166666667,5636617.137027788,5224678.573344036,0.01841598635064321,0.025837637809779147,,0,0,0,,,2025,3,0.0
2019-03-11,1618.HK,0,Hang Seng Stock Connect China AH Index Series,Exclusion,2018-11-09,2018-11-11,120,1.9299999475479126,-0.02030460938141998,-0.04455447239030208,-0.12272731558350403,-0.1460177187202999,-0.2605363888426312,2503000.0,4830789.868712425,4526321.95,5195574.366666666,8865553.253719157,10757811.148144497,0.01984930228464824,0.02052060568402938,yfinance_info_static_sharesOutstanding,1,1,1,5541029849.410057,0.0008718216649251132,2019,3,0.0
2021-03-15,1618.HK,0,Hang Seng Composite Index,Removal,2020-11-13,2020-11-15,120,1.3300000429153442,0.031007815693931073,0.015267252678933252,-0.022058802260453536,-0.043165426904336224,-0.26111106769538106,7870302.0,10467501.99775672,7833083.25,6456376.9,10398548.12436198,8568609.416676033,0.019684178176274523,0.01730628960062456,yfinance_info_static_sharesOutstanding,1,1,1,3818430123.2099533,0.002741310344827586,2021,3,0.0
2018-03-05,1628.HK,1,Hang Seng Composite LargeCap & MidCap Index,,2017-11-03,2017-11-05,120,29.459867477416992,-0.0307692365617086,-0.1330274966725402,-0.17467247298247424,-0.27586207381554073,-0.27586207381554073,977887.0,28808421.42788887,1394204.3,3038388.966666667,44524398.65597439,108723713.45864818,0.016329371366964746,0.03239693862492321,yfinance_info_static_sharesOutstanding,1,1,1,43805483840.64288,0.0006576441783565078,2018,3,0.0
2018-03-05,1638.HK,1,Hang Seng Composite LargeCap & MidCap Index,,2017-11-03,2017-11-05,120,4.719198226928711,-0.03379702610381796,-0.21864938415662893,0.5235113520489845,-0.2702702363927878,-0.2702702363927878,7416878.0,35001717.50694656,27006626.95,49053459.93333333,143213328.98915693,242172090.81801382,0.023541273774856573,0.0475443384175568,yfinance_info_static_sharesOutstanding,1,1,1,45357431513.94806,0.0007716864985219243,2018,3,0.0
2017-03-06,1658.HK,1,Hang Seng China 50 Index,,2016-11-04,2016-11-06,120,4.349999904632568,0.04567309235327399,-0.08805033081202773,,-0.09563410470253642,-0.09563410470253642,12419000.0,54022648.81563187,78879930.0,123346802.96296297,366476816.56939983,581277891.523128,0.015421554036244244,0.013754927924260656,yfinance_info_static_sharesOutstanding,1,1,1,86374324556.36835,0.0006254480031317222,2017,3,0.0
2018-09-10,1658.HK,1,Hang Seng Corporate Sustainability Benchmark Index,,2018-05-11,2018-05-13,120,5.360000133514404,0.03076929425347008,0.04483431071005972,0.15021465858867655,-0.011070099987999904,-0.011070099987999904,40450486.0,216814610.36072254,40634206.1,40838138.016666666,214164112.16577262,204199710.07842758,0.01868591518188715,0.01824729434851321,yfinance_info_static_sharesOutstanding,1,1,1,106429057771.0843,0.002037174949223584,2018,9,1.0
2020-09-07,1658.HK,0,Hang Seng ESG 50 Index,Removal,2020-05-08,2020-05-10,120,4.539999961853027,-0.023655942206107117,-0.02783728315141365,-0.10099014051871191,-0.12355210187156751,-0.15769942962666306,26739151.0,121395744.51998234,27300451.85,33922303.6,123354433.33261259,162745920.0235227,0.025044670020984285,0.02196076870113097,yfinance_info_static_sharesOutstanding,1,1,1,90146997422.54733,0.0013466421288660596,2020,9,2.0
2021-03-15,1666.HK,0,Hang Seng Composite Index,Removal,2020-11-13,2020-11-15,120,4.920000076293945,0.07894739869118661,0.049040515195600376,-0.16751265595238019,-0.19476268923352447,-0.40291259551499914,1448000.0,7124160.110473633,2795524.0,2996041.1666666665,13534484.836110592,16016787.602917051,0.02506304990858188,0.023072998143339594,,0,0,0,,,2021,3,0.0
2021-03-15,1668.HK,0,Hang Seng Stock Connect Greater Bay Area Composite Index,Removal,2020-11-13,2020-11-15,120,0.7799999713897705,-0.01265829088137238,0.039999961853027344,-0.025000050291418274,-0.06024097942928763,-0.27102809985638066,8030000.0,6263399.770259857,11496037.45,9632948.083333334,9095756.856130388,7540747.533484196,0.01441950331774621,0.019443288585558147,,0,0,0,,,2021,3,0.0
2024-09-09,1668.HK,0,Hang Seng Composite Index,Removal,2024-05-10,2024-05-12,120,0.29499998688697815,0.6480445722854893,1.153284662005757,0.2606837187745845,0.0,-0.44339622111030186,930726000.0,274564157.7953696,116403381.5,60876227.166666664,26501425.199461054,12344999.26620302,0.09880067637537485,0.09161965404211059,,0,0,0,,,2024,9,0.0
2020-09-07,1675.HK,1,Hang Seng Composite Index,,2020-05-08,2020-05-10,120,9.680000305175781,0.047619106597052596,-0.0692307057465299,0.00833332505491069,-0.09363295612598221,-0.09363295612598221,210800.0,2040544.0643310547,557512.7,574973.4333333333,5567820.200134182,5718346.8403272,0.018517444330713208,0.02993402155848066,,0,0,0,,,2020,9,0.0
2018-09-10,1680.HK,0,Hang Seng Composite LargeCap & MidCap Index,Exclusion,2018-05-11,2018-05-13,120,14.100000381469727,0.06818186251585212,0.18487401961876437,0.1949152672506549,0.0,-0.09032255603421124,946300.0,13342830.360984802,449880.0,282625.2,5889638.000555038,3538918.494539102,0.019480424578184382,0.016519665316561558,yfinance_info_static_sharesOutstanding,1,1,1,9781059128.422543,0.0013641498518511348,2018,9,0.0
2020-03-09,1680.HK,0,Hang Seng Composite Index,Removal,2019-11-08,2019-11-10,120,8.5,0.011904807858458266,-0.02298848432756806,-0.18269227771363905,-0.18269227771363905,-0.40972220658520075,296000.0,2516000.0,209107.65,259160.68333333332,1788920.832801342,2275589.353641351,0.02133918999598362,0.02428614933794851,yfinance_info_static_sharesOutstanding,1,1,1,5896383003.0,0.0004267022679361048,2020,3,0.0
2020-09-07,1681.HK,0,Hang Seng Composite Index,Removal,2020-05-08,2020-05-10,120,4.0,0.0,0.1111111405455043,-0.03846150319251662,-0.056603722658898126,-0.2766727218372699,842000.0,3368000.0,981465.0,1320233.0833333333,3818921.8531000614,4921060.839923008,0.007455733631803102,0.023199168312398245,,0,0,0,,,2020,9,0.0
2018-09-10,1686.HK,1,Hang Seng Corporate Sustainability Benchmark Index,,2018-05-11,2018-05-13,120,4.820000171661377,0.05010893495151847,-0.01632651472429325,-0.17606833329271387,-0.14991179774165886,-0.31044344356389875,860500.0,4147610.147714615,1522573.75,1587257.15,6908073.617306376,7927352.189546792,0.028532924876372955,0.027310970603821892,yfinance_info_static_sharesOutstanding,1,1,1,11379101390.31978,0.0003644936454510365,2018,9,0.0
2024-03-04,1686.HK,0,Hang Seng Stock Connect Greater Bay Area Composite Index,Removal,2023-11-03,2023-11-05,120,3.069999933242798,0.0,-0.043613739327240664,-0.2227848364095466,-0.2400990192498218,-0.3884462261140915,639000.0,1961729.9573421478,698347.1,1123889.6666666667,2173059.585230112,3818677.3884138623,0.02081435998338879,0.022609093466400956,yfinance_info_static_sharesOutstanding,1,1,1,7247684494.708974,0.000270669888952019,2024,3,1.0
2024-09-09,1691.HK,0,Hang Seng ESG 50 Index,Removal,2024-05-10,2024-05-12,120,1.5499999523162842,0.04026841771510825,0.0992907723468599,0.12318837512468384,0.0,-0.006410250532086104,5824000.0,9027199.722290039,4900374.75,6609655.45,7271324.177289903,9421859.62621469,0.012440370354751557,0.029100451983224553,,0,0,0,,,2024,9,0.0
2025-03-10,1698.HK,1,Hang Seng TECH Index,,2024-11-08,2024-11-10,120,44.79999923706055,0.02752295424165485,-0.07246376926056874,-0.1232876599840037,-0.18545455932617183,-0.2832000122070313,69800.0,3127039.946746826,112787.7,251996.31666666668,5260157.133016968,11487982.444686763,0.032170772336322095,0.047196556120517055,,0,0,0,,,2025,3,0.0
2024-09-09,1709.HK,1,Hang Seng Composite Index,,2024-05-10,2024-05-12,120,4.2058820724487305,0.021428475477260234,-0.002325546147047386,-0.06535953945583772,-0.10625000633299386,-0.10995854621021384,1929840.0,8116679.458694458,1137691.05,1665121.55,4816730.549292063,7127275.697451989,0.044318699403899466,0.034136851446060566,,0,0,0,,,2024,9,0.0
2019-09-09,1717.HK,1,Hang Seng Composite LargeCap & MidCap Index,,2019-05-10,2019-05-12,120,14.800000190734863,0.07091175959125873,0.4258188851216611,0.5744681692922133,0.0,0.0,5963000.0,88252401.13735199,3697613.8,2778474.966666667,47532834.514834166,31576654.413234074,0.033759855985598344,0.026251195988563198,yfinance_info_static_sharesOutstanding,1,1,1,26316070385.94811,0.003353555445134992,2019,9,0.0
2017-03-06,1728.HK,0,Hang Seng Composite LargeCap & MidCap Index,Exclusion,2016-11-04,2016-11-06,120,2.390000104904175,-0.04399995803833012,-0.036290287692390844,-0.25078367961326864,-0.30523253920079596,-0.3592493049107708,10709100.0,25594750.1234293,9141614.7,7456831.95,22944745.726751495,19672800.58963533,0.016493146929856786,0.02848933326602011,yfinance_info_static_sharesOutstanding,1,1,1,23938362806.88556,0.0010691938429501662,2017,3,0.0
2018-09-10,1728.HK,1,Hang Seng Composite LargeCap & MidCap Index,,2018-05-11,2018-05-13,120,6.46999979019165,0.057189527970161746,0.02535655291014627,-0.038633020526741335,-0.1453104830284715,-0.3451417292258028,6589500.0,42634063.61746788,11380646.15,14818170.533333333,71520146.38242397,96340250.76882239,0.02715721796902914,0.033570069210068394,yfinance_info_static_sharesOutstanding,1,1,1,64803847506.22888,0.0006578940179959213,2018,9,0.0
2021-03-15,1728.HK,0,Hang Seng Composite Index,Removal,2020-11-13,2020-11-15,120,1.0800000429153442,0.0,0.16129035979478323,-0.009174302896359121,0.0,-0.6399999856948853,0.0,0.0,7558800.0,13650196.333333334,7955585.48668474,12847998.574003033,0.02882243950660678,0.0409678734173785,yfinance_info_static_sharesOutstanding,1,1,1,10817335449.362274,0.0,2021,3,1.0
2024-03-04,1735.HK,1,Hang Seng Composite Index,,2023-11-03,2023-11-05,120,4.079999923706055,-0.09333335028754342,-0.09534374353732378,-0.08724829637382925,-0.14822547887292814,-0.20776701977614953,4364000.0,17805119.667053223,3100000.0,3380962.8666666667,13736884.936332703,14910220.301091257,0.02503895930011238,0.026318047668051923,,0,0,0,,,2024,3,0.0
2021-03-15,1755.HK,1,Hang Seng Composite Index,,2020-11-13,2020-11-15,120,20.100000381469727,-0.01470584522894025,0.052356019896741435,-0.24577858652223783,-0.24150941956718008,-0.26238530710202834,753000.0,15135300.287246704,1370027.25,1300573.8833333333,26376507.229071427,27648788.451129057,0.04552174490965759,0.033351318372263065,,0,0,0,,,2021,3,0.0
2024-09-09,1765.HK,0,Hang Seng Composite Index,Removal,2024-05-10,2024-05-12,120,0.2460000067949295,-0.012048157441481355,0.05128209210267731,-0.19344261958694564,-0.2869564995798737,-0.6156249807914715,54997370.0,13529353.393703252,29949912.9,37984011.7,6978530.248172535,10170067.057598142,0.02848745557552871,0.03649978107444996,,0,0,0,,,2024,9,0.0
2020-03-09,1766.HK,0,Hang Seng China Enterprises Index,Removal,2019-11-08,2019-11-10,120,5.559999942779541,0.04315197417743355,0.022058802260453536,0.0,-0.04794524015282309,-0.3373063509819151,9443435.0,52505498.059642315,10890428.95,13314065.55,58691233.78893173,72718663.914731,0.012087057080745527,0.015889690646810648,,0,0,0,,,2020,3,0.0
2021-03-15,1766.HK,0,Hang Seng China 50 Index,Removal,2020-11-13,2020-11-15,120,3.259999990463257,0.051612932500929354,0.01874998183921006,-0.11171664231808853,-0.11171664231808853,-0.455759580128547,29157143.0,95052285.90193582,23688211.5,20006321.366666667,76126345.30745977,65995003.40565799,0.022785704360796775,0.018545130567591956,,0,0,0,,,2021,3,0.0
2021-03-15,1769.HK,1,Hang Seng Composite Index,,2020-11-13,2020-11-15,120,17.540000915527344,-0.07974808987435011,-0.22044440375434027,-0.08263597564619163,-0.2983999633789063,-0.2983999633789063,389000.0,6823060.356140137,1191569.2,1336208.3333333333,22964151.80515976,29274721.592085265,0.03869315741762206,0.04023725866219978,,0,0,0,,,2021,3,0.0
2019-03-11,1772.HK,1,Hang Seng Stock Connect China AH Index Series,,2018-11-09,2018-11-11,120,10.199999809265137,0.0736841904489618,0.21428574672361766,,-0.015172393345236679,-0.015172393345236679,1505000.0,15350999.71294403,4428396.7,6936394.0,42267874.90880213,63093653.92359606,0.03996732402924925,0.03996732402924925,yfinance_info_static_sharesOutstanding,1,1,1,4927627098.855853,0.0031152924937255058,2019,3,0.0
2019-09-09,1772.HK,0,Hang Seng Stock Connect China AH Index Series,Exclusion,2019-05-10,2019-05-12,120,8.64285659790039,-0.09566517219667137,-0.16551726106514486,-0.12063958057846669,-0.23707444177340808,-0.23707444177340808,2120720.0,18329078.844299316,946876.0,1542124.0833333333,8936748.573610306,15812626.14135332,0.018851808124942755,0.02631587808036015,yfinance_info_static_sharesOutstanding,1,1,1,4175370115.65958,0.004389809366972462,2019,9,1.0
2021-03-15,1772.HK,1,Hang Seng Composite Index,,2020-11-13,2020-11-15,120,42.39285659790039,0.014529927950604593,0.34886360732977084,0.43012048983508167,-0.004194592684270471,-0.004194592684270471,7236768.0,306787268.0562744,8181441.85,5741865.116666666,299073034.8654559,187071258.00584492,0.046335618736706725,0.04039473010386674,yfinance_info_static_sharesOutstanding,1,1,1,20480018909.40958,0.014979833242015244,2021,3,1.0
2020-09-07,1773.HK,1,Hang Seng Composite Index,,2020-05-08,2020-05-10,120,4.019999980926514,0.03341899036415086,0.1823529024025159,0.07199999491373688,-0.09049775757081469,-0.09049775757081469,4207156.0,16912767.039754868,3262042.55,3709768.216666667,11807972.278914357,13710986.375648681,0.037855587966335445,0.03385228880481539,,0,0,0,,,2020,9,0.0
2024-09-09,1773.HK,1,Hang Seng Composite Index,,2024-05-10,2024-05-12,120,5.409999847412109,-0.0018450606533337854,0.2239818448031008,0.8033332824707031,-0.03392858222431083,-0.03392858222431083,4813000.0,26038329.265594482,3826124.1,5282112.583333333,19336008.36003833,23478838.182396796,0.03926195454730526,0.04547145389923795,,0,0,0,,,2024,9,1.0
2016-03-14,1776.HK,1,Hang Seng China 50 Index,,2015-11-13,2015-11-15,120,18.360000610351562,0.06127175838367971,0.1984334840786186,0.22563425710296392,0.0,-0.3097744230431805,19835070.0,364171897.30636597,9110515.7,11619662.1,153479868.64444065,174782165.02872998,0.020239238436738582,0.03815738143793656,yfinance_info_static_sharesOutstanding,1,1,1,35265819404.36096,0.010326483361431056,2016,3,0.0
2018-03-05,1776.HK,0,Hang Seng China 50 Index,Exclusion,2017-11-03,2017-11-05,120,16.520000457763672,-0.028235267190372282,-0.05491985752934625,0.03250002861022949,-0.07502800150024824,-0.09230770520607645,2870457.0,47419950.95399094,3904017.6,4666361.833333333,67161354.95387717,78465274.58774415,0.00966095142397659,0.012595955657589626,yfinance_info_static_sharesOutstanding,1,1,1,31731554103.27072,0.001494409974363756,2018,3,1.0
2019-06-17,1776.HK,0,Hang Seng China Enterprises Index,Exclusion,2019-02-15,2019-02-17,120,11.140000343322754,-0.03130431797193445,-0.01241129370235905,-0.051107277639943605,-0.09283382853727562,-0.3361144286371449,14226000.0,158477644.8841095,11767762.55,6909514.933333334,136477943.3377924,79376759.17571242,0.02169705812402549,0.021957070750582588,yfinance_info_static_sharesOutstanding,1,1,1,21397670327.45304,0.007406303698435055,2019,6,1.0
2021-09-06,1778.HK,0,Hang Seng Composite Index,Removal,2021-05-07,2021-05-09,120,3.299999952316284,0.0,-0.02941180595477033,-0.05444127699176693,-0.14507770932611352,-0.258426945222445,1085693.0,3582786.8482301235,435256.8,885797.3333333334,1457419.422349906,3197345.148374474,0.01193695585593298,0.01837733667187428,,0,0,0,,,2021,9,0.0
2019-03-11,1787.HK,1,Hang Seng Stock Connect China AH Index Series,,2018-11-09,2018-11-11,120,8.581631660461426,-0.06033532224043969,0.10078526657991427,,-0.06659274917771207,-0.06659274917771207,930510.0,7985294.076375961,4007832.5,9655804.793103449,34656783.26803684,76177640.87714806,0.02492194103126895,0.02498730629600968,yfinance_info_static_sharesOutstanding,1,1,1,8542895702.676538,0.000934729201232566,2019,3,0.0
2024-09-09,1788.HK,1,Hang Seng (China A) Corporate Sustainability Benchmark Index,,2024-05-10,2024-05-12,120,0.6100000143051147,0.07017547712211614,0.129629611233135,0.17307699361496676,0.0,-0.1285713932952096,24199000.0,14761390.346169472,6376130.85,6186299.116666666,3656442.211850098,3447904.9574409234,0.024084023244508666,0.020564478380280114,,0,0,0,,,2024,9,0.0
2020-03-09,1789.HK,1,Hang Seng Composite Index,,2019-11-08,2019-11-10,120,9.5,0.06861638167825435,0.19798237145615438,0.9791665880216525,-0.0471414497934487,-0.0471414497934487,7127191.0,67708314.5,4993137.3,5209586.883333334,43066680.01021588,39730712.120111465,0.034673188714931476,0.04138524605356153,,0,0,0,,,2020,3,0.0
2021-09-06,1797.HK,0,Hang Seng TECH Index,Removal,2021-05-07,2021-05-09,120,12.5600004196167,-0.15930383049619468,-0.27482675283360214,-0.49659318494798477,-0.5339517601465636,-0.6995215155774261,6348872.0,79741834.98409271,3633486.25,4499305.016666667,54894375.24112139,86034056.74564025,0.028682551007514153,0.029865753454726307,,0,0,0,,,2021,9,0.0
2025-03-10,1797.HK,0,Hang Seng TECH Index,Removal,2024-11-08,2024-11-10,120,16.780000686645508,0.144611245654797,-0.09687832316747991,0.5062836776933615,-0.4193771312063822,-0.5013372978975748,23815372.0,399621958.5127182,18626224.75,14806501.25,290793496.9434443,243943080.3563852,0.05348822015429094,0.07677248815524793,,0,0,0,,,2025,3,0.0
2025-03-10,1799.HK,0,Hang Seng Composite Index,Removal,2024-11-08,2024-11-10,120,9.180000305175781,-0.06896545387209685,0.17391305673404722,0.2175066779336836,-0.159340637267531,-0.22203388501775245,5866821.0,53857418.57041168,9966741.7,4570884.25,98514414.47901401,42624160.19649516,0.05490249375776171,0.04722990948004749,,0,0,0,,,2025,3,0.0
2020-06-08,1800.HK,0,Hang Seng China Enterprises Index,Removal,2020-02-07,2020-02-09,120,5.659999847412109,0.025362294740822966,-0.09149280415991812,-0.0958467028006641,-0.1358779110543663,-0.350917468567847,13205330.0,74742165.78502655,18140288.0,16436364.866666667,106768441.30479436,99757472.45965348,0.01756576537884554,0.015316354046692014,,0,0,0,,,2020,6,0.0
2020-09-07,1800.HK,0,Hang Seng China 50 Index,Removal,2020-05-08,2020-05-10,120,5.050000190734863,-0.026974925807722205,-0.019417456850636006,-0.1030195225428785,-0.19329073385083617,-0.33112581944937247,14909558.0,75293270.7437725,16220406.65,23213523.033333335,83202539.12124977,127479721.96801798,0.023080947736112453,0.025585244569873877,,0,0,0,,,2020,9,0.0
2020-09-07,1801.HK,1,Hang Seng Composite Index,,2020-05-08,2020-05-10,120,38.150001525878906,-0.006510416407966013,0.20347005071621838,0.20347005071621838,-0.03417717656002772,-0.03417717656002772,2322022.0,88585142.84312439,4228218.85,5543185.583333333,151323816.29891664,184992594.32800427,0.03276955468771808,0.038230807843385665,,0,0,0,,,2020,9,0.0
2021-12-06,1801.HK,1,Hang Seng China Enterprises Index,,2021-08-06,2021-08-08,120,74.30000305175781,-0.06246052931535884,-0.09720534268958492,-0.09057520407463848,-0.20915374704386325,-0.2828184927983596,8239693.0,612209215.0455475,7855344.7,6390071.216666667,625990333.7422187,543764193.1391798,0.05155543785213482,0.03664961886743107,,0,0,0,,,2021,12,1.0
2022-12-05,1801.HK,0,Hang Seng China Enterprises Index,Removal,2022-08-05,2022-08-07,120,35.79999923706055,0.09312974769650517,-0.027173913606849176,0.7592136887456404,-0.08087295158351071,-0.5588416689598724,26583167.0,951677358.3186531,11228219.4,12766956.466666667,396226417.5354616,398319650.8050856,0.034631202553557096,0.045268574958317306,,0,0,0,,,2022,12,2.0
2025-12-08,1801.HK,1,Hang Seng China Enterprises Index,,2025-08-08,2025-08-10,120,91.25,-0.018817204301075252,0.13283670444266593,0.826826798923759,-0.08704349388572141,-0.08704349388572141,18274901.0,1667584716.25,21092615.2,24567117.416666668,1945631362.5798557,1946767244.585216,0.033569581203288575,0.03370758733415531,,0,0,0,,,2025,12,2.0
2020-09-07,1810.HK,1,Hang Seng China Enterprises Index,,2020-05-08,2020-05-10,120,11.199999809265137,0.09803921751955857,0.06666664850144155,-0.13580248639671155,-0.16292976730418152,-0.19424459592543664,364071268.0,4077598132.1589165,143108886.45,174157936.98333332,1487209187.1572678,1972235923.6357973,0.02478512176302743,0.02992777540288536,,0,0,0,,,2020,9,0.0
2021-03-15,1810.HK,1,Hang Seng China 50 Index,,2020-11-13,2020-11-15,120,24.25,-0.03386455651599296,0.08017813701066734,0.4969135097497299,-0.05642026147448287,-0.05642026147448287,167273056.0,4056371608.0,175022411.9,229782476.51666668,4069356379.315928,5109619590.688161,0.035922931416566724,0.040486129370174435,,0,0,0,,,2021,3,1.0
2017-09-04,1812.HK,1,Hang Seng China AH Index Series,,2017-05-05,2017-05-07,120,5.8333330154418945,-0.029933455043120283,-0.06316911166988881,-0.01795741426785069,-0.17140155581670213,-0.17140155581670213,1662750.0,9699374.47142601,3288817.85,3910955.3,21049890.75764034,25403930.366754666,0.020111561200474366,0.02164091477554118,yfinance_info_static_sharesOutstanding,1,1,1,3081780457.056284,0.003147328178169723,2017,9,0.0
2019-03-11,1812.HK,0,Hang Seng Stock Connect China AH Index Series,Exclusion,2018-11-09,2018-11-11,120,4.760000228881836,0.0042195060610632495,0.0867580147288245,-0.2196720814262778,-0.2444444309887226,-0.5239999771118165,1177507.0,5604933.589509964,1434140.3,1951274.5666666667,6512737.368367267,9832214.379975105,0.02153851643249808,0.025860643747942096,yfinance_info_static_sharesOutstanding,1,1,1,2514733110.9194756,0.0022288383467701676,2019,3,1.0
2019-06-17,1816.HK,0,Hang Seng China Enterprises Index,Exclusion,2019-02-15,2019-02-17,120,2.0799999237060547,-0.00952380087370197,0.04522608730552857,0.05583750939000054,-0.014217996626207485,-0.08370046643917117,26998878.0,56157664.18014908,23010115.1,23560958.166666668,47209536.561787985,46042666.81197448,0.008409868386232337,0.009603521954253546,yfinance_info_static_sharesOutstanding,1,1,1,23220339148.283005,0.002418468732154654,2019,6,0.0
2020-09-07,1817.HK,1,Hang Seng Composite Index,,2020-05-08,2020-05-10,120,7.670000076293945,0.015894024175832744,0.24110037044384214,0.10678214520717066,0.0,-0.029113926113540023,700000.0,5369000.053405762,605425.0,590366.6666666666,4001249.264085293,3853903.8453181586,0.04131435351047128,0.04363865578829142,,0,0,0,,,2020,9,0.0
2021-09-06,1817.HK,0,Hang Seng Composite Index,Removal,2021-05-07,2021-05-09,120,7.199999809265137,0.015514760833551744,-0.02702706534118826,0.395348841507456,-0.1022444640517125,-0.17241379688337033,1502500.0,10817999.713420868,1204325.0,1031366.6666666666,8914677.97665596,7126504.084571202,0.033635274749024065,0.040575636729542675,,0,0,0,,,2021,9,1.0
2025-12-08,1828.HK,1,Hang Seng Composite Index,,2025-08-08,2025-08-10,120,38.099998474121094,-0.003921608519710018,-0.011673171772902058,,-0.011673171772902058,-0.011673171772902058,176000.0,6705599.7314453125,357330.2,1550661.0,13645274.713090133,59353106.903862,0.003606442158481676,0.004815120150881605,,0,0,0,,,2025,12,0.0
2018-09-10,1833.HK,1,Hang Seng Composite LargeCap & MidCap Index,,2018-05-11,2018-05-13,120,54.70000076293945,-0.0018247896991477885,,,-0.025823699439636916,-0.025823699439636916,3049250.0,166793977.32639313,19685917.333333332,19685917.333333332,1068705007.2734032,1068705007.2734032,0.029519772704599746,0.029519772704599746,yfinance_info_static_sharesOutstanding,1,1,1,116326441743.88684,0.0014338440583751323,2018,9,0.0
2024-09-09,1833.HK,0,Hang Seng TECH Index,Removal,2024-05-10,2024-05-12,120,12.100000381469727,-0.017857087565263163,0.09205780368114835,0.027164741574898343,-0.07914763582038375,-0.4210526027597784,5427564.0,65673526.470451355,6167798.7,5950654.166666667,67505070.24449524,69337373.80775851,0.03689276056452267,0.036788127189742975,yfinance_info_static_sharesOutstanding,1,1,1,25732174951.443424,0.002552194930835703,2024,9,1.0
2020-03-09,1836.HK,1,Hang Seng Composite Index,,2019-11-08,2019-11-10,120,14.15999984741211,0.050445128209772205,0.19594591764571323,0.14935066543555986,0.0,0.0,1313932.0,18605276.919509888,1102815.25,1310763.2166666666,14413739.39117198,16671694.431016143,0.016753917531913402,0.022400222381750386,,0,0,0,,,2020,3,0.0
2024-09-09,1836.HK,1,Hang Seng Composite Index,,2024-05-10,2024-05-12,120,14.800000190734863,0.04078761693492172,0.11278195326981577,0.48743723361216085,-0.0026954151914918567,-0.0026954151914918567,1218193.0,18029256.632351875,1444065.95,1112269.4,20373161.882342674,14311562.120942911,0.01405982356185695,0.0169251432943744,,0,0,0,,,2024,9,1.0
2021-09-06,1848.HK,0,Hang Seng Composite Index,Removal,2021-05-07,2021-05-09,120,6.429999828338623,0.022257530577846296,0.038772175912698215,-0.00771607879439673,-0.15616798885727912,-0.15616798885727912,591130.0,3800965.7985258102,249741.25,737658.9,1567518.3434385061,4966300.857741873,0.010309980261565207,0.0207919199179207,,0,0,0,,,2021,9,0.0
2024-09-09,1855.HK,1,Hang Seng Composite Index,,2024-05-10,2024-05-12,120,9.199999809265137,-0.014285701148363583,-0.0906094997470328,0.26315795676070897,-0.12380954197474892,-0.12380954197474892,576000.0,5299199.890136719,551400.0,601404.45,5281619.867134094,5085536.562837219,0.030964000177110283,0.04296572345533039,,0,0,0,,,2024,9,0.0
2024-09-09,1857.HK,1,Hang Seng (China A) Corporate Sustainability Benchmark Index,,2024-05-10,2024-05-12,120,1.409999966621399,0.060150316635100065,0.03676467043408915,0.1190476010265622,0.0,0.0,2151000.0,3032909.928202629,462110.7,483586.9,630820.9493690372,650343.318519779,0.01383727966640202,0.01192436359194884,,0,0,0,,,2024,9,0.0
2024-09-09,1865.HK,1,Hang Seng (China A) Corporate Sustainability Benchmark Index,,2024-05-10,2024-05-12,120,0.33646300435066223,0.4230797107158051,0.12121450168939552,-0.1395336093168995,-0.21276606426647937,-0.9177777811117094,9401341.0,3163203.437785059,2593181.6,925332.0,990886.3517906539,352654.14062218246,0.18196926804011035,0.1074252922848906,,0,0,0,,,2024,9,0.0
2020-03-09,1873.HK,1,Hang Seng Composite Index,,2019-11-08,2019-11-10,120,4.699999809265137,0.019522705671186635,0.04677061221646239,0.320224686744101,-0.07843139271514354,-0.09266409941705278,3511000.0,16501699.330329895,3319705.8,2518390.816666667,16021159.153289413,11459408.449297655,0.023791984379908353,0.026081345977414568,,0,0,0,,,2020,3,0.0
2020-12-07,1876.HK,1,Hang Seng Index,,2020-08-07,2020-08-09,120,26.25,-0.06583631161406289,0.13882867110010078,0.1075949010536772,-0.06583631161406289,-0.1923076923076923,7792539.0,204554148.75,12848525.35,11481900.25,329504349.83945674,274309533.28778684,0.031229650409719367,0.028884327289139665,,0,0,0,,,2020,12,0.0
2021-03-15,1877.HK,1,Hang Seng Composite Index,,2020-11-13,2020-11-15,120,42.75,-0.08653844664709709,-0.18571428571428572,-0.12844035341595839,-0.2338709572668446,-0.3198090526986632,3182800.0,136064700.0,799037.9,815532.4666666667,36482016.30593853,39813302.166426785,0.032306536907600644,0.03632168919057035,,0,0,0,,,2021,3,0.0
2024-09-09,1877.HK,0,Hang Seng Composite Index,Removal,2024-05-10,2024-05-12,120,12.619999885559082,0.02269041568143515,0.19961970878486301,-0.03369069830937499,-0.027734951415508413,-0.5862295119488825,1108600.0,13990531.873130798,1202985.2,1293950.5166666666,13597995.612628985,14638966.927174393,0.03983502741576865,0.037350485193563515,,0,0,0,,,2024,9,1.0
2020-03-09,1881.HK,1,Hang Seng Composite Index,,2019-11-08,2019-11-10,120,1.9800000190734863,0.042105286273269815,0.11864409062707848,-0.03883491549912932,-0.06603767643538117,-0.2142857007699217,483000.0,956340.0092124939,1298653.05,1518737.5,2421466.707499802,2845883.744791146,0.011097255880726586,0.017906641489973073,,0,0,0,,,2020,3,0.0
2021-03-15,1881.HK,0,Hang Seng Composite Index,Removal,2020-11-13,2020-11-15,120,1.2999999523162842,0.056910513949037345,0.10169492381566325,0.08333325054910778,-0.05109492861930498,-0.3627451094972407,1230000.0,1598999.9413490295,895284.65,634695.55,1123774.9701490223,777816.2595512092,0.02255151406192105,0.01780963384442953,,0,0,0,,,2021,3,1.0
2024-09-09,1890.HK,0,Hang Seng Composite Index,Removal,2024-05-10,2024-05-12,120,1.6799999475479126,-0.03448279405745802,0.11999996503194166,0.423728832394459,-0.03448279405745802,-0.37546471679861815,23832370.0,40038380.349942446,5408618.5,4301772.833333333,8250265.080848753,6592356.373446326,0.04439787626054428,0.03713572596531247,,0,0,0,,,2024,9,0.0
2019-06-17,1896.HK,1,Hang Seng Composite LargeCap & MidCap Index,,2019-02-15,2019-02-17,120,13.640000343322754,-0.0771312185551214,,,-0.0771312185551214,-0.0771312185551214,2712200.0,36994408.93115997,8072550.714285715,8072550.714285715,116305150.77503954,116305150.77503954,0.023365045385300893,0.023365045385300893,yfinance_info_static_sharesOutstanding,1,1,1,15851570043.668602,0.0023338009313428353,2019,6,0.0
2021-03-15,1896.HK,0,Hang Seng TECH Index,Removal,2020-11-13,2020-11-15,120,12.119999885559082,0.05025995889283541,0.0306122151080499,-0.1843876066233261,-0.22802547561773645,-0.22998728959332881,1035400.0,12549047.881507874,2264670.05,3118434.216666667,26300855.06804986,41751328.02402659,0.029832174369838465,0.027145890747586828,yfinance_info_static_sharesOutstanding,1,1,1,14085118935.443798,0.0008909436930581711,2021,3,1.0
2020-09-07,1905.HK,0,Hang Seng Composite Index,Removal,2020-05-08,2020-05-10,120,1.4900000095367432,0.0642857392223517,0.09558823078252043,-0.013245020564786825,-0.0324675023083254,-0.21164020062734357,54000.0,80460.00051498413,146289.05,204540.88333333333,209814.13557364343,290138.20275180537,0.018078315091710095,0.03060547175460317,,0,0,0,,,2020,9,0.0
2021-09-06,1908.HK,0,Hang Seng Stock Connect Greater Bay Area Composite Index,Removal,2021-05-07,2021-05-09,120,15.460000038146973,-0.0025806427001953125,0.009138403793183647,0.2548701640505646,-0.049200503042666766,-0.049200503042666766,1087917.0,16819196.86150074,1495549.55,1927182.25,23320168.2910769,28201791.348395187,0.019355051374937357,0.026816284088797545,,0,0,0,,,2021,9,0.0
2018-09-10,1910.HK,1,Hang Seng Composite LargeCap & MidCap Index,,2018-05-11,2018-05-13,120,35.79999923706055,0.02285712105887283,-0.005555576748318192,0.11180119219948925,-0.04149931192459089,-0.04149931192459089,2582243.0,92444297.42990494,2870475.8,3151162.1,103051931.97382908,110785227.0351464,0.01880514981306541,0.020922805690406394,yfinance_info_static_sharesOutstanding,1,1,1,49652273266.452545,0.0018618341386670153,2018,9,0.0
2018-09-10,1913.HK,1,Hang Seng Composite LargeCap & MidCap Index,,2018-05-11,2018-05-13,120,46.599998474121094,0.1016548301327902,0.2183006137025123,0.45397814612849885,0.0,0.0,2115858.0,98598979.57145691,1422688.4,1389415.1333333333,59644361.827495195,52427847.71151482,0.025841185232368703,0.026994901038013913,yfinance_info_static_sharesOutstanding,1,1,1,119241194495.54443,0.0008268868824116079,2018,9,0.0
2020-03-09,1916.HK,0,Hang Seng Composite Index,Removal,2019-11-08,2019-11-10,120,4.519999980926514,-0.015250581554318687,-0.00659345242873588,-0.04237284282951548,-0.11198431327582059,-0.36694676954506467,54500.0,246339.998960495,87007.55,342414.8333333333,393904.0493263245,1632711.6435774327,0.018074050156654344,0.01582036850090984,,0,0,0,,,2020,3,0.0
2019-09-09,1918.HK,1,Hang Seng China Enterprises Index,,2019-05-10,2019-05-12,120,37.163787841796875,-0.07037035128590197,-0.1274622862913728,0.15313944418338465,-0.1354764512012665,-0.1354764512012665,26622851.0,989405986.3077698,23393140.9,24221982.85,933567532.304388,899013090.5473381,0.025497515828576883,0.03382643334573473,yfinance_info_static_sharesOutstanding,1,1,1,598953308138.8601,0.001651891679807515,2019,9,0.0
2019-03-11,1919.HK,0,Hang Seng Composite LargeCap & MidCap Index,Exclusion,2018-11-09,2018-11-11,120,2.2384610176086426,-0.03960411434014521,0.010416709266062751,-0.11280478009643802,-0.12612616553682854,-0.391213524095532,14205100.0,31797562.60123253,11361073.65,10225636.916666666,25476214.679514837,23960106.297020566,0.028098546978274682,0.025335729058823392,yfinance_info_static_sharesOutstanding,1,1,1,6151134184.117317,0.005169382043938528,2019,3,0.0
2024-09-09,1921.HK,1,Hang Seng Composite Index,,2024-05-10,2024-05-12,120,5.449999809265137,0.0623781067613276,0.15957447456093954,0.49315059366224645,-0.06357394355378854,-0.06357394355378854,1332000.0,7259399.745941162,947900.0,1126900.0,4601043.966627121,5281918.005720775,0.017626040293243186,0.03169697710801222,,0,0,0,,,2024,9,0.0
2021-09-06,1929.HK,1,Hang Seng Corporate Sustainability Index,,2021-05-07,2021-05-09,120,12.020000457763672,-0.041467265205040404,-0.08103971499428309,0.2455959515980124,-0.08244273986691952,-0.08244273986691952,8243591.0,99087967.59361649,6256305.1,6998417.9,78913478.54201874,82050171.24821927,0.00975584211663098,0.02787525430182159,,0,0,0,,,2021,9,0.0
2024-09-09,1939.HK,1,Hang Seng (China A) Corporate Sustainability Benchmark Index,,2024-05-10,2024-05-12,120,0.699999988079071,0.0,0.0,0.0,-0.014084494035883521,-0.07894737254879813,0.0,0.0,0.0,3233.3333333333335,0.0,2270.666621128718,0.0,0.007569827602691665,,0,0,0,,,2024,9,0.0
2024-03-04,1942.HK,1,Hang Seng Stock Connect Greater Bay Area Composite Index,,2023-11-03,2023-11-05,120,1.7999999523162842,-0.1469194114654031,-0.8198198204648394,-0.9796610174879516,-0.9817536753727866,-0.9817536753727866,109250000.0,196649994.79055405,66994275.0,25464491.033333335,199012671.60373688,170908125.03747553,0.08903544301858796,0.30284334897684384,,0,0,0,,,2024,3,0.0
2024-09-09,1942.HK,0,Hang Seng Stock Connect Greater Bay Area Composite Index,Removal,2024-05-10,2024-05-12,120,1.1299999952316284,-0.0504202177342542,0.2696629363980927,-0.22602742074868654,-0.18705035477628318,-0.988545362617808,69610000.0,78659299.66807365,48935775.0,43554454.416666664,49851407.68965185,47827275.02994076,0.07864749294910067,0.05885166861774203,,0,0,0,,,2024,9,1.0
2025-03-10,1942.HK,0,Hang Seng Composite Index,Removal,2024-11-08,2024-11-10,120,1.3899999856948853,0.1680671587038205,0.04511273747632516,0.5795454468485737,-0.17261903030193793,-0.33492820919691146,263752000.0,366615276.2269974,130716050.0,88893464.2,171086347.9227221,116113867.7268061,0.07396486830934476,0.08287856587619219,,0,0,0,,,2025,3,1.0
2021-03-15,1952.HK,1,Hang Seng Composite Index,,2020-11-13,2020-11-15,120,65.5,0.07907741642058097,-0.08647136976474012,,-0.15100455340848018,-0.15100455340848018,344500.0,22564750.0,1026154.65,3186798.4166666665,66163749.80735054,226173861.9624125,0.04352719731196042,0.04375063810874342,,0,0,0,,,2021,3,0.0
2016-09-05,1958.HK,1,Hang Seng Composite LargeCap & MidCap Index,,2016-05-06,2016-05-08,120,6.03000020980835,-0.0458860686671142,0.05052272652507317,0.20600004196166988,-0.0779816139173456,-0.4756521556688391,708500.0,4272255.148649216,1328300.15,1310589.2166666666,7986236.809673881,7589698.09493328,0.03837968136196555,0.031504576549526965,yfinance_info_static_sharesOutstanding,1,1,1,15199765341.321953,0.0002810737569108846,2016,9,0.0
2017-09-04,1963.HK,0,Hang Seng Corporate Sustainability Benchmark Index,Exclusion,2017-05-05,2017-05-07,120,6.190000057220459,-0.050613485379053746,-0.08023773556056668,-0.07057054068466373,-0.11190814296276241,-0.11190814296276241,1460500.0,9040495.08357048,765705.0,1025261.35,4992838.278357983,6910865.960335517,0.01075949589912286,0.0109800401299107,yfinance_info_static_sharesOutstanding,1,1,1,9774138916.632296,0.000924940310413084,2017,9,0.0
2024-03-04,1963.HK,1,Hang Seng Composite Index,,2023-11-03,2023-11-05,120,4.059999942779541,-0.01216549613396456,0.035714250959391514,-0.007335014349416968,-0.02637892841771028,-0.1324786128847314,359500.0,1459569.979429245,1173513.15,803470.2666666667,4818047.698818636,3279714.399133976,0.01225672606811671,0.009845690069757636,yfinance_info_static_sharesOutstanding,1,1,1,6410824406.367704,0.00022767274330263862,2024,3,0.0
2024-03-04,1969.HK,1,Hang Seng Composite Index,,2023-11-03,2023-11-05,120,7.170000076293945,-0.043999989827473995,-0.0013927231592972822,0.33271374047898905,-0.05657892549136967,-0.05657892549136967,881000.0,6316770.067214966,1261300.0,1567166.6666666667,9265404.903841019,10357656.284284592,0.019601750341305218,0.025141796847378085,,0,0,0,,,2024,3,0.0
2016-03-14,1970.HK,1,Hang Seng Composite LargeCap & MidCap Index,,2015-11-13,2015-11-15,120,45.0,-0.04255319148936165,0.09090909090909083,,-0.12621359223300976,-0.12621359223300976,2346000.0,105570000.0,1099887.75,2103855.9615384615,49271820.57071686,83675646.50327243,0.03812699614281475,0.038212357681342894,yfinance_info_static_sharesOutstanding,1,1,1,15228827640.0,0.006932247346651301,2016,3,0.0
2018-09-10,1970.HK,0,Hang Seng Composite LargeCap & MidCap Index,Exclusion,2018-05-11,2018-05-13,120,28.200000762939453,0.012567338480275358,0.0,0.45811791832721394,-0.05369122533839754,-0.2588698731044188,1357600.0,38284321.0357666,1227002.75,1301023.05,34103360.23192692,32951805.085101858,0.03348379543825518,0.037433056017841186,yfinance_info_static_sharesOutstanding,1,1,1,9543398912.592743,0.0040116023008584,2018,9,1.0
2021-03-15,1970.HK,0,Hang Seng Composite Index,Removal,2020-11-13,2020-11-15,120,13.699999809265137,0.04580148170408638,0.050613485379053635,0.09775643523863398,0.0,-0.2712765763171815,277000.0,3794899.947166443,346557.75,341137.6,4495779.930999279,4345870.596925084,0.016461649203421223,0.019399058579263547,yfinance_info_static_sharesOutstanding,1,1,1,4636331905.851814,0.0008185134335133889,2021,3,1.0
2020-03-09,1980.HK,0,Hang Seng Composite Index,Removal,2019-11-08,2019-11-10,120,1.9700000286102295,-0.07943928409366019,-0.029556622475449656,0.12571430206298828,-0.09633028977808811,-0.5717391153364413,524283.0,1032837.524999857,700504.15,808967.9166666666,1440299.0601641773,1563574.1222616534,0.019966096753582713,0.02330861036409538,,0,0,0,,,2020,3,0.0
2021-03-15,1981.HK,1,Hang Seng Composite Index,,2020-11-13,2020-11-15,120,4.480000019073486,0.10073705899740726,-0.050847411395418596,-0.09311741555035458,-0.1401151657828248,-0.2380952496802028,789000.0,3534720.0150489807,1588376.15,2099665.066666667,6746124.5151103735,9947609.688464832,0.03422260766877947,0.027464302867595037,,0,0,0,,,2021,3,0.0
2020-12-07,1988.HK,0,Hang Seng China Enterprises Index,Removal,2020-08-07,2020-08-09,120,4.900000095367432,0.004098356651125901,-0.05769225478877493,-0.11552344239936196,-0.1234347116969261,-0.18196990273795288,28800790.0,141123873.74665737,26223352.2,30027632.05,130302103.58176288,157770005.0405136,0.008085718444198864,0.014352111283908791,,0,0,0,,,2020,12,0.0
2021-09-06,1988.HK,0,Hang Seng China 50 Index,Removal,2021-05-07,2021-05-09,120,4.199999809265137,0.05263152862818554,-0.016393482897905765,-0.0789473986911865,-0.1616767230762144,-0.25663721444733856,17284117.0,72593288.1033163,35265862.85,31922371.6,150138047.26812023,144948250.72713116,0.019096173069306124,0.020383750553990845,,0,0,0,,,2021,9,0.0
2020-09-07,1995.HK,1,Hang Seng Composite Index,,2020-05-08,2020-05-10,120,11.800000190734863,0.07664234942191772,0.22406636623288656,0.6120218461766358,0.0,0.0,8494160.0,100231089.62013245,7527098.75,9614085.016666668,77426715.22027092,81788325.40980586,0.03133765995832539,0.04522817180910548,,0,0,0,,,2020,9,0.0
2017-09-04,1999.HK,0,Hang Seng Corporate Sustainability Benchmark Index,Exclusion,2017-05-05,2017-05-07,120,6.309999942779541,-0.026234579597771646,0.02269041568143515,0.2903885715879351,-0.04248864997345925,-0.04248864997345925,2320200.0,14640461.867237091,5958990.0,8886153.916666666,38040515.94397652,51165211.45019535,0.01997647031554544,0.02178474690018091,yfinance_info_static_sharesOutstanding,1,1,1,24470704770.0943,0.0005982852559738791,2017,9,0.0
2021-03-15,1999.HK,1,Hang Seng Stock Connect Greater Bay Area Composite Index,,2020-11-13,2020-11-15,120,13.420000076293945,-0.016129051428983687,0.2565542783543082,0.31054691174358684,-0.027536239796289608,-0.027536239796289608,13996869.0,187837983.04787636,10901027.05,10261725.1,132155975.48094817,114829397.06356904,0.04063697804007425,0.03720260070557173,yfinance_info_static_sharesOutstanding,1,1,1,52043876839.87427,0.003609223494740907,2021,3,0.0
2020-09-07,2003.HK,0,Hang Seng Composite Index,Removal,2020-05-08,2020-05-10,120,5.869999885559082,0.0653356881530116,-0.14055637611575011,-0.04397393921786119,-0.14055637611575011,-0.378835978408813,565800.0,3321245.9352493286,449190.0,418333.3333333333,2711893.7030363083,2561152.304930687,0.0334217021290842,0.02674607004940384,,0,0,0,,,2020,9,0.0
2019-03-11,2005.HK,1,Hang Seng Composite LargeCap & MidCap Index,,2018-11-09,2018-11-11,120,7.75,0.04729728380026321,0.20155042312830318,0.19969039539248357,-0.020227541150263817,-0.1684549083940533,3386000.0,26241500.0,4995350.65,4947746.566666666,35351795.409372374,34292587.41602732,0.0414771499172105,0.039768304062197245,yfinance_info_static_sharesOutstanding,1,1,1,22469136233.75,0.001167890911649006,2019,3,0.0
2017-12-04,2007.HK,1,Hang Seng Index,,2017-08-04,2017-08-06,120,9.613274574279785,-0.02646510485136766,0.15730337981643872,0.35704865363703275,-0.05677662121402949,-0.05677662121402949,16014231.0,153949199.69894314,40260049.3,44346021.45,373048445.8401028,383240731.5173714,0.026911726267405168,0.02724942001084846,yfinance_info_static_sharesOutstanding,1,1,1,414768415362.1846,0.00037116905240846615,2017,12,0.0
2018-03-05,2007.HK,1,Hang Seng China 50 Index,,2017-11-03,2017-11-05,120,11.349265098571777,-0.01138210504104642,-0.07878790365261767,0.18982397043138355,-0.146067397186749,-0.146067397186749,18475385.0,209682042.16317654,36244678.8,53992451.983333334,429732714.27664644,607533571.2163109,0.02629083610802144,0.03315048203924089,yfinance_info_static_sharesOutstanding,1,1,1,489668391773.0114,0.0004282123283554227,2018,3,1.0
2019-06-17,2007.HK,1,Hang Seng China Enterprises Index,,2019-02-15,2019-02-17,120,10.479999542236328,-0.07256642784580425,0.1089946829375954,0.13913040864219672,-0.07256642784580425,-0.3761904751092128,73831178.0,773750711.6427689,47642730.4,38739130.35,497238033.97859687,378618309.3518589,0.02569169433590143,0.027011894152657406,yfinance_info_static_sharesOutstanding,1,1,1,452163596238.011,0.0017112185016227625,2019,6,2.0
2021-03-15,2007.HK,0,Hang Seng China 50 Index,Removal,2020-11-13,2020-11-15,120,10.960000038146973,0.005504625845554889,0.1381100631257126,0.05384619616898001,-0.026643000411790796,-0.14906832758031285,21760225.0,238492066.8300867,32499037.15,27766186.116666667,336283544.28798896,276062630.29060847,0.024744415144378393,0.02064116237422634,yfinance_info_static_sharesOutstanding,1,1,1,472873401572.6658,0.0005043465461092084,2021,3,3.0
2021-03-15,2009.HK,0,Hang Seng Composite Index,Removal,2020-11-13,2020-11-15,120,1.559999942779541,0.0,0.039999961853027344,-0.12849163350561632,-0.11363639134513459,-0.38823530511735105,5464000.0,8523839.687347412,5529150.0,5709753.6,8547768.775349855,9019693.660667824,0.013766780346720367,0.013765527950746221,,0,0,0,,,2021,3,0.0
2022-12-05,2015.HK,1,Hang Seng China Enterprises Index,,2022-08-05,2022-08-07,120,132.89999389648438,0.05392542033819936,-0.12161274807759936,0.5240825521515506,-0.1861604934914678,-0.1861604934914678,3933000.0,522695675.99487305,5968712.05,7511728.016666667,829440237.5439628,974352428.8174369,0.03231992477470175,0.04247756098095492,,0,0,0,,,2022,12,0.0
2023-12-04,2015.HK,1,Hang Seng Index,,2023-08-04,2023-08-06,120,179.5,0.11559979371709606,0.28581656269339906,0.8688182644124858,0.0,0.0,7151820.0,1283751690.0,6361088.1,6881398.65,987394552.3720589,916309990.5210207,0.02317466791956129,0.03175231166878306,,0,0,0,,,2023,12,1.0
2024-09-09,2016.HK,1,Hang Seng Composite Index,,2024-05-10,2024-05-12,120,2.309999942779541,0.017621128717675738,0.031249970064631594,0.08450695712092449,0.0,-0.22763269026800526,46145000.0,106594947.35956192,7029933.9,13404496.6,15937039.323856473,29721197.233194366,0.008678080816859142,0.011893395699173893,,0,0,0,,,2024,9,0.0
2016-09-05,2018.HK,1,Hang Seng Index,,2016-05-06,2016-05-08,120,51.900001525878906,-0.04770639402057053,-0.12552648929705834,0.041123432587907516,-0.12552648929705834,-0.12552648929705834,3139663.0,162948514.49074554,3039921.8,3165443.533333333,170736993.66744232,173093480.64909375,0.01493267581038659,0.01794063439604591,yfinance_info_static_sharesOutstanding,1,1,1,59153388430.23112,0.0027546776070644934,2016,9,0.0
2022-06-13,2018.HK,0,Hang Seng Index,Removal,2022-02-11,2022-02-13,120,23.5,-0.034907612655175724,-0.2889561106661592,-0.3037037037037037,-0.3570451302179032,-0.6006796837839516,7653390.0,179854665.0,11139967.25,7249100.1,295404994.1779175,216604430.4858109,0.03832735550412865,0.029300844551813067,yfinance_info_static_sharesOutstanding,1,1,1,26784288771.5,0.0067149315232658165,2022,6,1.0
2024-09-09,2018.HK,1,Hang Seng ESG 50 Index,,2024-05-10,2024-05-12,120,27.149999618530273,0.0731225469271859,0.058479533033456876,0.5321670807328396,-0.012727286598899101,-0.012727286598899101,3214720.0,87279646.77368164,4518389.65,5058637.783333333,115001865.79697847,119383566.33242038,0.02722753030043126,0.029001904093783674,yfinance_info_static_sharesOutstanding,1,1,1,30944401273.567223,0.0028205311197355793,2024,9,1.0
2019-06-17,2020.HK,1,Hang Seng China Enterprises Index,,2019-02-15,2019-02-17,120,41.95000076293945,0.009626992376022159,0.17342659476753708,0.1816901623363225,-0.04223740882067761,-0.1438775354502152,5285168.0,221712801.63226318,5430695.15,4931570.916666667,218477333.4004158,185390637.99574623,0.024642832138972153,0.02043925953013508,yfinance_info_static_sharesOutstanding,1,1,1,116222459788.37344,0.0019076588297646984,2019,6,0.0
2020-12-07,2020.HK,1,Hang Seng Index,,2020-08-07,2020-08-09,120,74.3499984741211,0.011564605090082836,0.0006728858722717668,0.0728715036071732,-0.057070387914806564,-0.057070387914806564,3738886.0,277986168.3949127,7679927.7,8698887.833333334,551021131.5312347,623603306.8517104,0.027036032093503474,0.02573040638338372,yfinance_info_static_sharesOutstanding,1,1,1,205986640066.0031,0.0013495349421974124,2020,12,1.0
2024-09-09,2020.HK,1,Hang Seng Corporate Sustainability Benchmark Index,,2024-05-10,2024-05-12,120,92.19999694824219,-0.014430850448702959,0.055523738509943854,0.3256648871694323,-0.018626929822723515,-0.04108169022309971,6593871.0,607954886.0771027,7708829.05,8379760.516666667,676710339.8201748,689971897.5821632,0.018967713618755076,0.023259258209500658,yfinance_info_static_sharesOutstanding,1,1,1,255440053466.50623,0.0023800295913922473,2024,9,2.0
2019-09-09,2038.HK,0,Hang Seng Composite LargeCap & MidCap Index,Exclusion,2019-05-10,2019-05-12,120,11.100000381469727,-0.18382352425565374,0.23333337571885848,0.1935484036363908,-0.25999997456868484,-0.2838709431309854,5596060.0,62116268.13472748,11118165.1,4189442.433333333,150960898.66387272,54764640.66389723,0.09368918474937052,0.05824334211732569,yfinance_info_static_sharesOutstanding,1,1,1,8660977162.248692,0.007171969971873235,2019,9,0.0
2017-03-06,2039.HK,0,Hang Seng China AH Index Series,Exclusion,2016-11-04,2016-11-06,120,5.138887882232666,-0.004305855131465086,-0.028361367456206987,0.012034985871740345,-0.07868529591844242,-0.36989107102326446,2808360.0,14431847.17294693,2512602.35,2772692.7333333334,13150962.083467698,14555115.044610143,0.012798560941745293,0.013320345041619669,yfinance_info_static_sharesOutstanding,1,1,1,15878330516.67879,0.0009089020509925489,2017,3,0.0
2017-09-04,2039.HK,1,Hang Seng China AH Index Series,,2017-05-05,2017-05-07,120,7.0555548667907715,-0.04223226356523113,-0.04367470424603426,0.11013983875983646,-0.11064429819433985,-0.11064429819433985,2706955.0,19099069.524433613,2512827.7,3917570.3333333335,18783966.67963574,28601473.251792703,0.01935877136439372,0.023748696131507197,yfinance_info_static_sharesOutstanding,1,1,1,21800520797.661804,0.0008760831771726328,2017,9,0.0
2018-09-10,2039.HK,0,Hang Seng Corporate Sustainability Benchmark Index,Exclusion,2018-05-11,2018-05-13,120,6.766665935516357,0.006611517017779178,-0.054347824638288245,-0.15181059436502353,-0.14944136924412887,-0.2653800518711401,2363425.0,15992507.438647747,2240953.2,2271932.433333333,15411336.383729005,16475593.306355,0.016477566031790312,0.022643879035346214,yfinance_info_static_sharesOutstanding,1,1,1,20907900830.364067,0.0007649025872278002,2018,9,1.0
2020-09-07,2039.HK,1,Hang Seng Stock Connect Greater Bay Area Composite Index,,2020-05-08,2020-05-10,120,4.579999923706055,-0.007225426804581492,0.008810564358837869,-0.06403264138994269,-0.12035841552059356,-0.1591186016774282,1480140.0,6779041.08707428,1422345.8,2164504.033333333,6458581.973511624,10092473.744536424,0.02897530453372405,0.026738754057146593,yfinance_info_static_sharesOutstanding,1,1,1,14151457323.364077,0.00047903483946364116,2020,9,1.0
2024-09-09,2039.HK,1,Hang Seng Composite Index,,2024-05-10,2024-05-12,120,7.099999904632568,0.15072930580857213,0.011396000558891117,0.16393442879246,-0.01525660650934968,-0.01525660650934968,3729450.0,26479094.644331932,1969026.0,2169708.6333333333,13299537.54533441,14479395.011827858,0.0317484191466678,0.028802959072035072,yfinance_info_static_sharesOutstanding,1,1,1,21937848759.830097,0.0012070050684649268,2024,9,2.0
2018-12-10,2048.HK,1,Hang Seng Composite LargeCap & MidCap Index,,2018-08-10,2018-08-12,120,13.039999961853027,0.0398724084147537,,,-0.09192198651693095,-0.09192198651693095,6104300.0,79600071.76713943,9114360.9375,9114360.9375,124894469.57644242,124894469.57644242,0.03478700545763853,0.03478700545763853,yfinance_info_static_sharesOutstanding,1,1,1,22807736204.478676,0.003490047019726081,2018,12,0.0
2019-03-11,2048.HK,0,Hang Seng Composite LargeCap & MidCap Index,Exclusion,2018-11-09,2018-11-11,120,14.0600004196167,-0.030344798647124138,0.08153849381666922,0.12121215808513153,-0.030344798647124138,-0.030344798647124138,35100.0,493506.01472854614,208785.0,825175.2333333333,2977297.503261566,11331846.967089733,0.026880444165371203,0.021235341561696854,yfinance_info_static_sharesOutstanding,1,1,1,24591777725.73459,2.0067927590777886e-05,2019,3,1.0
2020-03-09,2048.HK,1,Hang Seng Composite Index,,2019-11-08,2019-11-10,120,8.550000190734863,-0.03824523503458166,-0.04894322487046898,0.03636365948301368,-0.11764700093034919,-0.41836732641683727,531600.0,4545180.101394653,708105.0,729175.7333333333,6323470.873589516,6597147.33620205,0.017491089579751557,0.018864974380347673,yfinance_info_static_sharesOutstanding,1,1,1,14954459315.10663,0.00030393476658853344,2020,3,1.0
2020-09-07,2051.HK,0,Hang Seng Composite Index,Removal,2020-05-08,2020-05-10,120,0.5400000214576721,0.05882359128509962,-0.2285713847802603,-0.5714285511548826,-0.5781249738065519,-0.900917423787858,742000.0,400680.0159215927,1021475.0,1804405.0,611004.4995427132,1799566.161616544,0.0505782379739786,0.043378009395593796,,0,0,0,,,2020,9,0.0
2025-03-10,2057.HK,1,Hang Seng China Enterprises Index,,2024-11-08,2024-11-10,120,174.10000610351562,-0.041827137987742735,-0.14907135430176277,0.12033470361323029,-0.19173625331120692,-0.19173625331120692,1096470.0,190895433.69232178,1815234.5,1451454.2333333334,337506783.33936155,264746085.57287395,0.021726715805566028,0.02742197137090526,,0,0,0,,,2025,3,0.0
2025-06-09,2057.HK,1,Hang Seng Index,,2025-02-07,2025-02-09,120,150.5,-0.0033112582781457123,0.016891891891891886,-0.14875567080198826,-0.13555430945524283,-0.30129988735131363,1355532.0,204007566.0,1231669.25,1432782.6833333333,180629058.17962417,218054230.7421926,0.024248421394574813,0.01848391972214347,,0,0,0,,,2025,6,1.0
2021-03-15,2096.HK,1,Hang Seng Composite Index,,2020-11-13,2020-11-15,120,9.239999771118164,-0.04049847753770208,,,-0.19652175903320312,-0.19652175903320312,2194000.0,20272559.497833252,15752958.642857144,15752958.642857144,168345075.53220668,168345075.53220668,0.04095983000893047,0.04095983000893047,,0,0,0,,,2021,3,0.0
2016-03-14,2098.HK,1,Hang Seng Composite LargeCap & MidCap Index,,2015-11-13,2015-11-15,120,1.5299999713897705,-0.12571430206298828,-0.04573786302953842,0.031460892499529214,-0.2246620461379899,-0.2246620461379899,16233000.0,24836489.535570145,22392041.0,24715659.266666666,38441295.6383822,39999488.71800636,0.030847974346983015,0.04324953510879367,yfinance_info_static_sharesOutstanding,1,1,1,18971243519.24729,0.0013091650797889057,2016,3,0.0
2020-03-09,2099.HK,0,Hang Seng Composite Index,Removal,2019-11-08,2019-11-10,120,6.199999809265137,-0.04173106486584843,-0.04907978107323607,-0.34322032999355356,-0.31491716258608227,-0.4532628107725165,576400.0,3573679.890060425,320885.0,428828.68333333335,2057641.7421221733,3337455.151909558,0.020311955599489888,0.01923078896304584,,0,0,0,,,2020,3,0.0
2025-03-10,2105.HK,0,Hang Seng Composite Index,Removal,2024-11-08,2024-11-10,120,10.699999809265137,0.1719605339698682,0.8608695320461108,1.437357661660021,-0.07279030809052167,-0.5820312636788001,3314916.0,35469600.56772995,10433117.8,4553245.2,93423010.17570749,36926917.34877178,0.08473400818398184,0.06582475513957312,,0,0,0,,,2025,3,0.0
2025-03-10,2121.HK,0,Hang Seng Composite Index,Removal,2024-11-08,2024-11-10,120,5.559999942779541,0.15833327538437536,0.20869566479342216,0.5885714122227259,-0.08250825160415187,-0.5181975770226304,29196600.0,162333094.32935715,13699942.7,8652017.216666667,67147976.8612835,39572048.668534234,0.05466729729343034,0.06273358124686096,,0,0,0,,,2025,3,0.0
2021-03-15,2126.HK,1,Hang Seng Composite Index,,2020-11-13,2020-11-15,120,30.450000762939453,0.1319703046376155,,,-0.004901948256873512,-0.004901948256873512,4792800.0,145940763.6566162,14735811.333333334,14735811.333333334,368488497.1201341,368488497.1201341,0.08534926579610572,0.08534926579610572,,0,0,0,,,2021,3,0.0
2024-09-09,2129.HK,1,Hang Seng (China A) Corporate Sustainability Benchmark Index,,2024-05-10,2024-05-12,120,0.10400000214576721,-0.00952375816379658,0.04000000596046438,0.15555553347976203,-0.15447155062508855,-0.15447155062508855,680000.0,70720.0014591217,269250.0,365250.0,27859.249852597713,40287.58347903689,0.02626354403378048,0.04043949394638934,,0,0,0,,,2024,9,0.0
2021-12-06,2137.HK,1,Hang Seng Composite Index,,2021-08-06,2021-08-08,120,28.799999237060547,0.1519999694824219,,,0.0,0.0,7858900.0,226336314.00413513,7284479.736842105,7284479.736842105,170235217.4618199,170235217.4618199,0.05807820652459531,0.05807820652459531,,0,0,0,,,2021,12,0.0
2024-09-09,2138.HK,0,Hang Seng Composite Index,Removal,2024-05-10,2024-05-12,120,1.4900000095367432,0.0642857392223517,0.20161290167521728,0.12878784115868536,-0.02614376640588656,-0.7172675493492531,3333000.0,4966170.031785965,1611250.0,2452867.716666667,2171905.5203557014,3425116.365317124,0.03502749608428063,0.0424460487565255,,0,0,0,,,2024,9,0.0
2024-03-04,2150.HK,0,Hang Seng Stock Connect Greater Bay Area Composite Index,Removal,2023-11-03,2023-11-05,120,4.03000020980835,0.0775401603027075,0.017676810855318248,-0.19880714876512928,-0.19399995803833003,-0.5446327642825384,2023500.0,8154705.424547195,2305150.0,2653519.45,8827410.851675272,11650910.071266111,0.026947224669536158,0.02603229557670389,,0,0,0,,,2024,3,0.0
2025-03-10,2150.HK,0,Hang Seng Composite Index,Removal,2024-11-08,2024-11-10,120,1.6399999856948853,0.10810808416175743,0.04458594325106491,0.0933333237965901,-0.18407960523576694,-0.6076554897020852,14626500.0,23987459.79076624,28382875.2,18970781.566666666,41717768.11840749,29826550.242013656,0.03651412284068059,0.04965440911758728,,0,0,0,,,2025,3,0.0
2024-09-09,2155.HK,1,Hang Seng Composite Index,,2024-05-10,2024-05-12,120,4.849999904632568,-0.0357853474488502,0.10227268170719395,0.20347385909024918,-0.06189558354721836,-0.4360465477323955,1590000.0,7711499.848365784,1135221.35,1270139.05,5319845.406370759,5931009.959732652,0.02597548825975605,0.032364728642257694,,0,0,0,,,2024,9,0.0
2021-06-07,2158.HK,1,Hang Seng Composite Index,,2021-02-05,2021-02-07,120,51.650001525878906,0.06385174742602207,,,-0.20782202540775718,-0.20782202540775718,2262000.0,116832303.45153809,15337472.0625,15337472.0625,949184086.5327802,949184086.5327802,0.05468652156949292,0.05468652156949292,,0,0,0,,,2021,6,0.0
2021-06-07,2160.HK,1,Hang Seng Composite Index,,2021-02-05,2021-02-07,120,85.9000015258789,,,,-0.08714130798309538,-0.08714130798309538,5667253.0,486817041.3475418,21526744.5,21526744.5,2002430895.9503365,2002430895.9503365,,,,0,0,0,,,2021,6,0.0
2024-09-09,2160.HK,0,Hang Seng Composite Index,Removal,2024-05-10,2024-05-12,120,5.699999809265137,0.027026957364917115,0.19999995984529195,-0.13636365278364893,-0.19148941063064118,-0.5289256504492121,592800.0,3378959.886932373,875855.35,831066.1166666667,4406186.04120791,4512689.018433038,0.02914432957235316,0.03789224079533902,,0,0,0,,,2024,9,1.0
2024-03-04,2169.HK,1,Hang Seng Composite Index,,2023-11-03,2023-11-05,120,3.130000114440918,0.027914625949837735,0.15073532408754264,0.8686568379375639,-0.02187497881241174,-0.02187497881241174,2112000.0,6610560.241699219,2265600.0,2559081.2666666666,6633524.045944214,6419451.5597523535,0.03029301369016968,0.03875744461680686,,0,0,0,,,2024,3,0.0
2024-12-09,2171.HK,0,Hang Seng Hong Kong-Listed Biotech Index,Removal,2024-08-09,2024-08-11,120,3.940000057220459,0.007672626785479197,-0.07511740715219883,-0.36038958525693787,-0.4481792533758435,-0.6585788500654557,854000.0,3364760.048866272,1281487.0,2270450.283333333,5439185.719785929,12545231.783280548,0.03211127721428535,0.04474694214516709,,0,0,0,,,2024,12,0.0
2025-03-10,2171.HK,0,Hang Seng Composite Index,Removal,2024-11-08,2024-11-10,120,7.559999942779541,0.5782881008322451,0.5915789353220087,0.9236640749010456,0.0,-0.344887351146438,85304000.0,644898235.118866,15447851.8,8786074.866666667,90524877.62627196,43619535.39368481,0.09815414895317547,0.07963238067580203,,0,0,0,,,2025,3,0.0
2021-12-06,2192.HK,1,Hang Seng Composite Index,,2021-08-06,2021-08-08,120,29.799999237060547,-0.02773247608642171,,,-0.03870970203030499,-0.03870970203030499,708500.0,21113299.459457397,9464956.05882353,9464956.05882353,289879695.43668884,289879695.43668884,0.04113943948301796,0.04113943948301796,,0,0,0,,,2021,12,0.0
2018-03-05,2196.HK,1,Hang Seng Composite LargeCap & MidCap Index,,2017-11-03,2017-11-05,120,40.20000076293945,0.037419374527469795,0.14693299965705808,0.3604061523129265,0.0,0.0,3320722.0,133493026.93350983,2412074.65,1996034.95,90800730.6144907,67035252.17763027,0.021250591456288503,0.020122860071521267,yfinance_info_static_sharesOutstanding,1,1,1,22188008521.097183,0.00601644923682897,2018,3,0.0
2018-09-10,2196.HK,0,Hang Seng Corporate Sustainability Benchmark Index,Exclusion,2018-05-11,2018-05-13,120,45.54999923706055,0.019015625494705146,-0.09172486837203031,0.08066423696554637,-0.15334572708166372,-0.15334572708166372,2350030.0,107043864.7070694,3221609.5,2957467.0166666666,143975384.18453655,138765128.19407216,0.02357631346774309,0.02599682266099159,yfinance_info_static_sharesOutstanding,1,1,1,25140889353.902817,0.004257759667935221,2018,9,1.0
2016-09-05,2199.HK,1,Hang Seng Composite LargeCap & MidCap Index,,2016-05-06,2016-05-08,120,11.359999656677246,-0.03728818024961533,-0.07642280646187993,-0.05333336194356286,-0.07941657080977615,-0.09841275295642815,1265400.0,14374943.565559387,957013.0,700228.4833333333,11318124.733521461,8246058.173807589,0.013030048375426907,0.016182507899037565,yfinance_info_static_sharesOutstanding,1,1,1,13907479579.687119,0.001033612415764754,2016,9,0.0
2018-03-05,2199.HK,0,Hang Seng Composite LargeCap & MidCap Index,Exclusion,2017-11-03,2017-11-05,120,7.610000133514404,0.055478515014021346,0.007947012087916372,0.0997109898284847,-0.003926666687887215,-0.05933251050927857,1091358.0,8305234.525712013,825348.35,1149208.6166666667,6178878.405660081,8003621.60107921,0.016586378638945475,0.019206861269222247,yfinance_info_static_sharesOutstanding,1,1,1,9316542663.45501,0.0008914502756789871,2018,3,1.0
2020-12-07,2202.HK,0,Hang Seng China Enterprises Index,Removal,2020-08-07,2020-08-09,120,24.600000381469727,0.00819675270763387,-0.1086956506715906,-0.015999984741210893,-0.15318412986096508,-0.2838427518416604,8002439.0,196860002.45268822,8690961.95,11693738.65,222022717.44840193,302339376.693153,0.018960987094201864,0.023802047065649437,,0,0,0,,,2020,12,0.0
2024-09-09,2202.HK,0,Hang Seng ESG 50 Index,Removal,2024-05-10,2024-05-12,120,4.980000019073486,-0.005988065556445155,0.2028985941250665,-0.20952383042823453,-0.24085364900728823,-0.5911330136045005,127859021.0,636737927.0187173,96020786.3,63378638.483333334,424612608.81790686,312764070.75277394,0.059634847812550865,0.048900368196097874,,0,0,0,,,2024,9,0.0
2017-09-04,2208.HK,1,Hang Seng Corporate Sustainability Benchmark Index,,2017-05-05,2017-05-07,120,8.156232833862305,-0.026362150707052945,-0.05299149728335617,-0.14769234755502048,-0.1718984425947362,-0.1718984425947362,2040913.0,16646161.621656418,5595352.5,5969486.4,46004645.314362094,54202564.67410105,0.019498541081836702,0.016335482297143593,yfinance_info_static_sharesOutstanding,1,1,1,6309436600.093431,0.0026382960439621374,2017,9,0.0
2024-09-09,2208.HK,0,Hang Seng Corporate Sustainability Benchmark Index,Removal,2024-05-10,2024-05-12,120,3.7300000190734863,0.0749279505243663,0.15838508879870283,0.29065739919658706,0.0,-0.4162754151785405,19730280.0,73593944.77632523,7745674.2,7347594.383333334,25971221.454404008,23190729.398201097,0.036430107772368915,0.032809572275148885,yfinance_info_static_sharesOutstanding,1,1,1,2885425063.0247226,0.025505408447231842,2024,9,1.0
2024-12-09,2228.HK,1,Hang Seng Hong Kong-Listed Biotech Index,,2024-08-09,2024-08-11,120,5.78000020980835,0.03214291218592291,0.0566728393980136,,-0.01700678617113882,-0.01700678617113882,3331350.0,19255203.698945045,1696567.5,4585236.585365853,9611788.666549921,25687091.513858773,0.0376112416684305,0.03057635572068051,,0,0,0,,,2024,12,0.0
2018-03-05,2232.HK,1,Hang Seng Composite LargeCap & MidCap Index,,2017-11-03,2017-11-05,120,7.889999866485596,,,,0.0,0.0,147451000.0,1163388370.3131676,147451000.0,147451000.0,1163388370.3131676,1163388370.3131676,,,yfinance_info_static_sharesOutstanding,1,1,1,22508765199.10717,0.05168601476012173,2018,3,0.0
2020-03-09,2232.HK,0,Hang Seng Composite Index,Removal,2019-11-08,2019-11-10,120,3.0799999237060547,0.023255791848698415,-0.012820501064172207,-0.06097562482568364,-0.10204085604640978,-0.39726030465134576,764000.0,2353119.941711426,738125.1,851596.1333333333,2284262.064611697,2718511.7587026753,0.016520423975927036,0.014654842745058672,yfinance_info_static_sharesOutstanding,1,1,1,8786691542.346954,0.0002678050015037742,2020,3,1.0
2025-03-10,2232.HK,1,Hang Seng Composite Index,,2024-11-08,2024-11-10,120,4.639999866485596,0.09952608937804497,0.12348661934933558,0.2960893758014993,0.0,0.0,809000.0,3753759.891986847,1030350.0,1390750.3166666667,4430951.9225001335,5414179.666843979,0.016367379735937236,0.022614819108932496,yfinance_info_static_sharesOutstanding,1,1,1,13237093699.10717,0.00028357885630438915,2025,3,1.0
2024-09-09,2236.HK,0,Hang Seng (China A) Corporate Sustainability Benchmark Index,Removal,2024-05-10,2024-05-12,120,0.2370000034570694,0.0042372966970187775,0.09722220976626228,-0.16842103006657005,-0.18275858525288557,-0.47333331169905424,5677000.0,1345449.019625783,6936300.0,7037066.666666667,1513980.8344699442,1698359.52753673,0.08349251363453825,0.06309470354067674,,0,0,0,,,2024,9,0.0
2017-03-06,2238.HK,0,Hang Seng China AH Index Series,Exclusion,2016-11-04,2016-11-06,120,6.7928571701049805,-0.1259190620416194,-0.07669891428795494,-0.12752291701295693,-0.1857876892406597,-0.1857876892406597,23764612.0,161429615.01896286,28310082.05,25020075.766666666,206250515.5710861,188391033.91889992,0.03752760966128537,0.028614433723632662,yfinance_info_static_sharesOutstanding,1,1,1,19110809062.765347,0.008447031964412495,2017,3,0.0
2017-09-04,2238.HK,1,Hang Seng China AH Index Series,,2017-05-05,2017-05-07,120,9.14285659790039,0.08291030237625141,0.02893892745852744,0.16363642542816104,-0.0764790959398326,-0.0764790959398326,20388120.0,186405657.4607849,41244657.1,37692667.1,363709100.9253262,339367836.42886573,0.02689477212164767,0.027830722555612593,yfinance_info_static_sharesOutstanding,1,1,1,25722222969.69309,0.007246872001708998,2017,9,0.0
2017-12-04,2238.HK,1,Hang Seng China Enterprises Index,,2017-08-04,2017-08-06,120,11.0,-0.08333333333333337,-0.02160100229112083,0.20312507171184246,-0.11697240753131544,-0.11697240753131544,49069596.0,539765556.0,40736527.15,36277361.35,475287709.7592732,382981343.4746432,0.027880272283247867,0.02551161084327913,yfinance_info_static_sharesOutstanding,1,1,1,30947051355.0,0.01744158271520728,2017,12,1.0
2019-09-09,2238.HK,0,Hang Seng China Enterprises Index,Exclusion,2019-05-10,2019-05-12,120,7.909999847412109,-0.06390532237183433,-0.1760417153023992,-0.09184847155351572,-0.23942306369719368,-0.2476901870625804,38112146.0,301467069.04454803,35721756.7,39024775.65,324728078.95385253,365547371.2464581,0.03450946842947605,0.032385616572006705,yfinance_info_static_sharesOutstanding,1,1,1,22253742863.264065,0.013546802930944372,2019,9,2.0
2020-09-07,2255.HK,0,Hang Seng Composite Index,Removal,2020-05-08,2020-05-10,120,0.3100000023841858,0.01639342660450316,0.19230774521122518,-0.18421050980480735,-0.22500000558793531,-0.6416184983047475,2582000.0,800420.0061559677,2337700.0,2445065.533333333,696899.491789937,776064.4055416107,0.03617885600312306,0.03802519408255854,,0,0,0,,,2020,9,0.0
2024-09-09,2257.HK,0,Hang Seng Composite Index,Removal,2024-05-10,2024-05-12,120,7.429999828338623,0.04353931850592985,0.027662490835064446,-0.7397548151702297,-0.7567921435714733,-0.8734241953702053,4217400.0,31335281.27603531,4441199.65,3677160.8333333335,29280332.63447366,30988897.702506725,0.054832912603418646,0.08658155926758963,,0,0,0,,,2024,9,0.0
2020-09-07,2269.HK,1,Hang Seng Index,,2020-05-08,2020-05-10,120,41.599998474121094,0.031404953362487165,0.094736801950555,0.12941176226902473,0.0,0.0,13420047.0,558273934.7226334,10667115.6,20766746.95,418121193.64097327,756247085.1903245,0.020503004384807542,0.03535688380491965,,0,0,0,,,2020,9,0.0
2024-09-09,2269.HK,1,Hang Seng Corporate Sustainability Benchmark Index,,2024-05-10,2024-05-12,120,14.65999984741211,0.05014325267566777,0.03971627310580339,-0.17268620680116198,-0.3259770185097881,-0.7125490225997626,60551883.0,887690595.5405159,42176624.8,54626496.71666667,582192013.3863999,848297270.7826345,0.03386999834444837,0.05734234276356922,,0,0,0,,,2024,9,1.0
2020-09-07,2280.HK,0,Hang Seng Composite Index,Removal,2020-05-08,2020-05-10,120,1.2999999523162842,-0.015151590409901994,-0.015151590409901994,-0.4468085084796868,-0.4514767868819476,-0.6596858704097635,2447500.0,3181749.8832941055,930601.5,1372884.2333333334,1211425.1718945503,2412295.4445518893,0.03199008891565746,0.034945695719167405,,0,0,0,,,2020,9,0.0
2018-09-10,2282.HK,0,Hang Seng Corporate Sustainability Benchmark Index,Exclusion,2018-05-11,2018-05-13,120,22.899999618530273,0.006593389825506613,0.14499998092651367,0.006593389825506613,-0.03578948974609375,-0.08764943145433657,8561122.0,196049690.53419113,8329537.0,8959831.666666666,185548106.8930811,196458305.03825912,0.021440530398054297,0.02230427220817674,yfinance_info_static_sharesOutstanding,1,1,1,86919581868.88779,0.0022555296093108067,2018,9,0.0
2024-09-09,2282.HK,1,Hang Seng ESG 50 Index,,2024-05-10,2024-05-12,120,14.579999923706055,-0.021476490135359017,0.06113538330281432,0.33272399295606014,-0.021476490135359017,-0.021476490135359017,5005464.0,72979664.7381134,6347569.75,6294248.0,88824484.69387937,82192982.69779228,0.02565220564955997,0.024694286683741788,yfinance_info_static_sharesOutstanding,1,1,1,55340066293.77756,0.0013187491382951099,2024,9,0.0
2016-03-14,2298.HK,1,Hang Seng Composite LargeCap & MidCap Index,,2015-11-13,2015-11-15,120,7.760000228881836,0.006485109012642765,0.08228732863456978,-0.05250297601130527,-0.09767443201488979,-0.09767443201488979,695850.0,5399796.159267426,1956524.0,2326216.6333333333,15013785.67010801,18582509.31581177,0.018732692481202757,0.02820933205813075,yfinance_info_static_sharesOutstanding,1,1,1,16911791232.574654,0.0003192917938146378,2016,3,0.0
2017-09-04,2298.HK,0,Hang Seng Composite LargeCap & MidCap Index,Exclusion,2017-05-05,2017-05-07,120,2.2899999618530273,-0.017167366164289044,-0.017167366164289044,0.0,-0.09126984952949224,-0.6214876215442116,7298000.0,16712419.721603394,2837496.55,5819765.85,6689504.252155984,13537014.28964591,0.01978648904395388,0.022672798263582948,yfinance_info_static_sharesOutstanding,1,1,1,4990721666.904224,0.003348698011438136,2017,9,1.0
2018-03-05,2313.HK,1,Hang Seng China Enterprises Index,,2017-11-03,2017-11-05,120,67.0,0.00979655675700486,0.04851327699680286,0.26058321874887413,-0.019033718794604915,-0.019033718794604915,1582633.0,106036411.0,1710648.0,3728837.1333333333,111899693.27341118,226014559.3822005,0.01832081051191999,0.021002316666296227,yfinance_info_static_sharesOutstanding,1,1,1,100690011799.0,0.00105309761222069,2018,3,0.0
2018-09-10,2313.HK,1,Hang Seng Index,,2018-05-11,2018-05-13,120,89.80000305175781,0.03337170857258598,0.05647062413832726,0.21680215905653544,0.0,0.0,1951813.0,175272813.35646057,2430103.0,2355572.85,208448033.37399942,191459679.04027978,0.015887490858490696,0.021981388515691577,yfinance_info_static_sharesOutstanding,1,1,1,134954677116.8915,0.0012987531599564154,2018,9,1.0
2020-06-08,2319.HK,1,Hang Seng China Enterprises Index,,2020-02-07,2020-02-09,120,31.100000381469727,0.079861152963139,-0.018927456373161622,0.0315091467648172,-0.04892967413270177,-0.07025412041465129,9000079.0,279902460.3332577,9291264.6,7671850.266666667,288744981.6397147,236275790.74058536,0.023832040032355988,0.017207888531536673,,0,0,0,,,2020,6,0.0
2020-09-07,2319.HK,1,Hang Seng Corporate Sustainability Index,,2020-05-08,2020-05-10,120,27.600000381469727,-0.0018082906962153533,-0.008976660559270266,-0.08910887536552792,-0.08910887536552792,-0.17488789979195363,9944723.0,274474358.59361076,10686645.2,11536223.916666666,295845897.4227066,318176151.3619901,0.02374706177094911,0.0232011813359102,,0,0,0,,,2020,9,1.0
2026-03-09,2319.HK,0,Hang Seng HKEX Stock Connect China Enterprises Index,Removal,2025-11-07,2025-11-09,120,14.399999618530273,0.018387501336256884,-0.0136986820351932,-0.12355451302128195,-0.14540063545836868,-0.2871287586805604,14978879.0,215695851.88601112,18176474.2,24568280.266666666,261322016.7142988,371032987.54573405,0.012237975127103897,0.015041148675663127,,0,0,0,,,2026,3,2.0
2016-09-05,2326.HK,1,Hang Seng Composite LargeCap & MidCap Index,,2016-05-06,2016-05-08,120,0.4300000071525574,-0.21818182212262105,-0.2711863961585512,-0.28333334989017844,-0.34848486353652586,-0.8527397274255171,321452000.0,138224362.29920387,24752300.0,16070933.516666668,11779497.069072723,8523628.61419929,0.03660418504621599,0.036468807159179474,yfinance_info_static_sharesOutstanding,1,1,1,9066151171.005035,0.01524620091723894,2016,9,0.0
2017-03-06,2326.HK,0,Hang Seng Composite LargeCap & MidCap Index,Exclusion,2016-11-04,2016-11-06,120,0.6000000238418579,0.176470656983444,0.176470656983444,0.44578321905159823,-0.07692300638503313,-0.40594056484430674,39080000.0,23448000.931739807,11641131.8,23286821.933333334,6384002.796399653,13335843.753876146,0.033462414997558296,0.0416548306241414,yfinance_info_static_sharesOutstanding,1,1,1,12650443786.683453,0.0018535318860846963,2017,3,1.0
2020-09-07,2328.HK,0,Hang Seng China 50 Index,Removal,2020-05-08,2020-05-10,120,7.239999771118164,-0.025572013675664307,0.0,-0.15813959884024342,-0.17351602945764888,-0.28740158662873494,24833695.0,179795946.1160183,32217860.35,32251378.3,234845014.00899202,243113752.78727692,0.02584183627644169,0.029639526326662974,,0,0,0,,,2020,9,0.0
2020-12-07,2328.HK,0,Hang Seng China Enterprises Index,Removal,2020-08-07,2020-08-09,120,6.21999979019165,0.01633985400367921,-0.10503597685000132,-0.12640450980804496,-0.18904827531669577,-0.38779528704658695,27739772.0,172541376.01996422,42339425.4,41490637.916666664,269240465.4344347,283979670.58687717,0.014186735211310324,0.03119950635461177,,0,0,0,,,2020,12,0.0
2024-12-09,2328.HK,1,Hang Seng China Enterprises Index,,2024-08-09,2024-08-11,120,9.850000381469727,-0.03620351036122327,0.05800214151604299,-0.04922773089850574,-0.0742481143197331,-0.1267729951554527,8744526.0,86133584.43577194,23279745.0,26725333.916666668,227107291.81401333,264007812.19718188,0.015369207823676444,0.016372843871602434,,0,0,0,,,2024,12,0.0
2018-03-05,2329.HK,0,Hang Seng Composite LargeCap & MidCap Index,Exclusion,2017-11-03,2017-11-05,120,2.25,-0.025974001846660322,-0.13461535287326498,-0.10714285038496085,-0.16044778210677502,-0.16044778210677502,1558000.0,3505500.0,2290200.0,1541866.7666666666,5704467.081880569,3913478.803775843,0.02145721690665339,0.020042568413182624,yfinance_info_static_sharesOutstanding,1,1,1,9999940468.5,0.00035055208688915604,2018,3,0.0
2021-09-06,2329.HK,0,Hang Seng Composite Index,Removal,2021-05-07,2021-05-09,120,0.4000000059604645,0.0,0.025641078544558438,-0.4871794607277208,-0.4936708922837715,-0.6899224668302453,5035000.0,2014000.0300109386,4191711.2,6500337.066666666,1834178.2931617736,3636865.956116699,0.0753808880335391,0.06681814365581241,yfinance_info_static_sharesOutstanding,1,1,1,1777767220.8907955,0.0011328817442149556,2021,9,0.0
2018-09-10,2331.HK,0,Hang Seng Corporate Sustainability Benchmark Index,Exclusion,2018-05-11,2018-05-13,120,9.050000190734863,0.037844026789060736,-0.052356019896741546,0.5391156487409958,-0.07653061075540246,-0.07653061075540246,12913177.0,116864254.31299305,14156893.3,16370421.75,127001835.91363068,133822505.78135112,0.023583765734145043,0.031114959217704626,yfinance_info_static_sharesOutstanding,1,1,1,23303969374.446884,0.005014778917497903,2018,9,0.0
2019-03-11,2331.HK,1,Hang Seng Composite LargeCap & MidCap Index,,2018-11-09,2018-11-11,120,8.029999732971191,0.012610328726011977,0.24883358434645175,-0.06627914223430798,-0.08853582854646946,-0.18061228809332774,19749450.0,158588078.2263279,13275536.4,14402583.5,96921363.51926784,106947664.00013727,0.030927223934639623,0.029357498112177773,yfinance_info_static_sharesOutstanding,1,1,1,20677443525.974358,0.007669617282577244,2019,3,0.0
2021-09-06,2331.HK,1,Hang Seng China Enterprises Index,,2021-05-07,2021-05-09,120,68.5,0.08044161437503039,0.2696941433049165,0.34577599109054624,-0.017216599724291015,-0.017216599724291015,18662680.0,1278393580.0,13488216.8,14017079.2,844223337.6726891,739822737.3537922,0.022725460070389975,0.034928955971779446,yfinance_info_static_sharesOutstanding,1,1,1,176389156741.0,0.007247574644722191,2021,9,1.0
2025-03-10,2331.HK,0,Hang Seng China Enterprises Index,Removal,2024-11-08,2024-11-10,120,17.3799991607666,0.09308173444932022,-0.03658546126750284,0.23613077112841308,-0.16642691401517007,-0.3691470184366885,32000050.0,556160842.1444893,32374268.15,37230182.7,525234252.9376661,604121130.7777611,0.032034426487632335,0.04143299318169519,yfinance_info_static_sharesOutstanding,1,1,1,44753918191.6337,0.012427087160570848,2025,3,2.0
2016-03-14,2333.HK,0,Hang Seng China 50 Index,Exclusion,2015-11-13,2015-11-15,120,9.800000190734863,-0.03162052356155143,0.003070596884911403,0.34246574447669076,-0.09090905069681476,-0.5079497655110304,19978600.0,195790283.81061554,41801160.5,54330609.43333333,407104925.58481383,466579751.1527706,0.02582584159117718,0.0507560977983236,yfinance_info_static_sharesOutstanding,1,1,1,22724005242.271423,0.008616011205912084,2016,3,0.0
2019-06-17,2333.HK,0,Hang Seng China Enterprises Index,Exclusion,2019-02-15,2019-02-17,120,5.800000190734863,0.07407409042651403,0.16232474083564807,0.2108559993581114,-0.03333330154418945,-0.38100317379152315,43396953.0,251702335.6773119,41657989.2,32932115.666666668,227028442.53567886,165866518.27995816,0.025528410671511844,0.027232448533353753,yfinance_info_static_sharesOutstanding,1,1,1,13448901242.271423,0.018715457206733208,2019,6,0.0
2018-09-10,2342.HK,0,Hang Seng Corporate Sustainability Benchmark Index,Exclusion,2018-05-11,2018-05-13,120,1.5099999904632568,0.2689074939964602,0.24793383707302397,0.1984126999144531,0.0,-0.1468926515621536,45024063.0,67986334.70061707,13475632.2,8796722.883333333,18089747.443585437,11098569.293774834,0.03826218295794541,0.032874319417442656,yfinance_info_static_sharesOutstanding,1,1,1,4704396795.148329,0.014451658238253154,2018,9,0.0
2020-09-07,2342.HK,1,Hang Seng Composite Index,,2020-05-08,2020-05-10,120,3.190000057220459,0.006309142096266429,-0.07803467570801359,0.009493661574342616,-0.12362638316340446,-0.12362638316340446,39522607.0,126077118.59150171,63045110.95,60565481.7,205192239.79058206,194486559.66599405,0.027359258827374895,0.036310499023164806,yfinance_info_static_sharesOutstanding,1,1,1,9938427907.610031,0.012685821114118284,2020,9,0.0
2024-09-09,2352.HK,1,Hang Seng (China A) Corporate Sustainability Benchmark Index,,2024-05-10,2024-05-12,120,5.599999904632568,-0.06976745475492585,-0.138461553133451,-0.15151515370448654,-0.15151515370448654,-0.30000001192092896,800.0,4479.999923706055,80.0,503.3333333333333,452.1999931335449,3291.9667371114097,0.025457475911747483,0.014916987717977259,,0,0,0,,,2024,9,0.0
2019-09-09,2356.HK,0,Hang Seng Composite LargeCap & MidCap Index,Exclusion,2019-05-10,2019-05-12,120,14.800000190734863,-0.027595273910986373,0.0027100244737636725,-0.03267973815469505,-0.03771130815281787,-0.23316058156544506,337780.0,4999144.064426422,326462.75,378915.31666666665,4887304.288141871,5678782.4498806475,0.008097794376599448,0.008626068458797154,yfinance_info_static_sharesOutstanding,1,1,1,20805131821.72594,0.00024028418119446964,2019,9,0.0
2020-09-07,2356.HK,1,Hang Seng Composite Index,,2020-05-08,2020-05-10,120,7.340000152587891,-0.03674537233285635,0.08100150129967965,-0.2645290090922052,-0.2832030940771795,-0.5177398144671138,301600.0,2213744.046020508,895747.6,885224.8333333334,6551156.011737156,6767810.472097739,0.026071176946579358,0.024376732862116012,yfinance_info_static_sharesOutstanding,1,1,1,10318220863.380753,0.00021454706924108012,2020,9,0.0
2024-09-09,2356.HK,1,Hang Seng Composite Index,,2024-05-10,2024-05-12,120,6.860000133514404,0.026946154161885616,0.10645166847634058,0.42028990514988096,0.0,0.0,1533600.0,10520496.20475769,785152.5,622530.7333333333,5057892.205033016,3639413.4342547017,0.013477915441852699,0.017128480750331278,yfinance_info_static_sharesOutstanding,1,1,1,9643459813.208158,0.0010909462380242721,2024,9,1.0
2023-12-04,2359.HK,1,Hang Seng Index,,2023-08-04,2023-08-06,120,78.94999694824219,0.09424802880876237,0.24822129562438233,0.13924954504370102,-0.008788506769950022,-0.2809654393996097,2834328.0,223770186.95031738,2165993.15,1781361.4666666666,157765210.66069108,123723580.42634119,0.026172244421826623,0.029790717057532487,,0,0,0,,,2023,12,0.0
2020-09-07,2362.HK,0,Hang Seng Composite Index,Removal,2020-05-08,2020-05-10,120,0.5,-0.09090911061310525,0.03092780464424627,-0.2063492003421874,-0.39759034933277626,-0.39759034933277626,2696000.0,1348000.0,3312029.7,12160695.833333334,1650085.8155985207,8272480.6634859275,0.04504278733436896,0.05528941465264097,,0,0,0,,,2020,9,0.0
2021-09-06,2362.HK,1,Hang Seng Composite Index,,2021-05-07,2021-05-09,120,1.25,-0.07407409042651403,-0.06015040626614199,0.2886597558053079,-0.1610738308729016,-0.1610738308729016,11571500.0,14464375.0,18859460.0,26121635.0,24076202.48963654,33215914.50745046,0.050220690443634794,0.05478168152935716,,0,0,0,,,2021,9,0.0
2024-09-09,2378.HK,1,Hang Seng Corporate Sustainability Index,,2024-05-10,2024-05-12,120,77.25,0.07366231100149201,0.09886197221250903,-0.0556235071150164,-0.05677657434975247,-0.34865091910725277,97276.0,7514571.0,201068.6,126454.16666666667,14439540.434593964,9366094.256800842,0.01943022053182592,0.019166954619617295,,0,0,0,,,2024,9,0.0
2017-12-04,2382.HK,1,Hang Seng Index,,2017-08-04,2017-08-06,120,92.3499984741211,-0.006989263719128003,0.3491600086403315,0.40349535244670487,-0.06717173258463538,-0.06717173258463538,3842122.0,354819960.8373871,8865304.4,7486097.816666666,791967315.2477474,557963124.3731487,0.04571933150078776,0.033988340851212856,yfinance_info_static_sharesOutstanding,1,1,1,99107229392.47284,0.0035801622445954034,2017,12,0.0
2020-03-09,2382.HK,1,Hang Seng China Enterprises Index,,2019-11-08,2019-11-10,120,130.8000030517578,0.010819236640717378,0.10847460213354077,0.39222998723264024,-0.02169030637754632,-0.02169030637754632,4817379.0,630113187.901474,5263565.2,6933687.533333333,648601288.5250595,789995582.0816,0.021261327487555437,0.02137847483031966,yfinance_info_static_sharesOutstanding,1,1,1,140370613115.05432,0.004488925238112366,2020,3,1.0
2021-09-06,2382.HK,1,Hang Seng Corporate Sustainability Index,,2021-05-07,2021-05-09,120,170.1999969482422,-0.10137274322583056,-0.04435715263637763,-0.19641173514690546,-0.2812500221503744,-0.2812500221503744,14718557.0,2505098356.4825287,5346112.2,6308210.166666667,1001005250.7029183,1204591547.6550086,0.029500945853790223,0.0356061556840516,yfinance_info_static_sharesOutstanding,1,1,1,182653496684.94568,0.013715030929867762,2021,9,2.0
2021-09-06,2386.HK,0,Hang Seng Composite Index,Removal,2021-05-07,2021-05-09,120,5.039999961853027,0.04781705235126821,0.13258430963513268,0.38842969778508496,-0.00982321988918644,-0.00982321988918644,8492597.0,42802688.556033134,6321619.15,8105847.116666666,29853146.34114971,35314594.961298965,0.018923656916721217,0.023663679035246993,,0,0,0,,,2021,9,0.0
2024-09-09,2386.HK,1,Hang Seng Composite Index,,2024-05-10,2024-05-12,120,5.320000171661377,0.03703704736489377,0.14408603495759786,0.30073348977633185,0.0,0.0,7914871.0,42107115.078677654,5090020.85,4901091.433333334,25337106.727849223,22543996.26752495,0.02338352132215898,0.02131350789292807,,0,0,0,,,2024,9,0.0
2025-03-10,2390.HK,0,Hang Seng Composite Index,Removal,2024-11-08,2024-11-10,120,9.100000381469727,-0.02255639405820975,-0.11132806788373151,0.11383112564151232,-0.24166663487752282,-0.4368811591958637,21400.0,194740.00816345215,35330.0,121283.33333333333,332776.8438720703,1262244.1062108676,0.027150643620663384,0.03568399195718298,,0,0,0,,,2025,3,0.0
2021-03-15,2400.HK,0,Hang Seng TECH Index,Removal,2020-11-13,2020-11-15,120,34.0,-0.08724832214765099,-0.10526315789473684,-0.14032868126732834,-0.20467836257309946,-0.27582535788075413,1501800.0,51061200.0,2187477.6,2240213.1166666667,80298291.58880539,87026091.12938519,0.037972604104963836,0.03683771021951663,,0,0,0,,,2021,3,0.0
2025-03-10,2407.HK,0,Hang Seng Composite Index,Removal,2024-11-08,2024-11-10,120,10.800000190734863,0.026615943040625423,0.10316652020605988,-0.052631530515153124,-0.17304748516601998,-0.7293233138417289,2076800.0,22429440.396118164,2738626.95,1416299.1333333333,29214117.583875466,15053444.890970675,0.05935065519099133,0.05887055093332863,,0,0,0,,,2025,3,0.0
2025-03-10,2410.HK,1,Hang Seng Composite Index,,2024-11-08,2024-11-10,120,25.5,0.09677419354838701,-0.20684296143892988,,-0.24778764447743262,-0.24778764447743262,52500.0,1338750.0,122725.0,220624.36363636365,3546349.5270729065,5064572.567929701,0.08663469343091018,0.07784530183184539,,0,0,0,,,2025,3,0.0
2025-06-09,2410.HK,1,Hang Seng Biotech Index,,2025-02-07,2025-02-09,120,22.149999618530273,-0.03695653832477075,-0.4860788769672465,0.11418513851064649,-0.6026905898021475,-0.6026905898021475,20000.0,442999.99237060547,101375.0,128825.81666666667,2104671.766138077,4528950.234370104,0.1371022221021988,0.0969145678297564,,0,0,0,,,2025,6,1.0
2025-03-10,2411.HK,0,Hang Seng Composite Index,Removal,2024-11-08,2024-11-10,120,1.5800000429153442,0.0,-0.01863352243678007,-0.1595744431261672,-0.34439834579062123,-0.7591463328205638,16553000.0,26153740.710377693,19516732.85,12211925.233333332,29540327.161907,20316384.423478883,0.03328242106043699,0.05902935118914116,,0,0,0,,,2025,3,0.0
2024-09-09,2415.HK,0,Hang Seng Composite Index,Removal,2024-05-10,2024-05-12,120,2.549999952316284,-0.06593408992659677,-0.030418311271305787,-0.08273382066205748,-0.22960725184335018,-0.8032407449991887,2403000.0,6127649.885416031,760175.0,880275.0,1942217.2339320183,2522474.0901807942,0.028525544540372646,0.033633853059675,,0,0,0,,,2024,9,0.0
2024-09-09,2416.HK,0,Hang Seng Composite Index,Removal,2024-05-10,2024-05-12,120,3.0399999618530273,-0.028754041309026146,0.006622510282393357,0.016722392025688038,-0.3347921558725311,-0.7847025505317375,16152500.0,49103599.383831024,15667798.0,15551072.033333333,47464148.71571088,51311307.72047003,0.042695598899972105,0.09653916919736596,,0,0,0,,,2024,9,0.0
2024-09-09,2419.HK,1,Hang Seng Composite Index,,2024-05-10,2024-05-12,120,51.04999923706055,-0.013526584791100582,0.008893295978449567,0.12693156946669104,-0.040413561936951226,-0.15689512997029698,65200.0,3328459.9502563477,75910.0,73771.66666666667,3817700.264453888,3625696.325009664,0.02695864695349693,0.03649754522846034,,0,0,0,,,2024,9,0.0
2026-03-09,2423.HK,1,Hang Seng HKEX Stock Connect China Enterprises Index,,2025-11-07,2025-11-09,120,40.880001068115234,-0.07175294690554779,-0.1529216226707798,-0.12274672947001086,-0.2301317845039378,-0.3916666231458129,7895336.0,322761344.11312866,7254719.45,8667813.833333334,328966647.416848,419114158.36337864,0.017693223834377002,0.02342586236368637,,0,0,0,,,2026,3,0.0
2024-03-04,2429.HK,1,Hang Seng Composite Index,,2023-11-03,2023-11-05,120,14.579999923706055,,,,0.0,0.0,4700500.0,68533289.64138031,4700500.0,4700500.0,68533289.64138031,68533289.64138031,,,,0,0,0,,,2024,3,0.0
2024-09-09,2453.HK,1,Hang Seng Composite Index,,2024-05-10,2024-05-12,120,35.20000076293945,0.015872993155563675,0.5337690454364503,1.6035502641367398,-0.0460704794753789,-0.0460704794753789,258200.0,9088640.196990967,198510.0,155939.5,6400885.966148376,3816028.3480793633,0.05925465425778695,0.05666877411702017,,0,0,0,,,2024,9,0.0
2024-09-09,2459.HK,1,Hang Seng Composite Index,,2024-05-10,2024-05-12,120,6.710000038146973,0.8233695425065009,0.9226361088284487,0.8638889488614652,0.0,-0.28692878353315565,1890000.0,12681900.072097778,1384800.0,1514433.3333333333,5848507.506906986,5849493.517442544,0.0814821829218939,0.12236426579046374,,0,0,0,,,2024,9,0.0
2025-03-10,2460.HK,1,Hang Seng Composite Index,,2024-11-08,2024-11-10,120,14.960000038146973,-0.01188905555442521,,,-0.10311752011749631,-0.10311752011749631,2693000.0,40287280.1027298,20665928.153846152,20665928.153846152,331509495.3965932,331509495.3965932,0.03763933526194951,0.03763933526194951,,0,0,0,,,2025,3,0.0
2025-03-10,2487.HK,0,Hang Seng Composite Index,Removal,2024-11-08,2024-11-10,120,9.789999961853027,-0.19357498476202883,-0.24692307985745943,0.2599742581576743,-0.41165863455840757,-0.5706140223926084,1089600.0,10667183.958435059,600420.0,704353.6666666666,7295352.740783691,8478658.301591158,0.03450958223465565,0.049706233832912436,,0,0,0,,,2025,3,0.0
2024-06-11,2498.HK,1,Hang Seng Composite Index,,2024-02-09,2024-02-12,120,35.5,-0.1277641441145736,-0.17441860465116277,,-0.1772885574822256,-0.1772885574822256,0.0,0.0,21450.0,69403.84615384616,912958.4936523438,2977654.4212928186,0.02404137155211044,0.021763872996335462,,0,0,0,,,2024,6,0.0
2024-09-09,2498.HK,1,Hang Seng Stock Connect Greater Bay Area Composite Index,,2024-05-10,2024-05-12,120,39.650001525878906,-0.02579850656948035,-0.04457827648484558,0.11690145143320874,-0.07575757306300968,-0.081112395741189,10000.0,396500.01525878906,6375.0,8306.666666666666,253738.9992904663,328111.6686820984,0.02085872161994138,0.035629468333188044,,0,0,0,,,2024,9,1.0
2020-09-07,2500.HK,1,Hang Seng Composite Index,,2020-05-08,2020-05-10,120,57.29999923706055,0.07303366291650026,0.20125782642711854,0.2402597032644478,-0.02385011086341937,-0.02385011086341937,321600.0,18427679.754638672,646545.05,615023.8333333334,35585196.434464455,29882133.664436404,0.04050864971788934,0.03538723328059764,,0,0,0,,,2020,9,0.0
2025-03-10,2507.HK,1,Hang Seng Composite Index,,2024-11-08,2024-11-10,120,19.399999618530273,0.021052611501593432,-0.09767443634742912,-0.2193159227073267,-0.2347140305090002,-0.31205676972797014,8600.0,166839.99671936035,26309.6,56391.53333333333,511421.4229496002,1165116.7506729127,0.02625610285020506,0.04969151443781676,,0,0,0,,,2025,3,0.0
2025-03-10,2510.HK,1,Hang Seng Composite Index,,2024-11-08,2024-11-10,120,4.179999828338623,0.019512176967531936,,,-0.10107532416978804,-0.10107532416978804,2034000.0,8502119.65084076,10845333.333333334,10845333.333333334,45616584.35289065,45616584.35289065,0.05744956137054516,0.05744956137054516,,0,0,0,,,2025,3,0.0
2025-03-10,2511.HK,0,Hang Seng Composite Index,Removal,2024-11-08,2024-11-10,120,1.2300000190734863,0.0336134117055904,0.0884955966936618,-0.1398600949722938,-0.2012986691288804,-0.9050925914002271,864000.0,1062720.0164794922,545575.0,3964475.0,617508.7525993586,5392672.290687263,0.037702976434692406,0.07549356262698484,,0,0,0,,,2025,3,0.0
2024-03-04,2517.HK,1,Hang Seng Composite Index,,2023-11-03,2023-11-05,120,5.980000019073486,,,,0.0,0.0,1825600.0,10917088.034820557,3129200.0,3129200.0,18712616.059684753,18712616.059684753,,,,0,0,0,,,2024,3,0.0
2025-03-10,2522.HK,1,Hang Seng Composite Index,,2024-11-08,2024-11-10,120,42.900001525878906,0.13043480009026598,0.38387101696383574,1.3966481810127167,-0.033783782622748615,-0.033783782622748615,35000.0,1501500.0534057617,89030.0,84924.0,3250218.7657260895,2527014.748189926,0.037323741199857825,0.041553939225844085,,0,0,0,,,2025,3,0.0
2024-12-09,2533.HK,1,Hang Seng Composite Index,,2024-08-09,2024-08-11,120,21.5,,,,0.0,0.0,829100.0,17825650.0,2077700.0,2077700.0,42924243.76888275,42924243.76888275,,,,0,0,0,,,2024,12,0.0
2024-09-09,2555.HK,1,Hang Seng Composite Index,,2024-05-10,2024-05-12,120,10.65999984741211,-0.09966218665274817,,,-0.16718752433080186,-0.16718752433080186,388800.0,4144607.940673828,1983579.076923077,1983579.076923077,24509706.63772319,24509706.63772319,0.035678262714214655,0.035678262714214655,,0,0,0,,,2024,9,0.0
2025-03-10,2562.HK,1,Hang Seng Composite Index,,2024-11-08,2024-11-10,120,17.0,-0.08108108108108103,,,-0.10526315789473684,-0.10526315789473684,248000.0,4216000.0,407666.6666666667,407666.6666666667,7287188.816494412,7287188.816494412,0.30101566804152186,0.30101566804152186,,0,0,0,,,2025,3,0.0
2025-03-10,2563.HK,1,Hang Seng Composite Index,,2024-11-08,2024-11-10,120,28.649999618530273,0.09770111876592069,,,0.0,0.0,220100.0,6305864.916038513,981971.4285714285,981971.4285714285,23524361.90722329,23524361.90722329,0.09016484473205948,0.09016484473205948,,0,0,0,,,2025,3,0.0
2025-12-08,2590.HK,1,Hang Seng Composite Index,,2025-08-08,2025-08-10,120,18.600000381469727,0.0954064124209062,0.005405426025390625,,-0.06813621069055575,-0.06813621069055575,2742400.0,51008641.04614258,4857966.8,9219445.739130436,89395710.75623369,168034334.74019483,0.03452283080463968,0.03724033134315078,,0,0,0,,,2025,12,0.0
2024-09-09,2602.HK,1,Hang Seng Composite Index,,2024-05-10,2024-05-12,120,24.049999237060547,0.029978537222908663,0.31134127791525334,0.3042298557769336,-0.008247454141833144,-0.333795006825244,1194000.0,28715699.089050293,1178187.75,1195850.65,25077014.12845049,23473013.978523668,0.03650214182520725,0.03990157704851052,,0,0,0,,,2024,9,0.0
2017-09-04,2611.HK,1,Hang Seng China AH Index Series,,2017-05-05,2017-05-07,120,15.5,-0.021464655890949702,,,-0.021464655890949702,-0.021464655890949702,1301000.0,20165500.0,11036012.0,11036012.0,174757204.41763052,174757204.41763052,0.0037838215149335937,0.0037838215149335937,yfinance_info_static_sharesOutstanding,1,1,1,54339277644.0,0.0003711035713818809,2017,9,0.0
2019-03-11,2611.HK,0,Hang Seng Stock Connect China AH Index Series,Exclusion,2018-11-09,2018-11-11,120,15.5,-0.07628132504572582,0.0,-0.05140759759753455,-0.10817026763790005,-0.260143225034173,371400.0,5756700.0,685467.0,592535.1666666666,11250971.37094431,9615047.484214846,0.023222144670740814,0.028276138796217813,yfinance_info_static_sharesOutstanding,1,1,1,54339277644.0,0.00010593994343676446,2019,3,1.0
2019-09-09,2611.HK,1,Hang Seng China 50 Index,,2019-05-10,2019-05-12,120,15.15999984741211,-0.09112712409795443,-0.1405895480751348,-0.12773299312728914,-0.1936169966684299,-0.2161323822231953,1812600.0,27479015.72341919,5306691.55,3245103.1333333333,87301298.1992137,55417532.46807645,0.02189400070381156,0.017492912035327917,yfinance_info_static_sharesOutstanding,1,1,1,53147318760.7435,0.000517034845108991,2019,9,1.0
2021-09-06,2616.HK,1,Hang Seng Composite Index,,2021-05-07,2021-05-09,120,10.279999732971191,-0.07553958284466811,0.09129507958725958,-0.062043823248996044,-0.0966608409848656,-0.1749598955458741,2703500.0,27791979.278087616,2454993.85,1910900.5833333333,25949099.834600925,19038558.11681479,0.0452633058785705,0.038802674013130284,,0,0,0,,,2021,9,0.0
2024-09-09,2618.HK,0,Hang Seng China Enterprises Index,Removal,2024-05-10,2024-05-12,120,8.989999771118164,-0.018558960603255237,0.12939695075817714,0.20348059218453018,-0.023887108156089853,-0.3379970676270265,7214501.0,64858362.338731766,6929624.5,7288808.866666666,58182245.11791899,59094854.466079086,0.024682510874832208,0.02846424004613601,,0,0,0,,,2024,9,0.0
2018-09-10,2628.HK,0,Hang Seng Corporate Sustainability Benchmark Index,Exclusion,2018-05-11,2018-05-13,120,22.549999237060547,0.03203656033729252,0.027334781469991354,-0.06625260483408235,-0.052521010086989506,-0.1859206275824088,29489235.0,664982226.7514992,35649451.1,42687192.2,785469179.138194,962495380.32438,0.010744518291096595,0.012106651984863616,yfinance_info_static_sharesOutstanding,1,1,1,167798490572.834,0.003962980980826281,2018,9,0.0
2018-09-10,2638.HK,1,Hang Seng Composite LargeCap & MidCap Index,,2018-05-11,2018-05-13,120,7.300000190734863,0.0013717735163463196,-0.03054449039375795,0.022409009417533987,-0.05684749268664846,-0.05684749268664846,6074001.0,44340208.45852375,3987521.6,6406510.716666667,29247894.210493993,47685413.45021941,0.00539209048323094,0.007592105417672341,yfinance_info_static_sharesOutstanding,1,1,1,64504261685.3714,0.0006873996740680383,2018,9,0.0
2025-03-10,2678.HK,0,Hang Seng Composite Index,Removal,2024-11-08,2024-11-10,120,4.260000228881836,0.009478777412064598,-0.04269653674764473,0.14209120833731226,-0.18234161272732363,-0.21402210905599972,639000.0,2722140.146255493,1545992.3,1291842.8833333333,6570682.918947172,5272640.927750174,0.028343391711123263,0.03741431993298356,,0,0,0,,,2025,3,0.0
2019-06-17,2688.HK,1,Hang Seng China Enterprises Index,,2019-02-15,2019-02-17,120,76.0,0.019449991802622746,0.0489993540550997,0.1135531135531136,-0.029993599488036926,-0.13587262493340002,1496465.0,113731340.0,1895135.45,1992912.6833333333,142259252.41200295,143691437.43536416,0.01878761804852029,0.020512451801947225,yfinance_info_static_sharesOutstanding,1,1,1,84456343300.0,0.0013466287499094222,2019,6,0.0
2020-09-07,2688.HK,1,Hang Seng ESG 50 Index,,2020-05-08,2020-05-10,120,88.8499984741211,0.01426940664124876,0.11761004369963635,0.041617764306634664,-0.027367269203712574,-0.07592306745614563,3442220.0,305841241.7475891,2941914.45,3250119.033333333,243934890.3548687,259494863.08855793,0.023331181347981542,0.029847806945182437,yfinance_info_static_sharesOutstanding,1,1,1,98736131228.09009,0.0030975615303486625,2020,9,1.0
2021-12-06,2688.HK,1,Hang Seng Index,,2021-08-06,2021-08-08,120,166.5,0.024615384615384706,0.13188302577521593,0.19956769696837107,-0.03197674418604646,-0.03197674418604646,1002782.0,166963203.0,2004037.4,1886542.5833333333,326327681.92825395,284425425.750193,0.02129344394376622,0.017218694814440244,yfinance_info_static_sharesOutstanding,1,1,1,185026067887.5,0.0009023766483624209,2021,12,2.0
2025-12-08,2688.HK,0,Hang Seng China Enterprises Index,Removal,2025-08-08,2025-08-10,120,65.3499984741211,0.02109372615814209,0.034837638877025734,0.044764176997808214,-0.01655377764694077,-0.01655377764694077,3571561.0,233401505.9002304,3059295.85,3357451.8666666667,197407496.84574527,214676303.0859578,0.013530742388005898,0.013209379278056398,yfinance_info_static_sharesOutstanding,1,1,1,72621340865.59009,0.0032139520300543253,2025,12,3.0
2021-09-06,2689.HK,1,Hang Seng ESG 50 Index,,2021-05-07,2021-05-09,120,12.300000190734863,0.15168537820864958,0.03535354143502145,-0.08888887476038054,-0.2165604878876375,-0.2165604878876375,33377750.0,410546331.3663006,7807096.45,12286913.333333334,88952582.65510902,156221392.7055732,0.030103451345580175,0.03585089990144448,,0,0,0,,,2021,9,0.0
2024-09-09,2689.HK,0,Hang Seng ESG 50 Index,Removal,2024-05-10,2024-05-12,120,4.190000057220459,0.16388893561598827,0.20057307901745047,0.25074632134355923,0.0,-0.2649122460653822,45175944.0,189287207.94498825,9905886.35,11087283.1,35776175.171822086,39381998.786222935,0.037134332772191976,0.031144108784252302,,0,0,0,,,2024,9,1.0
2018-09-10,2727.HK,0,Hang Seng Composite LargeCap & MidCap Index,Exclusion,2018-05-11,2018-05-13,120,2.859999895095825,0.02142855135761934,0.02142855135761934,-0.033783831676485354,-0.033783831676485354,-0.25714286598955793,5973724.0,17084850.013331413,8115024.35,8866022.083333334,22500001.704324413,24956141.330091644,0.01758568456719593,0.015294294809763152,yfinance_info_static_sharesOutstanding,1,1,1,8364018213.209629,0.0020426605463805215,2018,9,0.0
2019-03-11,2727.HK,0,Hang Seng Stock Connect China AH Index Series,Exclusion,2018-11-09,2018-11-11,120,2.680000066757202,0.003745314673225364,0.06772911431866957,0.042801609483159586,-0.04285710271523857,-0.24079317606847495,4920426.0,13186742.008473873,5639856.15,5625591.7,14610032.0051237,14483133.30634714,0.018524741919498884,0.018358955914295177,yfinance_info_static_sharesOutstanding,1,1,1,7837611955.230236,0.001682494882854468,2019,3,0.0
2024-09-09,2727.HK,1,Hang Seng Corporate Sustainability Benchmark Index,,2024-05-10,2024-05-12,120,1.6699999570846558,0.12080533315155928,0.07051283226916105,0.12837833483955885,-0.0346821163741744,-0.21596250358747182,6915296.0,11548544.023227692,7931118.7,4748351.616666666,12991003.510175114,7590091.607182306,0.037706125824044714,0.025017026971783176,yfinance_info_static_sharesOutstanding,1,1,1,4883884814.494848,0.0023646225211849483,2024,9,0.0
2019-12-09,2772.HK,1,Hang Seng Composite LargeCap & MidCap Index,,2019-08-09,2019-08-11,120,5.389999866485596,-0.02882888626136826,,,-0.163043506429416,-0.163043506429416,896500.0,4832134.880304337,10808349.47368421,10808349.47368421,64885712.91341505,64885712.91341505,0.026294493120074293,0.026294493120074293,yfinance_info_static_sharesOutstanding,1,1,1,23416305103.50028,0.00020635770071094722,2019,12,0.0
2021-09-06,2778.HK,0,Hang Seng ESG 50 Index,Removal,2021-05-07,2021-05-09,120,4.5,-0.004424774559935729,-0.04661012711246704,0.011235998399541591,-0.07786887408392063,-0.07786887408392063,1274101.0,5733454.5,1568110.05,2518245.3,7295694.393520618,11446260.121970383,0.012683783958196823,0.011787264656872734,,0,0,0,,,2021,9,0.0
2025-03-10,2778.HK,1,Hang Seng Composite Index,,2024-11-08,2024-11-10,120,1.8200000524520874,-0.021505355669564907,-0.06666666259113552,0.1304348051435329,-0.13333326899815823,-0.3106060681318993,272000.0,495040.0142669678,1206411.3,1869192.3833333333,2232511.5379446507,3467048.415384247,0.014555269072267485,0.023462116463959563,,0,0,0,,,2025,3,0.0
2021-03-15,2798.HK,1,Hang Seng Composite Index,,2020-11-13,2020-11-15,120,8.130000114440918,0.0037036705627595534,-0.02400958116409635,0.9829269033042838,-0.09465472952393172,-0.09465472952393172,1110000.0,9024300.127029419,977500.0,865341.1666666666,8175862.486839294,5850335.020068963,0.023712019092969883,0.028888854309610645,,0,0,0,,,2021,3,0.0
2017-09-04,2799.HK,1,Hang Seng Composite LargeCap & MidCap Index,,2017-05-05,2017-05-07,120,3.259999990463257,0.03492060056048807,0.025157208184474866,0.09030099667737002,-0.029761877307950435,-0.029761877307950435,14474793.0,47187825.04195762,22037741.3,19757647.883333333,71003212.83913524,62695371.20040868,0.02859249821156314,0.018956082577010917,yfinance_info_static_sharesOutstanding,1,1,1,115280971435.5592,0.0004093288289848867,2017,9,0.0
2018-06-04,2799.HK,1,Hang Seng China Enterprises Index,,2018-02-02,2018-02-04,120,3.9200000762939453,-0.02487559828533148,0.05376345326492782,0.056603783285096965,-0.041564809279134196,-0.041564809279134196,38525062.0,151018245.97922897,48664867.95,61093749.95,191208610.4454103,225758979.90247497,0.015556456120500144,0.012742922510116913,yfinance_info_static_sharesOutstanding,1,1,1,138620066915.52643,0.001089440002011093,2018,6,1.0
2019-09-09,2799.HK,0,Hang Seng China Enterprises Index,Exclusion,2019-05-10,2019-05-12,120,1.4600000381469727,-0.12574845768516252,-0.16571426391601562,-0.051948003693320643,-0.23958329646848064,-0.4767024881329074,51143000.0,74668781.95095062,44039527.85,50250475.983333334,71662106.41982944,86623453.87159045,0.022318136279595748,0.026193499697513754,yfinance_info_static_sharesOutstanding,1,1,1,51628902817.763214,0.0014462593213439433,2019,9,2.0
2025-03-10,2799.HK,1,Hang Seng Composite Index,,2024-11-08,2024-11-10,120,0.7400000095367432,0.1212120911087664,0.1384615948919734,1.0273972334300723,-0.22105261176576885,-0.22105261176576885,48771000.0,36090540.4651165,72191687.25,73812288.35,47297851.766062625,47726207.52362965,0.04052676896343305,0.08410469912747104,yfinance_info_static_sharesOutstanding,1,1,1,26168073684.440804,0.0013791821629795956,2025,3,2.0
2021-03-15,2858.HK,0,Hang Seng TECH Index,Removal,2020-11-13,2020-11-15,120,1.909999966621399,-0.01036268469951196,0.005263152941442195,-0.015463963770208755,-0.04500001668930054,-0.11981571453056816,17492500.0,33410674.41612482,5017126.8,5033286.716666667,9639073.75189786,9794068.028516809,0.0054455352677259105,0.006761447107073867,,0,0,0,,,2021,3,0.0
2019-03-11,2866.HK,0,Hang Seng Stock Connect China AH Index Series,Exclusion,2018-11-09,2018-11-11,120,0.8500000238418579,-0.022988483697581663,-0.07608694736696164,-0.2857143000251241,-0.30894308076342014,-0.5224718890426704,14403550.0,12243017.843407393,12685035.45,9270936.6,10778598.803183297,8951964.280765694,0.027531943472401725,0.024996889215120215,yfinance_info_static_sharesOutstanding,1,1,1,2928821282.151222,0.004180186042084098,2019,3,0.0
2020-03-09,2866.HK,0,Hang Seng Composite Index,Removal,2019-11-08,2019-11-10,120,0.9100000262260437,0.011111167036458314,-0.010869554654186486,0.034090944496560915,-0.03191486326155479,-0.21551719619742904,2614000.0,2378740.0685548782,3417356.1,3976852.283333333,3104970.9558591964,3581711.9590455093,0.011636773257272047,0.013373085202234666,yfinance_info_static_sharesOutstanding,1,1,1,3135561610.3663445,0.0007586328588443706,2020,3,0.0
2019-03-11,2869.HK,1,Hang Seng Composite LargeCap & MidCap Index,,2018-11-09,2018-11-11,120,5.440000057220459,-0.058823553675816265,0.050193096042094876,-0.24339360028830415,-0.22285713468279156,-0.33658534344429725,7064000.0,38428160.40420532,6962194.2,11712887.85,37804220.95211861,70986140.94960256,0.03950240627167563,0.0347470594640118,yfinance_info_static_sharesOutstanding,1,1,1,17053448005.296124,0.0022533953481003407,2019,3,0.0
2017-09-04,2877.HK,0,Hang Seng Composite LargeCap & MidCap Index,Exclusion,2017-05-05,2017-05-07,120,9.670000076293945,0.0375536902285627,0.1376470677992876,0.08896395852161154,-0.003092756037225586,-0.003092756037225586,970000.0,9379900.074005127,905838.85,668479.05,8284745.5408311365,5929065.117654753,0.010855068262802286,0.013056077080201584,yfinance_info_static_sharesOutstanding,1,1,1,7304718057.632446,0.0012840879004500927,2017,9,0.0
2021-09-06,2877.HK,0,Hang Seng Composite Index,Removal,2021-05-07,2021-05-09,120,5.610000133514404,0.0,0.04469278455679815,0.007181321475811853,-0.050761374220520517,-0.050761374220520517,175000.0,981750.0233650208,323912.4,571169.1333333333,1804314.4420301437,3184798.7923689527,0.010921851290953256,0.017247605259101823,yfinance_info_static_sharesOutstanding,1,1,1,4237794100.856781,0.00023166534286470745,2021,9,0.0
2024-03-04,2877.HK,1,Hang Seng Composite Index,,2023-11-03,2023-11-05,120,7.019999980926514,-0.012658249071424987,-0.06400000254313154,-0.16028704913647407,-0.12468833164081916,-0.2829417764780272,279000.0,1958579.9946784973,221765.0,361355.51666666666,1603002.5423502922,2680698.401979605,0.013786211066079248,0.022199923547744242,yfinance_info_static_sharesOutstanding,1,1,1,5302907985.591888,0.000369340746624305,2024,3,0.0
2016-12-05,2883.HK,0,Hang Seng China Enterprises Index,Exclusion,2016-08-05,2016-08-07,120,6.03000020980835,-0.003305781867105062,0.02203391734569493,0.02203391734569493,-0.12099124016792728,-0.4076620796619683,6971484.0,42038049.98267555,10653159.2,11706205.166666666,65656817.23661101,71590266.79982202,0.017901316372987145,0.023950187763091067,yfinance_info_static_sharesOutstanding,1,1,1,10921078099.988937,0.00384925825067748,2016,12,0.0
2017-03-06,2883.HK,0,Hang Seng China AH Index Series,Exclusion,2016-11-04,2016-11-06,120,7.150000095367432,-0.08567775723611037,-0.0972222188774049,0.1663947735536937,-0.11069650133188214,-0.19209041952831807,17646816.0,126174736.08293152,25259202.6,18460858.6,193743567.71080816,131643206.89320764,0.024079212256834865,0.026235305294800677,yfinance_info_static_sharesOutstanding,1,1,1,12949536772.722244,0.00974357139544283,2017,3,0.0
2017-09-04,2883.HK,1,Hang Seng China AH Index Series,,2017-05-05,2017-05-07,120,6.630000114440918,-0.0701262260834068,-0.11126004282330038,-0.18650301536620983,-0.1992753226742181,-0.2181603216581698,19417000.0,128734712.2220993,14302928.7,13700710.866666667,104387653.6498431,104772620.03366466,0.013772193432078278,0.013412348426805594,yfinance_info_static_sharesOutstanding,1,1,1,12007752327.266693,0.010720966648335509,2017,9,0.0
2016-09-05,2888.HK,1,Hang Seng Composite LargeCap & MidCap Index,,2016-05-06,2016-05-08,120,56.099998474121094,-0.10597611993432521,0.17981071239211843,0.1519506693070325,-0.1186174842224964,-0.5418448269663554,3648498.0,204680732.23283386,5364960.5,4744384.216666667,314146022.6073519,248909488.98253554,0.03246874912574602,0.03628215596045082,yfinance_info_static_sharesOutstanding,1,1,1,124037492804.47096,0.001650152124208819,2016,9,0.0
2018-03-05,2888.HK,0,Hang Seng Composite LargeCap & MidCap Index,Exclusion,2017-11-03,2017-11-05,120,74.55000305175781,-0.04606523869265666,-0.05752206713192154,-0.07792202277381388,-0.07102799935504278,-0.15524075862030806,3766048.0,280758889.8930664,1863772.7,1696742.75,143113909.6626312,131311344.13649711,0.016040433305626278,0.012929242355263073,yfinance_info_static_sharesOutstanding,1,1,1,164830583219.55807,0.001703317942636223,2018,3,1.0
2019-03-11,2888.HK,1,Hang Seng Composite LargeCap & MidCap Index,,2018-11-09,2018-11-11,120,57.900001525878906,-0.002583939933730073,-0.016142684330908597,-0.14727540169772568,-0.12801204525104093,-0.38272921490279355,774246.0,44828844.58140564,1191605.9,1062880.6333333333,66794245.94780807,64823097.16107057,0.019487687288263215,0.01556550335278039,yfinance_info_static_sharesOutstanding,1,1,1,128017312263.52904,0.00035017798599867156,2019,3,1.0
2019-09-09,2888.HK,0,Hang Seng Composite LargeCap & MidCap Index,Exclusion,2019-05-10,2019-05-12,120,69.69999694824219,-0.047163424547792765,0.045761370630712284,0.10284803966512501,-0.05040878066374688,-0.15361265039797456,1826034.0,127274564.22738647,1869730.45,1261480.95,130997134.032518,84151978.51307774,0.020343344362558188,0.016402164357767104,yfinance_info_static_sharesOutstanding,1,1,1,154107185473.94193,0.0008258833865271481,2019,9,2.0
2024-06-11,2899.HK,1,Hang Seng China Enterprises Index,,2024-02-09,2024-02-12,120,11.460000038146973,-0.03535354143502134,-0.06980516866721531,-0.005208369551432002,-0.10886466997713773,-0.2118294313470912,5454216.0,62505315.56806183,26748312.95,25295257.7,312008414.7277937,302838196.14006174,0.028063707380510332,0.02240673392599712,,0,0,0,,,2024,6,0.0
2024-09-09,300015.SZ,0,Hang Seng Stock Connect China Enterprises Index,Removal,2024-05-10,2024-05-12,120,12.829999923706055,-0.005426333092573676,-0.01383553435888385,-0.015349179843730631,-0.12423206431501643,-0.4443846056569295,58273460.0,747648487.3540878,80706245.45,79761971.58333333,1017572037.9838403,1073849989.1919081,0.020598885100832038,0.02245279131053638,,0,0,0,,,2024,9,0.0
2021-09-06,300083.SZ,1,Hang Seng Stock Connect Greater Bay Area Composite Index,,2021-05-07,2021-05-09,120,11.300000190734863,-0.08204713196210311,-0.14973662730099047,-0.13076921609731817,-0.2784163281711498,-0.2784163281711498,37281420.0,421280053.11086655,23472426.2,37235533.56666667,283237244.246709,483217379.0987537,0.03723577083461798,0.040874094579250085,,0,0,0,,,2021,9,0.0
2024-09-09,300122.SZ,1,Hang Seng China A Industry Top Index,,2024-05-10,2024-05-12,120,35.880001068115234,0.022222297091244236,-0.2044345392006255,-0.213675208673466,-0.3408046873609262,-0.4721977155587229,22887323.0,821197173.6862984,27309153.9,21061648.25,1027543689.293968,941448760.5242081,0.03578503801642608,0.03098949191980739,,0,0,0,,,2024,9,0.0
2019-09-09,300124.SZ,1,Hang Seng (China A) Corporate Sustainability Benchmark Index,,2019-05-10,2019-05-12,120,16.01333236694336,-0.07294482531913771,-0.16741773889739653,0.10640251074201434,-0.16741773889739653,-0.310364649419536,13262368.0,212374706.75671387,22734116.5,20202736.083333332,410720341.85232,359443518.2470397,0.02625399009825241,0.028595751754598154,yfinance_info_static_sharesOutstanding,1,1,1,43351751557.254745,0.004898872574415596,2019,9,0.0
2020-09-07,300124.SZ,1,Hang Seng (China A) Corporate Sustainability Index,,2020-05-08,2020-05-10,120,23.01333236694336,0.05243897407555598,0.23727590833118595,0.195290882737579,0.0,0.0,15626478.0,359617331.93872833,14465803.2,17828055.266666666,298627015.03506577,343364160.7352218,0.01603245751608581,0.02487223777029297,yfinance_info_static_sharesOutstanding,1,1,1,62302351841.254745,0.005772130927818371,2020,9,1.0
2021-09-06,300124.SZ,0,Hang Seng (China A) Corporate Sustainability Index,Removal,2021-05-07,2021-05-09,120,56.599998474121094,0.0050905684666826545,-0.0696910201813411,-0.13973051361926903,-0.25624179226010446,-0.25624179226010446,19250962.0,1089604419.8253632,22584649.0,22176039.066666666,1255936778.1836321,1312670729.7770607,0.0437948330578918,0.043874643168279326,yfinance_info_static_sharesOutstanding,1,1,1,153229135308.29697,0.007110948042831929,2021,9,2.0
2019-09-09,300274.SZ,1,Hang Seng (China A) Corporate Sustainability Benchmark Index,,2019-05-10,2019-05-12,120,7.5928568840026855,-0.13153596108011412,-0.13011454706164494,-0.03800907426729738,-0.19530656920215694,-0.4451983277808017,61451128.0,466589620.2645302,44920724.35,55878079.766666666,390701883.5332748,480863832.36694354,0.03203153832746614,0.034555448121452295,yfinance_info_static_sharesOutstanding,1,1,1,15741597632.71141,0.02964055054329085,2019,9,0.0
2021-09-06,300274.SZ,1,Hang Seng (China A) Corporate Sustainability Index,,2021-05-07,2021-05-09,120,58.878570556640625,-0.011393592602155223,0.10555259493562086,-0.1491535671500307,-0.3078344176525215,-0.3078344176525215,56193670.0,3308602963.9315796,65675731.1,82546089.13333334,3554600992.0838547,4758045121.382539,0.04260328082559925,0.05446486407775313,yfinance_info_static_sharesOutstanding,1,1,1,122067725106.81738,0.02710464998865451,2021,9,1.0
2026-03-09,300308.SZ,1,Hang Seng HKEX Stock Connect China Enterprises Index,,2025-11-07,2025-11-09,120,490.04998779296875,0.03602456116264219,0.2565384302383815,1.350810572819432,-0.058899186963662586,-0.058899186963662586,24309960.0,11913095601.247559,41801369.45,46888666.666666664,18727858052.117634,18123721239.0321,0.0490029886400937,0.05892705830945602,,0,0,0,,,2026,3,0.0
2021-03-15,300348.SZ,1,Hang Seng Stock Connect Greater Bay Area Composite Index,,2020-11-13,2020-11-15,120,21.579999923706055,-0.007359698670497239,-0.16421378083780913,0.026641268018410047,-0.21125733032544836,-0.21125733032544836,8712332.0,188012123.89530182,16310781.7,25282996.066666666,378814662.1113006,600183921.3767711,0.030694779830002794,0.03742423587372837,,0,0,0,,,2021,3,0.0
2021-09-06,300377.SZ,0,Hang Seng Stock Connect Greater Bay Area Composite Index,Removal,2021-05-07,2021-05-09,120,8.600000381469727,0.07231918835423401,0.02625301480004638,0.09693880281762102,-0.02824858635299654,-0.3369313643476254,14047443.0,120808015.15867424,12232879.15,13004036.3,102709972.29730912,107547321.73850563,0.019876699152707466,0.02461360211869003,,0,0,0,,,2021,9,0.0
2019-09-09,300398.SZ,1,Hang Seng (China A) Corporate Sustainability Benchmark Index,,2019-05-10,2019-05-12,120,13.391666412353516,-0.020121924243179157,-0.17079462980369897,0.1519713042884745,-0.20563522232311782,-0.3440816246836643,5759726.0,77132329.21855927,5323357.3,7971811.283333333,78182218.6310577,119932304.11481524,0.03225456708555349,0.028454388974755017,yfinance_info_static_sharesOutstanding,1,1,1,7592357732.068062,0.010159206394184142,2019,9,0.0
2019-09-09,300498.SZ,1,Hang Seng China A Industry Top Index,,2019-05-10,2019-05-12,120,30.733333587646484,-0.09430257368398565,-0.13427229330573287,0.3237617561760924,-0.18623123227011695,-0.18623123227011695,38655248.0,1188004631.6972046,47434053.4,50881965.05,1560263678.3414664,1603691152.5624557,0.03657457679150486,0.041712761376903454,yfinance_info_static_sharesOutstanding,1,1,1,204497368300.8479,0.005809388363127795,2019,9,0.0
2020-03-09,300602.SZ,1,Hang Seng Stock Connect Greater Bay Area Composite Index,,2019-11-08,2019-11-10,120,31.985164642333984,0.08168107515864875,0.003800022207649967,0.6526177623239207,0.0,0.0,20505835.0,655882508.6035347,9542536.1,15713378.916666666,286210216.6745512,433899755.94312495,0.027445028152692678,0.03912354090173432,,0,0,0,,,2020,3,0.0
2020-09-07,300633.SZ,0,Hang Seng Stock Connect Greater Bay Area Composite Index,Removal,2020-05-08,2020-05-10,120,30.549999237060547,0.023107790107337767,0.1704980379521448,0.16115544877173926,-0.0009810558116531976,-0.0009810558116531976,3790665.0,115804812.85795212,3592060.3,3480225.283333333,104272893.86613818,97122251.30358934,0.024556619305413942,0.02996453814518194,,0,0,0,,,2020,9,0.0
2024-03-04,300671.SZ,0,Hang Seng Stock Connect Greater Bay Area Composite Index,Removal,2023-11-03,2023-11-05,120,36.08000183105469,0.03887135924596197,0.08088677880596329,-0.08449627072444887,-0.08310029910717665,-0.4026489913978579,3169042.0,114339041.16268921,2935751.85,2817473.8833333333,101714571.92195281,97653069.10816526,0.027004451359034263,0.023772266974173308,,0,0,0,,,2024,3,0.0
2021-09-06,300676.SZ,0,Hang Seng Stock Connect Greater Bay Area Composite Index,Removal,2021-05-07,2021-05-09,120,116.31999969482422,-0.11965492018266666,-0.03420792646186144,-0.17268851603616175,-0.2776949543946574,-0.4071355682767437,4303871.0,500626273.4065628,4006092.95,4842069.733333333,508713761.6489204,656061210.082967,0.028283146117587324,0.026420490658010044,,0,0,0,,,2021,9,0.0
2024-09-09,300735.SZ,1,Hang Seng Stock Connect Greater Bay Area Composite Index,,2024-05-10,2024-05-12,120,21.670000076293945,-0.04242152541202904,-0.24018233771118436,0.3646095667586129,-0.30051644943537437,-0.34551495992666936,37436515.0,811249282.9061794,55698262.95,72381394.61666666,1378363687.232526,1779446310.7671943,0.04541174241841224,0.05796803587193717,,0,0,0,,,2024,9,0.0
2021-03-15,300737.SZ,1,Hang Seng Stock Connect Greater Bay Area Composite Index,,2020-11-13,2020-11-15,120,12.938887596130371,-0.013553615391679208,0.11010482554236356,-0.07871842284476183,-0.246765859413984,-0.246765859413984,15505911.0,200629239.50460148,21530980.15,19085974.583333332,273029210.2184416,263043638.25726587,0.02908523862863629,0.03570655473645382,,0,0,0,,,2021,3,0.0
2024-09-09,300737.SZ,0,Hang Seng Stock Connect Greater Bay Area Composite Index,Removal,2024-05-10,2024-05-12,120,4.670000076293945,0.03318586194699158,0.019650688665309834,-0.04887979197080006,-0.12052728312282901,-0.5859928912370771,20717436.0,96750427.70061493,15629114.6,13856913.466666667,67054911.30021417,64645416.60669843,0.034254920805485985,0.03183022480893744,,0,0,0,,,2024,9,1.0
2019-09-09,300750.SZ,1,Hang Seng (China A) Corporate Sustainability Benchmark Index,,2019-05-10,2019-05-12,120,41.166664123535156,-0.0661626016414939,-0.11963890131826638,-0.02653706397512201,-0.199784040340944,-0.199784040340944,9733363.0,400690085.4134445,13562681.35,15494114.133333333,610873166.1756775,732125457.4034544,0.023200444773446204,0.025161294726084228,yfinance_info_static_sharesOutstanding,1,1,1,181468745200.0001,0.0022080391032176724,2019,9,0.0
2021-03-15,300750.SZ,1,Hang Seng China 50 Index,,2020-11-13,2020-11-15,120,140.67222595214844,-0.039051185658317666,0.10906225896655686,0.2922173964113197,-0.05694600342662948,-0.05694600342662948,20479820.0,2880941866.4993286,25988407.0,28204559.716666665,3587864967.9792814,3393589988.491833,0.02828620142667884,0.030098971376512927,yfinance_info_static_sharesOutstanding,1,1,1,620103981498.7832,0.004645901256005694,2021,3,1.0
2024-09-09,300750.SZ,1,Hang Seng (China A) Corporate Sustainability Index,,2024-05-10,2024-05-12,120,203.5,0.00444222048060805,0.03826530612244894,0.36558847245723114,-0.029242020417064363,-0.17658007403667708,22801132.0,4640030362.0,20735449.75,26487037.75,4124631870.895526,4769796002.79925,0.024215858862196404,0.027550024942565615,yfinance_info_static_sharesOutstanding,1,1,1,897058103551.5,0.005172497013994831,2024,9,2.0
2019-09-09,300760.SZ,1,Hang Seng China A Industry Top Index,,2019-05-10,2019-05-12,120,144.5,0.06398647078730013,0.09719061008625673,0.3538835890106127,0.0,0.0,3738223.0,540173223.5,2804497.45,3748502.283333333,371712661.17229116,477646729.69195354,0.02023774106330773,0.02460892109822288,yfinance_info_static_sharesOutstanding,1,1,1,175197781433.0,0.003083219542403713,2019,9,0.0
2020-09-07,300760.SZ,1,Hang Seng China 50 Index,,2020-05-08,2020-05-10,120,266.1000061035156,-0.028832094512716733,0.006696249465310222,0.18041083595396712,-0.028832094512716733,-0.028832094512716733,3623044.0,964092030.5133057,5027683.5,6527974.366666666,1331671020.1190948,1649119058.9091918,0.019370291243662678,0.02581564151499574,yfinance_info_static_sharesOutstanding,1,1,1,322630662343.555,0.0029882219610195856,2020,9,1.0
2021-09-06,300760.SZ,1,Hang Seng China A Top 100 Index,,2021-05-07,2021-05-09,120,426.010009765625,-0.054991079633144535,0.06662497815670321,-0.07409257962544102,-0.1385905969449469,-0.1385905969449469,4706605.0,2005060842.0129395,4251534.5,4767203.283333333,1806424246.9242692,1962822842.1245584,0.028334282132602865,0.029996679856836697,yfinance_info_static_sharesOutstanding,1,1,1,516512170098.188,0.0038819237146566774,2021,9,2.0
2020-03-09,300770.SZ,1,Hang Seng Stock Connect Greater Bay Area Composite Index,,2019-11-08,2019-11-10,120,63.772220611572266,-0.01636681578307886,0.23736122943375615,0.5560525469503288,-0.023479420495739922,-0.023479420495739922,2537863.0,161845159.11794662,2700884.05,2673574.5833333335,159195261.45105305,141393789.4370842,0.02896453469369636,0.025556512184004582,,0,0,0,,,2020,3,0.0
2021-09-06,300832.SZ,1,Hang Seng Stock Connect Greater Bay Area Composite Index,,2021-05-07,2021-05-09,120,64.46842193603516,-0.11322662115195681,-0.0370282367085758,-0.03816250217836148,-0.11322662115195681,-0.3753696959124069,2062835.0,132987717.16442108,2098756.7,2163595.6,144359404.36317596,135237683.1801241,0.036035747366872595,0.03532707113895236,,0,0,0,,,2021,9,0.0
2021-09-06,300888.SZ,1,Hang Seng Stock Connect Greater Bay Area Composite Index,,2021-05-07,2021-05-09,120,91.68571472167969,-0.09796207673120416,-0.07654674806165895,-0.35778253992005304,-0.38674692032128677,-0.38674692032128677,3210366.0,294344701.22817993,3156481.8,3402572.783333333,313989235.8800014,373358404.32696164,0.02883534934587045,0.032675001112666774,,0,0,0,,,2021,9,0.0
2024-09-09,300973.SZ,0,Hang Seng Stock Connect Greater Bay Area Composite Index,Removal,2024-05-10,2024-05-12,120,36.560001373291016,0.02065889683895561,0.08874328111204677,0.0949386655162785,-0.06304456831402216,-0.621139882142062,3832104.0,140101727.502594,2407735.75,2378045.183333333,82314103.45350485,81484658.95247631,0.04095833965374321,0.0368515624439478,,0,0,0,,,2024,9,0.0
2021-03-15,300999.SZ,1,Hang Seng China 50 Index,,2020-11-13,2020-11-15,120,64.51000213623047,0.05927751264205683,0.31653065584143825,,-0.017963164276456056,-0.017963164276456056,81176223.0,5236678319.141121,90462971.05,101874761.9090909,4824946543.491571,5428621142.583246,0.05382524428491023,0.061524323103824684,,0,0,0,,,2021,3,0.0
2021-09-06,300999.SZ,1,Hang Seng China A Industry Top Index,,2021-05-07,2021-05-09,120,73.9000015258789,-0.018592316987246504,-0.09001351608180752,-0.3912685288547908,-0.4204830342591054,-0.4903448170629041,15757877.0,1164507134.3446121,22240741.6,26399625.683333334,1699929869.4211526,2369555119.6196923,0.02830187413367366,0.03963496022504042,,0,0,0,,,2021,9,1.0
2024-03-04,301510.SZ,1,Hang Seng Stock Connect Greater Bay Area Composite Index,,2023-11-03,2023-11-05,120,41.66999816894531,-0.00023997447594137356,-0.16241209710662685,,-0.38720590928021603,-0.38720590928021603,5210319.0,217113983.18962097,5220318.6,8834758.963636363,241157415.8463766,455139744.1260737,0.039670506879869456,0.24469625252555696,,0,0,0,,,2024,3,0.0
2019-09-09,3301.HK,1,Hang Seng Composite LargeCap & MidCap Index,,2019-05-10,2019-05-12,120,10.119999885559082,-0.05947958454544211,-0.19936711940794327,0.037948706211187844,-0.2580645431938594,-0.2580645431938594,2101500.0,21267179.75950241,4073128.95,7248316.75,45905076.88724971,85568838.14140317,0.022859443165709863,0.030797527572543396,yfinance_info_static_sharesOutstanding,1,1,1,17036325747.386562,0.0012483431037214627,2019,9,0.0
2021-03-15,3306.HK,0,Hang Seng Composite Index,Removal,2020-11-13,2020-11-15,120,9.510000228881836,0.0010526556717722624,0.12014139991305717,0.21611253454249146,-0.05841585448554565,-0.16725042334955476,138000.0,1312380.0315856934,1033089.7,769931.0666666667,9259384.918630313,6428628.996023885,0.03028179617121647,0.023243157869830056,,0,0,0,,,2021,3,0.0
2024-09-09,3306.HK,1,Hang Seng Composite Index,,2024-05-10,2024-05-12,120,14.600000381469727,0.008287351037779445,-0.0040927330536756346,0.3878326754914776,-0.04575162095024232,-0.04575162095024232,759000.0,11081400.289535522,692419.95,1007870.35,9803773.206985617,14547691.8126376,0.021974107847531555,0.03538488617932469,,0,0,0,,,2024,9,0.0
2025-03-10,3309.HK,0,Hang Seng Composite Index,Removal,2024-11-08,2024-11-10,120,2.2899999618530273,-0.00865800061555344,-0.1486989170478853,-0.08032130398301696,-0.22372883903812413,-0.4246231279199537,2670000.0,6114299.898147583,1424787.65,2621713.3,3332418.550757551,6178519.10166949,0.024839734308896452,0.040957485379454164,,0,0,0,,,2025,3,0.0
2021-09-06,3311.HK,0,Hang Seng ESG 50 Index,Removal,2021-05-07,2021-05-09,120,5.449999809265137,-0.001831543738455732,0.05212355016874781,0.1796536675899969,-0.05709349283123211,-0.16920733890190942,4661225.0,25403675.360941887,7906678.2,10437346.6,43529234.34190674,55256286.46732358,0.018240941462506783,0.02025952028986071,,0,0,0,,,2021,9,0.0
2020-03-09,3319.HK,1,Hang Seng Composite Index,,2019-11-08,2019-11-10,120,25.0,0.05485228671778786,0.10375277797122617,0.7882690142063369,-0.013806720954748775,-0.013806720954748775,5164046.0,129101150.0,8986933.8,5802640.7,202296874.67955512,118568723.67002274,0.031154225282697665,0.030853387223245123,,0,0,0,,,2020,3,0.0
2024-03-04,3319.HK,0,Hang Seng Stock Connect Greater Bay Area Composite Index,Removal,2023-11-03,2023-11-05,120,3.869999885559082,0.007812492724042164,-0.07857141397437206,-0.2528957502301108,-0.2937956437793243,-0.6556939533483557,9761547.0,37777185.7728796,9625528.4,8924069.183333334,38323185.519329205,39981474.62303164,0.03488576316130721,0.03559608658692927,,0,0,0,,,2024,3,1.0
2017-03-06,3320.HK,1,Hang Seng Composite LargeCap & MidCap Index,,2016-11-04,2016-11-06,120,8.710000038146973,-0.03329635772629658,,,-0.03436811572995835,-0.03436811572995835,1513500.0,13182585.057735443,25607083.333333332,25607083.333333332,230054853.19407782,230054853.19407782,0.014092059955957328,0.014092059955957328,yfinance_info_static_sharesOutstanding,1,1,1,54720666354.96876,0.00024090688099850664,2017,3,0.0
2018-09-10,3320.HK,1,Hang Seng Corporate Sustainability Benchmark Index,,2018-05-11,2018-05-13,120,10.65999984741211,0.01138518842442049,-0.06326891562286963,0.0554454895833274,-0.15262321843705662,-0.15262321843705662,5485137.0,58471559.583034515,3900691.35,4813126.283333333,42082975.7890203,53165632.42012105,0.013078753126331262,0.02130063267652939,yfinance_info_static_sharesOutstanding,1,1,1,66971560555.624985,0.0008730804403828911,2018,9,1.0
2016-09-05,3323.HK,0,Hang Seng China Enterprises Index,Exclusion,2016-05-06,2016-05-08,120,3.6700000762939453,-0.09382718433205006,-0.023936147446166123,0.19543979025998737,-0.16968325498963688,-0.6112287881960976,24724000.0,90737081.8862915,25573407.25,23700326.25,106385600.69843112,90642147.3018715,0.027410267575470007,0.02563180649681381,yfinance_info_static_sharesOutstanding,1,1,1,13639177992.858604,0.006652679650767878,2016,9,0.0
2019-03-11,3323.HK,1,Hang Seng China Enterprises Index,,2018-11-09,2018-11-11,120,6.130000114440918,-0.036163524252379675,0.03722508844482331,-0.25696968309807056,-0.25152619920475905,-0.3744897964148658,20199350.0,123822017.81163216,35919012.45,34194300.46666667,214179927.29139814,228723733.8315756,0.03647842155609656,0.03160780807420971,yfinance_info_static_sharesOutstanding,1,1,1,22781515236.787907,0.005435196760384166,2019,3,0.0
2019-12-09,3323.HK,0,Hang Seng China Enterprises Index,Exclusion,2019-08-09,2019-08-11,120,6.429999828338623,-0.033082746447186784,-0.12158474350428272,0.0031201219036827155,-0.1357527178916671,-0.23269692833797673,16036393.0,103114004.2371707,32985526.2,35876172.31666667,227839709.60150424,240502215.75951493,0.018021246095302246,0.01971214962644535,yfinance_info_static_sharesOutstanding,1,1,1,23896433332.31814,0.004315037428523558,2019,12,1.0
2018-09-10,3328.HK,0,Hang Seng Corporate Sustainability Benchmark Index,Exclusion,2018-05-11,2018-05-13,120,6.300000190734863,0.022727329024459175,0.0,-0.006309142096266318,-0.030769201425405623,-0.09612620080701095,29120797.0,183461026.65435123,29558722.5,33837095.18333333,185091389.74238968,212020366.0009075,0.012009100318727544,0.012794900542491489,yfinance_info_static_sharesOutstanding,1,1,1,220574741246.98282,0.0008317408675951954,2018,9,0.0
2021-09-06,3328.HK,0,Hang Seng Index,Removal,2021-05-07,2021-05-09,120,5.139999866485596,0.03420524818319759,0.03629028769239073,0.21226418489406784,0.0,0.0,41469880.0,213155177.66317368,24703491.6,31161138.266666666,124223214.88790326,146873204.13880715,0.011645229867687536,0.014343105935848671,yfinance_info_static_sharesOutstanding,1,1,1,179960969243.61203,0.00118445226517216,2021,9,0.0
2020-03-09,3329.HK,0,Hang Seng Composite Index,Removal,2019-11-08,2019-11-10,120,1.2899999618530273,0.023809501283202916,0.12173912051945401,0.18348616729349976,-0.030075247948591954,-0.22289157361938583,45322.0,58465.378271102905,671746.25,853785.85,823447.0901669979,1043814.8911973675,0.01788061208519943,0.02316832128671561,,0,0,0,,,2020,3,0.0
2018-03-05,3331.HK,0,Hang Seng Composite LargeCap & MidCap Index,Exclusion,2017-11-03,2017-11-05,120,15.800000190734863,-0.021065626503780188,0.07046070092993584,0.05898124061266796,-0.024691392183120553,-0.024691392183120553,28311.0,447313.8053998947,468329.2,547583.7166666667,7091203.08069067,7966611.133390713,0.023612687719373245,0.015315487200711369,yfinance_info_static_sharesOutstanding,1,1,1,19011981976.70935,2.3527994395738275e-05,2018,3,0.0
2018-09-10,3331.HK,0,Hang Seng Corporate Sustainability Benchmark Index,Exclusion,2018-05-11,2018-05-13,120,14.119999885559082,0.0844853601475486,0.039764356766333275,-0.06613756663815107,-0.10519644331448608,-0.1305418667141468,2124000.0,29990879.75692749,786379.25,1338547.0,10618697.432929993,19206977.527881306,0.02037537879500602,0.01632847747866875,yfinance_info_static_sharesOutstanding,1,1,1,16990454436.37439,0.0017651605417169332,2018,9,0.0
2020-03-09,3331.HK,1,Hang Seng Composite Index,,2019-11-08,2019-11-10,120,14.899999618530273,0.004043090655354131,0.08759122817312681,0.06886657582815903,-0.03246753327177798,-0.06524466682752694,629000.0,9372099.760055542,853689.4,487758.3333333333,12599454.05302987,6986674.8302966915,0.02184619264774617,0.021807494374856823,yfinance_info_static_sharesOutstanding,1,1,1,17929020302.5813,0.0005227335125894308,2020,3,0.0
2018-03-05,3333.HK,1,Hang Seng China 50 Index,,2017-11-03,2017-11-05,120,29.050968170166016,-0.04575163562487361,-0.033112575214157114,0.46733671924140086,-0.07448491699085769,-0.07448491699085769,13135708.0,381605035.0005951,32271950.6,42131826.0,955693367.7230457,1095688663.0808172,0.03104117135869551,0.04192633695451934,yfinance_info_static_sharesOutstanding,1,1,1,383597692501.90625,0.000994805345443257,2018,3,0.0
2020-12-07,3333.HK,1,Hang Seng China Enterprises Index,,2020-08-07,2020-08-09,120,21.58924674987793,-0.0022987972830119663,-0.08438816790561754,0.41276044494469644,-0.22500003423452286,-0.22500003423452286,6786939.0,146524900.74736977,13910363.15,22400426.45,306148422.4946645,470537016.3328668,0.026734354521245746,0.03817019779545732,yfinance_info_static_sharesOutstanding,1,1,1,285070886023.4219,0.000513994616536643,2020,12,1.0
2021-03-15,3333.HK,0,Hang Seng China 50 Index,Removal,2020-11-13,2020-11-15,120,16.89333724975586,0.030339797919259004,0.07741125913276603,-0.14415325084055763,-0.1614814281839445,-0.3935714412871085,20056007.0,338812890.13446426,27379853.8,33848791.78333333,430300906.11384296,554992228.3010706,0.023728947063748528,0.04901970211374844,yfinance_info_static_sharesOutstanding,1,1,1,223064689262.84375,0.0015188997023873687,2021,3,2.0
2021-12-06,3333.HK,0,Hang Seng China Enterprises Index,Removal,2021-08-06,2021-08-08,120,5.199999809265137,-0.011406923385144818,-0.45089760690190295,-0.5866454816532922,-0.6000000146719126,-0.7666662444408479,62459443.0,324789091.6868067,81736833.35,43825037.55,565155951.9707518,372542025.91260254,0.0722232253216213,0.048342184338945694,yfinance_info_static_sharesOutstanding,1,1,1,68662356316.67969,0.004730235155182227,2021,12,2.0
2021-03-15,3347.HK,1,Hang Seng Composite Index,,2020-11-13,2020-11-15,120,141.5,0.08015267175572527,0.1598360655737705,0.2969752702018993,0.0,0.0,1365164.0,193170706.0,784189.45,1028225.95,101522938.68267898,122321178.5842027,0.02755265420944937,0.024065953034239425,,0,0,0,,,2021,3,0.0
2025-03-10,3347.HK,0,Hang Seng Composite Index,Removal,2024-11-08,2024-11-10,120,37.849998474121094,0.04702619298716204,-0.053750038146972656,0.1435045383374789,-0.34231105167857623,-0.34231105167857623,3286523.0,124394890.53516388,3383618.5,2908338.0166666666,127578537.94110775,106564485.97241674,0.055784747294551025,0.07320477885887997,,0,0,0,,,2025,3,1.0
2017-09-04,3377.HK,1,Hang Seng Corporate Sustainability Benchmark Index,,2017-05-05,2017-05-07,120,3.5899999141693115,-0.07712086957443753,-0.016438405378200405,0.0716417959310558,-0.17090069805437225,-0.17090069805437225,8220000.0,29509799.29447174,11848097.5,11806886.333333334,45273848.044036105,45951172.13884843,0.01836496363639251,0.026124178949133867,yfinance_info_static_sharesOutstanding,1,1,1,42493748875.10796,0.0006944503621274523,2017,9,0.0
2020-09-07,3377.HK,0,Hang Seng ESG 50 Index,Removal,2020-05-08,2020-05-10,120,1.9800000190734863,-0.02941173720662238,-0.014925358971198954,-0.33999999364217126,-0.3592232769994196,-0.4438202104218121,8256483.0,16347836.497479916,7433510.55,9633727.566666666,14777618.406183321,21827012.599014763,0.024320500898448685,0.026954429043218715,yfinance_info_static_sharesOutstanding,1,1,1,23436664511.08712,0.0006975325558697266,2020,9,1.0
2024-09-09,3377.HK,0,Hang Seng Composite Index,Removal,2024-05-10,2024-05-12,120,0.38499999046325684,0.04054050135560283,0.42592583394345307,0.06944437545758975,-0.025316506313829312,-0.5361445804762899,592807000.0,228230689.3465519,122349103.9,74151055.6,39952551.44872105,24469653.224105384,0.07615783184764285,0.05510875337677435,yfinance_info_static_sharesOutstanding,1,1,1,4557129053.70644,0.050082121146190824,2024,9,1.0
2021-09-06,3380.HK,1,Hang Seng ESG 50 Index,,2021-05-07,2021-05-09,120,12.420000076293945,0.004854403016450348,-0.01740508394408602,0.06335614313214077,-0.07313429627872003,-0.17965655253293433,1679677.0,20861588.468149185,3692559.85,4676961.333333333,45581337.22240095,57584596.20021092,0.012689540636048454,0.01872554421593364,,0,0,0,,,2021,9,0.0
2020-09-07,3382.HK,0,Hang Seng Composite Index,Removal,2020-05-08,2020-05-10,120,0.5299999713897705,0.0192307515962582,0.0,-0.2535211444965225,-0.2638889578757435,-0.4111111273000274,793136.0,420362.057308197,709056.8,1530837.9666666666,370070.6005742073,949266.3741440315,0.03082307830168695,0.030408002766495832,,0,0,0,,,2020,9,0.0
2025-03-10,3383.HK,0,Hang Seng Composite Index,Removal,2024-11-08,2024-11-10,120,1.090000033378601,0.17204303762956563,-0.018018000602490147,1.3440860752591313,-0.44102563757711466,-0.44102563757711466,34018700.0,37080384.13549662,26957085.35,33017570.516666666,26536545.17837793,38463170.283959426,0.0746401592281794,0.1583763553312287,,0,0,0,,,2025,3,0.0
2019-09-09,3396.HK,1,Hang Seng Corporate Sustainability Benchmark Index,,2019-05-10,2019-05-12,120,19.700000762939453,-0.09425283848554233,-0.09633020860620234,-0.07294114056755518,-0.14902803077496773,-0.24376194472540114,972437.0,19157009.641910553,667812.2,1678798.0,14061078.84392624,36736564.76816177,0.016739407070397512,0.01786803836750047,yfinance_info_static_sharesOutstanding,1,1,1,25055524573.347588,0.0007645822615220164,2019,9,0.0
2017-09-04,3606.HK,1,Hang Seng Composite LargeCap & MidCap Index,,2017-05-05,2017-05-07,120,28.200000762939453,0.005347648126874827,0.04638218792627824,0.23684218011294522,0.0,0.0,2716400.0,76602482.07244873,1520383.5,1582980.5833333333,41180632.962134644,40452240.85026302,0.01655064173824023,0.016691455728149496,yfinance_info_static_sharesOutstanding,1,1,1,17110553502.919006,0.004476914324214035,2017,9,0.0
2021-09-06,3613.HK,0,Hang Seng Stock Connect Greater Bay Area Composite Index,Removal,2021-05-07,2021-05-09,120,11.0,-0.02309060600326962,-0.051724169115389795,0.27758425535699716,-0.09836064164147051,-0.09836064164147051,2052000.0,22572000.0,1062445.0,1687463.3666666667,12397852.11339507,18178171.893577576,0.02294827406804166,0.032262202563816206,,0,0,0,,,2021,9,0.0
2018-09-10,3618.HK,1,Hang Seng Corporate Sustainability Benchmark Index,,2018-05-11,2018-05-13,120,5.570000171661377,0.00905800559920844,-0.105938979998633,-0.14043207480456488,-0.17725255725937383,-0.23907103264490948,7408400.0,41264789.271736145,10892065.55,9581206.466666667,62832323.19034264,58480720.040580444,0.02148370304386864,0.02329963699897111,yfinance_info_static_sharesOutstanding,1,1,1,13999282179.812725,0.0029476360817443114,2018,9,0.0
2019-03-11,3633.HK,1,Hang Seng Composite LargeCap & MidCap Index,,2018-11-09,2018-11-11,120,5.570000171661377,0.03148149505400677,-0.014159278293047861,-0.29582803045392003,-0.3131935379213733,-0.43105207422216363,1626000.0,9056820.279121399,1845100.75,2174203.816666667,10052649.843621135,15065294.084761262,0.016517891951391066,0.020894277594538706,yfinance_info_static_sharesOutstanding,1,1,1,15291350195.752863,0.0005922838835799412,2019,3,0.0
2023-12-04,3650.HK,1,Hang Seng Composite Index,,2023-08-04,2023-08-06,120,28.799999237060547,-0.003460220857774976,,,-0.05573772993244108,-0.05573772993244108,160400.0,4619519.877624512,409111.76470588235,409111.76470588235,11780789.366531372,11780789.366531372,0.03744456892345139,0.03744456892345139,,0,0,0,,,2023,12,0.0
2025-03-10,3650.HK,0,Hang Seng Composite Index,Removal,2024-11-08,2024-11-10,120,6.5,0.03668261878359669,-0.04831624119945699,0.23809523809523814,-0.18952623079868436,-0.7833333333333333,4369900.0,28404350.0,5549650.0,5701183.333333333,35122027.126288414,36554446.36425018,0.04278391377486964,0.05710955283178427,,0,0,0,,,2025,3,1.0
2018-09-10,3669.HK,1,Hang Seng Composite LargeCap & MidCap Index,,2018-05-11,2018-05-13,120,8.470000267028809,-0.01396971867607355,-0.05888885921902132,-0.0319999694824219,-0.12590292736692088,-0.3113821027898075,1686500.0,14284655.450344086,3599472.5,5679134.316666666,31087352.359955788,50192430.1010944,0.026635658954348048,0.030603903624678803,yfinance_info_static_sharesOutstanding,1,1,1,15571125786.011894,0.0009173810324733559,2018,9,0.0
2025-03-10,3669.HK,0,Hang Seng Composite Index,Removal,2024-11-08,2024-11-10,120,1.75,0.1217949129420639,-0.016853916782002765,0.2500000212873734,-0.09326422406208079,-0.46483180115977885,29825500.0,52194625.0,5052160.35,5262373.716666667,8471231.175821166,8533415.622790433,0.03482975660221601,0.040609012290313794,yfinance_info_static_sharesOutstanding,1,1,1,3217174647.75,0.016223746210515314,2025,3,1.0
2020-09-07,3690.HK,1,Hang Seng China 50 Index,,2020-05-08,2020-05-10,120,111.5999984741211,0.07514446236069916,0.18157757628385074,0.16492687806937778,0.0,-0.021910605025704855,19884788.0,2219142310.4582214,19443619.1,28513064.483333334,1966624289.1434658,2696464942.325553,0.019428547067761988,0.035853173242308536,,0,0,0,,,2020,9,0.0
2020-12-07,3690.HK,1,Hang Seng Index,,2020-08-07,2020-08-09,120,222.39999389648438,0.15893695138131414,0.06820363667811313,0.883149845638806,0.0,0.0,30723455.0,6832896204.478912,26690275.8,33264585.1,5355905879.034155,5579495484.057475,0.04331346903148285,0.040112171236791956,,0,0,0,,,2020,12,1.0
2020-12-07,3692.HK,1,Hang Seng China Enterprises Index,,2020-08-07,2020-08-09,120,31.600000381469727,-0.056716406523291796,-0.1306739557646217,0.024311182843631096,-0.19999999034253857,-0.19999999034253857,12923974.0,408397583.3301048,6758352.3,5348476.116666666,234531747.04553947,189062687.9375365,0.029444962182825548,0.023728867542835638,,0,0,0,,,2020,12,0.0
2022-06-13,3692.HK,0,Hang Seng China Enterprises Index,Removal,2022-02-11,2022-02-13,120,16.8799991607666,0.02551640945655631,-0.09539124872460114,-0.06945977239673184,-0.13524596491221208,-0.6088065222745602,2633000.0,44445037.79029846,2592604.5,3802649.0166666666,44588368.30085607,67435668.68877132,0.02869638618280194,0.028314322920013617,,0,0,0,,,2022,6,1.0
2016-03-14,3698.HK,1,Hang Seng Composite LargeCap & MidCap Index,,2015-11-13,2015-11-15,120,3.1636359691619873,0.023529312849867035,-0.051771076470654265,-0.041322419734758586,-0.059459479765967216,-0.16945095731657056,917202.0,2901693.238187313,2265286.25,4808259.4,7267670.8105366705,15235278.257241638,0.013554354016751797,0.023992620144363652,yfinance_info_static_sharesOutstanding,1,1,1,11005498627.722263,0.0002636584980237154,2016,3,0.0
2018-03-05,3698.HK,0,Hang Seng Composite LargeCap & MidCap Index,Exclusion,2017-11-03,2017-11-05,120,3.618180990219116,0.01272250180729495,0.017902731815120143,0.044619316880997406,0.0,-0.02689484655548402,1076900.0,3896419.1083669662,10977373.6,4045708.6333333333,39123558.01989217,14398702.810387135,0.008257761199091083,0.00985744961963355,yfinance_info_static_sharesOutstanding,1,1,1,12586747119.72475,0.0003095652173913044,2018,3,1.0
2021-09-06,3738.HK,1,Hang Seng Composite Index,,2021-05-07,2021-05-09,120,7.25,-0.14454281136649205,0.0964082859548907,-0.3763440860215054,-0.37567277667005106,-0.3763440860215054,21800000.0,158050000.0,18420666.4,26603696.866666667,150611396.96645927,197391834.84156445,0.05559170231462812,0.08652948421194415,,0,0,0,,,2021,9,0.0
2020-09-07,3759.HK,1,Hang Seng Composite Index,,2020-05-08,2020-05-10,120,28.0,0.022727298061006707,0.16129034299525857,0.11405836107399914,-0.03076918099758641,-0.03076918099758641,1426050.0,39929400.0,2407225.3,2999109.0166666666,62884664.64375391,70119863.88705587,0.03138126818828209,0.03701478111285064,,0,0,0,,,2020,9,0.0
2024-12-09,3759.HK,0,Hang Seng Hong Kong-Listed Biotech Index,Removal,2024-08-09,2024-08-11,120,9.489999771118164,-0.020639816091429175,0.06152127701904009,-0.14811494805685443,-0.17478262859842053,-0.5725225475234796,4060883.0,38537778.74053764,4243268.35,4083748.6666666665,39562533.55756941,39076474.74542744,0.029403375462030024,0.02987199332054836,,0,0,0,,,2024,12,1.0
2025-03-10,3759.HK,0,Hang Seng Composite Index,Removal,2024-11-08,2024-11-10,120,16.059999465942383,0.055190485162688985,-0.001243809568318821,0.6940928524722096,-0.3322245332467928,-0.3322245332467928,11458122.0,184017433.20070267,14153941.65,11501625.3,214918839.82127804,167805398.3994953,0.04300908989309256,0.07855980767460906,,0,0,0,,,2025,3,1.0
2017-09-04,3800.HK,1,Hang Seng Corporate Sustainability Benchmark Index,,2017-05-05,2017-05-07,120,0.9424170255661011,0.01063810475417104,-0.07766947701601679,-0.04040427581209294,-0.12843989362106756,-0.20168044060443757,56366908.0,53121133.77771807,70229404.7,96823251.85,67926506.80457716,98817626.93678595,0.010313865909967827,0.014103849332539808,yfinance_info_static_sharesOutstanding,1,1,1,30818724685.009743,0.001723664243756207,2017,9,0.0
2020-09-07,3813.HK,1,Hang Seng Composite Index,,2020-05-08,2020-05-10,120,1.5099999904632568,-0.05625002002343504,0.006666660308837891,-0.28773581510593205,-0.3434782514049334,-0.4898648746610993,1639000.0,2474889.984369278,3351708.9,2978643.45,5315329.851379382,5194312.930020855,0.04439039138156746,0.04554908725322912,,0,0,0,,,2020,9,0.0
2016-03-14,3823.HK,1,Hang Seng Composite LargeCap & MidCap Index,,2015-11-13,2015-11-15,120,1.9800000190734863,0.06451613109971022,0.042105286273269815,-0.024630518729541362,-0.009999990463256836,-0.056019099856516874,18786000.0,37196280.358314514,14281740.0,19215502.8,26820213.345890045,36146298.232231714,0.011294315492466794,0.014917421451727768,yfinance_info_static_sharesOutstanding,1,1,1,15840000152.58789,0.00234825,2016,3,0.0
2017-09-04,3823.HK,0,Hang Seng Composite LargeCap & MidCap Index,Exclusion,2017-05-05,2017-05-07,120,0.14300000667572021,0.10000009169945678,-0.020547885086325657,-0.16860464058530378,-0.20994468952235934,-0.9462406007287542,244978000.0,35031855.63540459,34614340.0,49203970.75,4765232.035807967,7861835.809869939,0.026293241838735985,0.023917738632999456,yfinance_info_static_sharesOutstanding,1,1,1,1144000053.4057617,0.03062225,2017,9,1.0
2021-09-06,3836.HK,0,Hang Seng Composite Index,Removal,2021-05-07,2021-05-09,120,3.809999942779541,0.007936500427734305,-0.025575483594881376,0.09482756376360979,-0.10981314111894735,-0.10981314111894735,2667500.0,10163174.847364426,3045159.45,3999883.2333333334,11576581.335010339,15111157.742583485,0.019327861362137058,0.02056541128316072,,0,0,0,,,2021,9,0.0
2024-03-04,3877.HK,0,Hang Seng Composite Index,Removal,2023-11-03,2023-11-05,120,1.440000057220459,0.05109492861930498,0.04347830593924007,-0.039999961853027344,-0.07096767643859847,-0.07096767643859847,980000.0,1411200.0560760498,538600.0,1134503.9333333333,739142.00309515,1649884.6294700066,0.01587190172983414,0.016011902825989518,,0,0,0,,,2024,3,0.0
2024-09-09,3877.HK,1,Hang Seng Composite Index,,2024-05-10,2024-05-12,120,1.4700000286102295,0.04255323646042419,0.08888889085118179,-0.013422805905036084,-0.019999980926513672,-0.05161285559170803,3002000.0,4412940.085887909,1707092.2,3944964.066666667,2353039.9393733023,5504021.316017564,0.013056725585465627,0.022161357797468233,,0,0,0,,,2024,9,0.0
2019-09-09,3883.HK,1,Hang Seng Composite LargeCap & MidCap Index,,2019-05-10,2019-05-12,120,9.399999618530273,-0.03885481848837158,-0.04954506650986168,0.5309445965689623,-0.06187632843399826,-0.06187632843399826,15307316.0,143888764.56072235,11086207.85,13969845.183333334,105834319.78868127,115330167.1671686,0.02831254749151556,0.028920111383745818,yfinance_info_static_sharesOutstanding,1,1,1,43220975644.61123,0.003329141982908068,2019,9,0.0
2016-03-14,3886.HK,1,Hang Seng Composite LargeCap & MidCap Index,,2015-11-13,2015-11-15,120,1.590000033378601,0.0,-0.0701754398195269,-0.2205882043574502,-0.19696968784746793,-0.4803921362383001,375200.0,596568.0125236511,2395936.0,4597728.516666667,3847988.134804356,7764375.5807602545,0.012643391013054766,0.019681102780522222,yfinance_info_static_sharesOutstanding,1,1,1,10769900924.770704,5.539215417957546e-05,2016,3,0.0
2016-09-05,3898.HK,1,Hang Seng China Enterprises Index,,2016-05-06,2016-05-08,120,45.400001525878906,0.0,0.0,0.20105826566702767,-0.01304344508958899,-0.3318616105242759,0.0,0.0,0.0,1699438.5,0.0,70361877.17999133,0.0,0.024304251703231944,yfinance_info_static_sharesOutstanding,1,1,1,22189568545.783997,0.0,2016,9,0.0
2017-09-04,3898.HK,0,Hang Seng Corporate Sustainability Benchmark Index,Exclusion,2017-05-05,2017-05-07,120,40.150001525878906,0.0,-0.027844981414665293,-0.06627903428188586,-0.09265533274849924,-0.18311291394896978,4004300.0,160772651.1100769,3439276.95,3019768.45,140305984.34240666,126555341.15353057,0.008696973178752265,0.013150801955353382,yfinance_info_static_sharesOutstanding,1,1,1,19623594295.783997,0.008192823836794153,2017,9,1.0
2018-06-04,3898.HK,0,Hang Seng China Enterprises Index,Exclusion,2018-02-02,2018-02-04,120,43.650001525878906,-0.038546254211081155,-0.1795112612801565,-0.035359082301018696,-0.1795112612801565,-0.1795112612801565,6620272.0,288974882.9017334,5427354.55,3547159.7666666666,252791433.3166582,166910506.7604746,0.02049858622643768,0.01959205327372033,yfinance_info_static_sharesOutstanding,1,1,1,21334243795.783997,0.013545119558389957,2018,6,1.0
2024-09-09,3899.HK,1,Hang Seng Corporate Sustainability Benchmark Index,,2024-05-10,2024-05-12,120,7.900000095367432,0.07776264360084517,0.002538068608636479,0.23824450684350995,-0.01863355177805759,-0.01863355177805759,2238000.0,17680200.213432312,3052284.85,3732295.9833333334,23543022.282490134,26865428.474585358,0.025619118407829024,0.025212583296578318,,0,0,0,,,2024,9,0.0
2016-03-14,3908.HK,1,Hang Seng Composite LargeCap & MidCap Index,,2015-11-13,2015-11-15,120,11.359999656677246,,,,-0.03565365753943117,-0.03565365753943117,9609000.0,109158236.70101166,50978540.0,50978540.0,576266807.4507462,576266807.4507462,0.03406213073328365,0.03406213073328365,yfinance_info_static_sharesOutstanding,1,1,1,21626195248.49152,0.005047500748363294,2016,3,0.0
2021-03-15,3913.HK,1,Hang Seng Composite Index,,2020-11-13,2020-11-15,120,5.340000152587891,-0.1400965990684092,,,-0.15639806999216266,-0.15639806999216266,10965522.0,58555889.15320587,48888857.90909091,48888857.90909091,291146410.6838669,291146410.6838669,0.04948500883169328,0.04948500883169328,,0,0,0,,,2021,3,0.0
2018-09-10,3918.HK,1,Hang Seng Composite LargeCap & MidCap Index,,2018-05-11,2018-05-13,120,7.730000019073486,-0.031328320727125325,0.025198946708451242,0.11063218056124002,-0.09906758883342959,-0.09906758883342959,1972373.0,15246443.32762003,4565548.7,6619406.35,36184402.13143559,51041127.21289601,0.027241411809514983,0.03231641326521541,yfinance_info_static_sharesOutstanding,1,1,1,34189714021.161842,0.00044593655618713836,2018,9,0.0
2025-03-10,3931.HK,1,Hang Seng Composite Index,,2024-11-08,2024-11-10,120,12.0600004196167,-0.06074764203285332,-0.044373967592756025,0.005000034968058342,-0.21279369061011755,-0.3939698165427705,407700.0,4916862.171077728,599056.2,627994.55,7376570.191285896,7889275.106198183,0.02566830896393285,0.038155909049268195,,0,0,0,,,2025,3,0.0
2020-03-09,3933.HK,0,Hang Seng Stock Connect Greater Bay Area Composite Index,Removal,2019-11-08,2019-11-10,120,5.0,0.11358580286849951,0.20772950754813668,0.3089005464341723,0.0,-0.1525423865796366,14726492.0,73632460.0,2830802.25,3114042.1666666665,13156115.559120893,14003943.129284425,0.016202691888134165,0.019846601474870575,,0,0,0,,,2020,3,0.0
2023-12-04,3933.HK,1,Hang Seng Hong Kong-Listed Biotech Index,,2023-08-04,2023-08-06,120,6.239999771118164,-0.01732285593172289,0.05762706275508256,-0.10857146126883366,-0.1691079119917367,-0.1691079119917367,2300649.0,14356049.233423233,2785328.35,4089441.4,16956164.69062054,27344695.909951176,0.014654825997272464,0.02602353499521898,,0,0,0,,,2023,12,0.0
2024-09-09,3933.HK,1,Hang Seng Stock Connect Greater Bay Area Composite Index,,2024-05-10,2024-05-12,120,10.579999923706055,0.10208328159319247,0.06760848502625438,0.44141685337374637,0.0,0.0,6747039.0,71383672.10524178,3891731.4,4061242.1,38332087.94961257,37419734.66573499,0.02309085960767909,0.027264681045923278,,0,0,0,,,2024,9,1.0
2025-03-10,3939.HK,1,Hang Seng Composite Index,,2024-11-08,2024-11-10,120,2.4800000190734863,0.047518457927807844,0.06896555622182587,0.3087071472480709,-0.013916534541068004,-0.013916534541068004,5416000.0,13431680.103302002,5660047.6,5160755.866666666,13691203.15065384,11722037.424295744,0.02589397300278405,0.022680991039048626,,0,0,0,,,2025,3,0.0
2017-03-06,3958.HK,1,Hang Seng China AH Index Series,,2016-11-04,2016-11-06,120,7.980000019073486,0.010126572498773356,0.02439025136724937,-0.030376614467576224,-0.062279693954601534,-0.062279693954601534,1063200.0,8484336.02027893,1199909.0,2606900.2,9483646.773519993,21579589.546241663,0.0071437030632034975,0.00968210228346993,yfinance_info_static_sharesOutstanding,1,1,1,8196756195.031569,0.0010350845893673986,2017,3,0.0
2017-09-04,3958.HK,0,Hang Seng China AH Index Series,Exclusion,2017-05-05,2017-05-07,120,7.300000190734863,-0.027962720605434588,-0.03693927912789374,-0.027962720605434588,-0.09541505987704102,-0.14218566458322646,1579600.0,11531080.30128479,953785.0,1781919.8833333333,7184664.4011672735,13949354.514883526,0.008401046290870384,0.009410760818650948,yfinance_info_static_sharesOutstanding,1,1,1,7498285920.315685,0.001537828834993174,2017,9,1.0
2018-03-05,3958.HK,1,Hang Seng China AH Index Series,,2017-11-03,2017-11-05,120,7.980000019073486,-0.018450195972444572,-0.03855423666358315,-0.013597049621713153,-0.05562127820125051,-0.05562127820125051,1542233.0,12307019.36941576,5415127.3,4083231.4166666665,44120930.583067395,33334525.122585654,0.008552333770619236,0.014207854989900645,yfinance_info_static_sharesOutstanding,1,1,1,8196756195.031569,0.0015014499732071587,2018,3,1.0
2019-03-11,3958.HK,0,Hang Seng Stock Connect China AH Index Series,Exclusion,2018-11-09,2018-11-11,120,5.25,-0.06082292366852393,0.1194029714173237,0.00961542164785767,-0.06082292366852393,-0.40944884170412266,1790400.0,9399600.0,3117953.1,2676667.05,15897175.602835273,13806359.247378135,0.037021252805033884,0.026768363671597697,yfinance_info_static_sharesOutstanding,1,1,1,5392602747.0,0.0017430544100859578,2019,3,2.0
2019-09-09,3958.HK,1,Hang Seng Stock Connect China AH Index Series,,2019-05-10,2019-05-12,120,5.409999847412109,-0.06563041743428666,-0.15993791935661927,-0.042477919275099474,-0.3010335907761209,-0.3010335907761209,1486800.0,8043587.773132324,2027679.3,5193353.883333334,12063311.709472036,34810150.51302411,0.017261981479315038,0.031565535143386815,yfinance_info_static_sharesOutstanding,1,1,1,5556948578.747452,0.0014474828512711136,2019,9,2.0
2021-09-06,3958.HK,0,Hang Seng Composite Index,Removal,2021-05-07,2021-05-09,120,4.909999847412109,-0.004056791404240978,-0.033464582450214664,-0.07879926497295542,-0.09409598186400037,-0.19771242823094193,568800.0,2792807.913208008,902091.2,2037886.0166666666,4515435.632927704,10441226.872700477,0.013444612513056708,0.016171850786634436,yfinance_info_static_sharesOutstanding,1,1,1,5043367364.747452,0.0005537585726412493,2021,9,3.0
2018-09-10,3968.HK,0,Hang Seng Corporate Sustainability Benchmark Index,Exclusion,2018-05-11,2018-05-13,120,35.0,0.07361968215379222,0.030927811884079448,0.02941176470588225,-0.0028489595005202206,-0.09326421286090647,21208626.0,742301910.0,16202878.6,21564890.25,538390258.7413944,718283473.285358,0.023904637895696985,0.022651580770466365,yfinance_info_static_sharesOutstanding,1,1,1,160681541020.0,0.004619708681457105,2018,9,0.0
2021-09-06,3968.HK,1,Hang Seng Index,,2021-05-07,2021-05-09,120,66.30000305175781,0.058260198515257766,0.12659311420225117,0.04739342576391126,-0.021402168977744496,-0.021402168977744496,19775544.0,1311118627.550171,12259015.15,16173177.15,765488283.4029262,1002203198.2454932,0.014120742569321172,0.026316704830574553,yfinance_info_static_sharesOutstanding,1,1,1,304376761713.9185,0.004307551667766548,2021,9,0.0
2020-09-07,3983.HK,0,Hang Seng Composite Index,Removal,2020-05-08,2020-05-10,120,1.149999976158142,-0.008620681681899223,-0.017094001418896276,-0.30722891609525804,-0.3154761832959255,-0.584837550874824,4462000.0,5131299.89361763,4268882.6,5271070.033333333,4938636.873611522,6861573.841595578,0.02240222477890792,0.037621498979019875,,0,0,0,,,2020,9,0.0
2018-09-10,3988.HK,0,Hang Seng Corporate Sustainability Benchmark Index,Exclusion,2018-05-11,2018-05-13,120,4.230000019073486,0.024213051298209276,0.002369722601664348,-0.011682286982201417,-0.05580357119098911,-0.11875003104408455,273383882.0,1156413826.0743837,268587854.1,359076684.85,1122659121.410058,1528204591.1935427,0.011619306838376938,0.014370547452107633,yfinance_info_static_sharesOutstanding,1,1,1,353722230745.81836,0.003269270985982706,2018,9,0.0
2019-09-09,3988.HK,1,Hang Seng Corporate Sustainability Benchmark Index,,2019-05-10,2019-05-12,120,3.509999990463257,-0.06648936187076915,-0.07142856692330724,-0.022284101843653037,-0.08115181889974066,-0.1818181767658703,507821369.0,1782453000.347038,342532079.8,321294500.68333334,1265019322.9980829,1180871875.942713,0.01087090119542074,0.012141233774886129,yfinance_info_static_sharesOutstanding,1,1,1,293514189348.9658,0.006072800106531948,2019,9,0.0
2020-09-07,3988.HK,0,Hang Seng ESG 50 Index,Removal,2020-05-08,2020-05-10,120,2.9100000858306885,-0.02020200074126499,-0.02020200074126499,-0.06730763058690403,-0.09907118617745048,-0.22606380499693635,123508108.0,359408604.88078594,261316980.45,335877162.26666665,764946998.5701683,1001699011.4333866,0.012574239008305114,0.017919096879093585,yfinance_info_static_sharesOutstanding,1,1,1,243340831486.80756,0.001476976151864061,2020,9,1.0
2019-09-09,3990.HK,1,Hang Seng Composite LargeCap & MidCap Index,,2019-05-10,2019-05-12,120,20.649999618530273,-0.03278692039495246,-0.04398151602601097,0.2653186277374311,-0.10412146195091732,-0.10412146195091732,340000.0,7020999.870300293,1628402.5,1184403.6,35567248.85076523,24425565.402763177,0.02428706030287473,0.026700318088092576,yfinance_info_static_sharesOutstanding,1,1,1,29641246576.383972,0.00023686587715558913,2019,9,0.0
2024-09-09,3990.HK,0,Hang Seng Stock Connect Greater Bay Area Composite Index,Removal,2024-05-10,2024-05-12,120,4.739999771118164,0.006369370005991248,0.26737961471430216,-0.02066123518947771,-0.006289352186228392,-0.49304817350466423,5891600.0,27926182.651519775,1689932.65,1728106.9166666667,7082324.520001149,7220119.762921628,0.0407571316803642,0.03689559792603397,yfinance_info_static_sharesOutstanding,1,1,1,6803850100.880384,0.004104467652499614,2024,9,1.0
2018-03-05,3993.HK,1,Hang Seng Composite LargeCap & MidCap Index,,2017-11-03,2017-11-05,120,4.900000095367432,-0.03162052356155143,0.0,0.15839245231036614,-0.06844108704362784,-0.06844108704362784,62977140.0,308587992.0059681,90310731.65,96286210.85,448410348.40614176,438462729.71004754,0.039012276088177256,0.03829823598468499,yfinance_info_static_sharesOutstanding,1,1,1,19273993575.12474,0.016010589128982365,2018,3,0.0
2024-09-09,3993.HK,0,Hang Seng (China A) Corporate Sustainability Benchmark Index,Removal,2024-05-10,2024-05-12,120,8.029999732971191,0.08513508506549261,0.07496652724339281,0.8208616804563797,0.0,0.0,31642480.0,254089105.95054626,47655302.55,40497417.266666666,354086757.2757851,267282499.06004745,0.02757141170945174,0.028662845292172133,yfinance_info_static_sharesOutstanding,1,1,1,31585746989.650726,0.008044422885860518,2024,9,1.0
2019-09-09,3998.HK,1,Hang Seng Composite LargeCap & MidCap Index,,2019-05-10,2019-05-12,120,2.009999990463257,-0.06511632497404563,-0.047393322087358136,0.28846157960873064,-0.14830505092813018,-0.14830505092813018,25967199.0,52194069.74235749,26047813.05,25976343.0,56316272.969399236,48714638.332379386,0.037787298320759444,0.0322238253682803,yfinance_info_static_sharesOutstanding,1,1,1,23361317091.878765,0.002234209207343966,2019,9,0.0
2018-09-10,600000.SS,0,Hang Seng (China A) Corporate Sustainability Benchmark Index,Exclusion,2018-05-11,2018-05-13,120,10.949999809265137,0.011080321921001168,-0.08060453824065905,-0.18828762082643768,-0.18768544650495333,-0.2042151433775845,22015135.0,241065724.05094624,24065564.3,38303501.916666664,272010221.1457954,473324001.2858311,0.01419555302507642,0.01243752721733192,yfinance_info_static_sharesOutstanding,1,1,1,364698923032.41547,0.0006609992759137367,2018,9,0.0
2020-03-09,600010.SS,0,Hang Seng China 50 Index,Removal,2019-11-08,2019-11-10,120,1.3200000524520874,-0.036496315432303805,-0.10810808416175732,-0.1258277743120242,-0.148387036735382,-0.3623187946754104,243655340.0,321625061.5802312,122621240.15,125392649.63333334,172562602.86388823,184884773.5302034,0.01020444955511826,0.00922352249122968,,0,0,0,,,2020,3,0.0
2019-09-09,600011.SS,1,Hang Seng (China A) Corporate Sustainability Benchmark Index,,2019-05-10,2019-05-12,120,6.800000190734863,0.04938274239498086,0.019490271807185655,0.059190048274933904,-0.06976740848656648,-0.1446540435372129,28078708.0,190935219.75558853,40755846.3,37217659.53333333,270821732.4954643,251739596.79678243,0.015285860007788598,0.018114703412934557,yfinance_info_static_sharesOutstanding,1,1,1,74784429546.8467,0.002553141354591497,2019,9,0.0
2020-09-07,600011.SS,0,Hang Seng China A Top 100 Index,Removal,2020-05-08,2020-05-10,120,4.309999942779541,0.04358349233677683,-0.013729964382336535,-0.12753038606145162,-0.1380000114440918,-0.3780663709175289,21723028.0,93626249.43699837,21081625.85,26465197.45,89726246.33900473,122161319.66328332,0.012369602056057973,0.016152542314228895,yfinance_info_static_sharesOutstanding,1,1,1,47400129121.59599,0.0019752319491961315,2020,9,1.0
2019-09-09,600012.SS,1,Hang Seng (China A) Corporate Sustainability Benchmark Index,,2019-05-10,2019-05-12,120,6.199999809265137,-0.04615387549767125,-0.13649025661609915,0.11310585604808843,-0.14364640811202778,-0.29864256761917585,4135239.0,25638481.011265755,6459217.1,8120573.416666667,44515894.37544553,54715456.65897883,0.015580890182376541,0.022838477890976105,yfinance_info_static_sharesOutstanding,1,1,1,7226719777.679443,0.003547734214138641,2019,9,0.0
2019-09-09,600018.SS,1,Hang Seng (China A) Corporate Sustainability Benchmark Index,,2019-05-10,2019-05-12,120,7.5,-0.04822336407642025,0.023192370813558405,0.3966480744569252,-0.16013440720119132,-0.16013440720119132,90788138.0,680911035.0,107676870.45,59439955.9,890252394.9857067,458309796.6846359,0.05387959233264637,0.03849124802290913,yfinance_info_static_sharesOutstanding,1,1,1,174599703780.0,0.003899840722856924,2019,9,0.0
2021-09-06,600018.SS,0,Hang Seng China A Industry Top Index,Removal,2021-05-07,2021-05-09,120,4.71999979019165,0.060674155617795655,-0.006315833643863122,0.06546274787594863,-0.0483871463930442,-0.054108215092364964,41114088.0,194058486.73392105,26396947.2,37533783.0,122532382.03512268,177604131.46643722,0.012773339070792318,0.015964852633925337,yfinance_info_static_sharesOutstanding,1,1,1,109881408694.54991,0.0017660720684184886,2021,9,1.0
2018-03-05,600019.SS,1,Hang Seng China 50 Index,,2017-11-03,2017-11-05,120,7.869999885559082,0.022077932533113964,0.06495264245542631,-0.0283951216146624,-0.08912041981094954,-0.08912041981094954,104140740.0,819587611.8820381,76112802.3,121398739.36666666,579936637.3857927,964013477.554804,0.013236078750506431,0.02281195112030197,yfinance_info_static_sharesOutstanding,1,1,1,171425004481.86823,0.004781027215715935,2018,3,0.0
2018-09-10,600019.SS,1,Hang Seng (China A) Corporate Sustainability Index,,2018-05-11,2018-05-13,120,9.010000228881836,0.0011111365424261166,0.026195957050765273,-0.19768471984393365,-0.18608848443830905,-0.19768471984393365,51922378.0,467820637.6640892,69034530.05,110082237.61666666,618009189.9726021,1047834298.9058543,0.019751395955323017,0.022148167791325602,yfinance_info_static_sharesOutstanding,1,1,1,196256588574.01355,0.0023837194005217393,2018,9,1.0
2019-09-09,600020.SS,1,Hang Seng (China A) Corporate Sustainability Benchmark Index,,2019-05-10,2019-05-12,120,5.420000076293945,0.0606653492524154,-0.10855260784441056,0.42631582744894314,-0.23229460053507078,-0.23229460053507078,67654182.0,366685671.60160446,53473402.7,87121261.5,297512240.33264214,504484550.76828295,0.03367789083105799,0.04250543851177118,yfinance_info_static_sharesOutstanding,1,1,1,12180755500.900864,0.030103688689464718,2019,9,0.0
2020-09-07,600023.SS,0,Hang Seng China A Industry Top Index,Removal,2020-05-08,2020-05-10,120,3.5,0.020408143405366452,0.026392936042225035,-0.011299424374029976,-0.030470885953559068,-0.2886178972101925,11874508.0,41560778.0,11992182.75,16279225.2,41286382.1029668,56684712.047741696,0.008354118059063652,0.01012655282391777,,0,0,0,,,2020,9,0.0
2019-09-09,600025.SS,1,Hang Seng (China A) Corporate Sustainability Benchmark Index,,2019-05-10,2019-05-12,120,3.869999885559082,-0.07637235496212791,-0.15686279805957415,0.20937494621612207,-0.15686279805957415,-0.15686279805957415,29915023.0,115771135.5864973,43255221.95,49635281.1,178523846.08678764,193643629.10673007,0.026106236391292094,0.023618739627036228,yfinance_info_static_sharesOutstanding,1,1,1,72102332642.43047,0.001605650349214483,2019,9,0.0
2025-12-08,600025.SS,0,Hang Seng HKEX Stock Connect China Enterprises Index,Removal,2025-08-08,2025-08-10,120,9.229999542236328,0.0010845200561737656,-0.023280452007322983,-0.05430334776807966,-0.08704254642182041,-0.24653064961336102,11903150.0,109866069.05117035,31026516.5,28957487.05,292973674.56576407,280083087.85705274,0.010053226382869979,0.009564537203222893,yfinance_info_static_sharesOutstanding,1,1,1,171964991463.4719,0.0006388862530459152,2025,12,1.0
2019-09-09,600026.SS,1,Hang Seng (China A) Corporate Sustainability Benchmark Index,,2019-05-10,2019-05-12,120,6.349999904632568,-0.036418853171205856,-0.0941512557346299,0.26999998092651367,-0.11312848603932657,-0.11312848603932657,36204170.0,229896476.0473013,23687633.1,26319439.5,157738689.54748207,162926674.25164,0.033066509827536374,0.03249981372849406,yfinance_info_static_sharesOutstanding,1,1,1,26474551930.042118,0.00868367769376392,2019,9,0.0
2016-09-05,600027.SS,1,Hang Seng China A Industry Top Index,,2016-05-06,2016-05-08,120,5.230000019073486,-0.00946973271743079,-0.06773620417061654,0.04809624428129844,-0.0824561063015622,-0.5388007099911765,17790476.0,93044189.8193264,17340812.3,26134726.933333334,94835766.83393624,142635492.08317357,0.011261998415237267,0.017768102806396083,yfinance_info_static_sharesOutstanding,1,1,1,51748447443.04338,0.0017980093010855046,2016,9,0.0
2018-09-10,600027.SS,1,Hang Seng (China A) Corporate Sustainability Benchmark Index,,2018-05-11,2018-05-13,120,3.759999990463257,0.010752677834782398,0.03296700057711699,0.016216200542241266,-0.04081634763179798,-0.26274508612286973,17003668.0,63933791.517840385,20732657.0,22179356.633333333,74538956.20701924,81380131.13356887,0.017306405746791518,0.016225054746622867,yfinance_info_static_sharesOutstanding,1,1,1,37203472501.47831,0.0017184898940629783,2018,9,1.0
2020-09-07,600028.SS,1,Hang Seng (China A) Corporate Sustainability Index,,2020-05-08,2020-05-10,120,4.420000076293945,-0.0022572804587280837,-0.01995568692248262,-0.06157111666757442,-0.09979629049814043,-0.2546374023197445,65920898.0,291370374.1893654,97890841.45,128745357.53333333,440655730.0551197,594267579.4033084,0.008956618933732266,0.012314062705655332,,0,0,0,,,2020,9,0.0
2024-09-09,600028.SS,1,Hang Seng (China A) Corporate Sustainability Index,,2024-05-10,2024-05-12,120,6.400000095367432,0.00787404590327423,0.011058479068731808,0.09401712815402319,-0.04191612876745088,-0.07111752984229014,125549135.0,803514475.9732985,163027787.65,154432307.06666666,1055240468.1808169,976199140.9660106,0.017325173980631624,0.015680217949973655,,0,0,0,,,2024,9,1.0
2019-09-09,600029.SS,0,Hang Seng China A Industry Top Index,Exclusion,2019-05-10,2019-05-12,120,7.619999885559082,-0.05223881570730071,-0.21036267494488947,0.07022472022985693,-0.21036267494488947,-0.30155820420413915,62485052.0,476136089.0891533,62955046.4,89162229.68333334,533231526.3001974,737811886.7731723,0.023094498887649514,0.02799922828475842,yfinance_info_static_sharesOutstanding,1,1,1,102694500789.88332,0.004636432188938189,2019,9,0.0
2021-09-06,600029.SS,0,Hang Seng China A Top 100 Index,Removal,2021-05-07,2021-05-09,120,6.199999809265137,-0.03125004423782163,-0.08419500343681963,0.052631570425571095,-0.13528594933156346,-0.13528594933156346,51734186.0,320751943.3324871,54446532.0,73308223.28333333,363617013.4738537,485073528.2188072,0.018135762405095495,0.024707677093570232,yfinance_info_static_sharesOutstanding,1,1,1,83557204051.4722,0.0038387108206121906,2021,9,0.0
2024-09-09,600030.SS,0,Hang Seng (China A) Corporate Sustainability Index,Removal,2024-05-10,2024-05-12,120,19.059999465942383,0.002630154469150492,0.006867361789268278,-0.067514727595816,-0.12287161217395792,-0.2436508377423109,90579371.0,1726442762.885397,104384421.95,90252948.65,1935435606.678728,1789877169.481065,0.017920190743059356,0.01619372867566763,,0,0,0,,,2024,9,0.0
2016-09-05,600031.SS,0,Hang Seng China A Top 100 Index,Exclusion,2016-05-06,2016-05-08,120,5.349999904632568,-0.01109056274895126,-0.04293385356066837,0.1286920175041497,-0.12006579411739793,-0.6175839891236135,28746301.0,153792707.6085391,43631674.05,47651603.96666667,249811672.14611262,263068197.16103813,0.022447236498811803,0.025904581831937685,yfinance_info_static_sharesOutstanding,1,1,1,45337985889.76919,0.0033921380623845366,2016,9,0.0
2019-09-09,600031.SS,1,Hang Seng China A Top 100 Index,,2019-05-10,2019-05-12,120,12.449999809265137,0.04446306456199056,-0.0681137627842151,0.36513157516360173,-0.11071429933820454,-0.11071429933820454,164812775.0,2051919017.314458,135641073.25,131466252.1,1723800871.2548816,1580382065.8349144,0.03439853063664048,0.032414677431908324,yfinance_info_static_sharesOutstanding,1,1,1,105506154344.28838,0.01944833483948834,2019,9,0.0
2020-09-07,600031.SS,1,Hang Seng China A Industry Top Index,,2020-05-08,2020-05-10,120,20.389999389648438,0.030839164905326344,0.07315786261307555,0.23951358322034166,0.0,0.0,66844314.0,1362955521.6614685,67809488.7,90562032.11666666,1325186209.4451194,1606797399.9386368,0.01630093504804601,0.02624702859851395,yfinance_info_static_sharesOutstanding,1,1,1,172792807682.0728,0.007887802391458419,2020,9,1.0
2018-09-10,600036.SS,0,Hang Seng (China A) Corporate Sustainability Benchmark Index,Exclusion,2018-05-11,2018-05-13,120,30.079999923706055,0.04662491869378882,-0.013447026910130888,-0.13786183863819346,-0.13113804587663935,-0.13786183863819346,43534500.0,1309517756.6785812,43421028.2,55031953.516666666,1253792533.111784,1663885486.3491948,0.017011658181833197,0.018921067246639424,yfinance_info_static_sharesOutstanding,1,1,1,620518646850.4564,0.0021103600404681665,2018,9,0.0
2018-03-05,600050.SS,1,Hang Seng China 50 Index,,2017-11-03,2017-11-05,120,7.460000038146973,0.014966004753969253,0.005390830382983713,-0.0013386549297910166,-0.17477875335988224,-0.17477875335988224,375419961.0,2800632923.381135,306925452.85,304471353.1666667,2264144148.475071,2361355151.579038,0.019104428731032852,0.02491079374595042,yfinance_info_static_sharesOutstanding,1,1,1,233232614132.06317,0.012007895781656565,2018,3,0.0
2020-09-07,600050.SS,0,Hang Seng China 50 Index,Removal,2020-05-08,2020-05-10,120,5.239999771118164,0.023437478172126713,-0.029629689152511185,-0.029629689152511185,-0.11186445992899008,-0.27524208059550437,70612399.0,370008954.5981045,103851319.75,149201165.8,552296544.6232808,821690109.6143969,0.012734569033134718,0.018151634842266798,yfinance_info_static_sharesOutstanding,1,1,1,163825581557.62094,0.002258554195749731,2020,9,1.0
2019-09-09,600089.SS,1,Hang Seng (China A) Corporate Sustainability Index,,2019-05-10,2019-05-12,120,5.630768775939941,-0.061538537343343136,-0.14585763399389662,0.042734940092034934,-0.16247133193449437,-0.16247133193449437,32001062.0,180190580.70651817,50409258.6,68617830.46666667,319640049.5564145,433023086.3666823,0.022381683821636036,0.024360348490344498,yfinance_info_static_sharesOutstanding,1,1,1,28451106640.0881,0.006333341721500089,2019,9,0.0
2020-09-07,600089.SS,0,Hang Seng (China A) Corporate Sustainability Index,Removal,2020-05-08,2020-05-10,120,5.853846073150635,0.02560648386477471,0.02422620535958986,0.2516447941919724,-0.08313247955040615,-0.08313247955040615,72079685.0,421943380.9911847,114970335.1,133569245.33333333,683093687.7315786,775324572.6197919,0.030860727274697786,0.033782750919973056,yfinance_info_static_sharesOutstanding,1,1,1,29578269950.19305,0.014265316453656574,2020,9,1.0
2018-09-10,600098.SS,0,Hang Seng (China A) Corporate Sustainability Benchmark Index,Exclusion,2018-05-11,2018-05-13,120,6.730000019073486,0.013554240120116967,0.09430892922147227,0.01815429396902002,-0.013196502979847646,-0.20636787943756607,6201371.0,41735226.948281765,5472585.75,4506124.133333334,35362704.61507292,28535817.8631547,0.017416201858087114,0.01743215064229624,yfinance_info_static_sharesOutstanding,1,1,1,23594471388.99907,0.0017688561977167597,2018,9,0.0
2021-09-06,600104.SS,0,Hang Seng China 50 Index,Removal,2021-05-07,2021-05-09,120,19.940000534057617,0.017866277628562965,-0.006477287630459072,-0.0802582908959999,-0.11964676071144698,-0.29788729570801553,25103759.0,500568967.8668537,31951840.2,35243021.71666667,647125941.5199386,733798409.5420974,0.018714071552559004,0.01684368621132076,,0,0,0,,,2021,9,0.0
2024-09-09,600104.SS,0,Hang Seng (China A) Corporate Sustainability Index,Removal,2024-05-10,2024-05-12,120,14.609999656677246,-0.016823688141046733,-0.045098073559205365,0.06564548621634558,-0.04882812609139364,-0.05681085393440222,18415667.0,269052888.5474825,22313590.1,21542206.6,335074044.0888967,320075589.5908023,0.010148181251620357,0.009465242464182953,,0,0,0,,,2024,9,0.0
2016-09-05,600111.SS,0,Hang Seng China A Industry Top Index,Exclusion,2016-05-06,2016-05-08,120,13.380000114440918,0.007530149358470961,0.05271440395618021,0.183023838905779,-0.08230451409770045,-0.4877488635320576,90973420.0,1217224370.0110817,91570343.6,68242692.5,1261754965.258771,893781704.655126,0.027403173859727653,0.03226979648363844,yfinance_info_static_sharesOutstanding,1,1,1,48369581379.671455,0.025165079690407474,2016,9,0.0
2019-09-09,600114.SS,1,Hang Seng (China A) Corporate Sustainability Benchmark Index,,2019-05-10,2019-05-12,120,6.869999885559082,-0.0678426062094939,-0.20761247691987172,-0.00865800061555344,-0.20761247691987172,-0.3980106495464554,9172612.0,63015843.39027786,11692007.75,14188920.25,92004676.13813892,111304566.32758833,0.03400891778632617,0.02808438407866336,yfinance_info_static_sharesOutstanding,1,1,1,4337604414.733895,0.014527798610732412,2019,9,0.0
2018-09-10,600115.SS,1,Hang Seng (China A) Corporate Sustainability Benchmark Index,,2018-05-11,2018-05-13,120,7.630000114440918,0.0026281183410803433,0.08073656887835123,-0.11175786043004388,-0.10864489013861811,-0.11175786043004388,28996297.0,221241749.42836285,51059363.1,63163685.81666667,363853436.71501124,472502958.2441492,0.01817510997736535,0.022825827213805088,yfinance_info_static_sharesOutstanding,1,1,1,129900484081.94261,0.0017031633945936737,2018,9,0.0
2019-09-09,600115.SS,1,Hang Seng (China A) Corporate Sustainability Index,,2019-05-10,2019-05-12,120,6.300000190734863,-0.04545450276251273,-0.1588784535043649,0.2524850751397687,-0.19334183906629787,-0.22982885627172578,51322850.0,323333964.7890568,68618144.3,75573546.13333334,493568050.3443624,485970439.42176795,0.028025761746365712,0.030920510262752113,yfinance_info_static_sharesOutstanding,1,1,1,107257282073.15436,0.003014564219225025,2019,9,1.0
2021-09-06,600115.SS,0,Hang Seng China A Top 100 Index,Removal,2021-05-07,2021-05-09,120,5.179999828338623,-0.042513867940958905,-0.022641576995792834,0.09978764042145527,-0.10380629060385815,-0.10380629060385815,30477403.0,157872942.30820704,44710586.1,56838582.46666667,248397901.47205743,300550852.4538211,0.02070704589414594,0.02449115594607979,yfinance_info_static_sharesOutstanding,1,1,1,88189315223.21109,0.0017901595211236598,2021,9,2.0
2020-09-07,600118.SS,0,Hang Seng China A Industry Top Index,Removal,2020-05-08,2020-05-10,120,34.54999923706055,0.12724305602184827,0.05528397879662261,-0.07817503577805418,-0.13625001907348633,-0.13625001907348633,48962892.0,1691667881.244278,30018812.4,43096488.55,1007115949.6070538,1517594215.6352556,0.03244246700509719,0.04223461878380059,,0,0,0,,,2020,9,0.0
2020-09-07,600143.SS,1,Hang Seng Stock Connect Greater Bay Area Composite Index,,2020-05-08,2020-05-10,120,11.180000305175781,0.16095536576479574,0.3453669964665851,0.13272547465105622,-0.06833330790201819,-0.06833330790201819,112813386.0,1261253689.9079132,109744585.8,113877093.91666667,1097873524.5139704,1121520683.8003075,0.048365068297249715,0.044987256508744015,,0,0,0,,,2020,9,0.0
2018-09-10,600170.SS,0,Hang Seng China A Top 100 Index,Exclusion,2018-05-11,2018-05-13,120,3.6500000953674316,0.002747250048093175,-0.018817186210869363,-0.09429282745843559,-0.08291455329763442,-0.09429282745843559,8678061.0,31674923.47760439,14358800.55,22757992.866666667,52195481.36672367,85859621.8588288,0.007162004973491133,0.009755702557372301,yfinance_info_static_sharesOutstanding,1,1,1,32433680913.02925,0.0009766058796268156,2018,9,0.0
2019-09-09,600171.SS,1,Hang Seng (China A) Corporate Sustainability Benchmark Index,,2019-05-10,2019-05-12,120,13.600000381469727,-0.028571401323590928,-0.09090906772789709,0.44373675916362565,-0.12483909814321326,-0.1856287568770194,51095431.0,694897881.0913601,24587280.65,39423123.35,334410260.7964531,533755441.5731233,0.04494278738389002,0.03818491793388584,yfinance_info_static_sharesOutstanding,1,1,1,9641357191.232779,0.07207469522270733,2019,9,0.0
2019-09-09,600183.SS,1,Hang Seng (China A) Corporate Sustainability Benchmark Index,,2019-05-10,2019-05-12,120,13.329999923706055,-0.032656010013442094,0.009084018562645957,0.31071778010877327,-0.08005520122396759,-0.08005520122396759,31109625.0,414691298.876524,26700003.35,33335007.633333333,358562713.4045831,414773012.61970216,0.04434417867719143,0.03315207785165899,yfinance_info_static_sharesOutstanding,1,1,1,32380159150.57291,0.012806956783261726,2019,9,0.0
2020-09-07,600183.SS,1,Hang Seng (China A) Corporate Sustainability Index,,2020-05-08,2020-05-10,120,32.349998474121094,0.05271718047565166,0.15866756395851622,0.3848457889074617,-0.04684738411676437,-0.04684738411676437,36403726.0,1177660480.5523224,28696676.05,48863241.45,872297820.6040398,1459157020.1308327,0.02283386782923792,0.03982416712164844,yfinance_info_static_sharesOutstanding,1,1,1,78582003383.9582,0.014986389120142118,2020,9,1.0
2021-09-06,600183.SS,0,Hang Seng (China A) Corporate Sustainability Index,Removal,2021-05-07,2021-05-09,120,24.059999465942383,0.04200949791876796,0.00965168035974373,0.030848299427909787,-0.10690426915449869,-0.30901781514033855,19953542.0,480082209.8636589,16501776.3,23087464.516666666,396967367.1085006,556711783.4236916,0.0168345926168808,0.025651056399677113,yfinance_info_static_sharesOutstanding,1,1,1,58444607376.510376,0.008214311489354106,2021,9,2.0
2019-09-09,600188.SS,1,Hang Seng (China A) Corporate Sustainability Benchmark Index,,2019-05-10,2019-05-12,120,5.528204917907715,-0.03577817456914778,-0.10613598468721619,0.2194571040049278,-0.13204498862527247,-0.3085310793095263,34736395.0,192029909.66938496,56262820.6,67975783.98333333,340092011.04509026,377235011.30869263,0.023290233313077998,0.024589547607513612,yfinance_info_static_sharesOutstanding,1,1,1,32959050163.810913,0.005826318073942376,2019,9,0.0
2020-09-07,600188.SS,1,Hang Seng China A Industry Top Index,,2020-05-08,2020-05-10,120,4.2974348068237305,0.023198809996051395,-0.03344877056718398,-0.09503241410771057,-0.13874630288840573,-0.2916315621477512,22995770.0,98822822.40771294,20975835.9,33418819.016666666,90619384.93995807,153737689.84477153,0.009686487700479996,0.016214685504207894,yfinance_info_static_sharesOutstanding,1,1,1,25621222707.39148,0.003857068943833172,2020,9,1.0
2021-09-06,600188.SS,0,Hang Seng China A Industry Top Index,Removal,2021-05-07,2021-05-09,120,7.635897159576416,0.09084245136805946,0.12974203991422395,0.7017144837951963,-0.005344021251610487,-0.005344021251610487,125617849.0,959204976.3711991,57875976.0,78488520.81666666,414592022.4973153,498510833.3417036,0.04258056406218706,0.040676933089601956,yfinance_info_static_sharesOutstanding,1,1,1,45525070301.379456,0.021069818674000693,2021,9,2.0
2024-09-09,600188.SS,0,Hang Seng China A Industry Top Index,Removal,2024-05-10,2024-05-12,120,19.069229125976562,0.07316013384865117,0.016400125695766876,0.09448116032145526,-0.09756107468004327,-0.09756107468004327,34379216.0,655585147.0754395,46843747.6,52539164.61666667,875347569.4087994,1000264699.0329498,0.018985043557173228,0.02489096803876801,yfinance_info_static_sharesOutstanding,1,1,1,113690373038.15039,0.0057664086197997495,2024,9,2.0
2018-09-10,600196.SS,1,Hang Seng (China A) Corporate Sustainability Index,,2018-05-11,2018-05-13,120,41.79999923706055,0.003119776189769885,-0.023820655418803294,0.040318539561486455,-0.11044907971953899,-0.11044907971953899,27858956.0,1164504339.5453033,27986512.55,24843331.8,1122836661.2908845,1037776544.5709909,0.02705665351377866,0.03191565020013822,yfinance_info_static_sharesOutstanding,1,1,1,88552831268.7213,0.013150390821627299,2018,9,0.0
2019-09-09,600196.SS,1,Hang Seng China A Industry Top Index,,2019-05-10,2019-05-12,120,26.5,-0.06459583228500976,-0.10503210220348036,0.14076627301770794,-0.16535433070866146,-0.4466485625863664,24038183.0,637011849.5,27039901.05,35360421.78333333,792724636.4752995,1013830705.4930019,0.027893772233755443,0.02770686642986797,yfinance_info_static_sharesOutstanding,1,1,1,56139953862.5,0.011346853812174346,2019,9,1.0
2024-09-09,600196.SS,0,Hang Seng China A Industry Top Index,Removal,2024-05-10,2024-05-12,120,24.170000076293945,0.02112378531425363,0.03158342985401896,0.08531655049283593,-0.057332267876261,-0.25927063177721044,9038491.0,218460328.15958214,9194049.55,11531417.5,214892415.99582452,275181481.4228892,0.011680468418173065,0.018653638144302216,yfinance_info_static_sharesOutstanding,1,1,1,51203875061.87787,0.004266480376643006,2024,9,2.0
2019-09-09,600216.SS,1,Hang Seng (China A) Corporate Sustainability Benchmark Index,,2019-05-10,2019-05-12,120,10.460000038146973,-0.04995460302462873,-0.07760141998235282,0.2408066025483806,-0.16653387416924903,-0.37514933206905965,19836525.0,207490052.25670338,30516312.65,29664385.416666668,353267732.92801774,321724368.13758147,0.05122272947770427,0.03481292166889866,yfinance_info_static_sharesOutstanding,1,1,1,10058730901.683569,0.020627855967592788,2019,9,0.0
2019-09-09,600221.SS,0,Hang Seng China A Top 100 Index,Exclusion,2019-05-10,2019-05-12,120,2.0999999046325684,-0.00943395377648304,-0.13934432156333798,0.13513506895612948,-0.14634151541947904,-0.35384618318997896,77943406.0,163681145.16673756,126953925.05,159210247.78333333,285057114.34464085,357792753.62848896,0.015382939065079187,0.025925370016553095,yfinance_info_static_sharesOutstanding,1,1,1,89976986793.16927,0.0018191445501836213,2019,9,0.0
2016-09-05,600271.SS,1,Hang Seng China A Industry Top Index,,2016-05-06,2016-05-08,120,26.549999237060547,-0.022099461874769855,-0.05025937007619363,-0.05025937007619363,-0.11544228629179643,-0.4742574408502862,19903214.0,528430316.5150528,19199243.9,6399747.966666667,539944651.0637767,179981550.35459226,0.031157252456035792,0.017723559692830782,yfinance_info_static_sharesOutstanding,1,1,1,49194085725.26121,0.01074174484034985,2016,9,0.0
2017-09-04,600271.SS,0,Hang Seng China A Industry Top Index,Exclusion,2017-05-05,2017-05-07,120,19.829999923706055,-0.025073757377378825,-0.05885143754523958,-0.03456674587022823,-0.10393128442309774,-0.29568462297669806,6741675.0,133687414.73565102,12325461.6,9938135.133333333,260375850.5093542,207224147.03083456,0.014299951789767985,0.01173998078575424,yfinance_info_static_sharesOutstanding,1,1,1,36742702230.17612,0.0036384753058760046,2017,9,1.0
2019-09-09,600271.SS,1,Hang Seng (China A) Corporate Sustainability Benchmark Index,,2019-05-10,2019-05-12,120,24.219999313354492,-0.04758163497052803,-0.19400998574788442,-0.004521192383744488,-0.21235774590717094,-0.21618124231852365,27244140.0,659853052.0929337,24241347.75,29444102.1,652455706.043226,829902208.6777421,0.026449113078791813,0.03046280544875519,yfinance_info_static_sharesOutstanding,1,1,1,44876864660.08508,0.014703635316123766,2019,9,1.0
2018-09-10,600276.SS,1,Hang Seng China 50 Index,,2018-05-11,2018-05-13,120,39.83262252807617,0.08539555949535305,0.05196336120264888,0.21957216854204376,-0.023037377332136066,-0.023037377332136066,60592884.0,2413573476.259506,31604030.55,28734842.033333335,1193493001.126055,1042249398.3414919,0.027186088323293636,0.02497945703916687,yfinance_info_static_sharesOutstanding,1,1,1,254092389685.98154,0.009498802696303914,2018,9,0.0
2019-09-09,600276.SS,1,Hang Seng China A Industry Top Index,,2019-05-10,2019-05-12,120,44.52777862548828,0.028718152999560154,-0.030541212893006486,0.3030313110899361,-0.030541212893006486,-0.06632686770381013,31647479.0,1409191938.9667892,32898508.75,34387208.9,1464706520.2320151,1445709886.1672342,0.02254194548845152,0.020516085253923778,yfinance_info_static_sharesOutstanding,1,1,1,284042801108.1583,0.004961195754544733,2019,9,1.0
2020-09-07,600276.SS,1,Hang Seng China A Top 100 Index,,2020-05-08,2020-05-10,120,67.39583587646484,0.010411333636215048,0.01623043081822728,0.09661023356003029,-0.0146207731389697,-0.0146207731389697,24094203.0,1623848950.9622269,24582304.9,32778234.283333335,1640779788.4007106,2049898668.8525813,0.015169645653076515,0.0198102604361677,yfinance_info_static_sharesOutstanding,1,1,1,429918190314.10004,0.0037771115238828023,2020,9,2.0
2019-09-09,600282.SS,1,Hang Seng (China A) Corporate Sustainability Benchmark Index,,2019-05-10,2019-05-12,120,3.4700000286102295,-0.16985641839382304,-0.1948955743204932,-0.016997151066808325,-0.23399561415096837,-0.3326922777136391,55246832.0,191706508.62062454,58244622.15,68473023.08333333,243367531.68135577,280993961.7685286,0.04327352279691237,0.03154227401471891,yfinance_info_static_sharesOutstanding,1,1,1,21392865984.55467,0.00896123543049509,2019,9,0.0
2017-09-04,600309.SS,1,Hang Seng China A Industry Top Index,,2017-05-05,2017-05-07,120,22.25,-0.05184653439474041,-0.05083536584968951,0.108804042920289,-0.1480536097637748,-0.1480536097637748,43566762.0,969360454.5,40349566.25,31244372.266666666,977431226.6694238,718809875.3143054,0.028235429407387595,0.02349189150769786,yfinance_info_static_sharesOutstanding,1,1,1,69652993678.5,0.013916996288405266,2017,9,0.0
2019-09-09,600323.SS,1,Hang Seng (China A) Corporate Sustainability Benchmark Index,,2019-05-10,2019-05-12,120,15.390000343322754,-0.017868521481042232,-0.10937501552204232,0.11038966266556938,-0.1468958114034068,-0.1468958114034068,3096890.0,47661138.1632328,7583666.0,8897782.833333334,127415414.6463819,146802122.96739298,0.023261261327035064,0.02334407095439547,yfinance_info_static_sharesOutstanding,1,1,1,12548192856.867228,0.0037982471824338734,2019,9,0.0
2019-09-09,600332.SS,1,Hang Seng (China A) Corporate Sustainability Benchmark Index,,2019-05-10,2019-05-12,120,43.18000030517578,0.06093364854416805,0.1046303437355478,0.2889552329903218,-0.021305499761235525,-0.02351878984210498,17236416.0,744268448.1401367,17629158.35,17302259.45,745593385.6487249,678232116.4737098,0.03191941283133172,0.024649108980911195,yfinance_info_static_sharesOutstanding,1,1,1,60706371606.86387,0.012260137254785045,2019,9,0.0
2019-09-09,600337.SS,1,Hang Seng (China A) Corporate Sustainability Benchmark Index,,2019-05-10,2019-05-12,120,4.840000152587891,-0.09363295612598221,-0.23174603078490874,0.2130326167968697,-0.27108429971255477,-0.27108429971255477,37786965.0,182888916.36583328,59356581.75,42412811.03333333,362692112.89837426,233605055.2525601,0.04819752632653459,0.03831989009439047,yfinance_info_static_sharesOutstanding,1,1,1,6955071202.348515,0.026295764780104234,2019,9,0.0
2021-09-06,600340.SS,0,Hang Seng China A Top 100 Index,Removal,2021-05-07,2021-05-09,120,5.289999961853027,-0.13843646956283895,-0.1562998440278579,-0.4402116329498217,-0.4402116329498217,-0.7548306646387074,58585857.0,309919181.2951269,82307030.9,83551034.71666667,529621824.56662214,581126918.4377631,0.038567732299797285,0.04005073777787823,,0,0,0,,,2021,9,0.0
2019-09-09,600346.SS,1,Hang Seng China A Top 100 Index,,2019-05-10,2019-05-12,120,11.89285659790039,-0.0029940007257747148,-0.11717921286812738,0.30078126792796067,-0.15267178632694256,-0.15267178632694256,21325323.0,253619008.34290695,27363390.15,22695709.35,345028341.80814683,275806349.4751313,0.030875770779431606,0.027285004982680112,yfinance_info_static_sharesOutstanding,1,1,1,83715004333.20932,0.003029552591712613,2019,9,0.0
2020-09-07,600346.SS,1,Hang Seng China A Industry Top Index,,2020-05-08,2020-05-10,120,14.140000343322754,0.0007077302760680748,0.09527502017416412,-0.10844888717449319,-0.13622482477618947,-0.20158096700749806,28293071.0,400064033.65365505,39884402.45,31074752.483333334,546788570.1569948,435644327.87651926,0.018028333016891527,0.020933388454132885,yfinance_info_static_sharesOutstanding,1,1,1,99532873390.72313,0.0040194160986710015,2020,9,1.0
2024-09-09,600346.SS,0,Hang Seng China A Industry Top Index,Removal,2024-05-10,2024-05-12,120,16.139999389648438,0.041290283203125,0.11541113281282178,0.36895669566327327,0.0,0.0,23653280.0,381763924.7631836,28435841.15,22828001.333333332,441877880.807316,321476866.2026412,0.01878732348108628,0.016234322069319577,yfinance_info_static_sharesOutstanding,1,1,1,113611066249.71445,0.003360270591282679,2024,9,2.0
2017-09-04,600362.SS,0,Hang Seng China A Industry Top Index,Exclusion,2017-05-05,2017-05-07,120,15.239999771118164,-0.06388211742401562,-0.14333901142093286,-0.22718051208056822,-0.29083294865362397,-0.29083294865362397,28594318.0,435777399.77528,21258792.5,32830273.533333335,353534541.1385455,612142774.1883624,0.015769518551492622,0.01892972465122464,yfinance_info_static_sharesOutstanding,1,1,1,31626769977.213562,0.01377875135808205,2017,9,0.0
2020-09-07,600362.SS,0,Hang Seng China A Top 100 Index,Removal,2020-05-08,2020-05-10,120,12.989999771118164,0.03588515236316159,-0.012917939077892626,-0.08778090028732122,-0.1287726422497043,-0.24869872277146898,12207145.0,158570810.75600624,12264316.45,21365380.25,160060783.53576556,295127678.9173214,0.012755906669454203,0.018958921377156445,yfinance_info_static_sharesOutstanding,1,1,1,26957463315.963562,0.005882260096116106,2020,9,0.0
2019-09-09,600377.SS,1,Hang Seng (China A) Corporate Sustainability Benchmark Index,,2019-05-10,2019-05-12,120,9.890000343322754,-0.003024166606901746,-0.00802406434938796,0.004060909675524194,-0.03228961987121293,-0.03228961987121293,5193385.0,51362579.43300724,6335173.8,7017582.2,63540336.77755332,69555120.74216995,0.00860892809322473,0.008873589654788155,yfinance_info_static_sharesOutstanding,1,1,1,37737744085.03294,0.0013610400059228239,2019,9,0.0
2021-09-06,600377.SS,0,Hang Seng (China A) Corporate Sustainability Index,Removal,2021-05-07,2021-05-09,120,10.399999618530273,0.048387050256521125,0.06122443021609958,0.16071423819782793,0.0,-0.017941504373933936,5113552.0,53180938.84933472,5286672.05,7314757.65,53027322.514843225,69858672.23837267,0.014460184727983072,0.011011203670496296,yfinance_info_static_sharesOutstanding,1,1,1,39683772544.407845,0.0013401180240568853,2021,9,1.0
2019-09-09,600380.SS,1,Hang Seng (China A) Corporate Sustainability Benchmark Index,,2019-05-10,2019-05-12,120,8.40999984741211,0.007185564455246318,-0.07276735056438177,0.3306961422441419,-0.10816547452324377,-0.2618083966691104,10898524.0,91656585.17701721,16706348.55,22942714.416666668,147755685.17698073,195572744.92447525,0.02414668298053566,0.026637866747480005,yfinance_info_static_sharesOutstanding,1,1,1,15385702697.107567,0.005957257005508639,2019,9,0.0
2021-09-06,600383.SS,0,Hang Seng China A Top 100 Index,Removal,2021-05-07,2021-05-09,120,11.399999618530273,-0.05000003178914392,-0.053941955345724324,0.04300085089036365,-0.14285718383133417,-0.3459552829069612,22666974.0,258403494.95323563,21297964.35,27749424.783333335,253273234.51612338,339528685.05844593,0.020278526147591607,0.023313927634822297,,0,0,0,,,2021,9,0.0
2019-09-09,600406.SS,1,Hang Seng China A Top 100 Index,,2019-05-10,2019-05-12,120,10.960647583007812,-0.04680424734665234,-0.1149533141375485,-0.010966048543681772,-0.19059829433022335,-0.19059829433022335,21857668.0,239574195.9343872,41313227.4,54582729.53333333,496355800.52755153,657219033.4210316,0.02437836851221514,0.037161991869650975,yfinance_info_static_sharesOutstanding,1,1,1,88033248698.56952,0.002721405826504278,2019,9,0.0
2024-09-09,600406.SS,1,Hang Seng Stock Connect China Enterprises Index,,2024-05-10,2024-05-12,120,23.40999984741211,-0.005522560028002554,-0.010984378033113362,0.1211686201309512,-0.1013435495956787,-0.1013435495956787,47501804.0,1112017224.3918,36027469.95,27682503.883333333,871444940.8504608,661183492.0687397,0.01943149442699317,0.015973323230525246,yfinance_info_static_sharesOutstanding,1,1,1,188023410386.41125,0.005914248774163108,2024,9,1.0
2026-03-09,600406.SS,0,Hang Seng HKEX Stock Connect China Enterprises Index,Removal,2025-11-07,2025-11-09,120,25.149999618530273,0.03796946321399042,0.06884823139015883,0.13800901286942469,-0.00788957632859244,-0.0804387836290491,87010434.0,2188312381.9081535,66845510.55,66916929.06666667,1612662797.54645,1527963631.1237829,0.020218588619987106,0.014214134433441354,yfinance_info_static_sharesOutstanding,1,1,1,201998664259.52817,0.01083330124944097,2026,3,2.0
2024-03-04,600438.SS,0,Hang Seng Stock Connect China Enterprises Index,Removal,2023-11-03,2023-11-05,120,26.31999969482422,-0.049476374604917384,-0.18412891927350472,-0.2562870825444883,-0.25880031149244476,-0.44856484501883087,31588096.0,831398677.0800781,25962396.2,24453796.2,742779290.6311853,757438088.4954464,0.019602291778968616,0.017146753314598688,,0,0,0,,,2024,3,0.0
2020-03-09,600499.SS,0,Hang Seng Stock Connect Greater Bay Area Composite Index,Removal,2019-11-08,2019-11-10,120,4.0,-0.0074442204085583,-0.04076740364116049,-0.02912618662434696,-0.09297049015834025,-0.3442622848301604,4124200.0,16496800.0,5478711.85,6423812.8,22245232.78442452,26715883.231626716,0.008454345880363848,0.011145364875568518,,0,0,0,,,2020,3,0.0
2019-09-09,600525.SS,1,Hang Seng (China A) Corporate Sustainability Benchmark Index,,2019-05-10,2019-05-12,120,5.679999828338623,-0.1597633674521124,-0.26233766635889,0.3333332213997342,-0.3039215766480685,-0.6924742804818745,37588428.0,213502264.5875187,61659972.75,89385452.65,448010234.3084763,601289542.9740524,0.06273875663871693,0.051588693704092914,yfinance_info_static_sharesOutstanding,1,1,1,7490671036.976383,0.02850242168339822,2019,9,0.0
2017-09-04,600547.SS,1,Hang Seng China A Industry Top Index,,2017-05-05,2017-05-07,120,18.428571701049805,0.0,0.0,-0.06690776197216175,-0.06133051022989622,-0.2583161631605124,0.0,0.0,0.0,24971353.65,0.0,466598725.9335821,0.0,0.009076363574225692,yfinance_info_static_sharesOutstanding,1,1,1,66609028379.57194,0.0,2017,9,0.0
2018-09-10,600547.SS,0,Hang Seng China A Industry Top Index,Exclusion,2018-05-11,2018-05-13,120,14.663265228271484,0.016265954889446377,-0.10159423797397471,-0.04359395314156833,-0.103276054690571,-0.2043189528662075,26330255.0,386087512.5930214,43843544.95,53440624.583333336,669474161.8725296,792297141.2858571,0.020763687723575827,0.026910180147372762,yfinance_info_static_sharesOutstanding,1,1,1,52999541449.6223,0.007284733075662729,2018,9,1.0
2024-09-09,600547.SS,0,Hang Seng (China A) Corporate Sustainability Index,Removal,2024-05-10,2024-05-12,120,30.65999984741211,0.06200204212485372,-0.02232145246541839,0.49707033851154914,-0.07399579334871653,-0.07399579334871653,36878643.0,1130699188.7527657,40422589.9,32657122.1,1235214106.382358,897705094.9900165,0.025574196758499614,0.024050476199455953,yfinance_info_static_sharesOutstanding,1,1,1,110818832467.49971,0.010203132117317429,2024,9,1.0
2019-09-09,600580.SS,1,Hang Seng (China A) Corporate Sustainability Benchmark Index,,2019-05-10,2019-05-12,120,7.366665840148926,-0.10797183205939376,-0.10526318228018916,0.3748055016005265,-0.16603779940471286,-0.16603779940471286,13543342.0,99769274.87285423,20740069.65,19095859.883333333,171024622.90837556,143777867.86947548,0.034255598544098244,0.02989600051355975,yfinance_info_static_sharesOutstanding,1,1,1,11507597706.582165,0.008669861200986178,2019,9,0.0
2017-09-04,600583.SS,0,Hang Seng China A Top 100 Index,Exclusion,2017-05-05,2017-05-07,120,6.230000019073486,-0.1150568106773594,-0.19300515694459297,-0.21238936292625388,-0.23931619801353943,-0.23931619801353943,25490482.0,158805703.34619236,20046482.75,24133460.283333335,143559814.25891253,185859812.33103028,0.01568121764241719,0.015019346659556662,yfinance_info_static_sharesOutstanding,1,1,1,27545040488.33065,0.005765310216678381,2017,9,0.0
2020-09-07,600585.SS,1,Hang Seng China A Industry Top Index,,2020-05-08,2020-05-10,120,60.849998474121094,0.035920952253356786,0.05276815358684184,0.186853870310562,-0.0008210681527908159,-0.0008210681527908159,21437648.0,1304480848.088745,24132550.45,36018709.983333334,1422816671.2575395,2006750443.8579233,0.015028975893428937,0.02486486062120638,,0,0,0,,,2020,9,0.0
2019-09-09,600588.SS,1,Hang Seng (China A) Corporate Sustainability Benchmark Index,,2019-05-10,2019-05-12,120,18.4769229888916,-0.0896209277546186,-0.12703380904525507,0.29622253127261966,-0.17391532367478668,-0.17391532367478668,48930932.0,904093062.3386917,36719537.25,47936916.3,703301839.3085287,929700756.7508734,0.05004239724623451,0.04274355138071206,yfinance_info_static_sharesOutstanding,1,1,1,63135597979.33514,0.014319862189863312,2019,9,0.0
2021-09-06,600588.SS,1,Hang Seng (China A) Corporate Sustainability Index,,2021-05-07,2021-05-09,120,32.29999923706055,-0.07343664166577302,-0.1131246331417396,-0.24267296409211725,-0.25335181483391733,-0.3865147521185879,11055807.0,357102557.66508865,12445879.4,19546743.466666665,434759336.8389307,711135686.7202696,0.02196742364218732,0.02582259146202487,yfinance_info_static_sharesOutstanding,1,1,1,110369013703.73787,0.003235532743127111,2021,9,1.0
2017-09-04,600600.SS,0,Hang Seng China A Top 100 Index,Exclusion,2017-05-05,2017-05-07,120,31.450000762939453,-0.02389821317787244,-0.03230766883263225,-0.03260527878562369,-0.0830903363706702,-0.0830903363706702,1451965.0,45664300.35776138,1810929.3,2107241.35,58842801.5540349,69626214.659587,0.013160953883771767,0.011664597940413118,yfinance_info_static_sharesOutstanding,1,1,1,22302011448.37016,0.0020475417862409243,2017,9,0.0
2019-09-09,600600.SS,1,Hang Seng (China A) Corporate Sustainability Benchmark Index,,2019-05-10,2019-05-12,120,51.11000061035156,0.05186253241099159,0.04093690832373187,0.354624999481836,-0.019942490605896812,-0.09363360234875495,9350148.0,477886069.98687744,8044893.85,8027680.066666666,396730298.69276637,350735623.311468,0.030510120660887884,0.027694570507328153,yfinance_info_static_sharesOutstanding,1,1,1,36243427379.54613,0.013185454702790362,2019,9,0.0
2024-09-09,600600.SS,1,Hang Seng (China A) Corporate Sustainability Index,,2024-05-10,2024-05-12,120,86.5,0.05539288636214068,0.10261317227416655,0.2267763066135735,-0.007116652055045525,-0.27274257420153714,3933438.0,340242387.0,6295368.95,5775976.133333334,507543296.03279495,465160030.0310079,0.02061446285598999,0.019610538204346214,yfinance_info_static_sharesOutstanding,1,1,1,61339394069.5,0.005546882100180052,2024,9,1.0
2016-09-05,600606.SS,1,Hang Seng China 50 Index,,2016-05-06,2016-05-08,120,10.675324440002441,-0.006446357822919024,-0.06449163132080316,-0.004038692510668573,-0.19200524790360673,-0.7003645181816887,8697434.0,92847929.7455082,9032381.05,11775392.016666668,103058669.20894465,138039133.6877882,0.02312071252507837,0.03333148569601604,yfinance_info_static_sharesOutstanding,1,1,1,150033340252.5741,0.0006188486478352281,2016,9,0.0
2017-09-04,600606.SS,0,Hang Seng China 50 Index,Exclusion,2017-05-05,2017-05-07,120,6.406926155090332,0.0,-0.08188576045006557,-0.13853317945758803,-0.1666666356561396,-0.4276875683002851,58205597.0,372918961.79194736,53552921.25,57791483.93333333,358805746.0575866,418298869.2757923,0.01015734501547496,0.010582108113149968,yfinance_info_static_sharesOutstanding,1,1,1,90044338905.31615,0.004141503689466596,2017,9,1.0
2020-09-07,600606.SS,1,Hang Seng China A Industry Top Index,,2020-05-08,2020-05-10,120,4.883115768432617,0.02732236928761722,0.02359336120986022,-0.047297530504819996,-0.11459980927035973,-0.24900143194212154,35623655.0,173954431.45970345,41129055.85,53288244.233333334,195849795.4614389,266167987.73520598,0.013507489632914841,0.01793423350069944,yfinance_info_static_sharesOutstanding,1,1,1,68628375062.087875,0.0025347304420704616,2020,9,1.0
2021-09-06,600606.SS,0,Hang Seng China A Industry Top Index,Removal,2021-05-07,2021-05-09,120,5.116882801055908,0.06871619578627741,0.059139863481862065,0.0924215582536616,-0.015000051403046166,-0.37460319995039193,59443025.0,304162992.2652364,34648258.5,40429445.65,169932096.06267005,196541189.448789,0.0134596170715423,0.019758083770245745,yfinance_info_static_sharesOutstanding,1,1,1,71913787973.19156,0.004229550421938892,2021,9,2.0
2017-09-04,600637.SS,1,Hang Seng China A Industry Top Index,,2017-05-05,2017-05-07,120,16.261537551879883,0.015857702003457597,-0.06625445188785017,-0.08879312445519294,-0.107640352768538,-0.21848430451921275,5658161.0,92010397.57608223,7246827.0,7032636.966666667,120815826.6265256,122747693.15843378,0.010639951754302922,0.0076837573479544025,yfinance_info_static_sharesOutstanding,1,1,1,54669660119.803604,0.0016830248692684348,2017,9,0.0
2018-09-10,600637.SS,0,Hang Seng China A Industry Top Index,Exclusion,2018-05-11,2018-05-13,120,13.607691764831543,0.026102117616263243,0.020773234330524915,0.08727723167235513,-0.0072952018766127,-0.1984594750335279,7781928.0,105894077.560112,8633742.75,8883593.25,115443681.8700253,114058158.45691115,0.021335127642428987,0.022294325678528275,yfinance_info_static_sharesOutstanding,1,1,1,45747696453.97957,0.0023147411950378174,2018,9,1.0
2019-09-09,600648.SS,1,Hang Seng (China A) Corporate Sustainability Benchmark Index,,2019-05-10,2019-05-12,120,20.760000228881836,-0.027179002790949758,0.16563733023017013,0.57153672739837,-0.2039877189565662,-0.2039877189565662,14632274.0,303766011.58906174,27061759.8,13783304.2,644405687.8663347,294947787.1623054,0.09147075847804645,0.057465089536126085,yfinance_info_static_sharesOutstanding,1,1,1,24068204211.035236,0.012621050117639664,2019,9,0.0
2016-09-05,600688.SS,1,Hang Seng China A Industry Top Index,,2016-05-06,2016-05-08,120,6.510000228881836,-0.04963498985172177,-0.16964284410977182,0.2616279886416646,-0.18113202703540798,-0.453400477557825,54662018.0,355849749.69114304,74616605.2,63659383.1,541040393.7812749,436549399.4249881,0.023508562202702376,0.03338713468658513,yfinance_info_static_sharesOutstanding,1,1,1,47710577562.43229,0.007458508529382007,2016,9,0.0
2017-09-04,600688.SS,1,Hang Seng China A Top 100 Index,,2017-05-05,2017-05-07,120,6.340000152587891,-0.03500761233851313,-0.029096485622629897,-0.04229603290205264,-0.07714697842794216,-0.09686607267609637,40487795.0,256692626.47794724,28076423.95,35239423.733333334,183883360.07015437,232614238.1810052,0.010154160975609144,0.009189784567099603,yfinance_info_static_sharesOutstanding,1,1,1,46464678708.28819,0.005524467910119421,2017,9,1.0
2020-09-07,600688.SS,0,Hang Seng China A Industry Top Index,Removal,2020-05-08,2020-05-10,120,3.990000009536743,-0.019656058661043696,-0.0677570528167315,0.11764708239432364,-0.23854958324066555,-0.2925531730512261,11894071.0,47457343.4034307,28595328.25,40913117.983333334,120446738.18144102,176510892.33156362,0.025243071814425783,0.03905226269024069,yfinance_info_static_sharesOutstanding,1,1,1,29241965934.893013,0.0016229190441263105,2020,9,2.0
2021-09-06,600690.SS,1,Hang Seng (China A) Corporate Sustainability Index,,2021-05-07,2021-05-09,120,31.0,-0.0461538461538461,-0.026687609773601628,-0.02515720931616272,-0.11174788983854322,-0.12206177302930277,58093378.0,1800894718.0,27546805.5,37636016.233333334,887921471.599734,1172286556.8709564,0.017737157025274414,0.025080420687643906,,0,0,0,,,2021,9,0.0
2021-09-06,600703.SS,0,Hang Seng China A Industry Top Index,Removal,2021-05-07,2021-05-09,120,23.979999542236328,-0.018018039831406596,-0.05516153131692958,-0.22595223058207625,-0.2541213560150595,-0.33147476285758803,51523650.0,1235537103.4143448,58474539.0,68245225.43333334,1431169958.6036754,1813481897.084935,0.023745533255022273,0.033390845382518214,,0,0,0,,,2021,9,0.0
2016-09-05,600704.SS,1,Hang Seng China A Industry Top Index,,2016-05-06,2016-05-08,120,6.266665935516357,-0.015310243765232934,-0.09948419990481039,-0.042319768975962124,-0.13333342565712447,-0.7158800556316975,46877292.0,293764328.92565346,40464930.7,54268712.86666667,270379342.5137575,361576134.3329727,0.021511707383348188,0.030120338748266754,yfinance_info_static_sharesOutstanding,1,1,1,32406056863.090225,0.00906510564265054,2016,9,0.0
2018-09-10,600704.SS,0,Hang Seng China A Industry Top Index,Exclusion,2018-05-11,2018-05-13,120,6.409999847412109,0.015847845568841334,-0.007739967560310701,-0.06966618699200666,-0.06423358588996364,-0.22490937211562545,11493223.0,73671557.67627335,10447438.4,12195959.933333334,66263760.324411795,79377229.5315923,0.013320307274776616,0.01930374669069705,yfinance_info_static_sharesOutstanding,1,1,1,33147262305.84057,0.00222255331365005,2018,9,1.0
2019-09-09,600750.SS,1,Hang Seng (China A) Corporate Sustainability Benchmark Index,,2019-05-10,2019-05-12,120,11.199999809265137,-0.05138339186637486,-0.1181102379943102,0.0005956346819391278,-0.15747241386979194,-0.15747241386979194,5444718.0,60980840.56150246,10439388.9,11579009.466666667,129250852.65414992,140735523.79267666,0.024565902417110413,0.018397389185976155,yfinance_info_static_sharesOutstanding,1,1,1,7118868715.566386,0.008566085848466267,2019,9,0.0
2019-09-09,600775.SS,1,Hang Seng (China A) Corporate Sustainability Benchmark Index,,2019-05-10,2019-05-12,120,15.09000015258789,-0.04251269457890616,0.2533222757805931,1.0502717226694407,-0.14793896484059477,-0.14793896484059477,77333442.0,1166961651.5801468,77097060.2,60948788.71666667,1186021361.2056017,785774494.0554218,0.0834893730334676,0.0623964028248596,yfinance_info_static_sharesOutstanding,1,1,1,10138043505.124424,0.11510718522664544,2019,9,0.0
2020-09-07,600795.SS,0,Hang Seng China A Top 100 Index,Removal,2020-05-08,2020-05-10,120,1.9800000190734863,0.0,-0.03414630969318089,-0.06161131871356562,-0.08755762697711622,-0.28519854414901,39288312.0,77790858.50936508,51878626.05,62587700.8,104725744.5953727,130054852.28343458,0.007174350698430869,0.009002523016269689,,0,0,0,,,2020,9,0.0
2021-09-06,600795.SS,0,Hang Seng China A Industry Top Index,Removal,2021-05-07,2021-05-09,120,2.3299999237060547,0.026431693076513385,0.01746723254120064,0.12560386417788383,-0.016877621850007518,-0.016877621850007518,86962092.0,202621667.7253189,57723099.05,75622369.58333333,131618889.47027728,169304640.143098,0.013599366595171124,0.01587240964962856,,0,0,0,,,2021,9,0.0
2019-09-09,600808.SS,1,Hang Seng (China A) Corporate Sustainability Benchmark Index,,2019-05-10,2019-05-12,120,3.380000114440918,-0.050561750346008294,-0.16953317644180843,-0.06371185244835087,-0.20094560302596576,-0.22119815769465723,30080354.0,101671599.96242332,62730451.3,67112035.1,244830979.52301717,263804595.97988415,0.025533030565522998,0.021400520179043748,yfinance_info_static_sharesOutstanding,1,1,1,20170999691.634926,0.005040483938165314,2019,9,0.0
2019-09-09,600860.SS,1,Hang Seng (China A) Corporate Sustainability Benchmark Index,,2019-05-10,2019-05-12,120,8.140000343322754,0.04896908546814216,-0.15472479266991868,0.7505376723394563,-0.19165833267040178,-0.19165833267040178,24035700.0,195650606.25200272,20218899.5,13058141.85,180972323.40669072,109231393.81307513,0.06546084497587856,0.05992297909949721,yfinance_info_static_sharesOutstanding,1,1,1,3642536095.9521217,0.053712743291528496,2019,9,0.0
2019-09-09,600871.SS,1,Hang Seng (China A) Corporate Sustainability Benchmark Index,,2019-05-10,2019-05-12,120,2.430000066757202,-0.1352312753595496,-0.2658609943308239,0.3206521862367824,-0.2658609943308239,-0.2658609943308239,38575525.0,93738528.32519412,77804167.25,52326999.28333333,229563807.06638545,143217158.64573735,0.0405278275242372,0.04809846545799949,yfinance_info_static_sharesOutstanding,1,1,1,32919240917.29064,0.00284753006792324,2019,9,0.0
2019-09-09,600874.SS,1,Hang Seng (China A) Corporate Sustainability Benchmark Index,,2019-05-10,2019-05-12,120,8.119999885559082,-0.09070553101182177,-0.21088436193766236,0.08556147925850799,-0.25161294008552304,-0.3763441167379359,8374952.0,68004609.2815628,11226535.6,22166748.116666667,105214955.8737088,213295980.08450663,0.03708583059260708,0.03334462116407167,yfinance_info_static_sharesOutstanding,1,1,1,9990994709.389824,0.00680659046067256,2019,9,0.0
2016-09-05,600875.SS,0,Hang Seng China A Top 100 Index,Exclusion,2016-05-06,2016-05-08,120,10.100000381469727,-0.023210809243372932,-0.09090902848052718,-0.03901045085474075,-0.10777379383784835,-0.6885599664993596,19734078.0,199314195.32795334,15152045.35,18950984.883333333,162577183.84381804,205382269.68254107,0.01723111054388202,0.022406060295230044,yfinance_info_static_sharesOutstanding,1,1,1,30808640456.22012,0.006469425212423248,2016,9,0.0
2019-09-09,600875.SS,1,Hang Seng (China A) Corporate Sustainability Benchmark Index,,2019-05-10,2019-05-12,120,11.25,-0.07254741188281333,0.03974124928871059,0.21490277774630906,-0.2829827724109367,-0.2829827724109367,64840976.0,729460980.0,104102251.1,49496845.0,1402303047.6115994,619624732.6909149,0.07251915414602941,0.04633587810166482,yfinance_info_static_sharesOutstanding,1,1,1,34316553667.5,0.021256825119092503,2019,9,0.0
2021-09-06,600886.SS,0,Hang Seng China A Top 100 Index,Removal,2021-05-07,2021-05-09,120,10.119999885559082,-0.006869450216560824,0.027411116104857358,0.16724334446430023,-0.027857825754447063,-0.027857825754447063,13028963.0,131853104.06895351,22818018.5,29782925.216666665,230141362.65778488,283705641.1719426,0.015902106705294048,0.02142637774521833,,0,0,0,,,2021,9,0.0
2018-09-10,600887.SS,1,Hang Seng China 50 Index,,2018-05-11,2018-05-13,120,25.90999984741211,0.04349576830545776,-0.11960585869054907,-0.21532406153192096,-0.2435036540901574,-0.2693175263290498,74538300.0,1931287341.626358,83891741.05,78213323.2,2253695692.2480884,2278053385.9694257,0.03248908166301111,0.028484927838621093,yfinance_info_static_sharesOutstanding,1,1,1,163890093916.79657,0.011784039507639983,2018,9,0.0
2019-09-09,600887.SS,1,Hang Seng China A Industry Top Index,,2019-05-10,2019-05-12,120,30.260000228881836,0.008666674296061272,0.016118184391163526,0.2514474709251604,-0.03906000480077654,-0.04932452713124036,87265106.0,2640642127.5333977,68351982.85,62520005.0,2078288744.8322473,1775541058.1910408,0.027355721635682624,0.022541652921699008,yfinance_info_static_sharesOutstanding,1,1,1,191405415231.18018,0.013796068017950382,2019,9,1.0
2020-09-07,600887.SS,0,Hang Seng China 50 Index,Removal,2020-05-08,2020-05-10,120,29.440000534057617,-0.06301717178321131,-0.02484266269402402,-0.024196206178001445,-0.06301717178321131,-0.14592400662940574,79537690.0,2341589636.077709,61988044.45,58699236.38333333,1855322049.5089035,1734234746.1843843,0.019820845498202323,0.01973614172699904,yfinance_info_static_sharesOutstanding,1,1,1,186218621414.58704,0.01257441182997763,2020,9,2.0
2025-12-08,600887.SS,0,Hang Seng HKEX Stock Connect China Enterprises Index,Removal,2025-08-08,2025-08-10,120,27.299999237060547,-0.007633623775866627,-0.014084553610513084,-0.0921184065805114,-0.11878632535674127,-0.11878632535674127,41578737.0,1135099488.3779411,44334482.25,38022410.56666667,1229705910.5962982,1077629608.0679257,0.008740207319592295,0.010424640850799893,yfinance_info_static_sharesOutstanding,1,1,1,172682341383.2328,0.006573338531812134,2025,12,2.0
2017-09-04,600919.SS,1,Hang Seng China A Top 100 Index,,2017-05-05,2017-05-07,120,8.615983009338379,-0.01088132979749512,-0.07995944882170414,-0.04416401315749796,-0.14164300000874075,-0.3669916004681222,24647239.0,212360192.45110226,28613290.95,50438197.3,255108692.67093617,478482011.96882266,0.008703283806587463,0.01590063178834449,yfinance_info_static_sharesOutstanding,1,1,1,158114699772.06375,0.0013430768471068039,2017,9,0.0
2024-09-09,600938.SS,1,Hang Seng China A Industry Top Index,,2024-05-10,2024-05-12,120,29.139999389648438,-0.026069541599483936,0.0010305317302605754,0.3137961672096332,-0.04708961862819716,-0.04708961862819716,39992339.0,1165376734.0506134,52828338.25,55335022.53333333,1553908685.9638555,1540129554.8661773,0.021006191591225916,0.026849814753327355,,0,0,0,,,2024,9,0.0
2016-09-05,600958.SS,1,Hang Seng China 50 Index,,2016-05-06,2016-05-08,120,17.321916580200195,-0.019455260900477334,-0.08506225215975693,-0.047001656631420974,-0.22597634088745233,-0.5694410572883045,44831703.0,776571019.5143108,44487836.85,52548980.266666666,818783077.5073699,1011654241.378434,0.017711336851253274,0.03427705580047051,yfinance_info_static_sharesOutstanding,1,1,1,129385759067.44284,0.006001982174170499,2016,9,0.0
2018-09-10,600958.SS,0,Hang Seng China A Top 100 Index,Exclusion,2018-05-11,2018-05-13,120,11.773797035217285,-0.017213168781412325,-0.043859687846357964,-0.19095817330924725,-0.1893171172079834,-0.2917897381421434,6472247.0,76202922.53979397,11692937.45,14074365.85,138835200.46279454,179228492.1330866,0.017523164180219743,0.01760915552331661,yfinance_info_static_sharesOutstanding,1,1,1,87944175198.76952,0.0008664919804815018,2018,9,1.0
2019-09-09,600958.SS,1,Hang Seng (China A) Corporate Sustainability Benchmark Index,,2019-05-10,2019-05-12,120,10.693632125854492,-0.04973823298429647,-0.144540496728787,0.3595506060732634,-0.19808546070648891,-0.19808546070648891,48045105.0,513776678.3180523,49364614.7,74536085.5,562440630.1368763,863023551.299807,0.03342885566979827,0.03689549711564451,yfinance_info_static_sharesOutstanding,1,1,1,79875901917.99002,0.006432186253690828,2019,9,1.0
2021-09-06,600958.SS,1,Hang Seng (China A) Corporate Sustainability Index,,2021-05-07,2021-05-09,120,8.60204029083252,0.023364412817848068,-0.005675433839868016,-0.14033370506558174,-0.12400004195526282,-0.3338402952525735,23508109.0,202217700.77928257,23614344.75,31987446.866666667,203581691.87738976,294135588.5596584,0.009761790432792057,0.017610252465654168,yfinance_info_static_sharesOutstanding,1,1,1,64252792547.81108,0.0031472204204791654,2021,9,2.0
2018-09-10,600999.SS,0,Hang Seng (China A) Corporate Sustainability Benchmark Index,Exclusion,2018-05-11,2018-05-13,120,14.108863830566406,-0.0023460776804594685,-0.025214898958285326,-0.11636366199259296,-0.09521275828014408,-0.2047686095350475,8796823.0,124113177.84859467,11851594.2,15680625.883333333,165691652.21725434,224453600.3860614,0.01837644045480464,0.0168554956617222,yfinance_info_static_sharesOutstanding,1,1,1,104716061732.39398,0.0011852353478091144,2018,9,0.0
2017-03-06,601006.SS,0,Hang Seng China 50 Index,Exclusion,2016-11-04,2016-11-06,120,6.860000133514404,0.004392417297725437,0.08201892246236908,0.1190864609209008,-0.010100966314309456,-0.3042595971219153,23989475.0,164567801.70294046,39340128.75,36419190.53333333,263767642.48549375,235738698.75393516,0.012320381000424763,0.010098903778914365,yfinance_info_static_sharesOutstanding,1,1,1,138209641821.69843,0.0011907114404886901,2017,3,0.0
2021-09-06,601006.SS,0,Hang Seng China A Industry Top Index,Removal,2021-05-07,2021-05-09,120,6.929999828338623,0.03432836203300016,0.011678821141581697,0.08620685016177343,-0.011412324954513386,-0.03481894233663896,53606089.0,371490187.56790495,26924012.3,35450601.733333334,184420178.44411206,239905631.59464124,0.007473681132661558,0.0075534556392642446,yfinance_info_static_sharesOutstanding,1,1,1,139619938113.38773,0.0026607244823888365,2021,9,0.0
2016-09-05,601009.SS,1,Hang Seng China A Top 100 Index,,2016-05-06,2016-05-08,120,6.690475940704346,-0.0035460151768966774,0.06171283986710652,0.16356103316597315,-0.019197136556101113,-0.2605263285491608,52104265.0,348602331.3905835,47124274.65,52441584.11666667,309067720.18797636,330682334.3303738,0.013471586865041067,0.016588190456020887,yfinance_info_static_sharesOutstanding,1,1,1,82718149193.9528,0.004214339111640429,2016,9,0.0
2019-09-09,601012.SS,1,Hang Seng (China A) Corporate Sustainability Benchmark Index,,2019-05-10,2019-05-12,120,11.974489212036133,0.03437634073413087,0.046026749148094126,0.30824084198944646,-0.036930655683297564,-0.036930655683297564,92557632.0,1108330365.8756104,52096280.7,91070531.28333333,616756436.0997604,1016629122.9592369,0.027006331407640773,0.030089615046635095,yfinance_info_static_sharesOutstanding,1,1,1,90743470331.46512,0.01221388560330714,2019,9,0.0
2021-09-06,601012.SS,1,Hang Seng China 50 Index,,2021-05-07,2021-05-09,120,49.3520393371582,0.05278618864256179,0.03798689605168604,-0.09530494734242956,-0.20907608497295782,-0.21357723690408403,105036143.0,5183747861.159374,120516617.5,142593077.98333332,5564655788.488348,6911074244.705377,0.030235689081764612,0.03953118902617394,yfinance_info_static_sharesOutstanding,1,1,1,373993014490.11163,0.013860547283822149,2021,9,1.0
2024-09-09,601012.SS,0,Hang Seng (China A) Corporate Sustainability Index,Removal,2024-05-10,2024-05-12,120,18.6200008392334,0.02307692630151914,-0.05338074392414438,-0.049515023266926916,-0.1657705603127232,-0.4864864395711842,105445146.0,1963388707.0130882,97618921.05,111159496.05,1824341241.3920608,2233335514.8318286,0.022745602350842314,0.023241576489803087,yfinance_info_static_sharesOutstanding,1,1,1,141103596471.44614,0.013914519233465475,2024,9,2.0
2016-09-05,601018.SS,1,Hang Seng China A Industry Top Index,,2016-05-06,2016-05-08,120,5.829999923706055,-0.02508362790785945,-0.09472051678485294,-0.2864137246923204,-0.2864137246923204,-0.5566539853361873,39795280.0,232006479.36386108,43366455.75,66824144.13333333,272118693.1149115,432687333.6695669,0.017946784985442416,0.033077044172497364,yfinance_info_static_sharesOutstanding,1,1,1,113419082881.91795,0.0020455682894685895,2016,9,0.0
2019-09-09,601018.SS,0,Hang Seng China A Industry Top Index,Exclusion,2019-05-10,2019-05-12,120,4.570000171661377,-0.15055760697947773,-0.02141325546014272,0.3682635596108923,-0.15837931562888719,-0.15837931562888719,83868702.0,383279982.53701687,67817628.45,51157557.78333333,342128711.88579285,234023439.1303095,0.052795170837622946,0.03776980191148051,yfinance_info_static_sharesOutstanding,1,1,1,88906558322.9971,0.0043110428495563005,2019,9,1.0
2019-09-09,601066.SS,1,Hang Seng (China A) Corporate Sustainability Benchmark Index,,2019-05-10,2019-05-12,120,21.84000015258789,-0.21297296747431027,-0.1538163268307351,0.8698629779067633,-0.2991014037375953,-0.2991014037375953,70625773.0,1542466893.0966377,57181137.75,81422410.36666666,1420639055.5188813,1932893667.6088006,0.07149621223249245,0.06961068943931588,yfinance_info_static_sharesOutstanding,1,1,1,141865456395.56073,0.010872744727904775,2019,9,0.0
2021-09-06,601066.SS,1,Hang Seng China A Top 100 Index,,2021-05-07,2021-05-09,120,26.56999969482422,-0.08599931290832152,-0.1899390148520822,-0.3362478015221434,-0.3303931580021061,-0.5517125107201875,27747106.0,737240597.9522552,18322516.6,21212732.866666667,544213575.9551607,708032713.5548698,0.021529503170479965,0.02167592352615076,yfinance_info_static_sharesOutstanding,1,1,1,172589977417.6285,0.004271630421321051,2021,9,1.0
2018-09-10,601088.SS,0,Hang Seng (China A) Corporate Sustainability Benchmark Index,Exclusion,2018-05-11,2018-05-13,120,21.420000076293945,0.0546529118433956,0.02145926455290237,-0.2533984078924476,-0.23225805128443522,-0.2533984078924476,20808439.0,445716764.9675579,22534338.0,32943855.733333334,465651660.1719416,757102043.9230328,0.019182530458072354,0.02189143632463283,yfinance_info_static_sharesOutstanding,1,1,1,392242019748.7711,0.0011363309959831359,2018,9,0.0
2019-09-09,601088.SS,1,Hang Seng (China A) Corporate Sustainability Benchmark Index,,2019-05-10,2019-05-12,120,18.610000610351562,-0.03923594196973268,-0.09130854363684082,-0.0615229106428804,-0.12299711533733959,-0.1662185992472467,12659059.0,235585095.71647644,20146904.4,23740635.683333334,400321969.01963264,478728296.1935074,0.012646074758981012,0.017364565093891657,yfinance_info_static_sharesOutstanding,1,1,1,340785443554.1687,0.0006913003479828199,2019,9,0.0
2021-09-06,601088.SS,1,Hang Seng (China A) Corporate Sustainability Index,,2021-05-07,2021-05-09,120,20.020000457763672,0.04816754229944964,0.026666690141726734,0.1790342165773089,-0.018146098232479924,-0.018146098232479924,58591041.0,1172992667.64085,31806818.05,39891076.55,623574691.7364197,750209779.646065,0.013301827482237865,0.021168294461565474,yfinance_info_static_sharesOutstanding,1,1,1,366605293508.6265,0.0031996064661659026,2021,9,1.0
2020-09-07,601111.SS,0,Hang Seng China A Industry Top Index,Removal,2020-05-08,2020-05-10,120,6.960000038146973,0.03417533706116549,0.03571432372745331,-0.1156289530679534,-0.17044103059112004,-0.3307692025540133,35663989.0,248221364.8004732,44634698.2,61359580.15,307034538.81317925,454208670.2104514,0.021784705551177393,0.024917154797614374,,0,0,0,,,2020,9,0.0
2021-09-06,601111.SS,0,Hang Seng China A Top 100 Index,Removal,2021-05-07,2021-05-09,120,8.399999618530273,-0.02552207307999743,-0.050847541643237903,0.15384606819282065,-0.09967849011582497,-0.09967849011582497,33303313.0,279747816.4957943,38185207.4,66345261.13333333,337254633.073472,561191363.9209181,0.02205076405011683,0.026418523201334632,,0,0,0,,,2021,9,0.0
2018-09-10,601117.SS,0,Hang Seng China A Top 100 Index,Exclusion,2018-05-11,2018-05-13,120,7.760000228881836,0.041610795644742016,0.02917775439547099,0.03328894705469576,-0.015228411651818319,-0.04433493371317443,17977220.0,139503231.31465912,25048785.7,22864946.3,189729084.67629224,165776893.1505952,0.019824206963393532,0.020658684552674687,yfinance_info_static_sharesOutstanding,1,1,1,47387730814.82497,0.002943868147217051,2018,9,0.0
2019-09-09,601138.SS,1,Hang Seng (China A) Corporate Sustainability Benchmark Index,,2019-05-10,2019-05-12,120,14.220000267028809,-0.11180511781779301,-0.10227271906272117,0.2365217623503313,-0.2748597743784631,-0.4471228364440346,60500408.0,860315817.9153519,92233828.85,74045403.21666667,1574146172.663054,1178494799.0356135,0.05406966543263506,0.04190117848933972,yfinance_info_static_sharesOutstanding,1,1,1,282182997577.4243,0.0030487868698726318,2019,9,0.0
2019-09-09,601155.SS,1,Hang Seng China A Top 100 Index,,2019-05-10,2019-05-12,120,38.29999923706055,-0.04226062441793432,-0.11198705567910061,0.3053851069486908,-0.17934431669753625,-0.17934431669753625,14745287.0,564744480.8502388,15984732.55,17370831.216666665,655813846.7071806,675955478.7849691,0.03458787615545106,0.03203701257224148,yfinance_info_static_sharesOutstanding,1,1,1,86390353663.89633,0.006537124307273822,2019,9,0.0
2018-09-10,601166.SS,0,Hang Seng (China A) Corporate Sustainability Benchmark Index,Exclusion,2018-05-11,2018-05-13,120,16.31999969482422,0.019999980926513672,-0.024506865429196778,-0.15919629968466353,-0.14778067781096138,-0.15919629968466353,37230801.0,607606660.9580612,52016415.15,85854470.41666667,841364755.960515,1507988179.2668254,0.009500565722018869,0.010827682906672841,yfinance_info_static_sharesOutstanding,1,1,1,345377824563.36847,0.0017592520936345758,2018,9,0.0
2019-09-09,601166.SS,1,Hang Seng (China A) Corporate Sustainability Benchmark Index,,2019-05-10,2019-05-12,120,18.479999542236328,-0.0248021742364416,-0.04149383381315486,0.12682926659070604,-0.1029126601929774,-0.1029126601929774,99451992.0,1837872766.634491,120659249.3,105831965.25,2345294738.922452,1972353499.0808616,0.024868369647326746,0.023096074404181825,yfinance_info_static_sharesOutstanding,1,1,1,391089593087.05273,0.004699365053739486,2019,9,0.0
2016-09-05,601186.SS,1,Hang Seng China A Industry Top Index,,2016-05-06,2016-05-08,120,10.1899995803833,-0.026743140353803097,-0.08855104631206134,0.03451768383209375,-0.12831480357938707,-0.623846455408386,23884617.0,243384237.20761585,16086595.8,26759633.65,175801731.82509398,290707749.6130217,0.013433515730687717,0.02270348879558583,yfinance_info_static_sharesOutstanding,1,1,1,117218066818.0461,0.0020763372389122703,2016,9,0.0
2019-09-09,601186.SS,1,Hang Seng (China A) Corporate Sustainability Benchmark Index,,2019-05-10,2019-05-12,120,10.119999885559082,-0.06296299010801332,-0.16912975106752015,0.0029732143228458074,-0.16912975106752015,-0.16912975106752015,88516997.0,895791999.5100336,123878349.8,128979711.9,1417807232.9485533,1475064587.6806054,0.02226854144568448,0.023012865611420266,yfinance_info_static_sharesOutstanding,1,1,1,116412843143.55803,0.007694958522792546,2019,9,1.0
2020-09-07,601186.SS,0,Hang Seng China A Industry Top Index,Removal,2020-05-08,2020-05-10,120,9.760000228881836,0.009307151176609185,-0.012145737264080192,0.09786275050175175,-0.10867576265858969,-0.17006802390089437,44822312.0,437465775.37901306,64995224.2,96674214.61666666,636752181.9483526,963684978.1778381,0.015165990451410004,0.02410055743621277,yfinance_info_static_sharesOutstanding,1,1,1,112271678712.88394,0.0038964926898239285,2020,9,2.0
2019-09-09,601200.SS,1,Hang Seng (China A) Corporate Sustainability Benchmark Index,,2019-05-10,2019-05-12,120,8.766666412353516,-0.08153121094890825,-0.15318885905236546,0.05524697615013974,-0.1922031948362959,-0.31448619216889184,8732053.0,76550995.74599075,8634462.75,11057983.866666667,84483239.76375881,109323827.28511482,0.020415452599425673,0.023525247492175168,yfinance_info_static_sharesOutstanding,1,1,1,11801951524.735943,0.006486299794194715,2019,9,0.0
2016-03-14,601211.SS,1,Hang Seng China 50 Index,,2015-11-13,2015-11-15,120,24.719999313354492,-0.042231699928014454,0.17490485920612953,-0.08001494077884985,-0.08714921037668089,-0.2900631955769669,97282649.0,2404827016.481306,109673362.25,91165041.28333333,2582343832.3850837,1993988920.1982572,0.036682728790226896,0.04172278048474901,yfinance_info_static_sharesOutstanding,1,1,1,349124653352.71155,0.006888161558879579,2016,3,0.0
2016-09-05,601211.SS,1,Hang Seng China A Top 100 Index,,2016-05-06,2016-05-08,120,17.989999771118164,-0.017476772482677316,-0.06253260706323283,0.03509785039164859,-0.12712279289877748,-0.48334290842075256,31158319.0,560538151.6784267,25616391.0,36776362.483333334,489338396.95639133,684575862.7653213,0.016667332914350706,0.025981088676656383,yfinance_info_static_sharesOutstanding,1,1,1,254075752765.65384,0.0022061851458743398,2016,9,1.0
2019-09-09,601211.SS,1,Hang Seng (China A) Corporate Sustainability Benchmark Index,,2019-05-10,2019-05-12,120,17.469999313354492,-0.09575571483913314,-0.17282203507769334,0.04174113515105815,-0.1989913002687167,-0.1989913002687167,53771218.0,939383141.5382347,41008487.55,62900600.85,792885958.5587813,1246313623.9848688,0.030669748528790952,0.033404674311233104,yfinance_info_static_sharesOutstanding,1,1,1,246731699990.46152,0.003807306242264576,2019,9,2.0
2026-03-09,601211.SS,1,Hang Seng HKEX Stock Connect China Enterprises Index,,2025-11-07,2025-11-09,120,19.700000762939453,0.016511951291549698,0.040126726898197074,-0.024269428338627552,-0.0896487375890126,-0.0896487375890126,66717983.0,1314344316.0017815,119439639.45,131705240.45,2283909587.8410797,2585136877.888547,0.011313875209302618,0.01325083212440062,yfinance_info_static_sharesOutstanding,1,1,1,278226380600.82056,0.00472401040175809,2026,3,3.0
2016-09-05,601225.SS,0,Hang Seng China A Top 100 Index,Exclusion,2016-05-06,2016-05-08,120,4.659999847412109,-0.05668020375811378,0.06150341438225637,0.16791975846465124,-0.08267718161451054,-0.6180327934207728,40785957.0,190062553.39655685,35023546.95,34785279.6,167166906.0348852,160309668.39107862,0.03369992839095143,0.03296115563259267,yfinance_info_static_sharesOutstanding,1,1,1,45178698520.6604,0.004206906343476018,2016,9,0.0
2017-09-04,601225.SS,1,Hang Seng China A Industry Top Index,,2017-05-05,2017-05-07,120,5.519999980926514,-0.08153082018209623,-0.12101914068328179,0.05343515687761191,-0.12101914068328179,-0.20803441218256724,56042452.0,309354333.97107506,36616663.3,40299396.78333333,219347347.07744208,235864198.3948683,0.01716870642891427,0.018007042035397505,yfinance_info_static_sharesOutstanding,1,1,1,53516399815.08255,0.005780552037132542,2017,9,0.0
2018-09-10,601225.SS,1,Hang Seng China A Top 100 Index,,2018-05-11,2018-05-13,120,8.579999923706055,0.08196722691526337,0.0929936341327453,-0.18672987975477828,-0.12981742165724808,-0.18750003951065308,84022185.0,720910340.889616,68575170.45,71920833.98333333,546195007.5702727,594269661.7425082,0.01859587093382262,0.02496539567785882,yfinance_info_static_sharesOutstanding,1,1,1,83183099260.3302,0.008666548220732337,2018,9,1.0
2024-09-09,601225.SS,1,Hang Seng Stock Connect China Enterprises Index,,2024-05-10,2024-05-12,120,24.959999084472656,0.017529489840627965,-0.015772930451572353,0.04304215487511298,-0.09989183207683106,-0.09989183207683106,31707079.0,791408662.8113022,40812640.2,42880166.7,1034069946.1329275,1089238654.2241032,0.02164103235974116,0.020413501223971273,yfinance_info_static_sharesOutstanding,1,1,1,241987191123.9624,0.003270456833419288,2024,9,2.0
2017-09-04,601229.SS,1,Hang Seng China A Top 100 Index,,2017-05-05,2017-05-07,120,9.374470710754395,-0.02419711648182865,-0.06806724242626783,-0.02719300676324299,-0.10995191763113454,-0.2665344617091374,27674915.0,259437680.09011745,31989743.0,56994198.5,310427963.1669683,574719919.200178,0.00813323763063247,0.013466632831383767,yfinance_info_static_sharesOutstanding,1,1,1,133202021794.65396,0.0019477007675609466,2017,9,0.0
2018-09-10,601229.SS,0,Hang Seng China 50 Index,Exclusion,2018-05-11,2018-05-13,120,8.521978378295898,0.021739197547627098,0.03262329620672566,-0.06622509220773576,-0.03424643173571551,-0.25898556322687016,24304247.0,207120267.43476295,30888092.8,42501484.6,255319516.58685002,356760017.5366489,0.00965643074117205,0.013889753471363,yfinance_info_static_sharesOutstanding,1,1,1,121088943013.82817,0.0017104804309928624,2018,9,1.0
2019-09-09,601231.SS,1,Hang Seng (China A) Corporate Sustainability Benchmark Index,,2019-05-10,2019-05-12,120,13.350000381469727,-0.0037312864540238744,-0.12171049019801605,0.39352823463334996,-0.1523809281606523,-0.1523809281606523,10938447.0,146028271.6226864,14347012.55,17579393.6,202493310.4832445,235050808.84778294,0.03838096226338364,0.039571296500076666,yfinance_info_static_sharesOutstanding,1,1,1,31894553702.67126,0.00457847044934371,2019,9,0.0
2020-09-07,601231.SS,1,Hang Seng (China A) Corporate Sustainability Index,,2020-05-08,2020-05-10,120,18.510000228881836,0.12522792525234405,0.07428907258574258,-0.020634888757673164,-0.31215160409367626,-0.31215160409367626,23102032.0,427618617.6076355,18622007.95,30683075.466666665,325495558.74762917,624704492.9530208,0.025039900885007866,0.04100232035684631,yfinance_info_static_sharesOutstanding,1,1,1,44222335540.60275,0.00966974295636234,2020,9,1.0
2017-09-04,601238.SS,1,Hang Seng Corporate Sustainability Benchmark Index,,2017-05-05,2017-05-07,120,19.107141494750977,0.04860835173190847,0.03202161944538573,0.11877868102732947,-0.008524831008757339,-0.008524831008757339,14760298.0,282027102.39068985,6613525.05,6366460.033333333,121872221.05023718,117347130.1975391,0.010888346852943908,0.015185764902843539,yfinance_info_static_sharesOutstanding,1,1,1,141081354702.1175,0.001999038802726048,2017,9,0.0
2018-09-10,601238.SS,1,Hang Seng (China A) Corporate Sustainability Index,,2018-05-11,2018-05-13,120,12.949999809265137,0.011718720023055074,-0.10203066890191437,-0.17665757046704944,-0.20829688895087173,-0.3687325511954793,5223635.0,67646072.25367069,10416433.5,8803335.216666667,134882211.06511265,126973419.40051134,0.025207399809146932,0.02032218985281288,yfinance_info_static_sharesOutstanding,1,1,1,95618882446.92145,0.0007074551649484231,2018,9,1.0
2018-09-10,601288.SS,1,Hang Seng (China A) Corporate Sustainability Benchmark Index,,2018-05-11,2018-05-13,120,3.9100000858306885,0.02088777120580798,-0.020050106144070656,-0.17684208719353922,-0.16985136854288085,-0.17684208719353922,225616023.0,882158669.2947786,273227600.8,449086762.71666664,1043263140.6723824,1823305167.4350495,0.01215425902967111,0.016487534276689246,yfinance_info_static_sharesOutstanding,1,1,1,1248244891539.0205,0.0007067192305566925,2018,9,0.0
2016-09-05,601318.SS,1,Hang Seng China A Industry Top Index,,2016-05-06,2016-05-08,120,31.399999618530273,-0.02454175339800191,0.0009562887629686045,0.059379226218759795,-0.04355778656008913,-0.3259632878473905,49181874.0,1544310824.838604,44346839.65,51205254.233333334,1417954690.4291584,1606172266.58997,0.006735285559209401,0.014149195732636965,yfinance_info_static_sharesOutstanding,1,1,1,334726039539.7079,0.004613656072178411,2016,9,0.0
2024-09-09,601318.SS,1,Hang Seng (China A) Corporate Sustainability Index,,2024-05-10,2024-05-12,120,42.93000030517578,0.037959373105794336,0.07030664801576769,0.06526057364528781,-0.025867923701899276,-0.21831752118574022,67767018.0,2909238103.4208527,61602606.9,56212957.71666667,2493083321.6777587,2334257175.3462873,0.015567868821291415,0.013964692480665904,yfinance_info_static_sharesOutstanding,1,1,1,457636597266.38367,0.0063570923322101075,2024,9,1.0
2019-09-09,601319.SS,1,Hang Seng China A Top 100 Index,,2019-05-10,2019-05-12,120,8.359999656677246,-0.08633879724466276,-0.16650051054380643,0.44636667010682385,-0.27619051786826465,-0.27619051786826465,77457049.0,647540903.0472326,65159126.65,139650190.15,601854703.9599842,1258909675.490193,0.03946253927654612,0.05159175168301446,yfinance_info_static_sharesOutstanding,1,1,1,296761232846.69244,0.0021820265970580927,2019,9,0.0
2024-06-11,601319.SS,1,Hang Seng Stock Connect China Enterprises Index,,2024-02-08,2024-02-12,120,5.110000133514404,0.0098814607312816,0.0849257095812681,-0.03766474791343333,-0.03219698286718742,-0.23958328972378284,125787247.0,642772848.9644094,89062448.25,59384161.18333333,443446761.31829727,293952778.4772183,0.01858169702789005,0.013635632890278202,yfinance_info_static_sharesOutstanding,1,1,1,181393540878.59183,0.003543526665012965,2024,6,1.0
2019-09-09,601326.SS,1,Hang Seng (China A) Corporate Sustainability Benchmark Index,,2019-05-10,2019-05-12,120,3.609999895095825,-0.0975000262260437,-0.2186147219657416,0.2237287582182681,-0.2765530940521681,-0.32649257366177564,10878400.0,39271022.858810425,19273135.55,34699188.516666666,81164688.67797224,148617835.1205428,0.030389465743346854,0.03393371482998745,yfinance_info_static_sharesOutstanding,1,1,1,17174787490.912199,0.002286550729060848,2019,9,0.0
2019-09-09,601328.SS,0,Hang Seng (China A) Corporate Sustainability Index,Exclusion,2019-05-10,2019-05-12,120,6.050000190734863,-0.021035540649635864,-0.04423376561547554,-0.0319999694824219,-0.10104009307747941,-0.10104009307747941,104895106.0,634615411.3071537,145374196.55,138509860.26666668,914722847.1875687,879013888.1193503,0.011062660521967369,0.014998965668024465,yfinance_info_static_sharesOutstanding,1,1,1,322779135813.7215,0.0019660979936243325,2019,9,0.0
2019-09-09,601330.SS,1,Hang Seng (China A) Corporate Sustainability Benchmark Index,,2019-05-10,2019-05-12,120,11.239999771118164,-0.09791334376354022,-0.20845070971167534,0.019963639221040275,-0.24309767795401738,-0.5937838908519575,7601310.0,85438722.66019821,9259608.45,13074524.383333333,121978709.20361118,175428912.19699854,0.044796596362271984,0.03606156892517675,yfinance_info_static_sharesOutstanding,1,1,1,11534763797.03584,0.007407063045552258,2019,9,0.0
2018-09-10,601336.SS,1,Hang Seng (China A) Corporate Sustainability Benchmark Index,,2018-05-11,2018-05-13,120,46.709999084472656,0.06110855517346003,0.0006426473671969912,-0.2532374156002032,-0.2403643225004164,-0.3487172575369524,10968710.0,512348434.05784607,21568719.75,18707479.15,947942860.9444939,897574413.5893586,0.02682664227188557,0.026661303143836093,yfinance_info_static_sharesOutstanding,1,1,1,97410869662.12326,0.005259663894131776,2018,9,0.0
2019-03-11,601360.SS,1,Hang Seng China 50 Index,,2018-11-09,2018-11-11,120,22.200000762939453,-0.030567636124517406,0.03689868851740474,-0.08302347780022579,-0.26949650513973666,-0.6489563539891785,4230319.0,93913085.02747726,7653839.15,10708690.016666668,169174033.88976985,273739928.11959285,0.027882243418948068,0.034585136588438814,yfinance_info_static_sharesOutstanding,1,1,1,155390190254.03885,0.0006043694577755773,2019,3,0.0
2019-09-09,601360.SS,1,Hang Seng China A Industry Top Index,,2019-05-10,2019-05-12,120,21.299999237060547,-0.10729259462719254,-0.19622644388450772,0.08396944786575444,-0.25524479185458104,-0.47601479858493034,8299964.0,176789226.86763,6612926.0,11125271.2,159745359.46348256,284070671.5619554,0.035232155480615646,0.034076598745975725,yfinance_info_static_sharesOutstanding,1,1,1,149090577482.46115,0.0011857840371463267,2019,9,1.0
2020-03-09,601360.SS,0,Hang Seng China 50 Index,Removal,2019-11-08,2019-11-10,120,22.709999084472656,-0.006126971319904473,-0.1080125726193426,0.30968851699135236,-0.14495483655436603,-0.20594409854670037,12068076.0,274065994.91134644,14068792.7,14520016.0,333297421.8939086,338568184.3609232,0.03666601870269593,0.032940625733419514,yfinance_info_static_sharesOutstanding,1,1,1,158959953023.80338,0.0017241197527927464,2020,3,2.0
2021-09-06,601360.SS,0,Hang Seng China A Industry Top Index,Removal,2021-05-07,2021-05-09,120,12.489999771118164,-0.04583654503251522,-0.12473725504872624,-0.23794995508013428,-0.25119906818931326,-0.4209550325531449,15301540.0,191116231.09775543,20010210.9,22236150.233333334,267338341.0448107,324964650.4439828,0.018197190383662236,0.01683634007135433,yfinance_info_static_sharesOutstanding,1,1,1,87424476306.63834,0.0021860723583567356,2021,9,2.0
2020-03-09,601390.SS,0,Hang Seng China 50 Index,Removal,2019-11-08,2019-11-10,120,5.829999923706055,0.0,-0.03636367935421281,-0.01520272828175917,-0.08188976200568976,-0.23790851620557552,30661170.0,178754618.76073837,36520926.5,31988211.566666666,215470435.04712838,193474540.59656283,0.007760066881834741,0.010558584269044057,,0,0,0,,,2020,3,0.0
2019-09-09,601398.SS,0,Hang Seng (China A) Corporate Sustainability Index,Exclusion,2019-05-10,2019-05-12,120,5.610000133514404,-0.017513118032311037,-0.034423375427686365,-0.008833871951527739,-0.06655575376606127,-0.07881773514726675,216535905.0,1214766455.9606624,261476011.25,282149611.1666667,1518004639.5670571,1613338700.5754852,0.012549435821800592,0.01433148534173956,yfinance_info_static_sharesOutstanding,1,1,1,1512524548340.904,0.0008031383406590961,2019,9,0.0
2018-09-10,601600.SS,1,Hang Seng China A Industry Top Index,,2018-05-11,2018-05-13,120,4.559999942779541,0.0044052821794189345,-0.03389827426361236,-0.4363411796326291,-0.4363411796326291,-0.4384236444523578,99884475.0,455473200.2845645,205050931.65,216143128.0,984480516.5247538,1089499801.1749265,0.028927643551633003,0.0333585986901547,yfinance_info_static_sharesOutstanding,1,1,1,60242183681.10021,0.007560702027264994,2018,9,0.0
2019-09-09,601600.SS,1,Hang Seng (China A) Corporate Sustainability Benchmark Index,,2019-05-10,2019-05-12,120,3.8499999046325684,-0.0745192197476614,-0.1538462102765844,0.0906515398969856,-0.1791045079615029,-0.19456072476052655,79154376.0,304744340.05125046,108663029.35,124912635.0,470701177.41835797,535743368.9777567,0.02428418269618779,0.025515861413905095,yfinance_info_static_sharesOutstanding,1,1,1,50862369372.25035,0.005991548247013318,2019,9,1.0
2024-09-09,601600.SS,1,Hang Seng China A Industry Top Index,,2024-05-10,2024-05-12,120,7.900000095367432,0.06469002885957265,0.0972222645341625,0.4157706457674122,-0.002525250092658138,-0.002525250092658138,169456723.0,1338708127.8606524,198462782.3,171353525.8,1470855182.6080027,1183513314.1420608,0.02716047374923085,0.022609857986120897,yfinance_info_static_sharesOutstanding,1,1,1,104366943595.99965,0.012826936209253565,2024,9,2.0
2018-09-10,601601.SS,1,Hang Seng (China A) Corporate Sustainability Benchmark Index,,2018-05-11,2018-05-13,120,35.33000183105469,0.08208270076347679,0.03183411504542599,-0.1797074046578101,-0.17549584389385797,-0.2602595671548483,20415670.0,721285658.4822083,28125976.2,28096537.4,931104009.380917,1022994271.2428826,0.024046838440126287,0.027505504600913406,yfinance_info_static_sharesOutstanding,1,1,1,241835327138.79523,0.0029825487740599813,2018,9,0.0
2019-09-09,601601.SS,1,Hang Seng (China A) Corporate Sustainability Index,,2019-05-10,2019-05-12,120,33.75,-0.06793701040239841,-0.052498567882068636,0.09506814841623235,-0.14318353584769572,-0.14318353584769572,29875746.0,1008306427.5,32905018.25,33663682.25,1186245364.8988352,1161107023.5076632,0.026765389806001332,0.025246019730587033,yfinance_info_static_sharesOutstanding,1,1,1,231020149106.25,0.0043645821864493,2019,9,1.0
2020-09-07,601601.SS,0,Hang Seng (China A) Corporate Sustainability Index,Removal,2020-05-08,2020-05-10,120,29.690000534057617,-0.006358722625349311,0.06225401515642637,-0.1046441293522895,-0.14190746117332598,-0.258120934671356,46602933.0,1383641105.6586514,24350830.9,28929913.05,709786208.9571229,884882783.9689221,0.0201092067396169,0.02265873988531943,yfinance_info_static_sharesOutstanding,1,1,1,203229284454.59653,0.006808276225406732,2020,9,2.0
2019-09-09,601607.SS,1,Hang Seng (China A) Corporate Sustainability Benchmark Index,,2019-05-10,2019-05-12,120,18.700000762939453,-0.02604166563186383,-0.1298277821262881,0.16149070309726166,-0.18907193425751245,-0.30843194786279615,13955613.0,260969973.74728775,19850889.15,25363477.9,408056446.5216218,510427760.8415758,0.01665465477773217,0.027935175408327406,yfinance_info_static_sharesOutstanding,1,1,1,52159708391.5587,0.005003286670780582,2019,9,0.0
2020-09-07,601607.SS,0,Hang Seng (China A) Corporate Sustainability Index,Removal,2020-05-08,2020-05-10,120,18.530000686645508,0.007065275587522901,-0.049743554530999545,-0.07210809595501677,-0.1108445033123251,-0.1499999387548583,15106550.0,279924381.8728447,28669581.65,32084727.016666666,559882441.8521594,621803181.484224,0.013591638080335883,0.02336553421066648,yfinance_info_static_sharesOutstanding,1,1,1,51685529030.90283,0.005415914030897848,2020,9,1.0
2021-09-06,601607.SS,0,Hang Seng China A Top 100 Index,Removal,2021-05-07,2021-05-09,120,21.329999923706055,0.037956239202132425,0.05541815388274296,0.17520663206676623,-0.046916857749541574,-0.15357145722490773,21543376.0,459520208.43637085,16665021.05,13785045.05,348822919.0979365,275663138.22165036,0.018552898576320948,0.01704466672643281,yfinance_info_static_sharesOutstanding,1,1,1,59495536396.84413,0.0077236081270248965,2021,9,1.0
2018-09-10,601618.SS,1,Hang Seng (China A) Corporate Sustainability Benchmark Index,,2018-05-11,2018-05-13,120,3.7200000286102295,0.008130073421291018,-0.03626939644829197,-0.17333332697550452,-0.17333332697550452,-0.33333331909088515,19734532.0,73412459.60460949,27182622.95,26650564.016666666,100846294.01824315,105104538.54267403,0.01799874414900119,0.0177402023780486,yfinance_info_static_sharesOutstanding,1,1,1,66411743823.167534,0.0011054138225926207,2018,9,0.0
2019-09-09,601618.SS,1,Hang Seng (China A) Corporate Sustainability Index,,2019-05-10,2019-05-12,120,3.0999999046325684,-0.06906907637929094,-0.16216219873477056,0.061643775217663066,-0.17989419891640646,-0.1989664092238791,111311379.0,345065264.2845197,124636353.2,141322163.73333332,439253317.1212004,501945676.5956532,0.02482441937289212,0.025349599414141888,yfinance_info_static_sharesOutstanding,1,1,1,55343117724.44156,0.006235016718838125,2019,9,1.0
2020-09-07,601618.SS,0,Hang Seng (China A) Corporate Sustainability Index,Removal,2020-05-08,2020-05-10,120,2.5999999046325684,0.035856539645922725,-0.007633580839735754,0.048387050256521125,-0.13043481727767603,-0.2837466053267569,43623548.0,113421220.63973427,33447463.1,81753146.73333333,86635739.74605832,222538373.04985037,0.009607935722859685,0.022331041814712082,yfinance_info_static_sharesOutstanding,1,1,1,46416808139.44156,0.002443537700804492,2020,9,2.0
2018-09-10,601628.SS,0,Hang Seng (China A) Corporate Sustainability Benchmark Index,Exclusion,2018-05-11,2018-05-13,120,25.149999618530273,0.032854177598672374,-0.01719423725806901,-0.2128325815972083,-0.18975519082702974,-0.275216165257519,7243696.0,182178951.63674927,11562002.75,14351122.366666667,286086131.17734164,382471966.92274207,0.015019849426046566,0.017484118432185735,yfinance_info_static_sharesOutstanding,1,1,1,523711771556.45374,0.0003478610975180481,2018,9,0.0
2018-09-10,601633.SS,0,Hang Seng China A Industry Top Index,Exclusion,2018-05-11,2018-05-13,120,11.270000457763672,0.02361491584712172,-0.0070484511909501,-0.08522721291151203,-0.12227411808151623,-0.18686863369912177,8103011.0,91320937.67926407,4230989.25,6134411.383333334,46362908.379871085,73138980.05749522,0.014346896110422735,0.013811135676486277,yfinance_info_static_sharesOutstanding,1,1,1,70309899374.02997,0.0012988347088005484,2018,9,0.0
2024-06-11,601633.SS,0,Hang Seng Stock Connect China Enterprises Index,Removal,2024-02-08,2024-02-12,120,22.18000030517578,0.07098026488109599,-0.056170199779754015,-0.21123756603058308,-0.2075741162362389,-0.3776655251117116,20412107.0,452740539.4892807,16827527.65,14785361.333333334,366532297.53660315,359623819.5057987,0.025664754890189774,0.018723048530499223,yfinance_info_static_sharesOutstanding,1,1,1,138373871005.3533,0.0032718643787291706,2024,6,0.0
2020-09-07,601658.SS,1,Hang Seng China A Top 100 Index,,2020-05-08,2020-05-10,120,5.170000076293945,0.02988049719867658,-0.022684288549039477,-0.06170601424038202,-0.08007114206913735,-0.13545149501605502,20602461.0,106514724.94184303,22998695.5,41924646.63333333,119003092.17875151,226746265.48454392,0.008516252166362391,0.009745240951054085,,0,0,0,,,2020,9,0.0
2021-03-15,601668.SS,0,Hang Seng China 50 Index,Removal,2020-11-13,2020-11-15,120,5.25,-0.02234634788015244,0.02539064791926693,-0.0075614295163465295,-0.02234634788015244,-0.13793105608231226,238334956.0,1251258519.0,345254657.4,236209149.76666668,1798373535.6206787,1222666909.652423,0.011148788965599942,0.010484266075399646,,0,0,0,,,2021,3,0.0
2019-09-09,601688.SS,1,Hang Seng (China A) Corporate Sustainability Benchmark Index,,2019-05-10,2019-05-12,120,18.989999771118164,-0.10845068303679284,-0.1960203600172905,-0.00783697091502511,-0.2289890207804982,-0.2289890207804982,111465470.0,2116729249.7875786,78841535.3,107182078.2,1662281165.5868745,2383304589.4189806,0.03729483934280048,0.03776784240960315,yfinance_info_static_sharesOutstanding,1,1,1,138775464160.31317,0.015252907007699407,2019,9,0.0
2020-09-07,601698.SS,1,Hang Seng China A Industry Top Index,,2020-05-08,2020-05-10,120,18.610000610351562,0.17859408836677382,0.1403186861733583,0.011963090157956158,-0.12711065306115144,-0.12711065306115144,69486430.0,1293142504.7111511,47409952.75,54468846.95,832819439.4226214,983207952.1444329,0.04538000132963135,0.04813486764449679,,0,0,0,,,2020,9,0.0
2019-09-09,601717.SS,1,Hang Seng (China A) Corporate Sustainability Benchmark Index,,2019-05-10,2019-05-12,120,6.010000228881836,-0.006611563734210235,-0.08523590991595542,0.10275237416791905,-0.09759754255592745,-0.14751772109450423,27650946.0,166182191.7887993,26891836.95,24924132.483333334,171060385.64641804,156168879.44695342,0.015911754089019358,0.01793605795510573,yfinance_info_static_sharesOutstanding,1,1,1,9268416390.273724,0.01792994453326362,2019,9,0.0
2017-09-04,601727.SS,0,Hang Seng China A Industry Top Index,Exclusion,2017-05-05,2017-05-07,120,8.420000076293945,0.0,0.0,0.0,0.0,-0.031070140060633467,0.0,0.0,0.0,0.0,0.0,0.0,0.0,0.0,yfinance_info_static_sharesOutstanding,1,1,1,106223686697.61691,0.0,2017,9,0.0
2018-09-10,601727.SS,1,Hang Seng China A Top 100 Index,,2018-05-11,2018-05-13,120,5.880000114440918,0.005128241076481466,0.003412965950654101,-0.06369428057385984,-0.053140084006267574,-0.3452115351693441,7968553.0,46855092.55192852,8530175.55,10184995.583333334,49422220.58233638,60058939.921860024,0.009245653176897526,0.017641635694109755,yfinance_info_static_sharesOutstanding,1,1,1,74179962503.42538,0.0006316408228133697,2018,9,0.0
2020-09-07,601727.SS,1,Hang Seng (China A) Corporate Sustainability Index,,2020-05-08,2020-05-10,120,4.739999771118164,-0.02066123518947771,0.004237284282951448,0.008510630526872509,-0.07782103224857206,-0.2861445984294966,16079775.0,76218129.81963158,22211493.05,27683535.366666667,106962168.10941836,133561124.4041071,0.015652500854181104,0.02038019835716924,yfinance_info_static_sharesOutstanding,1,1,1,59798128987.14924,0.0012745905450655662,2020,9,1.0
2021-09-06,601727.SS,0,Hang Seng (China A) Corporate Sustainability Index,Removal,2021-05-07,2021-05-09,120,5.090000152587891,-0.003913890490010341,-0.07285967854399467,-0.0485980853606266,-0.1343537323941263,-0.16282891176661585,32103088.0,163404722.81854248,39980447.85,73429958.73333333,211839211.6608071,408349625.47630554,0.008899378357692,0.017347006642166048,yfinance_info_static_sharesOutstanding,1,1,1,64213607672.23384,0.002544705534263249,2021,9,2.0
2018-09-10,601766.SS,1,Hang Seng (China A) Corporate Sustainability Benchmark Index,,2018-05-11,2018-05-13,120,9.649999618530273,0.0020767916772259642,-0.028197449953708875,-0.15052817692136633,-0.15052817692136633,-0.24313728482115504,19452530.0,187716907.0794487,32776492.5,57272746.266666666,315271003.4476492,589135432.832831,0.00872846740773595,0.013118206912405974,yfinance_info_static_sharesOutstanding,1,1,1,234763241882.88153,0.0007996009323005377,2018,9,0.0
2019-09-09,601788.SS,1,Hang Seng (China A) Corporate Sustainability Benchmark Index,,2019-05-10,2019-05-12,120,11.569999694824219,-0.09467919119163104,-0.20206898656384698,0.24676724436928787,-0.20590254377738293,-0.20590254377738293,40616838.0,469936803.26472473,40798285.4,63357275.45,524427641.8409258,835260561.6910411,0.035116950721961804,0.037384202980696765,yfinance_info_static_sharesOutstanding,1,1,1,45200504375.00013,0.01039671591639675,2019,9,0.0
2018-09-10,601800.SS,1,Hang Seng (China A) Corporate Sustainability Benchmark Index,,2018-05-11,2018-05-13,120,12.899999618530273,0.00389099109542812,-0.029345398377892518,-0.12719892749707007,-0.12837841538637507,-0.266628794393024,8720671.0,112496652.57332802,8435819.2,13354720.633333333,111098435.30807333,178975981.47093815,0.012446456427934648,0.019580636102821788,yfinance_info_static_sharesOutstanding,1,1,1,152329357554.52325,0.0007385093351625414,2018,9,0.0
2017-09-04,601808.SS,0,Hang Seng China A Industry Top Index,Exclusion,2017-05-05,2017-05-07,120,10.609999656677246,-0.05856262415959046,-0.17303197819408422,-0.17560219494777873,-0.21523673835494572,-0.23171619592378478,5736647.0,60865822.700478554,5038197.9,5005910.933333334,60119153.35110917,63668833.604570135,0.014343644706148411,0.013450676810506329,yfinance_info_static_sharesOutstanding,1,1,1,31410564463.603973,0.0019377500449253293,2017,9,0.0
2019-09-09,601808.SS,1,Hang Seng (China A) Corporate Sustainability Index,,2019-05-10,2019-05-12,120,9.359999656677246,-0.06493512061359841,-0.12359556280713135,0.0947367775289798,-0.139705922957316,-0.2200000286102295,5427141.0,50798037.896739006,8473127.65,9856957.45,87557439.34673032,98339529.31756334,0.026249497807739743,0.02230281924117261,yfinance_info_static_sharesOutstanding,1,1,1,27709979463.603973,0.0018332037367064936,2019,9,0.0
2021-09-06,601808.SS,1,Hang Seng (China A) Corporate Sustainability Index,,2021-05-07,2021-05-09,120,14.020000457763672,-0.0035536061226028037,-0.04690683742990798,-0.08961033733443069,-0.3100393371888309,-0.3100393371888309,14662708.0,205571172.87205505,11261903.2,15927706.133333333,158641620.099507,262391298.2074627,0.026983789403874525,0.03625405512536747,yfinance_info_static_sharesOutstanding,1,1,1,41505762715.1947,0.004952834484277486,2021,9,1.0
2024-09-09,601808.SS,1,Hang Seng (China A) Corporate Sustainability Index,,2024-05-10,2024-05-12,120,18.040000915527344,0.007258574495969006,-0.015283776417091333,0.19391140472695523,-0.09072576729923854,-0.09072576729923854,7178350.0,129497440.57197571,12810212.75,13543623.766666668,238253593.73545352,230302731.10779247,0.024319005118316184,0.026817618590905513,yfinance_info_static_sharesOutstanding,1,1,1,53406845430.389404,0.0024247348729998096,2024,9,2.0
2019-09-09,601811.SS,1,Hang Seng (China A) Corporate Sustainability Benchmark Index,,2019-05-10,2019-05-12,120,12.300000190734863,-0.09358876438101549,-0.14405008429432442,0.18269236941309597,-0.2283563039818417,-0.2283563039818417,3095291.0,38072079.890379906,4166695.75,11583641.3,56716355.33391352,157178633.7398984,0.0323223805949909,0.040131756018294315,yfinance_info_static_sharesOutstanding,1,1,1,9740418121.043682,0.003908669978768889,2019,9,0.0
2020-09-07,601816.SS,1,Hang Seng China 50 Index,,2020-05-08,2020-05-10,120,6.409999847412109,0.06301817983118063,0.015847845568841334,-0.1760925868188361,-0.16861221586288166,-0.1760925868188361,70384176.0,451162557.42022705,69314115.25,142959074.86666667,437676087.34204066,996906669.5521014,0.015572903458949126,0.01948518844711866,,0,0,0,,,2020,9,0.0
2021-09-06,601816.SS,0,Hang Seng China A Industry Top Index,Removal,2021-05-07,2021-05-09,120,5.639999866485596,-0.012259224377184741,-0.04406783469138975,0.06214687895708626,-0.07084024596626803,-0.18260872629955227,55371995.0,312298044.4070411,62269096.9,69748983.11666666,367169342.8425927,401748844.79724747,0.017327609798822613,0.01786721133792647,,0,0,0,,,2021,9,1.0
2017-09-04,601818.SS,0,Hang Seng Corporate Sustainability Benchmark Index,Exclusion,2017-05-05,2017-05-07,120,3.859999895095825,0.0,-0.053921576648068514,-0.042183698725069996,-0.09389678692364833,-0.09389678692364833,83583356.0,322631745.391757,72705927.6,79596026.2,285512870.3221133,324525924.11470234,0.004524178105020031,0.00812303300294045,yfinance_info_static_sharesOutstanding,1,1,1,179130303197.1913,0.0018011008725675832,2017,9,0.0
2019-09-09,601818.SS,1,Hang Seng (China A) Corporate Sustainability Benchmark Index,,2019-05-10,2019-05-12,120,3.9600000381469727,-0.031784867870643496,-0.06382978243712933,-0.031784867870643496,-0.11804003563216292,-0.11804003563216292,109458344.0,433455046.41550446,145490191.75,140754397.13333333,610011297.3338163,590170701.3064641,0.014845809358182287,0.016766891601069568,yfinance_info_static_sharesOutstanding,1,1,1,183770991391.83954,0.002358669576371194,2019,9,0.0
2019-09-09,601828.SS,1,Hang Seng (China A) Corporate Sustainability Benchmark Index,,2019-05-10,2019-05-12,120,10.590909004211426,-0.012711808654772838,-0.14839179134006808,0.0542986884983816,-0.16187047020543932,-0.3913270553792111,8734517.0,92506474.74273777,8628246.95,11871983.716666667,98264778.52903691,138156934.43890032,0.01579777607230345,0.02360058055436516,yfinance_info_static_sharesOutstanding,1,1,1,38269688781.58621,0.002417225686644414,2019,9,0.0
2022-12-05,601857.SS,0,Hang Seng Stock Connect China Enterprises Index,Removal,2022-08-05,2022-08-07,120,5.050000190734863,-0.028846081544659063,-0.026974925807722205,-0.0155945266903319,-0.1867954654245455,-0.22187975826926765,150053692.0,757771173.2204704,97255858.2,159575664.38333333,500137347.8141146,870388698.2653241,0.010550591843392264,0.018080054674577486,,0,0,0,,,2022,12,0.0
2019-09-09,601866.SS,1,Hang Seng (China A) Corporate Sustainability Benchmark Index,,2019-05-10,2019-05-12,120,2.950000047683716,-0.0866872971319943,-0.18282544780921384,0.2715517812797221,-0.18282544780921384,-0.18282544780921384,41705009.0,123029778.5386498,58745627.8,47448956.333333336,190350454.2721788,149029836.95334023,0.03857580013296367,0.03428550926773701,yfinance_info_static_sharesOutstanding,1,1,1,28768352734.010826,0.004276566672974648,2019,9,0.0
2018-09-10,601877.SS,1,Hang Seng (China A) Corporate Sustainability Benchmark Index,,2018-05-11,2018-05-13,120,28.829999923706055,-0.011655815964985328,0.06659264488845751,0.13727808638536065,-0.04757187024383691,-0.05660993365409994,9872373.0,284620512.8367977,12643955.1,11477190.4,363574577.0878886,303925125.3923612,0.02531754875504942,0.025480808657939193,yfinance_info_static_sharesOutstanding,1,1,1,61954775414.12668,0.004594004432011865,2018,9,0.0
2017-09-04,601881.SS,1,Hang Seng China A Top 100 Index,,2017-05-05,2017-05-07,120,11.880000114440918,-0.04038772175912697,-0.1366279130210225,0.10306403059408331,-0.18852460137684768,-0.18852460137684768,28948144.0,343903954.0328522,31564702.55,88486205.86666666,399546219.12882155,1184998731.1662214,0.018130402561541126,0.030168404804449135,yfinance_info_static_sharesOutstanding,1,1,1,86051802190.18336,0.003996475904976272,2017,9,0.0
2019-09-09,601881.SS,1,Hang Seng (China A) Corporate Sustainability Benchmark Index,,2019-05-10,2019-05-12,120,10.630000114440918,-0.14135702615694445,-0.25298661585407534,0.4116865628495736,-0.25298661585407534,-0.25298661585407534,89412724.0,950457266.3524742,81764176.35,89169462.63333334,1025999217.7000797,1056341829.7668058,0.04693840012425823,0.05176967646442594,yfinance_info_static_sharesOutstanding,1,1,1,76997530161.43336,0.012343996805608456,2019,9,1.0
2019-09-09,601888.SS,1,Hang Seng (China A) Corporate Sustainability Benchmark Index,,2019-05-10,2019-05-12,120,77.1500015258789,-0.001940511254294175,0.06634420391141727,0.41559635827300756,-0.027357516103053037,-0.027357516103053037,12588193.0,971179109.1580582,10353671.3,11957222.466666667,780240106.8083805,796117752.8074857,0.020144279454852497,0.020705894577164485,yfinance_info_static_sharesOutstanding,1,1,1,150633491198.84125,0.006447298681247912,2019,9,0.0
2021-03-15,601888.SS,1,Hang Seng China 50 Index,,2020-11-13,2020-11-15,120,192.5,-0.019458064291481447,-0.053728521207789814,-0.05863369930597839,-0.1440640052280181,-0.20781893004115226,12621626.0,2429663005.0,13137666.6,13246367.416666666,2553391924.5355864,2717638159.9720526,0.031893651061413404,0.03340330786508485,yfinance_info_static_sharesOutstanding,1,1,1,375851542220.0,0.0064644220711427254,2021,3,1.0
2021-09-06,601888.SS,1,Hang Seng China A Industry Top Index,,2021-05-07,2021-05-09,120,288.0,-0.061828165701555804,-0.09205552043917598,-0.05882352941176472,-0.25746400537051484,-0.25746400537051484,8871386.0,2554959168.0,11891306.9,13002275.133333333,3505150836.300992,4065358235.7426596,0.03662552613411631,0.03976492746310299,yfinance_info_static_sharesOutstanding,1,1,1,562312956672.0,0.004543660496676623,2021,9,2.0
2016-09-05,601898.SS,0,Hang Seng China A Top 100 Index,Exclusion,2016-05-06,2016-05-08,120,5.039999961853027,-0.025145089462765946,-0.023255792462719804,0.09565218833533962,-0.09352517738814159,-0.6096049557379873,15399274.0,77612340.37256432,23197697.3,24086208.2,123784760.0130105,124991817.65359434,0.017273106124677765,0.024160154126661025,yfinance_info_static_sharesOutstanding,1,1,1,46126081666.87889,0.0016826129072284569,2016,9,0.0
2018-09-10,601898.SS,1,Hang Seng China A Top 100 Index,,2018-05-11,2018-05-13,120,5.21999979019165,0.025540203085782753,0.021526351037802094,-0.17535547344280655,-0.1442623160981712,-0.2412791128832943,8589054.0,44834860.077944756,9118055.75,12531451.183333334,46184008.31948097,68050551.46949922,0.00996046710494803,0.019046020136354265,yfinance_info_static_sharesOutstanding,1,1,1,47773440167.8339,0.0009384892509401551,2018,9,0.0
2020-09-07,601898.SS,0,Hang Seng China A Industry Top Index,Removal,2020-05-08,2020-05-10,120,3.809999942779541,0.013297859692314562,-0.047500014305114746,-0.12614682887441386,-0.1663020132022327,-0.28517823690129207,7805280.0,29738116.353378296,10042514.65,15166362.75,39144355.05127946,63794113.30129304,0.008520345982739104,0.013079223400878769,yfinance_info_static_sharesOutstanding,1,1,1,34869121000.31834,0.0008528496130747546,2020,9,1.0
2019-09-09,601899.SS,1,Hang Seng (China A) Corporate Sustainability Benchmark Index,,2019-05-10,2019-05-12,120,3.25,-0.024024001663345507,-0.12868633153324116,0.09060401986522781,-0.13793103012131014,-0.21686748787598464,114172700.0,371061275.0,177789541.25,207258876.63333333,623360482.5510606,732536615.3113811,0.01837083357203131,0.022254684883098688,yfinance_info_static_sharesOutstanding,1,1,1,66955827705.0,0.00554188168108167,2019,9,0.0
2024-06-11,601899.SS,0,Hang Seng Stock Connect China Enterprises Index,Removal,2024-02-08,2024-02-12,120,12.5,0.030502875685763042,0.0296540071249054,0.04166666666666674,-0.002394232530767759,-0.10329982953584183,191109271.0,2388865887.5,131935795.05,114764308.5,1588970891.7486796,1384182064.14844,0.01544500932074437,0.013656517027076416,yfinance_info_static_sharesOutstanding,1,1,1,257522414250.0,0.009276341612660227,2024,6,1.0
2024-09-09,601899.SS,1,Hang Seng (China A) Corporate Sustainability Index,,2024-05-10,2024-05-12,120,18.239999771118164,0.03577507887173348,0.07231037775930615,0.5037097773315942,-0.020933945636978146,-0.020933945636978146,206140807.0,3760008272.4981136,219199584.2,190138866.73333332,3924213753.6929307,3032195982.6244125,0.02748450502393007,0.022164025273990976,yfinance_info_static_sharesOutstanding,1,1,1,375776702158.22375,0.010005964315783825,2024,9,1.0
2020-09-07,601916.SS,1,Hang Seng China A Top 100 Index,,2020-05-08,2020-05-10,120,3.851375102996826,0.019900572271356554,0.004901947671791085,-0.03073286846365897,-0.06605930426791007,-0.17505031763485768,35389461.0,136298089.00387716,25341846.2,50801821.56666667,96562639.26078013,200662683.94358286,0.0057265390183047216,0.010618541129552402,,0,0,0,,,2020,9,0.0
2018-09-10,601919.SS,1,Hang Seng (China A) Corporate Sustainability Index,,2018-05-11,2018-05-13,120,4.3153839111328125,-0.012323884290837306,-0.029411774168864202,-0.18813316530261315,-0.13692321777343752,-0.318347602188364,21512142.0,92833151.48080444,26409280.75,35898877.38333333,113521527.3082492,165502610.98694247,0.015447512449141129,0.018432381295735045,yfinance_info_static_sharesOutstanding,1,1,1,54184858359.160126,0.001713267401484509,2018,9,0.0
2021-09-06,601919.SS,1,Hang Seng China A Industry Top Index,,2021-05-07,2021-05-09,120,15.346153259277344,0.14853195312002598,0.3589918689903979,0.6514901438777301,0.0,0.0,564179504.0,8657985134.127075,356236347.0,277974499.8,4528123574.973142,2975023047.6254525,0.044779382766451985,0.05295058308569091,yfinance_info_static_sharesOutstanding,1,1,1,192689493643.13342,0.04493231556341062,2021,9,1.0
2018-09-10,601939.SS,0,Hang Seng (China A) Corporate Sustainability Benchmark Index,Exclusion,2018-05-11,2018-05-13,120,7.739999771118164,0.054495859702297755,-0.026415099771729955,-0.20939736452734814,-0.17659573561468467,-0.21100923139200178,201319980.0,1558216599.1215134,140708013.6,157259328.41666666,1052866283.9594345,1250396694.348683,0.016154471507839573,0.020652092256060482,yfinance_info_static_sharesOutstanding,1,1,1,163956891773.04196,0.00950381885305853,2018,9,0.0
2019-09-09,601939.SS,1,Hang Seng (China A) Corporate Sustainability Benchmark Index,,2019-05-10,2019-05-12,120,7.0,-0.03581270257368574,-0.05913979218231891,-0.00990101413886213,-0.09793817093628443,-0.09793817093628443,106521195.0,745648365.0,149533486.8,146689422.65,1104263966.8714547,1058129692.2170169,0.017067495450470177,0.017417090771290653,yfinance_info_static_sharesOutstanding,1,1,1,148281431053.0,0.005028602433257365,2019,9,0.0
2017-03-06,601985.SS,0,Hang Seng China 50 Index,Exclusion,2016-11-04,2016-11-06,120,6.789999961853027,-0.0014706218531378434,0.022590376262586087,0.013432858977612705,-0.02861227694048174,-0.3942908172393349,45476032.0,308782255.54522705,63772848.95,44421252.75,435784886.6481373,301860363.5074941,0.009180524844504337,0.007597689067272613,yfinance_info_static_sharesOutstanding,1,1,1,139656733297.853,0.002211008722985604,2017,3,0.0
2018-09-10,601985.SS,1,Hang Seng China A Industry Top Index,,2018-05-11,2018-05-13,120,6.550000190734863,0.006144387165389897,-0.023844984575632666,-0.12898933412924563,-0.12898933412924563,-0.1883518663655246,13104825.0,85836606.249547,16455883.7,19233187.983333334,107716163.41006713,133297655.9709601,0.011061870138493182,0.010788874222493403,yfinance_info_static_sharesOutstanding,1,1,1,134720417507.73506,0.0006371462309684323,2018,9,0.0
2021-09-06,601988.SS,0,Hang Seng (China A) Corporate Sustainability Index,Removal,2021-05-07,2021-05-09,120,3.2799999713897705,0.00923076042762161,-0.006060600368335001,0.031446510230593416,-0.020895503055387565,-0.15245476269156966,174250286.0,571540933.0946593,129688756.7,158896263.8,426918339.75115746,519800087.6600157,0.00502792800727224,0.00612744124703757,,0,0,0,,,2021,9,0.0
2017-09-04,601991.SS,1,Hang Seng China A Top 100 Index,,2017-05-05,2017-05-07,120,4.610000133514404,-0.01914886795810411,-0.09960932879766815,0.1912145400098424,-0.09960932879766815,-0.09960932879766815,33907101.0,156311740.1370864,41532814.35,49688163.65,200521913.03007987,232928026.255582,0.023754580693746422,0.02926072632197585,yfinance_info_static_sharesOutstanding,1,1,1,57145972433.71645,0.0027353063300898798,2017,9,0.0
2019-09-09,601991.SS,1,Hang Seng (China A) Corporate Sustainability Index,,2019-05-10,2019-05-12,120,3.2100000381469727,-0.03603600249501826,-0.09577462499611311,0.05245904535479684,-0.10084030863519389,-0.10084030863519389,11524654.0,36994139.77963066,19517449.3,22690455.15,67215898.5831394,77386447.61480413,0.01637501853742181,0.017718895951435856,yfinance_info_static_sharesOutstanding,1,1,1,39791446503.13327,0.0009297008033301241,2019,9,1.0
2020-09-07,601991.SS,0,Hang Seng (China A) Corporate Sustainability Index,Removal,2020-05-08,2020-05-10,120,2.1500000953674316,0.0386474225626221,0.02870822184792665,0.014151043126324536,-0.05701749019895719,-0.3839541290852836,7628906.0,16402148.627549171,12341577.8,12206267.9,26568944.026078187,26393544.369875383,0.022841266365678074,0.017693064894327305,yfinance_info_static_sharesOutstanding,1,1,1,26651592760.08318,0.0006154284576986003,2020,9,2.0
2019-09-09,601992.SS,1,Hang Seng (China A) Corporate Sustainability Benchmark Index,,2019-05-10,2019-05-12,120,3.680000066757202,-0.09582311755652251,-0.19650652225788434,0.0985075138862812,-0.20518359054045732,-0.2203389342507196,49117797.0,180753496.2389667,55844909.9,84988845.78333333,233614068.95325685,351887730.49811614,0.03052343383082305,0.02612231160774516,yfinance_info_static_sharesOutstanding,1,1,1,30687543608.208725,0.005890125926879865,2019,9,0.0
2024-06-11,601998.SS,1,Hang Seng Stock Connect China Enterprises Index,,2024-02-08,2024-02-12,120,6.099999904632568,-0.00974025069249762,0.10507245030981016,0.11926607671846434,-0.03937007933143677,-0.23076922614378537,109655074.0,668895940.9424772,70883523.25,43786392.11666667,428298212.8204126,251730846.76461786,0.01988528158112437,0.014780354542504703,,0,0,0,,,2024,6,0.0
2020-09-07,6030.HK,0,Hang Seng China Enterprises Index,Removal,2020-05-08,2020-05-10,120,14.161811828613281,-0.03208553361258437,0.01258740114311907,-0.09950249812150458,-0.20088305875330592,-0.21389789702038187,23626957.0,334600519.11673737,19622064.95,25289490.316666666,279180745.76240075,382206047.38680834,0.023746944695375232,0.029292623220244042,,0,0,0,,,2020,9,0.0
2019-09-09,603019.SS,1,Hang Seng (China A) Corporate Sustainability Benchmark Index,,2019-05-10,2019-05-12,120,29.357141494750977,-0.041511211224775524,-0.1188361714856575,0.5062826706605603,-0.1287099293439521,-0.1287099293439521,64521333.0,1894161902.3109455,40334236.35,54309311.28333333,1199080877.4538147,1564649556.6164205,0.049930750715794864,0.04256319479400508,yfinance_info_static_sharesOutstanding,1,1,1,42952897094.09151,0.04409858310981081,2019,9,0.0
2020-09-07,603019.SS,1,Hang Seng (China A) Corporate Sustainability Index,,2020-05-08,2020-05-10,120,40.83000183105469,0.23486721359212992,0.19836491028503223,0.21569557033142805,0.0,0.0,77282508.0,3155444943.1484985,39569340.45,59036163.05,1364400383.2759862,2008590092.0373526,0.035360687168301395,0.03967938908535819,yfinance_info_static_sharesOutstanding,1,1,1,59739020139.765015,0.05282050049977453,2020,9,1.0
2021-09-06,603019.SS,0,Hang Seng (China A) Corporate Sustainability Index,Removal,2021-05-07,2021-05-09,120,26.059999465942383,-0.021036865350720357,-0.12462213418790069,-0.1263828517400576,-0.16420785083775302,-0.5070928694453566,9771915.0,254656099.68123436,13421925.9,14822177.883333333,376996296.5359744,434198927.90035427,0.017702060152341895,0.02133438928632,yfinance_info_static_sharesOutstanding,1,1,1,38128796549.65187,0.00667883916424211,2021,9,2.0
2020-09-07,603259.SS,1,Hang Seng China A Industry Top Index,,2020-05-08,2020-05-10,120,61.666664123535156,-0.01502191646924611,0.06474820428195449,-0.014834572757357112,-0.11739654478833306,-0.11739654478833306,23103146.0,1424693944.5789948,19668977.6,22433646.566666666,1189698657.5193646,1348488494.5428386,0.026183298805390196,0.03215902780547612,,0,0,0,,,2020,9,0.0
2020-03-09,603288.SS,1,Hang Seng China 50 Index,,2019-11-08,2019-11-10,120,54.43162536621094,0.013536383585751599,0.03332122028289497,0.1486677307335904,-0.01633537234513749,-0.01633537234513749,7618087.0,414664857.5912018,6435719.6,6912548.55,339305622.77450544,360083181.8113496,0.012936062679191401,0.015565041539647483,,0,0,0,,,2020,3,0.0
2020-09-07,603288.SS,1,Hang Seng China A Top 100 Index,,2020-05-08,2020-05-10,120,62.39669418334961,0.020845076927301642,-0.025296938200409236,0.23311908753711275,-0.025296938200409236,-0.025296938200409236,12075509.0,753471842.1812859,9252181.45,10574308.183333334,560861526.448252,573847071.7451024,0.018706592006435024,0.026314408947484665,,0,0,0,,,2020,9,1.0
2024-09-09,603288.SS,0,Hang Seng China A Industry Top Index,Removal,2024-05-10,2024-05-12,120,38.849998474121094,-0.010443195744795353,0.023985236698756518,0.12936037066435824,-0.07872895041454187,-0.3410600823405253,6980230.0,271181924.8490143,8777519.05,10023163.35,334728212.9623232,391798462.43102276,0.013942683459087979,0.01850622642028208,,0,0,0,,,2024,9,2.0
2019-09-09,603337.SS,1,Hang Seng (China A) Corporate Sustainability Benchmark Index,,2019-05-10,2019-05-12,120,24.482757568359375,-0.07213800000014459,-0.14313299319039907,-0.04002168249975768,-0.24226256950591163,-0.24226256950591163,919922.0,22522227.307800293,2058620.6,2382852.533333333,55845406.01443033,67327176.39544936,0.02292140345245411,0.026261329658368967,yfinance_info_static_sharesOutstanding,1,1,1,11663871933.485138,0.0019309391800798608,2019,9,0.0
2021-09-06,603501.SS,1,Hang Seng China A Industry Top Index,,2021-05-07,2021-05-09,120,195.74815368652344,-0.1004832976711455,-0.07633688696996144,-0.08096265242215184,-0.14017045850981213,-0.1805891124720248,14518720.0,2842012633.8916016,7214315.3,8387304.15,1547981931.710666,1744478955.186277,0.030615483095758136,0.030930143995962292,,0,0,0,,,2021,9,0.0
2024-09-09,603501.SS,0,Hang Seng China A Industry Top Index,Removal,2024-05-10,2024-05-12,120,103.5999984741211,0.01968503966571844,0.08823531297428278,0.2289441841480555,-0.003271156044823309,-0.08123451125021053,8035875.0,832516637.7382278,8459992.85,9827921.25,832446809.4688427,929937834.8169448,0.02402116710709661,0.025459698981196578,,0,0,0,,,2024,9,1.0
2019-09-09,603588.SS,1,Hang Seng (China A) Corporate Sustainability Benchmark Index,,2019-05-10,2019-05-12,120,6.397435188293457,-0.08018443213991866,-0.12379288315530834,0.21263657465174113,-0.18263725408786646,-0.18263725408786646,8513450.0,54464244.60377693,13968293.1,13982621.933333334,102434804.42722318,94047042.4266605,0.029238349545892918,0.026128682748015827,yfinance_info_static_sharesOutstanding,1,1,1,9744793715.232876,0.005589060804708412,2019,9,0.0
2019-09-09,603595.SS,1,Hang Seng (China A) Corporate Sustainability Benchmark Index,,2019-05-10,2019-05-12,120,23.81999969482422,-0.13829456769553028,-0.2552925432413148,0.019193186129615514,-0.2552925432413148,-0.5647692756565573,1240836.0,29556713.141326904,1109491.75,1833542.6833333333,30804916.80113373,52762666.156826176,0.044488785696880855,0.03602656089715357,yfinance_info_static_sharesOutstanding,1,1,1,5536776134.384232,0.005338253240504916,2019,9,0.0
2019-09-09,603659.SS,1,Hang Seng (China A) Corporate Sustainability Benchmark Index,,2019-05-10,2019-05-12,120,11.896551132202148,-0.033033003237140535,-0.07964943503423005,0.04794970219666039,-0.15218533988670924,-0.28017888605794583,2990884.0,35581204.43648529,5307413.6,7318926.8,66671827.776579954,94483755.68941924,0.020958756984719648,0.023486125189117434,yfinance_info_static_sharesOutstanding,1,1,1,25415780846.423424,0.0013999650316268908,2019,9,0.0
2019-09-09,603680.SS,1,Hang Seng (China A) Corporate Sustainability Benchmark Index,,2019-05-10,2019-05-12,120,12.230769157409668,-0.07126166608455586,-0.0965908606621323,0.12129763172932928,-0.1846153895060222,-0.4548126150588965,2210665.0,27038133.299365044,4374098.45,4320437.783333333,61219854.71946845,57420880.286324754,0.03176256049646162,0.02587136709336225,yfinance_info_static_sharesOutstanding,1,1,1,9585483323.506733,0.0028207376077801645,2019,9,0.0
2019-09-09,603737.SS,1,Hang Seng (China A) Corporate Sustainability Benchmark Index,,2019-05-10,2019-05-12,120,11.122596740722656,-0.0903285230179981,-0.11180409452877338,0.6295285764744281,-0.12029419249804307,-0.12029419249804307,2501532.0,27823531.670013428,4205394.85,5316808.783333333,50975449.12523637,56375096.257753536,0.023716158778044817,0.030177936412265002,yfinance_info_static_sharesOutstanding,1,1,1,8206446220.438026,0.0033904483040075686,2019,9,0.0
2019-09-09,603773.SS,1,Hang Seng (China A) Corporate Sustainability Benchmark Index,,2019-05-10,2019-05-12,120,15.521164894104004,-0.15426589786414102,-0.33124143923497384,-0.14686011209886474,-0.3570889980514905,-0.6489602528036813,4188075.0,65003802.663874626,5113233.7,5016674.416666667,100940890.36583576,107456860.7728878,0.05235451354520478,0.037682077072368605,yfinance_info_static_sharesOutstanding,1,1,1,3488174338.5387354,0.018635479868562416,2019,9,0.0
2020-03-09,603898.SS,0,Hang Seng Stock Connect Greater Bay Area Composite Index,Removal,2019-11-08,2019-11-10,120,15.130000114440918,0.07381121011996661,0.030653937323589675,0.01136364143452262,-0.029506095807870447,-0.31662147554010533,1602466.0,24245310.76338768,1204860.0,1102067.9,17942126.45387454,16518608.174612666,0.02042341130181741,0.01596096082236343,,0,0,0,,,2020,3,0.0
2020-03-09,603983.SS,1,Hang Seng Stock Connect Greater Bay Area Composite Index,,2019-11-08,2019-11-10,120,69.97000122070312,-0.05713512890551553,0.1393910013769808,0.6604177084513922,-0.06731532455793598,-0.06731532455793598,2394202.0,167522316.86260986,2946440.4,4299047.0,200136341.42805976,234664647.31583303,0.028584734059134944,0.03307050598522699,,0,0,0,,,2020,3,0.0
2016-09-05,603993.SS,1,Hang Seng China A Industry Top Index,,2016-05-06,2016-05-08,120,3.369999885559082,0.0,-0.03988606988164045,0.05312494854442851,-0.08918923185723238,-0.458199357036434,0.0,0.0,44939390.5,67448689.48333333,156541763.3243042,235913485.8413894,0.015101054523305242,0.026360416159153386,yfinance_info_static_sharesOutstanding,1,1,1,58843036134.88519,0.0,2016,9,0.0
2017-09-04,603993.SS,0,Hang Seng China A Industry Top Index,Exclusion,2017-05-05,2017-05-07,120,4.269999980926514,-0.02511418507769725,-0.16926068252097692,0.04146343420687959,-0.22363636710427026,-0.22363636710427026,69479848.0,296678949.63477707,98900267.7,146080166.0,465784312.72979414,708886050.7249058,0.025836778957460338,0.03316765296753993,yfinance_info_static_sharesOutstanding,1,1,1,74557795758.48087,0.003979180803518191,2017,9,1.0
2019-09-09,603993.SS,1,Hang Seng (China A) Corporate Sustainability Benchmark Index,,2019-05-10,2019-05-12,120,4.0,-0.08466816824910406,-0.2110453916041488,0.04166668994973155,-0.2233009852566583,-0.5198079187712187,90140187.0,360560748.0,129178393.95,182274603.56666666,604839798.525367,860920419.1628125,0.0292361978963026,0.029393359341476372,yfinance_info_static_sharesOutstanding,1,1,1,69843368704.0,0.00516241920586729,2019,9,1.0
2024-09-09,603993.SS,1,Hang Seng China A Industry Top Index,,2024-05-10,2024-05-12,120,9.199999809265137,0.024498917399055964,0.08490569644994705,0.6819013093495565,-0.029535838237513157,-0.029535838237513157,203676324.0,1873822141.9518242,243000439.1,202872725.21666667,2183496322.8661003,1605914214.5236557,0.029033221788620743,0.02780397830950334,yfinance_info_static_sharesOutstanding,1,1,1,160639744688.80865,0.011664748008544166,2024,9,2.0
2020-03-09,6055.HK,1,Hang Seng Stock Connect Greater Bay Area Composite Index,,2019-11-08,2019-11-10,120,19.299999237060547,0.04891302376027773,-0.02030464519734476,-0.17167382536380837,-0.23260439245333042,-0.2838590467277047,3432000.0,66237597.3815918,4315214.95,7067191.5,82777318.96471338,155123850.06768802,0.02833387161082635,0.03717313424436771,,0,0,0,,,2020,3,0.0
2021-09-06,6055.HK,0,Hang Seng Stock Connect Greater Bay Area Composite Index,Removal,2021-05-07,2021-05-09,120,16.8799991607666,-0.04632777213715067,-0.07860265054832105,0.05897111700932034,-0.188461549042245,-0.188461549042245,1093000.0,18449839.082717896,1143069.95,3309037.6333333333,20511665.8305933,61232918.27449668,0.012526162265597059,0.033553409392401846,,0,0,0,,,2021,9,1.0
2018-03-05,6060.HK,1,Hang Seng China Enterprises Index,,2017-11-03,2017-11-05,120,78.0,0.01430427116117694,-0.1671115992620058,,-0.1671115992620058,-0.1671115992620058,1688610.0,131711580.0,9023830.3,16625937.2,763355490.9517349,1320626185.1147308,0.02644214981613595,0.056644605641778714,yfinance_info_static_sharesOutstanding,1,1,1,127515406200.0,0.001032907190786175,2018,3,0.0
2019-03-11,6060.HK,0,Hang Seng China Enterprises Index,Exclusion,2018-11-09,2018-11-11,120,29.0,0.008695652173912993,0.10266162894540143,-0.18079099576309998,-0.25736234144462056,-0.6282051282051282,1448491.0,42006239.0,2748314.85,2121904.25,76351828.27093716,63978045.91100248,0.03482110517803645,0.03447302787679232,yfinance_info_static_sharesOutstanding,1,1,1,47409574100.0,0.0008860286091454258,2019,3,1.0
2025-03-10,6060.HK,0,Hang Seng TECH Index,Removal,2024-11-08,2024-11-10,120,15.100000381469727,0.09579105036846913,0.02721092363228994,0.16153849088228656,-0.2669902863180237,-0.32589282863298197,5547097.0,83761166.81604958,5890259.6,7695328.633333334,83050661.12983136,108515519.27005711,0.03319631549536568,0.06464406025438134,yfinance_info_static_sharesOutstanding,1,1,1,24685675413.63163,0.003393108165466519,2025,3,1.0
2019-09-09,6066.HK,1,Hang Seng Stock Connect China AH Index Series,,2019-05-10,2019-05-12,120,6.039999961853027,-0.11824816847541098,-0.16111109418633496,-0.05772229241291804,-0.2373737495367093,-0.2373737495367093,9233000.0,55767319.647789,7586849.65,15927582.6,50571559.864724874,115312689.2201917,0.02619722735642242,0.03466931964021593,yfinance_info_static_sharesOutstanding,1,1,1,7616583474.375761,0.007321828722209281,2019,9,0.0
2020-03-09,6069.HK,1,Hang Seng Composite Index,,2019-11-08,2019-11-10,120,6.699999809265137,-0.04829547648156485,-0.1799265915913707,-0.07840442546861381,-0.2023809388651593,-0.2023809388651593,1538000.0,10304599.70664978,1971200.0,1539802.5333333334,14910084.870243073,11569552.94147199,0.033708838210152234,0.025451485688341494,,0,0,0,,,2020,3,0.0
2024-12-09,6086.HK,1,Hang Seng Hong Kong-Listed Biotech Index,,2024-08-09,2024-08-11,120,4.28000020980835,-0.036036001204980406,-0.20740738255169866,,-0.320634907900041,-0.320634907900041,704000.0,3013120.147705078,691557.5,1289527.0833333333,3130398.051569462,6274351.011194785,0.03560668058659809,0.07406438769037867,,0,0,0,,,2024,12,0.0
2025-03-10,6086.HK,1,Hang Seng Composite Index,,2024-11-08,2024-11-10,120,7.449999809265137,0.03472222314204698,0.07194244801754435,0.778042889624035,-0.06407038020574685,-0.06407038020574685,715000.0,5326749.863624573,621497.0,697865.8333333334,4539306.779543638,4087179.417574247,0.046385552987071754,0.05271828790858721,,0,0,0,,,2025,3,1.0
2017-12-04,6088.HK,1,Hang Seng Composite LargeCap & MidCap Index,,2017-08-04,2017-08-06,120,4.130000114440918,0.09840428854152061,,,-0.016666594762647535,-0.016666594762647535,44038252.0,181877985.79977798,50635000.13333333,50635000.13333333,197252105.99329236,197252105.99329236,0.046034696362855766,0.046034696362855766,yfinance_info_static_sharesOutstanding,1,1,1,29240783132.612293,0.006220010762876223,2017,12,0.0
2021-06-07,6088.HK,0,Hang Seng TECH Index,Removal,2021-02-05,2021-02-07,120,3.119999885559082,-0.05740183096828344,0.17293224995695478,0.012987000923330161,-0.206106912834351,-0.3051224844980126,29783000.0,92922956.59160614,70186378.5,34945293.416666664,233326179.32126483,109065257.19867203,0.08508241334665356,0.056612261850732266,yfinance_info_static_sharesOutstanding,1,1,1,22089888014.387707,0.004206583416406776,2021,6,1.0
2021-03-15,6098.HK,1,Hang Seng China Enterprises Index,,2020-11-13,2020-11-15,120,48.599998474121094,-0.011190295720911014,-0.055393629670677846,-0.028971044656195932,-0.1243243518176379,-0.1243243518176379,8366111.0,406592981.8343277,7637531.05,5313745.916666667,365383255.1194439,265593079.784689,0.03509393250879665,0.026411631135418466,,0,0,0,,,2021,3,0.0
2021-06-07,6098.HK,1,Hang Seng Index,,2021-02-05,2021-02-07,120,68.0999984741211,0.07498027015644526,0.06406247615814209,0.482045644035038,-0.013758211957277111,-0.013758211957277111,5254286.0,357816868.5825958,9074861.5,11274923.533333333,593470376.5654333,604456820.3922813,0.029931024187694763,0.03751473810380075,,0,0,0,,,2021,6,1.0
2021-09-06,6098.HK,1,Hang Seng ESG 50 Index,,2021-05-07,2021-05-09,120,79.55000305175781,-0.023926342923217048,0.0837874849867759,0.1681351664345172,-0.032238369767251474,-0.032238369767251474,5740057.0,456621551.8672638,5255512.1,8840956.483333332,410792487.64504355,616044757.2019655,0.01957973599790592,0.029005760444890227,,0,0,0,,,2021,9,2.0
2024-06-11,6098.HK,0,Hang Seng Index,Removal,2024-02-09,2024-02-12,120,5.329999923706055,0.047151230633292185,-0.10420166477881887,-0.22976880564420832,-0.3802325945019126,-0.7182875315955022,0.0,0.0,25757671.6,26139998.916666668,136816128.46143928,169807915.78080195,0.047240847690518076,0.04315582517454764,,0,0,0,,,2024,6,3.0
2017-03-06,6099.HK,1,Hang Seng China AH Index Series,,2016-11-04,2016-11-06,120,11.359718322753906,0.02222219933745162,,,-0.008291814869585079,-0.008291814869585079,912604.0,10366924.380218506,11240030.15,11240030.15,127977320.6090796,127977320.6090796,0.008861726822971662,0.008861726822971662,yfinance_info_static_sharesOutstanding,1,1,1,14478205622.524216,0.0007160365483475621,2017,3,0.0
2019-03-11,6099.HK,0,Hang Seng Stock Connect China AH Index Series,Exclusion,2018-11-09,2018-11-11,120,9.422106742858887,0.023735722320637365,0.17257673030163745,0.032258000478944115,0.0,-0.28837880468639654,4075344.0,38398326.18186951,1795562.45,983789.4,15294168.527126336,8415296.198102022,0.032466537597660154,0.02390659410441699,yfinance_info_static_sharesOutstanding,1,1,1,12008677939.420252,0.003197548171045653,2019,3,1.0
2019-09-09,6099.HK,0,Hang Seng Composite LargeCap & MidCap Index,Exclusion,2019-05-10,2019-05-12,120,9.517087936401367,-0.07904415920959074,-0.16360598706979856,-0.09403263279678875,-0.2327718104670622,-0.2327718104670622,730673.0,6953879.193754196,1008058.85,1853806.4,10393083.568839598,20501561.70370547,0.02298167326496427,0.02741495567144051,yfinance_info_static_sharesOutstanding,1,1,1,12129733515.915165,0.0005732920005728204,2019,9,1.0
2020-09-07,6099.HK,1,Hang Seng Composite Index,,2020-05-08,2020-05-10,120,8.035386085510254,-0.013985937879232191,0.015606348852775342,-0.09324758531011057,-0.17864079430265734,-0.22242646091858498,1376486.0,11060596.451299667,1642624.1,1842272.1333333333,13132915.762091707,15221645.692777984,0.021993398695543755,0.022939912608078112,yfinance_info_static_sharesOutstanding,1,1,1,10241272599.986784,0.0010800021523998825,2020,9,1.0
2020-03-09,6100.HK,0,Hang Seng Composite Index,Removal,2019-11-08,2019-11-10,120,19.360000610351562,-0.003089570839684197,-0.012244886043219938,-0.01725889032590877,-0.0310309782827638,-0.41949021001081843,14600.0,282656.0089111328,180155.7,124584.15,3507594.051142311,2411266.1411435762,0.005883755513355197,0.016892697431103037,,0,0,0,,,2020,3,0.0
2021-03-15,6100.HK,1,Hang Seng Composite Index,,2020-11-13,2020-11-15,120,19.420000076293945,-0.0010288301036119885,-0.004102560190054061,0.04972973385372681,-0.019191877545901126,-0.019191877545901126,126600.0,2458572.0096588135,155458.0,197584.73333333334,3023512.703212738,3805331.2062838236,0.016490809043631927,0.017650894119742622,,0,0,0,,,2021,3,0.0
2024-09-09,6100.HK,0,Hang Seng Composite Index,Removal,2024-05-10,2024-05-12,120,3.2699999809265137,0.0348100924392567,0.23396221254592708,-0.2004890320462539,-0.3215767916042631,-0.657591631872534,1858600.0,6077621.964550018,6395656.85,3386945.533333333,18149811.944281746,10440745.78265034,0.04819982421741388,0.05292552374198103,,0,0,0,,,2024,9,1.0
2020-03-09,6110.HK,1,Hang Seng Composite Index,,2019-11-08,2019-11-10,120,9.239999771118164,-0.01387407855162004,-0.047422685277539345,,-0.10116731409218038,-0.10116731409218038,13279767.0,122705044.04050255,15231106.75,30267928.318181816,146480512.0593587,286706614.5208072,0.021504792515144755,0.023623188128620166,,0,0,0,,,2020,3,0.0
2018-06-04,6158.HK,1,Hang Seng Composite LargeCap & MidCap Index,,2018-02-02,2018-02-04,120,5.340000152587891,-0.03610104885239751,,,-0.12171049019801605,-0.12171049019801605,9304000.0,49683361.419677734,30849642.85714286,30849642.85714286,157878611.3048962,157878611.3048962,0.07508515703926748,0.07508515703926748,yfinance_info_static_sharesOutstanding,1,1,1,23323817706.466675,0.002130155622246298,2018,6,0.0
2020-09-07,6160.HK,1,Hang Seng Composite Index,,2020-05-08,2020-05-10,120,91.5,-0.055727569048972025,0.04991392309763043,-0.06489523324622748,-0.10992220541149678,-0.2755344593103196,124507.0,11392390.5,139155.25,122203.71666666666,12475275.633885194,10759102.016106287,0.044686282268402815,0.041334769671282134,,0,0,0,,,2020,9,0.0
2025-03-10,6160.HK,1,Hang Seng China Enterprises Index,,2024-11-08,2024-11-10,120,123.19999694824219,-0.003236258339943676,-0.15442690783303725,0.09706138557681676,-0.1803060915054232,-0.1803060915054232,1190842.0,146711730.76583862,1799135.3,2286270.85,232797486.82371598,293871035.8656899,0.023182253332473462,0.0290288138199542,,0,0,0,,,2025,3,1.0
2017-03-06,6178.HK,1,Hang Seng China AH Index Series,,2016-11-04,2016-11-06,120,11.680000305175781,0.0,0.0034364227382495116,,-0.09316768622693639,-0.09316768622693639,400600.0,4679008.122253418,555578.5,3230715.090909091,6474496.833160877,40492200.17618606,0.00840954935867124,0.010600248799763658,yfinance_info_static_sharesOutstanding,1,1,1,8223757398.87085,0.0005689623240704866,2017,3,0.0
2017-09-04,6178.HK,0,Hang Seng China AH Index Series,Exclusion,2017-05-05,2017-05-07,120,11.039999961853027,-0.04498273692804189,-0.07692308305681961,-0.11538458599376378,-0.13884553629824392,-0.1428571534347195,977600.0,10792703.96270752,414655.0,460326.48333333334,4778539.837527275,5595570.513949473,0.007088578928087737,0.008207058601177843,yfinance_info_static_sharesOutstanding,1,1,1,7773140325.141144,0.0013884612281859902,2017,9,1.0
2019-09-09,6178.HK,1,Hang Seng Stock Connect China AH Index Series,,2019-05-10,2019-05-12,120,6.980000019073486,-0.08278582173295901,-0.1403940742059634,-0.0438356388082729,-0.25427347488265273,-0.2698745070396823,1415800.0,9882284.027004242,1470111.85,4159464.3666666667,11143001.703836154,34293061.76730369,0.020329721503696652,0.029174406796478845,yfinance_info_static_sharesOutstanding,1,1,1,4914539837.429428,0.002010825907186707,2019,9,1.0
2020-09-07,6185.HK,1,Hang Seng Composite Index,,2020-05-08,2020-05-10,120,159.6999969482422,-0.02917934985871007,0.01332481448856826,1.0999341293852964,-0.02917934985871007,-0.02917934985871007,475846.0,75992604.74783325,2068760.0,1742235.15,291889865.1527077,200183662.37413344,0.05875397085871094,0.0619870406077361,,0,0,0,,,2020,9,0.0
2024-03-04,6185.HK,0,Hang Seng Hong Kong-Listed Biotech Index,Removal,2023-11-03,2023-11-05,120,25.600000381469727,0.06666668256123853,0.20187799523144911,-0.06909089521928269,-0.16065572519771387,-0.8184397136065977,1574933.0,40318285.40078926,1484967.65,2221529.4166666665,36424417.36402492,56870335.31096118,0.03662161157621406,0.03999389421000279,,0,0,0,,,2024,3,1.0
2024-09-09,6185.HK,0,Hang Seng Composite Index,Removal,2024-05-10,2024-05-12,120,20.450000762939453,-0.05977007986485272,0.11504910538693913,0.19590645068639456,-0.05977007986485272,-0.42394364048057875,792600.0,16208670.60470581,1288077.45,1124786.9,24462504.332158946,20307491.71830376,0.051749500976166075,0.04565071321381664,,0,0,0,,,2024,9,1.0
2020-12-07,6186.HK,1,Hang Seng China Enterprises Index,,2020-08-07,2020-08-09,120,15.699999809265137,0.05369128934338696,0.008997389837595238,0.05510750594876779,-0.07429241410520382,-0.07429241410520382,28315483.0,444553077.6992502,27775170.9,51873729.86666667,430743449.2175336,760533026.1783482,0.023966250523020063,0.029786747816040578,,0,0,0,,,2020,12,0.0
2021-09-06,6601.HK,1,Hang Seng Composite Index,,2021-05-07,2021-05-09,120,8.100000381469727,-0.0024629931491653156,-0.04142005156161632,,-0.11956515767398412,-0.11956515767398412,480786.0,3894366.783405304,1135219.65,10151396.775,9385621.392367601,83889058.91267118,0.01848437808728929,0.022189710855154397,,0,0,0,,,2021,9,0.0
2021-09-06,6608.HK,1,Hang Seng Composite Index,,2021-05-07,2021-05-09,120,19.219999313354492,-0.034170870261855946,-0.2447937627827953,,-0.302359352246386,-0.302359352246386,534500.0,10273089.632987976,1575038.7,4008084.12,35635511.446545795,101810906.25595413,0.030294593407754308,0.030205121592911957,,0,0,0,,,2021,9,0.0
2024-03-04,6610.HK,0,Hang Seng Composite Index,Removal,2023-11-03,2023-11-05,120,28.200000762939453,0.029197122465218994,-0.07843135910493737,-0.14024385918044713,-0.16071422489321685,-0.7168674578818732,660900.0,18637380.504226685,536699.45,1019742.0333333333,15365535.484757518,30972401.34620835,0.020985398900009826,0.037682475970687815,,0,0,0,,,2024,3,0.0
2021-09-06,6618.HK,1,Hang Seng China 50 Index,,2021-05-07,2021-05-09,120,115.30000305175781,-0.04710741279538999,0.057798193135392806,-0.25852088069609125,-0.33236823920551095,-0.4087179330679086,3664470.0,422513402.18307495,3786140.8,5656883.8,437700322.53975755,703715239.4308664,0.0250076134450543,0.036689821079797555,,0,0,0,,,2021,9,0.0
2025-03-10,6623.HK,1,Hang Seng Composite Index,,2024-11-08,2024-11-10,120,10.800000190734863,0.036468340850154046,-0.16923075455885672,0.028571446736653572,-0.34146338768618023,-0.4392523332092467,73400.0,792720.013999939,69852.3,169317.98333333334,798465.1238843441,1972650.8444425424,0.027406649809024932,0.05258225735177376,,0,0,0,,,2025,3,0.0
2025-03-10,6639.HK,0,Hang Seng Composite Index,Removal,2024-11-08,2024-11-10,120,3.4800000190734863,0.04504507471594543,-0.10309280504365892,-0.12999999523162842,-0.27650726393512004,-0.5644555545980352,1493000.0,5195640.028476715,1749675.0,2109633.3333333335,5913317.000705004,7663803.685992956,0.03414453138775482,0.053223087897363824,,0,0,0,,,2025,3,0.0
2024-09-09,6660.HK,0,Hang Seng Hong Kong-Listed Biotech Index,Removal,2024-05-10,2024-05-12,120,8.220000267028809,-0.07432430618314945,-0.0551723623861633,0.25688078210626997,-0.07640442479184717,-0.847211888780727,400600.0,3292932.1069717407,172730.0,506857.5333333333,1447018.8998126984,4026192.181169955,0.020450251923168378,0.03206389953557271,,0,0,0,,,2024,9,0.0
2025-03-10,6660.HK,0,Hang Seng Composite Index,Removal,2024-11-08,2024-11-10,120,7.96999979019165,-0.046650703648545955,0.18777939566042656,0.2896440148177537,-0.42246379130178546,-0.42246379130178546,10795200.0,86037741.7350769,12113140.0,5514369.35,91932384.40852642,41329737.19763704,0.06453084686050817,0.11689881516822911,,0,0,0,,,2025,3,0.0
2021-06-07,6666.HK,1,Hang Seng China Enterprises Index,,2021-02-05,2021-02-07,120,17.860000610351562,0.03958092509293598,0.6090090086993996,,0.0,0.0,21526571.0,384464571.19877625,31208309.9,35309190.652173914,454514802.7197154,395490768.3497605,0.06559789955074463,0.05981966770281331,,0,0,0,,,2021,6,0.0
2024-03-04,6666.HK,1,Hang Seng Composite Index,,2023-11-03,2023-11-05,120,0.4099999964237213,-0.06818182126057049,-0.25454547720507104,-0.5900000035762787,-0.5340909106302852,-0.821739128293973,7297000.0,2991769.9739038944,16273112.25,26438356.683333334,7894346.282737175,17891908.350816492,0.04441091119851335,0.06922504049364439,,0,0,0,,,2024,3,1.0
2024-09-09,6666.HK,0,Hang Seng Stock Connect Greater Bay Area Composite Index,Removal,2024-05-10,2024-05-12,120,0.6800000071525574,0.030303000199675578,0.373737374953671,0.30769236941309597,-0.028571401810159047,-0.704347816847673,53004500.0,36043060.37911773,20596829.35,19342762.7,11847008.092187861,11480342.273613723,0.0511314752604151,0.05771526168354528,,0,0,0,,,2024,9,2.0
2024-03-04,6682.HK,1,Hang Seng Composite Index,,2023-11-03,2023-11-05,120,49.29999923706055,-0.07243654145416689,-0.09375003944424909,,-0.15726497030665731,-0.15726497030665731,46800.0,2307239.9642944336,133390.0,215608.0,7219390.229797363,12011622.790893555,0.020598447489588927,0.020863180775083142,,0,0,0,,,2024,3,0.0
2024-03-04,6683.HK,1,Hang Seng Composite Index,,2023-11-03,2023-11-05,120,8.579999923706055,-0.09684211329409953,-0.009237866641529036,0.4042552759767182,-0.11637488259542417,-0.11637488259542417,2440000.0,20935199.813842773,4279908.0,2226782.6666666665,37656043.84923172,18416479.120095413,0.05861394532095327,0.0424914360267811,,0,0,0,,,2024,3,0.0
2022-12-05,6690.HK,1,Hang Seng China Enterprises Index,,2022-08-05,2022-08-07,120,23.600000381469727,-0.05976095526705194,-0.14954953580289276,-0.09751431259117804,-0.1876075386824101,-0.30074072943793406,10244226.0,241763737.5078621,7519979.2,8902423.816666666,191184146.5645379,236037182.1437434,0.0174375999646007,0.022753071984515996,,0,0,0,,,2022,12,0.0
2025-03-10,6698.HK,0,Hang Seng Composite Index,Removal,2024-11-08,2024-11-10,120,4.159999847412109,0.09186349340919664,0.10638294094771261,0.3913042923557184,-0.22388064481548586,-0.8511628002197374,9748800.0,40555006.51245117,17073492.25,7552769.933333334,72078623.72302902,31140340.794970162,0.08084012048113648,0.07634985538965333,,0,0,0,,,2025,3,0.0
2019-09-09,6806.HK,1,Hang Seng Stock Connect China AH Index Series,,2019-05-10,2019-05-12,120,3.200000047683716,-0.015384600712702867,,,-0.015384600712702867,-0.015384600712702867,13690400.0,43809280.65280914,47497349.7,47497349.7,151567049.14508918,151567049.14508918,0.027370524250355917,0.027370524250355917,yfinance_info_static_sharesOutstanding,1,1,1,8012800119.400024,0.00546741214057508,2019,9,0.0
2021-09-06,6806.HK,0,Hang Seng Composite Index,Removal,2021-05-07,2021-05-09,120,2.1600000858306885,0.01886802001456611,-0.02262441242227664,0.01408449285348734,-0.0649350046166508,-0.2775919468423852,4120800.0,8900928.353691101,1453560.0,2990064.6666666665,3121041.2628364563,6572902.600281159,0.013341923273064252,0.015625708030757256,yfinance_info_static_sharesOutstanding,1,1,1,5408640214.920044,0.0016456869009584664,2021,9,1.0
2017-09-04,6818.HK,0,Hang Seng Corporate Sustainability Benchmark Index,Exclusion,2017-05-05,2017-05-07,120,3.5299999713897705,-0.030219816028631663,-0.07105262745120189,-0.038147166755797546,-0.12623762259377225,-0.12623762259377225,18299319.0,64596595.546452284,10328372.1,9561891.766666668,37551820.89140896,36524830.846428305,0.011082459646763696,0.011242867103882696,yfinance_info_static_sharesOutstanding,1,1,1,44755935952.25847,0.001443307891390273,2017,9,0.0
2021-03-15,6818.HK,0,Hang Seng China 50 Index,Removal,2020-11-13,2020-11-15,120,2.859999895095825,0.0035087687010102453,0.05147053860772499,-0.08917203836109255,-0.08333333333333337,-0.24338626541197939,12722182.0,36385439.185389996,18416706.5,12480147.65,52494706.36906054,34665548.315775625,0.023054535413061218,0.019396851084050582,yfinance_info_static_sharesOutstanding,1,1,1,36261182199.947716,0.0010034267218525066,2021,3,0.0
2024-09-09,6818.HK,0,Hang Seng Corporate Sustainability Benchmark Index,Removal,2024-05-10,2024-05-12,120,2.509999990463257,0.02868849655788064,0.10087720261386246,0.07264960791859454,-0.03088800245451473,-0.07380075456400015,35631868.0,89435988.34018803,13656082.3,15339944.833333334,32322491.824927352,36701995.91207315,0.013569274597542987,0.02355925905642226,yfinance_info_static_sharesOutstanding,1,1,1,31823625984.086155,0.0028103644878465996,2024,9,0.0
2018-09-10,6823.HK,1,Hang Seng Composite LargeCap & MidCap Index,,2018-05-11,2018-05-13,120,10.479999542236328,0.0076923006385032355,0.0479999542236329,0.06720976251760713,0.0,-0.0019048055013021203,10755274.0,112715266.59662628,6601952.9,7657395.483333333,68156364.07020354,76638962.63656096,0.005136121134484979,0.006543184424094739,yfinance_info_static_sharesOutstanding,1,1,1,79445768476.22937,0.0014187699201418304,2018,9,0.0
2020-03-09,6828.HK,0,Hang Seng Composite Index,Removal,2019-11-08,2019-11-10,120,0.20200000703334808,0.004975134336559606,0.01000002011656731,-0.033492818531739466,-0.11403505733450514,-0.6039215474301047,7864000.0,1588528.0553102493,7306535.0,18021280.0,1474752.8786239773,3741556.9503905377,0.008356621529973903,0.020980673958108088,,0,0,0,,,2020,3,0.0
2020-09-07,6855.HK,1,Hang Seng Composite Index,,2020-05-08,2020-05-10,120,31.100000381469727,-0.05757574601606885,0.37306847263813614,0.162616836690457,-0.05757574601606885,-0.19534284207864572,214300.0,6664730.081748962,152560.0,104234.66666666667,4401386.489362717,2825014.075966517,0.035695080095481314,0.03958022439631506,,0,0,0,,,2020,9,0.0
2024-06-11,6855.HK,1,Hang Seng Hong Kong-Listed Biotech Index,,2024-02-09,2024-02-12,120,21.899999618530273,0.02097896688042611,-0.18587360858383473,-0.15280466942549698,-0.21223020792982272,-0.31562501192092896,0.0,0.0,1187057.4,1307602.55,27698403.483912848,32822433.433451142,0.0424537696781618,0.03523629335285272,,0,0,0,,,2024,6,1.0
2020-12-07,6862.HK,1,Hang Seng China Enterprises Index,,2020-08-07,2020-08-09,120,36.95000076293945,0.036465615187052824,0.07725952142341819,0.055714307512555905,-0.0439844940704901,-0.0452196373514252,3991356.0,147480607.24516296,6524917.2,8338712.516666667,230099859.52397785,297269787.1616061,0.02288142170476876,0.025421135850846502,,0,0,0,,,2020,12,0.0
2021-03-15,6862.HK,1,Hang Seng Index,,2020-11-13,2020-11-15,120,55.5,-0.017699115044247815,0.0,0.27586206896551735,-0.10194173648601812,-0.10194173648601812,4218251.0,234112930.5,5179835.4,6574387.6,280823607.6643322,357708740.87507254,0.03253582856987538,0.03192943802586581,,0,0,0,,,2021,3,1.0
2025-12-08,6862.HK,0,Hang Seng China Enterprises Index,Removal,2025-08-08,2025-08-10,120,13.949999809265137,0.006493517663583193,-0.04843110815395457,-0.16666666666666663,-0.14731055691779937,-0.2772020538489012,11321049.0,157928631.39068127,29683455.25,21711635.9,419635481.1676148,318197510.3883571,0.01452265756816428,0.016247539945270516,,0,0,0,,,2025,12,2.0
2019-09-09,6865.HK,1,Hang Seng Stock Connect China AH Index Series,,2019-05-10,2019-05-12,120,3.9100000858306885,0.012953417640862996,-0.09280739263557636,0.6157024638687492,-0.12723212741429413,-0.12723212741429413,4281000.0,16738710.367441177,4868472.95,8013334.033333333,18973722.523054767,28858152.409312915,0.03553168962276564,0.045758056141037895,yfinance_info_static_sharesOutstanding,1,1,1,1727105687.9127026,0.009691769579932763,2019,9,0.0
2021-09-06,6865.HK,1,Hang Seng Composite Index,,2021-05-07,2021-05-09,120,17.520000457763672,-0.26999998092651367,-0.2921211936257102,-0.46503815396141457,-0.5160220970022698,-0.5358940276089094,21491558.0,376532105.9980545,7108690.8,8449292.083333334,157552819.3970272,214821732.93430188,0.04511096310477718,0.04552528255087786,yfinance_info_static_sharesOutstanding,1,1,1,7738847002.20108,0.048654806832459846,2021,9,1.0
2019-03-11,6869.HK,1,Hang Seng Stock Connect China AH Index Series,,2018-11-09,2018-11-11,120,20.899999618530273,-0.011820331182463284,0.03465340738378053,-0.2157598529945911,-0.2891156500098254,-0.4939467311230441,3942000.0,82387798.49624634,2643983.85,2593113.7,53759296.34634237,60900253.1517018,0.042902653314458625,0.03738745409645951,yfinance_info_static_sharesOutstanding,1,1,1,8810745833.78503,0.009350831365527333,2019,3,0.0
2021-09-06,6869.HK,0,Hang Seng Composite Index,Removal,2021-05-07,2021-05-09,120,9.600000381469727,-0.0051812682939942345,-0.039999961853027344,-0.0513833507875211,-0.11926598922540466,-0.42992872360547785,538543.0,5170013.005437851,588265.8,996227.0833333334,5813179.759293365,10251539.635696713,0.008125484715951226,0.012815671205817999,yfinance_info_static_sharesOutstanding,1,1,1,4047041383.2149696,0.0012774796489307932,2021,9,1.0
2024-03-04,6878.HK,0,Hang Seng Composite Index,Removal,2023-11-03,2023-11-05,120,0.5099999904632568,0.019999980926513672,-0.17741937654695683,-0.32894737254879813,-0.3780487866929285,-0.9694610798105443,20625200.0,10518851.803302765,24875155.0,33878486.666666664,13315813.275796771,22754482.785160143,0.03925157323435927,0.04450246520213712,,0,0,0,,,2024,3,0.0
2024-09-09,688036.SS,1,Hang Seng China A Industry Top Index,,2024-05-10,2024-05-12,120,104.18571472167969,-0.2764880922105577,-0.3369879398857698,-0.24824505754608195,-0.3961648384389199,-0.3961648384389199,6479107.0,675030393.5532379,5931952.7,4460249.516666667,798696638.2838466,660726550.2550815,0.08252387007389275,0.05329582376077479,,0,0,0,,,2024,9,0.0
2017-09-04,6881.HK,1,Hang Seng China AH Index Series,,2017-05-05,2017-05-07,120,6.710000038146973,-0.06675939016042887,-0.06415621105331137,-0.041428565979003906,-0.148477164886051,-0.16438352910577292,32636600.0,218991587.2449875,16345399.45,24488106.0,115823094.7458508,182517268.6377932,0.012347166729282572,0.014742430261851023,yfinance_info_static_sharesOutstanding,1,1,1,24766507028.22989,0.008842247596537203,2017,9,0.0
2018-12-10,6881.HK,0,Hang Seng China Enterprises Index,Exclusion,2018-08-10,2018-08-12,120,4.0,0.03359176183079837,0.01522841165181843,-0.21568625984353196,-0.2063492003421874,-0.44674965567806546,12039346.0,48157384.0,11863773.2,14509149.216666667,47380750.44714482,62930149.056003965,0.01795710926538862,0.017520460930375254,yfinance_info_static_sharesOutstanding,1,1,1,14763938532.0,0.003261825013401512,2018,12,1.0
2024-03-04,688114.SS,1,Hang Seng Stock Connect Greater Bay Area Composite Index,,2023-11-03,2023-11-05,120,80.01000213623047,-0.02068537178872054,0.06850968310603589,-0.13032606373662536,-0.1251913083627625,-0.43101973464333365,2033759.0,162721061.93457794,1773429.35,1540118.9166666667,139931643.11177522,115077851.6524381,0.021230023559707684,0.022456442165439842,,0,0,0,,,2024,3,0.0
2024-09-09,688177.SS,1,Hang Seng Stock Connect Greater Bay Area Composite Index,,2024-05-10,2024-05-12,120,32.900001525878906,-0.00664243397043307,-0.04332648706641229,0.03720057497061857,-0.19736520666789326,-0.2687263770068813,2947018.0,96956896.6967926,2034418.25,2259649.283333333,63589927.63615026,76330206.23189455,0.03310983479954481,0.042014848673912794,,0,0,0,,,2024,9,0.0
2024-03-04,688318.SS,1,Hang Seng Stock Connect Greater Bay Area Composite Index,,2023-11-03,2023-11-05,120,75.5255126953125,0.0340901648052212,0.03713311366862748,-0.09178476081971743,-0.13178878726278354,-0.13178878726278354,6333185.0,478317044.1192627,7482027.15,10444187.083333334,548422057.661924,790362050.3934295,0.04078991503740116,0.045390687038525446,,0,0,0,,,2024,3,0.0
2024-09-09,688343.SS,1,Hang Seng Stock Connect Greater Bay Area Composite Index,,2024-05-10,2024-05-12,120,28.40999984741211,-0.052052035424880905,-0.07939082030081468,-0.1963224590176318,-0.35883550063401803,-0.6573393005361097,2738513.0,77801153.91213608,3678618.95,4375973.983333333,106096034.63675575,157277894.7189607,0.03237162348791057,0.04699024713716696,,0,0,0,,,2024,9,0.0
2024-09-09,688525.SS,1,Hang Seng Stock Connect Greater Bay Area Composite Index,,2024-05-10,2024-05-12,120,51.040000915527344,-0.021097017395429463,0.04697437775440716,0.5796966495247331,-0.11373500989244589,-0.5140435922237852,19278693.0,983984508.3701706,23381073.45,23048331.216666665,1117713790.7518573,1088008878.6463816,0.06142771679880405,0.06145088654179035,,0,0,0,,,2024,9,0.0
2019-09-09,6886.HK,0,Hang Seng China Enterprises Index,Exclusion,2019-05-10,2019-05-12,120,13.300000190734863,-0.1073825146817845,-0.17288555635331548,-0.13524056620474645,-0.2643805173197912,-0.2643805173197912,9850800.0,131015641.87889099,8930648.95,14487445.316666666,130845791.79127522,230576038.93864828,0.02588647737350411,0.029516674693687732,yfinance_info_static_sharesOutstanding,1,1,1,22863307871.881943,0.0057303887352196485,2019,9,0.0
2020-03-09,6889.HK,0,Hang Seng Composite Index,Removal,2019-11-08,2019-11-10,120,10.380000114440918,-0.00764817623463665,0.040080219494174285,0.05167175631157028,-0.00764817623463665,-0.051188252963604075,135000.0,1401300.015449524,130576.35,142937.06666666668,1329797.7882854461,1433495.1084036985,0.008277175925493629,0.00861559578055371,,0,0,0,,,2020,3,0.0
2020-09-07,6889.HK,1,Hang Seng Composite Index,,2020-05-08,2020-05-10,120,7.860000133514404,0.011583031249526199,0.02745098503647614,-0.21242480019662124,-0.21868789208123296,-0.2815356092327185,107903.0,848117.5944066048,152777.8,338351.8333333333,1181886.9377607107,2839892.6944530406,0.01578313719451231,0.0220862716218906,,0,0,0,,,2020,9,0.0
2021-03-15,6889.HK,0,Hang Seng Composite Index,Removal,2020-11-13,2020-11-15,120,8.119999885559082,-0.001230040435555857,0.0024690744626516548,0.018820589625614614,-0.09677418328241771,-0.23827392103290268,51600.0,418991.99409484863,88856.15,335753.48333333334,726820.4652066708,2759536.0837572576,0.01127688096861348,0.01939006277631544,,0,0,0,,,2021,3,1.0
2021-09-06,688981.SS,1,Hang Seng China A Industry Top Index,,2021-05-07,2021-05-09,120,53.77000045776367,-0.0223636280406605,-0.07785972918201467,-0.05699754426356707,-0.09340753308466732,-0.3660693155950959,16929232.0,910284812.3895874,18098545.9,23861767.066666666,1011090882.8860525,1340885225.1932116,0.012719745320038585,0.022230768057760576,,0,0,0,,,2021,9,0.0
2023-12-04,6929.HK,0,Hang Seng Hong Kong-Listed Biotech Index,Removal,2023-08-04,2023-08-06,120,8.800000190734863,0.025641056991266398,0.02444703543849247,-0.3004769281316185,-0.3723252565329409,-0.3723252565329409,33500.0,294800.0063896179,76799.5,334076.4666666667,668542.1716365814,3396562.0525482176,0.027637982962295027,0.0393458864360098,,0,0,0,,,2023,12,0.0
2024-03-04,6929.HK,0,Hang Seng Composite Index,Removal,2023-11-03,2023-11-05,120,8.069999694824219,-0.08399553797350168,-0.027710902484964994,-0.07134636541970174,-0.12091509514719001,-0.42439376381365235,235000.0,1896449.9282836914,85100.0,173050.0,731642.2455310822,1502324.7520844142,0.02153223537599311,0.019421637372721342,,0,0,0,,,2024,3,0.0
2024-09-09,6963.HK,1,Hang Seng Composite Index,,2024-05-10,2024-05-12,120,2.6500000953674316,-0.018518500530834592,-0.00749062934645095,-0.33417083350056576,-0.3908045624218768,-0.4004524774602747,3110000.0,8241500.296592712,2924400.0,2358483.3333333335,7253542.868936062,6903482.136436303,0.04032500764292549,0.0395731829990462,,0,0,0,,,2024,9,0.0
2021-09-06,6969.HK,1,Hang Seng Stock Connect Greater Bay Area Composite Index,,2021-05-07,2021-05-09,120,51.29999923706055,-0.06811989195224988,0.031155763559006067,-0.3294117746789471,-0.3294117746789471,-0.3928994173128929,9564231.0,490645043.00307083,12627896.3,22552887.1,670168740.8342876,1315320608.8235662,0.030427463347395777,0.06108590351605834,,0,0,0,,,2021,9,0.0
2024-09-09,6969.HK,0,Hang Seng Stock Connect Greater Bay Area Composite Index,Removal,2024-05-10,2024-05-12,120,7.0,-0.038461566172910966,-0.039780516237384544,0.3282732495891465,-0.05020351306708526,-0.23580784753204487,6141395.0,42989765.0,7024505.9,10559153.35,48805813.04004145,68733403.66158076,0.023466177640014546,0.029663349278809703,,0,0,0,,,2024,9,1.0
2021-03-15,6988.HK,1,Hang Seng Composite Index,,2020-11-13,2020-11-15,120,3.8499999046325684,-0.035087745506153345,0.1191860001721603,,-0.19958420988924586,-0.19958420988924586,25889000.0,99672647.53103256,51278385.0,80595608.76470588,209996747.64368415,272904959.37997156,0.06303387203358501,0.06427922970198657,,0,0,0,,,2021,3,0.0
2021-03-15,6989.HK,1,Hang Seng Composite Index,,2020-11-13,2020-11-15,120,10.300000190734863,-0.058500860529833276,,,-0.12265754756877223,-0.12265754756877223,1824000.0,18787200.34790039,15243647.368421054,15243647.368421054,167455247.39061156,167455247.39061156,0.03282154591459036,0.03282154591459036,,0,0,0,,,2021,3,0.0
2024-03-04,6990.HK,1,Hang Seng Composite Index,,2023-11-03,2023-11-05,120,81.30000305175781,0.056530295984826395,0.04230773143279243,0.17826091379359155,-0.043529375861672825,-0.043529375861672825,146700.0,11926710.447692871,105074.15,87224.63333333333,8133976.508363342,6823887.016816711,0.03431665386816376,0.033562029220877476,,0,0,0,,,2024,3,0.0
2024-06-11,6990.HK,1,Hang Seng Hong Kong-Listed Biotech Index,,2024-02-09,2024-02-12,120,82.44999694824219,0.13724133721713372,-0.2545208129678739,-0.046820844528992045,-0.2545208129678739,-0.2545208129678739,0.0,0.0,207450.95,136065.58333333334,17115831.91813736,12149324.669963073,0.06312966731107433,0.04466270135519756,,0,0,0,,,2024,6,1.0
2020-03-09,87001.HK,0,Hang Seng Composite Index,Removal,2019-11-08,2019-11-10,120,3.2899999618530273,0.006116202153874983,0.021739109509576693,0.028124972758815092,-0.0030303001841675004,-0.043604678160567456,1810365.0,5956100.780940056,2256713.7,2546362.066666667,7354226.301015401,8198131.467786316,0.004474294647385643,0.004023015042220046,,0,0,0,,,2020,3,0.0
2020-12-07,9618.HK,1,Hang Seng China Enterprises Index,,2020-08-07,2020-08-09,120,246.39999389648438,0.023255775638519882,-0.053763442120376426,,-0.07368423347186326,-0.07368423347186326,4084993.0,1006542250.2671814,3956443.25,5369467.6,963334170.088021,1294539028.045165,0.02643501250837918,0.02635685730347415,,0,0,0,,,2020,12,0.0
2021-03-15,9618.HK,1,Hang Seng China 50 Index,,2020-11-13,2020-11-15,120,348.3999938964844,-0.027359067494622802,0.11881824253438977,0.4361087598152189,-0.03810054623261272,-0.03810054623261272,10216844.0,3559548387.241333,6106379.85,5494049.066666666,2002563991.0032532,1703810250.6104944,0.04516280287780721,0.034834317889259524,,0,0,0,,,2021,3,1.0
2021-12-06,9618.HK,1,Hang Seng Index,,2021-08-06,2021-08-08,120,276.3999938964844,-0.0007231099154654252,-0.009319018292170744,0.015429763045927691,-0.09495743477267249,-0.33685220251547443,2629143.0,726695109.1529846,5506560.65,5189518.4,1508610750.709523,1460102022.915766,0.04406792031838024,0.03055157545749167,,0,0,0,,,2021,12,2.0
2022-12-05,9626.HK,0,Hang Seng China Enterprises Index,Removal,2022-08-05,2022-08-07,120,195.0,0.03283896635606798,-0.08192087757292721,0.21419671599708212,-0.17582419708524888,-0.7308488612836439,1001295.0,195252525.0,1810092.7,2551069.1333333333,347119155.2469742,498592357.4600731,0.04458296204156073,0.051910633932224,,0,0,0,,,2022,12,0.0
2021-03-15,9633.HK,1,Hang Seng China 50 Index,,2020-11-13,2020-11-15,120,37.25,-0.013245033112582738,0.023351605453004742,,-0.05336718057313716,-0.05336718057313716,2987300.0,111276925.0,7066865.95,17762003.68888889,263215018.95268688,630463949.1504397,0.023116419844484655,0.03010428985574292,,0,0,0,,,2021,3,0.0
2024-03-04,9638.HK,1,Hang Seng Composite Index,,2023-11-03,2023-11-05,120,22.899999618530273,0.04090907356955786,0.015521081743298026,-0.13909777104804,-0.11923078390268183,-0.15185186598036027,0.0,0.0,5705.0,67131.05,131744.49853897095,1655235.43700215,0.020406428417996295,0.015089370032319728,,0,0,0,,,2024,3,0.0
2025-03-10,9638.HK,0,Hang Seng Composite Index,Removal,2024-11-08,2024-11-10,120,24.0,0.0762332206771652,0.03671707971819349,0.05960266685237703,-0.03614456354692086,-0.1808873506848684,140200.0,3364800.0,51565.0,35301.166666666664,1217919.2370319366,831686.5736539841,0.04667825727351346,0.029886892251584387,,0,0,0,,,2025,3,1.0
2025-03-10,9660.HK,1,Hang Seng Composite Index,,2024-11-08,2024-11-10,120,4.699999809265137,-0.07480317325746988,,,-0.0766208903008514,-0.0766208903008514,32239600.0,151526113.8507843,97664454.08333333,97664454.08333333,424956607.4823893,424956607.4823893,0.058391229229643446,0.058391229229643446,,0,0,0,,,2025,3,0.0
2026-03-09,9660.HK,1,Hang Seng HKEX Stock Connect China Enterprises Index,,2025-11-07,2025-11-09,120,8.350000381469727,-0.05113634085359697,-0.09041393203855252,0.1501377573311411,-0.22756706222534995,-0.22756706222534995,114449594.0,955654153.5590553,175260858.5,266871150.1,1523490863.4215016,2448015416.808927,0.03199080202739821,0.0365783612166905,,0,0,0,,,2026,3,1.0
2020-12-07,9668.HK,1,Hang Seng Composite LargeCap & MidCap Index,,2020-08-07,2020-08-09,120,4.800000190734863,-0.0020789505537704978,,,-0.0020789505537704978,-0.0020789505537704978,3747500.0,17988000.7147789,15282941.176470589,15282941.176470589,72967270.55845541,72967270.55845541,0.012067843783967275,0.012067843783967275,,0,0,0,,,2020,12,0.0
2021-03-15,9668.HK,0,Hang Seng Composite Index,Removal,2020-11-13,2020-11-15,120,4.900000095367432,0.08167767514843782,0.051502200818440924,0.018711050656662342,0.0,0.0,17841500.0,87423351.70149803,4484750.0,1723758.3333333333,21195664.413154125,8154094.982039928,0.015123216771691678,0.012805522013363926,,0,0,0,,,2021,3,1.0
2024-09-09,9668.HK,0,Hang Seng Composite Index,Removal,2024-05-10,2024-05-12,120,1.0099999904632568,0.0,0.009999990463256836,-0.02884612739438741,-0.10619469493340472,-0.2733812943470354,20001500.0,20201514.80925083,4170950.0,2787826.6666666665,4143971.2331339717,2870841.17871354,0.02024151945178538,0.015375630067785796,,0,0,0,,,2024,9,1.0
2025-03-10,9669.HK,0,Hang Seng Composite Index,Removal,2024-11-08,2024-11-10,120,4.050000190734863,0.12500008278423103,0.08288774877209648,0.1095890643606039,-0.2105262962209029,-0.3446601451081869,335600.0,1359180.0640106201,250990.0,822936.6666666666,906206.1987757683,3089700.3907768726,0.024110340478576152,0.045701618472019714,,0,0,0,,,2025,3,0.0
2024-03-04,9676.HK,1,Hang Seng Composite Index,,2023-11-03,2023-11-05,120,24.899999618530273,-0.04597704005366299,,,-0.10912347267100453,-0.10912347267100453,165000.0,4108499.937057495,362625.0,362625.0,8343875.490581989,8343875.490581989,0.06967888742714008,0.06967888742714008,,0,0,0,,,2024,3,0.0
2021-03-15,9698.HK,1,Hang Seng Composite Index,,2020-11-13,2020-11-15,120,91.80000305175781,-0.05604109972485538,,,-0.075528698585143,-0.075528698585143,1432800.0,131531044.3725586,4260140.0,4260140.0,378103749.3000763,378103749.3000763,0.05276143344418775,0.05276143344418775,,0,0,0,,,2021,3,0.0
2024-03-04,9698.HK,0,Hang Seng TECH Index,Removal,2023-11-03,2023-11-05,120,10.479999542236328,0.09623421362323703,0.025440241527812324,-0.1521035733544932,-0.1252086859195315,-0.5953668070814038,2837600.0,29738046.701049805,1840753.15,2198715.1,18371112.595234014,23311524.87105247,0.03000566636834937,0.03275057049271148,,0,0,0,,,2024,3,1.0
2024-09-09,9699.HK,1,Hang Seng Composite Index,,2024-05-10,2024-05-12,120,10.140000343322754,-0.015533965480508782,-0.011695895017748925,0.09978308564522642,-0.02312136497804762,-0.07142854647633934,510600.0,5177484.175300598,518200.0,518261.6666666667,5258592.119626999,4926624.277170499,0.013593150560894262,0.019881294942093935,,0,0,0,,,2024,9,0.0
2024-09-09,9857.HK,0,Hang Seng Composite Index,Removal,2024-05-10,2024-05-12,120,8.109999656677246,-0.10188262497226375,-0.028742600458448897,0.2791797257870521,-0.10188262497226375,-0.37996944159160373,299500.0,2428944.897174835,738510.0,1174996.6666666667,5894325.164000988,9333453.897460302,0.042783077689864536,0.04456033049148364,,0,0,0,,,2024,9,0.0
2025-12-08,9863.HK,1,Hang Seng TECH Index,,2025-08-08,2025-08-10,120,63.79999923706055,0.09246571181661234,0.10476189155083193,-0.013147753577053,-0.005455998137071982,-0.03039519334253038,5332664.0,340223959.13150024,7386489.6,8301396.333333333,449005885.77328855,486764759.5557813,0.029504140118733386,0.025674502350377215,,0,0,0,,,2025,12,0.0
2024-09-09,9869.HK,0,Hang Seng Stock Connect Greater Bay Area Composite Index,Removal,2024-05-10,2024-05-12,120,3.6700000762939453,0.06997084689961675,0.01944449264326331,0.11550155588053279,0.0,-0.6808695585831352,5790500.0,21251135.44178009,2745668.2,2086927.6333333333,8846230.895398831,6885365.449676474,0.04691522002395351,0.042901707428070174,,0,0,0,,,2024,9,0.0
2025-03-10,9869.HK,0,Hang Seng Composite Index,Removal,2024-11-08,2024-11-10,120,3.140000104904175,0.14181821996515453,0.1893939318681006,0.7252747331922602,-0.19693093709048481,-0.48608837376602776,31536000.0,99023043.30825806,27875854.4,21196858.433333334,74475958.2902041,59012314.57674359,0.06861163723382255,0.10677931033994852,,0,0,0,,,2025,3,0.0
2024-09-09,9877.HK,0,Hang Seng Composite Index,Removal,2024-05-10,2024-05-12,120,4.690000057220459,-0.11005691191749978,0.32861192499500036,-0.6247999954223633,-0.6473684218074194,-0.8938914032518999,3480800.0,16324952.199172974,5737024.1,2347498.8666666667,24156320.61087942,10923488.064556535,0.08185444004253685,0.08387341146116566,,0,0,0,,,2024,9,0.0
2023-12-04,9885.HK,1,Hang Seng Hong Kong-Listed Biotech Index,,2023-08-04,2023-08-06,120,54.099998474121094,0.09292926210345653,1.38852094416201,,0.0,0.0,1058800.0,57281078.384399414,960238.5,1000221.1111111111,40951759.729932785,36490562.17734302,0.04809189393712568,0.057155894582336504,,0,0,0,,,2023,12,0.0
2024-03-04,9885.HK,1,Hang Seng Stock Connect Greater Bay Area Composite Index,,2023-11-03,2023-11-05,120,19.260000228881836,-0.5748344248729045,-0.5970711184876114,-0.6612137071973845,-0.6898550611574001,-0.6898550611574001,1510200.0,29086452.34565735,782230.0,799447.25,28165279.636631012,38054836.54547819,0.12787014105104846,0.09446247517467607,,0,0,0,,,2024,3,1.0
2024-06-11,9886.HK,0,Hang Seng Hong Kong-Listed Biotech Index,Removal,2024-02-09,2024-02-12,120,1.4800000190734863,0.0,-0.16853930176305187,-0.2815533688430426,-0.350877176471474,-0.8762541794019266,0.0,0.0,1256240.4,1412316.1,2093867.1279772997,2771838.548201895,0.025115168544332413,0.025589330322403736,,0,0,0,,,2024,6,0.0
2024-09-09,9886.HK,0,Hang Seng Composite Index,Removal,2024-05-10,2024-05-12,120,1.2999999523162842,0.0,0.16071423819782793,-0.12162166516044115,-0.15032681266298753,-0.5695364369116804,1315000.0,1709499.9372959137,1022175.0,922613.8666666667,1174375.4937440157,1145308.239606621,0.03814189264731887,0.028673362062426277,,0,0,0,,,2024,9,0.0
2021-09-06,9888.HK,1,Hang Seng China 50 Index,,2021-05-07,2021-05-09,120,185.5,-0.09863946914836752,-0.1490825688073395,,-0.26388888888888884,-0.26388888888888884,4579046.0,849413033.0,3291757.15,7181647.161290322,670435096.3737053,1530659674.2386215,0.020752848294232875,0.03021370063272905,,0,0,0,,,2021,9,0.0
2024-03-04,9890.HK,1,Hang Seng Composite Index,,2023-11-03,2023-11-05,120,11.699999809265137,0.008620640043698113,-0.16428572790963314,,-0.16428572790963314,-0.16428572790963314,205800.0,2407859.960746765,372530.0,797096.0,4870439.808349609,10463277.761413574,0.04087740481733605,0.07663978765926391,,0,0,0,,,2024,3,0.0
2024-09-09,9890.HK,1,Hang Seng Stock Connect Greater Bay Area Composite Index,,2024-05-10,2024-05-12,120,23.0,0.08747046878662235,-0.17414722854713938,0.07981224525029873,-0.6140939498515788,-0.676056338028169,520600.0,11973800.0,1120418.4,1605612.8666666667,25827771.847641755,46168549.84487839,0.07342551580180463,0.13270007281452909,,0,0,0,,,2024,9,1.0
2024-12-09,9898.HK,0,Hang Seng TECH Index,Removal,2024-08-09,2024-08-11,120,60.900001525878906,0.02698148919736254,-0.09374993613787774,-0.2242038022181031,-0.22617530003297992,-0.4759035875620118,32320.0,1968288.0493164062,38276.1,62119.73333333333,2322507.637394333,4161375.6601469675,0.02676483859305173,0.023686384721063818,,0,0,0,,,2024,12,0.0
2024-09-09,9899.HK,1,Hang Seng Composite Index,,2024-05-10,2024-05-12,120,94.0,-0.032424101661385984,-0.03885483571761006,0.03982299129818623,-0.039836582891655814,-0.08737864077669899,89250.0,8389500.0,89997.85,145331.8,8492683.16756096,13371937.036734644,0.02049598682787781,0.02546801132178821,,0,0,0,,,2024,9,0.0
2024-09-09,9901.HK,1,Hang Seng China Enterprises Index,,2024-05-10,2024-05-12,120,66.94999694824219,0.047730756643692196,-0.029006527752297284,0.044461755724872765,-0.12825528270978603,-0.12825528270978603,4488071.0,300476339.75349426,4987645.3,3900219.1,325826319.3395718,268311403.90580902,0.048900434125056506,0.03404086572129669,,0,0,0,,,2024,9,0.0
2024-12-09,9901.HK,1,Hang Seng Index,,2024-08-09,2024-08-11,120,52.5,0.11583423700986106,-0.131513658603846,-0.24785103575037937,-0.1947852383846559,-0.31640627716357406,4715944.0,247587060.0,6284984.05,4409529.683333334,333801191.65524405,252318203.70354754,0.048371798723527655,0.03464483652108967,,0,0,0,,,2024,12,1.0
2025-12-08,9901.HK,0,Hang Seng China Enterprises Index,Removal,2025-08-08,2025-08-10,120,35.68000030517578,0.038719123439166836,-0.13607745849161323,-0.07204162295969507,-0.19458237201668926,-0.4565118130102267,4162463.0,148516681.1102829,7873275.55,6311702.2,293080670.6600777,241541416.12184754,0.0264018893341568,0.026932051236462414,,0,0,0,,,2025,12,2.0
2020-09-07,9909.HK,1,Hang Seng Composite Index,,2020-05-08,2020-05-10,120,13.359999656677246,0.05863706638895749,0.013657006626227375,0.23703698340103396,-0.0029850718650553665,-0.0029850718650553665,1522500.0,20340599.477291107,914645.6,1866052.9833333334,11527492.353182506,21120470.35106098,0.03869085175805591,0.03910380056003171,,0,0,0,,,2020,9,0.0
2020-09-07,9922.HK,1,Hang Seng Composite Index,,2020-05-08,2020-05-10,120,11.84000015258789,0.10447759866236495,0.30540248632470934,0.37834690829672213,-0.00837516175123687,-0.00837516175123687,14332040.0,169691355.78689575,9830742.05,8300748.05,102349080.01266627,79244793.81463462,0.04470976988903893,0.04143946321313296,,0,0,0,,,2020,9,0.0
2021-03-15,9923.HK,1,Hang Seng Stock Connect Greater Bay Area Composite Index,,2020-11-13,2020-11-15,120,37.29999923706055,-0.08690328934307079,-0.27290448748946594,-0.3357079568400475,-0.39935587514378834,-0.443698768987861,3159200.0,117838157.58972168,1603008.85,1657057.1,67342052.28995056,83295930.11198851,0.040734237533353285,0.03913959135081674,,0,0,0,,,2021,3,0.0
2020-09-07,9926.HK,1,Hang Seng Composite Index,,2020-05-08,2020-05-10,120,24.149999618530273,-0.07824431621043904,,,-0.12181819568980823,-0.12181819568980823,3671000.0,88654648.59962463,23443317.777777776,23443317.777777776,592774427.9825355,592774427.9825355,0.05740374666834592,0.05740374666834592,,0,0,0,,,2020,9,0.0
2024-09-09,9926.HK,0,Hang Seng Stock Connect Greater Bay Area Composite Index,Removal,2024-05-10,2024-05-12,120,49.95000076293945,0.01938777067223363,0.024615400265424636,0.1921240798067414,-0.0384985557387475,-0.0384985557387475,3674010.0,183516802.30304718,3933863.75,4321517.05,188994844.09698278,205998553.93366224,0.023650774595461152,0.025503500152886317,,0,0,0,,,2024,9,1.0
2020-09-07,9928.HK,1,Hang Seng Composite Index,,2020-05-08,2020-05-10,120,7.440000057220459,0.12556730816051598,0.14285711146562607,0.3381295204656194,0.0,0.0,12390287.0,92183735.98897791,8799855.1,10138714.933333334,56507302.384861186,64653402.1499559,0.037027513740789636,0.04359556170554835,,0,0,0,,,2020,9,0.0
2024-03-04,9930.HK,0,Hang Seng Composite Index,Removal,2023-11-03,2023-11-05,120,3.8499999046325684,-0.027777811225950688,-0.08767770235890904,0.42592586542189803,-0.14444446563720703,-0.14444446563720703,21000.0,80849.99799728394,90532.6,346213.6666666667,353859.27462162974,1355348.7879677056,0.029265762450747204,0.04614548808876571,,0,0,0,,,2024,3,0.0
2021-09-06,9939.HK,1,Hang Seng Composite Index,,2021-05-07,2021-05-09,120,63.0,-0.1063829787234043,0.8805970149253732,3.8837210746505226,-0.1753926866263208,-0.1753926866263208,3191000.0,201033000.0,3134425.1,3492338.3,183668929.17093736,128621323.92680505,0.0779649612440875,0.07601279399088655,,0,0,0,,,2021,9,0.0
2024-03-04,9939.HK,0,Hang Seng Composite Index,Removal,2023-11-03,2023-11-05,120,2.7899999618530273,0.018248157716151958,0.16249993791183082,-0.21408450723143713,-0.30769235320071897,-0.8275649005420265,2346000.0,6545339.910507202,3686950.0,4217691.7,10092909.261101484,13486482.621544965,0.032328577550776505,0.034626417622855454,,0,0,0,,,2024,3,1.0
2023-12-04,9955.HK,0,Hang Seng Hong Kong-Listed Biotech Index,Removal,2023-08-04,2023-08-06,120,7.090000152587891,-0.032742124640680714,-0.0405953612067349,-0.23845329398172121,-0.26145834678576996,-0.7186507961136713,919400.0,6518546.140289307,597955.1,942442.15,4491845.193513823,7565799.269090041,0.021927637959494605,0.032912257599184536,,0,0,0,,,2023,12,0.0
2024-09-09,9955.HK,0,Hang Seng Composite Index,Removal,2024-05-10,2024-05-12,120,3.430000066757202,0.030030073676354352,0.2610294230436989,-0.3774954765377089,-0.4126712367914478,-0.6427083405769531,15790000.0,54159701.05409622,17163930.8,8684060.166666666,50653028.21350251,25923459.305924322,0.040589113751749895,0.0486104379271356,,0,0,0,,,2024,9,0.0
2021-09-06,9959.HK,1,Hang Seng Composite Index,,2021-05-07,2021-05-09,120,22.0,-0.08333333333333337,0.1387163740946511,,-0.10204081632653061,-0.10204081632653061,5335500.0,117381000.0,12554310.35,21773041.523809522,275908826.5263837,452426159.7817333,0.04141892877938485,0.04141892877938485,,0,0,0,,,2021,9,0.0
2025-03-10,9959.HK,0,Hang Seng Composite Index,Removal,2024-11-08,2024-11-10,120,1.7999999523162842,0.11801238280930981,0.04651158277636491,0.1999999682108562,-0.21739130885479363,-0.21739130885479363,14354417.0,25837949.91552806,17760786.0,12882080.583333334,29830381.719897307,21374065.259225514,0.03745241759664604,0.05850891633629786,,0,0,0,,,2025,3,1.0
2021-09-06,9961.HK,1,Hang Seng Composite Index,,2021-05-07,2021-05-09,120,306.6000061035156,-0.003898576143740007,,,-0.03887145422095417,-0.03887145422095417,154395.0,47337507.942352295,834425.0666666667,834425.0666666667,245146118.95404664,245146118.95404664,0.029357903519544568,0.029357903519544568,,0,0,0,,,2021,9,0.0
2020-09-07,9966.HK,1,Hang Seng Composite Index,,2020-05-08,2020-05-10,120,16.68000030517578,-0.018823511460248188,0.1729957800247619,0.04250001907348633,-0.14461536896534455,-0.14461536896534455,1147000.0,19131960.35003662,1015534.25,893952.35,17092683.990240477,14900128.485323684,0.04662122230023734,0.0455340053757137,,0,0,0,,,2020,9,0.0
2025-03-10,9966.HK,0,Hang Seng Composite Index,Removal,2024-11-08,2024-11-10,120,4.130000114440918,0.12534060724366292,-0.011961654533746202,0.6926229580279735,-0.16733869300858673,-0.6837672295754696,15914500.0,65726886.82126999,4281892.0,4680753.05,16754760.05635643,17269288.39200965,0.03591549424270966,0.0693703506849766,,0,0,0,,,2025,3,1.0
2025-06-09,9966.HK,0,Hang Seng Biotech Index,Removal,2025-02-07,2025-02-09,120,3.619999885559082,0.11728391200735566,0.04624272995609524,-0.06459948511442493,-0.26572007878162585,-0.33086876383356634,3313000.0,11993059.620857239,2059101.75,3714325.9833333334,6844329.50276351,14666750.929522498,0.03152098723099347,0.03715534036569585,,0,0,0,,,2025,6,1.0
2020-09-07,9968.HK,1,Hang Seng Composite Index,,2020-05-08,2020-05-10,120,2.059999942779541,-0.028301861329449007,-0.004830913423070071,0.056410201233834556,-0.037383251496717174,-0.037383251496717174,2954000.0,6085239.830970764,2704000.0,2831633.3333333335,5576860.871362686,5646779.648915927,0.01336710499066602,0.01021204786931475,,0,0,0,,,2020,9,0.0
2020-09-07,9969.HK,1,Hang Seng Composite Index,,2020-05-08,2020-05-10,120,14.5,0.01256985398127064,0.05531297245574751,,-0.0281501390178458,-0.0281501390178458,2945000.0,42702500.0,6075537.85,12790290.806451613,83963568.12305465,147899299.86847603,0.033425032738612206,0.034366744255290585,,0,0,0,,,2020,9,0.0
2024-03-04,9985.HK,0,Hang Seng Composite Index,Removal,2023-11-03,2023-11-05,120,7.539999961853027,0.016172491148951362,0.13213215234274545,-0.055137851650224,-0.05395230108635718,-0.37788778605213524,220400.0,1661815.9915924072,148410.0,221988.28333333333,1087114.0029144287,1598794.4988318125,0.030989148497990393,0.03238165481753938,,0,0,0,,,2024,3,0.0
2025-03-10,9985.HK,1,Hang Seng Composite Index,,2024-11-08,2024-11-10,120,7.559999942779541,0.024390220263873053,-0.05144289312487549,0.12835823253683487,-0.09134612739438741,-0.09134612739438741,608800.0,4602527.965164185,962450.0,1057303.9666666666,7503594.27854538,7745618.3784948345,0.023331076437194582,0.028530062840743383,,0,0,0,,,2025,3,0.0
2025-12-08,9987.HK,1,Hang Seng China Enterprises Index,,2025-08-08,2025-08-10,120,360.0,-0.021207145328561827,-0.05013192612137207,-0.0005552809557270999,-0.06542059036459003,-0.14122139905328535,741198.0,266831280.0,518647.75,546501.4333333333,190417332.93714753,194126884.51267853,0.0209248090097226,0.017580285969861643,,0,0,0,,,2025,12,0.0
2020-09-07,9988.HK,1,Hang Seng China 50 Index,,2020-05-08,2020-05-10,120,193.39999389648438,-0.018274142657439763,0.025450623741412937,-0.09031049696998927,-0.11039558727599441,-0.13506266271321188,17851592.0,3452497783.8425293,19448238.3,23439528.95,3843183735.342782,4550704292.427285,0.018451906761879872,0.0249330472327223,,0,0,0,,,2020,9,0.0
2020-12-07,9990.HK,1,Hang Seng Composite LargeCap & MidCap Index,,2020-08-07,2020-08-09,120,23.049999237060547,-0.07429720521332772,,,-0.09072982681650876,-0.09072982681650876,2887000.0,66545347.7973938,17532520.111111112,17532520.111111112,366978114.8605409,366978114.8605409,0.06285327063326608,0.06285327063326608,,0,0,0,,,2020,12,0.0
2021-06-07,9990.HK,0,Hang Seng TECH Index,Removal,2021-02-05,2021-02-07,120,20.149999618530273,-0.0024753040851818175,-0.031249982806351828,0.24382707836824213,-0.1533613334258691,-0.24390244251562465,3804000.0,76650598.54888916,2288932.55,2243140.033333333,49358832.3274024,47774465.71709089,0.04601527192405554,0.03895789011269867,,0,0,0,,,2021,6,1.0
2021-03-15,9991.HK,1,Hang Seng Composite Index,,2020-11-13,2020-11-15,120,105.5,0.022286851935774177,0.19886363636363646,,-0.0495495495495496,-0.0495495495495496,212800.0,22450400.0,214810.2,654354.6,20533557.367274858,57041270.06306661,0.04183914275748293,0.039434891277298614,,0,0,0,,,2021,3,0.0
2021-03-15,9993.HK,1,Hang Seng Composite Index,,2020-11-13,2020-11-15,120,4.380000114440918,-0.022321407189022646,,,-0.022321407189022646,-0.022321407189022646,758000.0,3320040.086746216,7410666.666666667,7410666.666666667,32255636.029760044,32255636.029760044,0.014822212716558503,0.014822212716558503,,0,0,0,,,2021,3,0.0
2021-03-15,9995.HK,1,Hang Seng Composite Index,,2020-11-13,2020-11-15,120,67.0999984741211,,,,-0.04005726739106252,-0.04005726739106252,2746000.0,184256595.80993652,9676845.2,9676845.2,670308644.4570633,670308644.4570633,0.049705795640083664,0.049705795640083664,,0,0,0,,,2021,3,0.0
2025-03-10,9995.HK,0,Hang Seng Composite Index,Removal,2024-11-08,2024-11-10,120,18.6200008392334,-0.03523307900040695,0.16959803706031096,0.29485401189493166,-0.14390800739156784,-0.6079999823319284,2629500.0,48961292.20676422,4249054.6,3601063.033333333,71247688.60154438,55239134.36948967,0.05205951201506263,0.06657137470390648,,0,0,0,,,2025,3,1.0
2025-06-09,9995.HK,0,Hang Seng Biotech Index,Removal,2025-02-07,2025-02-09,120,14.460000038146973,0.09214503686700404,0.08721803238921733,-0.21753244608592026,-0.24451408049848566,-0.558473281277955,2510000.0,36294600.0957489,1419324.8,1536944.15,18391260.128947545,24059085.014867082,0.03185794282217579,0.0361028394928995,,0,0,0,,,2025,6,1.0
2025-03-10,9996.HK,0,Hang Seng Composite Index,Removal,2024-11-08,2024-11-10,120,3.890000104904175,0.0183246525876124,-0.015189858748160034,0.5748988096542342,-0.12584263558731235,-0.522699351290807,329000.0,1279810.0345134735,532850.0,1657566.85,2109380.030477047,5367986.346749036,0.019706356832838258,0.047336423735915074,,0,0,0,,,2025,3,0.0
2020-12-07,9999.HK,1,Hang Seng China Enterprises Index,,2020-08-07,2020-08-09,120,147.5,0.047585204566929384,-0.032786885245901676,,-0.04530744336569581,-0.04530744336569581,8645188.0,1275165230.0,4941972.7,8439406.4,717476106.7339691,1160327860.0739665,0.02354460140796303,0.02570320767287505,,0,0,0,,,2020,12,0.0
2021-03-15,9999.HK,1,Hang Seng China 50 Index,,2020-11-13,2020-11-15,120,136.6999969482422,-0.03392228305129197,-0.0021898032975022907,-0.04605726422163303,-0.15669344971556154,-0.15669344971556154,3198773.0,437272259.3381195,3930578.0,3978833.55,543406626.2071053,575660439.3485321,0.02619933030805145,0.021627923339814795,,0,0,0,,,2021,3,1.0
2021-12-06,9999.HK,1,Hang Seng Index,,2021-08-06,2021-08-08,120,135.60000610351562,-0.12797423727642687,-0.18899516400415095,-0.15828677240157796,-0.28329805343173153,-0.33982468289724443,6486937.0,879628696.7931213,8684762.2,5157177.15,1282181215.4186997,821627809.4146522,0.059521491937617625,0.04000848615667722,,0,0,0,,,2021,12,2.0
