source_row_id,index_raw,index,index_normalization_status
0,Hang Seng China 50 Index,Hang Seng China 50 Index,unchanged
1,Hang Seng China 50 Index,Hang Seng China 50 Index,unchanged
2,Hang Seng China 50 Index,Hang Seng China 50 Index,unchanged
3,Hang Seng China 50 Index,Hang Seng China 50 Index,unchanged
4,Hang Seng China 50 Index,Hang Seng China 50 Index,unchanged
5,Hang Seng China 50 Index,Hang Seng China 50 Index,unchanged
6,Hang Seng China AH Index Series,Hang Seng China AH Index Series,unchanged
7,Hang Seng Composite LargeCap & MidCap Index,Hang Seng Composite LargeCap & MidCap Index,unchanged
8,Hang Seng Composite LargeCap & MidCap Index,Hang Seng Composite LargeCap & MidCap Index,unchanged
9,Hang Seng Composite LargeCap & MidCap Index,Hang Seng Composite LargeCap & MidCap Index,unchanged
10,Hang Seng Composite LargeCap & MidCap Index,Hang Seng Composite LargeCap & MidCap Index,unchanged
11,Hang Seng Composite LargeCap & MidCap Index,Hang Seng Composite LargeCap & MidCap Index,unchanged
12,Hang Seng Composite LargeCap & MidCap Index,Hang Seng Composite LargeCap & MidCap Index,unchanged
13,Hang Seng Composite LargeCap & MidCap Index,Hang Seng Composite LargeCap & MidCap Index,unchanged
14,Hang Seng Composite LargeCap & MidCap Index,Hang Seng Composite LargeCap & MidCap Index,unchanged
15,Hang Seng Composite LargeCap & MidCap Index,Hang Seng Composite LargeCap & MidCap Index,unchanged
16,Hang Seng Composite LargeCap & MidCap Index,Hang Seng Composite LargeCap & MidCap Index,unchanged
17,Hang Seng Composite LargeCap & MidCap Index,Hang Seng Composite LargeCap & MidCap Index,unchanged
18,Hang Seng Composite LargeCap & MidCap Index,Hang Seng Composite LargeCap & MidCap Index,unchanged
19,Hang Seng Composite LargeCap & MidCap Index,Hang Seng Composite LargeCap & MidCap Index,unchanged
20,Hang Seng Composite LargeCap & MidCap Index,Hang Seng Composite LargeCap & MidCap Index,unchanged
21,Hang Seng Composite LargeCap & MidCap Index,Hang Seng Composite LargeCap & MidCap Index,unchanged
22,Hang Seng Composite LargeCap & MidCap Index,Hang Seng Composite LargeCap & MidCap Index,unchanged
23,Hang Seng Composite LargeCap & MidCap Index,Hang Seng Composite LargeCap & MidCap Index,unchanged
24,Hang Seng Composite LargeCap & MidCap Index,Hang Seng Composite LargeCap & MidCap Index,unchanged
25,Hang Seng Composite LargeCap & MidCap Index,Hang Seng Composite LargeCap & MidCap Index,unchanged
26,Hang Seng Composite LargeCap & MidCap Index,Hang Seng Composite LargeCap & MidCap Index,unchanged
27,Hang Seng Composite LargeCap & MidCap Index,Hang Seng Composite LargeCap & MidCap Index,unchanged
28,Hang Seng Composite LargeCap & MidCap Index,Hang Seng Composite LargeCap & MidCap Index,unchanged
29,Hang Seng Composite LargeCap & MidCap Index,Hang Seng Composite LargeCap & MidCap Index,unchanged
30,Hang Seng Composite LargeCap & MidCap Index,Hang Seng Composite LargeCap & MidCap Index,unchanged
31,Hang Seng Composite LargeCap & MidCap Index,Hang Seng Composite LargeCap & MidCap Index,unchanged
32,Hang Seng Composite LargeCap & MidCap Index,Hang Seng Composite LargeCap & MidCap Index,unchanged
33,Hang Seng Composite LargeCap & MidCap Index,Hang Seng Composite LargeCap & MidCap Index,unchanged
34,Hang Seng Composite LargeCap & MidCap Index,Hang Seng Composite LargeCap & MidCap Index,unchanged
35,Hang Seng Composite LargeCap & MidCap Index,Hang Seng Composite LargeCap & MidCap Index,unchanged
36,Hang Seng Index,Hang Seng Index,unchanged
37,Hang Seng Index,Hang Seng Index,unchanged
38,Hang Seng Composite LargeCap & MidCap Index,Hang Seng Composite LargeCap & MidCap Index,unchanged
39,Hang Seng Composite LargeCap & MidCap Index,Hang Seng Composite LargeCap & MidCap Index,unchanged
40,Hang Seng China 50 Index,Hang Seng China 50 Index,unchanged
41,Hang Seng China 50 Index,Hang Seng China 50 Index,unchanged
42,Hang Seng China A Industry Top Index,Hang Seng China A Industry Top Index,unchanged
43,Hang Seng China A Industry Top Index,Hang Seng China A Industry Top Index,unchanged
44,Hang Seng China A Industry Top Index,Hang Seng China A Industry Top Index,unchanged
45,Hang Seng China A Industry Top Index,Hang Seng China A Industry Top Index,unchanged
46,Hang Seng China A Industry Top Index,Hang Seng China A Industry Top Index,unchanged
47,Hang Seng China A Industry Top Index,Hang Seng China A Industry Top Index,unchanged
48,Hang Seng China A Industry Top Index,Hang Seng China A Industry Top Index,unchanged
49,Hang Seng China A Industry Top Index,Hang Seng China A Industry Top Index,unchanged
50,Hang Seng China A Industry Top Index,Hang Seng China A Industry Top Index,unchanged
51,Hang Seng China A Industry Top Index,Hang Seng China A Industry Top Index,unchanged
52,Hang Seng China A Industry Top Index,Hang Seng China A Industry Top Index,unchanged
53,Hang Seng China A Top 100 Index,Hang Seng China A Top 100 Index,unchanged
54,Hang Seng China A Top 100 Index,Hang Seng China A Top 100 Index,unchanged
55,Hang Seng China A Top 100 Index,Hang Seng China A Top 100 Index,unchanged
56,Hang Seng China A Top 100 Index,Hang Seng China A Top 100 Index,unchanged
57,Hang Seng China A Top 100 Index,Hang Seng China A Top 100 Index,unchanged
58,Hang Seng China A Top 100 Index,Hang Seng China A Top 100 Index,unchanged
59,Hang Seng China A Top 100 Index,Hang Seng China A Top 100 Index,unchanged
60,Hang Seng China A Top 100 Index,Hang Seng China A Top 100 Index,unchanged
61,Hang Seng China A Top 100 Index,Hang Seng China A Top 100 Index,unchanged
62,Hang Seng China A Top 100 Index,Hang Seng China A Top 100 Index,unchanged
63,Hang Seng China A Top 100 Index,Hang Seng China A Top 100 Index,unchanged
64,Hang Seng China A Top 100 Index,Hang Seng China A Top 100 Index,unchanged
65,Hang Seng China Enterprises Index,Hang Seng China Enterprises Index,unchanged
66,Hang Seng China Enterprises Index,Hang Seng China Enterprises Index,unchanged
67,Hang Seng Composite LargeCap & MidCap Index,Hang Seng Composite LargeCap & MidCap Index,unchanged
68,Hang Seng Composite LargeCap & MidCap Index,Hang Seng Composite LargeCap & MidCap Index,unchanged
69,Hang Seng Composite LargeCap & MidCap Index,Hang Seng Composite LargeCap & MidCap Index,unchanged
70,Hang Seng Composite LargeCap & MidCap Index,Hang Seng Composite LargeCap & MidCap Index,unchanged
71,Hang Seng Composite LargeCap & MidCap Index,Hang Seng Composite LargeCap & MidCap Index,unchanged
72,Hang Seng Composite LargeCap & MidCap Index,Hang Seng Composite LargeCap & MidCap Index,unchanged
73,Hang Seng Composite LargeCap & MidCap Index,Hang Seng Composite LargeCap & MidCap Index,unchanged
74,Hang Seng Composite LargeCap & MidCap Index,Hang Seng Composite LargeCap & MidCap Index,unchanged
75,Hang Seng Composite LargeCap & MidCap Index,Hang Seng Composite LargeCap & MidCap Index,unchanged
76,Hang Seng Composite LargeCap & MidCap Index,Hang Seng Composite LargeCap & MidCap Index,unchanged
77,Hang Seng Composite LargeCap & MidCap Index,Hang Seng Composite LargeCap & MidCap Index,unchanged
78,Hang Seng Composite LargeCap & MidCap Index,Hang Seng Composite LargeCap & MidCap Index,unchanged
79,Hang Seng Composite LargeCap & MidCap Index,Hang Seng Composite LargeCap & MidCap Index,unchanged
80,Hang Seng Composite LargeCap & MidCap Index,Hang Seng Composite LargeCap & MidCap Index,unchanged
81,Hang Seng Composite LargeCap & MidCap Index,Hang Seng Composite LargeCap & MidCap Index,unchanged
82,Hang Seng Composite LargeCap & MidCap Index,Hang Seng Composite LargeCap & MidCap Index,unchanged
83,Hang Seng Composite LargeCap & MidCap Index,Hang Seng Composite LargeCap & MidCap Index,unchanged
84,Hang Seng Composite LargeCap & MidCap Index,Hang Seng Composite LargeCap & MidCap Index,unchanged
85,Hang Seng Composite LargeCap & MidCap Index,Hang Seng Composite LargeCap & MidCap Index,unchanged
86,Hang Seng Composite LargeCap & MidCap Index,Hang Seng Composite LargeCap & MidCap Index,unchanged
87,Hang Seng Composite LargeCap & MidCap Index,Hang Seng Composite LargeCap & MidCap Index,unchanged
88,Hang Seng Composite LargeCap & MidCap Index,Hang Seng Composite LargeCap & MidCap Index,unchanged
89,Hang Seng Composite LargeCap & MidCap Index,Hang Seng Composite LargeCap & MidCap Index,unchanged
90,Hang Seng Index,Hang Seng Index,unchanged
91,Hang Seng Index,Hang Seng Index,unchanged
92,Hang Seng China Enterprises Index,Hang Seng China Enterprises Index,unchanged
93,Hang Seng China Enterprises Index,Hang Seng China Enterprises Index,unchanged
94,Hang Seng China 50 Index,Hang Seng China 50 Index,unchanged
95,Hang Seng China 50 Index,Hang Seng China 50 Index,unchanged
96,Hang Seng China 50 Index,Hang Seng China 50 Index,unchanged
97,Hang Seng China 50 Index,Hang Seng China 50 Index,unchanged
98,Hang Seng China 50 Index,Hang Seng China 50 Index,unchanged
99,Hang Seng China 50 Index,Hang Seng China 50 Index,unchanged
100,Hang Seng China AH Index Series,Hang Seng China AH Index Series,unchanged
101,Hang Seng China AH Index Series,Hang Seng China AH Index Series,unchanged
102,Hang Seng China AH Index Series,Hang Seng China AH Index Series,unchanged
103,Hang Seng China AH Index Series,Hang Seng China AH Index Series,unchanged
104,Hang Seng China AH Index Series,Hang Seng China AH Index Series,unchanged
105,Hang Seng China AH Index Series,Hang Seng China AH Index Series,unchanged
106,Hang Seng China AH Index Series,Hang Seng China AH Index Series,unchanged
107,Hang Seng China AH Index Series,Hang Seng China AH Index Series,unchanged
108,Hang Seng China AH Index Series,Hang Seng China AH Index Series,unchanged
109,Hang Seng China Enterprises Index,Hang Seng China Enterprises Index,unchanged
110,Hang Seng China Enterprises Index,Hang Seng China Enterprises Index,unchanged
111,Hang Seng Composite LargeCap & MidCap Index,Hang Seng Composite LargeCap & MidCap Index,unchanged
112,Hang Seng Composite LargeCap & MidCap Index,Hang Seng Composite LargeCap & MidCap Index,unchanged
113,Hang Seng Composite LargeCap & MidCap Index,Hang Seng Composite LargeCap & MidCap Index,unchanged
114,Hang Seng Composite LargeCap & MidCap Index,Hang Seng Composite LargeCap & MidCap Index,unchanged
115,Hang Seng Composite LargeCap & MidCap Index,Hang Seng Composite LargeCap & MidCap Index,unchanged
116,Hang Seng Composite LargeCap & MidCap Index,Hang Seng Composite LargeCap & MidCap Index,unchanged
117,Hang Seng Composite LargeCap & MidCap Index,Hang Seng Composite LargeCap & MidCap Index,unchanged
118,Hang Seng Composite LargeCap & MidCap Index,Hang Seng Composite LargeCap & MidCap Index,unchanged
119,Hang Seng Composite LargeCap & MidCap Index,Hang Seng Composite LargeCap & MidCap Index,unchanged
120,Hang Seng Composite LargeCap & MidCap Index,Hang Seng Composite LargeCap & MidCap Index,unchanged
121,Hang Seng Composite LargeCap & MidCap Index,Hang Seng Composite LargeCap & MidCap Index,unchanged
122,Hang Seng Composite LargeCap & MidCap Index,Hang Seng Composite LargeCap & MidCap Index,unchanged
123,Hang Seng Composite LargeCap & MidCap Index,Hang Seng Composite LargeCap & MidCap Index,unchanged
124,Hang Seng Composite LargeCap & MidCap Index,Hang Seng Composite LargeCap & MidCap Index,unchanged
125,Hang Seng Composite LargeCap & MidCap Index,Hang Seng Composite LargeCap & MidCap Index,unchanged
126,Hang Seng Composite LargeCap & MidCap Index,Hang Seng Composite LargeCap & MidCap Index,unchanged
127,Hang Seng Composite LargeCap & MidCap Index,Hang Seng Composite LargeCap & MidCap Index,unchanged
128,Hang Seng Composite LargeCap & MidCap Index,Hang Seng Composite LargeCap & MidCap Index,unchanged
129,Hang Seng Composite LargeCap & MidCap Index,Hang Seng Composite LargeCap & MidCap Index,unchanged
130,Hang Seng Index,Hang Seng Index,unchanged
131,Hang Seng Index,Hang Seng Index,unchanged
132,Hang Seng China 50 Index,Hang Seng China 50 Index,unchanged
133,Hang Seng China 50 Index,Hang Seng China 50 Index,unchanged
134,Hang Seng China A Industry Top Index,Hang Seng China A Industry Top Index,unchanged
135,Hang Seng China A Industry Top Index,Hang Seng China A Industry Top Index,unchanged
136,Hang Seng China A Industry Top Index,Hang Seng China A Industry Top Index,unchanged
137,Hang Seng China A Industry Top Index,Hang Seng China A Industry Top Index,unchanged
138,Hang Seng China A Industry Top Index,Hang Seng China A Industry Top Index,unchanged
139,Hang Seng China A Industry Top Index,Hang Seng China A Industry Top Index,unchanged
140,Hang Seng China A Industry Top Index,Hang Seng China A Industry Top Index,unchanged
141,Hang Seng China A Industry Top Index,Hang Seng China A Industry Top Index,unchanged
142,Hang Seng China A Industry Top Index,Hang Seng China A Industry Top Index,unchanged
143,Hang Seng China A Industry Top Index,Hang Seng China A Industry Top Index,unchanged
144,Hang Seng China A Industry Top Index,Hang Seng China A Industry Top Index,unchanged
145,Hang Seng China A Industry Top Index,Hang Seng China A Industry Top Index,unchanged
146,Hang Seng China A Industry Top Index,Hang Seng China A Industry Top Index,unchanged
147,Hang Seng China A Industry Top Index,Hang Seng China A Industry Top Index,unchanged
148,Hang Seng China A Industry Top Index,Hang Seng China A Industry Top Index,unchanged
149,Hang Seng China A Top 100 Index,Hang Seng China A Top 100 Index,unchanged
150,Hang Seng China A Top 100 Index,Hang Seng China A Top 100 Index,unchanged
151,Hang Seng China A Top 100 Index,Hang Seng China A Top 100 Index,unchanged
152,Hang Seng China A Top 100 Index,Hang Seng China A Top 100 Index,unchanged
153,Hang Seng China A Top 100 Index,Hang Seng China A Top 100 Index,unchanged
154,Hang Seng China A Top 100 Index,Hang Seng China A Top 100 Index,unchanged
155,Hang Seng China A Top 100 Index,Hang Seng China A Top 100 Index,unchanged
156,Hang Seng China A Top 100 Index,Hang Seng China A Top 100 Index,unchanged
157,Hang Seng China A Top 100 Index,Hang Seng China A Top 100 Index,unchanged
158,Hang Seng China A Top 100 Index,Hang Seng China A Top 100 Index,unchanged
159,Hang Seng China A Top 100 Index,Hang Seng China A Top 100 Index,unchanged
160,Hang Seng China A Top 100 Index,Hang Seng China A Top 100 Index,unchanged
161,Hang Seng China A Top 100 Index,Hang Seng China A Top 100 Index,unchanged
162,Hang Seng China A Top 100 Index,Hang Seng China A Top 100 Index,unchanged
163,Hang Seng China AH Index Series,Hang Seng China AH Index Series,unchanged
164,Hang Seng China AH Index Series,Hang Seng China AH Index Series,unchanged
165,Hang Seng China AH Index Series,Hang Seng China AH Index Series,unchanged
166,Hang Seng China AH Index Series,Hang Seng China AH Index Series,unchanged
167,Hang Seng China AH Index Series,Hang Seng China AH Index Series,unchanged
168,Hang Seng China AH Index Series,Hang Seng China AH Index Series,unchanged
169,Hang Seng China AH Index Series,Hang Seng China AH Index Series,unchanged
170,Hang Seng China AH Index Series,Hang Seng China AH Index Series,unchanged
171,Hang Seng China AH Index Series,Hang Seng China AH Index Series,unchanged
172,Hang Seng China AH Index Series,Hang Seng China AH Index Series,unchanged
173,Hang Seng China AH Index Series,Hang Seng China AH Index Series,unchanged
174,Hang Seng China AH Index Series,Hang Seng China AH Index Series,unchanged
175,Hang Seng China AH Index Series,Hang Seng China AH Index Series,unchanged
176,Hang Seng China AH Index Series,Hang Seng China AH Index Series,unchanged
177,Hang Seng China AH Index Series,Hang Seng China AH Index Series,unchanged
178,Hang Seng China AH Index Series,Hang Seng China AH Index Series,unchanged
179,Hang Seng China AH Index Series,Hang Seng China AH Index Series,unchanged
180,Hang Seng Composite LargeCap & MidCap Index,Hang Seng Composite LargeCap & MidCap Index,unchanged
181,Hang Seng Composite LargeCap & MidCap Index,Hang Seng Composite LargeCap & MidCap Index,unchanged
182,Hang Seng Composite LargeCap & MidCap Index,Hang Seng Composite LargeCap & MidCap Index,unchanged
183,Hang Seng Composite LargeCap & MidCap Index,Hang Seng Composite LargeCap & MidCap Index,unchanged
184,Hang Seng Composite LargeCap & MidCap Index,Hang Seng Composite LargeCap & MidCap Index,unchanged
185,Hang Seng Composite LargeCap & MidCap Index,Hang Seng Composite LargeCap & MidCap Index,unchanged
186,Hang Seng Composite LargeCap & MidCap Index,Hang Seng Composite LargeCap & MidCap Index,unchanged
187,Hang Seng Composite LargeCap & MidCap Index,Hang Seng Composite LargeCap & MidCap Index,unchanged
188,Hang Seng Composite LargeCap & MidCap Index,Hang Seng Composite LargeCap & MidCap Index,unchanged
189,Hang Seng Composite LargeCap & MidCap Index,Hang Seng Composite LargeCap & MidCap Index,unchanged
190,Hang Seng Composite LargeCap & MidCap Index,Hang Seng Composite LargeCap & MidCap Index,unchanged
191,Hang Seng Composite LargeCap & MidCap Index,Hang Seng Composite LargeCap & MidCap Index,unchanged
192,Hang Seng Composite LargeCap & MidCap Index,Hang Seng Composite LargeCap & MidCap Index,unchanged
193,Hang Seng Composite LargeCap & MidCap Index,Hang Seng Composite LargeCap & MidCap Index,unchanged
194,Hang Seng Composite LargeCap & MidCap Index,Hang Seng Composite LargeCap & MidCap Index,unchanged
195,Hang Seng Composite LargeCap & MidCap Index,Hang Seng Composite LargeCap & MidCap Index,unchanged
196,Hang Seng Composite LargeCap & MidCap Index,Hang Seng Composite LargeCap & MidCap Index,unchanged
197,Hang Seng Composite LargeCap & MidCap Index,Hang Seng Composite LargeCap & MidCap Index,unchanged
198,Hang Seng Composite LargeCap & MidCap Index,Hang Seng Composite LargeCap & MidCap Index,unchanged
199,Hang Seng Composite LargeCap & MidCap Index,Hang Seng Composite LargeCap & MidCap Index,unchanged
200,Hang Seng Corporate Sustainability Benchmark Index,Hang Seng Corporate Sustainability Benchmark Index,unchanged
201,Hang Seng Corporate Sustainability Benchmark Index,Hang Seng Corporate Sustainability Benchmark Index,unchanged
202,Hang Seng Corporate Sustainability Benchmark Index,Hang Seng Corporate Sustainability Benchmark Index,unchanged
203,Hang Seng Corporate Sustainability Benchmark Index,Hang Seng Corporate Sustainability Benchmark Index,unchanged
204,Hang Seng Corporate Sustainability Benchmark Index,Hang Seng Corporate Sustainability Benchmark Index,unchanged
205,Hang Seng Corporate Sustainability Benchmark Index,Hang Seng Corporate Sustainability Benchmark Index,unchanged
206,Hang Seng Corporate Sustainability Benchmark Index,Hang Seng Corporate Sustainability Benchmark Index,unchanged
207,Hang Seng Corporate Sustainability Benchmark Index,Hang Seng Corporate Sustainability Benchmark Index,unchanged
208,Hang Seng Corporate Sustainability Benchmark Index,Hang Seng Corporate Sustainability Benchmark Index,unchanged
209,Hang Seng Corporate Sustainability Benchmark Index,Hang Seng Corporate Sustainability Benchmark Index,unchanged
210,Hang Seng Corporate Sustainability Benchmark Index,Hang Seng Corporate Sustainability Benchmark Index,unchanged
211,Hang Seng Corporate Sustainability Benchmark Index,Hang Seng Corporate Sustainability Benchmark Index,unchanged
212,Hang Seng Corporate Sustainability Benchmark Index,Hang Seng Corporate Sustainability Benchmark Index,unchanged
213,Hang Seng Corporate Sustainability Benchmark Index,Hang Seng Corporate Sustainability Benchmark Index,unchanged
214,Hang Seng Corporate Sustainability Benchmark Index,Hang Seng Corporate Sustainability Benchmark Index,unchanged
215,Hang Seng Corporate Sustainability Benchmark Index,Hang Seng Corporate Sustainability Benchmark Index,unchanged
216,Hang Seng Corporate Sustainability Benchmark Index,Hang Seng Corporate Sustainability Benchmark Index,unchanged
217,Hang Seng Corporate Sustainability Benchmark Index,Hang Seng Corporate Sustainability Benchmark Index,unchanged
218,Hang Seng Corporate Sustainability Benchmark Index,Hang Seng Corporate Sustainability Benchmark Index,unchanged
219,Hang Seng Corporate Sustainability Benchmark Index,Hang Seng Corporate Sustainability Benchmark Index,unchanged
220,Hang Seng Corporate Sustainability Benchmark Index,Hang Seng Corporate Sustainability Benchmark Index,unchanged
221,Hang Seng Corporate Sustainability Benchmark Index,Hang Seng Corporate Sustainability Benchmark Index,unchanged
222,Hang Seng Corporate Sustainability Benchmark Index,Hang Seng Corporate Sustainability Benchmark Index,unchanged
223,Hang Seng Corporate Sustainability Benchmark Index,Hang Seng Corporate Sustainability Benchmark Index,unchanged
224,Hang Seng Corporate Sustainability Benchmark Index,Hang Seng Corporate Sustainability Benchmark Index,unchanged
225,Hang Seng Corporate Sustainability Benchmark Index,Hang Seng Corporate Sustainability Benchmark Index,unchanged
226,Hang Seng Corporate Sustainability Benchmark Index,Hang Seng Corporate Sustainability Benchmark Index,unchanged
227,Hang Seng Corporate Sustainability Benchmark Index,Hang Seng Corporate Sustainability Benchmark Index,unchanged
228,Hang Seng Corporate Sustainability Benchmark Index,Hang Seng Corporate Sustainability Benchmark Index,unchanged
229,Hang Seng Corporate Sustainability Benchmark Index,Hang Seng Corporate Sustainability Benchmark Index,unchanged
230,Hang Seng Corporate Sustainability Benchmark Index,Hang Seng Corporate Sustainability Benchmark Index,unchanged
231,Hang Seng Corporate Sustainability Benchmark Index,Hang Seng Corporate Sustainability Benchmark Index,unchanged
232,Hang Seng Corporate Sustainability Index,Hang Seng Corporate Sustainability Index,unchanged
233,Hang Seng Corporate Sustainability Index,Hang Seng Corporate Sustainability Index,unchanged
234,Hang Seng Index,Hang Seng Index,unchanged
235,Hang Seng China Enterprises Index,Hang Seng China Enterprises Index,unchanged
236,Hang Seng China Enterprises Index,Hang Seng China Enterprises Index,unchanged
237,Hang Seng Composite LargeCap & MidCap Index,Hang Seng Composite LargeCap & MidCap Index,unchanged
238,Hang Seng Composite LargeCap & MidCap Index,Hang Seng Composite LargeCap & MidCap Index,unchanged
239,Hang Seng Index,Hang Seng Index,unchanged
240,Hang Seng Index,Hang Seng Index,unchanged
241,Hang Seng Index,Hang Seng Index,unchanged
242,Hang Seng Index,Hang Seng Index,unchanged
243,Hang Seng China 50 Index,Hang Seng China 50 Index,unchanged
244,Hang Seng China 50 Index,Hang Seng China 50 Index,unchanged
245,Hang Seng China 50 Index,Hang Seng China 50 Index,unchanged
246,Hang Seng China 50 Index,Hang Seng China 50 Index,unchanged
247,Hang Seng China 50 Index,Hang Seng China 50 Index,unchanged
248,Hang Seng China 50 Index,Hang Seng China 50 Index,unchanged
249,Hang Seng China 50 Index,Hang Seng China 50 Index,unchanged
250,Hang Seng China 50 Index,Hang Seng China 50 Index,unchanged
251,Hang Seng China 50 Index,Hang Seng China 50 Index,unchanged
252,Hang Seng China 50 Index,Hang Seng China 50 Index,unchanged
253,Hang Seng China 50 Index,Hang Seng China 50 Index,unchanged
254,Hang Seng China AH Index Series,Hang Seng China AH Index Series,unchanged
255,Hang Seng China AH Index Series,Hang Seng China AH Index Series,unchanged
256,Hang Seng China AH Index Series,Hang Seng China AH Index Series,unchanged
257,Hang Seng China AH Index Series,Hang Seng China AH Index Series,unchanged
258,Hang Seng China Enterprises Index,Hang Seng China Enterprises Index,unchanged
259,Hang Seng China Enterprises Index,Hang Seng China Enterprises Index,unchanged
260,Hang Seng China Enterprises Index,Hang Seng China Enterprises Index,unchanged
261,Hang Seng China Enterprises Index,Hang Seng China Enterprises Index,unchanged
262,Hang Seng China Enterprises Index,Hang Seng China Enterprises Index,unchanged
263,Hang Seng China Enterprises Index,Hang Seng China Enterprises Index,unchanged
264,Hang Seng China Enterprises Index,Hang Seng China Enterprises Index,unchanged
265,Hang Seng China Enterprises Index,Hang Seng China Enterprises Index,unchanged
266,Hang Seng China Enterprises Index,Hang Seng China Enterprises Index,unchanged
267,Hang Seng China Enterprises Index,Hang Seng China Enterprises Index,unchanged
268,Hang Seng China Enterprises Index,Hang Seng China Enterprises Index,unchanged
269,Hang Seng China Enterprises Index,Hang Seng China Enterprises Index,unchanged
270,Hang Seng Composite LargeCap & MidCap Index,Hang Seng Composite LargeCap & MidCap Index,unchanged
271,Hang Seng Composite LargeCap & MidCap Index,Hang Seng Composite LargeCap & MidCap Index,unchanged
272,Hang Seng Composite LargeCap & MidCap Index,Hang Seng Composite LargeCap & MidCap Index,unchanged
273,Hang Seng Composite LargeCap & MidCap Index,Hang Seng Composite LargeCap & MidCap Index,unchanged
274,Hang Seng Composite LargeCap & MidCap Index,Hang Seng Composite LargeCap & MidCap Index,unchanged
275,Hang Seng Composite LargeCap & MidCap Index,Hang Seng Composite LargeCap & MidCap Index,unchanged
276,Hang Seng Composite LargeCap & MidCap Index,Hang Seng Composite LargeCap & MidCap Index,unchanged
277,Hang Seng Composite LargeCap & MidCap Index,Hang Seng Composite LargeCap & MidCap Index,unchanged
278,Hang Seng Composite LargeCap & MidCap Index,Hang Seng Composite LargeCap & MidCap Index,unchanged
279,Hang Seng Composite LargeCap & MidCap Index,Hang Seng Composite LargeCap & MidCap Index,unchanged
280,Hang Seng Composite LargeCap & MidCap Index,Hang Seng Composite LargeCap & MidCap Index,unchanged
281,Hang Seng Composite LargeCap & MidCap Index,Hang Seng Composite LargeCap & MidCap Index,unchanged
282,Hang Seng Composite LargeCap & MidCap Index,Hang Seng Composite LargeCap & MidCap Index,unchanged
283,Hang Seng Composite LargeCap & MidCap Index,Hang Seng Composite LargeCap & MidCap Index,unchanged
284,Hang Seng Composite LargeCap & MidCap Index,Hang Seng Composite LargeCap & MidCap Index,unchanged
285,Hang Seng Composite LargeCap & MidCap Index,Hang Seng Composite LargeCap & MidCap Index,unchanged
286,Hang Seng Composite LargeCap & MidCap Index,Hang Seng Composite LargeCap & MidCap Index,unchanged
287,Hang Seng Composite LargeCap & MidCap Index,Hang Seng Composite LargeCap & MidCap Index,unchanged
288,Hang Seng Composite LargeCap & MidCap Index,Hang Seng Composite LargeCap & MidCap Index,unchanged
289,Hang Seng Composite LargeCap & MidCap Index,Hang Seng Composite LargeCap & MidCap Index,unchanged
290,Hang Seng Composite LargeCap & MidCap Index,Hang Seng Composite LargeCap & MidCap Index,unchanged
291,Hang Seng Composite LargeCap & MidCap Index,Hang Seng Composite LargeCap & MidCap Index,unchanged
292,Hang Seng Composite LargeCap & MidCap Index,Hang Seng Composite LargeCap & MidCap Index,unchanged
293,Hang Seng Composite LargeCap & MidCap Index,Hang Seng Composite LargeCap & MidCap Index,unchanged
294,Hang Seng Composite LargeCap & MidCap Index,Hang Seng Composite LargeCap & MidCap Index,unchanged
295,Hang Seng Composite LargeCap & MidCap Index,Hang Seng Composite LargeCap & MidCap Index,unchanged
296,Hang Seng Index,Hang Seng Index,unchanged
297,Hang Seng China Enterprises Index,Hang Seng China Enterprises Index,unchanged
298,Hang Seng China Enterprises Index,Hang Seng China Enterprises Index,unchanged
299,Hang Seng Composite LargeCap & MidCap Index,Hang Seng Composite LargeCap & MidCap Index,unchanged
300,Hang Seng Index,Hang Seng Index,unchanged
301,Hang Seng Index,Hang Seng Index,unchanged
302,Hang Seng (China A) Corporate Sustainability Benchmark Index,Hang Seng (China A) Corporate Sustainability Benchmark Index,unchanged
303,Hang Seng (China A) Corporate Sustainability Benchmark Index,Hang Seng (China A) Corporate Sustainability Benchmark Index,unchanged
304,Hang Seng (China A) Corporate Sustainability Benchmark Index,Hang Seng (China A) Corporate Sustainability Benchmark Index,unchanged
305,Hang Seng (China A) Corporate Sustainability Benchmark Index,Hang Seng (China A) Corporate Sustainability Benchmark Index,unchanged
306,Hang Seng (China A) Corporate Sustainability Benchmark Index,Hang Seng (China A) Corporate Sustainability Benchmark Index,unchanged
307,Hang Seng (China A) Corporate Sustainability Benchmark Index,Hang Seng (China A) Corporate Sustainability Benchmark Index,unchanged
308,Hang Seng (China A) Corporate Sustainability Benchmark Index,Hang Seng (China A) Corporate Sustainability Benchmark Index,unchanged
309,Hang Seng (China A) Corporate Sustainability Benchmark Index,Hang Seng (China A) Corporate Sustainability Benchmark Index,unchanged
310,Hang Seng (China A) Corporate Sustainability Benchmark Index,Hang Seng (China A) Corporate Sustainability Benchmark Index,unchanged
311,Hang Seng (China A) Corporate Sustainability Benchmark Index,Hang Seng (China A) Corporate Sustainability Benchmark Index,unchanged
312,Hang Seng (China A) Corporate Sustainability Benchmark Index,Hang Seng (China A) Corporate Sustainability Benchmark Index,unchanged
313,Hang Seng (China A) Corporate Sustainability Benchmark Index,Hang Seng (China A) Corporate Sustainability Benchmark Index,unchanged
314,Hang Seng (China A) Corporate Sustainability Benchmark Index,Hang Seng (China A) Corporate Sustainability Benchmark Index,unchanged
315,Hang Seng (China A) Corporate Sustainability Benchmark Index,Hang Seng (China A) Corporate Sustainability Benchmark Index,unchanged
316,Hang Seng (China A) Corporate Sustainability Benchmark Index,Hang Seng (China A) Corporate Sustainability Benchmark Index,unchanged
317,Hang Seng (China A) Corporate Sustainability Benchmark Index,Hang Seng (China A) Corporate Sustainability Benchmark Index,unchanged
318,Hang Seng (China A) Corporate Sustainability Benchmark Index,Hang Seng (China A) Corporate Sustainability Benchmark Index,unchanged
319,Hang Seng (China A) Corporate Sustainability Benchmark Index,Hang Seng (China A) Corporate Sustainability Benchmark Index,unchanged
320,Hang Seng (China A) Corporate Sustainability Benchmark Index,Hang Seng (China A) Corporate Sustainability Benchmark Index,unchanged
321,Hang Seng (China A) Corporate Sustainability Benchmark Index,Hang Seng (China A) Corporate Sustainability Benchmark Index,unchanged
322,Hang Seng (China A) Corporate Sustainability Benchmark Index,Hang Seng (China A) Corporate Sustainability Benchmark Index,unchanged
323,Hang Seng (China A) Corporate Sustainability Benchmark Index,Hang Seng (China A) Corporate Sustainability Benchmark Index,unchanged
324,Hang Seng (China A) Corporate Sustainability Index,Hang Seng (China A) Corporate Sustainability Index,unchanged
325,Hang Seng (China A) Corporate Sustainability Index,Hang Seng (China A) Corporate Sustainability Index,unchanged
326,Hang Seng (China A) Corporate Sustainability Index,Hang Seng (China A) Corporate Sustainability Index,unchanged
327,Hang Seng (China A) Corporate Sustainability Index,Hang Seng (China A) Corporate Sustainability Index,unchanged
328,Hang Seng (China A) Corporate Sustainability Index,Hang Seng (China A) Corporate Sustainability Index,unchanged
329,Hang Seng (China A) Corporate Sustainability Index,Hang Seng (China A) Corporate Sustainability Index,unchanged
330,Hang Seng (China A) Corporate Sustainability Index,Hang Seng (China A) Corporate Sustainability Index,unchanged
331,Hang Seng (China A) Corporate Sustainability Index,Hang Seng (China A) Corporate Sustainability Index,unchanged
332,Hang Seng (China A) Corporate Sustainability Index,Hang Seng (China A) Corporate Sustainability Index,unchanged
333,Hang Seng (China A) Corporate Sustainability Index,Hang Seng (China A) Corporate Sustainability Index,unchanged
334,Hang Seng (China A) Corporate Sustainability Index,Hang Seng (China A) Corporate Sustainability Index,unchanged
335,Hang Seng (China A) Corporate Sustainability Index,Hang Seng (China A) Corporate Sustainability Index,unchanged
336,Hang Seng China 50 Index,Hang Seng China 50 Index,unchanged
337,Hang Seng China 50 Index,Hang Seng China 50 Index,unchanged
338,Hang Seng China 50 Index,Hang Seng China 50 Index,unchanged
339,Hang Seng China 50 Index,Hang Seng China 50 Index,unchanged
340,Hang Seng China 50 Index,Hang Seng China 50 Index,unchanged
341,Hang Seng China 50 Index,Hang Seng China 50 Index,unchanged
342,Hang Seng China A Industry Top Index,Hang Seng China A Industry Top Index,unchanged
343,Hang Seng China A Industry Top Index,Hang Seng China A Industry Top Index,unchanged
344,Hang Seng China A Industry Top Index,Hang Seng China A Industry Top Index,unchanged
345,Hang Seng China A Industry Top Index,Hang Seng China A Industry Top Index,unchanged
346,Hang Seng China A Industry Top Index,Hang Seng China A Industry Top Index,unchanged
347,Hang Seng China A Industry Top Index,Hang Seng China A Industry Top Index,unchanged
348,Hang Seng China A Industry Top Index,Hang Seng China A Industry Top Index,unchanged
349,Hang Seng China A Industry Top Index,Hang Seng China A Industry Top Index,unchanged
350,Hang Seng China A Industry Top Index,Hang Seng China A Industry Top Index,unchanged
351,Hang Seng China A Industry Top Index,Hang Seng China A Industry Top Index,unchanged
352,Hang Seng China A Industry Top Index,Hang Seng China A Industry Top Index,unchanged
353,Hang Seng China A Top 100 Index,Hang Seng China A Top 100 Index,unchanged
354,Hang Seng China A Top 100 Index,Hang Seng China A Top 100 Index,unchanged
355,Hang Seng China A Top 100 Index,Hang Seng China A Top 100 Index,unchanged
356,Hang Seng China A Top 100 Index,Hang Seng China A Top 100 Index,unchanged
357,Hang Seng China A Top 100 Index,Hang Seng China A Top 100 Index,unchanged
358,Hang Seng China A Top 100 Index,Hang Seng China A Top 100 Index,unchanged
359,Hang Seng China A Top 100 Index,Hang Seng China A Top 100 Index,unchanged
360,Hang Seng China A Top 100 Index,Hang Seng China A Top 100 Index,unchanged
361,Hang Seng China A Top 100 Index,Hang Seng China A Top 100 Index,unchanged
362,Hang Seng China A Top 100 Index,Hang Seng China A Top 100 Index,unchanged
363,Hang Seng Composite LargeCap & MidCap Index,Hang Seng Composite LargeCap & MidCap Index,unchanged
364,Hang Seng Composite LargeCap & MidCap Index,Hang Seng Composite LargeCap & MidCap Index,unchanged
365,Hang Seng Composite LargeCap & MidCap Index,Hang Seng Composite LargeCap & MidCap Index,unchanged
366,Hang Seng Composite LargeCap & MidCap Index,Hang Seng Composite LargeCap & MidCap Index,unchanged
367,Hang Seng Composite LargeCap & MidCap Index,Hang Seng Composite LargeCap & MidCap Index,unchanged
368,Hang Seng Composite LargeCap & MidCap Index,Hang Seng Composite LargeCap & MidCap Index,unchanged
369,Hang Seng Composite LargeCap & MidCap Index,Hang Seng Composite LargeCap & MidCap Index,unchanged
370,Hang Seng Composite LargeCap & MidCap Index,Hang Seng Composite LargeCap & MidCap Index,unchanged
371,Hang Seng Composite LargeCap & MidCap Index,Hang Seng Composite LargeCap & MidCap Index,unchanged
372,Hang Seng Composite LargeCap & MidCap Index,Hang Seng Composite LargeCap & MidCap Index,unchanged
373,Hang Seng Composite LargeCap & MidCap Index,Hang Seng Composite LargeCap & MidCap Index,unchanged
374,Hang Seng Composite LargeCap & MidCap Index,Hang Seng Composite LargeCap & MidCap Index,unchanged
375,Hang Seng Composite LargeCap & MidCap Index,Hang Seng Composite LargeCap & MidCap Index,unchanged
376,Hang Seng Composite LargeCap & MidCap Index,Hang Seng Composite LargeCap & MidCap Index,unchanged
377,Hang Seng Composite LargeCap & MidCap Index,Hang Seng Composite LargeCap & MidCap Index,unchanged
378,Hang Seng Composite LargeCap & MidCap Index,Hang Seng Composite LargeCap & MidCap Index,unchanged
379,Hang Seng Composite LargeCap & MidCap Index,Hang Seng Composite LargeCap & MidCap Index,unchanged
380,Hang Seng Composite LargeCap & MidCap Index,Hang Seng Composite LargeCap & MidCap Index,unchanged
381,Hang Seng Composite LargeCap & MidCap Index,Hang Seng Composite LargeCap & MidCap Index,unchanged
382,Hang Seng Composite LargeCap & MidCap Index,Hang Seng Composite LargeCap & MidCap Index,unchanged
383,Hang Seng Composite LargeCap & MidCap Index,Hang Seng Composite LargeCap & MidCap Index,unchanged
384,Hang Seng Composite LargeCap & MidCap Index,Hang Seng Composite LargeCap & MidCap Index,unchanged
385,Hang Seng Composite LargeCap & MidCap Index,Hang Seng Composite LargeCap & MidCap Index,unchanged
386,Hang Seng Composite LargeCap & MidCap Index,Hang Seng Composite LargeCap & MidCap Index,unchanged
387,Hang Seng Composite LargeCap & MidCap Index,Hang Seng Composite LargeCap & MidCap Index,unchanged
388,Hang Seng Composite LargeCap & MidCap Index,Hang Seng Composite LargeCap & MidCap Index,unchanged
389,Hang Seng Composite LargeCap & MidCap Index,Hang Seng Composite LargeCap & MidCap Index,unchanged
390,Hang Seng Composite LargeCap & MidCap Index,Hang Seng Composite LargeCap & MidCap Index,unchanged
391,Hang Seng Composite LargeCap & MidCap Index,Hang Seng Composite LargeCap & MidCap Index,unchanged
392,Hang Seng Composite LargeCap & MidCap Index,Hang Seng Composite LargeCap & MidCap Index,unchanged
393,Hang Seng Composite LargeCap & MidCap Index,Hang Seng Composite LargeCap & MidCap Index,unchanged
394,Hang Seng Composite LargeCap & MidCap Index,Hang Seng Composite LargeCap & MidCap Index,unchanged
395,Hang Seng Corporate Sustainability Benchmark Index,Hang Seng Corporate Sustainability Benchmark Index,unchanged
396,Hang Seng Corporate Sustainability Benchmark Index,Hang Seng Corporate Sustainability Benchmark Index,unchanged
397,Hang Seng Corporate Sustainability Benchmark Index,Hang Seng Corporate Sustainability Benchmark Index,unchanged
398,Hang Seng Corporate Sustainability Benchmark Index,Hang Seng Corporate Sustainability Benchmark Index,unchanged
399,Hang Seng Corporate Sustainability Benchmark Index,Hang Seng Corporate Sustainability Benchmark Index,unchanged
400,Hang Seng Corporate Sustainability Benchmark Index,Hang Seng Corporate Sustainability Benchmark Index,unchanged
401,Hang Seng Corporate Sustainability Benchmark Index,Hang Seng Corporate Sustainability Benchmark Index,unchanged
402,Hang Seng Corporate Sustainability Benchmark Index,Hang Seng Corporate Sustainability Benchmark Index,unchanged
403,Hang Seng Corporate Sustainability Benchmark Index,Hang Seng Corporate Sustainability Benchmark Index,unchanged
404,Hang Seng Corporate Sustainability Benchmark Index,Hang Seng Corporate Sustainability Benchmark Index,unchanged
405,Hang Seng Corporate Sustainability Benchmark Index,Hang Seng Corporate Sustainability Benchmark Index,unchanged
406,Hang Seng Corporate Sustainability Benchmark Index,Hang Seng Corporate Sustainability Benchmark Index,unchanged
407,Hang Seng Corporate Sustainability Benchmark Index,Hang Seng Corporate Sustainability Benchmark Index,unchanged
408,Hang Seng Corporate Sustainability Benchmark Index,Hang Seng Corporate Sustainability Benchmark Index,unchanged
409,Hang Seng Corporate Sustainability Benchmark Index,Hang Seng Corporate Sustainability Benchmark Index,unchanged
410,Hang Seng Corporate Sustainability Benchmark Index,Hang Seng Corporate Sustainability Benchmark Index,unchanged
411,Hang Seng Corporate Sustainability Benchmark Index,Hang Seng Corporate Sustainability Benchmark Index,unchanged
412,Hang Seng Corporate Sustainability Benchmark Index,Hang Seng Corporate Sustainability Benchmark Index,unchanged
413,Hang Seng Corporate Sustainability Benchmark Index,Hang Seng Corporate Sustainability Benchmark Index,unchanged
414,Hang Seng Corporate Sustainability Benchmark Index,Hang Seng Corporate Sustainability Benchmark Index,unchanged
415,Hang Seng Corporate Sustainability Benchmark Index,Hang Seng Corporate Sustainability Benchmark Index,unchanged
416,Hang Seng Corporate Sustainability Benchmark Index,Hang Seng Corporate Sustainability Benchmark Index,unchanged
417,Hang Seng Corporate Sustainability Benchmark Index,Hang Seng Corporate Sustainability Benchmark Index,unchanged
418,Hang Seng Corporate Sustainability Benchmark Index,Hang Seng Corporate Sustainability Benchmark Index,unchanged
419,Hang Seng Corporate Sustainability Benchmark Index,Hang Seng Corporate Sustainability Benchmark Index,unchanged
420,Hang Seng Corporate Sustainability Benchmark Index,Hang Seng Corporate Sustainability Benchmark Index,unchanged
421,Hang Seng Corporate Sustainability Benchmark Index,Hang Seng Corporate Sustainability Benchmark Index,unchanged
422,Hang Seng Corporate Sustainability Benchmark Index,Hang Seng Corporate Sustainability Benchmark Index,unchanged
423,Hang Seng Corporate Sustainability Benchmark Index,Hang Seng Corporate Sustainability Benchmark Index,unchanged
424,Hang Seng Corporate Sustainability Benchmark Index,Hang Seng Corporate Sustainability Benchmark Index,unchanged
425,Hang Seng Corporate Sustainability Benchmark Index,Hang Seng Corporate Sustainability Benchmark Index,unchanged
426,Hang Seng Corporate Sustainability Benchmark Index,Hang Seng Corporate Sustainability Benchmark Index,unchanged
427,Hang Seng Corporate Sustainability Benchmark Index,Hang Seng Corporate Sustainability Benchmark Index,unchanged
428,Hang Seng Corporate Sustainability Benchmark Index,Hang Seng Corporate Sustainability Benchmark Index,unchanged
429,Hang Seng Corporate Sustainability Benchmark Index,Hang Seng Corporate Sustainability Benchmark Index,unchanged
430,Hang Seng Corporate Sustainability Benchmark Index,Hang Seng Corporate Sustainability Benchmark Index,unchanged
431,Hang Seng Corporate Sustainability Benchmark Index,Hang Seng Corporate Sustainability Benchmark Index,unchanged
432,Hang Seng Corporate Sustainability Benchmark Index,Hang Seng Corporate Sustainability Benchmark Index,unchanged
433,Hang Seng Corporate Sustainability Benchmark Index,Hang Seng Corporate Sustainability Benchmark Index,unchanged
434,Hang Seng Corporate Sustainability Benchmark Index,Hang Seng Corporate Sustainability Benchmark Index,unchanged
435,Hang Seng Corporate Sustainability Benchmark Index,Hang Seng Corporate Sustainability Benchmark Index,unchanged
436,Hang Seng Corporate Sustainability Benchmark Index,Hang Seng Corporate Sustainability Benchmark Index,unchanged
437,Hang Seng Corporate Sustainability Benchmark Index,Hang Seng Corporate Sustainability Benchmark Index,unchanged
438,Hang Seng Corporate Sustainability Benchmark Index,Hang Seng Corporate Sustainability Benchmark Index,unchanged
439,Hang Seng Corporate Sustainability Benchmark Index,Hang Seng Corporate Sustainability Benchmark Index,unchanged
440,Hang Seng Corporate Sustainability Benchmark Index,Hang Seng Corporate Sustainability Benchmark Index,unchanged
441,Hang Seng Corporate Sustainability Benchmark Index,Hang Seng Corporate Sustainability Benchmark Index,unchanged
442,Hang Seng Corporate Sustainability Index,Hang Seng Corporate Sustainability Index,unchanged
443,Hang Seng Corporate Sustainability Index,Hang Seng Corporate Sustainability Index,unchanged
444,Hang Seng Corporate Sustainability Index,Hang Seng Corporate Sustainability Index,unchanged
445,Hang Seng Corporate Sustainability Index,Hang Seng Corporate Sustainability Index,unchanged
446,Hang Seng Corporate Sustainability Index,Hang Seng Corporate Sustainability Index,unchanged
447,Hang Seng Corporate Sustainability Index,Hang Seng Corporate Sustainability Index,unchanged
448,Hang Seng Corporate Sustainability Index,Hang Seng Corporate Sustainability Index,unchanged
449,Hang Seng Corporate Sustainability Index,Hang Seng Corporate Sustainability Index,unchanged
450,Hang Seng Corporate Sustainability Index,Hang Seng Corporate Sustainability Index,unchanged
451,Hang Seng Corporate Sustainability Index,Hang Seng Corporate Sustainability Index,unchanged
452,Hang Seng Corporate Sustainability Index,Hang Seng Corporate Sustainability Index,unchanged
453,Hang Seng Corporate Sustainability Index,Hang Seng Corporate Sustainability Index,unchanged
454,Hang Seng Index,Hang Seng Index,unchanged
455,Hang Seng Index,Hang Seng Index,unchanged
456,Hang Seng Index,Hang Seng Index,unchanged
457,Hang Seng Index,Hang Seng Index,unchanged
458,Hang Seng Stock Connect China AH Index Series,Hang Seng Stock Connect China AH Index Series,unchanged
459,Hang Seng Stock Connect China AH Index Series,Hang Seng Stock Connect China AH Index Series,unchanged
460,Hang Seng China Enterprises Index,Hang Seng China Enterprises Index,unchanged
461,Hang Seng China Enterprises Index,Hang Seng China Enterprises Index,unchanged
462,Hang Seng Composite LargeCap & MidCap Index,Hang Seng Composite LargeCap & MidCap Index,unchanged
463,Hang Seng Composite LargeCap & MidCap Index,Hang Seng Composite LargeCap & MidCap Index,unchanged
464,Hang Seng Composite LargeCap & MidCap Index,Hang Seng Composite LargeCap & MidCap Index,unchanged
465,Hang Seng China 50 Index,Hang Seng China 50 Index,unchanged
466,Hang Seng China 50 Index,Hang Seng China 50 Index,unchanged
467,Hang Seng China Enterprises Index,Hang Seng China Enterprises Index,unchanged
468,Hang Seng China Enterprises Index,Hang Seng China Enterprises Index,unchanged
469,Hang Seng Composite LargeCap & MidCap Index,Hang Seng Composite LargeCap & MidCap Index,unchanged
470,Hang Seng Composite LargeCap & MidCap Index,Hang Seng Composite LargeCap & MidCap Index,unchanged
471,Hang Seng Composite LargeCap & MidCap Index,Hang Seng Composite LargeCap & MidCap Index,unchanged
472,Hang Seng Composite LargeCap & MidCap Index,Hang Seng Composite LargeCap & MidCap Index,unchanged
473,Hang Seng Composite LargeCap & MidCap Index,Hang Seng Composite LargeCap & MidCap Index,unchanged
474,Hang Seng Composite LargeCap & MidCap Index,Hang Seng Composite LargeCap & MidCap Index,unchanged
475,Hang Seng Composite LargeCap & MidCap Index,Hang Seng Composite LargeCap & MidCap Index,unchanged
476,Hang Seng Composite LargeCap & MidCap Index,Hang Seng Composite LargeCap & MidCap Index,unchanged
477,Hang Seng Composite LargeCap & MidCap Index,Hang Seng Composite LargeCap & MidCap Index,unchanged
478,Hang Seng Composite LargeCap & MidCap Index,Hang Seng Composite LargeCap & MidCap Index,unchanged
479,Hang Seng Composite LargeCap & MidCap Index,Hang Seng Composite LargeCap & MidCap Index,unchanged
480,Hang Seng Composite LargeCap & MidCap Index,Hang Seng Composite LargeCap & MidCap Index,unchanged
481,Hang Seng Composite LargeCap & MidCap Index,Hang Seng Composite LargeCap & MidCap Index,unchanged
482,Hang Seng Composite LargeCap & MidCap Index,Hang Seng Composite LargeCap & MidCap Index,unchanged
483,Hang Seng Composite LargeCap & MidCap Index,Hang Seng Composite LargeCap & MidCap Index,unchanged
484,Hang Seng Composite LargeCap & MidCap Index,Hang Seng Composite LargeCap & MidCap Index,unchanged
485,Hang Seng Composite LargeCap & MidCap Index,Hang Seng Composite LargeCap & MidCap Index,unchanged
486,Hang Seng Composite LargeCap & MidCap Index,Hang Seng Composite LargeCap & MidCap Index,unchanged
487,Hang Seng Composite LargeCap & MidCap Index,Hang Seng Composite LargeCap & MidCap Index,unchanged
488,Hang Seng Composite LargeCap & MidCap Index,Hang Seng Composite LargeCap & MidCap Index,unchanged
489,Hang Seng Composite LargeCap & MidCap Index,Hang Seng Composite LargeCap & MidCap Index,unchanged
490,Hang Seng Composite LargeCap & MidCap Index,Hang Seng Composite LargeCap & MidCap Index,unchanged
491,Hang Seng Composite LargeCap & MidCap Index,Hang Seng Composite LargeCap & MidCap Index,unchanged
492,Hang Seng Composite LargeCap & MidCap Index,Hang Seng Composite LargeCap & MidCap Index,unchanged
493,Hang Seng Composite LargeCap & MidCap Index,Hang Seng Composite LargeCap & MidCap Index,unchanged
494,Hang Seng Index,Hang Seng Index,unchanged
495,Hang Seng Index,Hang Seng Index,unchanged
496,Hang Seng Stock Connect China AH Index Series,Hang Seng Stock Connect China AH Index Series,unchanged
497,Hang Seng Stock Connect China AH Index Series,Hang Seng Stock Connect China AH Index Series,unchanged
498,Hang Seng Stock Connect China AH Index Series,Hang Seng Stock Connect China AH Index Series,unchanged
499,Hang Seng Stock Connect China AH Index Series,Hang Seng Stock Connect China AH Index Series,unchanged
500,Hang Seng Stock Connect China AH Index Series,Hang Seng Stock Connect China AH Index Series,unchanged
501,Hang Seng Stock Connect China AH Index Series,Hang Seng Stock Connect China AH Index Series,unchanged
502,Hang Seng Stock Connect China AH Index Series,Hang Seng Stock Connect China AH Index Series,unchanged
503,Hang Seng Stock Connect China AH Index Series,Hang Seng Stock Connect China AH Index Series,unchanged
504,Hang Seng Stock Connect China AH Index Series,Hang Seng Stock Connect China AH Index Series,unchanged
505,Hang Seng Stock Connect China AH Index Series,Hang Seng Stock Connect China AH Index Series,unchanged
506,Hang Seng Stock Connect China AH Index Series,Hang Seng Stock Connect China AH Index Series,unchanged
507,Hang Seng Stock Connect China AH Index Series,Hang Seng Stock Connect China AH Index Series,unchanged
508,Hang Seng Stock Connect China AH Index Series,Hang Seng Stock Connect China AH Index Series,unchanged
509,Hang Seng Stock Connect China AH Index Series,Hang Seng Stock Connect China AH Index Series,unchanged
510,Hang Seng Stock Connect China AH Index Series,Hang Seng Stock Connect China AH Index Series,unchanged
511,Hang Seng Stock Connect China AH Index Series,Hang Seng Stock Connect China AH Index Series,unchanged
512,Hang Seng Stock Connect China AH Index Series,Hang Seng Stock Connect China AH Index Series,unchanged
513,Hang Seng China Enterprises Index,Hang Seng China Enterprises Index,unchanged
514,Hang Seng China Enterprises Index,Hang Seng China Enterprises Index,unchanged
515,Hang Seng China Enterprises Index,Hang Seng China Enterprises Index,unchanged
516,Hang Seng China Enterprises Index,Hang Seng China Enterprises Index,unchanged
517,Hang Seng China Enterprises Index,Hang Seng China Enterprises Index,unchanged
518,Hang Seng China Enterprises Index,Hang Seng China Enterprises Index,unchanged
519,Hang Seng China Enterprises Index,Hang Seng China Enterprises Index,unchanged
520,Hang Seng China Enterprises Index,Hang Seng China Enterprises Index,unchanged
521,Hang Seng China Enterprises Index,Hang Seng China Enterprises Index,unchanged
522,Hang Seng China Enterprises Index,Hang Seng China Enterprises Index,unchanged
523,Hang Seng Composite LargeCap & MidCap Index,Hang Seng Composite LargeCap & MidCap Index,unchanged
524,Hang Seng (China A) Corporate Sustainability Benchmark Index,Hang Seng (China A) Corporate Sustainability Benchmark Index,unchanged
525,Hang Seng (China A) Corporate Sustainability Benchmark Index,Hang Seng (China A) Corporate Sustainability Benchmark Index,unchanged
526,Hang Seng (China A) Corporate Sustainability Benchmark Index,Hang Seng (China A) Corporate Sustainability Benchmark Index,unchanged
527,Hang Seng (China A) Corporate Sustainability Benchmark Index,Hang Seng (China A) Corporate Sustainability Benchmark Index,unchanged
528,Hang Seng (China A) Corporate Sustainability Benchmark Index,Hang Seng (China A) Corporate Sustainability Benchmark Index,unchanged
529,Hang Seng (China A) Corporate Sustainability Benchmark Index,Hang Seng (China A) Corporate Sustainability Benchmark Index,unchanged
530,Hang Seng (China A) Corporate Sustainability Benchmark Index,Hang Seng (China A) Corporate Sustainability Benchmark Index,unchanged
531,Hang Seng (China A) Corporate Sustainability Benchmark Index,Hang Seng (China A) Corporate Sustainability Benchmark Index,unchanged
532,Hang Seng (China A) Corporate Sustainability Benchmark Index,Hang Seng (China A) Corporate Sustainability Benchmark Index,unchanged
533,Hang Seng (China A) Corporate Sustainability Benchmark Index,Hang Seng (China A) Corporate Sustainability Benchmark Index,unchanged
534,Hang Seng (China A) Corporate Sustainability Benchmark Index,Hang Seng (China A) Corporate Sustainability Benchmark Index,unchanged
535,Hang Seng (China A) Corporate Sustainability Benchmark Index,Hang Seng (China A) Corporate Sustainability Benchmark Index,unchanged
536,Hang Seng (China A) Corporate Sustainability Benchmark Index,Hang Seng (China A) Corporate Sustainability Benchmark Index,unchanged
537,Hang Seng (China A) Corporate Sustainability Benchmark Index,Hang Seng (China A) Corporate Sustainability Benchmark Index,unchanged
538,Hang Seng (China A) Corporate Sustainability Benchmark Index,Hang Seng (China A) Corporate Sustainability Benchmark Index,unchanged
539,Hang Seng (China A) Corporate Sustainability Benchmark Index,Hang Seng (China A) Corporate Sustainability Benchmark Index,unchanged
540,Hang Seng (China A) Corporate Sustainability Benchmark Index,Hang Seng (China A) Corporate Sustainability Benchmark Index,unchanged
541,Hang Seng (China A) Corporate Sustainability Benchmark Index,Hang Seng (China A) Corporate Sustainability Benchmark Index,unchanged
542,Hang Seng (China A) Corporate Sustainability Benchmark Index,Hang Seng (China A) Corporate Sustainability Benchmark Index,unchanged
543,Hang Seng (China A) Corporate Sustainability Benchmark Index,Hang Seng (China A) Corporate Sustainability Benchmark Index,unchanged
544,Hang Seng (China A) Corporate Sustainability Benchmark Index,Hang Seng (China A) Corporate Sustainability Benchmark Index,unchanged
545,Hang Seng (China A) Corporate Sustainability Benchmark Index,Hang Seng (China A) Corporate Sustainability Benchmark Index,unchanged
546,Hang Seng (China A) Corporate Sustainability Benchmark Index,Hang Seng (China A) Corporate Sustainability Benchmark Index,unchanged
547,Hang Seng (China A) Corporate Sustainability Benchmark Index,Hang Seng (China A) Corporate Sustainability Benchmark Index,unchanged
548,Hang Seng (China A) Corporate Sustainability Benchmark Index,Hang Seng (China A) Corporate Sustainability Benchmark Index,unchanged
549,Hang Seng (China A) Corporate Sustainability Benchmark Index,Hang Seng (China A) Corporate Sustainability Benchmark Index,unchanged
550,Hang Seng (China A) Corporate Sustainability Benchmark Index,Hang Seng (China A) Corporate Sustainability Benchmark Index,unchanged
551,Hang Seng (China A) Corporate Sustainability Benchmark Index,Hang Seng (China A) Corporate Sustainability Benchmark Index,unchanged
552,Hang Seng (China A) Corporate Sustainability Benchmark Index,Hang Seng (China A) Corporate Sustainability Benchmark Index,unchanged
553,Hang Seng (China A) Corporate Sustainability Benchmark Index,Hang Seng (China A) Corporate Sustainability Benchmark Index,unchanged
554,Hang Seng (China A) Corporate Sustainability Benchmark Index,Hang Seng (China A) Corporate Sustainability Benchmark Index,unchanged
555,Hang Seng (China A) Corporate Sustainability Benchmark Index,Hang Seng (China A) Corporate Sustainability Benchmark Index,unchanged
556,Hang Seng (China A) Corporate Sustainability Benchmark Index,Hang Seng (China A) Corporate Sustainability Benchmark Index,unchanged
557,Hang Seng (China A) Corporate Sustainability Benchmark Index,Hang Seng (China A) Corporate Sustainability Benchmark Index,unchanged
558,Hang Seng (China A) Corporate Sustainability Benchmark Index,Hang Seng (China A) Corporate Sustainability Benchmark Index,unchanged
559,Hang Seng (China A) Corporate Sustainability Benchmark Index,Hang Seng (China A) Corporate Sustainability Benchmark Index,unchanged
560,Hang Seng (China A) Corporate Sustainability Benchmark Index,Hang Seng (China A) Corporate Sustainability Benchmark Index,unchanged
561,Hang Seng (China A) Corporate Sustainability Benchmark Index,Hang Seng (China A) Corporate Sustainability Benchmark Index,unchanged
562,Hang Seng (China A) Corporate Sustainability Benchmark Index,Hang Seng (China A) Corporate Sustainability Benchmark Index,unchanged
563,Hang Seng (China A) Corporate Sustainability Benchmark Index,Hang Seng (China A) Corporate Sustainability Benchmark Index,unchanged
564,Hang Seng (China A) Corporate Sustainability Benchmark Index,Hang Seng (China A) Corporate Sustainability Benchmark Index,unchanged
565,Hang Seng (China A) Corporate Sustainability Benchmark Index,Hang Seng (China A) Corporate Sustainability Benchmark Index,unchanged
566,Hang Seng (China A) Corporate Sustainability Benchmark Index,Hang Seng (China A) Corporate Sustainability Benchmark Index,unchanged
567,Hang Seng (China A) Corporate Sustainability Benchmark Index,Hang Seng (China A) Corporate Sustainability Benchmark Index,unchanged
568,Hang Seng (China A) Corporate Sustainability Benchmark Index,Hang Seng (China A) Corporate Sustainability Benchmark Index,unchanged
569,Hang Seng (China A) Corporate Sustainability Benchmark Index,Hang Seng (China A) Corporate Sustainability Benchmark Index,unchanged
570,Hang Seng (China A) Corporate Sustainability Benchmark Index,Hang Seng (China A) Corporate Sustainability Benchmark Index,unchanged
571,Hang Seng (China A) Corporate Sustainability Benchmark Index,Hang Seng (China A) Corporate Sustainability Benchmark Index,unchanged
572,Hang Seng (China A) Corporate Sustainability Benchmark Index,Hang Seng (China A) Corporate Sustainability Benchmark Index,unchanged
573,Hang Seng (China A) Corporate Sustainability Benchmark Index,Hang Seng (China A) Corporate Sustainability Benchmark Index,unchanged
574,Hang Seng (China A) Corporate Sustainability Benchmark Index,Hang Seng (China A) Corporate Sustainability Benchmark Index,unchanged
575,Hang Seng (China A) Corporate Sustainability Benchmark Index,Hang Seng (China A) Corporate Sustainability Benchmark Index,unchanged
576,Hang Seng (China A) Corporate Sustainability Benchmark Index,Hang Seng (China A) Corporate Sustainability Benchmark Index,unchanged
577,Hang Seng (China A) Corporate Sustainability Benchmark Index,Hang Seng (China A) Corporate Sustainability Benchmark Index,unchanged
578,Hang Seng (China A) Corporate Sustainability Benchmark Index,Hang Seng (China A) Corporate Sustainability Benchmark Index,unchanged
579,Hang Seng (China A) Corporate Sustainability Benchmark Index,Hang Seng (China A) Corporate Sustainability Benchmark Index,unchanged
580,Hang Seng (China A) Corporate Sustainability Benchmark Index,Hang Seng (China A) Corporate Sustainability Benchmark Index,unchanged
581,Hang Seng (China A) Corporate Sustainability Benchmark Index,Hang Seng (China A) Corporate Sustainability Benchmark Index,unchanged
582,Hang Seng (China A) Corporate Sustainability Benchmark Index,Hang Seng (China A) Corporate Sustainability Benchmark Index,unchanged
583,Hang Seng (China A) Corporate Sustainability Benchmark Index,Hang Seng (China A) Corporate Sustainability Benchmark Index,unchanged
584,Hang Seng (China A) Corporate Sustainability Benchmark Index,Hang Seng (China A) Corporate Sustainability Benchmark Index,unchanged
585,Hang Seng (China A) Corporate Sustainability Benchmark Index,Hang Seng (China A) Corporate Sustainability Benchmark Index,unchanged
586,Hang Seng (China A) Corporate Sustainability Benchmark Index,Hang Seng (China A) Corporate Sustainability Benchmark Index,unchanged
587,Hang Seng (China A) Corporate Sustainability Benchmark Index,Hang Seng (China A) Corporate Sustainability Benchmark Index,unchanged
588,Hang Seng (China A) Corporate Sustainability Benchmark Index,Hang Seng (China A) Corporate Sustainability Benchmark Index,unchanged
589,Hang Seng (China A) Corporate Sustainability Benchmark Index,Hang Seng (China A) Corporate Sustainability Benchmark Index,unchanged
590,Hang Seng (China A) Corporate Sustainability Benchmark Index,Hang Seng (China A) Corporate Sustainability Benchmark Index,unchanged
591,Hang Seng (China A) Corporate Sustainability Benchmark Index,Hang Seng (China A) Corporate Sustainability Benchmark Index,unchanged
592,Hang Seng (China A) Corporate Sustainability Benchmark Index,Hang Seng (China A) Corporate Sustainability Benchmark Index,unchanged
593,Hang Seng (China A) Corporate Sustainability Benchmark Index,Hang Seng (China A) Corporate Sustainability Benchmark Index,unchanged
594,Hang Seng (China A) Corporate Sustainability Benchmark Index,Hang Seng (China A) Corporate Sustainability Benchmark Index,unchanged
595,Hang Seng (China A) Corporate Sustainability Benchmark Index,Hang Seng (China A) Corporate Sustainability Benchmark Index,unchanged
596,Hang Seng (China A) Corporate Sustainability Benchmark Index,Hang Seng (China A) Corporate Sustainability Benchmark Index,unchanged
597,Hang Seng (China A) Corporate Sustainability Benchmark Index,Hang Seng (China A) Corporate Sustainability Benchmark Index,unchanged
598,Hang Seng (China A) Corporate Sustainability Benchmark Index,Hang Seng (China A) Corporate Sustainability Benchmark Index,unchanged
599,Hang Seng (China A) Corporate Sustainability Benchmark Index,Hang Seng (China A) Corporate Sustainability Benchmark Index,unchanged
600,Hang Seng (China A) Corporate Sustainability Benchmark Index,Hang Seng (China A) Corporate Sustainability Benchmark Index,unchanged
601,Hang Seng (China A) Corporate Sustainability Benchmark Index,Hang Seng (China A) Corporate Sustainability Benchmark Index,unchanged
602,Hang Seng (China A) Corporate Sustainability Benchmark Index,Hang Seng (China A) Corporate Sustainability Benchmark Index,unchanged
603,Hang Seng (China A) Corporate Sustainability Benchmark Index,Hang Seng (China A) Corporate Sustainability Benchmark Index,unchanged
604,Hang Seng (China A) Corporate Sustainability Benchmark Index,Hang Seng (China A) Corporate Sustainability Benchmark Index,unchanged
605,Hang Seng (China A) Corporate Sustainability Benchmark Index,Hang Seng (China A) Corporate Sustainability Benchmark Index,unchanged
606,Hang Seng (China A) Corporate Sustainability Benchmark Index,Hang Seng (China A) Corporate Sustainability Benchmark Index,unchanged
607,Hang Seng (China A) Corporate Sustainability Benchmark Index,Hang Seng (China A) Corporate Sustainability Benchmark Index,unchanged
608,Hang Seng (China A) Corporate Sustainability Benchmark Index,Hang Seng (China A) Corporate Sustainability Benchmark Index,unchanged
609,Hang Seng (China A) Corporate Sustainability Benchmark Index,Hang Seng (China A) Corporate Sustainability Benchmark Index,unchanged
610,Hang Seng (China A) Corporate Sustainability Benchmark Index,Hang Seng (China A) Corporate Sustainability Benchmark Index,unchanged
611,Hang Seng (China A) Corporate Sustainability Benchmark Index,Hang Seng (China A) Corporate Sustainability Benchmark Index,unchanged
612,Hang Seng (China A) Corporate Sustainability Benchmark Index,Hang Seng (China A) Corporate Sustainability Benchmark Index,unchanged
613,Hang Seng (China A) Corporate Sustainability Benchmark Index,Hang Seng (China A) Corporate Sustainability Benchmark Index,unchanged
614,Hang Seng (China A) Corporate Sustainability Benchmark Index,Hang Seng (China A) Corporate Sustainability Benchmark Index,unchanged
615,Hang Seng (China A) Corporate Sustainability Benchmark Index,Hang Seng (China A) Corporate Sustainability Benchmark Index,unchanged
616,Hang Seng (China A) Corporate Sustainability Benchmark Index,Hang Seng (China A) Corporate Sustainability Benchmark Index,unchanged
617,Hang Seng (China A) Corporate Sustainability Benchmark Index,Hang Seng (China A) Corporate Sustainability Benchmark Index,unchanged
618,Hang Seng (China A) Corporate Sustainability Benchmark Index,Hang Seng (China A) Corporate Sustainability Benchmark Index,unchanged
619,Hang Seng (China A) Corporate Sustainability Index,Hang Seng (China A) Corporate Sustainability Index,unchanged
620,Hang Seng (China A) Corporate Sustainability Index,Hang Seng (China A) Corporate Sustainability Index,unchanged
621,Hang Seng (China A) Corporate Sustainability Index,Hang Seng (China A) Corporate Sustainability Index,unchanged
622,Hang Seng (China A) Corporate Sustainability Index,Hang Seng (China A) Corporate Sustainability Index,unchanged
623,Hang Seng (China A) Corporate Sustainability Index,Hang Seng (China A) Corporate Sustainability Index,unchanged
624,Hang Seng (China A) Corporate Sustainability Index,Hang Seng (China A) Corporate Sustainability Index,unchanged
625,Hang Seng (China A) Corporate Sustainability Index,Hang Seng (China A) Corporate Sustainability Index,unchanged
626,Hang Seng (China A) Corporate Sustainability Index,Hang Seng (China A) Corporate Sustainability Index,unchanged
627,Hang Seng (China A) Corporate Sustainability Index,Hang Seng (China A) Corporate Sustainability Index,unchanged
628,Hang Seng (China A) Corporate Sustainability Index,Hang Seng (China A) Corporate Sustainability Index,unchanged
629,Hang Seng (China A) Corporate Sustainability Index,Hang Seng (China A) Corporate Sustainability Index,unchanged
630,Hang Seng (China A) Corporate Sustainability Index,Hang Seng (China A) Corporate Sustainability Index,unchanged
631,Hang Seng (China A) Corporate Sustainability Index,Hang Seng (China A) Corporate Sustainability Index,unchanged
632,Hang Seng (China A) Corporate Sustainability Index,Hang Seng (China A) Corporate Sustainability Index,unchanged
633,Hang Seng (China A) Corporate Sustainability Index,Hang Seng (China A) Corporate Sustainability Index,unchanged
634,Hang Seng (China A) Corporate Sustainability Index,Hang Seng (China A) Corporate Sustainability Index,unchanged
635,Hang Seng (China A) Corporate Sustainability Index,Hang Seng (China A) Corporate Sustainability Index,unchanged
636,Hang Seng (China A) Corporate Sustainability Index,Hang Seng (China A) Corporate Sustainability Index,unchanged
637,Hang Seng (China A) Corporate Sustainability Index,Hang Seng (China A) Corporate Sustainability Index,unchanged
638,Hang Seng China 50 Index,Hang Seng China 50 Index,unchanged
639,Hang Seng China 50 Index,Hang Seng China 50 Index,unchanged
640,Hang Seng China 50 Index,Hang Seng China 50 Index,unchanged
641,Hang Seng China 50 Index,Hang Seng China 50 Index,unchanged
642,Hang Seng China A Industry Top Index,Hang Seng China A Industry Top Index,unchanged
643,Hang Seng China A Industry Top Index,Hang Seng China A Industry Top Index,unchanged
644,Hang Seng China A Industry Top Index,Hang Seng China A Industry Top Index,unchanged
645,Hang Seng China A Industry Top Index,Hang Seng China A Industry Top Index,unchanged
646,Hang Seng China A Industry Top Index,Hang Seng China A Industry Top Index,unchanged
647,Hang Seng China A Industry Top Index,Hang Seng China A Industry Top Index,unchanged
648,Hang Seng China A Industry Top Index,Hang Seng China A Industry Top Index,unchanged
649,Hang Seng China A Industry Top Index,Hang Seng China A Industry Top Index,unchanged
650,Hang Seng China A Industry Top Index,Hang Seng China A Industry Top Index,unchanged
651,Hang Seng China A Industry Top Index,Hang Seng China A Industry Top Index,unchanged
652,Hang Seng China A Industry Top Index,Hang Seng China A Industry Top Index,unchanged
653,Hang Seng China A Industry Top Index,Hang Seng China A Industry Top Index,unchanged
654,Hang Seng China A Industry Top Index,Hang Seng China A Industry Top Index,unchanged
655,Hang Seng China A Industry Top Index,Hang Seng China A Industry Top Index,unchanged
656,Hang Seng China A Industry Top Index,Hang Seng China A Industry Top Index,unchanged
657,Hang Seng China A Industry Top Index,Hang Seng China A Industry Top Index,unchanged
658,Hang Seng China A Industry Top Index,Hang Seng China A Industry Top Index,unchanged
659,Hang Seng China A Top 100 Index,Hang Seng China A Top 100 Index,unchanged
660,Hang Seng China A Top 100 Index,Hang Seng China A Top 100 Index,unchanged
661,Hang Seng China A Top 100 Index,Hang Seng China A Top 100 Index,unchanged
662,Hang Seng China A Top 100 Index,Hang Seng China A Top 100 Index,unchanged
663,Hang Seng China A Top 100 Index,Hang Seng China A Top 100 Index,unchanged
664,Hang Seng China A Top 100 Index,Hang Seng China A Top 100 Index,unchanged
665,Hang Seng China A Top 100 Index,Hang Seng China A Top 100 Index,unchanged
666,Hang Seng China A Top 100 Index,Hang Seng China A Top 100 Index,unchanged
667,Hang Seng China A Top 100 Index,Hang Seng China A Top 100 Index,unchanged
668,Hang Seng China A Top 100 Index,Hang Seng China A Top 100 Index,unchanged
669,Hang Seng China A Top 100 Index,Hang Seng China A Top 100 Index,unchanged
670,Hang Seng China A Top 100 Index,Hang Seng China A Top 100 Index,unchanged
671,Hang Seng China A Top 100 Index,Hang Seng China A Top 100 Index,unchanged
672,Hang Seng China A Top 100 Index,Hang Seng China A Top 100 Index,unchanged
673,Hang Seng China A Top 100 Index,Hang Seng China A Top 100 Index,unchanged
674,Hang Seng China A Top 100 Index,Hang Seng China A Top 100 Index,unchanged
675,Hang Seng China Enterprises Index,Hang Seng China Enterprises Index,unchanged
676,Hang Seng China Enterprises Index,Hang Seng China Enterprises Index,unchanged
677,Hang Seng China Enterprises Index,Hang Seng China Enterprises Index,unchanged
678,Hang Seng China Enterprises Index,Hang Seng China Enterprises Index,unchanged
679,Hang Seng China Enterprises Index,Hang Seng China Enterprises Index,unchanged
680,Hang Seng China Enterprises Index,Hang Seng China Enterprises Index,unchanged
681,Hang Seng China Enterprises Index,Hang Seng China Enterprises Index,unchanged
682,Hang Seng China Enterprises Index,Hang Seng China Enterprises Index,unchanged
683,Hang Seng China Enterprises Index,Hang Seng China Enterprises Index,unchanged
684,Hang Seng China Enterprises Index,Hang Seng China Enterprises Index,unchanged
685,Hang Seng Composite LargeCap & MidCap Index,Hang Seng Composite LargeCap & MidCap Index,unchanged
686,Hang Seng Composite LargeCap & MidCap Index,Hang Seng Composite LargeCap & MidCap Index,unchanged
687,Hang Seng Composite LargeCap & MidCap Index,Hang Seng Composite LargeCap & MidCap Index,unchanged
688,Hang Seng Composite LargeCap & MidCap Index,Hang Seng Composite LargeCap & MidCap Index,unchanged
689,Hang Seng Composite LargeCap & MidCap Index,Hang Seng Composite LargeCap & MidCap Index,unchanged
690,Hang Seng Composite LargeCap & MidCap Index,Hang Seng Composite LargeCap & MidCap Index,unchanged
691,Hang Seng Composite LargeCap & MidCap Index,Hang Seng Composite LargeCap & MidCap Index,unchanged
692,Hang Seng Composite LargeCap & MidCap Index,Hang Seng Composite LargeCap & MidCap Index,unchanged
693,Hang Seng Composite LargeCap & MidCap Index,Hang Seng Composite LargeCap & MidCap Index,unchanged
694,Hang Seng Composite LargeCap & MidCap Index,Hang Seng Composite LargeCap & MidCap Index,unchanged
695,Hang Seng Composite LargeCap & MidCap Index,Hang Seng Composite LargeCap & MidCap Index,unchanged
696,Hang Seng Composite LargeCap & MidCap Index,Hang Seng Composite LargeCap & MidCap Index,unchanged
697,Hang Seng Composite LargeCap & MidCap Index,Hang Seng Composite LargeCap & MidCap Index,unchanged
698,Hang Seng Composite LargeCap & MidCap Index,Hang Seng Composite LargeCap & MidCap Index,unchanged
699,Hang Seng Composite LargeCap & MidCap Index,Hang Seng Composite LargeCap & MidCap Index,unchanged
700,Hang Seng Composite LargeCap & MidCap Index,Hang Seng Composite LargeCap & MidCap Index,unchanged
701,Hang Seng Composite LargeCap & MidCap Index,Hang Seng Composite LargeCap & MidCap Index,unchanged
702,Hang Seng Composite LargeCap & MidCap Index,Hang Seng Composite LargeCap & MidCap Index,unchanged
703,Hang Seng Composite LargeCap & MidCap Index,Hang Seng Composite LargeCap & MidCap Index,unchanged
704,Hang Seng Composite LargeCap & MidCap Index,Hang Seng Composite LargeCap & MidCap Index,unchanged
705,Hang Seng Composite LargeCap & MidCap Index,Hang Seng Composite LargeCap & MidCap Index,unchanged
706,Hang Seng Corporate Sustainability Benchmark Index,Hang Seng Corporate Sustainability Benchmark Index,unchanged
707,Hang Seng Corporate Sustainability Benchmark Index,Hang Seng Corporate Sustainability Benchmark Index,unchanged
708,Hang Seng Corporate Sustainability Benchmark Index,Hang Seng Corporate Sustainability Benchmark Index,unchanged
709,Hang Seng Corporate Sustainability Benchmark Index,Hang Seng Corporate Sustainability Benchmark Index,unchanged
710,Hang Seng Corporate Sustainability Benchmark Index,Hang Seng Corporate Sustainability Benchmark Index,unchanged
711,Hang Seng Corporate Sustainability Benchmark Index,Hang Seng Corporate Sustainability Benchmark Index,unchanged
712,Hang Seng Corporate Sustainability Benchmark Index,Hang Seng Corporate Sustainability Benchmark Index,unchanged
713,Hang Seng Corporate Sustainability Benchmark Index,Hang Seng Corporate Sustainability Benchmark Index,unchanged
714,Hang Seng Corporate Sustainability Benchmark Index,Hang Seng Corporate Sustainability Benchmark Index,unchanged
715,Hang Seng Corporate Sustainability Benchmark Index,Hang Seng Corporate Sustainability Benchmark Index,unchanged
716,Hang Seng Corporate Sustainability Benchmark Index,Hang Seng Corporate Sustainability Benchmark Index,unchanged
717,Hang Seng Corporate Sustainability Benchmark Index,Hang Seng Corporate Sustainability Benchmark Index,unchanged
718,Hang Seng Corporate Sustainability Benchmark Index,Hang Seng Corporate Sustainability Benchmark Index,unchanged
719,Hang Seng Corporate Sustainability Benchmark Index,Hang Seng Corporate Sustainability Benchmark Index,unchanged
720,Hang Seng Corporate Sustainability Benchmark Index,Hang Seng Corporate Sustainability Benchmark Index,unchanged
721,Hang Seng Corporate Sustainability Benchmark Index,Hang Seng Corporate Sustainability Benchmark Index,unchanged
722,Hang Seng Corporate Sustainability Benchmark Index,Hang Seng Corporate Sustainability Benchmark Index,unchanged
723,Hang Seng Corporate Sustainability Benchmark Index,Hang Seng Corporate Sustainability Benchmark Index,unchanged
724,Hang Seng Corporate Sustainability Benchmark Index,Hang Seng Corporate Sustainability Benchmark Index,unchanged
725,Hang Seng Corporate Sustainability Benchmark Index,Hang Seng Corporate Sustainability Benchmark Index,unchanged
726,Hang Seng Corporate Sustainability Benchmark Index,Hang Seng Corporate Sustainability Benchmark Index,unchanged
727,Hang Seng Corporate Sustainability Benchmark Index,Hang Seng Corporate Sustainability Benchmark Index,unchanged
728,Hang Seng Corporate Sustainability Benchmark Index,Hang Seng Corporate Sustainability Benchmark Index,unchanged
729,Hang Seng Corporate Sustainability Index,Hang Seng Corporate Sustainability Index,unchanged
730,Hang Seng Corporate Sustainability Index,Hang Seng Corporate Sustainability Index,unchanged
731,Hang Seng Corporate Sustainability Index,Hang Seng Corporate Sustainability Index,unchanged
732,Hang Seng Corporate Sustainability Index,Hang Seng Corporate Sustainability Index,unchanged
733,Hang Seng Stock Connect China AH Index Series,Hang Seng Stock Connect China AH Index Series,unchanged
734,Hang Seng Stock Connect China AH Index Series,Hang Seng Stock Connect China AH Index Series,unchanged
735,Hang Seng Stock Connect China AH Index Series,Hang Seng Stock Connect China AH Index Series,unchanged
736,Hang Seng Stock Connect China AH Index Series,Hang Seng Stock Connect China AH Index Series,unchanged
737,Hang Seng Stock Connect China AH Index Series,Hang Seng Stock Connect China AH Index Series,unchanged
738,Hang Seng Stock Connect China AH Index Series,Hang Seng Stock Connect China AH Index Series,unchanged
739,Hang Seng Stock Connect China AH Index Series,Hang Seng Stock Connect China AH Index Series,unchanged
740,Hang Seng Stock Connect China AH Index Series,Hang Seng Stock Connect China AH Index Series,unchanged
741,Hang Seng Stock Connect China AH Index Series,Hang Seng Stock Connect China AH Index Series,unchanged
742,Hang Seng Stock Connect China AH Index Series,Hang Seng Stock Connect China AH Index Series,unchanged
743,Hang Seng Stock Connect China AH Index Series,Hang Seng Stock Connect China AH Index Series,unchanged
744,Hang Seng Stock Connect China AH Index Series,Hang Seng Stock Connect China AH Index Series,unchanged
745,Hang Seng China Enterprises Index,Hang Seng China Enterprises Index,unchanged
746,Hang Seng China Enterprises Index,Hang Seng China Enterprises Index,unchanged
747,Hang Seng China Enterprises Index,Hang Seng China Enterprises Index,unchanged
748,Hang Seng China Enterprises Index,Hang Seng China Enterprises Index,unchanged
749,Hang Seng Composite LargeCap & MidCap Index,Hang Seng Composite LargeCap & MidCap Index,unchanged
750,Hang Seng China 50 Index,Hang Seng China 50 Index,unchanged
751,Hang Seng China 50 Index,Hang Seng China 50 Index,unchanged
752,Hang Seng China 50 Index,Hang Seng China 50 Index,unchanged
753,Hang Seng China 50 Index,Hang Seng China 50 Index,unchanged
754,Hang Seng China 50 Index,Hang Seng China 50 Index,unchanged
755,Hang Seng China 50 Index,Hang Seng China 50 Index,unchanged
756,Hang Seng China Enterprises Index,Hang Seng China Enterprises Index,unchanged
757,Hang Seng China Enterprises Index,Hang Seng China Enterprises Index,unchanged
758,Hang Seng China Enterprises Index,Hang Seng China Enterprises Index,unchanged
759,Hang Seng China Enterprises Index,Hang Seng China Enterprises Index,unchanged
760,Hang Seng Composite Index,Hang Seng Composite Index,unchanged
761,Hang Seng Composite Index,Hang Seng Composite Index,unchanged
762,Hang Seng Composite Index,Hang Seng Composite Index,unchanged
763,Hang Seng Composite Index,Hang Seng Composite Index,unchanged
764,Hang Seng Composite Index,Hang Seng Composite Index,unchanged
765,Hang Seng Composite Index,Hang Seng Composite Index,unchanged
766,Hang Seng Composite Index,Hang Seng Composite Index,unchanged
767,Hang Seng Composite Index,Hang Seng Composite Index,unchanged
768,Hang Seng Composite Index,Hang Seng Composite Index,unchanged
769,Hang Seng Composite Index,Hang Seng Composite Index,unchanged
770,Hang Seng Composite Index,Hang Seng Composite Index,unchanged
771,Hang Seng Composite Index,Hang Seng Composite Index,unchanged
772,Hang Seng Composite Index,Hang Seng Composite Index,unchanged
773,Hang Seng Composite Index,Hang Seng Composite Index,unchanged
774,Hang Seng Composite Index,Hang Seng Composite Index,unchanged
775,Hang Seng Composite Index,Hang Seng Composite Index,unchanged
776,Hang Seng Composite Index,Hang Seng Composite Index,unchanged
777,Hang Seng Composite Index,Hang Seng Composite Index,unchanged
778,Hang Seng Composite Index,Hang Seng Composite Index,unchanged
779,Hang Seng Composite Index,Hang Seng Composite Index,unchanged
780,Hang Seng Composite Index,Hang Seng Composite Index,unchanged
781,Hang Seng Composite Index,Hang Seng Composite Index,unchanged
782,Hang Seng Composite Index,Hang Seng Composite Index,unchanged
783,Hang Seng Composite Index,Hang Seng Composite Index,unchanged
784,Hang Seng Composite Index,Hang Seng Composite Index,unchanged
785,Hang Seng Composite Index,Hang Seng Composite Index,unchanged
786,Hang Seng Composite Index,Hang Seng Composite Index,unchanged
787,Hang Seng Composite Index,Hang Seng Composite Index,unchanged
788,Hang Seng Composite Index,Hang Seng Composite Index,unchanged
789,Hang Seng Composite Index,Hang Seng Composite Index,unchanged
790,Hang Seng Composite Index,Hang Seng Composite Index,unchanged
791,Hang Seng Composite Index,Hang Seng Composite Index,unchanged
792,Hang Seng Composite Index,Hang Seng Composite Index,unchanged
793,Hang Seng Composite Index,Hang Seng Composite Index,unchanged
794,Hang Seng Composite Index,Hang Seng Composite Index,unchanged
795,Hang Seng Composite Index,Hang Seng Composite Index,unchanged
796,Hang Seng Composite Index,Hang Seng Composite Index,unchanged
797,Hang Seng Composite Index,Hang Seng Composite Index,unchanged
798,Hang Seng Composite Index,Hang Seng Composite Index,unchanged
799,Hang Seng Composite Index,Hang Seng Composite Index,unchanged
800,Hang Seng Composite Index,Hang Seng Composite Index,unchanged
801,Hang Seng Composite Index,Hang Seng Composite Index,unchanged
802,Hang Seng Composite Index,Hang Seng Composite Index,unchanged
803,Hang Seng Composite Index,Hang Seng Composite Index,unchanged
804,Hang Seng Composite Index,Hang Seng Composite Index,unchanged
805,Hang Seng Composite Index,Hang Seng Composite Index,unchanged
806,Hang Seng Composite Index,Hang Seng Composite Index,unchanged
807,Hang Seng Composite Index,Hang Seng Composite Index,unchanged
808,Hang Seng Stock Connect Greater Bay Area Composite Index,Hang Seng Stock Connect Greater Bay Area Composite Index,unchanged
809,Hang Seng Stock Connect Greater Bay Area Composite Index,Hang Seng Stock Connect Greater Bay Area Composite Index,unchanged
810,Hang Seng Stock Connect Greater Bay Area Composite Index,Hang Seng Stock Connect Greater Bay Area Composite Index,unchanged
811,Hang Seng Stock Connect Greater Bay Area Composite Index,Hang Seng Stock Connect Greater Bay Area Composite Index,unchanged
812,Hang Seng Stock Connect Greater Bay Area Composite Index,Hang Seng Stock Connect Greater Bay Area Composite Index,unchanged
813,Hang Seng Stock Connect Greater Bay Area Composite Index,Hang Seng Stock Connect Greater Bay Area Composite Index,unchanged
814,Hang Seng Stock Connect Greater Bay Area Composite Index,Hang Seng Stock Connect Greater Bay Area Composite Index,unchanged
815,Hang Seng Stock Connect Greater Bay Area Composite Index,Hang Seng Stock Connect Greater Bay Area Composite Index,unchanged
816,Hang Seng Stock Connect Greater Bay Area Composite Index,Hang Seng Stock Connect Greater Bay Area Composite Index,unchanged
817,Hang Seng Stock Connect Greater Bay Area Composite Index,Hang Seng Stock Connect Greater Bay Area Composite Index,unchanged
818,Hang Seng Stock Connect Greater Bay Area Composite Index,Hang Seng Stock Connect Greater Bay Area Composite Index,unchanged
819,Hang Seng Stock Connect Greater Bay Area Composite Index,Hang Seng Stock Connect Greater Bay Area Composite Index,unchanged
820,Hang Seng Stock Connect Greater Bay Area Composite Index,Hang Seng Stock Connect Greater Bay Area Composite Index,unchanged
821,Hang Seng Stock Connect Greater Bay Area Composite Index,Hang Seng Stock Connect Greater Bay Area Composite Index,unchanged
822,Hang Seng Stock Connect Greater Bay Area Composite Index,Hang Seng Stock Connect Greater Bay Area Composite Index,unchanged
823,Hang Seng Stock Connect Greater Bay Area Composite Index,Hang Seng Stock Connect Greater Bay Area Composite Index,unchanged
824,Hang Seng Stock Connect Greater Bay Area Composite Index,Hang Seng Stock Connect Greater Bay Area Composite Index,unchanged
825,Hang Seng Stock Connect Greater Bay Area Composite Index,Hang Seng Stock Connect Greater Bay Area Composite Index,unchanged
826,Hang Seng China Enterprises Index,Hang Seng China Enterprises Index,unchanged
827,Hang Seng China Enterprises Index,Hang Seng China Enterprises Index,unchanged
828,Hang Seng China Enterprises Index,Hang Seng China Enterprises Index,unchanged
829,Hang Seng China Enterprises Index,Hang Seng China Enterprises Index,unchanged
830,Hang Seng China Enterprises Index,Hang Seng China Enterprises Index,unchanged
831,Hang Seng China Enterprises Index,Hang Seng China Enterprises Index,unchanged
832,Hang Seng (China A) Corporate Sustainability Index,Hang Seng (China A) Corporate Sustainability Index,unchanged
833,Hang Seng (China A) Corporate Sustainability Index,Hang Seng (China A) Corporate Sustainability Index,unchanged
834,Hang Seng (China A) Corporate Sustainability Index,Hang Seng (China A) Corporate Sustainability Index,unchanged
835,Hang Seng (China A) Corporate Sustainability Index,Hang Seng (China A) Corporate Sustainability Index,unchanged
836,Hang Seng (China A) Corporate Sustainability Index,Hang Seng (China A) Corporate Sustainability Index,unchanged
837,Hang Seng (China A) Corporate Sustainability Index,Hang Seng (China A) Corporate Sustainability Index,unchanged
838,Hang Seng (China A) Corporate Sustainability Index,Hang Seng (China A) Corporate Sustainability Index,unchanged
839,Hang Seng (China A) Corporate Sustainability Index,Hang Seng (China A) Corporate Sustainability Index,unchanged
840,Hang Seng (China A) Corporate Sustainability Index,Hang Seng (China A) Corporate Sustainability Index,unchanged
841,Hang Seng (China A) Corporate Sustainability Index,Hang Seng (China A) Corporate Sustainability Index,unchanged
842,Hang Seng (China A) Corporate Sustainability Index,Hang Seng (China A) Corporate Sustainability Index,unchanged
843,Hang Seng (China A) Corporate Sustainability Index,Hang Seng (China A) Corporate Sustainability Index,unchanged
844,Hang Seng (China A) Corporate Sustainability Index,Hang Seng (China A) Corporate Sustainability Index,unchanged
845,Hang Seng (China A) Corporate Sustainability Index,Hang Seng (China A) Corporate Sustainability Index,unchanged
846,Hang Seng (China A) Corporate Sustainability Index,Hang Seng (China A) Corporate Sustainability Index,unchanged
847,Hang Seng (China A) Corporate Sustainability Index,Hang Seng (China A) Corporate Sustainability Index,unchanged
848,Hang Seng China 50 Index,Hang Seng China 50 Index,unchanged
849,Hang Seng China 50 Index,Hang Seng China 50 Index,unchanged
850,Hang Seng China 50 Index,Hang Seng China 50 Index,unchanged
851,Hang Seng China 50 Index,Hang Seng China 50 Index,unchanged
852,Hang Seng China 50 Index,Hang Seng China 50 Index,unchanged
853,Hang Seng China 50 Index,Hang Seng China 50 Index,unchanged
854,Hang Seng China 50 Index,Hang Seng China 50 Index,unchanged
855,Hang Seng China 50 Index,Hang Seng China 50 Index,unchanged
856,Hang Seng China 50 Index,Hang Seng China 50 Index,unchanged
857,Hang Seng China A Industry Top Index,Hang Seng China A Industry Top Index,unchanged
858,Hang Seng China A Industry Top Index,Hang Seng China A Industry Top Index,unchanged
859,Hang Seng China A Industry Top Index,Hang Seng China A Industry Top Index,unchanged
860,Hang Seng China A Industry Top Index,Hang Seng China A Industry Top Index,unchanged
861,Hang Seng China A Industry Top Index,Hang Seng China A Industry Top Index,unchanged
862,Hang Seng China A Industry Top Index,Hang Seng China A Industry Top Index,unchanged
863,Hang Seng China A Industry Top Index,Hang Seng China A Industry Top Index,unchanged
864,Hang Seng China A Industry Top Index,Hang Seng China A Industry Top Index,unchanged
865,Hang Seng China A Industry Top Index,Hang Seng China A Industry Top Index,unchanged
866,Hang Seng China A Industry Top Index,Hang Seng China A Industry Top Index,unchanged
867,Hang Seng China A Industry Top Index,Hang Seng China A Industry Top Index,unchanged
868,Hang Seng China A Industry Top Index,Hang Seng China A Industry Top Index,unchanged
869,Hang Seng China A Industry Top Index,Hang Seng China A Industry Top Index,unchanged
870,Hang Seng China A Industry Top Index,Hang Seng China A Industry Top Index,unchanged
871,Hang Seng China A Industry Top Index,Hang Seng China A Industry Top Index,unchanged
872,Hang Seng China A Industry Top Index,Hang Seng China A Industry Top Index,unchanged
873,Hang Seng China A Industry Top Index,Hang Seng China A Industry Top Index,unchanged
874,Hang Seng China A Top 100 Index,Hang Seng China A Top 100 Index,unchanged
875,Hang Seng China A Top 100 Index,Hang Seng China A Top 100 Index,unchanged
876,Hang Seng China A Top 100 Index,Hang Seng China A Top 100 Index,unchanged
877,Hang Seng China A Top 100 Index,Hang Seng China A Top 100 Index,unchanged
878,Hang Seng China A Top 100 Index,Hang Seng China A Top 100 Index,unchanged
879,Hang Seng China A Top 100 Index,Hang Seng China A Top 100 Index,unchanged
880,Hang Seng China A Top 100 Index,Hang Seng China A Top 100 Index,unchanged
881,Hang Seng China A Top 100 Index,Hang Seng China A Top 100 Index,unchanged
882,Hang Seng China A Top 100 Index,Hang Seng China A Top 100 Index,unchanged
883,Hang Seng China A Top 100 Index,Hang Seng China A Top 100 Index,unchanged
884,Hang Seng China A Top 100 Index,Hang Seng China A Top 100 Index,unchanged
885,Hang Seng China A Top 100 Index,Hang Seng China A Top 100 Index,unchanged
886,Hang Seng China A Top 100 Index,Hang Seng China A Top 100 Index,unchanged
887,Hang Seng China A Top 100 Index,Hang Seng China A Top 100 Index,unchanged
888,Hang Seng China Enterprises Index,Hang Seng China Enterprises Index,unchanged
889,Hang Seng China Enterprises Index,Hang Seng China Enterprises Index,unchanged
890,Hang Seng China Enterprises Index,Hang Seng China Enterprises Index,unchanged
891,Hang Seng China Enterprises Index,Hang Seng China Enterprises Index,unchanged
892,Hang Seng China Enterprises Index,Hang Seng China Enterprises Index,unchanged
893,Hang Seng China Enterprises Index,Hang Seng China Enterprises Index,unchanged
894,Hang Seng Composite Index,Hang Seng Composite Index,unchanged
895,Hang Seng Composite Index,Hang Seng Composite Index,unchanged
896,Hang Seng Composite Index,Hang Seng Composite Index,unchanged
897,Hang Seng Composite Index,Hang Seng Composite Index,unchanged
898,Hang Seng Composite Index,Hang Seng Composite Index,unchanged
899,Hang Seng Composite Index,Hang Seng Composite Index,unchanged
900,Hang Seng Composite Index,Hang Seng Composite Index,unchanged
901,Hang Seng Composite Index,Hang Seng Composite Index,unchanged
902,Hang Seng Composite Index,Hang Seng Composite Index,unchanged
903,Hang Seng Composite Index,Hang Seng Composite Index,unchanged
904,Hang Seng Composite Index,Hang Seng Composite Index,unchanged
905,Hang Seng Composite Index,Hang Seng Composite Index,unchanged
906,Hang Seng Composite Index,Hang Seng Composite Index,unchanged
907,Hang Seng Composite Index,Hang Seng Composite Index,unchanged
908,Hang Seng Composite Index,Hang Seng Composite Index,unchanged
909,Hang Seng Composite Index,Hang Seng Composite Index,unchanged
910,Hang Seng Composite Index,Hang Seng Composite Index,unchanged
911,Hang Seng Composite Index,Hang Seng Composite Index,unchanged
912,Hang Seng Composite Index,Hang Seng Composite Index,unchanged
913,Hang Seng Composite Index,Hang Seng Composite Index,unchanged
914,Hang Seng Composite Index,Hang Seng Composite Index,unchanged
915,Hang Seng Composite Index,Hang Seng Composite Index,unchanged
916,Hang Seng Composite Index,Hang Seng Composite Index,unchanged
917,Hang Seng Composite Index,Hang Seng Composite Index,unchanged
918,Hang Seng Composite Index,Hang Seng Composite Index,unchanged
919,Hang Seng Composite Index,Hang Seng Composite Index,unchanged
920,Hang Seng Composite Index,Hang Seng Composite Index,unchanged
921,Hang Seng Composite Index,Hang Seng Composite Index,unchanged
922,Hang Seng Composite Index,Hang Seng Composite Index,unchanged
923,Hang Seng Composite Index,Hang Seng Composite Index,unchanged
924,Hang Seng Composite Index,Hang Seng Composite Index,unchanged
925,Hang Seng Composite Index,Hang Seng Composite Index,unchanged
926,Hang Seng Composite Index,Hang Seng Composite Index,unchanged
927,Hang Seng Composite Index,Hang Seng Composite Index,unchanged
928,Hang Seng Composite Index,Hang Seng Composite Index,unchanged
929,Hang Seng Composite Index,Hang Seng Composite Index,unchanged
930,Hang Seng Composite Index,Hang Seng Composite Index,unchanged
931,Hang Seng Composite Index,Hang Seng Composite Index,unchanged
932,Hang Seng Composite Index,Hang Seng Composite Index,unchanged
933,Hang Seng Composite Index,Hang Seng Composite Index,unchanged
934,Hang Seng Composite Index,Hang Seng Composite Index,unchanged
935,Hang Seng Composite Index,Hang Seng Composite Index,unchanged
936,Hang Seng Composite Index,Hang Seng Composite Index,unchanged
937,Hang Seng Composite Index,Hang Seng Composite Index,unchanged
938,Hang Seng Composite Index,Hang Seng Composite Index,unchanged
939,Hang Seng Composite Index,Hang Seng Composite Index,unchanged
940,Hang Seng Composite Index,Hang Seng Composite Index,unchanged
941,Hang Seng Composite Index,Hang Seng Composite Index,unchanged
942,Hang Seng Composite Index,Hang Seng Composite Index,unchanged
943,Hang Seng Composite Index,Hang Seng Composite Index,unchanged
944,Hang Seng Composite Index,Hang Seng Composite Index,unchanged
945,Hang Seng Composite Index,Hang Seng Composite Index,unchanged
946,Hang Seng Composite Index,Hang Seng Composite Index,unchanged
947,Hang Seng Composite Index,Hang Seng Composite Index,unchanged
948,Hang Seng Composite Index,Hang Seng Composite Index,unchanged
949,Hang Seng Corporate Sustainability Index,Hang Seng Corporate Sustainability Index,unchanged
950,Hang Seng Corporate Sustainability Index,Hang Seng Corporate Sustainability Index,unchanged
951,Hang Seng Corporate Sustainability Index,Hang Seng Corporate Sustainability Index,unchanged
952,Hang Seng Corporate Sustainability Index,Hang Seng Corporate Sustainability Index,unchanged
953,Hang Seng Corporate Sustainability Index,Hang Seng Corporate Sustainability Index,unchanged
954,Hang Seng Corporate Sustainability Index,Hang Seng Corporate Sustainability Index,unchanged
955,Hang Seng ESG 50 Index,Hang Seng ESG 50 Index,unchanged
956,Hang Seng ESG 50 Index,Hang Seng ESG 50 Index,unchanged
957,Hang Seng ESG 50 Index,Hang Seng ESG 50 Index,unchanged
958,Hang Seng ESG 50 Index,Hang Seng ESG 50 Index,unchanged
959,Hang Seng ESG 50 Index,Hang Seng ESG 50 Index,unchanged
960,Hang Seng ESG 50 Index,Hang Seng ESG 50 Index,unchanged
961,Hang Seng ESG 50 Index,Hang Seng ESG 50 Index,unchanged
962,Hang Seng ESG 50 Index,Hang Seng ESG 50 Index,unchanged
963,Hang Seng ESG 50 Index,Hang Seng ESG 50 Index,unchanged
964,Hang Seng ESG 50 Index,Hang Seng ESG 50 Index,unchanged
965,Hang Seng ESG 50 Index,Hang Seng ESG 50 Index,unchanged
966,Hang Seng ESG 50 Index,Hang Seng ESG 50 Index,unchanged
967,Hang Seng ESG 50 Index,Hang Seng ESG 50 Index,unchanged
968,Hang Seng ESG 50 Index,Hang Seng ESG 50 Index,unchanged
969,Hang Seng Index,Hang Seng Index,unchanged
970,Hang Seng Index,Hang Seng Index,unchanged
971,Hang Seng Index,Hang Seng Index,unchanged
972,Hang Seng Index,Hang Seng Index,unchanged
973,Hang Seng Index,Hang Seng Index,unchanged
974,Hang Seng Index,Hang Seng Index,unchanged
975,Hang Seng Stock Connect Greater Bay Area Composite Index,Hang Seng Stock Connect Greater Bay Area Composite Index,unchanged
976,Hang Seng Stock Connect Greater Bay Area Composite Index,Hang Seng Stock Connect Greater Bay Area Composite Index,unchanged
977,Hang Seng Stock Connect Greater Bay Area Composite Index,Hang Seng Stock Connect Greater Bay Area Composite Index,unchanged
978,Hang Seng Stock Connect Greater Bay Area Composite Index,Hang Seng Stock Connect Greater Bay Area Composite Index,unchanged
979,Hang Seng Stock Connect Greater Bay Area Composite Index,Hang Seng Stock Connect Greater Bay Area Composite Index,unchanged
980,Hang Seng Stock Connect Greater Bay Area Composite Index,Hang Seng Stock Connect Greater Bay Area Composite Index,unchanged
981,Hang Seng Stock Connect Greater Bay Area Composite Index,Hang Seng Stock Connect Greater Bay Area Composite Index,unchanged
982,Hang Seng Stock Connect Greater Bay Area Composite Index,Hang Seng Stock Connect Greater Bay Area Composite Index,unchanged
983,Hang Seng Stock Connect Greater Bay Area Composite Index,Hang Seng Stock Connect Greater Bay Area Composite Index,unchanged
984,Hang Seng Stock Connect Greater Bay Area Composite Index,Hang Seng Stock Connect Greater Bay Area Composite Index,unchanged
985,Hang Seng Stock Connect Greater Bay Area Composite Index,Hang Seng Stock Connect Greater Bay Area Composite Index,unchanged
986,Hang Seng Stock Connect Greater Bay Area Composite Index,Hang Seng Stock Connect Greater Bay Area Composite Index,unchanged
987,Hang Seng Stock Connect Greater Bay Area Composite Index,Hang Seng Stock Connect Greater Bay Area Composite Index,unchanged
988,Hang Seng Stock Connect Greater Bay Area Composite Index,Hang Seng Stock Connect Greater Bay Area Composite Index,unchanged
989,Hang Seng Stock Connect Greater Bay Area Composite Index,Hang Seng Stock Connect Greater Bay Area Composite Index,unchanged
990,Hang Seng Stock Connect Greater Bay Area Composite Index,Hang Seng Stock Connect Greater Bay Area Composite Index,unchanged
991,Hang Seng Stock Connect Greater Bay Area Composite Index,Hang Seng Stock Connect Greater Bay Area Composite Index,unchanged
992,Hang Seng Stock Connect Greater Bay Area Composite Index,Hang Seng Stock Connect Greater Bay Area Composite Index,unchanged
993,Hang Seng China Enterprises Index,Hang Seng China Enterprises Index,unchanged
994,Hang Seng China Enterprises Index,Hang Seng China Enterprises Index,unchanged
995,Hang Seng China Enterprises Index,Hang Seng China Enterprises Index,unchanged
996,Hang Seng China Enterprises Index,Hang Seng China Enterprises Index,unchanged
997,Hang Seng China Enterprises Index,Hang Seng China Enterprises Index,unchanged
998,Hang Seng China Enterprises Index,Hang Seng China Enterprises Index,unchanged
999,Hang Seng China Enterprises Index,Hang Seng China Enterprises Index,unchanged
1000,Hang Seng China Enterprises Index,Hang Seng China Enterprises Index,unchanged
1001,Hang Seng China Enterprises Index,Hang Seng China Enterprises Index,unchanged
1002,Hang Seng China Enterprises Index,Hang Seng China Enterprises Index,unchanged
1003,Hang Seng China Enterprises Index,Hang Seng China Enterprises Index,unchanged
1004,Hang Seng China Enterprises Index,Hang Seng China Enterprises Index,unchanged
1005,Hang Seng China Enterprises Index,Hang Seng China Enterprises Index,unchanged
1006,Hang Seng China Enterprises Index,Hang Seng China Enterprises Index,unchanged
1007,Hang Seng China Enterprises Index,Hang Seng China Enterprises Index,unchanged
1008,Hang Seng China Enterprises Index,Hang Seng China Enterprises Index,unchanged
1009,Hang Seng China Enterprises Index,Hang Seng China Enterprises Index,unchanged
1010,Hang Seng China Enterprises Index,Hang Seng China Enterprises Index,unchanged
1011,Hang Seng Composite LargeCap & MidCap Index,Hang Seng Composite LargeCap & MidCap Index,unchanged
1012,Hang Seng Composite LargeCap & MidCap Index,Hang Seng Composite LargeCap & MidCap Index,unchanged
1013,Hang Seng Composite LargeCap & MidCap Index,Hang Seng Composite LargeCap & MidCap Index,unchanged
1014,Hang Seng Composite LargeCap & MidCap Index,Hang Seng Composite LargeCap & MidCap Index,unchanged
1015,Hang Seng Composite LargeCap & MidCap Index,Hang Seng Composite LargeCap & MidCap Index,unchanged
1016,Hang Seng Composite LargeCap & MidCap Index,Hang Seng Composite LargeCap & MidCap Index,unchanged
1017,Hang Seng Composite LargeCap & MidCap Index,Hang Seng Composite LargeCap & MidCap Index,unchanged
1018,Hang Seng Index,Hang Seng Index,unchanged
1019,Hang Seng Index,Hang Seng Index,unchanged
1020,Hang Seng Index,Hang Seng Index,unchanged
1021,Hang Seng Index,Hang Seng Index,unchanged
1022,Hang Seng TECH Index,Hang Seng TECH Index,unchanged
1023,Hang Seng TECH Index,Hang Seng TECH Index,unchanged
1024,Hang Seng TECH Index,Hang Seng TECH Index,unchanged
1025,Hang Seng TECH Index,Hang Seng TECH Index,unchanged
1026,Hang Seng China 50 Index,Hang Seng China 50 Index,unchanged
1027,Hang Seng China 50 Index,Hang Seng China 50 Index,unchanged
1028,Hang Seng China 50 Index,Hang Seng China 50 Index,unchanged
1029,Hang Seng China 50 Index,Hang Seng China 50 Index,unchanged
1030,Hang Seng China 50 Index,Hang Seng China 50 Index,unchanged
1031,Hang Seng China 50 Index,Hang Seng China 50 Index,unchanged
1032,Hang Seng China 50 Index,Hang Seng China 50 Index,unchanged
1033,Hang Seng China 50 Index,Hang Seng China 50 Index,unchanged
1034,Hang Seng China 50 Index,Hang Seng China 50 Index,unchanged
1035,Hang Seng China 50 Index,Hang Seng China 50 Index,unchanged
1036,Hang Seng China 50 Index,Hang Seng China 50 Index,unchanged
1037,Hang Seng China 50 Index,Hang Seng China 50 Index,unchanged
1038,Hang Seng China 50 Index,Hang Seng China 50 Index,unchanged
1039,Hang Seng China 50 Index,Hang Seng China 50 Index,unchanged
1040,Hang Seng China 50 Index,Hang Seng China 50 Index,unchanged
1041,Hang Seng China 50 Index,Hang Seng China 50 Index,unchanged
1042,Hang Seng China Enterprises Index,Hang Seng China Enterprises Index,unchanged
1043,Hang Seng China Enterprises Index,Hang Seng China Enterprises Index,unchanged
1044,Hang Seng China Enterprises Index,Hang Seng China Enterprises Index,unchanged
1045,Hang Seng China Enterprises Index,Hang Seng China Enterprises Index,unchanged
1046,Hang Seng China Enterprises Index,Hang Seng China Enterprises Index,unchanged
1047,Hang Seng China Enterprises Index,Hang Seng China Enterprises Index,unchanged
1048,Hang Seng Composite Index,Hang Seng Composite Index,unchanged
1049,Hang Seng Composite Index,Hang Seng Composite Index,unchanged
1050,Hang Seng Composite Index,Hang Seng Composite Index,unchanged
1051,Hang Seng Composite Index,Hang Seng Composite Index,unchanged
1052,Hang Seng Composite Index,Hang Seng Composite Index,unchanged
1053,Hang Seng Composite Index,Hang Seng Composite Index,unchanged
1054,Hang Seng Composite Index,Hang Seng Composite Index,unchanged
1055,Hang Seng Composite Index,Hang Seng Composite Index,unchanged
1056,Hang Seng Composite Index,Hang Seng Composite Index,unchanged
1057,Hang Seng Composite Index,Hang Seng Composite Index,unchanged
1058,Hang Seng Composite Index,Hang Seng Composite Index,unchanged
1059,Hang Seng Composite Index,Hang Seng Composite Index,unchanged
1060,Hang Seng Composite Index,Hang Seng Composite Index,unchanged
1061,Hang Seng Composite Index,Hang Seng Composite Index,unchanged
1062,Hang Seng Composite Index,Hang Seng Composite Index,unchanged
1063,Hang Seng Composite Index,Hang Seng Composite Index,unchanged
1064,Hang Seng Composite Index,Hang Seng Composite Index,unchanged
1065,Hang Seng Composite Index,Hang Seng Composite Index,unchanged
1066,Hang Seng Composite Index,Hang Seng Composite Index,unchanged
1067,Hang Seng Composite Index,Hang Seng Composite Index,unchanged
1068,Hang Seng Composite Index,Hang Seng Composite Index,unchanged
1069,Hang Seng Composite Index,Hang Seng Composite Index,unchanged
1070,Hang Seng Composite Index,Hang Seng Composite Index,unchanged
1071,Hang Seng Composite Index,Hang Seng Composite Index,unchanged
1072,Hang Seng Composite Index,Hang Seng Composite Index,unchanged
1073,Hang Seng Composite Index,Hang Seng Composite Index,unchanged
1074,Hang Seng Composite Index,Hang Seng Composite Index,unchanged
1075,Hang Seng Composite Index,Hang Seng Composite Index,unchanged
1076,Hang Seng Composite Index,Hang Seng Composite Index,unchanged
1077,Hang Seng Composite Index,Hang Seng Composite Index,unchanged
1078,Hang Seng Composite Index,Hang Seng Composite Index,unchanged
1079,Hang Seng Composite Index,Hang Seng Composite Index,unchanged
1080,Hang Seng Composite Index,Hang Seng Composite Index,unchanged
1081,Hang Seng Composite Index,Hang Seng Composite Index,unchanged
1082,Hang Seng Composite Index,Hang Seng Composite Index,unchanged
1083,Hang Seng Composite Index,Hang Seng Composite Index,unchanged
1084,Hang Seng Composite Index,Hang Seng Composite Index,unchanged
1085,Hang Seng Composite Index,Hang Seng Composite Index,unchanged
1086,Hang Seng Composite Index,Hang Seng Composite Index,unchanged
1087,Hang Seng Composite Index,Hang Seng Composite Index,unchanged
1088,Hang Seng Composite Index,Hang Seng Composite Index,unchanged
1089,Hang Seng Composite Index,Hang Seng Composite Index,unchanged
1090,Hang Seng Composite Index,Hang Seng Composite Index,unchanged
1091,Hang Seng Composite Index,Hang Seng Composite Index,unchanged
1092,Hang Seng Composite Index,Hang Seng Composite Index,unchanged
1093,Hang Seng Composite Index,Hang Seng Composite Index,unchanged
1094,Hang Seng Composite Index,Hang Seng Composite Index,unchanged
1095,Hang Seng Composite Index,Hang Seng Composite Index,unchanged
1096,Hang Seng Composite Index,Hang Seng Composite Index,unchanged
1097,Hang Seng Composite Index,Hang Seng Composite Index,unchanged
1098,Hang Seng Composite Index,Hang Seng Composite Index,unchanged
1099,Hang Seng Composite Index,Hang Seng Composite Index,unchanged
1100,Hang Seng Composite Index,Hang Seng Composite Index,unchanged
1101,Hang Seng Composite Index,Hang Seng Composite Index,unchanged
1102,Hang Seng Composite Index,Hang Seng Composite Index,unchanged
1103,Hang Seng Composite Index,Hang Seng Composite Index,unchanged
1104,Hang Seng Composite Index,Hang Seng Composite Index,unchanged
1105,Hang Seng Composite Index,Hang Seng Composite Index,unchanged
1106,Hang Seng Composite Index,Hang Seng Composite Index,unchanged
1107,Hang Seng Composite Index,Hang Seng Composite Index,unchanged
1108,Hang Seng Composite Index,Hang Seng Composite Index,unchanged
1109,Hang Seng Composite Index,Hang Seng Composite Index,unchanged
1110,Hang Seng Composite Index,Hang Seng Composite Index,unchanged
1111,Hang Seng Composite Index,Hang Seng Composite Index,unchanged
1112,Hang Seng Composite Index,Hang Seng Composite Index,unchanged
1113,Hang Seng Index,Hang Seng Index,unchanged
1114,Hang Seng Index,Hang Seng Index,unchanged
1115,Hang Seng Index,Hang Seng Index,unchanged
1116,Hang Seng Stock Connect Greater Bay Area Composite Index,Hang Seng Stock Connect Greater Bay Area Composite Index,unchanged
1117,Hang Seng Stock Connect Greater Bay Area Composite Index,Hang Seng Stock Connect Greater Bay Area Composite Index,unchanged
1118,Hang Seng Stock Connect Greater Bay Area Composite Index,Hang Seng Stock Connect Greater Bay Area Composite Index,unchanged
1119,Hang Seng Stock Connect Greater Bay Area Composite Index,Hang Seng Stock Connect Greater Bay Area Composite Index,unchanged
1120,Hang Seng Stock Connect Greater Bay Area Composite Index,Hang Seng Stock Connect Greater Bay Area Composite Index,unchanged
1121,Hang Seng Stock Connect Greater Bay Area Composite Index,Hang Seng Stock Connect Greater Bay Area Composite Index,unchanged
1122,Hang Seng Stock Connect Greater Bay Area Composite Index,Hang Seng Stock Connect Greater Bay Area Composite Index,unchanged
1123,Hang Seng Stock Connect Greater Bay Area Composite Index,Hang Seng Stock Connect Greater Bay Area Composite Index,unchanged
1124,Hang Seng Stock Connect Greater Bay Area Composite Index,Hang Seng Stock Connect Greater Bay Area Composite Index,unchanged
1125,Hang Seng Stock Connect Greater Bay Area Composite Index,Hang Seng Stock Connect Greater Bay Area Composite Index,unchanged
1126,Hang Seng Stock Connect Greater Bay Area Composite Index,Hang Seng Stock Connect Greater Bay Area Composite Index,unchanged
1127,Hang Seng Stock Connect Greater Bay Area Composite Index,Hang Seng Stock Connect Greater Bay Area Composite Index,unchanged
1128,Hang Seng Stock Connect Greater Bay Area Composite Index,Hang Seng Stock Connect Greater Bay Area Composite Index,unchanged
1129,Hang Seng Stock Connect Greater Bay Area Composite Index,Hang Seng Stock Connect Greater Bay Area Composite Index,unchanged
1130,Hang Seng Stock Connect Greater Bay Area Composite Index,Hang Seng Stock Connect Greater Bay Area Composite Index,unchanged
1131,Hang Seng Stock Connect Greater Bay Area Composite Index,Hang Seng Stock Connect Greater Bay Area Composite Index,unchanged
1132,Hang Seng Stock Connect Greater Bay Area Composite Index,Hang Seng Stock Connect Greater Bay Area Composite Index,unchanged
1133,Hang Seng Stock Connect Greater Bay Area Composite Index,Hang Seng Stock Connect Greater Bay Area Composite Index,unchanged
1134,Hang Seng Stock Connect Greater Bay Area Composite Index,Hang Seng Stock Connect Greater Bay Area Composite Index,unchanged
1135,Hang Seng Stock Connect Greater Bay Area Composite Index,Hang Seng Stock Connect Greater Bay Area Composite Index,unchanged
1136,Hang Seng Stock Connect Greater Bay Area Composite Index,Hang Seng Stock Connect Greater Bay Area Composite Index,unchanged
1137,Hang Seng TECH Index,Hang Seng TECH Index,unchanged
1138,Hang Seng TECH Index,Hang Seng TECH Index,unchanged
1139,Hang Seng TECH Index,Hang Seng TECH Index,unchanged
1140,Hang Seng TECH Index,Hang Seng TECH Index,unchanged
1141,Hang Seng TECH Index,Hang Seng TECH Index,unchanged
1142,Hang Seng TECH Index,Hang Seng TECH Index,unchanged
1143,Hang Seng China Enterprises Index,Hang Seng China Enterprises Index,unchanged
1144,Hang Seng China Enterprises Index,Hang Seng China Enterprises Index,unchanged
1145,Hang Seng China Enterprises Index,Hang Seng China Enterprises Index,unchanged
1146,Hang Seng China Enterprises Index,Hang Seng China Enterprises Index,unchanged
1147,Hang Seng China Enterprises Index,Hang Seng China Enterprises Index,unchanged
1148,Hang Seng Composite Index,Hang Seng Composite Index,unchanged
1149,Hang Seng Composite Index,Hang Seng Composite Index,unchanged
1150,Hang Seng Composite Index,Hang Seng Composite Index,unchanged
1151,Hang Seng Composite Index,Hang Seng Composite Index,unchanged
1152,Hang Seng Index,Hang Seng Index,unchanged
1153,Hang Seng Index,Hang Seng Index,unchanged
1154,Hang Seng Index,Hang Seng Index,unchanged
1155,Hang Seng TECH Index,Hang Seng TECH Index,unchanged
1156,Hang Seng TECH Index,Hang Seng TECH Index,unchanged
1157,Hang Seng TECH Index,Hang Seng TECH Index,unchanged
1158,Hang Seng TECH Index,Hang Seng TECH Index,unchanged
1159,Hang Seng TECH Index,Hang Seng TECH Index,unchanged
1160,Hang Seng (China A) Corporate Sustainability Index,Hang Seng (China A) Corporate Sustainability Index,unchanged
1161,Hang Seng (China A) Corporate Sustainability Index,Hang Seng (China A) Corporate Sustainability Index,unchanged
1162,Hang Seng (China A) Corporate Sustainability Index,Hang Seng (China A) Corporate Sustainability Index,unchanged
1163,Hang Seng (China A) Corporate Sustainability Index,Hang Seng (China A) Corporate Sustainability Index,unchanged
1164,Hang Seng (China A) Corporate Sustainability Index,Hang Seng (China A) Corporate Sustainability Index,unchanged
1165,Hang Seng (China A) Corporate Sustainability Index,Hang Seng (China A) Corporate Sustainability Index,unchanged
1166,Hang Seng (China A) Corporate Sustainability Index,Hang Seng (China A) Corporate Sustainability Index,unchanged
1167,Hang Seng (China A) Corporate Sustainability Index,Hang Seng (China A) Corporate Sustainability Index,unchanged
1168,Hang Seng (China A) Corporate Sustainability Index,Hang Seng (China A) Corporate Sustainability Index,unchanged
1169,Hang Seng (China A) Corporate Sustainability Index,Hang Seng (China A) Corporate Sustainability Index,unchanged
1170,Hang Seng (China A) Corporate Sustainability Index,Hang Seng (China A) Corporate Sustainability Index,unchanged
1171,Hang Seng (China A) Corporate Sustainability Index,Hang Seng (China A) Corporate Sustainability Index,unchanged
1172,Hang Seng (China A) Corporate Sustainability Index,Hang Seng (China A) Corporate Sustainability Index,unchanged
1173,Hang Seng (China A) Corporate Sustainability Index,Hang Seng (China A) Corporate Sustainability Index,unchanged
1174,Hang Seng (China A) Corporate Sustainability Index,Hang Seng (China A) Corporate Sustainability Index,unchanged
1175,Hang Seng (China A) Corporate Sustainability Index,Hang Seng (China A) Corporate Sustainability Index,unchanged
1176,Hang Seng China 50 Index,Hang Seng China 50 Index,unchanged
1177,Hang Seng China 50 Index,Hang Seng China 50 Index,unchanged
1178,Hang Seng China 50 Index,Hang Seng China 50 Index,unchanged
1179,Hang Seng China 50 Index,Hang Seng China 50 Index,unchanged
1180,Hang Seng China 50 Index,Hang Seng China 50 Index,unchanged
1181,Hang Seng China 50 Index,Hang Seng China 50 Index,unchanged
1182,Hang Seng China 50 Index,Hang Seng China 50 Index,unchanged
1183,Hang Seng China 50 Index,Hang Seng China 50 Index,unchanged
1184,Hang Seng China 50 Index,Hang Seng China 50 Index,unchanged
1185,Hang Seng China 50 Index,Hang Seng China 50 Index,unchanged
1186,Hang Seng China 50 Index,Hang Seng China 50 Index,unchanged
1187,Hang Seng China 50 Index,Hang Seng China 50 Index,unchanged
1188,Hang Seng China A Industry Top Index,Hang Seng China A Industry Top Index,unchanged
1189,Hang Seng China A Industry Top Index,Hang Seng China A Industry Top Index,unchanged
1190,Hang Seng China A Industry Top Index,Hang Seng China A Industry Top Index,unchanged
1191,Hang Seng China A Industry Top Index,Hang Seng China A Industry Top Index,unchanged
1192,Hang Seng China A Industry Top Index,Hang Seng China A Industry Top Index,unchanged
1193,Hang Seng China A Industry Top Index,Hang Seng China A Industry Top Index,unchanged
1194,Hang Seng China A Industry Top Index,Hang Seng China A Industry Top Index,unchanged
1195,Hang Seng China A Industry Top Index,Hang Seng China A Industry Top Index,unchanged
1196,Hang Seng China A Industry Top Index,Hang Seng China A Industry Top Index,unchanged
1197,Hang Seng China A Industry Top Index,Hang Seng China A Industry Top Index,unchanged
1198,Hang Seng China A Industry Top Index,Hang Seng China A Industry Top Index,unchanged
1199,Hang Seng China A Industry Top Index,Hang Seng China A Industry Top Index,unchanged
1200,Hang Seng China A Industry Top Index,Hang Seng China A Industry Top Index,unchanged
1201,Hang Seng China A Industry Top Index,Hang Seng China A Industry Top Index,unchanged
1202,Hang Seng China A Industry Top Index,Hang Seng China A Industry Top Index,unchanged
1203,Hang Seng China A Industry Top Index,Hang Seng China A Industry Top Index,unchanged
1204,Hang Seng China A Industry Top Index,Hang Seng China A Industry Top Index,unchanged
1205,Hang Seng China A Industry Top Index,Hang Seng China A Industry Top Index,unchanged
1206,Hang Seng China A Industry Top Index,Hang Seng China A Industry Top Index,unchanged
1207,Hang Seng China A Industry Top Index,Hang Seng China A Industry Top Index,unchanged
1208,Hang Seng China A Industry Top Index,Hang Seng China A Industry Top Index,unchanged
1209,Hang Seng China A Top 100 Index,Hang Seng China A Top 100 Index,unchanged
1210,Hang Seng China A Top 100 Index,Hang Seng China A Top 100 Index,unchanged
1211,Hang Seng China A Top 100 Index,Hang Seng China A Top 100 Index,unchanged
1212,Hang Seng China A Top 100 Index,Hang Seng China A Top 100 Index,unchanged
1213,Hang Seng China A Top 100 Index,Hang Seng China A Top 100 Index,unchanged
1214,Hang Seng China A Top 100 Index,Hang Seng China A Top 100 Index,unchanged
1215,Hang Seng China A Top 100 Index,Hang Seng China A Top 100 Index,unchanged
1216,Hang Seng China A Top 100 Index,Hang Seng China A Top 100 Index,unchanged
1217,Hang Seng China A Top 100 Index,Hang Seng China A Top 100 Index,unchanged
1218,Hang Seng China A Top 100 Index,Hang Seng China A Top 100 Index,unchanged
1219,Hang Seng China A Top 100 Index,Hang Seng China A Top 100 Index,unchanged
1220,Hang Seng China A Top 100 Index,Hang Seng China A Top 100 Index,unchanged
1221,Hang Seng China A Top 100 Index,Hang Seng China A Top 100 Index,unchanged
1222,Hang Seng China A Top 100 Index,Hang Seng China A Top 100 Index,unchanged
1223,Hang Seng China A Top 100 Index,Hang Seng China A Top 100 Index,unchanged
1224,Hang Seng China A Top 100 Index,Hang Seng China A Top 100 Index,unchanged
1225,Hang Seng China Enterprises Index,Hang Seng China Enterprises Index,unchanged
1226,Hang Seng China Enterprises Index,Hang Seng China Enterprises Index,unchanged
1227,Hang Seng China Enterprises Index,Hang Seng China Enterprises Index,unchanged
1228,Hang Seng China Enterprises Index,Hang Seng China Enterprises Index,unchanged
1229,Hang Seng Composite Index,Hang Seng Composite Index,unchanged
1230,Hang Seng Composite Index,Hang Seng Composite Index,unchanged
1231,Hang Seng Composite Index,Hang Seng Composite Index,unchanged
1232,Hang Seng Composite Index,Hang Seng Composite Index,unchanged
1233,Hang Seng Composite Index,Hang Seng Composite Index,unchanged
1234,Hang Seng Composite Index,Hang Seng Composite Index,unchanged
1235,Hang Seng Composite Index,Hang Seng Composite Index,unchanged
1236,Hang Seng Composite Index,Hang Seng Composite Index,unchanged
1237,Hang Seng Composite Index,Hang Seng Composite Index,unchanged
1238,Hang Seng Composite Index,Hang Seng Composite Index,unchanged
1239,Hang Seng Composite Index,Hang Seng Composite Index,unchanged
1240,Hang Seng Composite Index,Hang Seng Composite Index,unchanged
1241,Hang Seng Composite Index,Hang Seng Composite Index,unchanged
1242,Hang Seng Composite Index,Hang Seng Composite Index,unchanged
1243,Hang Seng Composite Index,Hang Seng Composite Index,unchanged
1244,Hang Seng Composite Index,Hang Seng Composite Index,unchanged
1245,Hang Seng Composite Index,Hang Seng Composite Index,unchanged
1246,Hang Seng Composite Index,Hang Seng Composite Index,unchanged
1247,Hang Seng Composite Index,Hang Seng Composite Index,unchanged
1248,Hang Seng Composite Index,Hang Seng Composite Index,unchanged
1249,Hang Seng Composite Index,Hang Seng Composite Index,unchanged
1250,Hang Seng Composite Index,Hang Seng Composite Index,unchanged
1251,Hang Seng Composite Index,Hang Seng Composite Index,unchanged
1252,Hang Seng Composite Index,Hang Seng Composite Index,unchanged
1253,Hang Seng Composite Index,Hang Seng Composite Index,unchanged
1254,Hang Seng Composite Index,Hang Seng Composite Index,unchanged
1255,Hang Seng Composite Index,Hang Seng Composite Index,unchanged
1256,Hang Seng Composite Index,Hang Seng Composite Index,unchanged
1257,Hang Seng Composite Index,Hang Seng Composite Index,unchanged
1258,Hang Seng Composite Index,Hang Seng Composite Index,unchanged
1259,Hang Seng Composite Index,Hang Seng Composite Index,unchanged
1260,Hang Seng Composite Index,Hang Seng Composite Index,unchanged
1261,Hang Seng Composite Index,Hang Seng Composite Index,unchanged
1262,Hang Seng Composite Index,Hang Seng Composite Index,unchanged
1263,Hang Seng Composite Index,Hang Seng Composite Index,unchanged
1264,Hang Seng Composite Index,Hang Seng Composite Index,unchanged
1265,Hang Seng Composite Index,Hang Seng Composite Index,unchanged
1266,Hang Seng Composite Index,Hang Seng Composite Index,unchanged
1267,Hang Seng Composite Index,Hang Seng Composite Index,unchanged
1268,Hang Seng Corporate Sustainability Index,Hang Seng Corporate Sustainability Index,unchanged
1269,Hang Seng Corporate Sustainability Index,Hang Seng Corporate Sustainability Index,unchanged
1270,Hang Seng Corporate Sustainability Index,Hang Seng Corporate Sustainability Index,unchanged
1271,Hang Seng Corporate Sustainability Index,Hang Seng Corporate Sustainability Index,unchanged
1272,Hang Seng Corporate Sustainability Index,Hang Seng Corporate Sustainability Index,unchanged
1273,Hang Seng Corporate Sustainability Index,Hang Seng Corporate Sustainability Index,unchanged
1274,Hang Seng Corporate Sustainability Index,Hang Seng Corporate Sustainability Index,unchanged
1275,Hang Seng Corporate Sustainability Index,Hang Seng Corporate Sustainability Index,unchanged
1276,Hang Seng Corporate Sustainability Index,Hang Seng Corporate Sustainability Index,unchanged
1277,Hang Seng Corporate Sustainability Index,Hang Seng Corporate Sustainability Index,unchanged
1278,Hang Seng Corporate Sustainability Index,Hang Seng Corporate Sustainability Index,unchanged
1279,Hang Seng Corporate Sustainability Index,Hang Seng Corporate Sustainability Index,unchanged
1280,Hang Seng Corporate Sustainability Index,Hang Seng Corporate Sustainability Index,unchanged
1281,Hang Seng Corporate Sustainability Index,Hang Seng Corporate Sustainability Index,unchanged
1282,Hang Seng ESG 50 Index,Hang Seng ESG 50 Index,unchanged
1283,Hang Seng ESG 50 Index,Hang Seng ESG 50 Index,unchanged
1284,Hang Seng ESG 50 Index,Hang Seng ESG 50 Index,unchanged
1285,Hang Seng ESG 50 Index,Hang Seng ESG 50 Index,unchanged
1286,Hang Seng ESG 50 Index,Hang Seng ESG 50 Index,unchanged
1287,Hang Seng ESG 50 Index,Hang Seng ESG 50 Index,unchanged
1288,Hang Seng ESG 50 Index,Hang Seng ESG 50 Index,unchanged
1289,Hang Seng ESG 50 Index,Hang Seng ESG 50 Index,unchanged
1290,Hang Seng ESG 50 Index,Hang Seng ESG 50 Index,unchanged
1291,Hang Seng ESG 50 Index,Hang Seng ESG 50 Index,unchanged
1292,Hang Seng ESG 50 Index,Hang Seng ESG 50 Index,unchanged
1293,Hang Seng ESG 50 Index,Hang Seng ESG 50 Index,unchanged
1294,Hang Seng ESG 50 Index,Hang Seng ESG 50 Index,unchanged
1295,Hang Seng ESG 50 Index,Hang Seng ESG 50 Index,unchanged
1296,Hang Seng ESG 50 Index,Hang Seng ESG 50 Index,unchanged
1297,Hang Seng ESG 50 Index,Hang Seng ESG 50 Index,unchanged
1298,Hang Seng ESG 50 Index,Hang Seng ESG 50 Index,unchanged
1299,Hang Seng ESG 50 Index,Hang Seng ESG 50 Index,unchanged
1300,Hang Seng ESG 50 Index,Hang Seng ESG 50 Index,unchanged
1301,Hang Seng ESG 50 Index,Hang Seng ESG 50 Index,unchanged
1302,Hang Seng ESG 50 Index,Hang Seng ESG 50 Index,unchanged
1303,Hang Seng ESG 50 Index,Hang Seng ESG 50 Index,unchanged
1304,Hang Seng Index,Hang Seng Index,unchanged
1305,Hang Seng Index,Hang Seng Index,unchanged
1306,Hang Seng Index,Hang Seng Index,unchanged
1307,Hang Seng Index,Hang Seng Index,unchanged
1308,Hang Seng Stock Connect Greater Bay Area Composite Index,Hang Seng Stock Connect Greater Bay Area Composite Index,unchanged
1309,Hang Seng Stock Connect Greater Bay Area Composite Index,Hang Seng Stock Connect Greater Bay Area Composite Index,unchanged
1310,Hang Seng Stock Connect Greater Bay Area Composite Index,Hang Seng Stock Connect Greater Bay Area Composite Index,unchanged
1311,Hang Seng Stock Connect Greater Bay Area Composite Index,Hang Seng Stock Connect Greater Bay Area Composite Index,unchanged
1312,Hang Seng Stock Connect Greater Bay Area Composite Index,Hang Seng Stock Connect Greater Bay Area Composite Index,unchanged
1313,Hang Seng Stock Connect Greater Bay Area Composite Index,Hang Seng Stock Connect Greater Bay Area Composite Index,unchanged
1314,Hang Seng Stock Connect Greater Bay Area Composite Index,Hang Seng Stock Connect Greater Bay Area Composite Index,unchanged
1315,Hang Seng Stock Connect Greater Bay Area Composite Index,Hang Seng Stock Connect Greater Bay Area Composite Index,unchanged
1316,Hang Seng Stock Connect Greater Bay Area Composite Index,Hang Seng Stock Connect Greater Bay Area Composite Index,unchanged
1317,Hang Seng Stock Connect Greater Bay Area Composite Index,Hang Seng Stock Connect Greater Bay Area Composite Index,unchanged
1318,Hang Seng Stock Connect Greater Bay Area Composite Index,Hang Seng Stock Connect Greater Bay Area Composite Index,unchanged
1319,Hang Seng Stock Connect Greater Bay Area Composite Index,Hang Seng Stock Connect Greater Bay Area Composite Index,unchanged
1320,Hang Seng Stock Connect Greater Bay Area Composite Index,Hang Seng Stock Connect Greater Bay Area Composite Index,unchanged
1321,Hang Seng Stock Connect Greater Bay Area Composite Index,Hang Seng Stock Connect Greater Bay Area Composite Index,unchanged
1322,Hang Seng Stock Connect Greater Bay Area Composite Index,Hang Seng Stock Connect Greater Bay Area Composite Index,unchanged
1323,Hang Seng Stock Connect Greater Bay Area Composite Index,Hang Seng Stock Connect Greater Bay Area Composite Index,unchanged
1324,Hang Seng Stock Connect Greater Bay Area Composite Index,Hang Seng Stock Connect Greater Bay Area Composite Index,unchanged
1325,Hang Seng Stock Connect Greater Bay Area Composite Index,Hang Seng Stock Connect Greater Bay Area Composite Index,unchanged
1326,Hang Seng Stock Connect Greater Bay Area Composite Index,Hang Seng Stock Connect Greater Bay Area Composite Index,unchanged
1327,Hang Seng Stock Connect Greater Bay Area Composite Index,Hang Seng Stock Connect Greater Bay Area Composite Index,unchanged
1328,Hang Seng Stock Connect Greater Bay Area Composite Index,Hang Seng Stock Connect Greater Bay Area Composite Index,unchanged
1329,Hang Seng Stock Connect Greater Bay Area Composite Index,Hang Seng Stock Connect Greater Bay Area Composite Index,unchanged
1330,Hang Seng Stock Connect Greater Bay Area Composite Index,Hang Seng Stock Connect Greater Bay Area Composite Index,unchanged
1331,Hang Seng Stock Connect Greater Bay Area Composite Index,Hang Seng Stock Connect Greater Bay Area Composite Index,unchanged
1332,Hang Seng Stock Connect Greater Bay Area Composite Index,Hang Seng Stock Connect Greater Bay Area Composite Index,unchanged
1333,Hang Seng Stock Connect Greater Bay Area Composite Index,Hang Seng Stock Connect Greater Bay Area Composite Index,unchanged
1334,Hang Seng Stock Connect Greater Bay Area Composite Index,Hang Seng Stock Connect Greater Bay Area Composite Index,unchanged
1335,Hang Seng Stock Connect Greater Bay Area Composite Index,Hang Seng Stock Connect Greater Bay Area Composite Index,unchanged
1336,Hang Seng TECH Index,Hang Seng TECH Index,unchanged
1337,Hang Seng TECH Index,Hang Seng TECH Index,unchanged
1338,Hang Seng China Enterprises Index,Hang Seng China Enterprises Index,unchanged
1339,Hang Seng China Enterprises Index,Hang Seng China Enterprises Index,unchanged
1340,Hang Seng Composite Index,Hang Seng Composite Index,unchanged
1341,Hang Seng Composite Index,Hang Seng Composite Index,unchanged
1342,Hang Seng Composite Index,Hang Seng Composite Index,unchanged
1343,Hang Seng Index,Hang Seng Index,unchanged
1344,Hang Seng Index,Hang Seng Index,unchanged
1345,Hang Seng Index,Hang Seng Index,unchanged
1346,Hang Seng Index,Hang Seng Index,unchanged
1347,Hang Seng China Enterprises Index,Hang Seng China Enterprises Index,unchanged
1348,Hang Seng China Enterprises Index,Hang Seng China Enterprises Index,unchanged
1349,Hang Seng Composite Index,Hang Seng Composite Index,unchanged
1350,Hang Seng Index,Hang Seng Index,unchanged
1351,Hang Seng Index,Hang Seng Index,unchanged
1352,Hang Seng Index,Hang Seng Index,unchanged
1353,Hang Seng Index,Hang Seng Index,unchanged
1354,Hang Seng Index,Hang Seng Index,unchanged
1355,Hang Seng TECH Index,Hang Seng TECH Index,unchanged
1356,Hang Seng TECH Index,Hang Seng TECH Index,unchanged
1357,Hang Seng China Enterprises Index,Hang Seng China Enterprises Index,unchanged
1358,Hang Seng China Enterprises Index,Hang Seng China Enterprises Index,unchanged
1359,Hang Seng China Enterprises Index,Hang Seng China Enterprises Index,unchanged
1360,Hang Seng China Enterprises Index,Hang Seng China Enterprises Index,unchanged
1361,Hang Seng China Enterprises Index,Hang Seng China Enterprises Index,unchanged
1362,Hang Seng China Enterprises Index,Hang Seng China Enterprises Index,unchanged
1363,Hang Seng China Enterprises Index,Hang Seng China Enterprises Index,unchanged
1364,Hang Seng China Enterprises Index,Hang Seng China Enterprises Index,unchanged
1365,Hang Seng Composite Index,Hang Seng Composite Index,unchanged
1366,Hang Seng Composite Index,Hang Seng Composite Index,unchanged
1367,Hang Seng Composite Index,Hang Seng Composite Index,unchanged
1368,Hang Seng Index,Hang Seng Index,unchanged
1369,Hang Seng Index,Hang Seng Index,unchanged
1370,Hang Seng Index,Hang Seng Index,unchanged
1371,Hang Seng Stock Connect China Enterprises Index,Hang Seng Stock Connect China Enterprises Index,unchanged
1372,Hang Seng Stock Connect China Enterprises Index,Hang Seng Stock Connect China Enterprises Index,unchanged
1373,Hang Seng Stock Connect China Enterprises Index,Hang Seng Stock Connect China Enterprises Index,unchanged
1374,Hang Seng Stock Connect China Enterprises Index,Hang Seng Stock Connect China Enterprises Index,unchanged
1375,Hang Seng Stock Connect China Enterprises Index,Hang Seng Stock Connect China Enterprises Index,unchanged
1376,Hang Seng Stock Connect China Enterprises Index,Hang Seng Stock Connect China Enterprises Index,unchanged
1377,Hang Seng Stock Connect China Enterprises Index,Hang Seng Stock Connect China Enterprises Index,unchanged
1378,Hang Seng Stock Connect China Enterprises Index,Hang Seng Stock Connect China Enterprises Index,unchanged
1379,Hang Seng Composite Index,Hang Seng Composite Index,unchanged
1380,Hang Seng Composite Index,Hang Seng Composite Index,unchanged
1381,Hang Seng Hong Kong-Listed Biotech Index,Hang Seng Hong Kong-Listed Biotech Index,unchanged
1382,Hang Seng Hong Kong-Listed Biotech Index,Hang Seng Hong Kong-Listed Biotech Index,unchanged
1383,Hang Seng Hong Kong-Listed Biotech Index,Hang Seng Hong Kong-Listed Biotech Index,unchanged
1384,Hang Seng Hong Kong-Listed Biotech Index,Hang Seng Hong Kong-Listed Biotech Index,unchanged
1385,Hang Seng Index,Hang Seng Index,unchanged
1386,Hang Seng Index,Hang Seng Index,unchanged
1387,Hang Seng China Enterprises Index,Hang Seng China Enterprises Index,unchanged
1388,Hang Seng China Enterprises Index,Hang Seng China Enterprises Index,unchanged
1389,Hang Seng Composite Index,Hang Seng Composite Index,unchanged
1390,Hang Seng Composite Index,Hang Seng Composite Index,unchanged
1391,Hang Seng Composite Index,Hang Seng Composite Index,unchanged
1392,Hang Seng Composite Index,Hang Seng Composite Index,unchanged
1393,Hang Seng Composite Index,Hang Seng Composite Index,unchanged
1394,Hang Seng Composite Index,Hang Seng Composite Index,unchanged
1395,Hang Seng Composite Index,Hang Seng Composite Index,unchanged
1396,Hang Seng Composite Index,Hang Seng Composite Index,unchanged
1397,Hang Seng Composite Index,Hang Seng Composite Index,unchanged
1398,Hang Seng Composite Index,Hang Seng Composite Index,unchanged
1399,Hang Seng Composite Index,Hang Seng Composite Index,unchanged
1400,Hang Seng Composite Index,Hang Seng Composite Index,unchanged
1401,Hang Seng Composite Index,Hang Seng Composite Index,unchanged
1402,Hang Seng Composite Index,Hang Seng Composite Index,unchanged
1403,Hang Seng Composite Index,Hang Seng Composite Index,unchanged
1404,Hang Seng Composite Index,Hang Seng Composite Index,unchanged
1405,Hang Seng Composite Index,Hang Seng Composite Index,unchanged
1406,Hang Seng Composite Index,Hang Seng Composite Index,unchanged
1407,Hang Seng Composite Index,Hang Seng Composite Index,unchanged
1408,Hang Seng Composite Index,Hang Seng Composite Index,unchanged
1409,Hang Seng Composite Index,Hang Seng Composite Index,unchanged
1410,Hang Seng Composite Index,Hang Seng Composite Index,unchanged
1411,Hang Seng Composite Index,Hang Seng Composite Index,unchanged
1412,Hang Seng Composite Index,Hang Seng Composite Index,unchanged
1413,Hang Seng Composite Index,Hang Seng Composite Index,unchanged
1414,Hang Seng Composite Index,Hang Seng Composite Index,unchanged
1415,Hang Seng Composite Index,Hang Seng Composite Index,unchanged
1416,Hang Seng Composite Index,Hang Seng Composite Index,unchanged
1417,Hang Seng Composite Index,Hang Seng Composite Index,unchanged
1418,Hang Seng Composite Index,Hang Seng Composite Index,unchanged
1419,Hang Seng Composite Index,Hang Seng Composite Index,unchanged
1420,Hang Seng Composite Index,Hang Seng Composite Index,unchanged
1421,Hang Seng Hong Kong-Listed Biotech Index,Hang Seng Hong Kong-Listed Biotech Index,unchanged
1422,Hang Seng Hong Kong-Listed Biotech Index,Hang Seng Hong Kong-Listed Biotech Index,unchanged
1423,Hang Seng Hong Kong-Listed Biotech Index,Hang Seng Hong Kong-Listed Biotech Index,unchanged
1424,Hang Seng Hong Kong-Listed Biotech Index,Hang Seng Hong Kong-Listed Biotech Index,unchanged
1425,Hang Seng Stock Connect China Enterprises Index,Hang Seng Stock Connect China Enterprises Index,unchanged
1426,Hang Seng Stock Connect China Enterprises Index,Hang Seng Stock Connect China Enterprises Index,unchanged
1427,Hang Seng Stock Connect China Enterprises Index,Hang Seng Stock Connect China Enterprises Index,unchanged
1428,Hang Seng Stock Connect China Enterprises Index,Hang Seng Stock Connect China Enterprises Index,unchanged
1429,Hang Seng Stock Connect Greater Bay Area Composite Index,Hang Seng Stock Connect Greater Bay Area Composite Index,unchanged
1430,Hang Seng Stock Connect Greater Bay Area Composite Index,Hang Seng Stock Connect Greater Bay Area Composite Index,unchanged
1431,Hang Seng Stock Connect Greater Bay Area Composite Index,Hang Seng Stock Connect Greater Bay Area Composite Index,unchanged
1432,Hang Seng Stock Connect Greater Bay Area Composite Index,Hang Seng Stock Connect Greater Bay Area Composite Index,unchanged
1433,Hang Seng Stock Connect Greater Bay Area Composite Index,Hang Seng Stock Connect Greater Bay Area Composite Index,unchanged
1434,Hang Seng Stock Connect Greater Bay Area Composite Index,Hang Seng Stock Connect Greater Bay Area Composite Index,unchanged
1435,Hang Seng Stock Connect Greater Bay Area Composite Index,Hang Seng Stock Connect Greater Bay Area Composite Index,unchanged
1436,Hang Seng Stock Connect Greater Bay Area Composite Index,Hang Seng Stock Connect Greater Bay Area Composite Index,unchanged
1437,Hang Seng Stock Connect Greater Bay Area Composite Index,Hang Seng Stock Connect Greater Bay Area Composite Index,unchanged
1438,Hang Seng Stock Connect Greater Bay Area Composite Index,Hang Seng Stock Connect Greater Bay Area Composite Index,unchanged
1439,Hang Seng Stock Connect Greater Bay Area Composite Index,Hang Seng Stock Connect Greater Bay Area Composite Index,unchanged
1440,Hang Seng Stock Connect Greater Bay Area Composite Index,Hang Seng Stock Connect Greater Bay Area Composite Index,unchanged
1441,Hang Seng Stock Connect Greater Bay Area Composite Index,Hang Seng Stock Connect Greater Bay Area Composite Index,unchanged
1442,Hang Seng Stock Connect Greater Bay Area Composite Index,Hang Seng Stock Connect Greater Bay Area Composite Index,unchanged
1443,Hang Seng Stock Connect Greater Bay Area Composite Index,Hang Seng Stock Connect Greater Bay Area Composite Index,unchanged
1444,Hang Seng Stock Connect Greater Bay Area Composite Index,Hang Seng Stock Connect Greater Bay Area Composite Index,unchanged
1445,Hang Seng Stock Connect Greater Bay Area Composite Index,Hang Seng Stock Connect Greater Bay Area Composite Index,unchanged
1446,Hang Seng Stock Connect Greater Bay Area Composite Index,Hang Seng Stock Connect Greater Bay Area Composite Index,unchanged
1447,Hang Seng TECH Index,Hang Seng TECH Index,unchanged
1448,Hang Seng TECH Index,Hang Seng TECH Index,unchanged
1449,Hang Seng China Enterprises Index,Hang Seng China Enterprises Index,unchanged
1450,Hang Seng China Enterprises Index,Hang Seng China Enterprises Index,unchanged
1451,Hang Seng Composite Index,Hang Seng Composite Index,unchanged
1452,Hang Seng Hong Kong-Listed Biotech Index,Hang Seng Hong Kong-Listed Biotech Index,unchanged
1453,Hang Seng Hong Kong-Listed Biotech Index,Hang Seng Hong Kong-Listed Biotech Index,unchanged
1454,Hang Seng Hong Kong-Listed Biotech Index,Hang Seng Hong Kong-Listed Biotech Index,unchanged
1455,Hang Seng Hong Kong-Listed Biotech Index,Hang Seng Hong Kong-Listed Biotech Index,unchanged
1456,Hang Seng Hong Kong-Listed Biotech Index,Hang Seng Hong Kong-Listed Biotech Index,unchanged
1457,Hang Seng Hong Kong-Listed Biotech Index,Hang Seng Hong Kong-Listed Biotech Index,unchanged
1458,Hang Seng Index,Hang Seng Index,unchanged
1459,Hang Seng Index,Hang Seng Index,unchanged
1460,Hang Seng Stock Connect China Enterprises Index,Hang Seng Stock Connect China Enterprises Index,unchanged
1461,Hang Seng Stock Connect China Enterprises Index,Hang Seng Stock Connect China Enterprises Index,unchanged
1462,Hang Seng Stock Connect China Enterprises Index,Hang Seng Stock Connect China Enterprises Index,unchanged
1463,Hang Seng Stock Connect China Enterprises Index,Hang Seng Stock Connect China Enterprises Index,unchanged
1464,Hang Seng Stock Connect China Enterprises Index,Hang Seng Stock Connect China Enterprises Index,unchanged
1465,Hang Seng Stock Connect China Enterprises Index,Hang Seng Stock Connect China Enterprises Index,unchanged
1532,Hang Seng (China A) Corporate Sustainability Benchmark Index,Hang Seng (China A) Corporate Sustainability Benchmark Index,unchanged
1533,Hang Seng (China A) Corporate Sustainability Benchmark Index,Hang Seng (China A) Corporate Sustainability Benchmark Index,unchanged
1534,Hang Seng (China A) Corporate Sustainability Benchmark Index,Hang Seng (China A) Corporate Sustainability Benchmark Index,unchanged
1535,Hang Seng (China A) Corporate Sustainability Benchmark Index,Hang Seng (China A) Corporate Sustainability Benchmark Index,unchanged
1536,Hang Seng (China A) Corporate Sustainability Benchmark Index,Hang Seng (China A) Corporate Sustainability Benchmark Index,unchanged
1537,Hang Seng (China A) Corporate Sustainability Benchmark Index,Hang Seng (China A) Corporate Sustainability Benchmark Index,unchanged
1538,Hang Seng (China A) Corporate Sustainability Benchmark Index,Hang Seng (China A) Corporate Sustainability Benchmark Index,unchanged
1539,Hang Seng (China A) Corporate Sustainability Benchmark Index,Hang Seng (China A) Corporate Sustainability Benchmark Index,unchanged
1540,Hang Seng (China A) Corporate Sustainability Benchmark Index,Hang Seng (China A) Corporate Sustainability Benchmark Index,unchanged
1541,Hang Seng (China A) Corporate Sustainability Benchmark Index,Hang Seng (China A) Corporate Sustainability Benchmark Index,unchanged
1542,Hang Seng (China A) Corporate Sustainability Benchmark Index,Hang Seng (China A) Corporate Sustainability Benchmark Index,unchanged
1543,Hang Seng (China A) Corporate Sustainability Benchmark Index,Hang Seng (China A) Corporate Sustainability Benchmark Index,unchanged
1544,Hang Seng (China A) Corporate Sustainability Benchmark Index,Hang Seng (China A) Corporate Sustainability Benchmark Index,unchanged
1545,Hang Seng (China A) Corporate Sustainability Benchmark Index,Hang Seng (China A) Corporate Sustainability Benchmark Index,unchanged
1546,Hang Seng (China A) Corporate Sustainability Benchmark Index,Hang Seng (China A) Corporate Sustainability Benchmark Index,unchanged
1547,Hang Seng (China A) Corporate Sustainability Benchmark Index,Hang Seng (China A) Corporate Sustainability Benchmark Index,unchanged
1548,Hang Seng (China A) Corporate Sustainability Benchmark Index,Hang Seng (China A) Corporate Sustainability Benchmark Index,unchanged
1549,Hang Seng (China A) Corporate Sustainability Benchmark Index,Hang Seng (China A) Corporate Sustainability Benchmark Index,unchanged
1550,Hang Seng (China A) Corporate Sustainability Benchmark Index,Hang Seng (China A) Corporate Sustainability Benchmark Index,unchanged
1551,Hang Seng (China A) Corporate Sustainability Benchmark Index,Hang Seng (China A) Corporate Sustainability Benchmark Index,unchanged
1552,Hang Seng (China A) Corporate Sustainability Benchmark Index,Hang Seng (China A) Corporate Sustainability Benchmark Index,unchanged
1553,Hang Seng (China A) Corporate Sustainability Benchmark Index,Hang Seng (China A) Corporate Sustainability Benchmark Index,unchanged
1554,Hang Seng (China A) Corporate Sustainability Benchmark Index,Hang Seng (China A) Corporate Sustainability Benchmark Index,unchanged
1555,Hang Seng (China A) Corporate Sustainability Benchmark Index,Hang Seng (China A) Corporate Sustainability Benchmark Index,unchanged
1556,Hang Seng (China A) Corporate Sustainability Benchmark Index,Hang Seng (China A) Corporate Sustainability Benchmark Index,unchanged
1557,Hang Seng (China A) Corporate Sustainability Benchmark Index,Hang Seng (China A) Corporate Sustainability Benchmark Index,unchanged
1558,Hang Seng (China A) Corporate Sustainability Benchmark Index,Hang Seng (China A) Corporate Sustainability Benchmark Index,unchanged
1559,Hang Seng (China A) Corporate Sustainability Benchmark Index,Hang Seng (China A) Corporate Sustainability Benchmark Index,unchanged
1560,Hang Seng (China A) Corporate Sustainability Benchmark Index,Hang Seng (China A) Corporate Sustainability Benchmark Index,unchanged
1561,Hang Seng (China A) Corporate Sustainability Benchmark Index,Hang Seng (China A) Corporate Sustainability Benchmark Index,unchanged
1562,Hang Seng (China A) Corporate Sustainability Benchmark Index,Hang Seng (China A) Corporate Sustainability Benchmark Index,unchanged
1563,Hang Seng (China A) Corporate Sustainability Benchmark Index,Hang Seng (China A) Corporate Sustainability Benchmark Index,unchanged
1564,Hang Seng (China A) Corporate Sustainability Benchmark Index,Hang Seng (China A) Corporate Sustainability Benchmark Index,unchanged
1565,Hang Seng (China A) Corporate Sustainability Benchmark Index,Hang Seng (China A) Corporate Sustainability Benchmark Index,unchanged
1566,Hang Seng (China A) Corporate Sustainability Index,Hang Seng (China A) Corporate Sustainability Index,unchanged
1567,Hang Seng (China A) Corporate Sustainability Index,Hang Seng (China A) Corporate Sustainability Index,unchanged
1568,Hang Seng (China A) Corporate Sustainability Index,Hang Seng (China A) Corporate Sustainability Index,unchanged
1569,Hang Seng (China A) Corporate Sustainability Index,Hang Seng (China A) Corporate Sustainability Index,unchanged
1570,Hang Seng (China A) Corporate Sustainability Index,Hang Seng (China A) Corporate Sustainability Index,unchanged
1571,Hang Seng (China A) Corporate Sustainability Index,Hang Seng (China A) Corporate Sustainability Index,unchanged
1572,Hang Seng (China A) Corporate Sustainability Index,Hang Seng (China A) Corporate Sustainability Index,unchanged
1573,Hang Seng (China A) Corporate Sustainability Index,Hang Seng (China A) Corporate Sustainability Index,unchanged
1574,Hang Seng (China A) Corporate Sustainability Index,Hang Seng (China A) Corporate Sustainability Index,unchanged
1575,Hang Seng (China A) Corporate Sustainability Index,Hang Seng (China A) Corporate Sustainability Index,unchanged
1576,Hang Seng (China A) Corporate Sustainability Index,Hang Seng (China A) Corporate Sustainability Index,unchanged
1577,Hang Seng (China A) Corporate Sustainability Index,Hang Seng (China A) Corporate Sustainability Index,unchanged
1578,Hang Seng China A Industry Top Index,Hang Seng China A Industry Top Index,unchanged
1579,Hang Seng China A Industry Top Index,Hang Seng China A Industry Top Index,unchanged
1580,Hang Seng China A Industry Top Index,Hang Seng China A Industry Top Index,unchanged
1581,Hang Seng China A Industry Top Index,Hang Seng China A Industry Top Index,unchanged
1582,Hang Seng China A Industry Top Index,Hang Seng China A Industry Top Index,unchanged
1583,Hang Seng China A Industry Top Index,Hang Seng China A Industry Top Index,unchanged
1584,Hang Seng China A Industry Top Index,Hang Seng China A Industry Top Index,unchanged
1585,Hang Seng China A Industry Top Index,Hang Seng China A Industry Top Index,unchanged
1586,Hang Seng China A Industry Top Index,Hang Seng China A Industry Top Index,unchanged
1587,Hang Seng China A Industry Top Index,Hang Seng China A Industry Top Index,unchanged
1588,Hang Seng China A Industry Top Index,Hang Seng China A Industry Top Index,unchanged
1589,Hang Seng China A Industry Top Index,Hang Seng China A Industry Top Index,unchanged
1590,Hang Seng China Enterprises Index,Hang Seng China Enterprises Index,unchanged
1591,Hang Seng China Enterprises Index,Hang Seng China Enterprises Index,unchanged
1592,Hang Seng China Enterprises Index,Hang Seng China Enterprises Index,unchanged
1593,Hang Seng China Enterprises Index,Hang Seng China Enterprises Index,unchanged
1594,Hang Seng Composite Index,Hang Seng Composite Index,unchanged
1595,Hang Seng Composite Index,Hang Seng Composite Index,unchanged
1596,Hang Seng Composite Index,Hang Seng Composite Index,unchanged
1597,Hang Seng Composite Index,Hang Seng Composite Index,unchanged
1598,Hang Seng Composite Index,Hang Seng Composite Index,unchanged
1599,Hang Seng Composite Index,Hang Seng Composite Index,unchanged
1600,Hang Seng Composite Index,Hang Seng Composite Index,unchanged
1601,Hang Seng Composite Index,Hang Seng Composite Index,unchanged
1602,Hang Seng Composite Index,Hang Seng Composite Index,unchanged
1603,Hang Seng Composite Index,Hang Seng Composite Index,unchanged
1604,Hang Seng Composite Index,Hang Seng Composite Index,unchanged
1605,Hang Seng Composite Index,Hang Seng Composite Index,unchanged
1606,Hang Seng Composite Index,Hang Seng Composite Index,unchanged
1607,Hang Seng Composite Index,Hang Seng Composite Index,unchanged
1608,Hang Seng Composite Index,Hang Seng Composite Index,unchanged
1609,Hang Seng Composite Index,Hang Seng Composite Index,unchanged
1610,Hang Seng Composite Index,Hang Seng Composite Index,unchanged
1611,Hang Seng Composite Index,Hang Seng Composite Index,unchanged
1612,Hang Seng Composite Index,Hang Seng Composite Index,unchanged
1613,Hang Seng Composite Index,Hang Seng Composite Index,unchanged
1614,Hang Seng Composite Index,Hang Seng Composite Index,unchanged
1615,Hang Seng Composite Index,Hang Seng Composite Index,unchanged
1616,Hang Seng Composite Index,Hang Seng Composite Index,unchanged
1617,Hang Seng Composite Index,Hang Seng Composite Index,unchanged
1618,Hang Seng Composite Index,Hang Seng Composite Index,unchanged
1619,Hang Seng Composite Index,Hang Seng Composite Index,unchanged
1620,Hang Seng Composite Index,Hang Seng Composite Index,unchanged
1621,Hang Seng Composite Index,Hang Seng Composite Index,unchanged
1622,Hang Seng Composite Index,Hang Seng Composite Index,unchanged
1623,Hang Seng Composite Index,Hang Seng Composite Index,unchanged
1624,Hang Seng Composite Index,Hang Seng Composite Index,unchanged
1625,Hang Seng Composite Index,Hang Seng Composite Index,unchanged
1626,Hang Seng Composite Index,Hang Seng Composite Index,unchanged
1627,Hang Seng Composite Index,Hang Seng Composite Index,unchanged
1628,Hang Seng Composite Index,Hang Seng Composite Index,unchanged
1629,Hang Seng Composite Index,Hang Seng Composite Index,unchanged
1630,Hang Seng Composite Index,Hang Seng Composite Index,unchanged
1631,Hang Seng Composite Index,Hang Seng Composite Index,unchanged
1632,Hang Seng Composite Index,Hang Seng Composite Index,unchanged
1633,Hang Seng Composite Index,Hang Seng Composite Index,unchanged
1634,Hang Seng Composite Index,Hang Seng Composite Index,unchanged
1635,Hang Seng Composite Index,Hang Seng Composite Index,unchanged
1636,Hang Seng Composite Index,Hang Seng Composite Index,unchanged
1637,Hang Seng Composite Index,Hang Seng Composite Index,unchanged
1638,Hang Seng Composite Index,Hang Seng Composite Index,unchanged
1639,Hang Seng Composite Index,Hang Seng Composite Index,unchanged
1640,Hang Seng Composite Index,Hang Seng Composite Index,unchanged
1641,Hang Seng Composite Index,Hang Seng Composite Index,unchanged
1642,Hang Seng Composite Index,Hang Seng Composite Index,unchanged
1643,Hang Seng Composite Index,Hang Seng Composite Index,unchanged
1644,Hang Seng Composite Index,Hang Seng Composite Index,unchanged
1645,Hang Seng Composite Index,Hang Seng Composite Index,unchanged
1646,Hang Seng Composite Index,Hang Seng Composite Index,unchanged
1647,Hang Seng Composite Index,Hang Seng Composite Index,unchanged
1648,Hang Seng Composite Index,Hang Seng Composite Index,unchanged
1649,Hang Seng Composite Index,Hang Seng Composite Index,unchanged
1650,Hang Seng Composite Index,Hang Seng Composite Index,unchanged
1651,Hang Seng Composite Index,Hang Seng Composite Index,unchanged
1652,Hang Seng Composite Index,Hang Seng Composite Index,unchanged
1653,Hang Seng Composite Index,Hang Seng Composite Index,unchanged
1654,Hang Seng Composite Index,Hang Seng Composite Index,unchanged
1655,Hang Seng Composite Index,Hang Seng Composite Index,unchanged
1656,Hang Seng Composite Index,Hang Seng Composite Index,unchanged
1657,Hang Seng Composite Index,Hang Seng Composite Index,unchanged
1658,Hang Seng Composite Index,Hang Seng Composite Index,unchanged
1659,Hang Seng Composite Index,Hang Seng Composite Index,unchanged
1660,Hang Seng Composite Index,Hang Seng Composite Index,unchanged
1661,Hang Seng Corporate Sustainability Benchmark Index,Hang Seng Corporate Sustainability Benchmark Index,unchanged
1662,Hang Seng Corporate Sustainability Benchmark Index,Hang Seng Corporate Sustainability Benchmark Index,unchanged
1663,Hang Seng Corporate Sustainability Benchmark Index,Hang Seng Corporate Sustainability Benchmark Index,unchanged
1664,Hang Seng Corporate Sustainability Benchmark Index,Hang Seng Corporate Sustainability Benchmark Index,unchanged
1665,Hang Seng Corporate Sustainability Benchmark Index,Hang Seng Corporate Sustainability Benchmark Index,unchanged
1666,Hang Seng Corporate Sustainability Benchmark Index,Hang Seng Corporate Sustainability Benchmark Index,unchanged
1667,Hang Seng Corporate Sustainability Benchmark Index,Hang Seng Corporate Sustainability Benchmark Index,unchanged
1668,Hang Seng Corporate Sustainability Benchmark Index,Hang Seng Corporate Sustainability Benchmark Index,unchanged
1669,Hang Seng Corporate Sustainability Benchmark Index,Hang Seng Corporate Sustainability Benchmark Index,unchanged
1670,Hang Seng Corporate Sustainability Benchmark Index,Hang Seng Corporate Sustainability Benchmark Index,unchanged
1671,Hang Seng Corporate Sustainability Benchmark Index,Hang Seng Corporate Sustainability Benchmark Index,unchanged
1672,Hang Seng Corporate Sustainability Benchmark Index,Hang Seng Corporate Sustainability Benchmark Index,unchanged
1673,Hang Seng Corporate Sustainability Benchmark Index,Hang Seng Corporate Sustainability Benchmark Index,unchanged
1674,Hang Seng Corporate Sustainability Benchmark Index,Hang Seng Corporate Sustainability Benchmark Index,unchanged
1675,Hang Seng Corporate Sustainability Benchmark Index,Hang Seng Corporate Sustainability Benchmark Index,unchanged
1676,Hang Seng Corporate Sustainability Benchmark Index,Hang Seng Corporate Sustainability Benchmark Index,unchanged
1677,Hang Seng Corporate Sustainability Benchmark Index,Hang Seng Corporate Sustainability Benchmark Index,unchanged
1678,Hang Seng Corporate Sustainability Benchmark Index,Hang Seng Corporate Sustainability Benchmark Index,unchanged
1679,Hang Seng Corporate Sustainability Benchmark Index,Hang Seng Corporate Sustainability Benchmark Index,unchanged
1680,Hang Seng Corporate Sustainability Benchmark Index,Hang Seng Corporate Sustainability Benchmark Index,unchanged
1681,Hang Seng Corporate Sustainability Index,Hang Seng Corporate Sustainability Index,unchanged
1682,Hang Seng Corporate Sustainability Index,Hang Seng Corporate Sustainability Index,unchanged
1683,Hang Seng Corporate Sustainability Index,Hang Seng Corporate Sustainability Index,unchanged
1684,Hang Seng Corporate Sustainability Index,Hang Seng Corporate Sustainability Index,unchanged
1685,Hang Seng Corporate Sustainability Index,Hang Seng Corporate Sustainability Index,unchanged
1686,Hang Seng Corporate Sustainability Index,Hang Seng Corporate Sustainability Index,unchanged
1687,Hang Seng ESG 50 Index,Hang Seng ESG 50 Index,unchanged
1688,Hang Seng ESG 50 Index,Hang Seng ESG 50 Index,unchanged
1689,Hang Seng ESG 50 Index,Hang Seng ESG 50 Index,unchanged
1690,Hang Seng ESG 50 Index,Hang Seng ESG 50 Index,unchanged
1691,Hang Seng ESG 50 Index,Hang Seng ESG 50 Index,unchanged
1692,Hang Seng ESG 50 Index,Hang Seng ESG 50 Index,unchanged
1693,Hang Seng ESG 50 Index,Hang Seng ESG 50 Index,unchanged
1694,Hang Seng ESG 50 Index,Hang Seng ESG 50 Index,unchanged
1695,Hang Seng ESG 50 Index,Hang Seng ESG 50 Index,unchanged
1696,Hang Seng ESG 50 Index,Hang Seng ESG 50 Index,unchanged
1697,Hang Seng ESG 50 Index,Hang Seng ESG 50 Index,unchanged
1698,Hang Seng ESG 50 Index,Hang Seng ESG 50 Index,unchanged
1699,Hang Seng Hong Kong-Listed Biotech Index,Hang Seng Hong Kong-Listed Biotech Index,unchanged
1700,Hang Seng Hong Kong-Listed Biotech Index,Hang Seng Hong Kong-Listed Biotech Index,unchanged
1701,Hang Seng Stock Connect China Enterprises Index,Hang Seng Stock Connect China Enterprises Index,unchanged
1702,Hang Seng Stock Connect China Enterprises Index,Hang Seng Stock Connect China Enterprises Index,unchanged
1703,Hang Seng Stock Connect China Enterprises Index,Hang Seng Stock Connect China Enterprises Index,unchanged
1704,Hang Seng Stock Connect China Enterprises Index,Hang Seng Stock Connect China Enterprises Index,unchanged
1705,Hang Seng Stock Connect China Enterprises Index,Hang Seng Stock Connect China Enterprises Index,unchanged
1706,Hang Seng Stock Connect China Enterprises Index,Hang Seng Stock Connect China Enterprises Index,unchanged
1707,Hang Seng Stock Connect Greater Bay Area Composite Index,Hang Seng Stock Connect Greater Bay Area Composite Index,unchanged
1708,Hang Seng Stock Connect Greater Bay Area Composite Index,Hang Seng Stock Connect Greater Bay Area Composite Index,unchanged
1709,Hang Seng Stock Connect Greater Bay Area Composite Index,Hang Seng Stock Connect Greater Bay Area Composite Index,unchanged
1710,Hang Seng Stock Connect Greater Bay Area Composite Index,Hang Seng Stock Connect Greater Bay Area Composite Index,unchanged
1711,Hang Seng Stock Connect Greater Bay Area Composite Index,Hang Seng Stock Connect Greater Bay Area Composite Index,unchanged
1712,Hang Seng Stock Connect Greater Bay Area Composite Index,Hang Seng Stock Connect Greater Bay Area Composite Index,unchanged
1713,Hang Seng Stock Connect Greater Bay Area Composite Index,Hang Seng Stock Connect Greater Bay Area Composite Index,unchanged
1714,Hang Seng Stock Connect Greater Bay Area Composite Index,Hang Seng Stock Connect Greater Bay Area Composite Index,unchanged
1715,Hang Seng Stock Connect Greater Bay Area Composite Index,Hang Seng Stock Connect Greater Bay Area Composite Index,unchanged
1716,Hang Seng Stock Connect Greater Bay Area Composite Index,Hang Seng Stock Connect Greater Bay Area Composite Index,unchanged
1717,Hang Seng Stock Connect Greater Bay Area Composite Index,Hang Seng Stock Connect Greater Bay Area Composite Index,unchanged
1718,Hang Seng Stock Connect Greater Bay Area Composite Index,Hang Seng Stock Connect Greater Bay Area Composite Index,unchanged
1719,Hang Seng Stock Connect Greater Bay Area Composite Index,Hang Seng Stock Connect Greater Bay Area Composite Index,unchanged
1720,Hang Seng Stock Connect Greater Bay Area Composite Index,Hang Seng Stock Connect Greater Bay Area Composite Index,unchanged
1721,Hang Seng Stock Connect Greater Bay Area Composite Index,Hang Seng Stock Connect Greater Bay Area Composite Index,unchanged
1722,Hang Seng Stock Connect Greater Bay Area Composite Index,Hang Seng Stock Connect Greater Bay Area Composite Index,unchanged
1723,Hang Seng Stock Connect Greater Bay Area Composite Index,Hang Seng Stock Connect Greater Bay Area Composite Index,unchanged
1724,Hang Seng Stock Connect Greater Bay Area Composite Index,Hang Seng Stock Connect Greater Bay Area Composite Index,unchanged
1725,Hang Seng Stock Connect Greater Bay Area Composite Index,Hang Seng Stock Connect Greater Bay Area Composite Index,unchanged
1726,Hang Seng Stock Connect Greater Bay Area Composite Index,Hang Seng Stock Connect Greater Bay Area Composite Index,unchanged
1727,Hang Seng Stock Connect Greater Bay Area Composite Index,Hang Seng Stock Connect Greater Bay Area Composite Index,unchanged
1728,Hang Seng Stock Connect Greater Bay Area Composite Index,Hang Seng Stock Connect Greater Bay Area Composite Index,unchanged
1729,Hang Seng Stock Connect Greater Bay Area Composite Index,Hang Seng Stock Connect Greater Bay Area Composite Index,unchanged
1730,Hang Seng Stock Connect Greater Bay Area Composite Index,Hang Seng Stock Connect Greater Bay Area Composite Index,unchanged
1731,Hang Seng Stock Connect Greater Bay Area Composite Index,Hang Seng Stock Connect Greater Bay Area Composite Index,unchanged
1732,Hang Seng Stock Connect Greater Bay Area Composite Index,Hang Seng Stock Connect Greater Bay Area Composite Index,unchanged
1733,Hang Seng Stock Connect Greater Bay Area Composite Index,Hang Seng Stock Connect Greater Bay Area Composite Index,unchanged
1734,Hang Seng Stock Connect Greater Bay Area Composite Index,Hang Seng Stock Connect Greater Bay Area Composite Index,unchanged
1735,Hang Seng Stock Connect Greater Bay Area Composite Index,Hang Seng Stock Connect Greater Bay Area Composite Index,unchanged
1736,Hang Seng Stock Connect Greater Bay Area Composite Index,Hang Seng Stock Connect Greater Bay Area Composite Index,unchanged
1737,Hang Seng Stock Connect Greater Bay Area Composite Index,Hang Seng Stock Connect Greater Bay Area Composite Index,unchanged
1738,Hang Seng Stock Connect Greater Bay Area Composite Index,Hang Seng Stock Connect Greater Bay Area Composite Index,unchanged
1739,Hang Seng TECH Index,Hang Seng TECH Index,unchanged
1740,Hang Seng TECH Index,Hang Seng TECH Index,unchanged
1741,Hang Seng China Enterprises Index,Hang Seng China Enterprises Index,unchanged
1742,Hang Seng China Enterprises Index,Hang Seng China Enterprises Index,unchanged
1743,Hang Seng Composite Index,Hang Seng Composite Index,unchanged
1744,Hang Seng Composite Index,Hang Seng Composite Index,unchanged
1745,Hang Seng Hong Kong-Listed Biotech Index,Hang Seng Hong Kong-Listed Biotech Index,unchanged
1746,Hang Seng Hong Kong-Listed Biotech Index,Hang Seng Hong Kong-Listed Biotech Index,unchanged
1747,Hang Seng Hong Kong-Listed Biotech Index,Hang Seng Hong Kong-Listed Biotech Index,unchanged
1748,Hang Seng Hong Kong-Listed Biotech Index,Hang Seng Hong Kong-Listed Biotech Index,unchanged
1749,Hang Seng Hong Kong-Listed Biotech Index,Hang Seng Hong Kong-Listed Biotech Index,unchanged
1750,Hang Seng Hong Kong-Listed Biotech Index,Hang Seng Hong Kong-Listed Biotech Index,unchanged
1751,Hang Seng Index,Hang Seng Index,unchanged
1752,Hang Seng Index,Hang Seng Index,unchanged
1753,Hang Seng Index,Hang Seng Index,unchanged
1754,Hang Seng TECH Index,Hang Seng TECH Index,unchanged
1755,Hang Seng TECH Index,Hang Seng TECH Index,unchanged
1756,Hang Seng Biotech Index,Hang Seng Biotech Index,unchanged
1757,Hang Seng Biotech Index,Hang Seng Biotech Index,unchanged
1758,Hang Seng China Enterprises Index,Hang Seng China Enterprises Index,unchanged
1759,Hang Seng China Enterprises Index,Hang Seng China Enterprises Index,unchanged
1760,Hang Seng China Enterprises Index,Hang Seng China Enterprises Index,unchanged
1761,Hang Seng China Enterprises Index,Hang Seng China Enterprises Index,unchanged
1762,Hang Seng Composite Index,Hang Seng Composite Index,unchanged
1763,Hang Seng Composite Index,Hang Seng Composite Index,unchanged
1764,Hang Seng Composite Index,Hang Seng Composite Index,unchanged
1765,Hang Seng Composite Index,Hang Seng Composite Index,unchanged
1766,Hang Seng Composite Index,Hang Seng Composite Index,unchanged
1767,Hang Seng Composite Index,Hang Seng Composite Index,unchanged
1768,Hang Seng Composite Index,Hang Seng Composite Index,unchanged
1769,Hang Seng Composite Index,Hang Seng Composite Index,unchanged
1770,Hang Seng Composite Index,Hang Seng Composite Index,unchanged
1771,Hang Seng Composite Index,Hang Seng Composite Index,unchanged
1772,Hang Seng Composite Index,Hang Seng Composite Index,unchanged
1773,Hang Seng Composite Index,Hang Seng Composite Index,unchanged
1774,Hang Seng Composite Index,Hang Seng Composite Index,unchanged
1775,Hang Seng Composite Index,Hang Seng Composite Index,unchanged
1776,Hang Seng Composite Index,Hang Seng Composite Index,unchanged
1777,Hang Seng Composite Index,Hang Seng Composite Index,unchanged
1778,Hang Seng Composite Index,Hang Seng Composite Index,unchanged
1779,Hang Seng Composite Index,Hang Seng Composite Index,unchanged
1780,Hang Seng Composite Index,Hang Seng Composite Index,unchanged
1781,Hang Seng Composite Index,Hang Seng Composite Index,unchanged
1782,Hang Seng Composite Index,Hang Seng Composite Index,unchanged
1783,Hang Seng Composite Index,Hang Seng Composite Index,unchanged
1784,Hang Seng Composite Index,Hang Seng Composite Index,unchanged
1785,Hang Seng Composite Index,Hang Seng Composite Index,unchanged
1786,Hang Seng Composite Index,Hang Seng Composite Index,unchanged
1787,Hang Seng Composite Index,Hang Seng Composite Index,unchanged
1788,Hang Seng Composite Index,Hang Seng Composite Index,unchanged
1789,Hang Seng Composite Index,Hang Seng Composite Index,unchanged
1790,Hang Seng Composite Index,Hang Seng Composite Index,unchanged
1791,Hang Seng Composite Index,Hang Seng Composite Index,unchanged
1792,Hang Seng Composite Index,Hang Seng Composite Index,unchanged
1793,Hang Seng Composite Index,Hang Seng Composite Index,unchanged
1794,Hang Seng Composite Index,Hang Seng Composite Index,unchanged
1795,Hang Seng Composite Index,Hang Seng Composite Index,unchanged
1796,Hang Seng Composite Index,Hang Seng Composite Index,unchanged
1797,Hang Seng Composite Index,Hang Seng Composite Index,unchanged
1798,Hang Seng Composite Index,Hang Seng Composite Index,unchanged
1799,Hang Seng Composite Index,Hang Seng Composite Index,unchanged
1800,Hang Seng Composite Index,Hang Seng Composite Index,unchanged
1801,Hang Seng Composite Index,Hang Seng Composite Index,unchanged
1802,Hang Seng Composite Index,Hang Seng Composite Index,unchanged
1803,Hang Seng Composite Index,Hang Seng Composite Index,unchanged
1804,Hang Seng Composite Index,Hang Seng Composite Index,unchanged
1805,Hang Seng Composite Index,Hang Seng Composite Index,unchanged
1806,Hang Seng Composite Index,Hang Seng Composite Index,unchanged
1807,Hang Seng Composite Index,Hang Seng Composite Index,unchanged
1808,Hang Seng Composite Index,Hang Seng Composite Index,unchanged
1809,Hang Seng Composite Index,Hang Seng Composite Index,unchanged
1810,Hang Seng Composite Index,Hang Seng Composite Index,unchanged
1811,Hang Seng Composite Index,Hang Seng Composite Index,unchanged
1812,Hang Seng Composite Index,Hang Seng Composite Index,unchanged
1813,Hang Seng Composite Index,Hang Seng Composite Index,unchanged
1814,Hang Seng Composite Index,Hang Seng Composite Index,unchanged
1815,Hang Seng Composite Index,Hang Seng Composite Index,unchanged
1816,Hang Seng Composite Index,Hang Seng Composite Index,unchanged
1817,Hang Seng Composite Index,Hang Seng Composite Index,unchanged
1818,Hang Seng Composite Index,Hang Seng Composite Index,unchanged
1819,Hang Seng Composite Index,Hang Seng Composite Index,unchanged
1820,Hang Seng Composite Index,Hang Seng Composite Index,unchanged
1821,Hang Seng Composite Index,Hang Seng Composite Index,unchanged
1822,Hang Seng Composite Index,Hang Seng Composite Index,unchanged
1823,Hang Seng Composite Index,Hang Seng Composite Index,unchanged
1824,Hang Seng Composite Index,Hang Seng Composite Index,unchanged
1825,Hang Seng Composite Index,Hang Seng Composite Index,unchanged
1826,Hang Seng Composite Index,Hang Seng Composite Index,unchanged
1827,Hang Seng Composite Index,Hang Seng Composite Index,unchanged
1828,Hang Seng Composite Index,Hang Seng Composite Index,unchanged
1829,Hang Seng Composite Index,Hang Seng Composite Index,unchanged
1830,Hang Seng Composite Index,Hang Seng Composite Index,unchanged
1831,Hang Seng Composite Index,Hang Seng Composite Index,unchanged
1832,Hang Seng TECH Index,Hang Seng TECH Index,unchanged
1833,Hang Seng TECH Index,Hang Seng TECH Index,unchanged
1834,Hang Seng TECH Index,Hang Seng TECH Index,unchanged
1835,Hang Seng TECH Index,Hang Seng TECH Index,unchanged
1836,Hang Seng Biotech Index,Hang Seng Biotech Index,unchanged
1837,Hang Seng Biotech Index,Hang Seng Biotech Index,unchanged
1838,Hang Seng Biotech Index,Hang Seng Biotech Index,unchanged
1839,Hang Seng Biotech Index,Hang Seng Biotech Index,unchanged
1840,Hang Seng Composite Index,Hang Seng Composite Index,unchanged
1841,Hang Seng Composite Index,Hang Seng Composite Index,unchanged
1842,Hang Seng Composite Index,Hang Seng Composite Index,unchanged
1843,Hang Seng Index,Hang Seng Index,unchanged
1844,Hang Seng Index,Hang Seng Index,unchanged
1845,Hang Seng TECH Index,Hang Seng TECH Index,unchanged
1846,Hang Seng TECH Index,Hang Seng TECH Index,unchanged
1847,Hang Seng China Enterprises Index,Hang Seng China Enterprises Index,unchanged
1848,Hang Seng China Enterprises Index,Hang Seng China Enterprises Index,unchanged
1849,Hang Seng China Enterprises Index,Hang Seng China Enterprises Index,unchanged
1850,Hang Seng China Enterprises Index,Hang Seng China Enterprises Index,unchanged
1851,Hang Seng China Enterprises Index,Hang Seng China Enterprises Index,unchanged
1852,Hang Seng China Enterprises Index,Hang Seng China Enterprises Index,unchanged
1853,Hang Seng Composite Index,Hang Seng Composite Index,unchanged
1854,Hang Seng Composite Index,Hang Seng Composite Index,unchanged
1855,Hang Seng Composite Index,Hang Seng Composite Index,unchanged
1856,Hang Seng Composite Index,Hang Seng Composite Index,unchanged
1857,Hang Seng Composite Index,Hang Seng Composite Index,unchanged
1858,Hang Seng Composite Index,Hang Seng Composite Index,unchanged
1859,Hang Seng HKEX Stock Connect China Enterprises Index,Hang Seng HKEX Stock Connect China Enterprises Index,unchanged
1860,Hang Seng HKEX Stock Connect China Enterprises Index,Hang Seng HKEX Stock Connect China Enterprises Index,unchanged
1861,Hang Seng HKEX Stock Connect China Enterprises Index,Hang Seng HKEX Stock Connect China Enterprises Index,unchanged
1862,Hang Seng HKEX Stock Connect China Enterprises Index,Hang Seng HKEX Stock Connect China Enterprises Index,unchanged
1863,Hang Seng HKEX Stock Connect China Enterprises Index,Hang Seng HKEX Stock Connect China Enterprises Index,unchanged
1864,Hang Seng HKEX Stock Connect China Enterprises Index,Hang Seng HKEX Stock Connect China Enterprises Index,unchanged
1865,Hang Seng HKEX Stock Connect China Enterprises Index,Hang Seng HKEX Stock Connect China Enterprises Index,unchanged
1866,Hang Seng HKEX Stock Connect China Enterprises Index,Hang Seng HKEX Stock Connect China Enterprises Index,unchanged
1867,Hang Seng Index,Hang Seng Index,unchanged
1868,Hang Seng TECH Index,Hang Seng TECH Index,unchanged
1869,Hang Seng TECH Index,Hang Seng TECH Index,unchanged
1870,Hang Seng HKEX Stock Connect China Enterprises Index,Hang Seng HKEX Stock Connect China Enterprises Index,unchanged
1871,Hang Seng HKEX Stock Connect China Enterprises Index,Hang Seng HKEX Stock Connect China Enterprises Index,unchanged
1872,Hang Seng HKEX Stock Connect China Enterprises Index,Hang Seng HKEX Stock Connect China Enterprises Index,unchanged
1873,Hang Seng HKEX Stock Connect China Enterprises Index,Hang Seng HKEX Stock Connect China Enterprises Index,unchanged
1874,Hang Seng HKEX Stock Connect China Enterprises Index,Hang Seng HKEX Stock Connect China Enterprises Index,unchanged
1875,Hang Seng HKEX Stock Connect China Enterprises Index,Hang Seng HKEX Stock Connect China Enterprises Index,unchanged
1876,Hang Seng HKEX Stock Connect China Enterprises Index,Hang Seng HKEX Stock Connect China Enterprises Index,unchanged
1877,Hang Seng HKEX Stock Connect China Enterprises Index,Hang Seng HKEX Stock Connect China Enterprises Index,unchanged
